Clase,Orden,Familia,Especie,endemica,amenazada
Aves,Apodiformes,Apodidae,Streptoprocne rutila,FALSE,FALSE
Aves,Passeriformes,Thraupidae,Tangara gyrola,FALSE,FALSE
Aves,Passeriformes,Thraupidae,Tangara cyanotis,FALSE,FALSE
Aves,Passeriformes,Thraupidae,Tangara chrysotis,FALSE,FALSE
Aves,Passeriformes,Thraupidae,Tangara chilensis,FALSE,FALSE
Aves,Passeriformes,Thraupidae,Tangara arthus,FALSE,FALSE
Equisetopsida,Lamiales,Bignoniaceae,Tanaecium pyramidatum,FALSE,FALSE
Mammalia,Pilosa,Myrmecophagidae,Tamandua tetradactyla,FALSE,FALSE
Equisetopsida,Gleicheniales,Gleicheniaceae,Sticherus simplex,FALSE,FALSE
Aves,Passeriformes,Thraupidae,Tachyphonus rufus,FALSE,FALSE
Aves,Passeriformes,Hirundinidae,Tachycineta albiventer,FALSE,FALSE
Aves,Apodiformes,Apodidae,Tachornis squamata,FALSE,FALSE
Aves,Passeriformes,Furnariidae,Xiphorhynchus triangularis,FALSE,FALSE
Aves,Passeriformes,Furnariidae,Synallaxis albigularis,FALSE,FALSE
Equisetopsida,Fabales,Fabaceae,Tachigali peruviana,FALSE,FALSE
Equisetopsida,Gentianales,Apocynaceae,Tabernaemontana sananho,FALSE,FALSE
Equisetopsida,Lamiales,Bignoniaceae,Tabebuia aurea,FALSE,FALSE
Aves,Passeriformes,Furnariidae,Synallaxis azarae,FALSE,FALSE
Aves,Passeriformes,Furnariidae,Syndactyla subalaris,FALSE,FALSE
Aves,Passeriformes,Furnariidae,Syndactyla rufosuperciliata,FALSE,FALSE
Aves,Passeriformes,Furnariidae,Syndactyla ruficollis,FALSE,FALSE
Aves,Passeriformes,Furnariidae,Synallaxis unirufa,FALSE,FALSE
Aves,Passeriformes,Furnariidae,Synallaxis gujanensis,FALSE,FALSE
Aves,Passeriformes,Furnariidae,Synallaxis cherriei,FALSE,FALSE
Aves,Passeriformes,Furnariidae,Xiphorhynchus guttatus,FALSE,FALSE
Aves,Passeriformes,Furnariidae,Xiphorhynchus elegans,FALSE,FALSE
Aves,Passeriformes,Furnariidae,Xiphocolaptes promeropirhynchus,FALSE,FALSE
Equisetopsida,Malpighiales,Malpighiaceae,Stigmaphyllon argenteum,TRUE,FALSE
Equisetopsida,Commelinales,Haemodoraceae,Xiphidium caeruleum,FALSE,FALSE
Equisetopsida,Malpighiales,Malpighiaceae,Stigmaphyllon bogotense,FALSE,FALSE
Equisetopsida,Malpighiales,Malpighiaceae,Stigmaphyllon cardiophyllum,FALSE,FALSE
Aves,Passeriformes,Furnariidae,Xenops rutilans,FALSE,FALSE
Aves,Passeriformes,Furnariidae,Xenops minutus,FALSE,FALSE
Aves,Strigiformes,Strigidae,Xenoglaux loweryi,TRUE,TRUE
Equisetopsida,Malpighiales,Malpighiaceae,Stigmaphyllon sinuatum,FALSE,FALSE
Aves,Passeriformes,Furnariidae,Xenerpestes singularis,FALSE,FALSE
Equisetopsida,Polypodiales,Dryopteridaceae,Stigmatopteris pellucidopunctata,FALSE,FALSE
Aves,Passeriformes,Thraupidae,Stilpnia cayana,FALSE,FALSE
Aves,Passeriformes,Thraupidae,Stilpnia cyanicollis,FALSE,FALSE
Equisetopsida,Solanales,Solanaceae,Witheringia solanacea,FALSE,FALSE
Equisetopsida,Malvales,Malvaceae,Wissadula hernandioides,FALSE,FALSE
Equisetopsida,Oxalidales,Cunoniaceae,Weinmannia pinnata,FALSE,FALSE
Equisetopsida,Oxalidales,Cunoniaceae,Weinmannia macrophylla,FALSE,FALSE
Equisetopsida,Oxalidales,Cunoniaceae,Weinmannia balbisiana,FALSE,FALSE
Equisetopsida,Gentianales,Rubiaceae,Warszewiczia coccinea,FALSE,FALSE
Aves,Passeriformes,Thraupidae,Stilpnia viridicollis,FALSE,FALSE
Equisetopsida,Gentianales,Gentianaceae,Voyria aphylla,FALSE,FALSE
Aves,Passeriformes,Thraupidae,Volatinia jacarina,FALSE,FALSE
Equisetopsida,Myrtales,Vochysiaceae,Vochysia obscura,FALSE,FALSE
Equisetopsida,Myrtales,Vochysiaceae,Vochysia haenkeana,FALSE,FALSE
Equisetopsida,Malpighiales,Hypericaceae,Vismia pozuzoensis,FALSE,FALSE
Equisetopsida,Malpighiales,Hypericaceae,Vismia lauriformis,FALSE,FALSE
Equisetopsida,Malpighiales,Hypericaceae,Vismia gracilis,FALSE,FALSE
Equisetopsida,Malpighiales,Hypericaceae,Vismia floribunda,FALSE,FALSE
Equisetopsida,Malpighiales,Hypericaceae,Vismia cavanillesiana,FALSE,FALSE
Aves,Passeriformes,Vireonidae,Vireo olivaceus,FALSE,FALSE
Aves,Passeriformes,Vireonidae,Vireo leucophrys,FALSE,FALSE
Aves,Passeriformes,Vireonidae,Vireolanius leucotis,FALSE,FALSE
Equisetopsida,Dipsacales,Viburnaceae,Viburnum reticulatum,FALSE,FALSE
Equisetopsida,Dipsacales,Viburnaceae,Viburnum jelskii,FALSE,FALSE
Equisetopsida,Brassicales,Caricaceae,Vasconcellea microcarpa,FALSE,FALSE
Aves,Charadriiformes,Charadriidae,Vanellus resplendens,FALSE,FALSE
Aves,Charadriiformes,Charadriidae,Vanellus cayanus,FALSE,FALSE
Mammalia,Chiroptera,Phyllostomidae,Vampyriscus bidens,FALSE,FALSE
Aves,Apodiformes,Apodidae,Streptoprocne zonaris,FALSE,FALSE
Equisetopsida,Dipsacales,Caprifoliaceae,Valeriana adscendens,FALSE,FALSE
Equisetopsida,Sapindales,Sapindaceae,Urvillea ulmacea,FALSE,FALSE
Equisetopsida,Rosales,Urticaceae,Urtica leptophylla,FALSE,FALSE
Aves,Passeriformes,Passerellidae,Zonotrichia capensis,FALSE,FALSE
Equisetopsida,Santalales,Loranthaceae,Struthanthus orbicularis,FALSE,FALSE
Aves,Caprimulgiformes,Caprimulgidae,Uropsalis segmentata,FALSE,FALSE
Aves,Caprimulgiformes,Caprimulgidae,Uropsalis lyra,FALSE,FALSE
Equisetopsida,Rosales,Urticaceae,Urera simplex,FALSE,FALSE
Equisetopsida,Rosales,Urticaceae,Urera laciniata,FALSE,FALSE
Equisetopsida,Rosales,Urticaceae,Urera caracasana,FALSE,FALSE
Equisetopsida,Rosales,Urticaceae,Urera baccifera,FALSE,FALSE
Equisetopsida,Gentianales,Rubiaceae,Uncaria guianensis,FALSE,FALSE
Aves,Strigiformes,Tytonidae,Tyto alba,FALSE,FALSE
Aves,Passeriformes,Tyrannidae,Zimmerius villarejoi,TRUE,TRUE
Aves,Passeriformes,Tyrannidae,Tyrannus tyrannus,FALSE,FALSE
Aves,Passeriformes,Tyrannidae,Tyrannus melancholicus,FALSE,FALSE
Aves,Passeriformes,Tyrannidae,Tyrannulus elatus,FALSE,FALSE
Aves,Passeriformes,Tyrannidae,Tyrannopsis sulphurea,FALSE,FALSE
Aves,Passeriformes,Turdidae,Turdus serranus,FALSE,FALSE
Equisetopsida,Gentianales,Loganiaceae,Strychnos tarapotensis,FALSE,FALSE
Aves,Passeriformes,Turdidae,Turdus nigriceps,FALSE,FALSE
Aves,Passeriformes,Turdidae,Turdus leucops,FALSE,FALSE
Aves,Passeriformes,Turdidae,Turdus ignobilis,FALSE,FALSE
Aves,Passeriformes,Turdidae,Turdus hauxwelli,FALSE,FALSE
Aves,Passeriformes,Tyrannidae,Zimmerius chrysops,FALSE,FALSE
Aves,Passeriformes,Turdidae,Turdus fuscater,FALSE,FALSE
Equisetopsida,Asparagales,Orchidaceae,Zygopetalum maculatum,FALSE,FALSE
Aves,Passeriformes,Turdidae,Turdus albicollis,FALSE,FALSE
Aves,Columbiformes,Columbidae,Zentrygon frenata,FALSE,FALSE
Equisetopsida,Rosales,Moraceae,Trophis racemosa,FALSE,FALSE
Equisetopsida,Rosales,Moraceae,Trophis caucana,FALSE,FALSE
Aves,Trogoniformes,Trogonidae,Trogon viridis,FALSE,FALSE
Aves,Trogoniformes,Trogonidae,Trogon rufus,FALSE,FALSE
Aves,Trogoniformes,Trogonidae,Trogon ramonianus,FALSE,FALSE
Aves,Trogoniformes,Trogonidae,Trogon personatus,FALSE,FALSE
Aves,Trogoniformes,Trogonidae,Trogon melanurus,FALSE,FALSE
Aves,Trogoniformes,Trogonidae,Trogon curucui,FALSE,FALSE
Aves,Trogoniformes,Trogonidae,Trogon collaris,FALSE,FALSE
Aves,Passeriformes,Troglodytidae,Troglodytes solstitialis,FALSE,FALSE
Aves,Passeriformes,Troglodytidae,Troglodytes aedon,FALSE,FALSE
Equisetopsida,Asterales,Asteraceae,Trixis divaricata,FALSE,FALSE
Equisetopsida,Malvales,Malvaceae,Triumfetta lappula,FALSE,FALSE
Equisetopsida,Santalales,Loranthaceae,Tristerix longebracteatus,FALSE,FALSE
Equisetopsida,Caryophyllales,Polygonaceae,Triplaris setosa var. woytkowskii,FALSE,FALSE
Equisetopsida,Caryophyllales,Polygonaceae,Triplaris americana,FALSE,FALSE
Equisetopsida,Myrtales,Melastomataceae,Triolena pustulata,FALSE,FALSE
Aves,Charadriiformes,Scolopacidae,Tringa solitaria,FALSE,FALSE
Equisetopsida,Hymenophyllales,Hymenophyllaceae,Trichomanes rupestre,FALSE,FALSE
Equisetopsida,Hymenophyllales,Hymenophyllaceae,Trichomanes radicans,FALSE,FALSE
Equisetopsida,Hymenophyllales,Hymenophyllaceae,Trichomanes plumosum,FALSE,FALSE
Equisetopsida,Hymenophyllales,Hymenophyllaceae,Trichomanes accedens,FALSE,FALSE
Equisetopsida,Buxales,Buxaceae,Styloceras penninervium,TRUE,FALSE
Aves,Columbiformes,Columbidae,Zenaida auriculata,FALSE,FALSE
Equisetopsida,Sapindales,Meliaceae,Trichilia pallida,FALSE,FALSE
Equisetopsida,Solanales,Solanaceae,Trianaea speciosa,FALSE,FALSE
Mammalia,Carnivora,Ursidae,Tremarctos ornatus,FALSE,TRUE
Equisetopsida,Ericales,Primulaceae,Stylogyne micrantha,FALSE,FALSE
Equisetopsida,Rosales,Cannabaceae,Trema micranthum,FALSE,FALSE
Equisetopsida,Commelinales,Commelinaceae,Tradescantia zanonia,FALSE,FALSE
Equisetopsida,Sapindales,Rutaceae,Toxosiphon trifoliatus,FALSE,FALSE
Equisetopsida,Sapindales,Anacardiaceae,Toxicodendron striatum,FALSE,FALSE
Equisetopsida,Malpighiales,Clusiaceae,Tovomita weddelliana,FALSE,FALSE
Equisetopsida,Brassicales,Tovariaceae,Tovaria pendula,FALSE,FALSE
Equisetopsida,Lamiales,Bignoniaceae,Tourrettia lappacea,FALSE,FALSE
Equisetopsida,Boraginales,Heliotropiaceae,Tournefortia scabrida,FALSE,FALSE
Equisetopsida,Boraginales,Heliotropiaceae,Tournefortia foetidissima,FALSE,FALSE
Aves,Psittaciformes,Psittacidae,Touit stictopterus,FALSE,TRUE
Equisetopsida,Celastrales,Celastraceae,Tontelea mauritioides,FALSE,FALSE
Equisetopsida,Celastrales,Celastraceae,Tontelea emarginata,FALSE,FALSE
Equisetopsida,Fabales,Fabaceae,Zapoteca caracasana,FALSE,FALSE
Aves,Passeriformes,Tyrannidae,Tolmomyias sulphurescens,FALSE,FALSE
Equisetopsida,Sapindales,Rutaceae,Zanthoxylum sprucei,FALSE,FALSE
Aves,Passeriformes,Tyrannidae,Tolmomyias flaviventris,FALSE,FALSE
Equisetopsida,Sapindales,Rutaceae,Zanthoxylum huberi,FALSE,FALSE
Equisetopsida,Sapindales,Rutaceae,Zanthoxylum fagara,FALSE,FALSE
Aves,Passeriformes,Tyrannidae,Todirostrum cinereum,FALSE,FALSE
Aves,Passeriformes,Tyrannidae,Todirostrum chrysocrotaphum,FALSE,FALSE
Equisetopsida,Gentianales,Rubiaceae,Tocoyena pittieri,FALSE,FALSE
Aves,Passeriformes,Tityridae,Tityra semifasciata,FALSE,FALSE
Aves,Passeriformes,Tityridae,Tityra cayana,FALSE,FALSE
Aves,Tinamiformes,Tinamidae,Tinamus tao,FALSE,FALSE
Equisetopsida,Poales,Bromeliaceae,Tillandsia straminea,FALSE,FALSE
Equisetopsida,Poales,Bromeliaceae,Tillandsia ferreyrae,FALSE,FALSE
Aves,Pelecaniformes,Ardeidae,Tigrisoma fasciatum,FALSE,FALSE
Equisetopsida,Lamiales,Acanthaceae,Thunbergia alata,FALSE,FALSE
Aves,Passeriformes,Furnariidae,Thripophaga berlepschi,TRUE,TRUE
Aves,Passeriformes,Furnariidae,Thripadectes melanorhynchus,FALSE,FALSE
Aves,Passeriformes,Furnariidae,Thripadectes holostictus,FALSE,FALSE
Aves,Passeriformes,Thraupidae,Thraupis palmarum,FALSE,FALSE
Aves,Passeriformes,Thraupidae,Thraupis episcopus,FALSE,FALSE
Equisetopsida,Fabales,Fabaceae,Swartzia arborescens,FALSE,FALSE
Equisetopsida,Ericales,Ericaceae,Thibaudia densiflora,FALSE,FALSE
Equisetopsida,Ericales,Ericaceae,Thibaudia anomala,FALSE,FALSE
Equisetopsida,Gleicheniales,Gleicheniaceae,Sticherus bifidus,FALSE,FALSE
Equisetopsida,Malvales,Malvaceae,Theobroma cacao,FALSE,FALSE
Equisetopsida,Polypodiales,Thelypteridaceae,Thelypteris tristis,FALSE,FALSE
Equisetopsida,Fabales,Fabaceae,Swartzia myrtifolia var. peruviana,FALSE,FALSE
Equisetopsida,Polypodiales,Thelypteridaceae,Thelypteris decussata,FALSE,FALSE
Equisetopsida,Polypodiales,Thelypteridaceae,Thelypteris concinna,FALSE,FALSE
Equisetopsida,Fabales,Fabaceae,Swartzia simplex,FALSE,FALSE
Aves,Passeriformes,Thamnophilidae,Thamnophilus unicolor,FALSE,FALSE
Aves,Passeriformes,Thamnophilidae,Thamnophilus tenuepunctatus,FALSE,FALSE
Aves,Passeriformes,Thamnophilidae,Thamnophilus ruficapillus,FALSE,FALSE
Aves,Passeriformes,Thamnophilidae,Thamnophilus punctatus,FALSE,FALSE
Aves,Passeriformes,Thamnophilidae,Thamnophilus doliatus,FALSE,FALSE
Aves,Passeriformes,Thamnophilidae,Thamnophilus caerulescens,FALSE,FALSE
Aves,Passeriformes,Thamnophilidae,Thamnistes rufescens,FALSE,FALSE
Aves,Apodiformes,Trochilidae,Thalurania furcata,FALSE,FALSE
Equisetopsida,Malpighiales,Malpighiaceae,Tetrapterys discolor,FALSE,FALSE
Equisetopsida,Dilleniales,Dilleniaceae,Tetracera parviflora,FALSE,FALSE
Aves,Passeriformes,Thraupidae,Tersina viridis,FALSE,FALSE
Equisetopsida,Gentianales,Gentianaceae,Symbolanthus calygonus,FALSE,FALSE
Equisetopsida,Gentianales,Gentianaceae,Symbolanthus daturoides,FALSE,FALSE
Equisetopsida,Myrtales,Combretaceae,Terminalia amazonia,FALSE,FALSE
Equisetopsida,Fabales,Fabaceae,Tephrosia sinapou,FALSE,FALSE
Equisetopsida,Polypodiales,Tectariaceae,Tectaria incisa,FALSE,FALSE
Equisetopsida,Lamiales,Bignoniaceae,Tecoma rosifolia,FALSE,FALSE
Mammalia,Cetartiodactyla,Tayassuidae,Tayassu pecari,FALSE,FALSE
Aves,Passeriformes,Thamnophilidae,Taraba major,FALSE,FALSE
Equisetopsida,Malpighiales,Clusiaceae,Symphonia globulifera,FALSE,FALSE
Mammalia,Perissodactyla,Tapiridae,Tapirus terrestris,FALSE,FALSE
Equisetopsida,Asparagales,Orchidaceae,Xylobium pallidiflorum,FALSE,FALSE
Aves,Cuculiformes,Cuculidae,Tapera naevia,FALSE,FALSE
Aves,Passeriformes,Thraupidae,Tangara xanthocephala,FALSE,FALSE
Aves,Passeriformes,Thraupidae,Tangara vassorii,FALSE,FALSE
Aves,Passeriformes,Thraupidae,Tangara schrankii,FALSE,FALSE
Aves,Passeriformes,Thraupidae,Tangara parzudakii,FALSE,FALSE
Aves,Passeriformes,Thraupidae,Tangara nigroviridis,FALSE,FALSE
Aves,Passeriformes,Thraupidae,Tangara mexicana,FALSE,FALSE
Aves,Passeriformes,Thraupidae,Tangara labradorides,FALSE,FALSE
Equisetopsida,Piperales,Piperaceae,Piper longifolium,FALSE,FALSE
Aves,Pelecaniformes,Ardeidae,Egretta thula,FALSE,FALSE
Equisetopsida,Rosales,Rosaceae,Prunus amplifolia,FALSE,FALSE
Equisetopsida,Laurales,Siparunaceae,Siparuna schimpffii,FALSE,FALSE
Aves,Tinamiformes,Tinamidae,Crypturellus undulatus,FALSE,FALSE
Equisetopsida,Lamiales,Acanthaceae,Aphelandra ferreyrae,FALSE,FALSE
Equisetopsida,Ranunculales,Menispermaceae,Cissampelos andromorpha,FALSE,FALSE
Aves,Passeriformes,Thraupidae,Cissopis leverianus,FALSE,FALSE
Equisetopsida,Piperales,Piperaceae,Peperomia cardenasii,FALSE,FALSE
Equisetopsida,Asparagales,Orchidaceae,Maxillaria neowiedii,FALSE,FALSE
Equisetopsida,Piperales,Piperaceae,Peperomia bangii,FALSE,FALSE
Equisetopsida,Lamiales,Acanthaceae,Aphelandra montis-scalaris,FALSE,FALSE
Equisetopsida,Piperales,Piperaceae,Peperomia andicola,FALSE,FALSE
Equisetopsida,Zingiberales,Marantaceae,Monotagma plurispicatum,FALSE,FALSE
Equisetopsida,Piperales,Piperaceae,Peperomia alata,FALSE,FALSE
Equisetopsida,Asparagales,Orchidaceae,Maxillaria nasuta,FALSE,FALSE
Aves,Passeriformes,Thamnophilidae,Myrmotherula schisticolor,FALSE,FALSE
Equisetopsida,Myrtales,Melastomataceae,Miconia tococa,FALSE,FALSE
Equisetopsida,Laurales,Siparunaceae,Siparuna tomentosa,FALSE,FALSE
Aves,Tinamiformes,Tinamidae,Crypturellus tataupa,FALSE,FALSE
Equisetopsida,Asparagales,Orchidaceae,Maxillaria multifoliata,FALSE,FALSE
Equisetopsida,Vitales,Vitaceae,Cissus trianae,FALSE,FALSE
Aves,Passeriformes,Fringillidae,Euphonia xanthogaster,FALSE,FALSE
Equisetopsida,Vitales,Vitaceae,Cissus erosa,FALSE,FALSE
Aves,Passeriformes,Furnariidae,Lepidocolaptes lacrymiger,FALSE,FALSE
Equisetopsida,Poales,Poaceae,Sporobolus indicus,FALSE,FALSE
Equisetopsida,Rosales,Urticaceae,Coussapoa nitida,FALSE,FALSE
Equisetopsida,Cucurbitales,Cucurbitaceae,Cayaponia macrocalyx,FALSE,FALSE
Aves,Passeriformes,Thamnophilidae,Sciaphylax hemimelaena,FALSE,FALSE
Equisetopsida,Malpighiales,Malpighiaceae,Banisteriopsis muricata,FALSE,FALSE
Equisetopsida,Malvales,Malvaceae,Quararibea wittii,FALSE,FALSE
Mammalia,Rodentia,Caviidae,Cavia tschudii,FALSE,FALSE
Aves,Nyctibiiformes,Nyctibiidae,Nyctibius grandis,FALSE,FALSE
Equisetopsida,Polypodiales,Polypodiaceae,Pleopeltis macrocarpa,FALSE,FALSE
Aves,Accipitriformes,Accipitridae,Geranospiza caerulescens,FALSE,FALSE
Aves,Passeriformes,Furnariidae,Margarornis squamiger,FALSE,FALSE
Aves,Passeriformes,Tyrannidae,Empidonax alnorum,FALSE,FALSE
Mammalia,Carnivora,Canidae,Speothos venaticus,FALSE,FALSE
Equisetopsida,Ericales,Ericaceae,Cavendishia pubescens,FALSE,FALSE
Equisetopsida,Polypodiales,Dryopteridaceae,Polystichum platyphyllum,FALSE,FALSE
Aves,Passeriformes,Parulidae,Basileuterus tristriatus,FALSE,FALSE
Equisetopsida,Ericales,Ericaceae,Cavendishia bracteata,FALSE,FALSE
Equisetopsida,Gentianales,Rubiaceae,Palicourea luteovirescens,FALSE,FALSE
Equisetopsida,Fabales,Fabaceae,Inga nobilis subsp. quaternata,FALSE,FALSE
Equisetopsida,Ericales,Marcgraviaceae,Marcgravia williamsii,FALSE,FALSE
Equisetopsida,Lamiales,Gesneriaceae,Drymonia semicordata,FALSE,FALSE
Equisetopsida,Rosales,Urticaceae,Cecropia montana,FALSE,FALSE
Aves,Passeriformes,Tyrannidae,Mitrephanes olivaceus,FALSE,FALSE
Aves,Passeriformes,Tyrannidae,Empidonomus aurantioatrocristatus,FALSE,FALSE
Equisetopsida,Gentianales,Rubiaceae,Schizocalyx peruvianus,FALSE,FALSE
Aves,Passeriformes,Tyrannidae,Empidonomus varius,FALSE,FALSE
Equisetopsida,Ericales,Marcgraviaceae,Marcgravia weberbaueri,FALSE,FALSE
Equisetopsida,Gentianales,Rubiaceae,Notopleura triaxillaris,FALSE,FALSE
Equisetopsida,Gentianales,Rubiaceae,Palicourea luteonivea,FALSE,FALSE
Aves,Strigiformes,Strigidae,Glaucidium brasilianum,FALSE,FALSE
Equisetopsida,Gentianales,Rubiaceae,Palicourea longirostris,FALSE,FALSE
Equisetopsida,Myrtales,Melastomataceae,Adelobotrys adscendens,FALSE,FALSE
Equisetopsida,Fabales,Fabaceae,Indigofera suffruticosa,FALSE,FALSE
Equisetopsida,Rosales,Moraceae,Batocarpus orinocensis,FALSE,FALSE
Aves,Passeriformes,Turdidae,Catharus ustulatus,FALSE,FALSE
Aves,Nyctibiiformes,Nyctibiidae,Nyctibius griseus,FALSE,FALSE
Equisetopsida,Fabales,Fabaceae,Inga punctata,FALSE,FALSE
Equisetopsida,Gentianales,Rubiaceae,Schizocalyx condoricus,FALSE,FALSE
Aves,Passeriformes,Thraupidae,Dacnis lineata,FALSE,FALSE
Equisetopsida,Fabales,Polygalaceae,Monnina hirtella,FALSE,FALSE
Equisetopsida,Alismatales,Araceae,Monstera subpinnata,FALSE,FALSE
Aves,Strigiformes,Strigidae,Glaucidium jardinii,FALSE,FALSE
Equisetopsida,Myrtales,Melastomataceae,Meriania rugosa,FALSE,FALSE
Equisetopsida,Sapindales,Sapindaceae,Allophylus floribundus,FALSE,FALSE
Equisetopsida,Schizaeales,Schizaeaceae,Schizaea elegans,FALSE,FALSE
Equisetopsida,Ericales,Marcgraviaceae,Marcgravia crenata,FALSE,FALSE
Equisetopsida,Alismatales,Araceae,Monstera spruceana,FALSE,FALSE
Equisetopsida,Gentianales,Rubiaceae,Palicourea subfusca,FALSE,FALSE
Equisetopsida,Polypodiales,Pteridaceae,Polytaenium lineatum,FALSE,FALSE
Equisetopsida,Malpighiales,Malpighiaceae,Diplopterys pubipetala,FALSE,FALSE
Equisetopsida,Myrtales,Melastomataceae,Miconia punctata,FALSE,FALSE
Equisetopsida,Gentianales,Rubiaceae,Palicourea lasiantha,FALSE,FALSE
Equisetopsida,Poales,Poaceae,Alloteropsis cimicina,FALSE,FALSE
Aves,Passeriformes,Thraupidae,Sporathraupis cyanocephala,FALSE,FALSE
Equisetopsida,Malpighiales,Chrysobalanaceae,Couepia chrysocalyx,FALSE,FALSE
Aves,Passeriformes,Turdidae,Catharus maculatus,FALSE,FALSE
Equisetopsida,Cucurbitales,Begoniaceae,Begonia buddleiifolia,FALSE,FALSE
Equisetopsida,Malpighiales,Calophyllaceae,Marila laxiflora,FALSE,FALSE
Equisetopsida,Poales,Poaceae,Schizachyrium microstachyum,FALSE,FALSE
Equisetopsida,Dilleniales,Dilleniaceae,Davilla rugosa,FALSE,FALSE
Equisetopsida,Aquifoliales,Aquifoliaceae,Ilex teratopis,FALSE,FALSE
Equisetopsida,Cucurbitales,Begoniaceae,Begonia foliosa,FALSE,FALSE
Aves,Apodiformes,Trochilidae,Glaucis hirsutus,FALSE,FALSE
Equisetopsida,Malpighiales,Malpighiaceae,Diplopterys longialata,FALSE,FALSE
Equisetopsida,Aquifoliales,Aquifoliaceae,Ilex pustulosa,FALSE,FALSE
Equisetopsida,Gentianales,Rubiaceae,Notopleura macrophylla,FALSE,FALSE
Aves,Passeriformes,Turdidae,Catharus fuscater,FALSE,FALSE
Equisetopsida,Malpighiales,Clusiaceae,Marila nitida,TRUE,FALSE
Equisetopsida,Cucurbitales,Begoniaceae,Begonia glabra,FALSE,FALSE
Equisetopsida,Gentianales,Rubiaceae,Palicourea subspicata,FALSE,FALSE
Equisetopsida,Cucurbitales,Begoniaceae,Begonia guaduensis,FALSE,FALSE
Equisetopsida,Aquifoliales,Aquifoliaceae,Ilex nervosa,FALSE,FALSE
Aves,Passeriformes,Thraupidae,Schistochlamys melanopis,FALSE,FALSE
Equisetopsida,Lamiales,Gesneriaceae,Glossoloma medusaeum,FALSE,FALSE
Equisetopsida,Cucurbitales,Begoniaceae,Begonia parviflora,FALSE,FALSE
Aves,Passeriformes,Tyrannidae,Pyrrhomyias cinnamomeus,FALSE,FALSE
Equisetopsida,Asterales,Asteraceae,Schistocarpha eupatorioides,FALSE,FALSE
Equisetopsida,Gentianales,Rubiaceae,Palicourea sulphurea,FALSE,FALSE
Equisetopsida,Laurales,Lauraceae,Aiouea tomentella,FALSE,FALSE
Equisetopsida,Gentianales,Rubiaceae,Palicourea hollinensis,FALSE,FALSE
Equisetopsida,Sapindales,Meliaceae,Cedrela nebulosa,FALSE,FALSE
Equisetopsida,Asterales,Asteraceae,Baccharis venosa,FALSE,FALSE
Aves,Passeriformes,Cardinalidae,Piranga leucoptera,FALSE,FALSE
Aves,Accipitriformes,Accipitridae,Geranoaetus melanoleucus,FALSE,FALSE
Equisetopsida,Gentianales,Rubiaceae,Palicourea tenerior,FALSE,FALSE
Aves,Cathartiformes,Cathartidae,Cathartes melambrotus,FALSE,FALSE
Equisetopsida,Malpighiales,Malpighiaceae,Diplopterys caduciflora,FALSE,FALSE
Aves,Apodiformes,Trochilidae,Schistes geoffroyi,FALSE,FALSE
Equisetopsida,Aquifoliales,Aquifoliaceae,Ilex laurina,FALSE,FALSE
Equisetopsida,Gentianales,Rubiaceae,Palicourea thyrsiflora,FALSE,FALSE
Aves,Passeriformes,Thraupidae,Diglossa caerulescens,FALSE,FALSE
Equisetopsida,Alismatales,Araceae,Philodendron hylaeae,FALSE,FALSE
Equisetopsida,Aquifoliales,Aquifoliaceae,Ilex juttana,FALSE,FALSE
Equisetopsida,Gentianales,Rubiaceae,Palicourea tomentosa,FALSE,FALSE
Equisetopsida,Myrtales,Melastomataceae,Meriania speciosa,FALSE,FALSE
Equisetopsida,Cucurbitales,Begoniaceae,Begonia subciliata,FALSE,FALSE
Equisetopsida,Cucurbitales,Begoniaceae,Begonia urticae,FALSE,FALSE
Equisetopsida,Sapindales,Meliaceae,Cedrela odorata,FALSE,TRUE
Aves,Passeriformes,Furnariidae,Glyphorynchus spirurus,FALSE,FALSE
Equisetopsida,Asterales,Asteraceae,Munnozia senecionidis,FALSE,FALSE
Equisetopsida,Malpighiales,Malpighiaceae,Banisteriopsis padifolia,FALSE,FALSE
Equisetopsida,Asterales,Asteraceae,Baccharis trinervis,FALSE,FALSE
Equisetopsida,Cucurbitales,Begoniaceae,Begonia wurdackii,FALSE,FALSE
Equisetopsida,Lamiales,Gesneriaceae,Drymonia urceolata,FALSE,FALSE
Equisetopsida,Laurales,Lauraceae,Beilschmiedia costaricensis,FALSE,FALSE
Equisetopsida,Polypodiales,Pteridaceae,Radiovittaria moritziana,FALSE,FALSE
Equisetopsida,Laurales,Lauraceae,Endlicheria bracteata,FALSE,FALSE
Equisetopsida,Gentianales,Rubiaceae,Notopleura epiphytica,FALSE,FALSE
Equisetopsida,Aquifoliales,Aquifoliaceae,Ilex gabrielleana,FALSE,FALSE
Equisetopsida,Apiales,Araliaceae,Sciodaphyllum pentandrum,FALSE,FALSE
Equisetopsida,Solanales,Solanaceae,Datura aurea,FALSE,FALSE
Equisetopsida,Gentianales,Rubiaceae,Palicourea gomezii,FALSE,FALSE
Equisetopsida,Lamiales,Gesneriaceae,Drymonia warszewicziana,FALSE,FALSE
Equisetopsida,Lamiales,Bignoniaceae,Pyrostegia venusta,FALSE,FALSE
Equisetopsida,Polypodiales,Pteridaceae,Radiovittaria stipitata,FALSE,FALSE
Equisetopsida,Lamiales,Acanthaceae,Stenostephanus sprucei,FALSE,FALSE
Equisetopsida,Ericales,Ericaceae,Bejaria aestuans,FALSE,FALSE
Equisetopsida,Gentianales,Rubiaceae,Palicourea triphylla,FALSE,FALSE
Equisetopsida,Gentianales,Rubiaceae,Geophila repens,FALSE,FALSE
Equisetopsida,Gentianales,Rubiaceae,Geophila cordifolia,FALSE,FALSE
Aves,Cathartiformes,Cathartidae,Cathartes aura,FALSE,FALSE
Aves,Passeriformes,Cotingidae,Pyroderus scutatus,FALSE,FALSE
Equisetopsida,Ericales,Ericaceae,Bejaria resinosa,FALSE,FALSE
Equisetopsida,Ericales,Ericaceae,Bejaria sprucei,FALSE,FALSE
Equisetopsida,Asterales,Asteraceae,Gochnatia vernonioides,FALSE,FALSE
Aves,Passeriformes,Tityridae,Schiffornis turdina,FALSE,FALSE
Aves,Piciformes,Ramphastidae,Ramphastos ambiguus,FALSE,FALSE
Equisetopsida,Cyatheales,Cyatheaceae,Cyathea poeppigii,FALSE,FALSE
Equisetopsida,Myrtales,Melastomataceae,Bellucia mespiloides,FALSE,FALSE
Mammalia,Primates,Atelidae,Alouatta seniculus,FALSE,TRUE
Equisetopsida,Myrtales,Melastomataceae,Bellucia pentamera,FALSE,FALSE
Equisetopsida,Alismatales,Araceae,Monstera pinnatipartita,FALSE,FALSE
Equisetopsida,Zingiberales,Marantaceae,Goeppertia microcephalum,FALSE,FALSE
Equisetopsida,Gentianales,Rubiaceae,Palicourea deflexa,FALSE,FALSE
Equisetopsida,Gentianales,Rubiaceae,Palicourea cutucuana,FALSE,FALSE
Equisetopsida,Asparagales,Orchidaceae,Ponthieva fertilis,FALSE,FALSE
Aves,Accipitriformes,Accipitridae,Ictinia plumbea,FALSE,FALSE
Equisetopsida,Malpighiales,Malpighiaceae,Banisteriopsis polygama,FALSE,FALSE
Aves,Passeriformes,Cardinalidae,Piranga flava,FALSE,FALSE
Equisetopsida,Gentianales,Rubiaceae,Palicourea croceoides,FALSE,FALSE
Equisetopsida,Zingiberales,Marantaceae,Goeppertia squarrosa,FALSE,FALSE
Equisetopsida,Malvales,Malvaceae,Ceiba insignis,FALSE,FALSE
Equisetopsida,Gentianales,Rubiaceae,Coussarea obliqua,FALSE,FALSE
Equisetopsida,Gentianales,Rubiaceae,Palicourea conferta,FALSE,FALSE
Mammalia,Primates,Cebidae,Cebus (Sapajus) apella,FALSE,FALSE
Aves,Passeriformes,Thraupidae,Sporophila angolensis,FALSE,FALSE
Equisetopsida,Gentianales,Rubiaceae,Palicourea conephoroides,FALSE,FALSE
Aves,Passeriformes,Thamnophilidae,Sclateria naevia,FALSE,FALSE
Equisetopsida,Laurales,Lauraceae,Endlicheria metallica,FALSE,FALSE
Aves,Passeriformes,Icteridae,Icterus chrysocephalus,FALSE,FALSE
Aves,Passeriformes,Tyrannidae,Pyrocephalus rubinus,FALSE,FALSE
Aves,Passeriformes,Thraupidae,Catamblyrhynchus diadema,FALSE,FALSE
Equisetopsida,Malpighiales,Malpighiaceae,Banisteriopsis martiniana,FALSE,FALSE
Aves,Passeriformes,Icteridae,Icterus cayanensis,FALSE,FALSE
Aves,Passeriformes,Polioptilidae,Ramphocaenus melanurus,FALSE,FALSE
Equisetopsida,Laurales,Lauraceae,Endlicheria paniculata,FALSE,FALSE
Equisetopsida,Arecales,Arecaceae,Geonoma sanmartinensis,FALSE,FALSE
Equisetopsida,Gentianales,Rubiaceae,Manettia divaricata,FALSE,FALSE
Equisetopsida,Gentianales,Rubiaceae,Palicourea coerulea,FALSE,FALSE
Equisetopsida,Gentianales,Rubiaceae,Manettia cordifolia,FALSE,FALSE
Equisetopsida,Asterales,Asteraceae,Munnozia hastifolia,FALSE,FALSE
Equisetopsida,Gentianales,Rubiaceae,Palicourea winkleri,FALSE,FALSE
Equisetopsida,Poales,Cyperaceae,Scleria latifolia,FALSE,FALSE
Equisetopsida,Lamiales,Orobanchaceae,Castilleja cerroana,FALSE,FALSE
Equisetopsida,Asterales,Asteraceae,Munnozia gigantea,FALSE,FALSE
Equisetopsida,Poales,Poaceae,Ichnanthus lancifolius,FALSE,FALSE
Equisetopsida,Arecales,Arecaceae,Geonoma orbignyana subsp. orbignyana,FALSE,FALSE
Aves,Falconiformes,Falconidae,Ibycter americanus,FALSE,FALSE
Aves,Passeriformes,Thraupidae,Ramphocelus carbo,FALSE,FALSE
Equisetopsida,Gentianales,Apocynaceae,Mandevilla vanheurckii,FALSE,FALSE
Equisetopsida,Dilleniales,Dilleniaceae,Doliocarpus dentatus,FALSE,FALSE
Equisetopsida,Alismatales,Araceae,Philodendron guttiferum,FALSE,FALSE
Aves,Passeriformes,Tyrannidae,Sayornis nigricans,FALSE,FALSE
Equisetopsida,Gentianales,Apocynaceae,Mandevilla subsagittata,FALSE,FALSE
Aves,Piciformes,Picidae,Celeus elegans,FALSE,FALSE
Equisetopsida,Gentianales,Apocynaceae,Mandevilla rugellosa,FALSE,FALSE
Equisetopsida,Fabales,Fabaceae,Biancaea decapetala,FALSE,FALSE
Equisetopsida,Lamiales,Lamiaceae,Hyptis odorata,FALSE,FALSE
Equisetopsida,Arecales,Arecaceae,Geonoma orbignyana,FALSE,FALSE
Aves,Passeriformes,Tyrannidae,Casiornis rufus,FALSE,FALSE
Equisetopsida,Asterales,Asteraceae,Achyrocline satureioides,FALSE,FALSE
Aves,Tinamiformes,Tinamidae,Nothocercus nigrocapillus,FALSE,FALSE
Equisetopsida,Gentianales,Rubiaceae,Palicourea axillaris,FALSE,FALSE
Equisetopsida,Malpighiales,Salicaceae,Casearia sylvestris,FALSE,FALSE
Aves,Passeriformes,Thraupidae,Diglossa glauca,FALSE,FALSE
Equisetopsida,Gentianales,Rubiaceae,Coussarea tortilis,FALSE,FALSE
Aves,Piciformes,Picidae,Celeus flavus,FALSE,FALSE
Equisetopsida,Rosales,Urticaceae,Cecropia angustifolia,FALSE,FALSE
Aves,Passeriformes,Thraupidae,Ramphocelus melanogaster,TRUE,FALSE
Equisetopsida,Solanales,Solanaceae,Physalis angulata,FALSE,FALSE
Equisetopsida,Arecales,Arecaceae,Geonoma euspatha,FALSE,FALSE
Aves,Passeriformes,Thraupidae,Diglossa albilatera,FALSE,FALSE
Equisetopsida,Polypodiales,Polypodiaceae,Polypodium caceresii,FALSE,FALSE
Equisetopsida,Myrtales,Melastomataceae,Graffenrieda cucullata,FALSE,FALSE
Aves,Passeriformes,Furnariidae,Deconychura longicauda,FALSE,FALSE
Equisetopsida,Malpighiales,Salicaceae,Casearia pitumba,FALSE,FALSE
Equisetopsida,Ericales,Actinidiaceae,Saurauia prainiana,FALSE,FALSE
Equisetopsida,Malpighiales,Salicaceae,Casearia nigricans,FALSE,FALSE
Equisetopsida,Laurales,Lauraceae,Endlicheria szyszylowiczii,FALSE,FALSE
Equisetopsida,Ericales,Actinidiaceae,Saurauia peruviana,FALSE,FALSE
Equisetopsida,Gentianales,Gentianaceae,Gentianella violacea,TRUE,FALSE
Equisetopsida,Myrtales,Melastomataceae,Graffenrieda emarginata,FALSE,FALSE
Equisetopsida,Caryophyllales,Amaranthaceae,Celosia grandifolia,FALSE,FALSE
Equisetopsida,Malpighiales,Salicaceae,Casearia fasciculata,FALSE,FALSE
Equisetopsida,Malpighiales,Salicaceae,Casearia decandra,FALSE,FALSE
Equisetopsida,Myrtales,Melastomataceae,Graffenrieda gracilis,FALSE,FALSE
Equisetopsida,Ericales,Ericaceae,Satyria warszewiczii,FALSE,FALSE
Aves,Passeriformes,Thamnophilidae,Pyriglena maura,FALSE,FALSE
Equisetopsida,Myrtales,Melastomataceae,Graffenrieda limbata,FALSE,FALSE
Equisetopsida,Rosales,Cannabaceae,Celtis iguanaea,FALSE,TRUE
Equisetopsida,Solanales,Convolvulaceae,Ipomoea quamoclit,FALSE,FALSE
Equisetopsida,Malvales,Bixaceae,Bixa platycarpa,FALSE,FALSE
Equisetopsida,Caryophyllales,Amaranthaceae,Alternanthera mexicana,FALSE,FALSE
Equisetopsida,Lamiales,Gesneriaceae,Corytoplectus speciosus,FALSE,FALSE
Equisetopsida,Ericales,Marcgraviaceae,Souroubea didyma,FALSE,FALSE
Equisetopsida,Myrtales,Melastomataceae,Blakea campii,FALSE,FALSE
Equisetopsida,Alismatales,Araceae,Philodendron ernestii,FALSE,FALSE
Equisetopsida,Myrtales,Melastomataceae,Blakea hirsutissima,FALSE,FALSE
Equisetopsida,Myrtales,Melastomataceae,Blakea latifolia,FALSE,FALSE
Equisetopsida,Myrtales,Melastomataceae,Blakea leoniae,TRUE,FALSE
Equisetopsida,Myrtales,Melastomataceae,Blakea multiflora,FALSE,FALSE
Equisetopsida,Malpighiales,Salicaceae,Casearia arborea,FALSE,FALSE
Equisetopsida,Myrtales,Melastomataceae,Graffenrieda miconioides,FALSE,FALSE
Equisetopsida,Myrtales,Melastomataceae,Blakea ovalis,FALSE,FALSE
Aves,Passeriformes,Tyrannidae,Ochthoeca cinnamomeiventris,FALSE,FALSE
Equisetopsida,Gentianales,Gentianaceae,Gentianella quipuscoana,FALSE,FALSE
Equisetopsida,Malpighiales,Salicaceae,Casearia aculeata,FALSE,FALSE
Equisetopsida,Myrtales,Melastomataceae,Blakea repens,FALSE,FALSE
Equisetopsida,Gentianales,Apocynaceae,Cascabela thevetia,FALSE,FALSE
Aves,Accipitriformes,Accipitridae,Spizaetus melanoleucus,FALSE,FALSE
Equisetopsida,Gentianales,Rubiaceae,Palicourea acuminata,FALSE,FALSE
Aves,Passeriformes,Grallariidae,Grallaria blakei,TRUE,FALSE
Equisetopsida,Malpighiales,Euphorbiaceae,Caryodendron janeirense,FALSE,FALSE
Equisetopsida,Myrtales,Melastomataceae,Blakea spruceana,FALSE,FALSE
Equisetopsida,Myrtales,Melastomataceae,Blakea standleyana,TRUE,FALSE
Aves,Passeriformes,Fringillidae,Spinus psaltria,FALSE,FALSE
Equisetopsida,Asterales,Asteraceae,Mutisia wurdackii,FALSE,FALSE
Aves,Passeriformes,Grallariidae,Grallaria carrikeri,TRUE,FALSE
Equisetopsida,Malvales,Malvaceae,Ayenia hirsuta,FALSE,FALSE
Aves,Passeriformes,Grallariidae,Grallaria guatimalensis,FALSE,FALSE
Aves,Passeriformes,Grallariidae,Grallaria przewalskii,TRUE,FALSE
Equisetopsida,Laurales,Lauraceae,Aiouea montana,FALSE,FALSE
Equisetopsida,Gentianales,Gentianaceae,Gentianella decemnectaria,FALSE,FALSE
Equisetopsida,Gentianales,Gentianaceae,Gentianella chamuchui,FALSE,FALSE
Equisetopsida,Polypodiales,Dennstaedtiaceae,Hypolepis parallelogramma,FALSE,FALSE
Equisetopsida,Gentianales,Rubiaceae,Pagamea guianensis,FALSE,FALSE
Aves,Passeriformes,Turdidae,Myadestes ralloides,FALSE,FALSE
Equisetopsida,Proteales,Sabiaceae,Meliosma boliviensis,FALSE,FALSE
Equisetopsida,Polypodiales,Blechnaceae,Blechnum divergens,FALSE,FALSE
Equisetopsida,Polypodiales,Blechnaceae,Blechnum ensiforme,FALSE,FALSE
Equisetopsida,Lamiales,Gesneriaceae,Drymonia oxysepala,FALSE,FALSE
Equisetopsida,Polypodiales,Blechnaceae,Blechnum fragile,FALSE,FALSE
Aves,Passeriformes,Hirundinidae,Pygochelidon cyanoleuca,FALSE,FALSE
Equisetopsida,Polypodiales,Blechnaceae,Blechnum gracile,FALSE,FALSE
Aves,Psittaciformes,Psittacidae,Pionus menstruus,FALSE,FALSE
Equisetopsida,Caryophyllales,Amaranthaceae,Iresine diffusa,FALSE,FALSE
Aves,Apodiformes,Trochilidae,Ensifera ensifera,FALSE,FALSE
Equisetopsida,Polypodiales,Blechnaceae,Blechnum occidentale,FALSE,FALSE
Equisetopsida,Celastrales,Celastraceae,Maytenus ebenifolia,FALSE,FALSE
Aves,Passeriformes,Thamnophilidae,Hypocnemoides maculicauda,FALSE,FALSE
Equisetopsida,Poales,Eriocaulaceae,Paepalanthus fluviatilis,FALSE,FALSE
Equisetopsida,Poales,Eriocaulaceae,Paepalanthus ferreyrae,FALSE,FALSE
Equisetopsida,Gentianales,Asclepiadaceae,Blepharodon pictus,FALSE,FALSE
Aves,Apodiformes,Trochilidae,Elliotomyia chionogaster,FALSE,FALSE
Aves,Passeriformes,Hirundinidae,Stelgidopteryx ruficollis,FALSE,FALSE
Reptilia,Serpentes,Boidae,Boa constrictor,FALSE,FALSE
Aves,Passeriformes,Grallariidae,Grallaricula flavirostris,FALSE,FALSE
Aves,Gruiformes,Rallidae,Porphyrio martinica,FALSE,FALSE
Equisetopsida,Poales,Eriocaulaceae,Paepalanthus ensifolius,FALSE,FALSE
Aves,Passeriformes,Grallariidae,Grallaricula leymebambae,FALSE,FALSE
Aves,Passeriformes,Grallariidae,Grallaricula ochraceifrons,TRUE,TRUE
Equisetopsida,Polypodiales,Polypodiaceae,Grammitis immixta,FALSE,FALSE
Equisetopsida,Myrtales,Melastomataceae,Centronia reticulata,FALSE,FALSE
Equisetopsida,Polypodiales,Polypodiaceae,Pleopeltis remota,FALSE,FALSE
Equisetopsida,Asterales,Campanulaceae,Centropogon alsophilus,FALSE,FALSE
Equisetopsida,Ranunculales,Ranunculaceae,Ranunculus gigas,TRUE,FALSE
Equisetopsida,Ranunculales,Papaveraceae,Bocconia frutescens,FALSE,FALSE
Aves,Ciconiiformes,Ciconiidae,Mycteria americana,FALSE,FALSE
Equisetopsida,Fabales,Fabaceae,Entada polystachya,FALSE,FALSE
Aves,Galbuliformes,Bucconidae,Nonnula ruficapilla,FALSE,FALSE
Equisetopsida,Gentianales,Rubiaceae,Genipa americana,FALSE,FALSE
Aves,Passeriformes,Turdidae,Entomodestes leucotis,FALSE,FALSE
Equisetopsida,Asterales,Campanulaceae,Centropogon cornutus,FALSE,FALSE
Equisetopsida,Asterales,Asteraceae,Hypochaeris graminea,FALSE,FALSE
Equisetopsida,Lamiales,Lamiaceae,Aegiphila integrifolia,FALSE,FALSE
Equisetopsida,Lamiales,Plantaginaceae,Scoparia dulcis,FALSE,FALSE
Equisetopsida,Rosales,Urticaceae,Boehmeria ulmifolia,FALSE,FALSE
Equisetopsida,Lamiales,Lamiaceae,Scutellaria aurata,FALSE,FALSE
Aves,Passeriformes,Furnariidae,Cranioleuca curtata,FALSE,FALSE
Equisetopsida,Fabales,Polygalaceae,Monnina amplibracteata,FALSE,FALSE
Equisetopsida,Asparagales,Orchidaceae,Sarcoglottis neglecta,FALSE,FALSE
Equisetopsida,Ericales,Lecythidaceae,Grias peruviana,FALSE,FALSE
Aves,Passeriformes,Tyrannidae,Ochthoeca pulchella,FALSE,FALSE
Equisetopsida,Lamiales,Lamiaceae,Scutellaria coccinea,FALSE,FALSE
Aves,Passeriformes,Thraupidae,Iridophanes pulcherrimus,FALSE,FALSE
Aves,Passeriformes,Thraupidae,Iridosornis analis,FALSE,FALSE
Aves,Apodiformes,Trochilidae,Boissonneaua matthewsii,FALSE,FALSE
Equisetopsida,Malpighiales,Malpighiaceae,Alicia anisopetala,FALSE,FALSE
Aves,Passeriformes,Furnariidae,Automolus subulatus,FALSE,FALSE
Equisetopsida,Rosales,Moraceae,Sorocea steinbachii,FALSE,FALSE
Equisetopsida,Asterales,Campanulaceae,Centropogon dillonii,FALSE,FALSE
Equisetopsida,Lamiales,Acanthaceae,Pachystachys spicata,FALSE,FALSE
Equisetopsida,Asterales,Campanulaceae,Centropogon featherstonei,TRUE,FALSE
Aves,Psittaciformes,Psittacidae,Pionus sordidus,FALSE,FALSE
Equisetopsida,Asterales,Campanulaceae,Centropogon gamosepalus,FALSE,FALSE
Aves,Passeriformes,Thraupidae,Iridosornis reinhardti,TRUE,FALSE
Mammalia,Carnivora,Felidae,Panthera onca,FALSE,FALSE
Equisetopsida,Gentianales,Gentianaceae,Irlbachia alata subsp. alata,FALSE,FALSE
Equisetopsida,Sapindales,Sapindaceae,Cardiospermum grandiflorum,FALSE,FALSE
Aves,Apodiformes,Trochilidae,Aglaiocercus kingi,FALSE,FALSE
Aves,Passeriformes,Tityridae,Pachyramphus viridis,FALSE,FALSE
Aves,Passeriformes,Tyrannidae,Ochthornis littoralis,FALSE,FALSE
Equisetopsida,Lamiales,Lamiaceae,Aegiphila peruviana,FALSE,FALSE
Equisetopsida,Sapindales,Meliaceae,Guarea guidonia,FALSE,FALSE
Aves,Passeriformes,Furnariidae,Automolus rufipileatus,FALSE,FALSE
Equisetopsida,Ericales,Ericaceae,Disterigma acuminatum,FALSE,FALSE
Equisetopsida,Asterales,Campanulaceae,Centropogon granulosus,FALSE,FALSE
Aves,Passeriformes,Parulidae,Cardellina canadensis,FALSE,FALSE
Aves,Galbuliformes,Bucconidae,Malacoptila fusca,FALSE,FALSE
Aves,Passeriformes,Tityridae,Pachyramphus versicolor,FALSE,FALSE
Equisetopsida,Sapindales,Meliaceae,Guarea kunthiana,FALSE,FALSE
Equisetopsida,Sapindales,Rutaceae,Ravenia biramosa,FALSE,FALSE
Equisetopsida,Asterales,Campanulaceae,Centropogon silvaticus,FALSE,FALSE
Aves,Passeriformes,Tyrannidae,Myiarchus cephalotes,FALSE,FALSE
Aves,Passeriformes,Tityridae,Pachyramphus polychopterus,FALSE,FALSE
Equisetopsida,Malpighiales,Euphorbiaceae,Sapium glandulosum,FALSE,FALSE
Aves,Passeriformes,Cardinalidae,Piranga olivacea,FALSE,FALSE
Aves,Passeriformes,Furnariidae,Automolus ochrolaemus,FALSE,FALSE
Equisetopsida,Lamiales,Lamiaceae,Ocimum campechianum,FALSE,FALSE
Aves,Apodiformes,Trochilidae,Adelomyia melanogenys,FALSE,FALSE
Equisetopsida,Sapindales,Meliaceae,Guarea macrophylla,FALSE,FALSE
Aves,Passeriformes,Thraupidae,Diglossa sittoides,FALSE,FALSE
Aves,Coraciiformes,Momotidae,Momotus momota,FALSE,FALSE
Aves,Passeriformes,Thraupidae,Sphenopsis frontalis,FALSE,FALSE
Equisetopsida,Sapindales,Meliaceae,Guarea pubescens,FALSE,FALSE
Aves,Galbuliformes,Bucconidae,Malacoptila fulvogularis,FALSE,FALSE
Equisetopsida,Magnoliales,Myristicaceae,Iryanthera lancifolia,FALSE,FALSE
Equisetopsida,Laurales,Lauraceae,Ocotea aciphylla,FALSE,FALSE
Equisetopsida,Gentianales,Rubiaceae,Schradera subandina,FALSE,FALSE
Equisetopsida,Malvales,Malvaceae,Malachra ruderalis,FALSE,FALSE
Equisetopsida,Liliales,Alstroemeriaceae,Bomarea nervosa,FALSE,FALSE
Aves,Passeriformes,Tyrannidae,Capsiempis flaveola,FALSE,FALSE
Equisetopsida,Polypodiales,Pteridaceae,Pityrogramma trifoliata,FALSE,FALSE
Equisetopsida,Apiales,Apiaceae,Sanicula liberta,FALSE,FALSE
Equisetopsida,Solanales,Solanaceae,Capsicum frutescens,FALSE,FALSE
Equisetopsida,Lamiales,Acanthaceae,Cephalacanthus maculatus,FALSE,FALSE
Equisetopsida,Lamiales,Acanthaceae,Sanchezia wurdackii,FALSE,FALSE
Equisetopsida,Magnoliales,Annonaceae,Guatteria arenicola,FALSE,FALSE
Equisetopsida,Lamiales,Acanthaceae,Sanchezia scandens,FALSE,FALSE
Aves,Passeriformes,Rhinocryptidae,Scytalopus atratus,FALSE,FALSE
Equisetopsida,Asparagales,Orchidaceae,Elleanthus graminifolius,FALSE,FALSE
Equisetopsida,Asparagales,Orchidaceae,Maxillaria scorpioidea,TRUE,FALSE
Equisetopsida,Picramniales,Picramniaceae,Picramnia latifolia,FALSE,FALSE
Equisetopsida,Magnoliales,Annonaceae,Guatteria griseifolia,FALSE,FALSE
Aves,Piciformes,Capitonidae,Capito aurovirens,FALSE,FALSE
Aves,Passeriformes,Rhinocryptidae,Scytalopus femoralis,TRUE,FALSE
Equisetopsida,Malpighiales,Bonnetiaceae,Bonnetia paniculata,FALSE,FALSE
Equisetopsida,Magnoliales,Annonaceae,Guatteria hirsuta,FALSE,FALSE
Equisetopsida,Arecales,Arecaceae,Hyospathe elegans,FALSE,FALSE
Aves,Passeriformes,Tityridae,Pachyramphus castaneus,FALSE,FALSE
Equisetopsida,Polypodiales,Athyriaceae,Diplazium tungurahuae,FALSE,FALSE
Aves,Passeriformes,Cotingidae,Cephalopterus ornatus,FALSE,FALSE
Aves,Piciformes,Capitonidae,Capito auratus,FALSE,FALSE
Equisetopsida,Lamiales,Acanthaceae,Sanchezia oblonga,FALSE,FALSE
Equisetopsida,Zingiberales,Zingiberaceae,Renealmia thyrsoidea subsp. thyrsoidea,FALSE,FALSE
Equisetopsida,Myrtales,Melastomataceae,Miconia calvescens,FALSE,FALSE
Equisetopsida,Ericales,Primulaceae,Cybianthus minutiflorus,FALSE,FALSE
Equisetopsida,Lamiales,Acanthaceae,Sanchezia macrocnemis,FALSE,FALSE
Equisetopsida,Magnoliales,Annonaceae,Guatteria punctata,FALSE,FALSE
Equisetopsida,Lamiales,Acanthaceae,Sanchezia longiflora,FALSE,FALSE
Equisetopsida,Lamiales,Acanthaceae,Sanchezia klugii,FALSE,FALSE
Equisetopsida,Cornales,Cornaceae,Cornus peruviana,FALSE,FALSE
Aves,Passeriformes,Tyrannidae,Myiarchus ferox,FALSE,FALSE
Aves,Passeriformes,Tityridae,Pachyramphus albogriseus,FALSE,FALSE
Equisetopsida,Hymenophyllales,Hymenophyllaceae,Hymenophyllum trichomanoides,FALSE,FALSE
Reptilia,Serpentes,Viperidae,Bothrops atrox,FALSE,FALSE
Aves,Strigiformes,Strigidae,Megascops watsonii,FALSE,FALSE
Equisetopsida,Magnoliales,Magnoliaceae,Magnolia bankardiorum,FALSE,TRUE
Reptilia,Serpentes,Viperidae,Bothrops barnetti,TRUE,TRUE
Equisetopsida,Gentianales,Rubiaceae,Retiniphyllum concolor,FALSE,FALSE
Reptilia,Serpentes,Viperidae,Bothrops bilineatus,FALSE,FALSE
Aves,Passeriformes,Rhinocryptidae,Scytalopus intermedius,TRUE,FALSE
Aves,Passeriformes,Thraupidae,Sporophila nigricollis,FALSE,FALSE
Aves,Passeriformes,Furnariidae,Automolus infuscatus,FALSE,FALSE
Equisetopsida,Gentianales,Rubiaceae,Posoqueria latifolia,FALSE,FALSE
Equisetopsida,Magnoliales,Annonaceae,Guatteria stipitata,FALSE,FALSE
Aves,Passeriformes,Rhinocryptidae,Scytalopus krabbei,TRUE,FALSE
Aves,Passeriformes,Rhinocryptidae,Scytalopus macropus,TRUE,FALSE
Aves,Passeriformes,Rhinocryptidae,Scytalopus parvirostris,FALSE,FALSE
Equisetopsida,Magnoliales,Annonaceae,Guatteria tomentosa,FALSE,FALSE
Equisetopsida,Gentianales,Rubiaceae,Retiniphyllum fuchsioides,FALSE,FALSE
Equisetopsida,Ericales,Ericaceae,Gaultheria erecta,FALSE,FALSE
Equisetopsida,Zingiberales,Marantaceae,Ischnosiphon annulatus,FALSE,FALSE
Equisetopsida,Lamiales,Gesneriaceae,Drymonia doratostyla,FALSE,FALSE
Aves,Passeriformes,Thraupidae,Sphenopsis melanotis,FALSE,FALSE
Equisetopsida,Lamiales,Lamiaceae,Salvia pauciserrata,FALSE,FALSE
Aves,Passeriformes,Troglodytidae,Cantorchilus leucotis,FALSE,FALSE
Aves,Accipitriformes,Accipitridae,Parabuteo leucorrhous,FALSE,FALSE
Equisetopsida,Solanales,Solanaceae,Nicotiana tabacum,FALSE,FALSE
Equisetopsida,Fabales,Polygalaceae,Securidaca diversifolia,FALSE,FALSE
Equisetopsida,Malvales,Malvaceae,Pachira nitida,FALSE,FALSE
Equisetopsida,Gentianales,Rubiaceae,Guettarda fontanesii,FALSE,FALSE
Equisetopsida,Asparagales,Orchidaceae,Epidendrum altomayocapitellatum,FALSE,FALSE
Equisetopsida,Zingiberales,Cannaceae,Canna paniculata,FALSE,FALSE
Equisetopsida,Cucurbitales,Cucurbitaceae,Gurania acuminata,FALSE,FALSE
Equisetopsida,Cucurbitales,Cucurbitaceae,Gurania bignoniacea,FALSE,FALSE
Equisetopsida,Lamiales,Lamiaceae,Salvia florida,FALSE,FALSE
Equisetopsida,Cucurbitales,Cucurbitaceae,Gurania eriantha,FALSE,FALSE
Equisetopsida,Alismatales,Araceae,Stenospermation adsimile,FALSE,FALSE
Aves,Passeriformes,Troglodytidae,Campylorhynchus turdinus,FALSE,FALSE
Mammalia,Carnivora,Felidae,Puma yagouaroundi,FALSE,FALSE
Equisetopsida,Cucurbitales,Cucurbitaceae,Gurania lobata,FALSE,FALSE
Equisetopsida,Asterales,Asteraceae,Coreopsis microlepis,FALSE,FALSE
Aves,Passeriformes,Tyrannidae,Piprites chloris,FALSE,FALSE
Equisetopsida,Asparagales,Orchidaceae,Epidendrum anceps,FALSE,FALSE
Equisetopsida,Lamiales,Gesneriaceae,Gasteranthus wendlandianus,FALSE,FALSE
Equisetopsida,Malpighiales,Euphorbiaceae,Pleradenophora membranifolia,FALSE,FALSE
Equisetopsida,Lamiales,Gesneriaceae,Seemannia sylvatica,FALSE,FALSE
Equisetopsida,Asterales,Asteraceae,Oyedaea oxylepis,FALSE,FALSE
Equisetopsida,Laurales,Lauraceae,Ocotea cuneifolia,FALSE,FALSE
Equisetopsida,Malpighiales,Clusiaceae,Garcinia madruno,FALSE,FALSE
Aves,Accipitriformes,Accipitridae,Accipiter bicolor,FALSE,FALSE
Equisetopsida,Myrtales,Melastomataceae,Pleroma ochypetalum,FALSE,FALSE
Equisetopsida,Polypodiales,Didymochlaenaceae,Didymochlaena truncatula,FALSE,FALSE
Aves,Passeriformes,Thraupidae,Saltator maximus,FALSE,FALSE
Equisetopsida,Alismatales,Araceae,Philodendron wurdackii,FALSE,FALSE
Equisetopsida,Cyatheales,Cyatheaceae,Cyathea delgadii,FALSE,TRUE
Aves,Passeriformes,Thamnophilidae,Cercomacra cinerascens,FALSE,FALSE
Equisetopsida,Gentianales,Rubiaceae,Isertia laevis,FALSE,FALSE
Equisetopsida,Asterales,Asteraceae,Dillandia chachapoyensis,FALSE,FALSE
Equisetopsida,Asterales,Asteraceae,Neurolaena lobata,FALSE,FALSE
Aves,Piciformes,Ramphastidae,Aulacorhynchus derbianus,FALSE,FALSE
Equisetopsida,Poales,Bromeliaceae,Guzmania retusa,FALSE,FALSE
Aves,Passeriformes,Tyrannidae,Megarynchus pitangua,FALSE,FALSE
Aves,Apodiformes,Trochilidae,Campylopterus villaviscensio,FALSE,FALSE
Aves,Columbiformes,Columbidae,Paraclaravis mondetoura,FALSE,FALSE
Equisetopsida,Asterales,Asteraceae,Eleutheranthera ruderalis,FALSE,FALSE
Aves,Passeriformes,Thamnophilidae,Hylophylax naevius,FALSE,FALSE
Mammalia,Carnivora,Felidae,Puma concolor,FALSE,FALSE
Aves,Passeriformes,Thamnophilidae,Cercomacroides nigrescens,FALSE,FALSE
Equisetopsida,Lamiales,Gesneriaceae,Paradrymonia ciliosa,FALSE,FALSE
Equisetopsida,Gentianales,Apocynaceae,Oxypetalum dombeyanum,FALSE,FALSE
Aves,Passeriformes,Thraupidae,Saltator grossus,FALSE,FALSE
Aves,Passeriformes,Vireonidae,Hylophilus pectoralis,FALSE,FALSE
Equisetopsida,Polypodiales,Polypodiaceae,Campyloneurum vulpinum,FALSE,FALSE
Aves,Passeriformes,Vireonidae,Hylophilus olivaceus,FALSE,FALSE
Equisetopsida,Asterales,Asteraceae,Gamochaeta americana,FALSE,FALSE
Equisetopsida,Polypodiales,Polypodiaceae,Campyloneurum phyllitidis,FALSE,FALSE
Equisetopsida,Polypodiales,Thelypteridaceae,Macrothelypteris torresiana,FALSE,FALSE
Equisetopsida,Laurales,Lauraceae,Ocotea leptobotra,FALSE,FALSE
Equisetopsida,Polypodiales,Polypodiaceae,Campyloneurum ophiocaulon,FALSE,FALSE
Aves,Piciformes,Ramphastidae,Aulacorhynchus albivitta,FALSE,FALSE
Equisetopsida,Laurales,Lauraceae,Ocotea oblonga,FALSE,FALSE
Aves,Gruiformes,Rallidae,Gallinula galeata,FALSE,FALSE
Equisetopsida,Asterales,Asteraceae,Dillandia subumbellata,FALSE,FALSE
Equisetopsida,Picramniales,Picramniaceae,Picramnia magnifolia,FALSE,FALSE
Reptilia,Serpentes,Colubridae,Spilotes pullatus,FALSE,FALSE
Equisetopsida,Polypodiales,Dryopteridaceae,Parapolystichum effusum subsp. Effusum,FALSE,FALSE
Mammalia,Cingulata,Dasypodidae,Dasypus novemcinctus,FALSE,FALSE
Equisetopsida,Asparagales,Orchidaceae,Brassia filomenoi,TRUE,FALSE
Equisetopsida,Selaginellales,Selaginellaceae,Selaginella geniculata,FALSE,FALSE
Equisetopsida,Myrtales,Melastomataceae,Miconia decurrens,FALSE,FALSE
Aves,Galliformes,Cracidae,Aburria aburri,FALSE,TRUE
Equisetopsida,Polypodiales,Polypodiaceae,Campyloneurum anocarpos,FALSE,FALSE
Equisetopsida,Fabales,Polygalaceae,Monnina subspeciosa,FALSE,FALSE
Equisetopsida,Polypodiales,Polypodiaceae,Campyloneurum angustipaleatum,FALSE,FALSE
Equisetopsida,Malpighiales,Salicaceae,Banara nitida,FALSE,FALSE
Equisetopsida,Myrtales,Melastomataceae,Miconia nervosa,FALSE,FALSE
Equisetopsida,Malpighiales,Euphorbiaceae,Alchornea latifolia,FALSE,FALSE
Aves,Passeriformes,Thraupidae,Saltator coerulescens,FALSE,FALSE
Aves,Charadriiformes,Scolopacidae,Gallinago andina,FALSE,FALSE
Equisetopsida,Selaginellales,Selaginellaceae,Selaginella haematodes,FALSE,FALSE
Equisetopsida,Polypodiales,Nephrolepidaceae,Nephrolepis pendula,FALSE,FALSE
Equisetopsida,Polypodiales,Polypodiaceae,Campyloneurum albopunctatissimum,FALSE,FALSE
Equisetopsida,Gentianales,Rubiaceae,Palicourea pilosa,FALSE,FALSE
Equisetopsida,Oxalidales,Oxalidaceae,Oxalis tessmannii,FALSE,FALSE
Equisetopsida,Fabales,Fabaceae,Mucuna sloanei,FALSE,FALSE
Equisetopsida,Polypodiales,Polypodiaceae,Campyloneurum abruptum,FALSE,FALSE
Equisetopsida,Laurales,Lauraceae,Ocotea subrutilans,FALSE,FALSE
Equisetopsida,Apiales,Araliaceae,Hydrocotyle acutifolia,FALSE,FALSE
Equisetopsida,Polypodiales,Nephrolepidaceae,Nephrolepis pectinata,FALSE,FALSE
Equisetopsida,Asparagales,Orchidaceae,Epidendrum bifalce,FALSE,FALSE
Equisetopsida,Malpighiales,Euphorbiaceae,Acalypha stricta,FALSE,FALSE
Equisetopsida,Asparagales,Orchidaceae,Habenaria monorrhiza,FALSE,FALSE
Equisetopsida,Malpighiales,Ochnaceae,Cespedesia spathulata,FALSE,FALSE
Equisetopsida,Lamiales,Gesneriaceae,Alloplectus tessmannii,FALSE,FALSE
Aves,Gruiformes,Rallidae,Pardirallus maculatus,FALSE,FALSE
Aves,Passeriformes,Cardinalidae,Piranga rubra,FALSE,FALSE
Aves,Passeriformes,Tyrannidae,Camptostoma obsoletum,FALSE,FALSE
Aves,Apodiformes,Trochilidae,Ocreatus underwoodii,FALSE,FALSE
Equisetopsida,Magnoliales,Annonaceae,Cremastosperma longicuspe,FALSE,FALSE
Equisetopsida,Myrtales,Melastomataceae,Salpinga maranonensis,FALSE,FALSE
Equisetopsida,Asparagales,Orchidaceae,Octomeria peruviana,TRUE,FALSE
Aves,Strigiformes,Strigidae,Pulsatrix perspicillata,FALSE,FALSE
Equisetopsida,Polypodiales,Nephrolepidaceae,Nephrolepis cordifolia,FALSE,FALSE
Equisetopsida,Myrtales,Myrtaceae,Campomanesia lineatifolia,FALSE,FALSE
Aves,Passeriformes,Thraupidae,Ixothraupis punctata,FALSE,FALSE
Aves,Passeriformes,Thraupidae,Ixothraupis varia,FALSE,FALSE
Equisetopsida,Cornales,Hydrangeaceae,Hydrangea preslii,FALSE,FALSE
Aves,Passeriformes,Troglodytidae,Pheugopedius genibarbis,FALSE,FALSE
Equisetopsida,Cornales,Hydrangeaceae,Hydrangea peruviana,FALSE,FALSE
Equisetopsida,Asparagales,Orchidaceae,Epidendrum blepharistes,FALSE,FALSE
Aves,Passeriformes,Thraupidae,Ixothraupis xanthogastra,FALSE,FALSE
Equisetopsida,Lamiales,Cordiaceae,Cordia nodosa,FALSE,FALSE
Aves,Piciformes,Picidae,Campephilus rubricollis,FALSE,FALSE
Aves,Piciformes,Picidae,Campephilus pollens,FALSE,FALSE
Aves,Strigiformes,Strigidae,Pulsatrix melanota,FALSE,FALSE
Aves,Passeriformes,Tyrannidae,Myiarchus tuberculifer,FALSE,FALSE
Aves,Passeriformes,Hirundinidae,Atticora fasciata,FALSE,FALSE
Equisetopsida,Selaginellales,Selaginellaceae,Selaginella trisulcata,FALSE,FALSE
Aves,Passeriformes,Tyrannidae,Myiarchus tyrannulus,FALSE,FALSE
Equisetopsida,Malpighiales,Euphorbiaceae,Hura crepitans,FALSE,FALSE
Aves,Piciformes,Picidae,Campephilus melanoleucos,FALSE,FALSE
Aves,Pelecaniformes,Ardeidae,Agamia agami,FALSE,FALSE
Equisetopsida,Gentianales,Apocynaceae,Odontadenia verrucosa,FALSE,FALSE
Aves,Piciformes,Ramphastidae,Selenidera reinwardtii,FALSE,FALSE
Aves,Piciformes,Picidae,Campephilus haematogaster,FALSE,FALSE
Equisetopsida,Lycopodiales,Lycopodiaceae,Huperzia tetragona,FALSE,FALSE
Equisetopsida,Polypodiales,Dryopteridaceae,Polybotrya pubens,FALSE,FALSE
Equisetopsida,Lycopodiales,Lycopodiaceae,Huperzia tenuis,FALSE,FALSE
Equisetopsida,Lycopodiales,Lycopodiaceae,Huperzia sellifolia,FALSE,FALSE
Equisetopsida,Malpighiales,Euphorbiaceae,Alchornea glandulosa,FALSE,FALSE
Equisetopsida,Lycopodiales,Lycopodiaceae,Huperzia reflexa,FALSE,FALSE
Equisetopsida,Solanales,Solanaceae,Cestrum microcalyx,FALSE,FALSE
Equisetopsida,Ranunculales,Menispermaceae,Odontocarya floribunda,FALSE,FALSE
Equisetopsida,Alismatales,Araceae,Rhodospatha latifolia,FALSE,FALSE
Equisetopsida,Myrtales,Melastomataceae,Mouriri nigra,FALSE,FALSE
Aves,Charadriiformes,Jacanidae,Jacana jacana,FALSE,FALSE
Equisetopsida,Solanales,Solanaceae,Physalis pubescens,FALSE,FALSE
Equisetopsida,Gentianales,Rubiaceae,Macrocnemum roseum,FALSE,FALSE
Equisetopsida,Lycopodiales,Lycopodiaceae,Huperzia brongniartii,FALSE,FALSE
Equisetopsida,Malpighiales,Achariaceae,Mayna odorata,FALSE,FALSE
Aves,Psittaciformes,Psittacidae,Brotogeris cyanoptera,FALSE,FALSE
Mammalia,Cetartiodactyla,Cervidae,Pudella carlae,TRUE,FALSE
Equisetopsida,Malpighiales,Salicaceae,Neosprucea grandiflora,FALSE,FALSE
Equisetopsida,Lamiales,Bignoniaceae,Jacaranda densicoma,FALSE,FALSE
Equisetopsida,Cucurbitales,Cucurbitaceae,Melothria pendula,FALSE,FALSE
Equisetopsida,Malpighiales,Humiriaceae,Humiria balsamifera,FALSE,FALSE
Equisetopsida,Huerteales,Tapisciaceae,Huertea glandulosa,FALSE,FALSE
Equisetopsida,Laurales,Lauraceae,Rhodostemonodaphne kunthiana,FALSE,FALSE
Equisetopsida,Asparagales,Orchidaceae,Epidendrum chisquillense,FALSE,FALSE
Equisetopsida,Magnoliales,Annonaceae,Cremastosperma pedunculatum,FALSE,FALSE
Equisetopsida,Asparagales,Orchidaceae,Epidendrum choccei,FALSE,FALSE
Aves,Psittaciformes,Psittacidae,Amazona mercenarius,FALSE,FALSE
Mammalia,Didelphimorphia,Didelphidae,Didelphis marsupialis,FALSE,FALSE
Equisetopsida,Picramniales,Picramniaceae,Picramnia sellowii,FALSE,FALSE
Aves,Galbuliformes,Bucconidae,Monasa nigrifrons,FALSE,FALSE
Equisetopsida,Cyatheales,Cyatheaceae,Cyathea caracasana,FALSE,TRUE
Equisetopsida,Ericales,Ericaceae,Semiramisia speciosa,FALSE,FALSE
Equisetopsida,Asparagales,Orchidaceae,Epidendrum chrisiisharoniae,FALSE,FALSE
Equisetopsida,Polypodiales,Dryopteridaceae,Polybotrya osmundacea,FALSE,FALSE
Equisetopsida,Fabales,Fabaceae,Otholobium munyense,FALSE,TRUE
Equisetopsida,Gentianales,Rubiaceae,Hamelia calycosa,FALSE,FALSE
Equisetopsida,Solanales,Solanaceae,Jaltomata repandidentata,FALSE,FALSE
Equisetopsida,Gentianales,Rubiaceae,Hamelia patens,FALSE,FALSE
Aves,Galliformes,Odontophoridae,Odontophorus speciosus,FALSE,FALSE
Equisetopsida,Solanales,Solanaceae,Browallia americana,FALSE,FALSE
Equisetopsida,Asparagales,Orchidaceae,Acianthera capillaris,FALSE,FALSE
Aves,Coraciiformes,Momotidae,Electron platyrhynchum,FALSE,FALSE
Equisetopsida,Asparagales,Orchidaceae,Epidendrum claustralis,FALSE,FALSE
Equisetopsida,Polypodiales,Pteridaceae,Jamesonia flexuosa,FALSE,FALSE
Aves,Passeriformes,Troglodytidae,Odontorchilus branickii,FALSE,FALSE
Aves,Apodiformes,Trochilidae,Chaetocercus mulsant,FALSE,FALSE
Equisetopsida,Asparagales,Orchidaceae,Epidendrum clavadista,TRUE,FALSE
Equisetopsida,Gentianales,Rubiaceae,Hoffmannia subauriculata,FALSE,FALSE
Aves,Passeriformes,Tyrannidae,Rhynchocyclus fulvipectus,FALSE,FALSE
Equisetopsida,Solanales,Solanaceae,Solanum uncinellum,FALSE,FALSE
Equisetopsida,Celastrales,Celastraceae,Salacia elliptica,FALSE,FALSE
Equisetopsida,Celastrales,Celastraceae,Salacia cordata,FALSE,FALSE
Aves,Piciformes,Picidae,Piculus leucolaemus,FALSE,FALSE
Equisetopsida,Myrtales,Melastomataceae,Chaetogastra longifolia,FALSE,FALSE
Aves,Apodiformes,Trochilidae,Haplophaedia aureliae,FALSE,FALSE
Aves,Passeriformes,Thraupidae,Haplospiza rustica,FALSE,FALSE
Equisetopsida,Asterales,Asteraceae,Polyanthina nemorosa,FALSE,FALSE
Aves,Galbuliformes,Galbulidae,Galbula cyanescens,FALSE,FALSE
Aves,Passeriformes,Troglodytidae,Pheugopedius coraya,FALSE,FALSE
Aves,Accipitriformes,Accipitridae,Harpagus bidentatus,FALSE,FALSE
Aves,Passeriformes,Thraupidae,Calochaetes coccineus,FALSE,FALSE
Aves,Apodiformes,Apodidae,Chaetura brachyura,FALSE,FALSE
Equisetopsida,Fabales,Fabaceae,Galactia striata,FALSE,FALSE
Equisetopsida,Asparagales,Orchidaceae,Epidendrum concavitridentes,FALSE,FALSE
Aves,Passeriformes,Passerellidae,Atlapetes latinuchus,FALSE,FALSE
Aves,Piciformes,Picidae,Dryobates fumigatus,FALSE,FALSE
Mammalia,Carnivora,Mustelidae,Pteronura brasiliensis,FALSE,TRUE
Equisetopsida,Malpighiales,Salicaceae,Hasseltia floribunda,FALSE,FALSE
Equisetopsida,Fabales,Fabaceae,Rhynchosia minima,FALSE,FALSE
Aves,Galbuliformes,Bucconidae,Monasa morphoeus,FALSE,FALSE
Aves,Passeriformes,Onychorhynchidae,Myiobius villosus,FALSE,FALSE
Equisetopsida,Fabales,Fabaceae,Rhynchosia phaseoloides,FALSE,FALSE
Equisetopsida,Celastrales,Celastraceae,Haydenoxylon urbanianum,FALSE,FALSE
Equisetopsida,Asparagales,Orchidaceae,Epidendrum coroshaense,FALSE,FALSE
Equisetopsida,Santalales,Loranthaceae,Oryctanthus spicatus,FALSE,FALSE
Equisetopsida,Santalales,Loranthaceae,Oryctanthus alveolatus,FALSE,FALSE
Aves,Galbuliformes,Bucconidae,Micromonacha lanceolata,FALSE,FALSE
Mammalia,Rodentia,Dinomyidae,Dinomys branickii,FALSE,TRUE
Aves,Apodiformes,Apodidae,Chaetura cinereiventris,FALSE,FALSE
Aves,Passeriformes,Furnariidae,Furnarius leucopus,FALSE,FALSE
Aves,Passeriformes,Tyrannidae,Hirundinea ferruginea,FALSE,FALSE
Aves,Passeriformes,Donacobiidae,Donacobius atricapilla,FALSE,FALSE
Equisetopsida,Malpighiales,Chrysobalanaceae,Hirtella triandra,FALSE,FALSE
Equisetopsida,Ericales,Ericaceae,Macleania rupestris,FALSE,FALSE
Aves,Cathartiformes,Cathartidae,Coragyps atratus,FALSE,FALSE
Equisetopsida,Alismatales,Araceae,Stenospermation zeacarpium,FALSE,FALSE
Aves,Passeriformes,Tyrannidae,Mionectes striaticollis,FALSE,FALSE
Aves,Apodiformes,Apodidae,Chaetura egregia,FALSE,FALSE
Aves,Passeriformes,Icteridae,Amblycercus holosericeus,FALSE,FALSE
Equisetopsida,Chloranthales,Chloranthaceae,Hedyosmum angustifolium,FALSE,FALSE
Aves,Passeriformes,Tyrannidae,Mionectes olivaceus,FALSE,FALSE
Aves,Accipitriformes,Accipitridae,Accipiter superciliosus,FALSE,FALSE
Mammalia,Primates,Cebidae,Saguinus (Tamarinus) mystax,FALSE,FALSE
Aves,Piciformes,Picidae,Melanerpes cruentatus,FALSE,FALSE
Equisetopsida,Arecales,Arecaceae,Oenocarpus mapora,FALSE,FALSE
Aves,Pelecaniformes,Ardeidae,Bubulcus ibis,FALSE,FALSE
Equisetopsida,Myrtales,Melastomataceae,Meriania tetraquetra,FALSE,FALSE
Aves,Passeriformes,Thraupidae,Sporophila castaneiventris,FALSE,FALSE
Aves,Piciformes,Ramphastidae,Pteroglossus castanotis,FALSE,FALSE
Aves,Psittaciformes,Psittacidae,Orthopsittaca manilatus,FALSE,FALSE
Equisetopsida,Myrtales,Onagraceae,Fuchsia sanmartina,TRUE,FALSE
Equisetopsida,Solanales,Solanaceae,Juanulloa parasitica,FALSE,FALSE
Mammalia,Primates,Pitheciidae,Callicebus oenanthe,TRUE,TRUE
Aves,Passeriformes,Tyrannidae,Rhytipterna simplex,FALSE,FALSE
Equisetopsida,Asterales,Campanulaceae,Hippobroma longiflora,FALSE,FALSE
Equisetopsida,Chloranthales,Chloranthaceae,Hedyosmum racemosum,FALSE,FALSE
Equisetopsida,Myrtales,Onagraceae,Fuchsia rivularis,TRUE,FALSE
Equisetopsida,Gentianales,Apocynaceae,Himatanthus tarapotensis,FALSE,FALSE
Mammalia,Carnivora,Procyonidae,Potos flavus,FALSE,FALSE
Equisetopsida,Lamiales,Orobanchaceae,Agalinis lanceolata,FALSE,FALSE
Equisetopsida,Myrtales,Onagraceae,Fuchsia macrophylla,FALSE,FALSE
Aves,Passeriformes,Parulidae,Myioborus melanocephalus,FALSE,FALSE
Equisetopsida,Polypodiales,Oleandraceae,Oleandra articulata,FALSE,FALSE
Aves,Apodiformes,Trochilidae,Chalcostigma ruficeps,FALSE,FALSE
Aves,Passeriformes,Thraupidae,Chalcothraupis ruficervix,FALSE,FALSE
Equisetopsida,Solanales,Solanaceae,Solanum ternatum,FALSE,FALSE
Equisetopsida,Solanales,Solanaceae,Solanum tenuisetosum,FALSE,FALSE
Equisetopsida,Myrtales,Onagraceae,Fuchsia glaberrima,FALSE,FALSE
Equisetopsida,Ranunculales,Menispermaceae,Orthomene schomburgkii,FALSE,FALSE
Equisetopsida,Poales,Poaceae,Parodiolyra lateralis,FALSE,FALSE
Aves,Passeriformes,Cotingidae,Pipreola riefferii,FALSE,FALSE
Equisetopsida,Chloranthales,Chloranthaceae,Hedyosmum spectabile,FALSE,FALSE
Equisetopsida,Gentianales,Rubiaceae,Hillia ulei,FALSE,FALSE
Equisetopsida,Gentianales,Rubiaceae,Macbrideina peruviana,FALSE,FALSE
Equisetopsida,Myrtales,Melastomataceae,Macairea thyrsiflora,FALSE,FALSE
Aves,Passeriformes,Thraupidae,Creurgops verticalis,FALSE,FALSE
Equisetopsida,Gentianales,Rubiaceae,Hillia killipii,FALSE,FALSE
Equisetopsida,Chloranthales,Chloranthaceae,Hedyosmum sprucei,FALSE,FALSE
Mammalia,Primates,Atelidae,Ateles belzebuth,FALSE,TRUE
Equisetopsida,Caryophyllales,Petiveriaceae,Hilleria longifolia,FALSE,FALSE
Equisetopsida,Arecales,Arecaceae,Chamaedorea linearis,FALSE,FALSE
Equisetopsida,Malpighiales,Malpighiaceae,Callaeum antifebrile,FALSE,FALSE
Aves,Passeriformes,Cardinalidae,Pheucticus chrysogaster,FALSE,FALSE
Equisetopsida,Poales,Poaceae,Orthoclada laxa,FALSE,FALSE
Equisetopsida,Lamiales,Bignoniaceae,Fridericia platyphylla,FALSE,FALSE
Equisetopsida,Santalales,Olacaceae,Heisteria acuminata,FALSE,FALSE
Equisetopsida,Malpighiales,Salicaceae,Pleuranthodendron lindenii,FALSE,FALSE
Equisetopsida,Solanales,Solanaceae,Solanum subinerme,FALSE,FALSE
Equisetopsida,Malpighiales,Phyllanthaceae,Hieronyma oblonga,FALSE,FALSE
Equisetopsida,Arecales,Arecaceae,Chamaedorea pinnatifrons,FALSE,FALSE
Equisetopsida,Polypodiales,Saccolomataceae,Saccoloma inaequale,FALSE,FALSE
Equisetopsida,Ericales,Ericaceae,Orthaea abbreviata,FALSE,FALSE
Equisetopsida,Lamiales,Bignoniaceae,Fridericia conjugata,FALSE,FALSE
Equisetopsida,Ericales,Primulaceae,Cybianthus peruvianus,FALSE,FALSE
Aves,Galliformes,Cracidae,Chamaepetes goudotii,FALSE,FALSE
Aves,Passeriformes,Polioptilidae,Polioptila plumbea,FALSE,FALSE
Equisetopsida,Gentianales,Gentianaceae,Helia alata,FALSE,FALSE
Aves,Passeriformes,Parulidae,Myioborus miniatus,FALSE,FALSE
Equisetopsida,Malpighiales,Phyllanthaceae,Hieronyma fendleri,FALSE,FALSE
Equisetopsida,Gentianales,Rubiaceae,Sabicea panamensis,FALSE,FALSE
Aves,Apodiformes,Trochilidae,Heliangelus amethysticollis,FALSE,FALSE
Equisetopsida,Dioscoreales,Burmanniaceae,Dictyostega orobanchoides,FALSE,FALSE
Equisetopsida,Myrtales,Melastomataceae,Miconia ampla,FALSE,FALSE
Reptilia,Crocodylia,Alligatoridae,Melanosuchus niger,FALSE,FALSE
Aves,Galliformes,Cracidae,Mitu tuberosum,FALSE,FALSE
Equisetopsida,Myrtales,Melastomataceae,Miconia amplexicaulis,FALSE,FALSE
Equisetopsida,Sapindales,Rutaceae,Dictyoloma vandellianum,TRUE,FALSE
Aves,Passeriformes,Formicariidae,Chamaeza mollissima,FALSE,FALSE
Equisetopsida,Asterales,Asteraceae,Cyrtocymura scorpioides,FALSE,FALSE
Aves,Apodiformes,Trochilidae,Heliangelus regalis,FALSE,TRUE
Aves,Passeriformes,Furnariidae,Dendrocincla fuliginosa,FALSE,FALSE
Aves,Galliformes,Cracidae,Ortalis guttata,FALSE,FALSE
Equisetopsida,Alismatales,Araceae,Stenospermation ulei,FALSE,FALSE
Equisetopsida,Zingiberales,Heliconiaceae,Heliconia aemygdiana,FALSE,FALSE
Equisetopsida,Zingiberales,Heliconiaceae,Heliconia aemygdiana subsp. Aemygdiana,FALSE,FALSE
Equisetopsida,Asparagales,Orchidaceae,Masdevallia lucernula,TRUE,TRUE
Equisetopsida,Zingiberales,Heliconiaceae,Heliconia burleana,FALSE,FALSE
Equisetopsida,Caryophyllales,Amaranthaceae,Chamissoa altissima,FALSE,FALSE
Equisetopsida,Zingiberales,Heliconiaceae,Heliconia episcopalis,FALSE,FALSE
Equisetopsida,Polypodiales,Pteridaceae,Pteris quadriaurita,FALSE,FALSE
Aves,Passeriformes,Corvidae,Cyanolyca viridicyanus,FALSE,FALSE
Equisetopsida,Poales,Poaceae,Olyra caudata,FALSE,FALSE
Equisetopsida,Polypodiales,Pteridaceae,Pteris podophylla,FALSE,FALSE
Equisetopsida,Poales,Poaceae,Paspalum conjugatum,FALSE,FALSE
Equisetopsida,Polypodiales,Pteridaceae,Pteris livida,FALSE,FALSE
Equisetopsida,Polypodiales,Pteridaceae,Pteris lechleri,FALSE,FALSE
Equisetopsida,Dioscoreales,Burmanniaceae,Burmannia stuebelii,TRUE,FALSE
Equisetopsida,Asterales,Campanulaceae,Burmeistera microphylla,FALSE,FALSE
Equisetopsida,Poales,Poaceae,Olyra latifolia,FALSE,FALSE
Equisetopsida,Asterales,Campanulaceae,Burmeistera succulenta,FALSE,FALSE
Aves,Passeriformes,Fringillidae,Spinus magellanicus,FALSE,FALSE
Equisetopsida,Gentianales,Rubiaceae,Rustia schunkeana,FALSE,FALSE
Equisetopsida,Asparagales,Orchidaceae,Epidendrum gygorum,FALSE,FALSE
Equisetopsida,Solanales,Solanaceae,Solanum suaveolens,FALSE,FALSE
Equisetopsida,Malpighiales,Malpighiaceae,Heteropterys uribei,FALSE,FALSE
Equisetopsida,Asparagales,Orchidaceae,Rodriguezia batemannii,FALSE,FALSE
Equisetopsida,Polypodiales,Pteridaceae,Pteris fraseri,FALSE,FALSE
Aves,Piciformes,Picidae,Dryobates passerinus,FALSE,FALSE
Equisetopsida,Malpighiales,Malpighiaceae,Heteropterys nervosa,FALSE,FALSE
Equisetopsida,Zingiberales,Heliconiaceae,Heliconia rostrata,FALSE,FALSE
Aves,Accipitriformes,Accipitridae,Buteo albigula,FALSE,FALSE
Equisetopsida,Malvales,Malvaceae,Abelmoschus moschatus,FALSE,FALSE
Equisetopsida,Solanales,Solanaceae,Solanum sisymbriifolium,FALSE,FALSE
Equisetopsida,Gentianales,Apocynaceae,Forsteronia amblybasis subsp. Decipiens,FALSE,FALSE
Equisetopsida,Gentianales,Apocynaceae,Forsteronia amblybasis,FALSE,FALSE
Equisetopsida,Polypodiales,Pteridaceae,Pteris altissima,FALSE,FALSE
Equisetopsida,Asparagales,Orchidaceae,Crossoglossa dalessandroi,FALSE,FALSE
Equisetopsida,Asterales,Asteraceae,Calea ulei,FALSE,FALSE
Equisetopsida,Myrtales,Melastomataceae,Mouriri grandiflora,FALSE,FALSE
Equisetopsida,Asterales,Asteraceae,Heterocondylas vitalbae,FALSE,FALSE
Aves,Accipitriformes,Accipitridae,Buteo brachyurus,FALSE,FALSE
Equisetopsida,Lamiales,Calceolariaceae,Calceolaria tripartita,FALSE,FALSE
Equisetopsida,Polypodiales,Polypodiaceae,Microgramma reptans,FALSE,FALSE
Equisetopsida,Asparagales,Orchidaceae,Crossoglossa dalstroemii,FALSE,FALSE
Aves,Accipitriformes,Accipitridae,Rupornis magnirostris,FALSE,FALSE
Equisetopsida,Asparagales,Orchidaceae,Oncidium echinops,FALSE,FALSE
Aves,Psittaciformes,Psittacidae,Forpus xanthopterygius,FALSE,FALSE
Equisetopsida,Zingiberales,Heliconiaceae,Heliconia vellerigera,FALSE,FALSE
Aves,Passeriformes,Tyrannidae,Poecilotriccus latirostris,FALSE,FALSE
Equisetopsida,Geraniales,Geraniaceae,Geranium peruvianum,FALSE,FALSE
Equisetopsida,Lamiales,Gesneriaceae,Alloplectus peruvianus,FALSE,FALSE
Aves,Passeriformes,Tyrannidae,Myiodynastes chrysocephalus,FALSE,FALSE
Aves,Passeriformes,Tyrannidae,Ornithion inerme,FALSE,FALSE
Equisetopsida,Polypodiales,Polypodiaceae,Microgramma percussa,FALSE,FALSE
Equisetopsida,Caryophyllales,Nyctaginaceae,Neea spruceana,FALSE,FALSE
Equisetopsida,Rosales,Urticaceae,Phenax laevigatus,FALSE,FALSE
Equisetopsida,Lamiales,Calceolariaceae,Calceolaria nivalis,FALSE,FALSE
Equisetopsida,Asparagales,Orchidaceae,Masdevallia vargasii,FALSE,FALSE
Equisetopsida,Lamiales,Gesneriaceae,Drymonia coccinea,FALSE,FALSE
Equisetopsida,Asparagales,Orchidaceae,Masdevallia whiteana,FALSE,FALSE
Equisetopsida,Malvales,Malvaceae,Herrania mariae,FALSE,FALSE
Aves,Passeriformes,Thamnophilidae,Formicivora rufa,FALSE,FALSE
Aves,Passeriformes,Formicariidae,Formicarius rufipectus,FALSE,FALSE
Equisetopsida,Fabales,Fabaceae,Ormosia peruviana,FALSE,FALSE
Aves,Passeriformes,Tyrannidae,Poecilotriccus capitalis,FALSE,FALSE
Aves,Passeriformes,Thamnophilidae,Herpsilochmus frater,FALSE,FALSE
Aves,Accipitriformes,Accipitridae,Accipiter striatus,FALSE,FALSE
Aves,Accipitriformes,Accipitridae,Rostrhamus sociabilis,FALSE,FALSE
Aves,Passeriformes,Passerellidae,Ammodramus aurifrons,FALSE,FALSE
Aves,Accipitriformes,Accipitridae,Buteo nitidus,FALSE,FALSE
Aves,Passeriformes,Thamnophilidae,Herpsilochmus axillaris,FALSE,FALSE
Aves,Apodiformes,Trochilidae,Doryfera johannae,FALSE,FALSE
Equisetopsida,Polypodiales,Dryopteridaceae,Elaphoglossum peltatum,FALSE,FALSE
Aves,Falconiformes,Falconidae,Herpetotheres cachinnans,FALSE,FALSE
Aves,Passeriformes,Pipridae,Masius chrysopterus,FALSE,FALSE
Aves,Passeriformes,Onychorhynchidae,Onychorhynchus coronatus,FALSE,TRUE
Aves,Passeriformes,Cotingidae,Rupicola peruvianus,FALSE,FALSE
Equisetopsida,Schizaeales,Lygodiaceae,Lygodium volubile,FALSE,FALSE
Equisetopsida,Malpighiales,Passifloraceae,Passiflora amazonica,FALSE,FALSE
Aves,Accipitriformes,Accipitridae,Buteo platypterus,FALSE,FALSE
Aves,Apodiformes,Trochilidae,Klais guimeti,FALSE,FALSE
Aves,Passeriformes,Thraupidae,Sporophila corvina,FALSE,FALSE
Equisetopsida,Celastrales,Celastraceae,Cheiloclinium cognatum,FALSE,FALSE
Equisetopsida,Malpighiales,Passifloraceae,Passiflora aristulata,FALSE,FALSE
Equisetopsida,Cornales,Loasaceae,Klaprothia mentzelioides,FALSE,FALSE
Aves,Passeriformes,Thraupidae,Buthraupis montana,FALSE,FALSE
Equisetopsida,Poales,Bromeliaceae,Aechmea angustifolia,FALSE,FALSE
Equisetopsida,Rosales,Moraceae,Helicostylis salicifolia,FALSE,FALSE
Aves,Anseriformes,Anatidae,Merganetta armata,FALSE,FALSE
Equisetopsida,Lamiales,Gesneriaceae,Drymonia candida,FALSE,FALSE
Aves,Pelecaniformes,Ardeidae,Butorides striata,FALSE,FALSE
Aves,Passeriformes,Tyrannidae,Myiodynastes maculatus,FALSE,FALSE
Equisetopsida,Solanales,Solanaceae,Solanum sessile,FALSE,FALSE
Aves,Passeriformes,Thraupidae,Kleinothraupis atropileus,FALSE,FALSE
Equisetopsida,Solanales,Solanaceae,Solanum selachophyllum,FALSE,FALSE
Equisetopsida,Polypodiales,Dryopteridaceae,Megalastrum andicola,FALSE,FALSE
Equisetopsida,Sapindales,Meliaceae,Ruagea glabra,FALSE,TRUE
Equisetopsida,Asterales,Asteraceae,Lycoseris trinervis,FALSE,FALSE
Aves,Passeriformes,Cotingidae,Ampelioides tschudii,FALSE,FALSE
Equisetopsida,Metteniusales,Metteniusaceae,Calatola costaricensis,FALSE,FALSE
Equisetopsida,Caryophyllales,Nyctaginaceae,Neea floribunda,FALSE,FALSE
Equisetopsida,Zingiberales,Marantaceae,Calathea sanderiana,FALSE,FALSE
Equisetopsida,Asparagales,Orchidaceae,Epidendrum jasminosmum,FALSE,FALSE
Equisetopsida,Rosales,Moraceae,Helicostylis tovarensis,FALSE,FALSE
Equisetopsida,Polypodiales,Polypodiaceae,Microgramma lycopodioides,FALSE,FALSE
Equisetopsida,Malpighiales,Malpighiaceae,Byrsonima amoena,FALSE,FALSE
Equisetopsida,Asparagales,Orchidaceae,Pleurothallis cordata,FALSE,FALSE
Aves,Galbuliformes,Bucconidae,Chelidoptera tenebrosa,FALSE,FALSE
Equisetopsida,Myrtales,Melastomataceae,Henriettea verrucosa,FALSE,FALSE
Equisetopsida,Malvales,Malvaceae,Spirotheca rosea,FALSE,FALSE
Equisetopsida,Myrtales,Melastomataceae,Henriettea fascicularis,FALSE,FALSE
Equisetopsida,Malpighiales,Malpighiaceae,Byrsonima chrysophylla,FALSE,FALSE
Equisetopsida,Polypodiales,Athyriaceae,Diplazium macrophyllum,FALSE,FALSE
Equisetopsida,Malpighiales,Passifloraceae,Passiflora candollei,FALSE,FALSE
Equisetopsida,Caryophyllales,Nyctaginaceae,Neea divaricata,FALSE,FALSE
Equisetopsida,Malvales,Malvaceae,Heliocarpus americanus,FALSE,FALSE
Equisetopsida,Fabales,Fabaceae,Senna hirsuta,FALSE,FALSE
Equisetopsida,Zingiberales,Marantaceae,Calathea crotalifera,FALSE,FALSE
Aves,Passeriformes,Troglodytidae,Henicorhina leucoptera,FALSE,FALSE
Equisetopsida,Fabales,Fabaceae,Senna macrophylla var. Gigantifolia,FALSE,FALSE
Equisetopsida,Asparagales,Orchidaceae,Epidendrum labrychilum,FALSE,FALSE
Aves,Passeriformes,Troglodytidae,Henicorhina leucophrys,FALSE,FALSE
Aves,Passeriformes,Tyrannidae,Contopus virens,FALSE,FALSE
Aves,Passeriformes,Tyrannidae,Knipolegus poecilurus,FALSE,FALSE
Aves,Passeriformes,Tyrannidae,Hemitriccus rufigularis,FALSE,FALSE
Equisetopsida,Malpighiales,Passifloraceae,Passiflora coccinea,FALSE,FALSE
Aves,Passeriformes,Tyrannidae,Hemitriccus margaritaceiventer,FALSE,FALSE
Aves,Apodiformes,Apodidae,Aeronautes montivagus,FALSE,FALSE
Aves,Passeriformes,Tyrannidae,Knipolegus signatus,FALSE,FALSE
Equisetopsida,Sapindales,Sapindaceae,Matayba peruviana,FALSE,FALSE
Equisetopsida,Lamiales,Acanthaceae,Fittonia albivenis,FALSE,FALSE
Aves,Apodiformes,Trochilidae,Heliodoxa leadbeateri,FALSE,FALSE
Aves,Passeriformes,Tyrannidae,Hemitriccus granadensis,FALSE,FALSE
Equisetopsida,Malvales,Muntingiaceae,Muntingia calabura,FALSE,FALSE
Equisetopsida,Gentianales,Apocynaceae,Fischeria stellata,FALSE,FALSE
Aves,Passeriformes,Cardinalidae,Piranga rubriceps,FALSE,FALSE
Equisetopsida,Lamiales,Acanthaceae,Ruellia pedunculosa,FALSE,FALSE
Equisetopsida,Fabales,Fabaceae,Senna ruiziana,FALSE,FALSE
Equisetopsida,Rosales,Rosaceae,Rubus urticifolius,FALSE,FALSE
Mammalia,Primates,Pitheciidae,Cacajao calvus,FALSE,TRUE
Aves,Passeriformes,Tyrannidae,Hemitriccus flammulatus,FALSE,FALSE
Aves,Passeriformes,Icteridae,Cacicus cela,FALSE,FALSE
Equisetopsida,Lycopodiales,Lycopodiaceae,Lycopodium vestitum,FALSE,FALSE
Aves,Passeriformes,Tyrannidae,Hemitriccus cinnamomeipectus,FALSE,FALSE
Aves,Passeriformes,Tyrannidae,Contopus sordidulus,FALSE,FALSE
Equisetopsida,Lamiales,Acanthaceae,Ruellia haenkeana var. haenkeana,FALSE,FALSE
Equisetopsida,Myrtales,Melastomataceae,Miconia nutans,FALSE,FALSE
Aves,Passeriformes,Cotingidae,Ampelion rufaxilla,FALSE,FALSE
Equisetopsida,Malpighiales,Passifloraceae,Passiflora cumbalensis,FALSE,FALSE
Equisetopsida,Gentianales,Rubiaceae,Psychotria pichisensis,FALSE,FALSE
Aves,Passeriformes,Thraupidae,Hemithraupis flavicollis,FALSE,FALSE
Aves,Apodiformes,Trochilidae,Heliodoxa rubinoides,FALSE,FALSE
Equisetopsida,Poales,Poaceae,Calamagrostis longearistata,FALSE,FALSE
Equisetopsida,Lamiales,Acanthaceae,Ruellia chartacea,FALSE,FALSE
Equisetopsida,Lamiales,Acanthaceae,Ruellia brevifolia,FALSE,FALSE
Aves,Passeriformes,Icteridae,Cacicus chrysonotus,FALSE,FALSE
Aves,Gruiformes,Heliornithidae,Heliornis fulica,FALSE,FALSE
Equisetopsida,Ericales,Sapotaceae,Micropholis venulosa,FALSE,FALSE
Aves,Apodiformes,Trochilidae,Heliothryx auritus,FALSE,FALSE
Equisetopsida,Asparagales,Orchidaceae,Epidendrum luteostenophyton,FALSE,FALSE
Mammalia,Rodentia,Dasyproctidae,Dasyprocta fuliginosa,FALSE,FALSE
Equisetopsida,Laurales,Lauraceae,Nectandra villosa,FALSE,FALSE
Equisetopsida,Boraginales,Heliotropiaceae,Heliotropium angustiflorum,FALSE,FALSE
Equisetopsida,Gentianales,Rubiaceae,Psychotria paeonia,FALSE,FALSE
Aves,Passeriformes,Tyrannidae,Contopus nigrescens,FALSE,FALSE
Equisetopsida,Asparagales,Orchidaceae,Epidendrum macbridei,FALSE,FALSE
Aves,Passeriformes,Thraupidae,Sericossypha albocristata,FALSE,FALSE
Equisetopsida,Sapindales,Sapindaceae,Serjania altissima,FALSE,FALSE
Equisetopsida,Polypodiales,Hemidictyaceae,Hemidictyum marginatum,FALSE,FALSE
Reptilia,Crocodylia,Alligatoridae,Caiman crocodilus,FALSE,FALSE
Equisetopsida,Sapindales,Burseraceae,Dacryodes uruts-kunchae,FALSE,FALSE
Equisetopsida,Lycopodiales,Lycopodiaceae,Lycopodium jussiaei,FALSE,FALSE
Equisetopsida,Asparagales,Orchidaceae,Epidendrum macrocarpum,FALSE,FALSE
Equisetopsida,Gentianales,Rubiaceae,Rudgea verticillata,FALSE,FALSE
Equisetopsida,Malpighiales,Salicaceae,Abatia parviflora,FALSE,FALSE
Aves,Passeriformes,Tyrannidae,Contopus fumigatus,FALSE,FALSE
Aves,Passeriformes,Icteridae,Cacicus solitarius,FALSE,FALSE
Equisetopsida,Boraginales,Heliotropiaceae,Heliotropium indicum,FALSE,FALSE
Equisetopsida,Santalales,Balanophoraceae,Helosis cayennensis,FALSE,FALSE
Equisetopsida,Fabales,Fabaceae,Mimosa polydactyla,FALSE,FALSE
Equisetopsida,Gentianales,Rubiaceae,Psychotria oinochrophylla,FALSE,FALSE
Equisetopsida,Boraginales,Heliotropiaceae,Heliotropium verdcourtii,FALSE,FALSE
Equisetopsida,Proteales,Proteaceae,Oreocallis grandiflora,FALSE,FALSE
Aves,Passeriformes,Icteridae,Cacicus uropygialis,FALSE,FALSE
Equisetopsida,Gentianales,Rubiaceae,Rudgea stenophylla,FALSE,FALSE
Equisetopsida,Gentianales,Rubiaceae,Rudgea sessiliflora,FALSE,FALSE
Equisetopsida,Lamiales,Gesneriaceae,Kohleria peruviana,FALSE,FALSE
Aves,Passeriformes,Tyrannidae,Contopus cooperi,FALSE,FALSE
Equisetopsida,Gentianales,Rubiaceae,Psychotria montivaga,FALSE,FALSE
Equisetopsida,Polypodiales,Athyriaceae,Diplazium lindbergii,FALSE,FALSE
Equisetopsida,Ericales,Ericaceae,Disterigma alaternoides,FALSE,FALSE
Aves,Piciformes,Picidae,Dryocopus lineatus,FALSE,FALSE
Aves,Apodiformes,Trochilidae,Doryfera ludovicae,FALSE,FALSE
Equisetopsida,Asparagales,Orchidaceae,Epidendrum mavrodactylon,FALSE,FALSE
Equisetopsida,Rosales,Urticaceae,Pourouma guianensis,FALSE,FALSE
Equisetopsida,Laurales,Monimiaceae,Mollinedia ovata,FALSE,FALSE
Equisetopsida,Rosales,Moraceae,Ficus trigona,FALSE,FALSE
Mammalia,Cetartiodactyla,Tayassuidae,Dicotyles tajacu,FALSE,FALSE
Equisetopsida,Lamiales,Bignoniaceae,Cybistax antisyphilitica,FALSE,TRUE
Aves,Passeriformes,Furnariidae,Dendrocincla tyrannina,FALSE,FALSE
Equisetopsida,Gentianales,Rubiaceae,Psychotria micrantha,FALSE,FALSE
Reptilia,Testudines,Podocnemididae,Podocnemis unifilis,FALSE,TRUE
Equisetopsida,Malpighiales,Euphorbiaceae,Croton ferrugineus,FALSE,FALSE
Equisetopsida,Solanales,Solanaceae,Solanum pendulum,FALSE,FALSE
Equisetopsida,Aquifoliales,Stemonuraceae,Discophora guianensis,FALSE,FALSE
Equisetopsida,Sapindales,Sapindaceae,Serjania leptocarpa,FALSE,FALSE
Reptilia,Amphisbaenia,Amphisbaenidae,Amphisbaena alba,FALSE,FALSE
Equisetopsida,Rosales,Moraceae,Ficus tonduzii,FALSE,FALSE
Aves,Passeriformes,Conopophagidae,Conopophaga castaneiceps,FALSE,FALSE
Equisetopsida,Gentianales,Rubiaceae,Kutchubaea urophylla,TRUE,FALSE
Equisetopsida,Asparagales,Orchidaceae,Epidendrum musciferum,FALSE,FALSE
Equisetopsida,Alismatales,Araceae,Monstera obliqua,FALSE,FALSE
Equisetopsida,Rosales,Urticaceae,Pourouma mollis,FALSE,FALSE
Equisetopsida,Gentianales,Rubiaceae,Chimarrhis glabriflora,FALSE,FALSE
Equisetopsida,Solanales,Solanaceae,Lycianthes stenoloba,FALSE,FALSE
Equisetopsida,Gentianales,Rubiaceae,Chiococca alba,FALSE,FALSE
Aves,Passeriformes,Tyrannidae,Phylloscartes poecilotis,FALSE,FALSE
Equisetopsida,Piperales,Piperaceae,Piper arboreum,FALSE,FALSE
Equisetopsida,Asparagales,Orchidaceae,Epidendrum ornis,FALSE,FALSE
Equisetopsida,Asparagales,Orchidaceae,Epidendrum ovatilabium,FALSE,FALSE
Equisetopsida,Solanales,Solanaceae,Lycianthes sprucei,FALSE,FALSE
Aves,Passeriformes,Tyrannidae,Conopias cinchoneti,FALSE,FALSE
Aves,Passeriformes,Cotingidae,Pipreola frontalis,FALSE,FALSE
Aves,Passeriformes,Furnariidae,Anabacerthia striaticollis,FALSE,TRUE
Equisetopsida,Gentianales,Rubiaceae,Chiococca nitida,FALSE,FALSE
Equisetopsida,Fabales,Fabaceae,Phaseolus dumosus,FALSE,FALSE
Aves,Cuculiformes,Cuculidae,Piaya cayana,FALSE,FALSE
Equisetopsida,Solanales,Solanaceae,Lycianthes radiata,FALSE,FALSE
Aves,Passeriformes,Tyrannidae,Myiopagis gaimardii,FALSE,FALSE
Equisetopsida,Poales,Poaceae,Pharus virescens,FALSE,FALSE
Equisetopsida,Solanales,Solanaceae,Lycianthes pauciflora,FALSE,FALSE
Equisetopsida,Rosales,Urticaceae,Pourouma velutina,FALSE,FALSE
Equisetopsida,Rosales,Moraceae,Ficus pertusa,FALSE,FALSE
Equisetopsida,Asparagales,Orchidaceae,Epidendrum pleurothallipnevma,FALSE,FALSE
Aves,Apodiformes,Trochilidae,Chionomesa lactea,FALSE,FALSE
Aves,Passeriformes,Corvidae,Cyanocorax yncas,FALSE,FALSE
Aves,Passeriformes,Thraupidae,Conirostrum speciosum,FALSE,FALSE
Equisetopsida,Solanales,Solanaceae,Solanum occultum,FALSE,FALSE
Equisetopsida,Solanales,Solanaceae,Lycianthes inaequilatera,FALSE,FALSE
Equisetopsida,Solanales,Solanaceae,Lycianthes glandulosa,FALSE,FALSE
Equisetopsida,Myrtales,Melastomataceae,Monolena primuliflora,FALSE,FALSE
Equisetopsida,Laurales,Lauraceae,Nectandra pseudocotea,FALSE,FALSE
Equisetopsida,Myrtales,Lythraceae,Physocalymma scaberrimum,FALSE,FALSE
Equisetopsida,Solanales,Solanaceae,Solanum obliquum,FALSE,FALSE
Equisetopsida,Asparagales,Orchidaceae,Pleurothallis floribunda,FALSE,FALSE
Equisetopsida,Ericales,Sapotaceae,Pouteria bilocularis,FALSE,FALSE
Equisetopsida,Polypodiales,Aspleniaceae,Asplenium serratum,FALSE,FALSE
Equisetopsida,Asparagales,Orchidaceae,Epidendrum ramosum,FALSE,FALSE
Equisetopsida,Gentianales,Rubiaceae,Psychotria elmeriana,FALSE,FALSE
Equisetopsida,Polypodiales,Aspleniaceae,Asplenium serra,FALSE,FALSE
Equisetopsida,Gentianales,Rubiaceae,Psychotria carthagenensis,FALSE,FALSE
Equisetopsida,Solanales,Solanaceae,Solanum nemorense,FALSE,FALSE
Equisetopsida,Malpighiales,Passifloraceae,Passiflora pyrrhantha,FALSE,FALSE
Aves,Passeriformes,Thraupidae,Conirostrum albifrons,FALSE,FALSE
Aves,Passeriformes,Tyrannidae,Myiopagis viridicata,FALSE,FALSE
Equisetopsida,Malpighiales,Passifloraceae,Passiflora quadriglandulosa,FALSE,FALSE
Equisetopsida,Rosales,Moraceae,Ficus maxima,FALSE,FALSE
Equisetopsida,Malpighiales,Passifloraceae,Passiflora riparia,FALSE,FALSE
Aves,Passeriformes,Tyrannidae,Myiophobus cryptoxanthus,FALSE,FALSE
Equisetopsida,Rosales,Moraceae,Ficus mathewsii,FALSE,FALSE
Equisetopsida,Cyatheales,Dicksoniaceae,Dicksonia sellowiana,FALSE,FALSE
Equisetopsida,Asparagales,Orchidaceae,Epidendrum secundum,FALSE,FALSE
Equisetopsida,Gentianales,Rubiaceae,Psychotria boninensis,FALSE,FALSE
Aves,Passeriformes,Furnariidae,Dendrocolaptes certhia,FALSE,FALSE
Equisetopsida,Gentianales,Rubiaceae,Psychotria anceps,FALSE,FALSE
Equisetopsida,Rosales,Moraceae,Ficus macbridei,FALSE,FALSE
Aves,Passeriformes,Tyrannidae,Myiophobus fasciatus,FALSE,FALSE
Aves,Anseriformes,Anatidae,Anas bahamensis,FALSE,FALSE
Equisetopsida,Laurales,Lauraceae,Nectandra membranacea,FALSE,FALSE
Equisetopsida,Gentianales,Rubiaceae,Condaminea corymbosa,FALSE,FALSE
Equisetopsida,Solanales,Solanaceae,Solanum mite,FALSE,FALSE
Aves,Trogoniformes,Trogonidae,Pharomachrus auriceps,FALSE,FALSE
Aves,Passeriformes,Tyrannidae,Myiophobus flavicans,FALSE,FALSE
Aves,Passeriformes,Furnariidae,Dendrocolaptes picumnus,FALSE,FALSE
Aves,Passeriformes,Tyrannidae,Myiophobus phoenicomitra,FALSE,FALSE
Reptilia,Serpentes,Colubridae,Chironius monticola,FALSE,FALSE
Aves,Strigiformes,Strigidae,Megascops choliba,FALSE,FALSE
Equisetopsida,Solanales,Solanaceae,Solanum maturecalvans,FALSE,FALSE
Mammalia,Cetartiodactyla,Cervidae,Mazama americana,FALSE,FALSE
Equisetopsida,Alismatales,Araceae,Monstera lechleriana,FALSE,FALSE
Reptilia,Serpentes,Viperidae,Lachesis muta,FALSE,FALSE
Aves,Trogoniformes,Trogonidae,Pharomachrus antisianus,FALSE,FALSE
Aves,Passeriformes,Tyrannidae,Myiophobus roraimae,FALSE,FALSE
Equisetopsida,Rosales,Moraceae,Ficus insipida,FALSE,FALSE
Aves,Passeriformes,Tyrannidae,Myiornis albiventris,FALSE,FALSE
Equisetopsida,Polypodiales,Aspleniaceae,Asplenium flabellulatum,FALSE,FALSE
Equisetopsida,Polypodiales,Polypodiaceae,Serpocaulon fraxinifolium,FALSE,FALSE
Aves,Passeriformes,Tyrannidae,Phylloscartes orbitalis,FALSE,FALSE
Aves,Psittaciformes,Psittacidae,Psittacara wagleri,FALSE,FALSE
Equisetopsida,Piperales,Piperaceae,Piper augustum,FALSE,FALSE
Aves,Caprimulgiformes,Caprimulgidae,Lurocalis rufiventris,FALSE,FALSE
Equisetopsida,Asparagales,Orchidaceae,Epidendrum tridens,FALSE,TRUE
Aves,Apodiformes,Trochilidae,Chlorestes cyanus,FALSE,FALSE
Equisetopsida,Asparagales,Orchidaceae,Epidendrum urichianum,FALSE,FALSE
Equisetopsida,Piperales,Piperaceae,Piper bellidifolium,FALSE,FALSE
Equisetopsida,Asparagales,Orchidaceae,Epidendrum venceremos,FALSE,FALSE
Equisetopsida,Asparagales,Orchidaceae,Anathallis obovata,FALSE,FALSE
Aves,Charadriiformes,Scolopacidae,Actitis macularius,FALSE,FALSE
Equisetopsida,Asparagales,Orchidaceae,Anathallis sclerophylla,FALSE,FALSE
Equisetopsida,Polypodiales,Polypodiaceae,Serpocaulon latissimum,FALSE,FALSE
Equisetopsida,Lamiales,Gesneriaceae,Columnea orientandina,FALSE,FALSE
Equisetopsida,Lamiales,Gesneriaceae,Columnea moesta,FALSE,FALSE
Equisetopsida,Gentianales,Rubiaceae,Agouticarpa isernii,FALSE,FALSE
Equisetopsida,Rosales,Urticaceae,Pouzolzia poeppigiana,FALSE,FALSE
Equisetopsida,Lamiales,Gesneriaceae,Columnea inaequilatera,FALSE,FALSE
Equisetopsida,Asparagales,Orchidaceae,Epidendrum vinosum,FALSE,FALSE
Equisetopsida,Asparagales,Orchidaceae,Epidendrum whittenii,FALSE,FALSE
Equisetopsida,Laurales,Lauraceae,Nectandra longifolia,FALSE,FALSE
Equisetopsida,Malpighiales,Euphorbiaceae,Croton lechleri,FALSE,FALSE
Equisetopsida,Lamiales,Gesneriaceae,Columnea ericae,FALSE,FALSE
Equisetopsida,Piperales,Piperaceae,Piper casapiense,FALSE,FALSE
Aves,Charadriiformes,Scolopacidae,Bartramia longicauda,FALSE,FALSE
Equisetopsida,Asparagales,Orchidaceae,Epidendrum yasgolgaënse,FALSE,FALSE
Aves,Passeriformes,Tyrannidae,Myiotheretes striaticollis,FALSE,FALSE
Equisetopsida,Lamiales,Gesneriaceae,Columnea boliviana,FALSE,FALSE
Equisetopsida,Poales,Bromeliaceae,Pitcairnia sceptriformis,FALSE,FALSE
Aves,Falconiformes,Falconidae,Phalcoboenus megalopterus,FALSE,FALSE
Aves,Passeriformes,Corvidae,Cyanocorax violaceus,FALSE,FALSE
Aves,Columbiformes,Columbidae,Columbina talpacoti,FALSE,FALSE
Aves,Passeriformes,Furnariidae,Premnoplex brunnescens,FALSE,FALSE
Equisetopsida,Polypodiales,Aspleniaceae,Asplenium bangii,FALSE,FALSE
Equisetopsida,Gentianales,Apocynaceae,Lacmellea edulis,FALSE,FALSE
Equisetopsida,Solanales,Solanaceae,Solanum grandiflorum,FALSE,FALSE
Equisetopsida,Polypodiales,Aspleniaceae,Asplenium auritum,FALSE,FALSE
Aves,Passeriformes,Parulidae,Myiothlypis coronata,FALSE,FALSE
Aves,Psittaciformes,Psittacidae,Psittacara leucophthalmus,FALSE,FALSE
Aves,Columbiformes,Columbidae,Columbina minuta,FALSE,FALSE
Equisetopsida,Gentianales,Apocynaceae,Lacmellea peruviana,FALSE,FALSE
Equisetopsida,Piperales,Piperaceae,Piper cordatum,FALSE,FALSE
Aves,Passeriformes,Furnariidae,Premnornis guttuliger,FALSE,FALSE
Equisetopsida,Santalales,Loranthaceae,Passovia pyrifolia,FALSE,FALSE
Equisetopsida,Commelinales,Commelinaceae,Dichorisandra hexandra,FALSE,FALSE
Equisetopsida,Laurales,Lauraceae,Nectandra lineata,FALSE,FALSE
Equisetopsida,Rosales,Moraceae,Ficus citrifolia,FALSE,FALSE
Equisetopsida,Santalales,Loranthaceae,Psittacanthus truncatus,FALSE,FALSE
Equisetopsida,Myrtales,Onagraceae,Ludwigia peruviana,FALSE,FALSE
Equisetopsida,Polypodiales,Aspleniaceae,Asplenium abscissum,FALSE,FALSE
Aves,Coraciiformes,Alcedinidae,Chloroceryle aenea,FALSE,FALSE
Aves,Piciformes,Ramphastidae,Andigena hypoglauca,FALSE,FALSE
Equisetopsida,Gentianales,Rubiaceae,Dioicodendron dioicum,FALSE,FALSE
Aves,Passeriformes,Parulidae,Myiothlypis fulvicauda,FALSE,FALSE
Aves,Columbiformes,Columbidae,Patagioenas cayennensis,FALSE,FALSE
Equisetopsida,Caryophyllales,Cactaceae,Epiphyllum phyllanthus,FALSE,FALSE
Equisetopsida,Asparagales,Orchidaceae,Epistephium amabile,TRUE,FALSE
Equisetopsida,Santalales,Loranthaceae,Psittacanthus cucullaris,FALSE,FALSE
Equisetopsida,Gentianales,Apocynaceae,Prestonia tomentosa,FALSE,FALSE
Aves,Passeriformes,Parulidae,Myiothlypis luteoviridis,FALSE,FALSE
Equisetopsida,Gentianales,Apocynaceae,Prestonia trifida,FALSE,FALSE
Equisetopsida,Malpighiales,Salicaceae,Banara guianensis,FALSE,FALSE
Equisetopsida,Asparagales,Orchidaceae,Pleurothallis phyllocardioides,FALSE,FALSE
Aves,Coraciiformes,Alcedinidae,Chloroceryle amazona,FALSE,FALSE
Aves,Passeriformes,Tyrannidae,Colonia colonus,FALSE,FALSE
Equisetopsida,Rosales,Moraceae,Ficus americana subsp. guianensis,FALSE,FALSE
Equisetopsida,Solanales,Solanaceae,Solanum caricaefolium,FALSE,FALSE
Equisetopsida,Rosales,Moraceae,Ficus americana,FALSE,FALSE
Aves,Passeriformes,Tyrannidae,Platyrinchus flavigularis,FALSE,FALSE
Equisetopsida,Polypodiales,Athyriaceae,Diplazium cristatum,FALSE,FALSE
Equisetopsida,Gentianales,Rubiaceae,Ladenbergia klugii,FALSE,FALSE
Equisetopsida,Solanales,Solanaceae,Solanum bellum,FALSE,FALSE
Equisetopsida,Myrtales,Melastomataceae,Phainantha shuariorum,FALSE,FALSE
Aves,Passeriformes,Thamnophilidae,Microrhopias quixensis,FALSE,FALSE
Aves,Coraciiformes,Alcedinidae,Chloroceryle americana,FALSE,FALSE
Equisetopsida,Poales,Poaceae,Andropogon bicornis,FALSE,FALSE
Equisetopsida,Gentianales,Rubiaceae,Ladenbergia muzonensis,FALSE,FALSE
Equisetopsida,Gentianales,Rubiaceae,Ladenbergia oblongifolia,FALSE,FALSE
Aves,Passeriformes,Parulidae,Myiothlypis nigrocristata,FALSE,FALSE
Aves,Passeriformes,Furnariidae,Dendroma rufa,FALSE,FALSE
Equisetopsida,Piperales,Piperaceae,Piper coruscans,FALSE,FALSE
Equisetopsida,Solanales,Solanaceae,Solanum asperum,FALSE,FALSE
Aves,Coraciiformes,Alcedinidae,Chloroceryle inda,FALSE,FALSE
Equisetopsida,Myrtales,Melastomataceae,Miconia longifolia,FALSE,FALSE
Equisetopsida,Piperales,Piperaceae,Piper coruscans var. Membranaceum,FALSE,FALSE
Equisetopsida,Lamiales,Bignoniaceae,Anemopaegma paraense,FALSE,FALSE
Aves,Passeriformes,Thraupidae,Pipraeidea melanonota,FALSE,FALSE
Aves,Apodiformes,Trochilidae,Phaethornis syrmatophorus,FALSE,FALSE
Aves,Passeriformes,Thraupidae,Chlorochrysa calliparaea,FALSE,FALSE
Aves,Passeriformes,Tyrannidae,Phylloscartes ophthalmicus,FALSE,FALSE
Aves,Passeriformes,Tyrannidae,Phylloscartes gualaquizae,FALSE,FALSE
Aves,Apodiformes,Trochilidae,Colibri cyanotus,FALSE,FALSE
Aves,Anseriformes,Anhimidae,Anhima cornuta,FALSE,FALSE
Equisetopsida,Solanales,Solanaceae,Solanum appressum,FALSE,FALSE
Equisetopsida,Asterales,Asteraceae,Erato polymnioides,FALSE,FALSE
Aves,Passeriformes,Tyrannidae,Myiotriccus ornatus,FALSE,FALSE
Equisetopsida,Aquifoliales,Phyllonomaceae,Phyllonoma ruscifolia,FALSE,FALSE
Equisetopsida,Laurales,Lauraceae,Nectandra hihua,FALSE,FALSE
Equisetopsida,Asterales,Asteraceae,Erechtites hieraciifolius,FALSE,FALSE
Aves,Passeriformes,Icteridae,Molothrus bonariensis,FALSE,FALSE
Aves,Suliformes,Anhingidae,Anhinga anhinga,FALSE,FALSE
Equisetopsida,Myrtales,Melastomataceae,Miconia pyrifolia,FALSE,FALSE
Mammalia,Cingulata,Chlamyphoridae,Priodontes maximus,FALSE,TRUE
Equisetopsida,Solanales,Solanaceae,Solanum aphyodendron,FALSE,FALSE
Aves,Passeriformes,Tyrannidae,Phyllomyias plumbeiceps,FALSE,FALSE
Equisetopsida,Laurales,Lauraceae,Nectandra discolor,FALSE,FALSE
Aves,Passeriformes,Tyrannidae,Serpophaga cinerea,FALSE,FALSE
Aves,Passeriformes,Tyrannidae,Pseudotriccus ruficeps,FALSE,FALSE
Aves,Passeriformes,Tyrannidae,Myiozetetes granadensis,FALSE,FALSE
Aves,Passeriformes,Thraupidae,Loriotus rufiventer,FALSE,FALSE
Aves,Passeriformes,Tyrannidae,Phyllomyias nigrocapillus,FALSE,FALSE
Equisetopsida,Laurales,Lauraceae,Aniba hostmanniana,FALSE,FALSE
Aves,Passeriformes,Thraupidae,Asemospiza obscura,FALSE,FALSE
Aves,Apodiformes,Trochilidae,Phaethornis ruber,FALSE,FALSE
Equisetopsida,Laurales,Lauraceae,Aniba muca,FALSE,FALSE
Aves,Psittaciformes,Psittacidae,Pyrrhura melanura,FALSE,FALSE
Aves,Columbiformes,Columbidae,Patagioenas fasciata,FALSE,FALSE
Aves,Passeriformes,Thraupidae,Loriotus luctuosus,FALSE,FALSE
Aves,Passeriformes,Fringillidae,Chlorophonia cyanea,FALSE,FALSE
Aves,Passeriformes,Thraupidae,Cyanerpes caeruleus,FALSE,FALSE
Aves,Passeriformes,Tyrannidae,Phyllomyias griseiceps,FALSE,FALSE
Equisetopsida,Polypodiales,Dryopteridaceae,Elaphoglossum lingua,FALSE,FALSE
Equisetopsida,Solanales,Solanaceae,Solanum anceps,FALSE,FALSE
Equisetopsida,Laurales,Lauraceae,Nectandra cuspidata,FALSE,FALSE
Aves,Passeriformes,Fringillidae,Chlorophonia pyrrhophrys,FALSE,FALSE
Aves,Passeriformes,Tyrannidae,Pseudotriccus pelzelni,FALSE,FALSE
Equisetopsida,Asparagales,Orchidaceae,Pleurothallis sclerophylla,FALSE,FALSE
Equisetopsida,Lamiales,Acanthaceae,Mendoncia sprucei,FALSE,FALSE
Aves,Apodiformes,Trochilidae,Phaethornis pretrei,FALSE,FALSE
Aves,Apodiformes,Trochilidae,Colibri coruscans,FALSE,FALSE
Equisetopsida,Malpighiales,Euphorbiaceae,Croton rimbachii,FALSE,FALSE
Aves,Passeriformes,Pipridae,Chloropipo unicolor,FALSE,FALSE
Aves,Passeriformes,Thraupidae,Chlorornis riefferii,FALSE,FALSE
Equisetopsida,Malpighiales,Euphorbiaceae,Acalypha macrostachya,FALSE,FALSE
Aves,Galliformes,Cracidae,Pipile cumanensis,FALSE,FALSE
Aves,Passeriformes,Tyrannidae,Lophotriccus vitiosus,FALSE,FALSE
Equisetopsida,Malpighiales,Euphorbiaceae,Croton sampatik,FALSE,FALSE
Equisetopsida,Poales,Poaceae,Arundinella berteroniana,FALSE,FALSE
Equisetopsida,Sapindales,Anacardiaceae,Mauria heterophylla,FALSE,TRUE
Aves,Passeriformes,Thraupidae,Pseudospingus xanthophthalmus,FALSE,FALSE
Aves,Apodiformes,Trochilidae,Eriocnemis aline,FALSE,FALSE
Aves,Apodiformes,Trochilidae,Phaethornis koepckeae,TRUE,FALSE
Aves,Passeriformes,Thraupidae,Anisognathus igniventris,FALSE,FALSE
Equisetopsida,Solanales,Solanaceae,Solanum altissimum,FALSE,FALSE
Aves,Passeriformes,Passerellidae,Chlorospingus canigularis,FALSE,FALSE
Aves,Piciformes,Picidae,Colaptes rubiginosus,FALSE,FALSE
Aves,Passeriformes,Thraupidae,Anisognathus lacrymosus,FALSE,FALSE
Aves,Passeriformes,Tyrannidae,Lophotriccus pileatus,FALSE,FALSE
Aves,Passeriformes,Passerellidae,Chlorospingus flavigularis,FALSE,FALSE
Equisetopsida,Malpighiales,Euphorbiaceae,Croton stenosepalus,FALSE,FALSE
Mammalia,Primates,Atelidae,Lagothrix flavicauda,TRUE,TRUE
Equisetopsida,Myrtales,Melastomataceae,Miconia eriocalyx,FALSE,FALSE
Aves,Passeriformes,Thraupidae,Anisognathus somptuosus,FALSE,FALSE
Equisetopsida,Solanales,Solanaceae,Solanum albidum,FALSE,FALSE
Aves,Piciformes,Picidae,Colaptes rivolii,FALSE,FALSE
Mammalia,Primates,Atelidae,Lagothrix lagothricha,FALSE,TRUE
Equisetopsida,Podocarpales,Podocarpaceae,Podocarpus oleifolius,FALSE,TRUE
Aves,Passeriformes,Passerellidae,Chlorospingus flavopectus,FALSE,FALSE
Aves,Apodiformes,Trochilidae,Phaethornis guy,FALSE,FALSE
Aves,Piciformes,Picidae,Colaptes punctigula,FALSE,FALSE
Aves,Passeriformes,Tyrannidae,Myiozetetes similis,FALSE,FALSE
Equisetopsida,Asparagales,Orchidaceae,Pleurothallis talpinaria,FALSE,FALSE
Equisetopsida,Magnoliales,Annonaceae,Annona andicola,FALSE,FALSE
Equisetopsida,Poales,Poaceae,Coix lacryma-jobi,FALSE,FALSE
Aves,Passeriformes,Passerellidae,Chlorospingus parvirostris,FALSE,FALSE
Equisetopsida,Asparagales,Orchidaceae,Pleurothallis xanthochlora,FALSE,FALSE
Aves,Apodiformes,Trochilidae,Chlorostilbon mellisugus,FALSE,FALSE
Equisetopsida,Santalales,Loranthaceae,Dendrophthora elegantissima,FALSE,FALSE
Equisetopsida,Polypodiales,Athyriaceae,Diplazium ambiguum,FALSE,FALSE
Equisetopsida,Sapindales,Rutaceae,Spiranthera parviflora,FALSE,FALSE
Aves,Passeriformes,Troglodytidae,Cyphorhinus thoracicus,FALSE,FALSE
Equisetopsida,Pandanales,Cyclanthaceae,Cyclanthus bipartitus,FALSE,FALSE
Aves,Accipitriformes,Accipitridae,Morphnus guianensis,FALSE,TRUE
Equisetopsida,Malvales,Malvaceae,Abutilon multiflorum,FALSE,FALSE
Aves,Passeriformes,Tityridae,Laniisoma elegans,FALSE,FALSE
Equisetopsida,Lamiales,Acanthaceae,Dianthera racemosa,FALSE,FALSE
Equisetopsida,Apiales,Apiaceae,Eryngium foetidum,FALSE,FALSE
Aves,Columbiformes,Columbidae,Patagioenas plumbea,FALSE,FALSE
Aves,Passeriformes,Thraupidae,Lanio fulvus,FALSE,FALSE
Equisetopsida,Polypodiales,Dryopteridaceae,Elaphoglossum glabellum,FALSE,FALSE
Aves,Passeriformes,Rhinocryptidae,Myornis senilis,FALSE,FALSE
Equisetopsida,Rosales,Urticaceae,Pilea diversifolia,FALSE,FALSE
Aves,Podicipediformes,Podicipedidae,Podilymbus podiceps,FALSE,FALSE
Aves,Passeriformes,Thraupidae,Coereba flaveola,FALSE,FALSE
Aves,Apodiformes,Trochilidae,Phaethornis atrimentalis,FALSE,FALSE
Mammalia,Carnivora,Mustelidae,Lontra longicaudis,FALSE,FALSE
Equisetopsida,Polypodiales,Pteridaceae,Adiantum raddianum,FALSE,FALSE
Equisetopsida,Asparagales,Orchidaceae,Maxillaria acuminata,FALSE,FALSE
Equisetopsida,Arecales,Arecaceae,Socratea exorrhiza,FALSE,FALSE
Mammalia,Chiroptera,Phyllostomidae,Choeroniscus minor,FALSE,FALSE
Aves,Passeriformes,Tyrannidae,Phaeomyias murina,FALSE,FALSE
Equisetopsida,Lamiales,Gesneriaceae,Anodiscus xanthophyllus,FALSE,FALSE
Aves,Columbiformes,Columbidae,Patagioenas speciosa,FALSE,FALSE
Aves,Passeriformes,Furnariidae,Phacellodomus rufifrons,FALSE,FALSE
Equisetopsida,Malpighiales,Euphorbiaceae,Alchornea acutifolia,FALSE,FALSE
Equisetopsida,Gentianales,Rubiaceae,Faramea multiflora,FALSE,FALSE
Mammalia,Primates,Cebidae,Cebus (Cebus) albifrons,FALSE,FALSE
Aves,Passeriformes,Parulidae,Setophaga cerulea,FALSE,TRUE
Equisetopsida,Fabales,Fabaceae,Erythrina edulis,FALSE,FALSE
Aves,Passeriformes,Parulidae,Setophaga fusca,FALSE,FALSE
Mammalia,Rodentia,Erethizontidae,Coendou bicolor,FALSE,FALSE
Aves,Cuculiformes,Cuculidae,Crotophaga ani,FALSE,FALSE
Aves,Falconiformes,Falconidae,Micrastur ruficollis,FALSE,FALSE
Equisetopsida,Fabales,Fabaceae,Erythrina peruviana,FALSE,FALSE
Aves,Passeriformes,Passerellidae,Arremon torquatus,FALSE,FALSE
Equisetopsida,Fabales,Fabaceae,Erythrina poeppigiana,FALSE,FALSE
Aves,Passeriformes,Furnariidae,Dendroplex picus,FALSE,FALSE
Mammalia,Carnivora,Procyonidae,Nasua nasua,FALSE,FALSE
Aves,Columbiformes,Columbidae,Patagioenas subvinacea,FALSE,FALSE
Aves,Accipitriformes,Accipitridae,Morphnarchus princeps,FALSE,FALSE
Equisetopsida,Laurales,Lauraceae,Pleurothyrium cuneifolium,FALSE,FALSE
Equisetopsida,Asparagales,Orchidaceae,Maxillaria aurea,FALSE,FALSE
Aves,Passeriformes,Thamnophilidae,Pithys albifrons,FALSE,FALSE
Equisetopsida,Asparagales,Orchidaceae,Sobralia rosea,FALSE,FALSE
Aves,Apodiformes,Trochilidae,Coeligena torquata,FALSE,FALSE
Aves,Accipitriformes,Accipitridae,Chondrohierax uncinatus,FALSE,FALSE
Equisetopsida,Polypodiales,Lomariopsidaceae,Lomariopsis salicifolia,FALSE,FALSE
Aves,Passeriformes,Passerellidae,Arremon brunneinucha,FALSE,FALSE
Equisetopsida,Gentianales,Rubiaceae,Palicourea pandensis,FALSE,FALSE
Equisetopsida,Malvales,Malvaceae,Abutilon ramiflorum,FALSE,FALSE
Aves,Apodiformes,Trochilidae,Coeligena coeligena,FALSE,FALSE
Equisetopsida,Sapindales,Rutaceae,Erythrochiton fallax,FALSE,FALSE
Aves,Passeriformes,Parulidae,Setophaga pitiayumi,FALSE,FALSE
Equisetopsida,Polypodiales,Dryopteridaceae,Elaphoglossum erinaceum,FALSE,FALSE
Aves,Passeriformes,Passerellidae,Arremon aurantiirostris,FALSE,FALSE
Aves,Passeriformes,Fringillidae,Spinus olivaceus,FALSE,FALSE
Equisetopsida,Laurales,Lauraceae,Persea pseudofasciculata,FALSE,FALSE
Equisetopsida,Asparagales,Orchidaceae,Sobralia crocea,FALSE,FALSE
Equisetopsida,Malpighiales,Erythroxylaceae,Erythroxylum citrifolium,FALSE,FALSE
Equisetopsida,Asparagales,Orchidaceae,Sobralia ciliata,FALSE,FALSE
Equisetopsida,Poales,Poaceae,Lasiacis maculata,FALSE,FALSE
Equisetopsida,Fabales,Fabaceae,Cochliasanthus caracalla,FALSE,FALSE
Equisetopsida,Malpighiales,Erythroxylaceae,Erythroxylum gracilipes,FALSE,FALSE
Aves,Falconiformes,Falconidae,Falco sparverius,FALSE,FALSE
Aves,Apodiformes,Trochilidae,Loddigesia mirabilis,TRUE,TRUE
Aves,Pelecaniformes,Ardeidae,Cochlearius cochlearius,FALSE,FALSE
Equisetopsida,Sapindales,Sapindaceae,Paullinia bilobulata,FALSE,FALSE
Equisetopsida,Piperales,Piperaceae,Piper hispidum,FALSE,FALSE
Aves,Passeriformes,Tyrannidae,Platyrinchus mystaceus,FALSE,FALSE
Aves,Passeriformes,Thraupidae,Sicalis luteola,FALSE,FALSE
Aves,Cuculiformes,Cuculidae,Coccyzus melacoryphus,FALSE,FALSE
Equisetopsida,Dioscoreales,Dioscoreaceae,Dioscorea chondrocarpa,FALSE,FALSE
Aves,Passeriformes,Cotingidae,Snowornis cryptolophus,FALSE,FALSE
Aves,Falconiformes,Falconidae,Falco rufigularis,FALSE,FALSE
Equisetopsida,Sapindales,Sapindaceae,Paullinia dasystachya,FALSE,FALSE
Aves,Falconiformes,Falconidae,Daptrius ater,FALSE,FALSE
Aves,Cuculiformes,Cuculidae,Coccyzus erythropthalmus,FALSE,FALSE
Equisetopsida,Liliales,Smilacaceae,Smilax purhampuy,FALSE,FALSE
Equisetopsida,Malpighiales,Erythroxylaceae,Erythroxylum squamatum,FALSE,FALSE
Equisetopsida,Myrtales,Lythraceae,Cuphea setosa,FALSE,FALSE
Equisetopsida,Laurales,Lauraceae,Pleurothyrium poeppigii,FALSE,FALSE
Aves,Cuculiformes,Cuculidae,Crotophaga major,FALSE,FALSE
Equisetopsida,Myrtales,Lythraceae,Cuphea ciliata,FALSE,FALSE
Equisetopsida,Escalloniales,Escalloniaceae,Escallonia myrtilloides,FALSE,TRUE
Equisetopsida,Brassicales,Brassicaceae,Draba wurdackii,FALSE,FALSE
Aves,Falconiformes,Falconidae,Falco deiroleucus,FALSE,FALSE
Equisetopsida,Asterales,Asteraceae,Pseudognaphalium elegans,FALSE,FALSE
Equisetopsida,Caryophyllales,Polygonaceae,Coccoloba mollis,FALSE,FALSE
Equisetopsida,Myrtales,Myrtaceae,Myrcia aliena,FALSE,FALSE
Aves,Passeriformes,Tyrannidae,Lathrotriccus euleri,FALSE,FALSE
Equisetopsida,Piperales,Piperaceae,Piper umbellatum,FALSE,FALSE
Equisetopsida,Brassicales,Cleomaceae,Podandrogyne mathewsii subsp. ulei,FALSE,FALSE
Equisetopsida,Laurales,Lauraceae,Persea areolatocostae,FALSE,FALSE
Equisetopsida,Lamiales,Acanthaceae,Mendoncia glabra,FALSE,FALSE
Aves,Passeriformes,Cotingidae,Lipaugus vociferans,FALSE,FALSE
Equisetopsida,Brassicales,Capparaceae,Morisonia sola,FALSE,FALSE
Equisetopsida,Malvales,Malvaceae,Pavonia insperabilis,FALSE,FALSE
Equisetopsida,Solanales,Solanaceae,Exodeconus prostratus,TRUE,FALSE
Equisetopsida,Malvales,Malvaceae,Pavonia mollis,FALSE,FALSE
Equisetopsida,Malpighiales,Clusiaceae,Chrysochlamys weberbaueri,FALSE,FALSE
Aves,Passeriformes,Tyrannidae,Mecocerculus poecilocercus,FALSE,FALSE
Equisetopsida,Asparagales,Orchidaceae,Liparis inaudita,FALSE,FALSE
Equisetopsida,Myrtales,Myrtaceae,Myrcia egensis,FALSE,FALSE
Equisetopsida,Malvales,Malvaceae,Sida cordifolia,FALSE,FALSE
Equisetopsida,Ericales,Polemoniaceae,Cobaea scandens,FALSE,FALSE
Aves,Accipitriformes,Accipitridae,Geranoaetus polyosoma,FALSE,FALSE
Aves,Passeriformes,Icteridae,Chrysomus icterocephalus,FALSE,FALSE
Equisetopsida,Ericales,Lecythidaceae,Eschweilera decolorans,FALSE,FALSE
Equisetopsida,Brassicales,Cleomaceae,Podandrogyne glabra,FALSE,FALSE
Equisetopsida,Ericales,Sapotaceae,Chrysophyllum amazonicum,FALSE,FALSE
Equisetopsida,Piperales,Piperaceae,Piper lanceolatum,FALSE,FALSE
Equisetopsida,Asparagales,Orchidaceae,Liparis altomayoënsis,FALSE,FALSE
Equisetopsida,Sapindales,Rutaceae,Esenbeckia grandiflora,FALSE,FALSE
Aves,Passeriformes,Tyrannidae,Mecocerculus minor,FALSE,FALSE
Equisetopsida,Cornales,Loasaceae,Nasa triphylla subsp. elegans,FALSE,FALSE
Equisetopsida,Alismatales,Araceae,Anthurium breviscapum,FALSE,FALSE
Equisetopsida,Myrtales,Melastomataceae,Aciotis rubricaulis,FALSE,FALSE
Aves,Passeriformes,Thraupidae,Cnemoscopus rubrirostris,FALSE,FALSE
Equisetopsida,Piperales,Piperaceae,Piper lineatum,FALSE,FALSE
Equisetopsida,Malvales,Malvaceae,Pavonia sidifolia,FALSE,FALSE
Aves,Accipitriformes,Accipitridae,Spizaetus tyrannus,FALSE,FALSE
Equisetopsida,Polypodiales,Lindsaeaceae,Lindsaea guianensis,FALSE,FALSE
Aves,Passeriformes,Tyrannidae,Legatus leucophaius,FALSE,FALSE
Aves,Piciformes,Capitonidae,Eubucco versicolor,FALSE,FALSE
Equisetopsida,Alismatales,Araceae,Anthurium clavigerum,FALSE,FALSE
Equisetopsida,Lamiales,Acanthaceae,Mendoncia aspera,FALSE,FALSE
Aves,Passeriformes,Hirundinidae,Progne chalybea,FALSE,FALSE
Equisetopsida,Malvales,Malvaceae,Sida rhombifolia,FALSE,FALSE
Equisetopsida,Ericales,Primulaceae,Ardisia guyanensis,FALSE,FALSE
Aves,Passeriformes,Furnariidae,Pseudocolaptes boissonneautii,FALSE,FALSE
Equisetopsida,Fabales,Fabaceae,Inga marginata,FALSE,FALSE
Aves,Piciformes,Picidae,Picumnus aurifrons,FALSE,FALSE
Aves,Apodiformes,Trochilidae,Eutoxeres condamini,FALSE,FALSE
Equisetopsida,Malpighiales,Clusiaceae,Clusia viscida,FALSE,FALSE
Equisetopsida,Alismatales,Araceae,Anthurium decurrentia,FALSE,FALSE
Equisetopsida,Alismatales,Araceae,Anthurium dombeyanum,FALSE,FALSE
Equisetopsida,Myrtales,Myrtaceae,Myrcia mollis,FALSE,FALSE
Equisetopsida,Malpighiales,Clusiaceae,Clusia trochiformis,FALSE,FALSE
Equisetopsida,Lamiales,Gesneriaceae,Pearcea purpurea,TRUE,FALSE
Aves,Cuculiformes,Cuculidae,Dromococcyx phasianellus,FALSE,FALSE
Equisetopsida,Malpighiales,Clusiaceae,Clusia spruceana,FALSE,FALSE
Aves,Apodiformes,Trochilidae,Chrysuronia oenone,FALSE,FALSE
Equisetopsida,Piperales,Piperaceae,Piper macrotrichum,FALSE,FALSE
Equisetopsida,Rosales,Urticaceae,Pilea serpyllacea,FALSE,FALSE
Equisetopsida,Lamiales,Gesneriaceae,Pearcea reticulata,FALSE,FALSE
Aves,Passeriformes,Thamnophilidae,Euchrepomis callinota,FALSE,FALSE
Equisetopsida,Alismatales,Araceae,Anthurium eminens,FALSE,FALSE
Aves,Passeriformes,Icteridae,Leistes militaris,FALSE,FALSE
Aves,Passeriformes,Thamnophilidae,Dysithamnus mentalis,FALSE,FALSE
Aves,Passeriformes,Icteridae,Molothrus oryzivorus,FALSE,FALSE
Equisetopsida,Malpighiales,Clusiaceae,Clusia octandra,FALSE,FALSE
Equisetopsida,Asparagales,Orchidaceae,Maxillaria divaricata,FALSE,FALSE
Aves,Apodiformes,Trochilidae,Eutoxeres aquila,FALSE,FALSE
Aves,Passeriformes,Hirundinidae,Progne tapera,FALSE,FALSE
Equisetopsida,Polypodiales,Pteridaceae,Adiantum pulverulentum,FALSE,FALSE
Aves,Piciformes,Picidae,Picumnus steindachneri,TRUE,TRUE
Equisetopsida,Malpighiales,Clusiaceae,Clusia loretensis,FALSE,FALSE
Equisetopsida,Piperales,Piperaceae,Piper stileferum,FALSE,FALSE
Equisetopsida,Malpighiales,Clusiaceae,Clusia loranthacea,FALSE,FALSE
Aves,Passeriformes,Vireonidae,Cyclarhis gujanensis,FALSE,FALSE
Aves,Accipitriformes,Accipitridae,Elanoides forficatus,FALSE,FALSE
Aves,Passeriformes,Tyrannidae,Pitangus sulphuratus,FALSE,FALSE
Equisetopsida,Malpighiales,Clusiaceae,Clusia hammeliana,FALSE,FALSE
Equisetopsida,Myrtales,Myrtaceae,Myrcia splendens,FALSE,TRUE
Equisetopsida,Dioscoreales,Dioscoreaceae,Dioscorea piperifolia,FALSE,FALSE
Aves,Passeriformes,Tyrannidae,Elaenia spectabilis,FALSE,FALSE
Aves,Pelecaniformes,Ardeidae,Ardea alba,FALSE,FALSE
Mammalia,Chiroptera,Phyllostomidae,Desmodus rotundus,FALSE,FALSE
Aves,Passeriformes,Tyrannidae,Elaenia pallatangae,FALSE,FALSE
Equisetopsida,Myrtales,Myrtaceae,Eugenia discreta,FALSE,FALSE
Equisetopsida,Polypodiales,Dennstaedtiaceae,Dennstaedtia arborescens,FALSE,FALSE
Aves,Pelecaniformes,Ardeidae,Pilherodius pileatus,FALSE,FALSE
Equisetopsida,Polypodiales,Dennstaedtiaceae,Dennstaedtia bipinnata,FALSE,FALSE
Equisetopsida,Polypodiales,Pteridaceae,Adiantum macrophyllum,FALSE,FALSE
Equisetopsida,Rosales,Urticaceae,Myriocarpa laevigata,FALSE,FALSE
Equisetopsida,Polypodiales,Dennstaedtiaceae,Dennstaedtia cicutaria,FALSE,FALSE
Equisetopsida,Rosales,Urticaceae,Myriocarpa stipitata,FALSE,FALSE
Equisetopsida,Lamiales,Acanthaceae,Pseuderanthemum ctenospermum,FALSE,FALSE
Equisetopsida,Fabales,Fabaceae,Clitoria flexuosa,FALSE,FALSE
Equisetopsida,Lamiales,Acanthaceae,Pseuderanthemum chilianthium,FALSE,FALSE
Equisetopsida,Fabales,Fabaceae,Clitoria amazonum,FALSE,FALSE
Equisetopsida,Myrtales,Myrtaceae,Eugenia florida,FALSE,FALSE
Mammalia,Rodentia,Cuniculidae,Cuniculus taczanowskii,FALSE,FALSE
Equisetopsida,Gentianales,Rubiaceae,Palicourea obovata,FALSE,FALSE
Equisetopsida,Asparagales,Orchidaceae,Prosthechea vespa,FALSE,FALSE
Equisetopsida,Polypodiales,Dennstaedtiaceae,Dennstaedtia obtusifolia,FALSE,FALSE
Equisetopsida,Myrtales,Melastomataceae,Miconia pandurata,FALSE,FALSE
Equisetopsida,Myrtales,Myrtaceae,Eugenia lambertiana,FALSE,FALSE
Equisetopsida,Malpighiales,Violaceae,Leonia glycycarpa,FALSE,FALSE
Equisetopsida,Poales,Poaceae,Pseudechinolaena polystachya,FALSE,FALSE
Aves,Passeriformes,Tyrannidae,Elaenia gigas,FALSE,FALSE
Mammalia,Pilosa,Myrmecophagidae,Myrmecophaga tridactyla,FALSE,TRUE
Equisetopsida,Myrtales,Melastomataceae,Miconia triplinervis,FALSE,FALSE
Equisetopsida,Piperales,Piperaceae,Peperomia subsericata,FALSE,FALSE
Equisetopsida,Myrtales,Myrtaceae,Eugenia muricata,FALSE,FALSE
Aves,Passeriformes,Furnariidae,Clibanornis rubiginosus,FALSE,FALSE
Equisetopsida,Alismatales,Araceae,Anthurium obtusum,FALSE,FALSE
Aves,Passeriformes,Thraupidae,Dacnis cayana,FALSE,FALSE
Equisetopsida,Lamiales,Verbenaceae,Stachytarpheta cayennensis,FALSE,FALSE
Aves,Strigiformes,Strigidae,Ciccaba albitarsis,FALSE,FALSE
Equisetopsida,Solanales,Solanaceae,Deprea altomayoensis,FALSE,FALSE
Equisetopsida,Solanales,Solanaceae,Deprea andersonii,FALSE,FALSE
Aves,Apodiformes,Trochilidae,Discosura popelairii,FALSE,FALSE
Aves,Apodiformes,Trochilidae,Phlogophilus hemileucurus,FALSE,FALSE
Equisetopsida,Malpighiales,Violaceae,Leonia sphaerocarpa,FALSE,FALSE
Equisetopsida,Solanales,Solanaceae,Deprea chotanae,FALSE,FALSE
Equisetopsida,Solanales,Solanaceae,Deprea dilloniana,FALSE,FALSE
Equisetopsida,Ericales,Clethraceae,Clethra revoluta,FALSE,FALSE
Aves,Passeriformes,Thraupidae,Diglossa cyanea,FALSE,FALSE
Aves,Passeriformes,Tyrannidae,Pitangus lictor,FALSE,FALSE
Equisetopsida,Brassicales,Capparaceae,Morisonia peruviana,FALSE,FALSE
Equisetopsida,Solanales,Solanaceae,Deprea nieva,TRUE,TRUE
Equisetopsida,Ericales,Clethraceae,Clethra peruviana,FALSE,FALSE
Equisetopsida,Polypodiales,Polypodiaceae,Pecluma plumula,FALSE,FALSE
Aves,Passeriformes,Tyrannidae,Elaenia flavogaster,FALSE,FALSE
Equisetopsida,Polypodiales,Polypodiaceae,Pecluma venturii,FALSE,FALSE
Aves,Accipitriformes,Accipitridae,Pseudastur albicollis,FALSE,FALSE
Equisetopsida,Piperales,Piperaceae,Peperomia rotundifolia,FALSE,FALSE
Aves,Cuculiformes,Cuculidae,Dromococcyx pavoninus,FALSE,FALSE
Equisetopsida,Alismatales,Araceae,Anthurium scandens,FALSE,FALSE
Aves,Passeriformes,Tyrannidae,Elaenia chiriquensis,FALSE,FALSE
Aves,Passeriformes,Thamnophilidae,Myrmoborus leucophrys,FALSE,FALSE
Equisetopsida,Fabales,Fabaceae,Desmodium tortuosum,FALSE,FALSE
Equisetopsida,Caryophyllales,Phytolaccaceae,Phytolacca rivinoides,FALSE,FALSE
Aves,Strigiformes,Strigidae,Ciccaba huhula,FALSE,FALSE
Aves,Passeriformes,Thamnophilidae,Myrmoborus myotherinus,FALSE,FALSE
Equisetopsida,Gentianales,Rubiaceae,Simira tinctoria,FALSE,FALSE
Equisetopsida,Ericales,Clethraceae,Clethra castaneifolia,FALSE,FALSE
Aves,Psittaciformes,Psittacidae,Aratinga weddellii,FALSE,FALSE
Equisetopsida,Asparagales,Orchidaceae,Maxillaria grayi,FALSE,FALSE
Equisetopsida,Piperales,Piperaceae,Peperomia pernambucensis,FALSE,FALSE
Aves,Passeriformes,Tyrannidae,Elaenia albiceps,FALSE,FALSE
Mammalia,Rodentia,Cuniculidae,Cuniculus paca,FALSE,FALSE
Aves,Apodiformes,Trochilidae,Lesbia nuna,FALSE,FALSE
Equisetopsida,Asparagales,Orchidaceae,Cleistes rosea,FALSE,FALSE
Equisetopsida,Ericales,Primulaceae,Clavija weberbaueri,FALSE,FALSE
Aves,Columbiformes,Columbidae,Leptotila verreauxi,FALSE,FALSE
Reptilia,Serpentes,Boidae,Eunectes murinus,FALSE,FALSE
Mammalia,Carnivora,Felidae,Leopardus pardalis,FALSE,FALSE
Aves,Passeriformes,Furnariidae,Sittasomus griseicapillus,FALSE,FALSE
Equisetopsida,Piperales,Piperaceae,Peperomia macrostachya,FALSE,FALSE
Equisetopsida,Ericales,Primulaceae,Clavija poeppigii,FALSE,FALSE
Equisetopsida,Piperales,Piperaceae,Piper peltatum,FALSE,FALSE
Aves,Psittaciformes,Psittacidae,Ara severus,FALSE,FALSE
Equisetopsida,Ericales,Primulaceae,Clavija macrocarpa,TRUE,FALSE
Aves,Columbiformes,Columbidae,Leptotila rufaxilla,FALSE,FALSE
Equisetopsida,Malpighiales,Euphorbiaceae,Plukenetia volubilis,FALSE,FALSE
Aves,Apodiformes,Trochilidae,Myrtis fanny,FALSE,FALSE
Equisetopsida,Ericales,Primulaceae,Clavija longifolia,FALSE,FALSE
Equisetopsida,Fabales,Fabaceae,Desmodium campyloclados,FALSE,FALSE
Aves,Passeriformes,Icteridae,Psarocolius decumanus,FALSE,FALSE
Equisetopsida,Laurales,Siparunaceae,Siparuna aspera,FALSE,FALSE
Aves,Gruiformes,Aramidae,Aramus guarauna,FALSE,FALSE
Aves,Passeriformes,Thamnophilidae,Myrmotherula axillaris,FALSE,FALSE
Equisetopsida,Sapindales,Burseraceae,Protium goudotianum,FALSE,FALSE
Aves,Psittaciformes,Psittacidae,Ara militaris,FALSE,TRUE
Equisetopsida,Gentianales,Asclepiadaceae,Ditassa gracilipes,FALSE,FALSE
Equisetopsida,Gentianales,Rubiaceae,Elaeagia utilis,FALSE,FALSE
Aves,Passeriformes,Tyrannidae,Leptopogon taczanowskii,TRUE,FALSE
Equisetopsida,Gentianales,Rubiaceae,Elaeagia pastoensis,FALSE,FALSE
Aves,Gruiformes,Rallidae,Anurolimnas castaneiceps,FALSE,FALSE
Equisetopsida,Fabales,Polygalaceae,Monnina marginata,TRUE,FALSE
Aves,Gruiformes,Rallidae,Anurolimnas viridis,FALSE,FALSE
Aves,Gruiformes,Rallidae,Aramides cajaneus,FALSE,FALSE
Aves,Passeriformes,Tyrannidae,Leptopogon superciliaris,FALSE,FALSE
Mammalia,Primates,Cebidae,Aotus miconax,TRUE,TRUE
Equisetopsida,Marattiales,Marattiaceae,Danaea moritziana,FALSE,FALSE
Equisetopsida,Lamiales,Lamiaceae,Peltanthera floribunda,FALSE,FALSE
Aves,Passeriformes,Tyrannidae,Leptopogon amaurocephalus,FALSE,FALSE
Aves,Tinamiformes,Tinamidae,Crypturellus obsoletus,FALSE,FALSE
Equisetopsida,Asparagales,Orchidaceae,Maxillaria porrecta,FALSE,FALSE
Equisetopsida,Gentianales,Rubiaceae,Pittoniotis rotata,FALSE,FALSE
Aves,Passeriformes,Icteridae,Psarocolius angustifrons,FALSE,FALSE
Aves,Passeriformes,Cinclidae,Cinclus leucocephalus,FALSE,FALSE
Equisetopsida,Sapindales,Burseraceae,Protium meridionale,FALSE,FALSE
Aves,Passeriformes,Fringillidae,Euphonia chlorotica,FALSE,FALSE
Aves,Galliformes,Cracidae,Penelope jacquacu,FALSE,FALSE
Equisetopsida,Asparagales,Orchidaceae,Phragmipedium kovachii,TRUE,TRUE
Aves,Accipitriformes,Accipitridae,Leptodon cayanensis,FALSE,FALSE
Equisetopsida,Asparagales,Orchidaceae,Phragmipedium caudatum,FALSE,TRUE
Equisetopsida,Asparagales,Orchidaceae,Maxillaria villosa,FALSE,FALSE
Equisetopsida,Ericales,Ericaceae,Psammisia ulbrichiana,FALSE,FALSE
Equisetopsida,Asparagales,Orchidaceae,Phragmipedium boissierianum,FALSE,FALSE
Equisetopsida,Ericales,Primulaceae,Myrsine oligophylla,FALSE,FALSE
Aves,Columbiformes,Columbidae,Claravis pretiosa,FALSE,FALSE
Equisetopsida,Ericales,Ericaceae,Psammisia coarctata,FALSE,FALSE
Equisetopsida,Polypodiales,Dryopteridaceae,Ctenitis sloanei,FALSE,FALSE
Equisetopsida,Malpighiales,Euphorbiaceae,Aparisthmium cordatum,FALSE,FALSE
Equisetopsida,Santalales,Santalaceae,Phoradendron piperoides,FALSE,FALSE
Equisetopsida,Asparagales,Orchidaceae,Maxillaria johannyae,FALSE,FALSE
Equisetopsida,Myrtales,Melastomataceae,Meriania urceolata,FALSE,FALSE
Equisetopsida,Myrtales,Melastomataceae,Miconia stephanotricha,FALSE,FALSE
Aves,Galliformes,Cracidae,Penelope montagnii,FALSE,FALSE
Equisetopsida,Ericales,Primulaceae,Myrsine latifolia,FALSE,FALSE
Equisetopsida,Santalales,Santalaceae,Phoradendron inaequidentatum,FALSE,FALSE
Aves,Passeriformes,Thamnophilidae,Myrmotherula longicauda,FALSE,FALSE
Aves,Passeriformes,Fringillidae,Euphonia laniirostris,FALSE,FALSE
Equisetopsida,Cyatheales,Metaxyaceae,Metaxya rostrata,FALSE,FALSE
Equisetopsida,Myrtales,Melastomataceae,Miconia sulcicaulis,FALSE,FALSE
Equisetopsida,Asparagales,Orchidaceae,Maxillaria lepidota,FALSE,TRUE
Aves,Passeriformes,Troglodytidae,Cinnycerthia olivascens,FALSE,FALSE
Equisetopsida,Santalales,Santalaceae,Phoradendron crassifolium,FALSE,FALSE
Equisetopsida,Aquifoliales,Cardiopteridaceae,Citronella incarum,FALSE,FALSE
Equisetopsida,Laurales,Siparunaceae,Siparuna guianensis,FALSE,FALSE
Aves,Passeriformes,Tyrannidae,Mecocerculus calopterus,FALSE,FALSE
Aves,Tinamiformes,Tinamidae,Crypturellus variegatus,FALSE,FALSE
Aves,Passeriformes,Fringillidae,Euphonia mesochrysa,FALSE,FALSE
Equisetopsida,Santalales,Santalaceae,Phoradendron chrysocladon,FALSE,FALSE
Equisetopsida,Piperales,Piperaceae,Peperomia distachya,FALSE,FALSE
Equisetopsida,Rosales,Rosaceae,Prunus herthae,FALSE,FALSE
Aves,Psittaciformes,Psittacidae,Ara ararauna,FALSE,FALSE
Equisetopsida,Ericales,Primulaceae,Myrsine coriacea,FALSE,FALSE
Equisetopsida,Piperales,Piperaceae,Peperomia cuprea,FALSE,FALSE
Equisetopsida,Asterales,Campanulaceae,Siphocampylus secundus,FALSE,FALSE
Equisetopsida,Myrtales,Melastomataceae,Miconia grandifoliata,FALSE,FALSE
Equisetopsida,Asterales,Campanulaceae,Siphocampylus scandens,FALSE,FALSE
