Clase,Orden,Familia,Especie
Insecta,Lepidoptera,Riodinidae,"Lasaia agesilas agesilas"
Aves,Passeriformes,Thraupidae,"Dacnis lineata"
Insecta,Lepidoptera,Nymphalidae,"Pierella lena brasiliensis"
Insecta,Lepidoptera,Nymphalidae,"Pierella lamia chalybaea"
Aves,Passeriformes,Thamnophilidae,"Pithys albifrons"
Insecta,Lepidoptera,Nymphalidae,"Pierella hyceta hyceta"
Insecta,Lepidoptera,Nymphalidae,"Pierella hortona hortona"
Equisetopsida,Fabales,Fabaceae,"Diplotropis purpurea"
Aves,Passeriformes,Thraupidae,"Dacnis cayana"
Insecta,Lepidoptera,Nymphalidae,"Pierella astyoche bernhardina"
Equisetopsida,Polypodiales,Pteridaceae,"Pityrogramma calomelanos"
Equisetopsida,Fabales,Fabaceae,"Dipteryx alata"
Equisetopsida,Fabales,Fabaceae,"Dipteryx micrantha"
Aves,Piciformes,Picidae,"Picumnus lafresnayi"
Insecta,Lepidoptera,Riodinidae,"Cyrenia martia martia"
Equisetopsida,Aquifoliales,Stemonuraceae,"Discophora guianensis"
Equisetopsida,Myrtales,Melastomataceae,"Miconia polytopica"
Aves,Passeriformes,Troglodytidae,"Cyphorhinus thoracicus"
Aves,Piciformes,Picidae,"Piculus leucolaemus"
Insecta,Lepidoptera,Nymphalidae,"Adelpha boreas boreas"
Equisetopsida,Rosales,Moraceae,"Distictella magnoliifolia"
Aves,Piciformes,Picidae,"Piculus chrysochloros"
Equisetopsida,Picramniales,Picramniaceae,"Picramnia spruceana"
Equisetopsida,Picramniales,Picramniaceae,"Picramnia sellowii"
Equisetopsida,Celastrales,Celastraceae,"Monteverdia macrocarpa"
Equisetopsida,Myrtales,Melastomataceae,"Miconia paeminosa"
Equisetopsida,Myrtales,Lythraceae,"Adenaria floribunda"
Equisetopsida,Rosales,Moraceae,"Dorstenia umbricola"
Aves,Apodiformes,Trochilidae,"Doryfera johannae"
Aves,Apodiformes,Trochilidae,"Doryfera ludovicae"
Aves,Cuculiformes,Cuculidae,"Piaya cayana"
Equisetopsida,Magnoliales,Annonaceae,"Cymbopetalum schunkei"
Aves,Passeriformes,Tyrannidae,"Platyrinchus mystaceus"
Aves,Passeriformes,Thamnophilidae,"Cymbilaimus lineatus"
Insecta,Lepidoptera,Nymphalidae,"Doxocopa agathina agathina"
Insecta,Lepidoptera,Nymphalidae,"Doxocopa zunilda floris"
Aves,Passeriformes,Tyrannidae,"Platyrinchus platyrhynchos"
Equisetopsida,Celastrales,Celastraceae,"Monteverdia ebenifolia"
Equisetopsida,Polypodiales,Thelypteridaceae,"Cyclosorus macrotis"
Equisetopsida,Alismatales,Araceae,"Dracontium spruceanum"
Equisetopsida,Polypodiales,Lomariopsidaceae,"Cyclopeltis semicordata"
Insecta,Lepidoptera,Hesperiidae,"Cycloglypha tisias"
Insecta,Lepidoptera,Hesperiidae,"Drephalys dumeril"
Equisetopsida,Myrtales,Melastomataceae,"Miconia nervosa"
Equisetopsida,Caryophyllales,Droseraceae,"Drosera peruensis"
Aves,Passeriformes,Vireonidae,"Cyclarhis gujanensis"
Insecta,Lepidoptera,Nymphalidae,"Dryas iulia alcionea"
Equisetopsida,Arecales,Arecaceae,"Phytelephas macrocarpa"
Equisetopsida,Lamiales,Gesneriaceae,"Drymonia alloplectoides"
Equisetopsida,Myrtales,Lythraceae,"Physocalymma scaberrimum"
Insecta,Lepidoptera,Nymphalidae,"Physcopedaliodes praxithea"
Equisetopsida,Ericales,Primulaceae,"Cybianthus peruvianus"
Equisetopsida,Lamiales,Gesneriaceae,"Drymonia coccinea"
Equisetopsida,Ericales,Primulaceae,"Cybianthus penduliflorus"
Equisetopsida,Ericales,Primulaceae,"Cybianthus pastensis"
Equisetopsida,Ericales,Primulaceae,"Cybianthus minutiflorus"
Equisetopsida,Lamiales,Gesneriaceae,"Drymonia doratostyla"
Equisetopsida,Ericales,Primulaceae,"Cybianthus magnus"
Equisetopsida,Lamiales,Bignoniaceae,"Pleonotoma melioides"
Equisetopsida,Lamiales,Gesneriaceae,"Drymonia macrophylla"
Equisetopsida,Ericales,Primulaceae,"Cybianthus granulosus"
Equisetopsida,Lamiales,Gesneriaceae,"Drymonia pendula"
Equisetopsida,Lamiales,Gesneriaceae,"Drymonia semicordata"
Equisetopsida,Ericales,Primulaceae,"Cybianthus comperuvianus"
Equisetopsida,Polypodiales,Polypodiaceae,"Pleopeltis fraseri"
Equisetopsida,Lamiales,Gesneriaceae,"Drymonia urceolata"
Equisetopsida,Cyatheales,Cyatheaceae,"Cyathea palaciosii"
Aves,Passeriformes,Thamnophilidae,"Drymophila striaticeps"
Equisetopsida,Cyatheales,Cyatheaceae,"Cyathea latevagans"
Aves,Passeriformes,Hirundinidae,"Stelgidopteryx ruficollis"
Aves,Piciformes,Picidae,"Dryobates affinis"
Equisetopsida,Cyatheales,Cyatheaceae,"Cyathea fulva"
Equisetopsida,Cyatheales,Cyatheaceae,"Cyathea estevesorum"
Equisetopsida,Myrtales,Melastomataceae,"Pleroma ochypetalum"
Equisetopsida,Cyatheales,Cyatheaceae,"Cyathea chontilla"
Aves,Piciformes,Picidae,"Dryobates fumigatus"
Equisetopsida,Cyatheales,Cyatheaceae,"Cyathea caracasana"
Equisetopsida,Cyatheales,Cyatheaceae,"Cyathea bipinnatifida"
Equisetopsida,Cyatheales,Cyatheaceae,"Cyathea alatissima"
Aves,Passeriformes,Tyrannidae,"Phylloscartes ventralis"
Aves,Piciformes,Picidae,"Dryobates passerinus"
Aves,Piciformes,Picidae,"Dryocopus lineatus"
Aves,Passeriformes,Cardinalidae,"Cyanoloxia rothschildii"
Aves,Passeriformes,Tyrannidae,"Phylloscartes poecilotis"
Aves,Passeriformes,Corvidae,"Cyanocorax yncas"
Aves,Passeriformes,Tyrannidae,"Phylloscartes parkeri"
Aves,Passeriformes,Corvidae,"Cyanocorax violaceus"
Equisetopsida,Malpighiales,Putranjivaceae,"Drypetes gentryi"
Aves,Passeriformes,Tyrannidae,"Phylloscartes ophthalmicus"
Equisetopsida,Magnoliales,Annonaceae,"Duguetia macrophylla"
Equisetopsida,Aquifoliales,Phyllonomaceae,"Phyllonoma ruscifolia"
Aves,Passeriformes,Tyrannidae,"Phyllomyias weedeni"
Aves,Passeriformes,Thraupidae,"Cyanerpes caeruleus"
Aves,Passeriformes,Tyrannidae,"Phyllomyias griseiceps"
Aves,Passeriformes,Tyrannidae,"Phyllomyias cinereiceps"
Aves,Passeriformes,Tyrannidae,"Phyllomyias burmeisteri"
Equisetopsida,Gentianales,Rubiaceae,"Duroia hirsuta"
Equisetopsida,Lamiales,Bignoniaceae,"Adenocalymma impressum"
Equisetopsida,Myrtales,Melastomataceae,"Miconia myrtiformis"
Insecta,Lepidoptera,Nymphalidae,"Dynamine chryseis"
Insecta,Lepidoptera,Nymphalidae,"Dynamine gisella"
Equisetopsida,Laurales,Lauraceae,"Pleurothyrium intermedium"
Equisetopsida,Laurales,Lauraceae,"Pleurothyrium poeppigii"
Insecta,Lepidoptera,Nymphalidae,"Dynastor darius stygianus"
Equisetopsida,Myrtales,Lythraceae,"Cuphea bombonasae"
Equisetopsida,Laurales,Lauraceae,"Pleurothyrium tomentellum"
Equisetopsida,Sapindales,Sapindaceae,"Cupania latifolia"
Aves,Passeriformes,Thamnophilidae,"Dysithamnus mentalis"
Equisetopsida,Malpighiales,Phyllanthaceae,"Phyllanthus urinaria"
Equisetopsida,Myrtales,Melastomataceae,"Miconia muricata"
Mammalia,Rodentia,Cuniculidae,"Cuniculus paca"
Equisetopsida,Malpighiales,Clusiaceae,"Dystovomita paniculata"
Insecta,Lepidoptera,Hesperiidae,"Ebrietas evanidus"
Insecta,Lepidoptera,Hesperiidae,"Ebrietas infanda"
Equisetopsida,Ericales,Sapotaceae,"Ecclinusa lanceolata"
Equisetopsida,Solanales,Solanaceae,"Cuatresia fosteriana"
Equisetopsida,Santalales,Santalaceae,"Phoradendron piperoides"
Aves,Tinamiformes,Tinamidae,"Crypturellus variegatus"
Aves,Pelecaniformes,Ardeidae,"Egretta thula"
Aves,Steatornithiformes,Steatornithidae,"Steatornis caripensis"
Equisetopsida,Myrtales,Melastomataceae,"Miconia monzoniensis"
Equisetopsida,Alismatales,Araceae,"Monstera pinnatipartita"
Aves,Tinamiformes,Tinamidae,"Crypturellus tataupa"
Mammalia,Carnivora,Mustelidae,"Eira barbara"
Insecta,Lepidoptera,Pieridae,"Phoebis sennae marcellina"
Equisetopsida,Asterales,Asteraceae,"Eirmocephala cainarachensis"
Insecta,Lepidoptera,Pieridae,"Phoebis philea philea"
Equisetopsida,Gentianales,Rubiaceae,"Elaeagia karstenii"
Aves,Tinamiformes,Tinamidae,"Crypturellus soui"
Equisetopsida,Gentianales,Rubiaceae,"Elaeagia mariae"
Insecta,Lepidoptera,Pieridae,"Phoebis neocypris rurina"
Equisetopsida,Gentianales,Rubiaceae,"Elaeagia pastoensis"
Aves,Tinamiformes,Tinamidae,"Crypturellus obsoletus"
Aves,Passeriformes,Tyrannidae,"Elaenia albiceps"
Insecta,Lepidoptera,Pieridae,"Phoebis argante larra"
Aves,Tinamiformes,Tinamidae,"Crypturellus cinereus"
Aves,Passeriformes,Tyrannidae,"Elaenia chiriquensis"
Aves,Passeriformes,Tyrannidae,"Elaenia flavogaster"
Aves,Passeriformes,Tyrannidae,"Elaenia gigas"
Aves,Apodiformes,Trochilidae,"Phlogophilus harterti"
Aves,Tinamiformes,Tinamidae,"Crypturellus atrocapillus"
Aves,Passeriformes,Tyrannidae,"Elaenia spectabilis"
Aves,Passeriformes,Pipridae,"Cryptopipo holochlora"
Aves,Accipitriformes,Accipitridae,"Elanoides forficatus"
Equisetopsida,Brassicales,Cleomaceae,"Podandrogyne glabra"
Equisetopsida,Polypodiales,Dryopteridaceae,"Elaphoglossum decoratum"
Aves,Cuculiformes,Cuculidae,"Crotophaga ani"
Equisetopsida,Podocarpales,Podocarpaceae,"Podocarpus oleifolius"
Equisetopsida,Malpighiales,Euphorbiaceae,"Croton pachypodus"
Equisetopsida,Malpighiales,Euphorbiaceae,"Croton lechleri"
Equisetopsida,Polypodiales,Dryopteridaceae,"Elaphoglossum moorei"
Equisetopsida,Fabales,Fabaceae,"Crotalaria nitens"
Aves,Passeriformes,Tyrannidae,"Poecilotriccus latirostris"
Equisetopsida,Asterales,Asteraceae,"Critoniopsis boliviana"
Aves,Passeriformes,Thraupidae,"Creurgops verticalis"
Equisetopsida,Lamiales,Bignoniaceae,"Crescentia cujete"
Equisetopsida,Myrtales,Melastomataceae,"Miconia mayeta"
Aves,Coraciiformes,Momotidae,"Electron platyrhynchum"
Aves,Passeriformes,Furnariidae,"Philydor erythrocercum"
Equisetopsida,Lamiales,Gesneriaceae,"Cremosperma peruvianum"
Equisetopsida,Polypodiales,Dryopteridaceae,"Polybotrya osmundacea"
Aves,Apodiformes,Trochilidae,"Adelomyia melanogenys"
Equisetopsida,Alismatales,Araceae,"Philodendron wittianum"
Equisetopsida,Alismatales,Araceae,"Philodendron verrucosum"
Aves,Passeriformes,Furnariidae,"Cranioleuca curtata"
Equisetopsida,Asparagales,Orchidaceae,"Elleanthus wallnoeferi"
Equisetopsida,Alismatales,Araceae,"Philodendron vasquezii"
Equisetopsida,Gentianales,Rubiaceae,"Coussarea revoluta"
Equisetopsida,Gentianales,Rubiaceae,"Coussarea pseudopilosula"
Equisetopsida,Gentianales,Rubiaceae,"Coussarea obliqua"
Equisetopsida,Alismatales,Araceae,"Philodendron ruizii"
Aves,Passeriformes,Thraupidae,"Emberizoides herbicola"
Equisetopsida,Gentianales,Rubiaceae,"Coussarea flava"
Equisetopsida,Fabales,Fabaceae,"Abarema jupunba"
Insecta,Lepidoptera,Riodinidae,"Emesis spreta"
Equisetopsida,Gentianales,Rubiaceae,"Emmeorhiza umbellata"
Equisetopsida,Fabales,Fabaceae,"Abarema floribunda"
Equisetopsida,Alismatales,Araceae,"Philodendron oxapampense"
Equisetopsida,Ericales,Lecythidaceae,"Couroupita guianensis"
Aves,Passeriformes,Tyrannidae,"Empidonax alnorum"
Aves,Passeriformes,Tyrannidae,"Empidonomus aurantioatrocristatus"
Equisetopsida,Alismatales,Araceae,"Philodendron maximum"
Aves,Passeriformes,Tyrannidae,"Empidonomus varius"
Equisetopsida,Alismatales,Araceae,"Philodendron kroemeri"
Equisetopsida,Polypodiales,Pteridaceae,"Polytaenium cajenense"
Equisetopsida,Malpighiales,Chrysobalanaceae,"Couepia obovata"
Equisetopsida,Laurales,Lauraceae,"Endlicheria arunciflora"
Equisetopsida,Laurales,Lauraceae,"Endlicheria bracteata"
Equisetopsida,Laurales,Lauraceae,"Endlicheria directonervia"
Equisetopsida,Laurales,Lauraceae,"Endlicheria dysodantha"
Equisetopsida,Laurales,Lauraceae,"Endlicheria formosa"
Equisetopsida,Alismatales,Araceae,"Philodendron heterophyllum"
Equisetopsida,Laurales,Lauraceae,"Endlicheria gracilis"
Equisetopsida,Asparagales,Orchidaceae,"Ponthieva collantesii"
Equisetopsida,Zingiberales,Costaceae,"Costus scaber"
Equisetopsida,Zingiberales,Costaceae,"Costus productus"
Equisetopsida,Laurales,Lauraceae,"Endlicheria pyriformis"
Equisetopsida,Laurales,Lauraceae,"Endlicheria rubriflora"
Equisetopsida,Zingiberales,Costaceae,"Costus lasius"
Equisetopsida,Laurales,Lauraceae,"Endlicheria ruforamula"
Equisetopsida,Laurales,Lauraceae,"Endlicheria tschudyana"
Equisetopsida,Alismatales,Araceae,"Philodendron ernestii"
Aves,Passeriformes,Tyrannidae,"Corythopis torquatus"
Equisetopsida,Alismatales,Araceae,"Philodendron deflexum"
Insecta,Lepidoptera,Hesperiidae,"Enosis pruinosa pruinosa"
Equisetopsida,Fabales,Fabaceae,"Enterolobium schomburgkii"
Equisetopsida,Myrtales,Melastomataceae,"Miconia matthaei"
Aves,Passeriformes,Turdidae,"Entomodestes leucotis"
Equisetopsida,Gentianales,Rubiaceae,"Posoqueria coriacea"
Equisetopsida,Gentianales,Rubiaceae,"Posoqueria latifolia"
Equisetopsida,Boraginales,Boraginaceae,"Cordia ucayaliensis"
Insecta,Lepidoptera,Nymphalidae,"Philaethria dido"
Insecta,Lepidoptera,Nymphalidae,"Philaethria diatonica"
Equisetopsida,Gentianales,Gentianaceae,"Potalia resinifera"
Insecta,Lepidoptera,Hesperiidae,"Potamanaxas thestia paralus"
Aves,Passeriformes,Troglodytidae,"Pheugopedius coraya"
Equisetopsida,Boraginales,Boraginaceae,"Cordia lomatoloba"
Equisetopsida,Boraginales,Boraginaceae,"Cordia hebeclada"
Equisetopsida,Boraginales,Boraginaceae,"Cordia bicolor"
Aves,Cathartiformes,Cathartidae,"Coragyps atratus"
Equisetopsida,Asparagales,Orchidaceae,"Epidendrum fimbriatum"
Aves,Passeriformes,Cardinalidae,"Pheucticus chrysogaster"
Insecta,Lepidoptera,Nymphalidae,"Corades albomaculata"
Equisetopsida,Rosales,Moraceae,"Poulsenia armata"
Equisetopsida,Rosales,Urticaceae,"Pourouma bicolor"
Aves,Charadriiformes,Scolopacidae,"Actitis macularius"
Equisetopsida,Asparagales,Orchidaceae,"Epidendrum janeirense"
Aves,Passeriformes,Tyrannidae,"Contopus sordidulus"
Equisetopsida,Rosales,Urticaceae,"Pourouma cecropiifolia"
Equisetopsida,Rosales,Urticaceae,"Pourouma guianensis"
Aves,Passeriformes,Tyrannidae,"Contopus fumigatus"
Aves,Passeriformes,Tyrannidae,"Contopus cooperi"
Aves,Passeriformes,Thraupidae,"Conothraupis speculigera"
Equisetopsida,Rosales,Urticaceae,"Pourouma minor"
Aves,Passeriformes,Conopophagidae,"Conopophaga castaneiceps"
Equisetopsida,Rosales,Urticaceae,"Pourouma mollis"
Mammalia,Cetartiodactyla,Cervidae,"Mazama americana"
Aves,Passeriformes,Tyrannidae,"Conopias cinchoneti"
Equisetopsida,Oxalidales,Connaraceae,"Connarus fasciculatus subsp. pachyneurus"
Equisetopsida,Ericales,Sapotaceae,"Pouteria aubrevillei"
Aves,Passeriformes,Thraupidae,"Conirostrum speciosum"
Equisetopsida,Ericales,Sapotaceae,"Pouteria bangii"
Equisetopsida,Ericales,Sapotaceae,"Pouteria caimito"
Equisetopsida,Ericales,Sapotaceae,"Pouteria cladantha"
Equisetopsida,Ericales,Sapotaceae,"Pouteria cuspidata"
Equisetopsida,Ericales,Sapotaceae,"Pouteria durlandii"
Aves,Passeriformes,Thraupidae,"Conirostrum albifrons"
Equisetopsida,Ericales,Sapotaceae,"Pouteria guianensis"
Equisetopsida,Gentianales,Rubiaceae,"Condaminea elegans"
Equisetopsida,Malpighiales,Euphorbiaceae,"Conceveiba terminalis"
Equisetopsida,Ericales,Sapotaceae,"Pouteria macrophylla"
Equisetopsida,Malpighiales,Euphorbiaceae,"Conceveiba rhytidocarpa"
Aves,Trogoniformes,Trogonidae,"Pharomachrus auriceps"
Equisetopsida,Ericales,Sapotaceae,"Pouteria reticulata"
Aves,Trogoniformes,Trogonidae,"Pharomachrus antisianus"
Equisetopsida,Ericales,Sapotaceae,"Pouteria torta"
Equisetopsida,Ericales,Sapotaceae,"Pouteria trilocularis"
Equisetopsida,Ericales,Sapotaceae,"Pouteria vernicosa"
Insecta,Lepidoptera,Nymphalidae,"Praepronophila emma"
Insecta,Lepidoptera,Hesperiidae,"Phareas coeleste"
Equisetopsida,Lamiales,Gesneriaceae,"Columnea ericae"
Aves,Passeriformes,Furnariidae,"Premnoplex brunnescens"
Aves,Passeriformes,Thamnophilidae,"Epinecrophylla erythrura"
Aves,Passeriformes,Furnariidae,"Premnornis guttuliger"
Aves,Columbiformes,Columbidae,"Columbina talpacoti"
Aves,Columbiformes,Columbidae,"Columbina picui"
Insecta,Lepidoptera,Nymphalidae,"Preopona pheridamas"
Aves,Passeriformes,Thamnophilidae,"Epinecrophylla spodionota"
Insecta,Lepidoptera,Nymphalidae,"Prepona laertes demodice"
Equisetopsida,Asparagales,Orchidaceae,"Prescottia stachyodes"
Insecta,Lepidoptera,Nymphalidae,"Epiphile orea negrina"
Equisetopsida,Brassicales,Capparaceae,"Preslianthus pittieri"
Equisetopsida,Rosales,Rhamnaceae,"Colubrina glandulosa"
Aves,Passeriformes,Tyrannidae,"Colonia colonus"
Aves,Psittaciformes,Psittacidae,"Primolius couloni"
Insecta,Lepidoptera,Nymphalidae,"Colobura dirce dirce"
Aves,Apodiformes,Trochilidae,"Colibri delphinae"
Aves,Apodiformes,Trochilidae,"Colibri cyanotus"
Aves,Apodiformes,Trochilidae,"Phaethornis stuarti"
Insecta,Lepidoptera,Nymphalidae,"Eresia datis phaedima"
Insecta,Lepidoptera,Nymphalidae,"Eresia eunice eunice"
Insecta,Lepidoptera,Nymphalidae,"Eresia nauplius plagiata"
Insecta,Lepidoptera,Nymphalidae,"Eretris calisto subpunctata"
Insecta,Lepidoptera,Nymphalidae,"Erichthodes antonina"
Insecta,Lepidoptera,Nymphalidae,"Erichthodes jovita julia"
Aves,Apodiformes,Trochilidae,"Colibri coruscans"
Aves,Apodiformes,Trochilidae,"Phaethornis malaris"
Aves,Apodiformes,Trochilidae,"Phaethornis longirostris"
Aves,Apodiformes,Trochilidae,"Phaethornis koepckeae"
Equisetopsida,Asparagales,Orchidaceae,"Eriopsis biloba"
Equisetopsida,Polypodiales,Pteridaceae,"Eriosorus accrescens"
Aves,Piciformes,Picidae,"Colaptes rubiginosus"
Aves,Apodiformes,Trochilidae,"Phaethornis hispidus"
Aves,Apodiformes,Trochilidae,"Phaethornis guy"
Equisetopsida,Sapindales,Rutaceae,"Ertela trifolia"
Insecta,Lepidoptera,Nymphalidae,"Eryphanis automedon tristis"
Aves,Passeriformes,Thraupidae,"Coereba flaveola"
Aves,Passeriformes,Tyrannidae,"Phaeomyias murina"
Mammalia,Rodentia,Erethizontidae,"Coendou bicolor"
Equisetopsida,Fabales,Fabaceae,"Erythrina poeppigiana"
Aves,Apodiformes,Trochilidae,"Coeligena coeligena"
Equisetopsida,Laurales,Lauraceae,"Persea weberbaueri"
Equisetopsida,Lamiales,Verbenaceae,"Priva lappulacea"
Equisetopsida,Lamiales,Gesneriaceae,"Codonanthe uleana"
Equisetopsida,Malpighiales,Erythroxylaceae,"Erythroxylum citrifolium"
Equisetopsida,Polypodiales,Polypodiaceae,"Cochlidium serrulatum"
Equisetopsida,Polypodiales,Polypodiaceae,"Cochlidium pumilum"
Equisetopsida,Malpighiales,Erythroxylaceae,"Erythroxylum coca var. ipadu"
Equisetopsida,Laurales,Lauraceae,"Persea peruviana"
Equisetopsida,Malpighiales,Erythroxylaceae,"Erythroxylum macrophyllum"
Equisetopsida,Malpighiales,Erythroxylaceae,"Erythroxylum mucronatum"
Aves,Cuculiformes,Cuculidae,"Coccyzus melacoryphus"
Equisetopsida,Malpighiales,Erythroxylaceae,"Erythroxylum ulei"
Equisetopsida,Laurales,Lauraceae,"Persea cuneata"
Equisetopsida,Laurales,Lauraceae,"Persea areolatocostae"
Equisetopsida,Caryophyllales,Polygonaceae,"Coccoloba mollis"
Equisetopsida,Ericales,Lecythidaceae,"Eschweilera albiflora"
Insecta,Lepidoptera,Pieridae,"Perrhybris pamela mazuka"
Insecta,Lepidoptera,Pieridae,"Perrhybris lorena"
Equisetopsida,Ericales,Lecythidaceae,"Eschweilera coriacea"
Equisetopsida,Ericales,Lecythidaceae,"Eschweilera gigantea"
Equisetopsida,Ericales,Lecythidaceae,"Eschweilera juruensis"
Equisetopsida,Myrtales,Melastomataceae,"Miconia koepckeana"
Equisetopsida,Ericales,Lecythidaceae,"Eschweilera tessmannii"
Equisetopsida,Sapindales,Rutaceae,"Esenbeckia amazonica"
Equisetopsida,Celastrales,Celastraceae,"Peritassa huanucana"
Equisetopsida,Santalales,Loranthaceae,"Peristethium grahamii"
Equisetopsida,Malpighiales,Ochnaceae,"Perissocarpa ondox"
Aves,Piciformes,Capitonidae,"Eubucco richardsoni"
Aves,Passeriformes,Hirundinidae,"Progne chalybea"
Aves,Piciformes,Capitonidae,"Eubucco versicolor"
Insecta,Lepidoptera,Pieridae,"Pereute charops peruviana"
Aves,Passeriformes,Thamnophilidae,"Euchrepomis callinota"
Equisetopsida,Rosales,Moraceae,"Perebea guianensis"
Insecta,Lepidoptera,Nymphalidae,"Eueides aliphera aliphera"
Insecta,Lepidoptera,Nymphalidae,"Eueides libya libya"
Insecta,Lepidoptera,Nymphalidae,"Eueides vibilia unifasciata"
Equisetopsida,Rosales,Moraceae,"Perebea angustifolia"
Equisetopsida,Malpighiales,Peraceae,"Pera bicolor"
Equisetopsida,Myrtales,Melastomataceae,"Miconia hospitalis"
Equisetopsida,Asterales,Asteraceae,"Acmella oleracea"
Equisetopsida,Piperales,Aristolochiaceae,"Prosopanche americana"
Equisetopsida,Cyatheales,Cyatheaceae,"Clusia ducuoides"
Equisetopsida,Malpighiales,Clusiaceae,"Clusia alata"
Equisetopsida,Myrtales,Myrtaceae,"Eugenia egensis"
Equisetopsida,Myrtales,Myrtaceae,"Eugenia feijoi"
Equisetopsida,Piperales,Piperaceae,"Peperomia urocarpa"
Equisetopsida,Myrtales,Myrtaceae,"Eugenia florida"
Equisetopsida,Polypodiales,Pteridaceae,"Adiantum obliquum"
Equisetopsida,Myrtales,Myrtaceae,"Eugenia lambertiana"
Equisetopsida,Asparagales,Orchidaceae,"Prosthechea vespa"
Insecta,Lepidoptera,Hesperiidae,"Proteides mercurius mercurius"
Equisetopsida,Myrtales,Myrtaceae,"Eugenia muricata"
Equisetopsida,Sapindales,Burseraceae,"Protium altissimum"
Equisetopsida,Sapindales,Burseraceae,"Protium altsonii"
Equisetopsida,Piperales,Piperaceae,"Peperomia striata"
Insecta,Lepidoptera,Nymphalidae,"Mechanitis lysimnia roqueensis"
Aves,Passeriformes,Furnariidae,"Clibanornis rubiginosus"
Equisetopsida,Myrtales,Myrtaceae,"Eugenia polystachya"
Equisetopsida,Asterales,Asteraceae,"Clibadium peruvianum"
Equisetopsida,Piperales,Piperaceae,"Peperomia serpens"
Insecta,Lepidoptera,Nymphalidae,"Mechanitis mazaeus mazaeus"
Equisetopsida,Piperales,Piperaceae,"Peperomia rotundifolia"
Equisetopsida,Sapindales,Burseraceae,"Protium amazonicum"
Equisetopsida,Ericales,Clethraceae,"Clethra castaneifolia"
Equisetopsida,Piperales,Piperaceae,"Peperomia rhombea"
Equisetopsida,Sapindales,Burseraceae,"Protium aracouchini"
Equisetopsida,Sapindales,Burseraceae,"Protium carnosum"
Equisetopsida,Sapindales,Burseraceae,"Protium divaricatum"
Equisetopsida,Gentianales,Rubiaceae,"Eumachia cephalantha"
Equisetopsida,Sapindales,Burseraceae,"Protium divaricatum subsp. divaricatum"
Equisetopsida,Gentianales,Rubiaceae,"Eumachia huallagae"
Equisetopsida,Piperales,Piperaceae,"Peperomia macrostachyos"
Equisetopsida,Myrtales,Melastomataceae,"Miconia gonoptera"
Aves,Passeriformes,Fringillidae,"Spinus olivaceus"
Equisetopsida,Ericales,Primulaceae,"Clavija venosa"
Equisetopsida,Ericales,Primulaceae,"Clavija tarapotana"
Insecta,Lepidoptera,Nymphalidae,"Eunica acelina alycia"
Insecta,Lepidoptera,Nymphalidae,"Eunica alcmena flora"
Insecta,Lepidoptera,Nymphalidae,"Eunica bechina bechina"
Equisetopsida,Ericales,Primulaceae,"Clavija elliptica"
Insecta,Lepidoptera,Nymphalidae,"Eunica clytia"
Insecta,Lepidoptera,Nymphalidae,"Eunica concordia"
Insecta,Lepidoptera,Nymphalidae,"Eunica eurota eurota"
Insecta,Lepidoptera,Nymphalidae,"Eunica evelide elegans"
Equisetopsida,Rosales,Moraceae,"Clarisia racemosa"
Insecta,Lepidoptera,Nymphalidae,"Eunica mygdonia mygdonia"
Insecta,Lepidoptera,Nymphalidae,"Eunica orphise"
Equisetopsida,Piperales,Piperaceae,"Peperomia huantana"
Insecta,Lepidoptera,Nymphalidae,"Eunica phasis"
Insecta,Lepidoptera,Nymphalidae,"Eunica sophonisba agele"
Insecta,Lepidoptera,Nymphalidae,"Eunica sydonia sydonia"
Equisetopsida,Rosales,Moraceae,"Clarisia biflora"
Aves,Columbiformes,Columbidae,"Claravis pretiosa"
Equisetopsida,Sapindales,Burseraceae,"Protium nodulosum"
Aves,Passeriformes,Fringillidae,"Euphonia chrysopasta"
Equisetopsida,Aquifoliales,Cardiopteridaceae,"Citronella melliodora"
Equisetopsida,Sapindales,Burseraceae,"Protium opacum"
Aves,Passeriformes,Fringillidae,"Euphonia laniirostris"
Aves,Passeriformes,Fringillidae,"Euphonia mesochrysa"
Aves,Passeriformes,Fringillidae,"Euphonia minuta"
Insecta,Lepidoptera,Nymphalidae,"Cithaerias pyropina pyropina"
Insecta,Lepidoptera,Nymphalidae,"Cithaerias pireta aurora"
Aves,Passeriformes,Fringillidae,"Euphonia rufiventris"
Equisetopsida,Sapindales,Burseraceae,"Protium robustum"
Aves,Passeriformes,Fringillidae,"Euphonia xanthogaster"
Equisetopsida,Vitales,Vitaceae,"Cissus verticillata"
Equisetopsida,Vitales,Vitaceae,"Cissus ursina"
Equisetopsida,Vitales,Vitaceae,"Cissus ulmifolia"
Equisetopsida,Piperales,Piperaceae,"Peperomia alata"
Equisetopsida,Sapindales,Burseraceae,"Protium stevensonii"
Equisetopsida,Vitales,Vitaceae,"Cissus peruviana"
Equisetopsida,Santalales,Olacaceae,"Minquartia guianensis"
Equisetopsida,Gentianales,Rubiaceae,"Pentagonia amazonica"
Aves,Passeriformes,Thraupidae,"Cissopis leverianus"
Insecta,Lepidoptera,Nymphalidae,"Euptychia westwoodi"
Insecta,Lepidoptera,Nymphalidae,"Cisandina fida directa"
Insecta,Lepidoptera,Pieridae,"Eurema albula espinosae"
Insecta,Lepidoptera,Pieridae,"Eurema xantochlora pomponia"
Insecta,Lepidoptera,Riodinidae,"Eurybia halimede halimede"
Equisetopsida,Ericales,Ericaceae,"Psammisia globosa"
Insecta,Lepidoptera,Riodinidae,"Eurybia nicaea nicaea"
Aves,Galliformes,Cracidae,"Penelope jacquacu"
Equisetopsida,Myrtales,Melastomataceae,"Miconia galactantha"
Aves,Passeriformes,Icteridae,"Psarocolius angustifrons"
Insecta,Lepidoptera,Papilionidae,"Eurytides serville serville"
Equisetopsida,Gentianales,Rubiaceae,"Cinchonopsis amazonica"
Aves,Passeriformes,Icteridae,"Psarocolius decumanus"
Equisetopsida,Gentianales,Rubiaceae,"Cinchona micrantha"
Equisetopsida,Gentianales,Rubiaceae,"Cinchona hirsuta"
Aves,Passeriformes,Turdidae,"Cichlopsis leucogenys"
Insecta,Lepidoptera,Riodinidae,"Euselasia uzita"
Equisetopsida,Arecales,Arecaceae,"Euterpe catinga"
Equisetopsida,Arecales,Arecaceae,"Euterpe catinga var. catinga"
Equisetopsida,Arecales,Arecaceae,"Euterpe catinga var. Roraimae"
Aves,Strigiformes,Strigidae,"Ciccaba huhula"
Aves,Accipitriformes,Accipitridae,"Pseudastur albicollis"
Aves,Strigiformes,Strigidae,"Ciccaba albitarsis"
Equisetopsida,Arecales,Arecaceae,"Euterpe precatoria"
Equisetopsida,Arecales,Arecaceae,"Euterpe precatoria var. Precatoria"
Aves,Apodiformes,Trochilidae,"Chrysuronia oenone"
Aves,Passeriformes,Furnariidae,"Pseudocolaptes boissonneautii"
Aves,Apodiformes,Trochilidae,"Eutoxeres condamini"
Equisetopsida,Malpighiales,Violaceae,"Paypayrola longifolia"
Aves,Passeriformes,Tyrannidae,"Pseudocolopteryx acutipennis"
Equisetopsida,Malpighiales,Violaceae,"Paypayrola grandiflora"
Equisetopsida,Ericales,Sapotaceae,"Chrysophyllum venezuelanense"
Equisetopsida,Ericales,Sapotaceae,"Chrysophyllum sanguinolentum"
Equisetopsida,Pandanales,Cyclanthaceae,"Evodianthus funifer"
Equisetopsida,Ericales,Sapotaceae,"Chrysophyllum amazonicum"
Aves,Galliformes,Cracidae,"Pauxi koepckeae"
Insecta,Lepidoptera,Nymphalidae,"Paulogramma pyracmon peristera"
Equisetopsida,Sapindales,Sapindaceae,"Paullinia selenoptera"
Equisetopsida,Rosales,Moraceae,"Pseudolmedia laevigata"
Equisetopsida,Sapindales,Sapindaceae,"Paullinia pterophylla"
Equisetopsida,Sapindales,Sapindaceae,"Paullinia ingifolia"
Equisetopsida,Rosales,Moraceae,"Pseudolmedia laevis"
Aves,Falconiformes,Falconidae,"Falco rufigularis"
Equisetopsida,Rosales,Moraceae,"Pseudolmedia macrophylla"
Equisetopsida,Polypodiales,Thelypteridaceae,"Christella dentata"
Aves,Caprimulgiformes,Caprimulgidae,"Chordeiles rupestris"
Aves,Passeriformes,Tyrannidae,"Mecocerculus poecilocercus"
Aves,Passeriformes,Pipridae,"Pseudopipra pipra"
Equisetopsida,Gentianales,Rubiaceae,"Faramea anisocalyx"
Equisetopsida,Myrtales,Melastomataceae,"Aciotis rubricaulis"
Equisetopsida,Gentianales,Rubiaceae,"Faramea bangii"
Aves,Columbiformes,Columbidae,"Patagioenas subvinacea"
Equisetopsida,Myrtales,Melastomataceae,"Aciotis purpurascens"
Equisetopsida,Fabales,Fabaceae,"Pseudopiptadenia suaveolens"
Equisetopsida,Gentianales,Rubiaceae,"Faramea cuencana"
Equisetopsida,Gentianales,Rubiaceae,"Faramea flavicans"
Equisetopsida,Gentianales,Rubiaceae,"Faramea glandulosa"
Equisetopsida,Gentianales,Rubiaceae,"Chomelia paniculata"
Equisetopsida,Zingiberales,Marantaceae,"Monotagma laxum"
Equisetopsida,Gentianales,Rubiaceae,"Faramea multiflora"
Equisetopsida,Gentianales,Rubiaceae,"Faramea phyllonomoides"
Aves,Columbiformes,Columbidae,"Patagioenas speciosa"
Equisetopsida,Gentianales,Rubiaceae,"Faramea quinqueflora"
Equisetopsida,Polypodiales,Pteridaceae,"Adiantum raddianum"
Equisetopsida,Myrtales,Melastomataceae,"Miconia expansa"
Aves,Passeriformes,Cardinalidae,"Chlorothraupis carmioli"
Aves,Apodiformes,Trochilidae,"Chlorostilbon mellisugus"
Aves,Passeriformes,Passerellidae,"Chlorospingus flavopectus"
Aves,Passeriformes,Passerellidae,"Chlorospingus flavigularis"
Aves,Columbiformes,Columbidae,"Patagioenas plumbea"
Aves,Passeriformes,Pipridae,"Chloropipo unicolor"
Aves,Passeriformes,Tyrannidae,"Pseudotriccus pelzelni"
Aves,Columbiformes,Columbidae,"Patagioenas fasciata"
Aves,Passeriformes,Fringillidae,"Chlorophonia cyanea"
Aves,Passeriformes,Thraupidae,"Chlorophanes spiza"
Aves,Passeriformes,Thraupidae,"Chlorochrysa calliparaea"
Aves,Coraciiformes,Alcedinidae,"Chloroceryle inda"
Aves,Coraciiformes,Alcedinidae,"Chloroceryle americana"
Aves,Columbiformes,Columbidae,"Patagioenas cayennensis"
Equisetopsida,Rosales,Moraceae,"Ficus americana"
Aves,Coraciiformes,Alcedinidae,"Chloroceryle amazona"
Aves,Coraciiformes,Alcedinidae,"Chloroceryle aenea"
Aves,Psittaciformes,Psittacidae,"Psittacara leucophthalmus"
Equisetopsida,Rosales,Moraceae,"Ficus cuatrecasana"
Aves,Apodiformes,Trochilidae,"Chlorestes notata"
Equisetopsida,Rosales,Moraceae,"Ficus guianensis"
Equisetopsida,Gentianales,Rubiaceae,"Psychotria caerulea"
Equisetopsida,Zingiberales,Marantaceae,"Monotagma juruanum"
Equisetopsida,Gentianales,Rubiaceae,"Psychotria carthagenensis"
Equisetopsida,Rosales,Moraceae,"Ficus nymphaeifolia"
Equisetopsida,Gentianales,Rubiaceae,"Psychotria dudleyi"
Equisetopsida,Rosales,Moraceae,"Ficus paraensis"
Aves,Apodiformes,Trochilidae,"Chionomesa lactea"
Equisetopsida,Gentianales,Rubiaceae,"Chiococca belizensis"
Equisetopsida,Gentianales,Rubiaceae,"Psychotria levis"
Equisetopsida,Gentianales,Rubiaceae,"Chimarrhis glabriflora"
Equisetopsida,Malpighiales,Passifloraceae,"Passiflora miniata"
Equisetopsida,Gentianales,Rubiaceae,"Psychotria lupulina"
Equisetopsida,Malpighiales,Passifloraceae,"Passiflora menispermifolia"
Equisetopsida,Rosales,Moraceae,"Ficus tonduzii"
Equisetopsida,Gentianales,Rubiaceae,"Psychotria oinochrophylla"
Equisetopsida,Rosales,Moraceae,"Ficus trigona"
Equisetopsida,Myrtales,Melastomataceae,"Miconia elongata"
Equisetopsida,Gentianales,Rubiaceae,"Psychotria poeppigiana"
Equisetopsida,Gentianales,Rubiaceae,"Psychotria remota"
Aves,Galbuliformes,Bucconidae,"Chelidoptera tenebrosa"
Aves,Apodiformes,Trochilidae,"Florisuga mellivora"
Equisetopsida,Poales,Bromeliaceae,"Aechmea angustifolia"
Equisetopsida,Malpighiales,Passifloraceae,"Passiflora auriculata"
Aves,Passeriformes,Formicariidae,"Formicarius analis"
Equisetopsida,Celastrales,Celastraceae,"Cheiloclinium cognatum"
Equisetopsida,Gentianales,Rubiaceae,"Psychotria trichotoma"
Equisetopsida,Santalales,Olacaceae,"Chaunochiton kappleri"
Aves,Passeriformes,Thamnophilidae,"Formicivora rufa"
Equisetopsida,Gentianales,Rubiaceae,"Psychotria trivialis"
Equisetopsida,Malpighiales,Rhizophoraceae,"Sterigmapetalum obovatum"
Insecta,Lepidoptera,Nymphalidae,"Fountainea eurypyle eurypyle"
Insecta,Lepidoptera,Nymphalidae,"Fountainea ryphea ryphea"
Insecta,Lepidoptera,Nymphalidae,"Fountainea sossipus"
Equisetopsida,Ericales,Pentaphylacaceae,"Freziera alata"
Equisetopsida,Ericales,Pentaphylacaceae,"Freziera campanulata"
Aves,Passeriformes,Formicariidae,"Chamaeza mollissima"
Equisetopsida,Ericales,Pentaphylacaceae,"Freziera karsteniana"
Aves,Passeriformes,Formicariidae,"Chamaeza campanisona"
Equisetopsida,Ericales,Pentaphylacaceae,"Freziera spathulifolia"
Aves,Galliformes,Cracidae,"Chamaepetes goudotii"
Equisetopsida,Myrtales,Melastomataceae,"Miconia elaeagnoides"
Equisetopsida,Arecales,Arecaceae,"Chamaedorea pinnatifrons"
Equisetopsida,Arecales,Arecaceae,"Chamaedorea pauciflora"
Equisetopsida,Asparagales,Orchidaceae,"Frondaria caulescens"
Equisetopsida,Poales,Poaceae,"Parodiolyra micrantha"
Aves,Piciformes,Ramphastidae,"Pteroglossus azara"
Equisetopsida,Poales,Poaceae,"Parodiolyra lateralis"
Aves,Piciformes,Ramphastidae,"Pteroglossus beauharnaesii"
Aves,Passeriformes,Thraupidae,"Chalcothraupis ruficervix"
Aves,Piciformes,Ramphastidae,"Pteroglossus castanotis"
Aves,Passeriformes,Thraupidae,"Paroaria gularis"
Aves,Apodiformes,Apodidae,"Chaetura egregia"
Equisetopsida,Fabales,Fabaceae,"Parkia igneiflora"
Aves,Apodiformes,Apodidae,"Chaetura cinereiventris"
Aves,Passeriformes,Thraupidae,"Parkerthraustes humeralis"
Insecta,Lepidoptera,Riodinidae,"Pterographium iasis"
Equisetopsida,Lamiales,Gesneriaceae,"Monopyle macrocarpa"
Equisetopsida,Santalales,Loranthaceae,"Gaiadendron coronatum"
Equisetopsida,Santalales,Loranthaceae,"Gaiadendron punctatum"
Aves,Apodiformes,Apodidae,"Chaetura brachyura"
Aves,Galbuliformes,Galbulidae,"Galbalcyrhynchus purusianus"
Insecta,Lepidoptera,Papilionidae,"Parides sesostris sesostris"
Insecta,Lepidoptera,Papilionidae,"Parides phosphorus vavi"
Aves,Galbuliformes,Galbulidae,"Galbula cyanescens"
Insecta,Lepidoptera,Nymphalidae,"Pteronymia forsteri"
Equisetopsida,Myrtales,Melastomataceae,"Chaetogastra longifolia"
Aves,Apodiformes,Trochilidae,"Chaetocercus mulsant"
Insecta,Lepidoptera,Papilionidae,"Pterourus zagreus zagreus"
Insecta,Lepidoptera,Papilionidae,"Parides anchises drucei"
Equisetopsida,Polypodiales,Pteridaceae,"Pterozonium brevifrons"
Insecta,Lepidoptera,Papilionidae,"Parides aeneas damis"
Equisetopsida,Poales,Poaceae,"Pariana bicolor"
Equisetopsida,Solanales,Solanaceae,"Cestrum schlechtendalii"
Equisetopsida,Myrtales,Melastomataceae,"Miconia dolichorrhyncha"
Equisetopsida,Solanales,Solanaceae,"Cestrum microcalyx"
Equisetopsida,Solanales,Solanaceae,"Cestrum megalophyllum"
Aves,Strigiformes,Strigidae,"Pulsatrix melanota"
Aves,Gruiformes,Rallidae,"Pardirallus nigricans"
Aves,Coraciiformes,Alcedinidae,"Megaceryle torquata"
Equisetopsida,Malpighiales,Ochnaceae,"Cespedesia spathulata"
Aves,Strigiformes,Strigidae,"Pulsatrix perspicillata"
Equisetopsida,Arecales,Arecaceae,"Ceroxylon vogelianum"
Insecta,Lepidoptera,Nymphalidae,"Parataygetis albinotata"
Aves,Gruiformes,Rallidae,"Gallinula galeata"
Aves,Passeriformes,Thamnophilidae,"Cercomacroides serva"
Equisetopsida,Laurales,Monimiaceae,"Mollinedia lanceolata"
Aves,Passeriformes,Thamnophilidae,"Cercomacroides nigrescens"
Mammalia,Carnivora,Felidae,"Puma concolor"
Equisetopsida,Lamiales,Gesneriaceae,"Paradrymonia ciliosa"
Equisetopsida,Poales,Bromeliaceae,"Aechmea mertensii"
Aves,Passeriformes,Thamnophilidae,"Cercomacra cinerascens"
Equisetopsida,Malpighiales,Clusiaceae,"Garcinia madruno"
Aves,Accipitriformes,Accipitridae,"Parabuteo leucorrhous"
Mammalia,Carnivora,Felidae,"Puma yagouaroundi"
Aves,Passeriformes,Pipridae,"Ceratopipra chloromeros"
Equisetopsida,Polypodiales,Blechnaceae,"Parablechnum lechleri"
Equisetopsida,Apiales,Araliaceae,"Cephalopanax jahnii"
Equisetopsida,Ericales,Primulaceae,"Geissanthus ambigua"
Equisetopsida,Myrtales,Melastomataceae,"Miconia dispar"
Mammalia,Carnivora,Felidae,"Panthera onca"
Equisetopsida,Gentianales,Gentianaceae,"Gentiana sirensis"
Aves,Passeriformes,Hirundinidae,"Pygochelidon cyanoleuca"
Equisetopsida,Rosales,Cannabaceae,"Celtis schippii"
Equisetopsida,Rosales,Cannabaceae,"Celtis iguanaea"
Aves,Passeriformes,Thamnophilidae,"Pyriglena maura"
Equisetopsida,Gentianales,Rubiaceae,"Panopsis polystachya"
Equisetopsida,Arecales,Arecaceae,"Geonoma brongniartii"
Equisetopsida,Arecales,Arecaceae,"Geonoma deversa"
Equisetopsida,Arecales,Arecaceae,"Geonoma macrostachys"
Equisetopsida,Arecales,Arecaceae,"Geonoma maxima"
Insecta,Lepidoptera,Nymphalidae,"Panacea regina"
Equisetopsida,Arecales,Arecaceae,"Geonoma orbignyana"
Insecta,Lepidoptera,Nymphalidae,"Panacea prola amazonica"
Equisetopsida,Malvales,Malvaceae,"Ceiba samauma"
Aves,Passeriformes,Tyrannidae,"Pyrocephalus rubinus"
Equisetopsida,Arecales,Arecaceae,"Geonoma stricta"
Equisetopsida,Malvales,Malvaceae,"Ceiba pentandra"
Equisetopsida,Malvales,Malvaceae,"Ceiba insignis"
Equisetopsida,Arecales,Arecaceae,"Geonoma undata"
Equisetopsida,Fabales,Fabaceae,"Cedrelinga cateniformis"
Equisetopsida,Gentianales,Rubiaceae,"Palicourea tristis"
Equisetopsida,Gentianales,Rubiaceae,"Palicourea tinctoria"
Insecta,Lepidoptera,Nymphalidae,"Pyrrhogyra edocla lysanias"
Equisetopsida,Sapindales,Meliaceae,"Cedrela odorata"
Insecta,Lepidoptera,Nymphalidae,"Pyrrhogyra neaerea amphiro"
Insecta,Lepidoptera,Nymphalidae,"Pyrrhogyra otolais olivenca"
Equisetopsida,Gentianales,Rubiaceae,"Palicourea subtomentosa"
Equisetopsida,Sapindales,Meliaceae,"Cedrela angustifolia"
Equisetopsida,Gentianales,Rubiaceae,"Palicourea subfusca"
Aves,Passeriformes,Tyrannidae,"Pyrrhomyias cinnamomeus"
Equisetopsida,Rosales,Urticaceae,"Cecropia sciadophylla"
Equisetopsida,Gentianales,Rubiaceae,"Palicourea stipularis"
Insecta,Lepidoptera,Hesperiidae,"Pyrrhopyge sergius ganus"
Insecta,Lepidoptera,Hesperiidae,"Pyrrhopyge telassa phaeax"
Insecta,Lepidoptera,Hesperiidae,"Pyrrhopygopsis socrates orasus"
Equisetopsida,Rosales,Urticaceae,"Cecropia membranacea"
Aves,Columbiformes,Columbidae,"Geotrygon montana"
Equisetopsida,Gentianales,Rubiaceae,"Palicourea schunkei"
Equisetopsida,Gentianales,Rubiaceae,"Palicourea reticulata"
Equisetopsida,Rosales,Urticaceae,"Cecropia ficifolia"
Equisetopsida,Rosales,Urticaceae,"Cecropia engleriana"
Aves,Psittaciformes,Psittacidae,"Pyrrhura roseifrons"
Equisetopsida,Rosales,Urticaceae,"Cecropia angustifolia"
Equisetopsida,Gentianales,Rubiaceae,"Palicourea punicea"
Mammalia,Primates,Cebidae,"Cebus (Sapajus) apella"
Equisetopsida,Gentianales,Rubiaceae,"Palicourea ponasae"
Equisetopsida,Gentianales,Rubiaceae,"Palicourea pebasensis"
Mammalia,Primates,Cebidae,"Cebus (Cebus) albifrons"
Equisetopsida,Gentianales,Rubiaceae,"Palicourea ottonis"
Equisetopsida,Gentianales,Rubiaceae,"Palicourea oleandrella"
Equisetopsida,Gentianales,Rubiaceae,"Palicourea obovata"
Equisetopsida,Gentianales,Rubiaceae,"Palicourea nigricans"
Equisetopsida,Poales,Bromeliaceae,"Aechmea veitchii"
Equisetopsida,Gentianales,Rubiaceae,"Palicourea mansoana"
Equisetopsida,Malvales,Malvaceae,"Quararibea wittii"
Aves,Passeriformes,Thraupidae,"Sporophila plumbea"
Equisetopsida,Malpighiales,Euphorbiaceae,"Gitara nicaraguensis"
Equisetopsida,Myrtales,Melastomataceae,"Miconia densifolia"
Insecta,Lepidoptera,Nymphalidae,"Catonephele salambria"
Insecta,Lepidoptera,Nymphalidae,"Catonephele numilia numilia"
Aves,Strigiformes,Strigidae,"Glaucidium brasilianum"
Insecta,Lepidoptera,Nymphalidae,"Catonephele acontius acontius"
Insecta,Lepidoptera,Nymphalidae,"Catoblepia xanthicles orientalis"
Insecta,Lepidoptera,Nymphalidae,"Catoblepia soranus"
Insecta,Lepidoptera,Nymphalidae,"Catoblepia berecynthia berecynthina"
Aves,Passeriformes,Cotingidae,"Querula purpurata"
Equisetopsida,Gentianales,Rubiaceae,"Palicourea levis"
Aves,Passeriformes,Turdidae,"Catharus ustulatus"
Equisetopsida,Myrtales,Melastomataceae,"Miconia demissifolia"
Aves,Strigiformes,Strigidae,"Glaucidium parkeri"
Aves,Passeriformes,Turdidae,"Catharus maculatus"
Equisetopsida,Malpighiales,Ochnaceae,"Quiina florida"
Equisetopsida,Malpighiales,Ochnaceae,"Quiina obovata"
Aves,Apodiformes,Trochilidae,"Glaucis hirsutus"
Aves,Passeriformes,Turdidae,"Catharus fuscater"
Aves,Cathartiformes,Cathartidae,"Cathartes melambrotus"
Equisetopsida,Gentianales,Rubiaceae,"Palicourea guianensis"
Equisetopsida,Poales,Bromeliaceae,"Racinaea parviflora"
Equisetopsida,Poales,Bromeliaceae,"Racinaea schumanniana"
Insecta,Lepidoptera,Pieridae,"Glutophrissa drusilla drusilla"
Equisetopsida,Malpighiales,Euphorbiaceae,"Glycydendron amazonicum"
Aves,Passeriformes,Tyrannidae,"Mionectes oleagineus"
Aves,Cathartiformes,Cathartidae,"Cathartes aura"
Aves,Passeriformes,Furnariidae,"Glyphorynchus spirurus"
Equisetopsida,Gentianales,Rubiaceae,"Palicourea grandiflora"
Equisetopsida,Gentianales,Rubiaceae,"Palicourea flavifolia"
Insecta,Lepidoptera,Pieridae,"Catasticta sisamnus telasco"
Insecta,Lepidoptera,Nymphalidae,"Godyris zavaleta huallaga"
Equisetopsida,Asparagales,Orchidaceae,"Catasetum stevensonii"
Aves,Piciformes,Ramphastidae,"Ramphastos tucanus"
Equisetopsida,Gentianales,Rubiaceae,"Palicourea conephoroides"
Equisetopsida,Polypodiales,Thelypteridaceae,"Goniopteris jamesonii"
Equisetopsida,Gentianales,Apocynaceae,"Gonolobus parviflorus"
Equisetopsida,Rosales,Moraceae,"Castilla ulei"
Insecta,Lepidoptera,Nymphalidae,"Castilia perilla"
Equisetopsida,Gentianales,Rubiaceae,"Palicourea buchtienii"
Insecta,Lepidoptera,Nymphalidae,"Castilia angusta"
Equisetopsida,Ericales,Theaceae,"Gordonia fruticosa"
Aves,Passeriformes,Thraupidae,"Ramphocelus carbo"
Equisetopsida,Gentianales,Rubiaceae,"Palicourea bangii"
Equisetopsida,Malvales,Malvaceae,"Gossypium barbadense"
Equisetopsida,Malpighiales,Salicaceae,"Casearia uleana"
Equisetopsida,Rosales,Rhamnaceae,"Gouania lupuloides"
Equisetopsida,Malpighiales,Salicaceae,"Casearia prunifolia"
Equisetopsida,Gentianales,Rubiaceae,"Palicourea andina"
Equisetopsida,Myrtales,Melastomataceae,"Graffenrieda cucullata"
Insecta,Lepidoptera,Hesperiidae,"Achlyodes bisurus heros"
Equisetopsida,Myrtales,Melastomataceae,"Graffenrieda gracilis"
Equisetopsida,Myrtales,Melastomataceae,"Graffenrieda harlingii"
Equisetopsida,Myrtales,Melastomataceae,"Graffenrieda limbata"
Equisetopsida,Lycopodiales,Lycopodiaceae,"Palhinhaea glaucescens"
Aves,Passeriformes,Grallariidae,"Grallaria guatimalensis"
Aves,Passeriformes,Grallariidae,"Grallaria haplonota"
Equisetopsida,Celastrales,Caryocaraceae,"Caryocar glabrum"
Equisetopsida,Gentianales,Rubiaceae,"Pagamea dudleyi"
Aves,Passeriformes,Grallariidae,"Grallaricula flavirostris"
Aves,Passeriformes,Vireonidae,"Pachysylvia hypoxantha"
Equisetopsida,Pandanales,Cyclanthaceae,"Carludovica palmata"
Equisetopsida,Lamiales,Acanthaceae,"Pachystachys badiospica"
Aves,Passeriformes,Tityridae,"Pachyramphus viridis"
Equisetopsida,Sapindales,Meliaceae,"Guarea gomma"
Equisetopsida,Myrtales,Melastomataceae,"Miconia cookii"
Aves,Passeriformes,Tityridae,"Pachyramphus versicolor"
Equisetopsida,Sapindales,Meliaceae,"Guarea guidonia"
Aves,Passeriformes,Parulidae,"Cardellina canadensis"
Equisetopsida,Sapindales,Meliaceae,"Guarea kunthiana"
Aves,Passeriformes,Tityridae,"Pachyramphus polychopterus"
Aves,Strigiformes,Strigidae,"Megascops choliba"
Equisetopsida,Sapindales,Meliaceae,"Guarea macrophylla"
Equisetopsida,Gentianales,Rubiaceae,"Remijia chelomaphylla"
Equisetopsida,Sapindales,Meliaceae,"Guarea pterorhachis"
Equisetopsida,Sapindales,Meliaceae,"Guarea pubescens"
Equisetopsida,Myrtales,Melastomataceae,"Miconia clathrantha"
Equisetopsida,Sapindales,Meliaceae,"Guarea silvatica"
Equisetopsida,Solanales,Solanaceae,"Capsicum coccineum"
Equisetopsida,Myrtales,Melastomataceae,"Miconia ciliata"
Equisetopsida,Brassicales,Capparaceae,"Capparidastrum sola"
Aves,Passeriformes,Tityridae,"Pachyramphus marginatus"
Aves,Piciformes,Capitonidae,"Capito aurovirens"
Aves,Passeriformes,Thraupidae,"Sporophila nigricollis"
Equisetopsida,Magnoliales,Annonaceae,"Guatteria megalophylla"
Equisetopsida,Zingiberales,Zingiberaceae,"Renealmia thyrsoidea"
Equisetopsida,Lamiales,Lamiaceae,"Aegiphila triflora"
Equisetopsida,Magnoliales,Annonaceae,"Guatteria punctata"
Aves,Passeriformes,Tityridae,"Pachyramphus albogriseus"
Aves,Piciformes,Capitonidae,"Capito auratus"
Equisetopsida,Magnoliales,Annonaceae,"Guatteria scytophylla"
Equisetopsida,Gentianales,Rubiaceae,"Retiniphyllum fuchsioides"
Equisetopsida,Magnoliales,Annonaceae,"Guatteria terminalis"
Equisetopsida,Magnoliales,Annonaceae,"Guatteria ucayalina"
Equisetopsida,Malvales,Malvaceae,"Guazuma crinita"
Equisetopsida,Lamiales,Lamiaceae,"Aegiphila ulei"
Insecta,Lepidoptera,Pieridae,"Rhabdodryas trite trite"
Equisetopsida,Gentianales,Rubiaceae,"Guettarda crispiflora"
Equisetopsida,Malvales,Malvaceae,"Pachira insignis"
Equisetopsida,Malvales,Malvaceae,"Pachira aquatica"
Equisetopsida,Zingiberales,Cannaceae,"Canna indica"
Equisetopsida,Cucurbitales,Cucurbitaceae,"Gurania capitata"
Aves,Passeriformes,Thamnophilidae,"Rhegmatorhina melanosticta"
Equisetopsida,Cucurbitales,Cucurbitaceae,"Gurania eriantha"
Equisetopsida,Asterales,Asteraceae,"Oyedaea oxylepis"
Equisetopsida,Cucurbitales,Cucurbitaceae,"Gurania sinuata"
Aves,Passeriformes,Troglodytidae,"Campylorhynchus turdinus"
Insecta,Lepidoptera,Riodinidae,"Rhetus periander laonome"
Equisetopsida,Ericales,Lecythidaceae,"Gustavia hexapetala"
Equisetopsida,Poales,Bromeliaceae,"Guzmania brevispatha"
Equisetopsida,Poales,Bromeliaceae,"Guzmania garciaensis"
Aves,Passeriformes,Oxyruncidae,"Oxyruncus cristatus"
Aves,Passeriformes,Furnariidae,"Campylorhamphus trochilirostris"
Aves,Apodiformes,Trochilidae,"Campylopterus largipennis"
Aves,Passeriformes,Cotingidae,"Gymnoderus foetidus"
Aves,Strigiformes,Strigidae,"Megascops ingens"
Equisetopsida,Polypodiales,Polypodiaceae,"Campyloneurum repens"
Aves,Passeriformes,Thraupidae,"Sporophila murallae"
Equisetopsida,Polypodiales,Polypodiaceae,"Campyloneurum phyllitidis"
Equisetopsida,Myrtales,Melastomataceae,"Miconia chrysophylla"
Equisetopsida,Magnoliales,Annonaceae,"Oxandra xylopioides"
Equisetopsida,Magnoliales,Annonaceae,"Oxandra riedeliana"
Equisetopsida,Polypodiales,Polypodiaceae,"Campyloneurum fuscosquamatum"
Equisetopsida,Myrtales,Melastomataceae,"Miconia choriophylla"
Equisetopsida,Magnoliales,Annonaceae,"Oxandra mediocris"
Equisetopsida,Polypodiales,Polypodiaceae,"Campyloneurum aphanophlebium"
Equisetopsida,Polypodiales,Polypodiaceae,"Campyloneurum angustifolium"
Equisetopsida,Asparagales,Orchidaceae,"Habenaria monorrhiza"
Aves,Passeriformes,Tyrannidae,"Camptostoma obsoletum"
Aves,Passeriformes,Cardinalidae,"Habia rubica"
Aves,Piciformes,Picidae,"Campephilus rubricollis"
Aves,Piciformes,Picidae,"Campephilus melanoleucos"
Mammalia,Rodentia,Sciuridae,"Hadrosciurus spadiceus"
Equisetopsida,Malpighiales,Ochnaceae,"Ouratea wallnoeferiana"
Equisetopsida,Asparagales,Orchidaceae,"Otoglossum weberbaueranum"
Aves,Piciformes,Picidae,"Campephilus haematogaster"
Insecta,Lepidoptera,Nymphalidae,"Haetera piera negra"
Equisetopsida,Magnoliales,Myristicaceae,"Otoba parvifolia"
Equisetopsida,Poales,Cyperaceae,"Calyptrocarya glomerulata"
Equisetopsida,Poales,Cyperaceae,"Calyptrocarya bicolor"
Equisetopsida,Myrtales,Melastomataceae,"Miconia carpishana"
Equisetopsida,Magnoliales,Myristicaceae,"Otoba glycycarpa"
Equisetopsida,Alismatales,Araceae,"Rhodospatha latifolia"
Insecta,Lepidoptera,Nymphalidae,"Hamadryas amphinome amphinome"
Insecta,Lepidoptera,Lycaenidae,"Calycopis devia"
Equisetopsida,Gentianales,Rubiaceae,"Hamelia axillaris"
Equisetopsida,Gentianales,Rubiaceae,"Calycophyllum multiflorum"
Equisetopsida,Gentianales,Rubiaceae,"Calycophyllum megistocaulum"
Equisetopsida,Lamiales,Bignoniaceae,"Handroanthus capitatus"
Aves,Passeriformes,Tyrannidae,"Rhynchocyclus fulvipectus"
Equisetopsida,Lamiales,Bignoniaceae,"Handroanthus serratifolius"
Equisetopsida,Magnoliales,Myristicaceae,"Osteophloeum platyspermum"
Aves,Apodiformes,Trochilidae,"Haplophaedia assimilis"
Aves,Apodiformes,Trochilidae,"Haplophaedia aureliae"
Equisetopsida,Malpighiales,Calophyllaceae,"Calophyllum brasiliense"
Equisetopsida,Alismatales,Araceae,"Stenospermation amomifolium"
Aves,Passeriformes,Thraupidae,"Haplospiza rustica"
Aves,Accipitriformes,Accipitridae,"Harpagus bidentatus"
Aves,Passeriformes,Thraupidae,"Calochaetes coccineus"
Insecta,Lepidoptera,Nymphalidae,"Callithomia lenea zelie"
Equisetopsida,Myrtales,Melastomataceae,"Miconia caquetana"
Insecta,Lepidoptera,Nymphalidae,"Callicore texa maimuna"
Insecta,Lepidoptera,Nymphalidae,"Callicore pygas cyllene"
Insecta,Lepidoptera,Nymphalidae,"Callicore hystaspes zelphanta"
Insecta,Lepidoptera,Nymphalidae,"Callicore hesperis"
Equisetopsida,Poales,Cyperaceae,"Rhynchospora marisculus"
Equisetopsida,Poales,Cyperaceae,"Rhynchospora polyphylla"
Insecta,Lepidoptera,Nymphalidae,"Callicore eunomia incarnata"
Insecta,Lepidoptera,Nymphalidae,"Callicore cynosura cynosura"
Aves,Strigiformes,Strigidae,"Megascops roraimae"
Equisetopsida,Chloranthales,Chloranthaceae,"Hedyosmum racemosum"
Aves,Passeriformes,Tyrannidae,"Rhytipterna simplex"
Equisetopsida,Fabales,Fabaceae,"Calliandra angustifolia"
Insecta,Lepidoptera,Nymphalidae,"Caligo teucer phorkys"
Insecta,Lepidoptera,Nymphalidae,"Caligopsis seleucida seleucida"
Equisetopsida,Malpighiales,Phyllanthaceae,"Richeria grandis"
Aves,Galliformes,Cracidae,"Ortalis guttata"
Insecta,Lepidoptera,Nymphalidae,"Aeria eurimedia negricola"
Insecta,Lepidoptera,Riodinidae,"Monethe albertus albertus"
Equisetopsida,Zingiberales,Heliconiaceae,"Heliconia stricta"
Equisetopsida,Gentianales,Rubiaceae,"Ronabea emetica"
Equisetopsida,Zingiberales,Heliconiaceae,"Heliconia velutina"
Insecta,Lepidoptera,Nymphalidae,"Heliconius burneyi jamesi"
Aves,Passeriformes,Tyrannidae,"Ornithion inerme"
Insecta,Lepidoptera,Nymphalidae,"Heliconius elevatus pseudocupidineus"
Insecta,Lepidoptera,Nymphalidae,"Heliconius erato emma"
Insecta,Lepidoptera,Nymphalidae,"Heliconius hecale sisyphus"
Equisetopsida,Fabales,Fabaceae,"Ormosia schunkei"
Insecta,Lepidoptera,Nymphalidae,"Heliconius leucadia"
Insecta,Lepidoptera,Nymphalidae,"Heliconius melpomene aglaope"
Insecta,Lepidoptera,Nymphalidae,"Heliconius numata arcuella"
Insecta,Lepidoptera,Nymphalidae,"Heliconius numata bocoloratus"
Insecta,Lepidoptera,Nymphalidae,"Heliconius numata illustris"
Equisetopsida,Gentianales,Rubiaceae,"Rosenbergiodendron reflexum"
Insecta,Lepidoptera,Nymphalidae,"Heliconius numata lyrcaeus"
Insecta,Lepidoptera,Nymphalidae,"Heliconius sara thamar"
Insecta,Lepidoptera,Nymphalidae,"Heliconius telesiphe telesiphe"
Equisetopsida,Fabales,Fabaceae,"Ormosia macrocalyx"
Equisetopsida,Fabales,Fabaceae,"Ormosia larecajana"
Equisetopsida,Fabales,Fabaceae,"Ormosia coccinea"
Equisetopsida,Malpighiales,Linaceae,"Roucheria columbiana"
Equisetopsida,Malpighiales,Linaceae,"Roucheria laxiflora"
Equisetopsida,Rosales,Moraceae,"Helicostylis scabra"
Equisetopsida,Rosales,Moraceae,"Helicostylis tomentosa"
Equisetopsida,Oxalidales,Connaraceae,"Rourea cuspidata"
Equisetopsida,Fabales,Fabaceae,"Ormosia amazonica"
Equisetopsida,Rosales,Moraceae,"Helicostylis tovarensis"
Equisetopsida,Malvales,Malvaceae,"Heliocarpus americanus"
Equisetopsida,Zingiberales,Marantaceae,"Calathea lutea"
Aves,Apodiformes,Trochilidae,"Heliodoxa aurescens"
Aves,Apodiformes,Trochilidae,"Heliodoxa branickii"
Aves,Apodiformes,Trochilidae,"Heliodoxa leadbeateri"
Aves,Apodiformes,Trochilidae,"Heliodoxa schreibersii"
Equisetopsida,Gentianales,Rubiaceae,"Rudgea canephorantha"
Equisetopsida,Gentianales,Rubiaceae,"Rudgea ciliata"
Aves,Gruiformes,Heliornithidae,"Heliornis fulica"
Aves,Apodiformes,Trochilidae,"Heliothryx auritus"
Aves,Anseriformes,Anatidae,"Cairina moschata"
Aves,Passeriformes,Thraupidae,"Sporophila luctuosa"
Insecta,Lepidoptera,Nymphalidae,"Caeruleuptychia zisa"
Equisetopsida,Gentianales,Rubiaceae,"Rudgea poeppigii"
Insecta,Lepidoptera,Nymphalidae,"Caeruleuptychia chlorimene"
Insecta,Lepidoptera,Nymphalidae,"Caeruleuptychia arnaca"
Aves,Passeriformes,Icteridae,"Cacicus uropygialis"
Equisetopsida,Asparagales,Orchidaceae,"Helonoma peruviana"
Equisetopsida,Gentianales,Rubiaceae,"Rudgea tomentosa"
Equisetopsida,Gentianales,Rubiaceae,"Rudgea verticillata"
Aves,Passeriformes,Icteridae,"Cacicus solitarius"
Aves,Strigiformes,Strigidae,"Megascops watsonii"
Aves,Galbuliformes,Bucconidae,"Monasa nigrifrons"
Equisetopsida,Myrtales,Melastomataceae,"Miconia caerulea"
Insecta,Lepidoptera,Nymphalidae,"Opsiphanes quiteria bolivianus"
Insecta,Lepidoptera,Nymphalidae,"Opsiphanes invirae cassina"
Aves,Passeriformes,Icteridae,"Cacicus cela"
Aves,Passeriformes,Thraupidae,"Hemithraupis flavicollis"
Insecta,Lepidoptera,Nymphalidae,"Opsiphanes cassiae rubigatus"
Aves,Passeriformes,Thraupidae,"Hemithraupis guira"
Equisetopsida,Sapindales,Meliaceae,"Cabralea canjerana"
Mammalia,Cingulata,Chlamyphoridae,"Cabassous unicinctus"
Aves,Passeriformes,Tyrannidae,"Hemitriccus rufigularis"
Equisetopsida,Lamiales,Acanthaceae,"Ruellia tarapotana"
Aves,Apodiformes,Apodidae,"Aeronautes montivagus"
Aves,Passeriformes,Tyrannidae,"Hemitriccus zosterops"
Aves,Passeriformes,Troglodytidae,"Henicorhina leucophrys"
Equisetopsida,Malpighiales,Malpighiaceae,"Byrsonima poeppigiana"
Equisetopsida,Malpighiales,Malpighiaceae,"Byrsonima arthropoda"
Insecta,Lepidoptera,Papilionidae,"Heraclides anchisiades anchisiades"
Equisetopsida,Magnoliales,Annonaceae,"Ruizodendron ovale"
Insecta,Lepidoptera,Papilionidae,"Heraclides isidorus isidorus"
Insecta,Lepidoptera,Papilionidae,"Heraclides thoas cinyras"
Insecta,Lepidoptera,Papilionidae,"Heraclides torquatus torquatus"
Insecta,Lepidoptera,Nymphalidae,"Hermeuptychia atalanta"
Aves,Pelecaniformes,Ardeidae,"Butorides striata"
Insecta,Lepidoptera,Nymphalidae,"Hermeuptychia hermes"
Aves,Passeriformes,Cotingidae,"Rupicola peruvianus"
Aves,Passeriformes,Thamnophilidae,"Herpsilochmus frater"
Aves,Passeriformes,Thamnophilidae,"Herpsilochmus motacilloides"
Insecta,Lepidoptera,Pieridae,"Hesperocharis marchali"
Aves,Accipitriformes,Accipitridae,"Buteogallus solitarius"
Aves,Accipitriformes,Accipitridae,"Rupornis magnirostris"
Aves,Accipitriformes,Accipitridae,"Buteogallus schistaceus"
Equisetopsida,Alismatales,Araceae,"Heteropsis flexuosa"
Aves,Accipitriformes,Accipitridae,"Buteo brachyurus"
Aves,Accipitriformes,Accipitridae,"Buteo albonotatus"
Equisetopsida,Santalales,Loranthaceae,"Aetanthus nodosus"
Aves,Accipitriformes,Accipitridae,"Accipiter striatus"
Equisetopsida,Malpighiales,Euphorbiaceae,"Hevea brasiliensis"
Equisetopsida,Poales,Poaceae,"Olyra latifolia"
Equisetopsida,Malpighiales,Euphorbiaceae,"Hevea guianensis"
Equisetopsida,Dioscoreales,Burmanniaceae,"Burmannia kalbreyeri"
Aves,Passeriformes,Tyrannidae,"Mionectes olivaceus"
Insecta,Lepidoptera,Hesperiidae,"Aethilla echina echina"
Insecta,Lepidoptera,Nymphalidae,"Ollantaya canilla"
Equisetopsida,Malpighiales,Phyllanthaceae,"Hieronyma alchorneoides"
Equisetopsida,Malpighiales,Malpighiaceae,"Bunchosia armeniaca"
Equisetopsida,Malpighiales,Phyllanthaceae,"Hieronyma duquei"
Equisetopsida,Malpighiales,Phyllanthaceae,"Hieronyma fendleri"
Equisetopsida,Polypodiales,Saccolomataceae,"Saccoloma inaequale"
Equisetopsida,Malpighiales,Phyllanthaceae,"Hieronyma oblonga"
Insecta,Lepidoptera,Nymphalidae,"Oleria quintina"
Insecta,Lepidoptera,Nymphalidae,"Oleria onega perspicua"
Equisetopsida,Gentianales,Rubiaceae,"Hillia parasitica"
Insecta,Lepidoptera,Nymphalidae,"Oleria gunilla serdolis"
Equisetopsida,Gentianales,Rubiaceae,"Hillia pumila"
Aves,Passeriformes,Thraupidae,"Sporophila castaneiventris"
Equisetopsida,Alismatales,Araceae,"Stenospermation wallisii"
Insecta,Lepidoptera,Nymphalidae,"Oleria estella estella"
Insecta,Lepidoptera,Nymphalidae,"Oleria enania"
Equisetopsida,Gentianales,Apocynaceae,"Himatanthus articulatus"
Equisetopsida,Arecales,Arecaceae,"Oenocarpus mapora"
Equisetopsida,Malpighiales,Chrysobalanaceae,"Hirtella bicornis"
Equisetopsida,Malpighiales,Chrysobalanaceae,"Hirtella elongata"
Equisetopsida,Malpighiales,Chrysobalanaceae,"Hirtella excelsa"
Equisetopsida,Arecales,Arecaceae,"Oenocarpus bataua"
Aves,Passeriformes,Tyrannidae,"Hirundinea ferruginea"
Aves,Passeriformes,Hirundinidae,"Hirundo rustica"
Insecta,Lepidoptera,Nymphalidae,"Historis acheronta acheronta"
Insecta,Lepidoptera,Nymphalidae,"Historis odius dious"
Equisetopsida,Alismatales,Araceae,"Stenospermation zeacarpium"
Equisetopsida,Solanales,Solanaceae,"Brunfelsia grandiflora"
Equisetopsida,Oxalidales,Brunelliaceae,"Brunellia stenoptera"
Equisetopsida,Solanales,Solanaceae,"Brugmansia suaveolens"
Aves,Passeriformes,Troglodytidae,"Odontorchilus branickii"
Aves,Galliformes,Odontophoridae,"Odontophorus stellatus"
Aves,Piciformes,Picidae,"Melanerpes cruentatus"
Equisetopsida,Celastrales,Celastraceae,"Salacia opacifolia"
Aves,Galliformes,Odontophoridae,"Odontophorus speciosus"
Aves,Galliformes,Cracidae,"Aburria aburri"
Equisetopsida,Myrtales,Melastomataceae,"Miconia brevistylis"
Aves,Galliformes,Odontophoridae,"Odontophorus gujanensis"
Insecta,Lepidoptera,Hesperiidae,"Saliana saladin saladin"
Equisetopsida,Malvales,Malvaceae,"Huberodendron swietenioides"
Aves,Accipitriformes,Accipitridae,"Accipiter bicolor"
Equisetopsida,Ranunculales,Menispermaceae,"Odontocarya tripetala"
Equisetopsida,Rosales,Moraceae,"Brosimum rubescens"
Equisetopsida,Rosales,Moraceae,"Brosimum parinarioides"
Equisetopsida,Malpighiales,Euphorbiaceae,"Hura crepitans"
Equisetopsida,Rosales,Moraceae,"Brosimum lactescens"
Insecta,Lepidoptera,Nymphalidae,"Hyalyris coeno"
Equisetopsida,Rosales,Moraceae,"Brosimum guianense"
Equisetopsida,Rosales,Moraceae,"Brosimum alicastrum"
Equisetopsida,Rosales,Moraceae,"Brosimum acutifolium"
Equisetopsida,Asparagales,Orchidaceae,"Octomeria scirpoidea"
Equisetopsida,Myrtales,Melastomataceae,"Salpinga peruviana"
Equisetopsida,Myrtales,Melastomataceae,"Miconia beneolens"
Aves,Apodiformes,Trochilidae,"Ocreatus underwoodii"
Equisetopsida,Asparagales,Orchidaceae,"Brevilongium scansor"
Insecta,Lepidoptera,Nymphalidae,"Brassolis sophorae ardens"
Equisetopsida,Laurales,Lauraceae,"Ocotea ovalifolia"
Aves,Caprimulgiformes,Caprimulgidae,"Hydropsalis maculicaudus"
Equisetopsida,Laurales,Monimiaceae,"Mollinedia ovata"
Aves,Passeriformes,Thraupidae,"Saltator coerulescens"
Aves,Passeriformes,Vireonidae,"Hylophilus olivaceus"
Aves,Passeriformes,Thraupidae,"Saltator grossus"
Aves,Passeriformes,Thamnophilidae,"Hylophylax naevius"
Equisetopsida,Laurales,Lauraceae,"Ocotea guianensis"
Aves,Passeriformes,Thraupidae,"Saltator maximus"
Equisetopsida,Laurales,Lauraceae,"Ocotea costulata"
Equisetopsida,Laurales,Lauraceae,"Ocotea cernua"
Equisetopsida,Laurales,Lauraceae,"Ocotea camphoromoea"
Equisetopsida,Laurales,Lauraceae,"Ocotea bofo"
Equisetopsida,Fabales,Fabaceae,"Hymenolobium excelsum"
Equisetopsida,Myrtales,Melastomataceae,"Miconia barbeyana"
Equisetopsida,Laurales,Lauraceae,"Ocotea balanocarpa"
Equisetopsida,Hymenophyllales,Hymenophyllaceae,"Hymenophyllum fragile"
Equisetopsida,Hymenophyllales,Hymenophyllaceae,"Hymenophyllum hirsutum"
Equisetopsida,Hymenophyllales,Hymenophyllaceae,"Hymenophyllum plumieri"
Equisetopsida,Hymenophyllales,Hymenophyllaceae,"Hymenophyllum ruizianum"
Equisetopsida,Hymenophyllales,Hymenophyllaceae,"Hymenophyllum trichomanoides"
Equisetopsida,Laurales,Lauraceae,"Ocotea argyrophylla"
Equisetopsida,Malpighiales,Chrysobalanaceae,"Hymenopus heteromorphus"
Equisetopsida,Malpighiales,Chrysobalanaceae,"Hymenopus laevigatus"
Equisetopsida,Lamiales,Acanthaceae,"Sanchezia oblonga"
Equisetopsida,Gentianales,Loganiaceae,"Bonyunia pulchra"
Equisetopsida,Arecales,Arecaceae,"Hyospathe elegans"
Equisetopsida,Malpighiales,Bonnetiaceae,"Bonnetia paniculata"
Equisetopsida,Lamiales,Acanthaceae,"Sanchezia rubriflora"
Equisetopsida,Laurales,Lauraceae,"Ocotea aciphylla"
Equisetopsida,Lamiales,Acanthaceae,"Sanchezia scandens"
Equisetopsida,Sapindales,Sapindaceae,"Sapindus saponaria"
Insecta,Lepidoptera,Nymphalidae,"Hypanartia lethe"
Equisetopsida,Malpighiales,Euphorbiaceae,"Sapium glandulosum"
Equisetopsida,Myrtales,Melastomataceae,"Miconia bangii"
Equisetopsida,Malpighiales,Euphorbiaceae,"Sapium marmieri"
Equisetopsida,Malpighiales,Hypericaceae,"Hypericum recurvum"
Aves,Passeriformes,Tyrannidae,"Ochthornis littoralis"
Equisetopsida,Malpighiales,Euphorbiaceae,"Sapium stylare"
Aves,Psittaciformes,Psittacidae,"Bolborhynchus lineola"
Equisetopsida,Polypodiales,Dryopteridaceae,"Bolbitis oligarchica"
Equisetopsida,Ericales,Sapotaceae,"Sarcaulus brasiliensis"
Insecta,Lepidoptera,Nymphalidae,"Hypna clytemnestra negra"
Aves,Passeriformes,Tyrannidae,"Ochthoeca pulchella"
Equisetopsida,Ericales,Marcgraviaceae,"Sarcopera anomala"
Aves,Cathartiformes,Cathartidae,"Sarcoramphus papa"
Aves,Passeriformes,Thamnophilidae,"Hypocnemis subflava"
Aves,Passeriformes,Thraupidae,"Sporophila atrirostris"
Insecta,Lepidoptera,Nymphalidae,"Hypoleria lavinia garleppi"
Equisetopsida,Myrtales,Melastomataceae,"Blakea rosea"
Equisetopsida,Myrtales,Melastomataceae,"Blakea repens"
Equisetopsida,Myrtales,Melastomataceae,"Blakea multiflora"
Insecta,Lepidoptera,Nymphalidae,"Hyposcada anchiala interrupta"
Insecta,Lepidoptera,Nymphalidae,"Hyposcada cyrene taliata"
Insecta,Lepidoptera,Nymphalidae,"Hyposcada illinissa brisotis"
Equisetopsida,Malvales,Bixaceae,"Bixa urucurana"
Equisetopsida,Malvales,Bixaceae,"Bixa orellana"
Equisetopsida,Malvales,Malvaceae,"Ochroma pyramidale"
Equisetopsida,Ericales,Actinidiaceae,"Saurauia yasicae"
Equisetopsida,Lamiales,Lamiaceae,"Hyptidendron arboreum"
Insecta,Lepidoptera,Nymphalidae,"Biblis hyperia laticlavia"
Aves,Galbuliformes,Bucconidae,"Nystalus obamai"
Insecta,Lepidoptera,Nymphalidae,"Bia actorion rebeli"
Aves,Passeriformes,Tyrannidae,"Sayornis nigricans"
Aves,Falconiformes,Falconidae,"Ibycter americanus"
Insecta,Lepidoptera,Riodinidae,"Nymphidium baeotia"
Aves,Passeriformes,Thraupidae,"Sporophila angolensis"
Equisetopsida,Poales,Poaceae,"Ichnanthus panicoides"
Equisetopsida,Lamiales,Gesneriaceae,"Besleria aggregata"
Equisetopsida,Asterales,Asteraceae,"Ichthyothere peruviana"
Equisetopsida,Gentianales,Rubiaceae,"Bertiera viburnoides"
Aves,Passeriformes,Icteridae,"Icterus cayanensis"
Aves,Passeriformes,Tyrannidae,"Mionectes striaticollis"
Aves,Caprimulgiformes,Caprimulgidae,"Nyctipolus nigrescens"
Aves,Passeriformes,Icteridae,"Icterus croconotus"
Equisetopsida,Asparagales,Orchidaceae,"Scaphyglottis graminifolia"
Equisetopsida,Asparagales,Orchidaceae,"Scaphyglottis punctulata"
Aves,Caprimulgiformes,Caprimulgidae,"Nyctiphrynus ocellatus"
Equisetopsida,Myrtales,Melastomataceae,"Bellucia subandina"
Aves,Accipitriformes,Accipitridae,"Ictinia plumbea"
Equisetopsida,Myrtales,Melastomataceae,"Bellucia grossularioides"
Equisetopsida,Ericales,Ericaceae,"Bejaria aestuans"
Aves,Passeriformes,Tityridae,"Schiffornis turdina"
Equisetopsida,Laurales,Lauraceae,"Beilschmiedia tovarensis"
Equisetopsida,Laurales,Lauraceae,"Beilschmiedia sulcata"
Equisetopsida,Aquifoliales,Aquifoliaceae,"Ilex gabrielleana"
Equisetopsida,Laurales,Lauraceae,"Beilschmiedia latifolia"
Aves,Galbuliformes,Bucconidae,"Monasa morphoeus"
Equisetopsida,Aquifoliales,Aquifoliaceae,"Ilex laurina"
Equisetopsida,Cucurbitales,Begoniaceae,"Begonia rossmanniae"
Aves,Apodiformes,Trochilidae,"Schistes geoffroyi"
Equisetopsida,Cucurbitales,Begoniaceae,"Begonia parviflora"
Aves,Passeriformes,Thraupidae,"Schistochlamys melanopis"
Equisetopsida,Aquifoliales,Aquifoliaceae,"Ilex tarapotina"
Equisetopsida,Cucurbitales,Begoniaceae,"Begonia glabra"
Equisetopsida,Cucurbitales,Begoniaceae,"Begonia buddleiifolia"
Equisetopsida,Schizaeales,Schizaeaceae,"Schizaea elegans"
Equisetopsida,Fabales,Fabaceae,"Bauhinia guianensis"
Equisetopsida,Schizaeales,Schizaeaceae,"Schizaea pusilla"
Insecta,Lepidoptera,Papilionidae,"Battus crassus crassus"
Equisetopsida,Gentianales,Rubiaceae,"Schizocalyx obovatus"
Equisetopsida,Rosales,Moraceae,"Batocarpus costaricensis"
Aves,Nyctibiiformes,Nyctibiidae,"Nyctibius griseus"
Equisetopsida,Fabales,Fabaceae,"Inga acreana"
Equisetopsida,Gentianales,Rubiaceae,"Schizocalyx peruvianus"
Equisetopsida,Fabales,Fabaceae,"Inga acrocephala"
Equisetopsida,Gentianales,Rubiaceae,"Schizocalyx sterculioides"
Equisetopsida,Fabales,Fabaceae,"Inga alba"
Mammalia,Carnivora,Procyonidae,"Bassaricyon alleni"
Equisetopsida,Asparagales,Orchidaceae,"Baskervilla assurgens"
Insecta,Lepidoptera,Pieridae,"Melete calymnia"
Equisetopsida,Fabales,Fabaceae,"Inga auristellae"
Aves,Passeriformes,Parulidae,"Basileuterus tristriatus"
Aves,Nyctibiiformes,Nyctibiidae,"Nyctibius grandis"
Equisetopsida,Fabales,Fabaceae,"Inga capitata"
Equisetopsida,Fabales,Fabaceae,"Inga cayennensis"
Insecta,Lepidoptera,Pieridae,"Melete leucanthe"
Equisetopsida,Fabales,Fabaceae,"Inga cecropietorum"
Aves,Coraciiformes,Momotidae,"Baryphthengus martii"
Aves,Nyctibiiformes,Nyctibiidae,"Nyctibius aethereus"
Insecta,Lepidoptera,Pieridae,"Melete lycimnia peruviana"
Equisetopsida,Fabales,Fabaceae,"Inga edulis"
Equisetopsida,Gentianales,Rubiaceae,"Schradera subandina"
Equisetopsida,Malpighiales,Malpighiaceae,"Banisteriopsis caapi"
Equisetopsida,Fabales,Fabaceae,"Inga heterophylla"
Equisetopsida,Malpighiales,Salicaceae,"Banara guianensis"
Equisetopsida,Ericales,Marcgraviaceae,"Schwartzia magnifica"
Equisetopsida,Ericales,Marcgraviaceae,"Schwartzia weddelliana"
Equisetopsida,Fabales,Fabaceae,"Inga leiocalycina"
Equisetopsida,Fabales,Fabaceae,"Inga marginata"
Insecta,Lepidoptera,Nymphalidae,"Baeotus deucalion"
Insecta,Lepidoptera,Nymphalidae,"Baeotus amazonicus"
Insecta,Lepidoptera,Riodinidae,"Baeotis bacaenis bacaenita"
Aves,Passeriformes,Thamnophilidae,"Sciaphylax hemimelaena"
Equisetopsida,Fabales,Fabaceae,"Inga nobilis"
Equisetopsida,Gentianales,Rubiaceae,"Notopleura vargasiana"
Equisetopsida,Arecales,Arecaceae,"Bactris maraja var. juruensis"
Equisetopsida,Arecales,Arecaceae,"Bactris macroacantha"
Equisetopsida,Gentianales,Rubiaceae,"Notopleura polyphlebia"
Equisetopsida,Fabales,Fabaceae,"Inga punctata"
Equisetopsida,Gentianales,Rubiaceae,"Notopleura pithecobia"
Equisetopsida,Arecales,Arecaceae,"Bactris gasipaes"
Equisetopsida,Fabales,Fabaceae,"Inga ruiziana"
Equisetopsida,Myrtales,Melastomataceae,"Miconia alternidomatia"
Equisetopsida,Fabales,Fabaceae,"Inga stipularis"
Equisetopsida,Apiales,Araliaceae,"Sciodaphyllum minutiflorum"
Equisetopsida,Apiales,Araliaceae,"Sciodaphyllum patulum"
Equisetopsida,Gentianales,Rubiaceae,"Notopleura epiphytica"
Equisetopsida,Apiales,Araliaceae,"Sciodaphyllum pentandrum"
Equisetopsida,Fabales,Fabaceae,"Inga thibaudiana"
Equisetopsida,Fabales,Fabaceae,"Inga tomentosa"
Equisetopsida,Apiales,Araliaceae,"Sciodaphyllum sprucei"
Equisetopsida,Fabales,Fabaceae,"Inga velutina"
Equisetopsida,Asterales,Asteraceae,"Baccharis oblongifolia"
Equisetopsida,Asterales,Asteraceae,"Baccharis nitida"
Equisetopsida,Poales,Cyperaceae,"Scleria cyperinoides"
Aves,Passeriformes,Tityridae,"Iodopleura isabellae"
Equisetopsida,Poales,Cyperaceae,"Scleria macrogyne"
Equisetopsida,Asterales,Asteraceae,"Baccharis genistelloides"
Insecta,Lepidoptera,Nymphalidae,"Melinaea ludovica manuelito"
Aves,Passeriformes,Furnariidae,"Sclerurus albigularis"
Insecta,Lepidoptera,Riodinidae,"Notheme erota diadema"
Aves,Galbuliformes,Bucconidae,"Notharchus tectus"
Aves,Passeriformes,Furnariidae,"Sclerurus caudacutus"
Equisetopsida,Asterales,Asteraceae,"Ayapana elata"
Aves,Passeriformes,Furnariidae,"Sclerurus obscurior"
Equisetopsida,Arecales,Arecaceae,"Iriartea deltoidea"
Equisetopsida,Arecales,Arecaceae,"Iriartella stenocarpa"
Aves,Passeriformes,Thraupidae,"Iridophanes pulcherrimus"
Aves,Passeriformes,Thraupidae,"Iridosornis analis"
Aves,Passeriformes,Furnariidae,"Automolus subulatus"
Insecta,Lepidoptera,Nymphalidae,"Melinaea marsaeus mothone"
Equisetopsida,Magnoliales,Myristicaceae,"Iryanthera juruensis"
Aves,Passeriformes,Furnariidae,"Automolus ochrolaemus"
Equisetopsida,Magnoliales,Myristicaceae,"Iryanthera laevis"
Equisetopsida,Sapindales,Anacardiaceae,"Spondias mombin"
Equisetopsida,Magnoliales,Myristicaceae,"Iryanthera paraensis"
Aves,Passeriformes,Rhinocryptidae,"Scytalopus atratus"
Aves,Apodiformes,Trochilidae,"Aglaiocercus kingi"
Equisetopsida,Poales,Poaceae,"Isachne arundinacea"
Aves,Passeriformes,Rhinocryptidae,"Scytalopus femoralis"
Equisetopsida,Polypodiales,Polypodiaceae,"Niphidium crassifolium"
Equisetopsida,Polypodiales,Polypodiaceae,"Niphidium carinatum"
Aves,Passeriformes,Rhinocryptidae,"Scytalopus parvirostris"
Equisetopsida,Fabales,Polygalaceae,"Securidaca dolod"
Aves,Piciformes,Ramphastidae,"Aulacorhynchus derbianus"
Equisetopsida,Selaginellales,Selaginellaceae,"Selaginella exaltata"
Aves,Piciformes,Ramphastidae,"Aulacorhynchus albivitta"
Insecta,Lepidoptera,Nymphalidae,"Neruda aoede cupidineus"
Equisetopsida,Selaginellales,Selaginellaceae,"Selaginella geniculata"
Insecta,Lepidoptera,Nymphalidae,"Ithomia lagusa peruana"
Aves,Passeriformes,Tyrannidae,"Attila spadiceus"
Equisetopsida,Selaginellales,Selaginellaceae,"Selaginella kunzeana"
Equisetopsida,Gentianales,Rubiaceae,"Nertera granadensis"
Equisetopsida,Gentianales,Rubiaceae,"Ixora acuminatissima"
Equisetopsida,Polypodiales,Nephrolepidaceae,"Nephrolepis pectinata"
Aves,Passeriformes,Thraupidae,"Ixothraupis punctata"
Aves,Passeriformes,Thraupidae,"Ixothraupis xanthogastra"
Aves,Passeriformes,Hirundinidae,"Atticora fasciata"
Equisetopsida,Arecales,Arecaceae,"Attalea phalerata"
Equisetopsida,Polypodiales,Dryopteridaceae,"Mickelia oligarchica"
Equisetopsida,Lamiales,Bignoniaceae,"Jacaranda copaia"
Equisetopsida,Arecales,Arecaceae,"Attalea butyracea"
Equisetopsida,Malvales,Malvaceae,"Sterculia apeibophylla"
Equisetopsida,Brassicales,Caricaceae,"Jacaratia digitata"
Aves,Piciformes,Ramphastidae,"Selenidera reinwardtii"
Aves,Cuculiformes,Cuculidae,"Neomorphus geoffroyi"
Mammalia,Carnivora,Mustelidae,"Neogale frenata"
Aves,Passeriformes,Passerellidae,"Atlapetes tricolor"
Insecta,Lepidoptera,Hesperiidae,"Jemadia hewitsonii albescens"
Insecta,Lepidoptera,Hesperiidae,"Jemadia menechmus"
Insecta,Lepidoptera,Hesperiidae,"Jemadia sosia"
Mammalia,Carnivora,Canidae,"Atelocynus microtis"
Equisetopsida,Laurales,Lauraceae,"Mezilaurus itauba"
Equisetopsida,Malpighiales,Euphorbiaceae,"Acalypha stenoloba"
Equisetopsida,Sapindales,Anacardiaceae,"Astronium lecointei"
Equisetopsida,Arecales,Arecaceae,"Astrocaryum murumuru"
Equisetopsida,Proteales,Sabiaceae,"Meliosma herbertii"
Equisetopsida,Arecales,Arecaceae,"Astrocaryum javarense"
Equisetopsida,Lamiales,Acanthaceae,"Justicia appendiculata"
Aves,Passeriformes,Tyrannidae,"Mitrephanes olivaceus"
Equisetopsida,Lamiales,Acanthaceae,"Justicia calycina"
Equisetopsida,Lamiales,Acanthaceae,"Justicia pyrrhostachya"
Equisetopsida,Caryophyllales,Nyctaginaceae,"Neea verticillata"
Equisetopsida,Lamiales,Acanthaceae,"Justicia ruiziana"
Equisetopsida,Lamiales,Acanthaceae,"Justicia tenuistachys"
Equisetopsida,Arecales,Arecaceae,"Astrocaryum chambira"
Insecta,Lepidoptera,Hesperiidae,"Astraptes fulgerator fulgerator"
Equisetopsida,Asterales,Asteraceae,"Kaunea uber"
Equisetopsida,Caryophyllales,Nyctaginaceae,"Neea macrophylla"
Aves,Apodiformes,Trochilidae,"Klais guimeti"
Aves,Coraciiformes,Momotidae,"Momotus momota"
Aves,Passeriformes,Tyrannidae,"Knipolegus poecilurus"
Equisetopsida,Caryophyllales,Nyctaginaceae,"Neea divaricata"
Equisetopsida,Fabales,Fabaceae,"Senna silvestris"
Equisetopsida,Asterales,Asteraceae,"Koanophyllon jugipaniculatum"
Insecta,Lepidoptera,Nymphalidae,"Asterope markii hewitsoni"
Insecta,Lepidoptera,Nymphalidae,"Asterope leprieuri optima"
Insecta,Lepidoptera,Nymphalidae,"Asterope degandii bartletti"
Insecta,Lepidoptera,Nymphalidae,"Asterope buckleyi"
Equisetopsida,Laurales,Lauraceae,"Nectandra viburnoides"
Equisetopsida,Malpighiales,Euphorbiaceae,"Acalypha stachyura"
Equisetopsida,Malpighiales,Euphorbiaceae,"Acalypha salicifolia"
Equisetopsida,Laurales,Lauraceae,"Nectandra reticulata"
Equisetopsida,Laurales,Lauraceae,"Nectandra pulverulenta"
Equisetopsida,Proteales,Sabiaceae,"Meliosma sirensis"
Equisetopsida,Polypodiales,Aspleniaceae,"Asplenium stuebelianum"
Equisetopsida,Polypodiales,Aspleniaceae,"Asplenium serra"
Equisetopsida,Polypodiales,Aspleniaceae,"Asplenium pseudoangustum"
Equisetopsida,Polypodiales,Aspleniaceae,"Asplenium pearcei"
Equisetopsida,Polypodiales,Aspleniaceae,"Asplenium harpeodes"
Equisetopsida,Malpighiales,Lacistemataceae,"Lacistema aggregatum"
Equisetopsida,Laurales,Lauraceae,"Nectandra membranacea"
Equisetopsida,Laurales,Lauraceae,"Nectandra maynensis"
Equisetopsida,Malpighiales,Lacistemataceae,"Lacistema macbridei"
Equisetopsida,Polypodiales,Aspleniaceae,"Asplenium cirrhatum"
Equisetopsida,Polypodiales,Polypodiaceae,"Serpocaulon levigatum"
Equisetopsida,Polypodiales,Aspleniaceae,"Asplenium auriculatum"
Equisetopsida,Gentianales,Apocynaceae,"Lacmellea peruviana"
Equisetopsida,Malpighiales,Ochnaceae,"Lacunaria macrostachya"
Equisetopsida,Polypodiales,Polypodiaceae,"Serpocaulon loriceum"
Equisetopsida,Gentianales,Rubiaceae,"Ladenbergia amazonensis"
Equisetopsida,Gentianales,Apocynaceae,"Aspidosperma spruceanum"
Equisetopsida,Laurales,Lauraceae,"Nectandra laurel"
Equisetopsida,Gentianales,Apocynaceae,"Aspidosperma parvifolium"
Equisetopsida,Gentianales,Rubiaceae,"Ladenbergia klugii"
Equisetopsida,Gentianales,Rubiaceae,"Ladenbergia macrocarpa"
Equisetopsida,Gentianales,Rubiaceae,"Ladenbergia muzonensis"
Equisetopsida,Gentianales,Apocynaceae,"Aspidosperma macrocarpon"
Equisetopsida,Polypodiales,Polypodiaceae,"Serpocaulon triseriale"
Equisetopsida,Gentianales,Rubiaceae,"Ladenbergia riveroana"
Equisetopsida,Gentianales,Rubiaceae,"Ladenbergia siranensis"
Equisetopsida,Malpighiales,Euphorbiaceae,"Acalypha mapirensis"
Equisetopsida,Laurales,Lauraceae,"Nectandra globosa"
Aves,Strigiformes,Strigidae,"Asio clamator"
Equisetopsida,Laurales,Lauraceae,"Nectandra cuspidata"
Equisetopsida,Poales,Poaceae,"Arundinella berteroniana"
Equisetopsida,Laurales,Lauraceae,"Nectandra acutifolia"
Equisetopsida,Malpighiales,Euphorbiaceae,"Nealchornea yapurensis"
Aves,Passeriformes,Tityridae,"Laniisoma elegans"
Aves,Passeriformes,Tityridae,"Laniocera hypopyrra"
Insecta,Lepidoptera,Nymphalidae,"Agraulis vanillae lucina"
Aves,Passeriformes,Thraupidae,"Lanio versicolor"
Aves,Caprimulgiformes,Caprimulgidae,"Setopagis parvula"
Equisetopsida,Malpighiales,Euphorbiaceae,"Acalypha macrostachya"
Insecta,Lepidoptera,Nymphalidae,"Laparus doris doris"
Aves,Passeriformes,Parulidae,"Setophaga fusca"
Mammalia,Carnivora,Procyonidae,"Nasua nasua"
Equisetopsida,Ericales,Sapotaceae,"Diploon cuspidatum"
Insecta,Lepidoptera,Riodinidae,"Lasaria arsis"
Aves,Passeriformes,Passerellidae,"Arremon brunneinucha"
Aves,Passeriformes,Parulidae,"Setophaga pitiayumi"
Aves,Gruiformes,Rallidae,"Laterallus melanophaius"
Insecta,Lepidoptera,Nymphalidae,"Agrias hewitsonius beata"
Aves,Passeriformes,Tyrannidae,"Lathrotriccus euleri"
Equisetopsida,Fabales,Fabaceae,"Lecointea peruviana"
Insecta,Lepidoptera,Hesperiidae,"Nascus phocus"
Equisetopsida,Ericales,Lecythidaceae,"Lecythis pisonis"
Aves,Galliformes,Cracidae,"Mitu tuberosum"
Aves,Passeriformes,Tyrannidae,"Legatus leucophaius"
Equisetopsida,Gentianales,Gentianaceae,"Lehmanniella huanucensis"
Equisetopsida,Ericales,Primulaceae,"Ardisia loretensis"
Equisetopsida,Ericales,Primulaceae,"Ardisia guianensis"
Equisetopsida,Malvales,Malvaceae,"Sida setosa"
Insecta,Lepidoptera,Nymphalidae,"Siderone galanthis thehais"
Insecta,Lepidoptera,Nymphalidae,"Siderone syntyche mars"
Equisetopsida,Polypodiales,Polypodiaceae,"Lellingeria apiculata"
Insecta,Lepidoptera,Hesperiidae,"Narcosius narcosius narcosius"
Insecta,Lepidoptera,Nymphalidae,"Napoles jucunda"
Insecta,Lepidoptera,Nymphalidae,"Napeogenes stella duessa"
Insecta,Lepidoptera,Nymphalidae,"Napeogenes glycera"
Equisetopsida,Sapindales,Simaroubaceae,"Simaba guianensis"
Insecta,Lepidoptera,Riodinidae,"Napaea melampia"
Equisetopsida,Malpighiales,Violaceae,"Leonia glycycarpa"
Equisetopsida,Polypodiales,Polypodiaceae,"Melpomene xiphopteroides"
Equisetopsida,Sapindales,Simaroubaceae,"Simarouba amara"
Insecta,Lepidoptera,Nymphalidae,"Archaeoprepona meander megabates"
Aves,Coraciiformes,Momotidae,"Momotus aequatorialis"
Insecta,Lepidoptera,Nymphalidae,"Archaeoprepona demophon andicola"
Equisetopsida,Malpighiales,Clusiaceae,"Arawakia weddelliana"
Aves,Psittaciformes,Psittacidae,"Aratinga weddellii"
Aves,Psittaciformes,Psittacidae,"Ara severus"
Mammalia,Carnivora,Felidae,"Leopardus pardalis"
Mammalia,Carnivora,Felidae,"Leopardus tigrinus"
Mammalia,Carnivora,Felidae,"Leopardus wiedii"
Equisetopsida,Ericales,Primulaceae,"Myrsine umbellata"
Aves,Gruiformes,Rallidae,"Aramides cajaneus"
Equisetopsida,Malpighiales,Euphorbiaceae,"Acalypha diversifolia"
Equisetopsida,Laurales,Siparunaceae,"Siparuna decipiens"
Aves,Psittaciformes,Psittacidae,"Ara chloropterus"
Equisetopsida,Ericales,Primulaceae,"Myrsine dependens"
Equisetopsida,Laurales,Siparunaceae,"Siparuna obstipa"
Equisetopsida,Asterales,Asteraceae,"Lepidaploa sordidopapposa"
Equisetopsida,Laurales,Siparunaceae,"Siparuna sessiliflora"
Equisetopsida,Fabales,Fabaceae,"Apuleia leiocarpa"
Equisetopsida,Ericales,Primulaceae,"Myrsine andina"
Equisetopsida,Santalales,Olacaceae,"Aptandra tubicina"
Equisetopsida,Fabales,Fabaceae,"Myroxylon balsamum"
Equisetopsida,Laurales,Siparunaceae,"Siparuna thecaphora"
Aves,Passeriformes,Furnariidae,"Lepidocolaptes fatimalimae"
Equisetopsida,Malpighiales,Euphorbiaceae,"Acalypha cuneata"
Aves,Passeriformes,Furnariidae,"Lepidocolaptes lacrymiger"
Insecta,Lepidoptera,Pieridae,"Aphrissa statira statira"
Aves,Passeriformes,Pipridae,"Lepidothrix coeruleocapilla"
Insecta,Lepidoptera,Pieridae,"Aphrissa fluminensis"
Aves,Passeriformes,Thamnophilidae,"Myrmotherula schisticolor"
Equisetopsida,Asterales,Campanulaceae,"Siphocampylus chloroleucus"
Aves,Passeriformes,Pipridae,"Lepidothrix coronata"
Equisetopsida,Lamiales,Acanthaceae,"Aphelandra encarnacionii"
Aves,Accipitriformes,Accipitridae,"Spizaetus tyrannus"
Aves,Passeriformes,Thamnophilidae,"Myrmotherula menetriesii"
Equisetopsida,Lamiales,Acanthaceae,"Aphelandra aurantiaca"
Equisetopsida,Malvales,Malvaceae,"Apeiba tibourbou"
Insecta,Lepidoptera,Nymphalidae,"Methona grandior"
Equisetopsida,Myrtales,Myrtaceae,"Siphoneugena dussii"
Equisetopsida,Malvales,Malvaceae,"Apeiba membranacea"
Equisetopsida,Malpighiales,Chrysobalanaceae,"Leptobalanus apetalus"
Equisetopsida,Malpighiales,Chrysobalanaceae,"Leptobalanus bullatus"
Equisetopsida,Malpighiales,Chrysobalanaceae,"Leptobalanus octandrus"
Insecta,Lepidoptera,Nymphalidae,"Siproeta epaphus epaphus"
Insecta,Lepidoptera,Hesperiidae,"Methionopsis ina"
Aves,Passeriformes,Thamnophilidae,"Myrmotherula longicauda"
Equisetopsida,Malvales,Malvaceae,"Apeiba glabra"
Insecta,Lepidoptera,Nymphalidae,"Siproeta stelenes meridionalis"
Aves,Passeriformes,Thamnophilidae,"Myrmotherula brachyura"
Mammalia,Primates,Cebidae,"Aotus nigriceps"
Insecta,Lepidoptera,Riodinidae,"Siseme alectryo lucilius"
Aves,Passeriformes,Tyrannidae,"Leptopogon amaurocephalus"
Aves,Passeriformes,Tyrannidae,"Leptopogon superciliaris"
Aves,Gruiformes,Rallidae,"Anurolimnas viridis"
Insecta,Lepidoptera,Nymphalidae,"Antirrhea philoctetes avernus"
Equisetopsida,Cyatheales,Metaxyaceae,"Metaxya rostrata"
Aves,Passeriformes,Grallariidae,"Myrmothera campanisona"
Aves,Passeriformes,Furnariidae,"Sittasomus griseicapillus"
Aves,Columbiformes,Columbidae,"Leptotila rufaxilla"
Aves,Columbiformes,Columbidae,"Leptotila verreauxi"
Equisetopsida,Icacinales,Icacinaceae,"Leretia cordata"
Equisetopsida,Alismatales,Araceae,"Anthurium weberbaueri"
Equisetopsida,Alismatales,Araceae,"Anthurium triphyllum"
Equisetopsida,Oxalidales,Elaeocarpaceae,"Sloanea floribunda"
Aves,Passeriformes,Thamnophilidae,"Myrmoborus myotherinus"
Equisetopsida,Alismatales,Araceae,"Anthurium sect. Digitinervium"
Equisetopsida,Alismatales,Araceae,"Anthurium sect. Cardiolonchium"
Equisetopsida,Alismatales,Araceae,"Anthurium sect. Calomystrium"
Equisetopsida,Alismatales,Araceae,"Anthurium scandens"
Aves,Passeriformes,Thamnophilidae,"Myrmoborus leucophrys"
Equisetopsida,Alismatales,Araceae,"Anthurium polydactylum"
Equisetopsida,Oxalidales,Elaeocarpaceae,"Sloanea garckeana"
Aves,Passeriformes,Thamnophilidae,"Myrmelastes leucostigma"
Equisetopsida,Alismatales,Araceae,"Anthurium oxycarpum"
Aves,Accipitriformes,Accipitridae,"Leucopternis kuhli"
Equisetopsida,Alismatales,Araceae,"Anthurium obtusum"
Equisetopsida,Alismatales,Araceae,"Anthurium nymphaeifolium"
Insecta,Lepidoptera,Nymphalidae,"Metamorpha elissa elissa"
Equisetopsida,Alismatales,Araceae,"Anthurium nigrescens"
Mammalia,Pilosa,Myrmecophagidae,"Myrmecophaga tridactyla"
Equisetopsida,Asterales,Asteraceae,"Liabum amplexicaule"
Equisetopsida,Alismatales,Araceae,"Anthurium macleanii"
Equisetopsida,Alismatales,Araceae,"Anthurium longistrorsum"
Equisetopsida,Alismatales,Araceae,"Anthurium lingua"
Equisetopsida,Alismatales,Araceae,"Anthurium lechlerianum"
Equisetopsida,Oxalidales,Elaeocarpaceae,"Sloanea guianensis"
Equisetopsida,Alismatales,Araceae,"Anthurium ipariaense"
Insecta,Lepidoptera,Riodinidae,"Menander menander thallus"
Equisetopsida,Malpighiales,Chrysobalanaceae,"Licania harlingii"
Equisetopsida,Malpighiales,Chrysobalanaceae,"Licania micrantha"
Equisetopsida,Malpighiales,Chrysobalanaceae,"Licania pallida"
Equisetopsida,Oxalidales,Elaeocarpaceae,"Sloanea laxiflora"
Equisetopsida,Laurales,Lauraceae,"Licaria aurea"
Equisetopsida,Myrtales,Myrtaceae,"Myrciaria floribunda"
Equisetopsida,Laurales,Lauraceae,"Licaria cannella"
Equisetopsida,Laurales,Lauraceae,"Licaria crassifolia"
Equisetopsida,Myrtales,Myrtaceae,"Myrcia poeppigiana"
Equisetopsida,Alismatales,Araceae,"Anthurium ernestii"
Equisetopsida,Malpighiales,Achariaceae,"Lindackeria paludosa"
Equisetopsida,Alismatales,Araceae,"Anthurium croatii"
Equisetopsida,Polypodiales,Lindsaeaceae,"Lindsaea divaricata"
Equisetopsida,Myrtales,Myrtaceae,"Myrcia minutiflora"
Equisetopsida,Alismatales,Araceae,"Anthurium clavigerum"
Equisetopsida,Polypodiales,Lindsaeaceae,"Lindsaea stricta"
Equisetopsida,Alismatales,Araceae,"Anthurium chinchihuanense"
Equisetopsida,Alismatales,Araceae,"Anthurium breviscapum"
Aves,Passeriformes,Rhinocryptidae,"Liosceles thoracicus"
Equisetopsida,Alismatales,Araceae,"Anthurium brevipedunculatum"
Equisetopsida,Alismatales,Araceae,"Anthurium asplundii"
Equisetopsida,Alismatales,Araceae,"Anthurium apaporanum"
Equisetopsida,Alismatales,Araceae,"Anthurium amoenum"
Equisetopsida,Lamiales,Acanthaceae,"Mendoncia robusta"
Aves,Passeriformes,Icteridae,"Molothrus oryzivorus"
Aves,Passeriformes,Cotingidae,"Lipaugus vociferans"
Equisetopsida,Myrtales,Myrtaceae,"Myrcia amazonica"
Aves,Apodiformes,Trochilidae,"Anthracothorax nigricollis"
Equisetopsida,Myrtales,Myrtaceae,"Myrcia aliena"
Equisetopsida,Ericales,Ericaceae,"Anthopterus gentryi"
Equisetopsida,Ericales,Ebenaceae,"Lissocarpa uyat"
Equisetopsida,Malpighiales,Caryocaraceae,"Anthodiscus pilosus"
Equisetopsida,Liliales,Smilacaceae,"Smilax domingensis"
Equisetopsida,Malpighiales,Caryocaraceae,"Anthodiscus amazonicus"
Insecta,Lepidoptera,Pieridae,"Anteos menippe"
Insecta,Lepidoptera,Nymphalidae,"Smyrna blomfildia blomfildia"
Aves,Passeriformes,Cotingidae,"Snowornis cryptolophus"
Aves,Passeriformes,Furnariidae,"Lochmias nematura"
Aves,Passeriformes,Cotingidae,"Snowornis subalaris"
Equisetopsida,Polypodiales,Blechnaceae,"Lomaridium binervatum"
Equisetopsida,Polypodiales,Blechnaceae,"Lomaridium ensiforme"
Equisetopsida,Asparagales,Orchidaceae,"Sobralia crocea"
Equisetopsida,Polypodiales,Blechnaceae,"Lomariocycas werckleana"
Equisetopsida,Fabales,Fabaceae,"Lonchocarpus seorsus"
Equisetopsida,Fabales,Fabaceae,"Lonchocarpus spiciflorus"
Equisetopsida,Lamiales,Acanthaceae,"Mendoncia sprucei"
Equisetopsida,Magnoliales,Annonaceae,"Annona papilionella"
Equisetopsida,Magnoliales,Annonaceae,"Annona neglecta"
Equisetopsida,Arecales,Arecaceae,"Socratea exorrhiza"
Equisetopsida,Magnoliales,Annonaceae,"Annona montana"
Equisetopsida,Arecales,Arecaceae,"Socratea rostrata"
Equisetopsida,Arecales,Arecaceae,"Socratea salazarii"
Aves,Apodiformes,Trochilidae,"Lophornis delattrei"
Insecta,Lepidoptera,Nymphalidae,"Menphis glauce glauce"
Aves,Passeriformes,Tyrannidae,"Myiozetetes similis"
Insecta,Lepidoptera,Nymphalidae,"Menphis lineata"
Aves,Passeriformes,Thraupidae,"Anisognathus somptuosus"
Insecta,Lepidoptera,Nymphalidae,"Menphis menphis menphis"
Insecta,Lepidoptera,Nymphalidae,"Menphis mora montana"
Aves,Passeriformes,Tyrannidae,"Lophotriccus pileatus"
Equisetopsida,Laurales,Lauraceae,"Aniba taubertiana"
Equisetopsida,Laurales,Lauraceae,"Aniba rosiodora"
Equisetopsida,Laurales,Lauraceae,"Aniba robusta"
Aves,Accipitriformes,Accipitridae,"Spizaetus ornatus"
Equisetopsida,Laurales,Lauraceae,"Aniba perutilis"
Equisetopsida,Laurales,Lauraceae,"Aniba panurensis"
Insecta,Lepidoptera,Nymphalidae,"Menphis moruus morpheus"
Insecta,Lepidoptera,Nymphalidae,"Menphis polycarmes"
Equisetopsida,Laurales,Lauraceae,"Aniba kappleri"
Aves,Passeriformes,Thraupidae,"Loriotus rufiventer"
Aves,Passeriformes,Tyrannidae,"Myiozetetes granadensis"
Insecta,Lepidoptera,Nymphalidae,"Menphis xenocles xenocles"
Equisetopsida,Laurales,Lauraceae,"Aniba guianensis"
Aves,Passeriformes,Tyrannidae,"Myiotriccus ornatus"
Equisetopsida,Laurales,Lauraceae,"Aniba firmula"
Equisetopsida,Laurales,Lauraceae,"Aniba coto"
Equisetopsida,Solanales,Solanaceae,"Solanum aphyodendron"
Equisetopsida,Malpighiales,Lacistemataceae,"Lozania nunkui"
Equisetopsida,Solanales,Solanaceae,"Solanum barbeyanum"
Equisetopsida,Solanales,Solanaceae,"Solanum caricaefolium"
Equisetopsida,Malvales,Malvaceae,"Sterculia frondosa"
Equisetopsida,Solanales,Solanaceae,"Solanum clandestinum"
Equisetopsida,Myrtales,Melastomataceae,"Andesanthus lepidotus"
Aves,Passeriformes,Parulidae,"Myiothlypis fulvicauda"
Equisetopsida,Solanales,Solanaceae,"Solanum dimorphandrum"
Insecta,Lepidoptera,Riodinidae,"Ancyluris rubrofilum"
Insecta,Lepidoptera,Riodinidae,"Ancyluris aulestes eryxo"
Equisetopsida,Solanales,Solanaceae,"Solanum endopogon"
Aves,Passeriformes,Parulidae,"Myiothlypis coronata"
Equisetopsida,Malpighiales,Salicaceae,"Lunania parviflora"
Equisetopsida,Solanales,Solanaceae,"Solanum grandiflorum"
Aves,Passeriformes,Furnariidae,"Ancistrops strigilatus"
Equisetopsida,Malvales,Malvaceae,"Sterculia peruviana"
Aves,Passeriformes,Parulidae,"Myiothlypis chrysogaster"
Aves,Passeriformes,Tyrannidae,"Myiotheretes striaticollis"
Equisetopsida,Magnoliales,Annonaceae,"Anaxagorea acuminata"
Aves,Passeriformes,Tyrannidae,"Myiotheretes fumigatus"
Aves,Caprimulgiformes,Caprimulgidae,"Lurocalis rufiventris"
Equisetopsida,Solanales,Solanaceae,"Solanum lepidotum"
Aves,Passeriformes,Tyrannidae,"Myiornis ecaudatus"
Aves,Passeriformes,Tyrannidae,"Myiornis albiventris"
Aves,Passeriformes,Tyrannidae,"Myiophobus roraimae"
Equisetopsida,Solanales,Solanaceae,"Solanum leucopogon"
Equisetopsida,Solanales,Solanaceae,"Solanum lindenii"
Aves,Passeriformes,Tyrannidae,"Myiophobus flavicans"
Equisetopsida,Solanales,Solanaceae,"Solanum mite"
Aves,Passeriformes,Tyrannidae,"Myiophobus fasciatus"
Equisetopsida,Solanales,Solanaceae,"Solanum monadelphum"
Equisetopsida,Solanales,Solanaceae,"Solanum morellifolium"
Aves,Passeriformes,Tyrannidae,"Myiopagis gaimardii"
Equisetopsida,Solanales,Solanaceae,"Lycianthes inaequilatera"
Aves,Passeriformes,Furnariidae,"Anabazenops dorsalis"
Aves,Passeriformes,Furnariidae,"Anabacerthia striaticollis"
Aves,Passeriformes,Furnariidae,"Anabacerthia ruficaudata"
Aves,Passeriformes,Tyrannidae,"Myiodynastes maculatus"
Equisetopsida,Solanales,Solanaceae,"Solanum riparium"
Equisetopsida,Rosales,Ulmaceae,"Ampelocera edentula"
Aves,Passeriformes,Cotingidae,"Ampelion rufaxilla"
Insecta,Lepidoptera,Nymphalidae,"Lycorea halia pales"
Equisetopsida,Solanales,Solanaceae,"Solanum sect. geminata"
Aves,Passeriformes,Cotingidae,"Ampelioides tschudii"
Aves,Passeriformes,Passerellidae,"Ammodramus humeralis"
Insecta,Lepidoptera,Nymphalidae,"Lymanopoda acraeida malia"
Aves,Passeriformes,Passerellidae,"Ammodramus aurifrons"
Insecta,Lepidoptera,Nymphalidae,"Lymanopoda panacea ocellifera"
Aves,Passeriformes,Tyrannidae,"Myiodynastes chrysocephalus"
Insecta,Lepidoptera,Riodinidae,"Lyropteryx apollonia apollonia"
Aves,Passeriformes,Parulidae,"Myioborus miniatus"
Equisetopsida,Malpighiales,Euphorbiaceae,"Mabea piriri"
Equisetopsida,Malpighiales,Euphorbiaceae,"Mabea speciosa"
Equisetopsida,Fabales,Fabaceae,"Amburana cearensis"
Equisetopsida,Solanales,Solanaceae,"Solanum ternatum"
Mammalia,Didelphimorphia,Didelphidae,"Metachirus myosuros"
Aves,Passeriformes,Pipridae,"Machaeropterus pyrocephalus"
Aves,Passeriformes,Onychorhynchidae,"Myiobius villosus"
Equisetopsida,Solanales,Solanaceae,"Solanum uleanum"
Equisetopsida,Gentianales,Gentianaceae,"Macrocarpaea ostentans"
Equisetopsida,Gentianales,Gentianaceae,"Macrocarpaea tabula-fluctivagifolia"
Equisetopsida,Gentianales,Gentianaceae,"Macrocarpaea wallnoeferi"
Equisetopsida,Solanales,Solanaceae,"Solanum uncinellum"
Equisetopsida,Gentianales,Rubiaceae,"Macrocnemum roseum"
Aves,Psittaciformes,Psittacidae,"Amazona farinosa"
Equisetopsida,Laurales,Lauraceae,"Aiouea grandifolia"
Equisetopsida,Fabales,Fabaceae,"Macropsychanthus ucayalinus"
Aves,Passeriformes,Tyrannidae,"Myiarchus tuberculifer"
Equisetopsida,Rosales,Moraceae,"Sorocea guilleminiana"
Equisetopsida,Polypodiales,Thelypteridaceae,"Amauropelta balbisii"
Equisetopsida,Rosales,Moraceae,"Sorocea muriculata"
Equisetopsida,Rosales,Moraceae,"Sorocea pileata"
Insecta,Lepidoptera,Riodinidae,"Amarynthis meneria"
Aves,Galbuliformes,Bucconidae,"Malacoptila fulvogularis"
Aves,Galbuliformes,Bucconidae,"Malacoptila fusca"
Aves,Passeriformes,Tyrannidae,"Myiarchus cephalotes"
Aves,Accipitriformes,Accipitridae,"Spizaetus melanoleucus"
Equisetopsida,Gentianales,Rubiaceae,"Amaioua corymbosa"
Equisetopsida,Myrtales,Alzateaceae,"Alzatea verticillata"
Equisetopsida,Myrtales,Melastomataceae,"Meriania hexamera"
Aves,Passeriformes,Turdidae,"Myadestes ralloides"
Insecta,Lepidoptera,Nymphalidae,"Altinote alcione sodalis"
Equisetopsida,Malvales,Malvaceae,"Malvaviscus arboreus"
Equisetopsida,Ericales,Marcgraviaceae,"Souroubea pachyphylla"
Equisetopsida,Alismatales,Araceae,"Spathiphyllum cannifolium"
Equisetopsida,Alismatales,Araceae,"Spathiphyllum juninense"
Insecta,Lepidoptera,Nymphalidae,"Manerebia cyclopella"
Equisetopsida,Ericales,Sapotaceae,"Manilkara bidentata"
Equisetopsida,Ericales,Sapotaceae,"Manilkara bidentata subsp. surinamensis"
Equisetopsida,Lamiales,Bignoniaceae,"Mansoa alliacea"
Equisetopsida,Rosales,Moraceae,"Maquira calophylla"
Equisetopsida,Rosales,Moraceae,"Maquira coriacea"
Equisetopsida,Rosales,Moraceae,"Maquira guianensis"
Equisetopsida,Ericales,Marcgraviaceae,"Marcgravia crenata"
Equisetopsida,Ericales,Marcgraviaceae,"Marcgravia oblongifolia"
Equisetopsida,Ericales,Marcgraviaceae,"Marcgravia pedunculosa"
Equisetopsida,Ericales,Marcgraviaceae,"Marcgraviastrum macrocarpum"
Insecta,Lepidoptera,Nymphalidae,"Marcus menelaus didius"
Equisetopsida,Asterales,Asteraceae,"Munnozia subviridis"
Aves,Passeriformes,Furnariidae,"Margarornis squamiger"
Equisetopsida,Asterales,Asteraceae,"Munnozia senecionidis"
Equisetopsida,Malpighiales,Calophyllaceae,"Marila laxiflora"
Equisetopsida,Ranunculales,Menispermaceae,"Abuta grandifolia"
Equisetopsida,Sapindales,Sapindaceae,"Allophylus excelsus"
Equisetopsida,Sapindales,Sapindaceae,"Allophylus divaricatus"
Equisetopsida,Solanales,Solanaceae,"Markea ulei"
Equisetopsida,Pandanales,Cyclanthaceae,"Sphaeradenia rhodocephala"
Equisetopsida,Pandanales,Cyclanthaceae,"Sphaeradenia stylosa"
Equisetopsida,Ericales,Lecythidaceae,"Allantoma pluriflora"
Aves,Passeriformes,Thraupidae,"Sphenopsis frontalis"
Insecta,Lepidoptera,Nymphalidae,"Marpesia berania berania"
Insecta,Lepidoptera,Nymphalidae,"Marpesia chiron marius"
Insecta,Lepidoptera,Nymphalidae,"Marpesia crethon"
Equisetopsida,Malpighiales,Euphorbiaceae,"Alchornea triplinervia"
Equisetopsida,Malpighiales,Euphorbiaceae,"Alchornea pearcei"
Insecta,Lepidoptera,Nymphalidae,"Marpesia furcula oechalia"
Insecta,Lepidoptera,Nymphalidae,"Marpesia marcella marcella"
Equisetopsida,Malpighiales,Euphorbiaceae,"Alchornea latifolia"
Insecta,Lepidoptera,Nymphalidae,"Marpesia petreus petreus"
Insecta,Lepidoptera,Nymphalidae,"Marpesia themistocles norica"
Insecta,Lepidoptera,Nymphalidae,"Marpesia zerynthia dentigera"
Equisetopsida,Myrtales,Melastomataceae,"Mouriri nigra"
Equisetopsida,Malpighiales,Euphorbiaceae,"Alchornea glandulosa"
Insecta,Lepidoptera,Riodinidae,"Mesosemia eugenea pythonica"
Aves,Galbuliformes,Bucconidae,"Micromonacha lanceolata"
Equisetopsida,Myrtales,Melastomataceae,"Mouriri myrtifolia"
Equisetopsida,Ericales,Sapotaceae,"Micropholis egensis"
Equisetopsida,Myrtales,Melastomataceae,"Mouriri grandiflora"
Equisetopsida,Polypodiales,Polypodiaceae,"Microgramma tecta"
Equisetopsida,Polypodiales,Polypodiaceae,"Microgramma reptans"
Equisetopsida,Ericales,Sapotaceae,"Micropholis guyanensis"
Equisetopsida,Sapindales,Sapindaceae,"Matayba arborescens"
Equisetopsida,Ericales,Sapotaceae,"Micropholis venulosa"
Equisetopsida,Sapindales,Sapindaceae,"Matayba peruviana"
Equisetopsida,Polypodiales,Polypodiaceae,"Microgramma dictyophylla"
Equisetopsida,Polypodiales,Polypodiaceae,"Microgramma bifrons"
Equisetopsida,Malvales,Malvaceae,"Matisia cordata"
Equisetopsida,Rosales,Moraceae,"Morus insignis"
Insecta,Lepidoptera,Nymphalidae,"Morpho telemachus penelope"
Aves,Passeriformes,Troglodytidae,"Microcerculus marginatus"
Aves,Passeriformes,Thamnophilidae,"Microrhopias quixensis"
Insecta,Lepidoptera,Nymphalidae,"Morpho rhetenor"
Insecta,Lepidoptera,Nymphalidae,"Morpho marcus intermedia"
Equisetopsida,Laurales,Monimiaceae,"Mollinedia killipii"
Equisetopsida,Malvales,Malvaceae,"Matisia ochrocalyx"
Insecta,Lepidoptera,Nymphalidae,"Morpho hecuba gahua"
Aves,Passeriformes,Troglodytidae,"Microcerculus bambla"
Insecta,Lepidoptera,Nymphalidae,"Morpho deidamia grambergi"
Aves,Passeriformes,Polioptilidae,"Microbates cinereiventris"
Equisetopsida,Sapindales,Anacardiaceae,"Mauria heterophylla"
Insecta,Lepidoptera,Nymphalidae,"Morpho cisseis jeannoti"
Mammalia,Rodentia,Sciuridae,"Microsciurus flaviventer"
Insecta,Lepidoptera,Nymphalidae,"Morpho achilles theodorus"
Equisetopsida,Arecales,Arecaceae,"Mauritia flexuosa"
Aves,Accipitriformes,Accipitridae,"Morphnus guianensis"
Aves,Falconiformes,Falconidae,"Micrastur semitorquatus"
Aves,Falconiformes,Falconidae,"Micrastur ruficollis"
Equisetopsida,Asparagales,Orchidaceae,"Maxillaria alticola"
Aves,Falconiformes,Falconidae,"Micrastur gilvicollis"
Equisetopsida,Myrtales,Melastomataceae,"Miconia wolfei"
Equisetopsida,Myrtales,Melastomataceae,"Miconia weberbaueri"
Equisetopsida,Asparagales,Orchidaceae,"Maxillaria exaltata"
Equisetopsida,Myrtales,Melastomataceae,"Miconia violascens"
Equisetopsida,Asparagales,Orchidaceae,"Maxillaria floribunda"
Equisetopsida,Myrtales,Melastomataceae,"Miconia triplinervis"
Equisetopsida,Asterales,Asteraceae,"Mikania banisteriae"
Equisetopsida,Myrtales,Melastomataceae,"Miconia tomentosa"
Aves,Passeriformes,Fringillidae,"Spinus magellanicus"
Equisetopsida,Asterales,Asteraceae,"Mikania guaco"
Equisetopsida,Asparagales,Orchidaceae,"Maxillaria meridensis"
Equisetopsida,Myrtales,Melastomataceae,"Miconia theaezans"
Equisetopsida,Myrtales,Melastomataceae,"Miconia thaminantha"
Equisetopsida,Myrtales,Melastomataceae,"Miconia terera"
Equisetopsida,Asterales,Asteraceae,"Mikania lasiopoda"
Equisetopsida,Myrtales,Melastomataceae,"Miconia stephanotricha"
Equisetopsida,Myrtales,Melastomataceae,"Miconia splendens"
Equisetopsida,Asterales,Asteraceae,"Mikania nemorosa"
Equisetopsida,Asparagales,Orchidaceae,"Maxillaria platypetala"
Insecta,Lepidoptera,Nymphalidae,"Adelpha melona melona"
Equisetopsida,Fabales,Fabaceae,"Desmodium purpusii"
Equisetopsida,Piperales,Piperaceae,"Piper nudilimbum"
Equisetopsida,Piperales,Piperaceae,"Piper reticulatum"
Equisetopsida,Piperales,Piperaceae,"Piper monzonense"
Equisetopsida,Piperales,Piperaceae,"Piper maranyonense"
Equisetopsida,Arecales,Arecaceae,"Desmoncus mitis"
Equisetopsida,Piperales,Piperaceae,"Piper udisilvestre"
Equisetopsida,Piperales,Piperaceae,"Piper lanceolatum"
Insecta,Lepidoptera,Nymphalidae,"Adelpha mesentina chancha"
Equisetopsida,Piperales,Piperaceae,"Piper laevigatum"
Equisetopsida,Myrtales,Melastomataceae,"Miconia sanguinea"
Equisetopsida,Myrtales,Melastomataceae,"Miconia saltuensis"
Equisetopsida,Piperales,Piperaceae,"Piper indecorum"
Equisetopsida,Polypodiales,Polypodiaceae,"Moranopteris caucana"
Equisetopsida,Asterales,Asteraceae,"Mikania szyszylowiczii"
Insecta,Lepidoptera,Nymphalidae,"Diaethria clymena peruviana"
Insecta,Lepidoptera,Nymphalidae,"Diaethria eluina lidwina"
Insecta,Lepidoptera,Nymphalidae,"Diaethria neglecta neglecta"
Insecta,Lepidoptera,Nymphalidae,"Adelpha lycorias lara"
Equisetopsida,Santalales,Santalaceae,"Dendrophthora lueri"
Equisetopsida,Piperales,Piperaceae,"Piper crocatum"
Aves,Passeriformes,Thraupidae,"Pipraeidea melanonota"
Equisetopsida,Apiales,Araliaceae,"Dendropanax arboreus"
Equisetopsida,Asparagales,Orchidaceae,"Dichaea muricata"
Aves,Passeriformes,Furnariidae,"Dendroma rufa"
Equisetopsida,Commelinales,Commelinaceae,"Dichorisandra hexandra"
Equisetopsida,Piperales,Piperaceae,"Piper callosum"
Equisetopsida,Piperales,Piperaceae,"Piper augustum"
Equisetopsida,Cyatheales,Dicksoniaceae,"Dicksonia sellowiana"
Aves,Passeriformes,Furnariidae,"Dendrocolaptes certhia"
Aves,Passeriformes,Cotingidae,"Pipreola chlorolepidota"
Equisetopsida,Piperales,Piperaceae,"Piper arboreum"
Aves,Passeriformes,Furnariidae,"Dendrocincla tyrannina"
Mammalia,Cetartiodactyla,Tayassuidae,"Dicotyles tajacu"
Equisetopsida,Malpighiales,Chrysobalanaceae,"Moquilea magnifruta"
Aves,Passeriformes,Cotingidae,"Pipreola frontalis"
Equisetopsida,Myrtales,Melastomataceae,"Miconia reversa"
Equisetopsida,Gleicheniales,Gleicheniaceae,"Dicranopteris flexuosa"
Equisetopsida,Pandanales,Cyclanthaceae,"Dicranopygium lugonis"
Aves,Passeriformes,Furnariidae,"Dendrocincla fuliginosa"
Insecta,Lepidoptera,Nymphalidae,"Adelpha phylaca juruana"
Equisetopsida,Arecales,Arecaceae,"Dictyocaryum lamarckianum"
Aves,Passeriformes,Cotingidae,"Pipreola pulchra"
Equisetopsida,Dioscoreales,Burmanniaceae,"Dictyostega orobanchoides"
Equisetopsida,Metteniusales,Metteniusaceae,"Dendrobangia boliviana"
Equisetopsida,Myrtales,Melastomataceae,"Miconia reflexipila"
Aves,Passeriformes,Cotingidae,"Pipreola riefferii"
Aves,Passeriformes,Furnariidae,"Dendrexetastes rufigula"
Insecta,Lepidoptera,Nymphalidae,"Adelpha iphiclus iphiclus"
Mammalia,Didelphimorphia,Didelphidae,"Didelphis marsupialis"
Aves,Passeriformes,Tyrannidae,"Piprites chloris"
Mammalia,Didelphimorphia,Didelphidae,"Didelphis pernigra"
Equisetopsida,Polypodiales,Dryopteridaceae,"Didymochlaena truncatula"
Equisetopsida,Apiales,Araliaceae,"Didymopanax confusus"
Equisetopsida,Apiales,Araliaceae,"Didymopanax morototoni"
Equisetopsida,Myrtales,Melastomataceae,"Miconia punctata"
Equisetopsida,Asterales,Asteraceae,"Piptocarpha geraldsmithii"
Equisetopsida,Asterales,Asteraceae,"Piptocarpha klugii"
Equisetopsida,Asterales,Asteraceae,"Piptocarpha poeppigiana"
Aves,Passeriformes,Furnariidae,"Deconychura longicauda"
Aves,Passeriformes,Thraupidae,"Diglossa caerulescens"
Aves,Psittaciformes,Psittacidae,"Pionus menstruus"
Aves,Passeriformes,Cardinalidae,"Piranga flava"
Aves,Passeriformes,Thraupidae,"Diglossa glauca"
Aves,Psittaciformes,Psittacidae,"Pionites leucogaster"
Aves,Passeriformes,Cardinalidae,"Piranga leucoptera"
Equisetopsida,Asparagales,Orchidaceae,"Maxillaria sect. ornithidium"
Aves,Passeriformes,Cardinalidae,"Piranga olivacea"
Aves,Passeriformes,Cardinalidae,"Piranga rubra"
Mammalia,Cingulata,Dasypodidae,"Dasypus novemcinctus"
Insecta,Lepidoptera,Nymphalidae,"Adelpha saundersii saundersii"
Equisetopsida,Gentianales,Rubiaceae,"Pimentelia glomerata"
Mammalia,Rodentia,Dasyproctidae,"Dasyprocta variegata"
Mammalia,Rodentia,Dinomyidae,"Dinomys branickii"
Equisetopsida,Gentianales,Rubiaceae,"Dioicodendron dioicum"
Insecta,Lepidoptera,Nymphalidae,"Dione juno juno"
Aves,Passeriformes,Tyrannidae,"Pitangus lictor"
Equisetopsida,Laurales,Lauraceae,"Damburneya purpurea"
Insecta,Lepidoptera,Nymphalidae,"Adelpha ximena"
Equisetopsida,Ericales,Ebenaceae,"Diospyros panguana"
Aves,Pelecaniformes,Ardeidae,"Pilherodius pileatus"
Aves,Passeriformes,Tyrannidae,"Pitangus sulphuratus"
Equisetopsida,Poales,Bromeliaceae,"Pitcairnia bifaria"
Equisetopsida,Polypodiales,Athyriaceae,"Diplazium eggersii"
Equisetopsida,Poales,Bromeliaceae,"Pitcairnia wolfei"
Equisetopsida,Sapindales,Burseraceae,"Dacryodes peruviana"
Equisetopsida,Polypodiales,Athyriaceae,"Diplazium macrophyllum"
Equisetopsida,Sapindales,Burseraceae,"Dacryodes nitens"
Mammalia,Primates,Pitheciidae,"Pithecia monachus"
Insecta,Lepidoptera,Pieridae,"Pieriballia viardi rubecula"
Insecta,Lepidoptera,Nymphalidae,"Adelpha cocala urraca"
Equisetopsida,Gleicheniales,Gleicheniaceae,"Sticherus nervatus"
Equisetopsida,Fabales,Fabaceae,"Zygia coccinea"
Mammalia,Chiroptera,Phyllostomidae,"Vampyressa melissa"
Equisetopsida,Poales,Xyridaceae,"Xyris tristis"
Equisetopsida,Rosales,Urticaceae,"Urera laciniata"
Equisetopsida,Sapindales,Meliaceae,"Swietenia macrophylla"
Equisetopsida,Rosales,Urticaceae,"Urera caracasana"
Equisetopsida,Rosales,Urticaceae,"Urera baccifera"
Aves,Passeriformes,Thamnophilidae,"Thamnophilus schistaceus"
Equisetopsida,Arecales,Arecaceae,"Syagrus sancona"
Aves,Passeriformes,Tyrannidae,"Zimmerius cinereicapilla"
Insecta,Lepidoptera,Hesperiidae,"Urbanus pronta"
Aves,Passeriformes,Thamnophilidae,"Thamnophilus palliatus"
Equisetopsida,Hymenophyllales,Hymenophyllaceae,"Vandenboschia radicans"
Aves,Passeriformes,Thamnophilidae,"Thamnophilus murinus"
Insecta,Lepidoptera,Riodinidae,"Uraneis hyalina"
Aves,Charadriiformes,Charadriidae,"Vanellus cayanus"
Equisetopsida,Fabales,Fabaceae,"Swartzia polyphylla"
Equisetopsida,Magnoliales,Annonaceae,"Xylopia cuspidata"
Aves,Passeriformes,Tyrannidae,"Zimmerius viridiflavus"
Aves,Passeriformes,Thamnophilidae,"Thamnophilus doliatus"
Aves,Passeriformes,Thamnophilidae,"Thamnophilus caerulescens"
Equisetopsida,Polypodiales,Thelypteridaceae,"Thelypteris opposita"
Equisetopsida,Magnoliales,Annonaceae,"Unonopsis guatterioides"
Aves,Apodiformes,Apodidae,"Streptoprocne zonaris"
Equisetopsida,Fabales,Fabaceae,"Vatairea fusca"
Equisetopsida,Magnoliales,Annonaceae,"Xylopia calophylla"
Equisetopsida,Asterales,Asteraceae,"Vernonanthura patens"
Aves,Passeriformes,Thamnophilidae,"Thamnophilus aethiops"
Equisetopsida,Gentianales,Rubiaceae,"Uncaria tomentosa"
Insecta,Lepidoptera,Nymphalidae,"Zischkaia saundersii"
Aves,Passeriformes,Thamnophilidae,"Thamnomanes ardesiacus"
Insecta,Lepidoptera,Nymphalidae,"Vila emilia caecilia"
Equisetopsida,Malvales,Malvaceae,"Theobroma cacao"
Aves,Passeriformes,Thamnophilidae,"Thamnistes rufescens"
Equisetopsida,Malvales,Malvaceae,"Theobroma obovatum"
Aves,Passeriformes,Vireonidae,"Vireolanius leucotis"
Equisetopsida,Malvales,Malvaceae,"Theobroma speciosum"
Aves,Apodiformes,Apodidae,"Streptoprocne rutila"
Aves,Passeriformes,Vireonidae,"Vireo leucophrys"
Equisetopsida,Malvales,Malvaceae,"Theobroma subincanum"
Aves,Apodiformes,Trochilidae,"Thalurania furcata"
Equisetopsida,Cycadales,Zamiaceae,"Zamia urep"
Aves,Passeriformes,Vireonidae,"Vireo olivaceus"
Aves,Passeriformes,Tyrannidae,"Tyrannus melancholicus"
Equisetopsida,Magnoliales,Myristicaceae,"Virola calophylla"
Aves,Passeriformes,Tyrannidae,"Tyrannulus elatus"
Equisetopsida,Magnoliales,Myristicaceae,"Virola decorticans"
Equisetopsida,Fabales,Fabaceae,"Swartzia cuspidata"
Aves,Passeriformes,Pipridae,"Tyranneutes stolzmanni"
Equisetopsida,Magnoliales,Myristicaceae,"Virola elongata"
Equisetopsida,Magnoliales,Myristicaceae,"Virola flexuosa"
Equisetopsida,Magnoliales,Myristicaceae,"Virola loretensis"
Equisetopsida,Lamiales,Bignoniaceae,"Tynanthus panurensis"
Equisetopsida,Crossosomatales,Staphyleaceae,"Turpinia occidentalis"
Equisetopsida,Malpighiales,Salicaceae,"Tetrathylacium macrophyllum"
Equisetopsida,Magnoliales,Myristicaceae,"Virola mollissima"
Aves,Passeriformes,Turdidae,"Turdus serranus"
Aves,Passeriformes,Passerellidae,"Zonotrichia capensis"
Aves,Columbiformes,Columbidae,"Zentrygon frenata"
Equisetopsida,Magnoliales,Myristicaceae,"Virola multinervia"
Aves,Passeriformes,Turdidae,"Turdus nigriceps"
Equisetopsida,Magnoliales,Myristicaceae,"Virola pavonis"
Aves,Passeriformes,Thraupidae,"Thlypopsis ornata"
Aves,Passeriformes,Turdidae,"Turdus leucops"
Equisetopsida,Magnoliales,Annonaceae,"Tetrameranthus umbellatus"
Equisetopsida,Magnoliales,Myristicaceae,"Virola sebifera"
Equisetopsida,Fabales,Fabaceae,"Swartzia arborescens"
Aves,Passeriformes,Turdidae,"Turdus ignobilis"
Equisetopsida,Malpighiales,Hypericaceae,"Vismia amazonica"
Equisetopsida,Sapindales,Rutaceae,"Zanthoxylum ekmanii"
Equisetopsida,Malpighiales,Hypericaceae,"Vismia glabra"
Equisetopsida,Lamiales,Bignoniaceae,"Stizophyllum riparium"
Aves,Passeriformes,Turdidae,"Turdus hauxwelli"
Equisetopsida,Malpighiales,Hypericaceae,"Vismia macrophylla"
Equisetopsida,Malpighiales,Hypericaceae,"Vismia sandwithii"
Equisetopsida,Lamiales,Lamiaceae,"Vitex cymosa"
Aves,Passeriformes,Thraupidae,"Tersina viridis"
Aves,Passeriformes,Turdidae,"Turdus albicollis"
Equisetopsida,Pandanales,Cyclanthaceae,"Thoracocarpus bissectus"
Aves,Passeriformes,Vireonidae,"Tunchiornis ochraceiceps"
Equisetopsida,Ericales,Pentaphylacaceae,"Ternstroemia brachypoda"
Aves,Passeriformes,Thraupidae,"Volatinia jacarina"
Equisetopsida,Rosales,Moraceae,"Trophis caucana"
Equisetopsida,Gentianales,Gentianaceae,"Voyria aphylla"
Equisetopsida,Gentianales,Gentianaceae,"Voyria flavescens"
Equisetopsida,Myrtales,Combretaceae,"Terminalia oblonga"
Aves,Passeriformes,Thraupidae,"Thraupis episcopus"
Equisetopsida,Gentianales,Gentianaceae,"Symbolanthus calygonus"
Aves,Trogoniformes,Trogonidae,"Trogon viridis"
Aves,Passeriformes,Thraupidae,"Thraupis palmarum"
Equisetopsida,Myrtales,Combretaceae,"Terminalia grandis"
Equisetopsida,Sapindales,Sapindaceae,"Talisia cerasina"
Aves,Trogoniformes,Trogonidae,"Trogon ramonianus"
Equisetopsida,Myrtales,Combretaceae,"Terminalia duckei"
Equisetopsida,Myrtales,Combretaceae,"Terminalia dichotoma"
Aves,Trogoniformes,Trogonidae,"Trogon personatus"
Aves,Passeriformes,Thraupidae,"Stilpnia viridicollis"
Aves,Passeriformes,Thraupidae,"Stilpnia phillipsi"
Equisetopsida,Gentianales,Gentianaceae,"Symbolanthus incaicus"
Equisetopsida,Gentianales,Rubiaceae,"Warszewiczia coccinea"
Aves,Passeriformes,Onychorhynchidae,"Terenotriccus erythrurus"
Equisetopsida,Gentianales,Rubiaceae,"Warszewiczia cordata"
Aves,Trogoniformes,Trogonidae,"Trogon melanurus"
Aves,Apodiformes,Trochilidae,"Threnetes leucurus"
Equisetopsida,Malpighiales,Clusiaceae,"Tovomita laurina"
Aves,Passeriformes,Thraupidae,"Stilpnia nigrocincta"
Insecta,Lepidoptera,Nymphalidae,"Temenis pulchra pallidior"
Equisetopsida,Gentianales,Gentianaceae,"Symbolanthus pascoensis"
Insecta,Lepidoptera,Nymphalidae,"Temenis laothoe laothoe"
Equisetopsida,Oxalidales,Cunoniaceae,"Weinmannia balbisiana"
Aves,Passeriformes,Furnariidae,"Thripadectes melanorhynchus"
Aves,Trogoniformes,Trogonidae,"Trogon curucui"
Equisetopsida,Oxalidales,Cunoniaceae,"Weinmannia cochensis"
Equisetopsida,Oxalidales,Cunoniaceae,"Weinmannia lechleriana"
Aves,Trogoniformes,Trogonidae,"Trogon collaris"
Equisetopsida,Oxalidales,Cunoniaceae,"Weinmannia pentaphylla"
Aves,Trogoniformes,Trogonidae,"Trogon caligatus"
Aves,Passeriformes,Troglodytidae,"Troglodytes solstitialis"
Insecta,Lepidoptera,Nymphalidae,"Telenassa teletusa burchelli"
Equisetopsida,Arecales,Arecaceae,"Welfia alfredii"
Equisetopsida,Polypodiales,Tectariaceae,"Tectaria plantaginea"
Equisetopsida,Arecales,Arecaceae,"Wettinia augusta"
Equisetopsida,Polypodiales,Tectariaceae,"Tectaria incisa"
Aves,Passeriformes,Troglodytidae,"Troglodytes aedon"
Equisetopsida,Sapindales,Anacardiaceae,"Thyrsodium herrerense"
Equisetopsida,Polypodiales,Tectariaceae,"Tectaria antioquoiana"
Equisetopsida,Arecales,Arecaceae,"Wettinia maynensis"
Insecta,Lepidoptera,Nymphalidae,"Taygetis thamyra"
Aves,Passeriformes,Thamnophilidae,"Willisornis poecilinotus"
Equisetopsida,Sapindales,Rutaceae,"Ticorea tubiflora"
Insecta,Lepidoptera,Nymphalidae,"Taygetis chrysogone"
Equisetopsida,Alismatales,Araceae,"Xanthosoma brevispathaceum"
Equisetopsida,Malpighiales,Clusiaceae,"Symphonia globulifera"
Equisetopsida,Alismatales,Araceae,"Xanthosoma poeppigii"
Equisetopsida,Alismatales,Araceae,"Xanthosoma pubescens"
Aves,Passeriformes,Thraupidae,"Stilpnia cyanicollis"
Equisetopsida,Alismatales,Araceae,"Xanthosoma trichophyllum"
Equisetopsida,Asterales,Asteraceae,"Tilesia baccata"
Insecta,Lepidoptera,Hesperiidae,"Tarsoctenus papias"
Equisetopsida,Malpighiales,Malpighiaceae,"Stigmaphyllon sinuatum"
Equisetopsida,Poales,Bromeliaceae,"Tillandsia confinis"
Aves,Passeriformes,Furnariidae,"Xenops minutus"
Aves,Passeriformes,Thamnophilidae,"Taraba major"
Aves,Passeriformes,Furnariidae,"Xenops rutilans"
Aves,Charadriiformes,Scolopacidae,"Tringa solitaria"
Equisetopsida,Malpighiales,Dichapetalaceae,"Tapura juruana"
Mammalia,Perissodactyla,Tapiridae,"Tapirus terrestris"
Aves,Passeriformes,Thraupidae,"Trichothraupis melanops"
Aves,Passeriformes,Furnariidae,"Xiphocolaptes promeropirhynchus"
Equisetopsida,Malpighiales,Malpighiaceae,"Stigmaphyllon argenteum"
Aves,Passeriformes,Furnariidae,"Xiphorhynchus elegans"
Equisetopsida,Hymenophyllales,Hymenophyllaceae,"Trichomanes trollii"
Aves,Passeriformes,Furnariidae,"Synallaxis gujanensis"
Mammalia,Pilosa,Myrmecophagidae,"Tamandua tetradactyla"
Equisetopsida,Hymenophyllales,Hymenophyllaceae,"Trichomanes polypodioides"
Aves,Passeriformes,Furnariidae,"Synallaxis hypospodia"
Equisetopsida,Sapindales,Anacardiaceae,"Tapirira obtusa"
Aves,Passeriformes,Furnariidae,"Xiphorhynchus triangularis"
Aves,Tinamiformes,Tinamidae,"Tinamus guttatus"
Aves,Passeriformes,Furnariidae,"Synallaxis cabanisi"
Aves,Tinamiformes,Tinamidae,"Tinamus major"
Equisetopsida,Gleicheniales,Gleicheniaceae,"Sticherus tomentosus"
Equisetopsida,Sapindales,Anacardiaceae,"Tapirira guianensis"
Equisetopsida,Ericales,Symplocaceae,"Symplocos bogotensis"
Aves,Cuculiformes,Cuculidae,"Tapera naevia"
Aves,Passeriformes,Furnariidae,"Syndactyla rufosuperciliata"
Aves,Passeriformes,Furnariidae,"Syndactyla subalaris"
Equisetopsida,Sapindales,Meliaceae,"Trichilia tuberculata"
Aves,Passeriformes,Thraupidae,"Tangara xanthocephala"
Aves,Tinamiformes,Tinamidae,"Tinamus tao"
Equisetopsida,Sapindales,Meliaceae,"Trichilia solitudinis"
Equisetopsida,Myrtales,Melastomataceae,"Topobea multiflora"
Equisetopsida,Alismatales,Araceae,"Syngonium podophyllum"
Aves,Passeriformes,Thraupidae,"Tangara velia"
Equisetopsida,Sapindales,Meliaceae,"Trichilia septentrionalis"
Equisetopsida,Sapindales,Meliaceae,"Trichilia schomburgkii"
Equisetopsida,Sapindales,Meliaceae,"Trichilia rubra"
Equisetopsida,Sapindales,Meliaceae,"Trichilia quadrijuga"
Aves,Passeriformes,Thraupidae,"Tangara vassorii"
Aves,Passeriformes,Tyrannidae,"Syrtidicola fluviatilis"
Equisetopsida,Ericales,Symplocaceae,"Symplocos fuliginosa"
Equisetopsida,Sapindales,Meliaceae,"Trichilia poeppigii"
Equisetopsida,Ericales,Symplocaceae,"Symplocos globulifera"
Insecta,Lepidoptera,Nymphalidae,"Tithorea harmonia"
Aves,Passeriformes,Thraupidae,"Tangara schrankii"
Equisetopsida,Ericales,Primulaceae,"Stylogyne ardisioides"
Equisetopsida,Sapindales,Meliaceae,"Trichilia micrantha"
Aves,Passeriformes,Tityridae,"Tityra inquisitor"
Equisetopsida,Gentianales,Apocynaceae,"Tabernaemontana sananho"
Aves,Passeriformes,Thraupidae,"Tangara parzudakii"
Equisetopsida,Sapindales,Meliaceae,"Trichilia laxipaniculata"
Aves,Passeriformes,Tityridae,"Tityra semifasciata"
Equisetopsida,Sapindales,Meliaceae,"Trichilia elegans"
Aves,Passeriformes,Thraupidae,"Tangara nigroviridis"
Insecta,Lepidoptera,Nymphalidae,"Zaretis itys itys"
Equisetopsida,Myrtales,Melastomataceae,"Tococa guianensis"
Equisetopsida,Gentianales,Gentianaceae,"Tachia occidentalis"
Equisetopsida,Gentianales,Rubiaceae,"Tocoyena williamsii"
Aves,Passeriformes,Thraupidae,"Tangara mexicana"
Aves,Passeriformes,Furnariidae,"Synallaxis albigularis"
Equisetopsida,Asterales,Asteraceae,"Trepadonia oppositifolia"
Equisetopsida,Fabales,Fabaceae,"Tachigali cenepensis"
Aves,Passeriformes,Tyrannidae,"Todirostrum chrysocrotaphum"
Mammalia,Carnivora,Ursidae,"Tremarctos ornatus"
Equisetopsida,Fabales,Fabaceae,"Tachigali chrysophylla"
Aves,Passeriformes,Thraupidae,"Tangara gyrola"
Aves,Passeriformes,Tyrannidae,"Todirostrum cinereum"
Aves,Passeriformes,Thraupidae,"Tangara cyanotis"
Equisetopsida,Fabales,Fabaceae,"Tachigali inconspicua"
Equisetopsida,Ericales,Primulaceae,"Stylogyne serpentina"
Aves,Passeriformes,Thraupidae,"Tangara chrysotis"
Aves,Passeriformes,Tyrannidae,"Tolmomyias assimilis"
Equisetopsida,Fabales,Fabaceae,"Tachigali pilosa"
Equisetopsida,Fabales,Fabaceae,"Tachigali setifera"
Aves,Passeriformes,Tyrannidae,"Tolmomyias flaviventris"
Equisetopsida,Rosales,Cannabaceae,"Trema micrantha"
Equisetopsida,Sapindales,Burseraceae,"Trattinnickia lawrancei"
Aves,Passeriformes,Tyrannidae,"Tolmomyias poliocephalus"
Aves,Passeriformes,Thraupidae,"Tangara chilensis"
Equisetopsida,Ericales,Styracaceae,"Styrax vilcabambae"
Equisetopsida,Ericales,Symplocaceae,"Symplocos quitensis"
Aves,Apodiformes,Apodidae,"Tachornis squamata"
Aves,Passeriformes,Furnariidae,"Xiphorhynchus guttatus"
Equisetopsida,Commelinales,Commelinaceae,"Tradescantia zanonia"
Aves,Passeriformes,Furnariidae,"Xiphorhynchus ocellatus"
Aves,Podicipediformes,Podicipedidae,"Tachybaptus dominicus"
Aves,Passeriformes,Thraupidae,"Tangara arthus"
Equisetopsida,Ericales,Styracaceae,"Styrax omuk"
Aves,Caprimulgiformes,Caprimulgidae,"Uropsalis segmentata"
Aves,Caprimulgiformes,Caprimulgidae,"Uropsalis lyra"
Equisetopsida,Poales,Xyridaceae,"Xyris subulata"
,,,
