Clase,Orden,Familia,Especie,endemica,amenazada
Insecta,Lepidoptera,Riodinidae,Lasaia agesilas agesilas,FALSE,FALSE
Aves,Passeriformes,Thraupidae,Dacnis lineata,FALSE,FALSE
Insecta,Lepidoptera,Nymphalidae,Pierella lena brasiliensis,FALSE,FALSE
Insecta,Lepidoptera,Nymphalidae,Pierella lamia chalybaea,FALSE,FALSE
Aves,Passeriformes,Thamnophilidae,Pithys albifrons,FALSE,FALSE
Insecta,Lepidoptera,Nymphalidae,Pierella hyceta hyceta,FALSE,FALSE
Insecta,Lepidoptera,Nymphalidae,Pierella hortona hortona,FALSE,FALSE
Equisetopsida,Fabales,Fabaceae,Diplotropis purpurea,FALSE,FALSE
Aves,Passeriformes,Thraupidae,Dacnis cayana,FALSE,FALSE
Insecta,Lepidoptera,Nymphalidae,Pierella astyoche bernhardina,FALSE,FALSE
Equisetopsida,Polypodiales,Pteridaceae,Pityrogramma calomelanos,FALSE,FALSE
Equisetopsida,Fabales,Fabaceae,Dipteryx alata,FALSE,FALSE
Equisetopsida,Fabales,Fabaceae,Dipteryx micrantha,FALSE,FALSE
Aves,Piciformes,Picidae,Picumnus lafresnayi,FALSE,FALSE
Insecta,Lepidoptera,Riodinidae,Cyrenia martia martia,FALSE,FALSE
Equisetopsida,Aquifoliales,Stemonuraceae,Discophora guianensis,FALSE,FALSE
Equisetopsida,Myrtales,Melastomataceae,Miconia polytopica,TRUE,FALSE
Aves,Passeriformes,Troglodytidae,Cyphorhinus thoracicus,FALSE,FALSE
Aves,Piciformes,Picidae,Piculus leucolaemus,FALSE,FALSE
Insecta,Lepidoptera,Nymphalidae,Adelpha boreas boreas,FALSE,FALSE
Equisetopsida,Rosales,Moraceae,Distictella magnoliifolia,FALSE,FALSE
Aves,Piciformes,Picidae,Piculus chrysochloros,FALSE,FALSE
Equisetopsida,Picramniales,Picramniaceae,Picramnia spruceana,FALSE,FALSE
Equisetopsida,Picramniales,Picramniaceae,Picramnia sellowii,FALSE,FALSE
Equisetopsida,Celastrales,Celastraceae,Monteverdia macrocarpa,FALSE,FALSE
Equisetopsida,Myrtales,Melastomataceae,Miconia paeminosa,FALSE,FALSE
Equisetopsida,Myrtales,Lythraceae,Adenaria floribunda,FALSE,FALSE
Equisetopsida,Rosales,Moraceae,Dorstenia umbricola,FALSE,FALSE
Aves,Apodiformes,Trochilidae,Doryfera johannae,FALSE,FALSE
Aves,Apodiformes,Trochilidae,Doryfera ludovicae,FALSE,FALSE
Aves,Cuculiformes,Cuculidae,Piaya cayana,FALSE,FALSE
Equisetopsida,Magnoliales,Annonaceae,Cymbopetalum schunkei,TRUE,FALSE
Aves,Passeriformes,Tyrannidae,Platyrinchus mystaceus,FALSE,FALSE
Aves,Passeriformes,Thamnophilidae,Cymbilaimus lineatus,FALSE,FALSE
Insecta,Lepidoptera,Nymphalidae,Doxocopa agathina agathina,FALSE,FALSE
Insecta,Lepidoptera,Nymphalidae,Doxocopa zunilda floris,FALSE,FALSE
Aves,Passeriformes,Tyrannidae,Platyrinchus platyrhynchos,FALSE,FALSE
Equisetopsida,Celastrales,Celastraceae,Monteverdia ebenifolia,FALSE,FALSE
Equisetopsida,Polypodiales,Thelypteridaceae,Cyclosorus macrotis,FALSE,FALSE
Equisetopsida,Alismatales,Araceae,Dracontium spruceanum,FALSE,FALSE
Equisetopsida,Polypodiales,Lomariopsidaceae,Cyclopeltis semicordata,FALSE,FALSE
Insecta,Lepidoptera,Hesperiidae,Cycloglypha tisias,FALSE,FALSE
Insecta,Lepidoptera,Hesperiidae,Drephalys dumeril,FALSE,FALSE
Equisetopsida,Myrtales,Melastomataceae,Miconia nervosa,FALSE,FALSE
Equisetopsida,Caryophyllales,Droseraceae,Drosera peruensis,FALSE,FALSE
Aves,Passeriformes,Vireonidae,Cyclarhis gujanensis,FALSE,FALSE
Insecta,Lepidoptera,Nymphalidae,Dryas iulia alcionea,FALSE,FALSE
Equisetopsida,Arecales,Arecaceae,Phytelephas macrocarpa,FALSE,FALSE
Equisetopsida,Lamiales,Gesneriaceae,Drymonia alloplectoides,FALSE,FALSE
Equisetopsida,Myrtales,Lythraceae,Physocalymma scaberrimum,FALSE,FALSE
Insecta,Lepidoptera,Nymphalidae,Physcopedaliodes praxithea,FALSE,FALSE
Equisetopsida,Ericales,Primulaceae,Cybianthus peruvianus,FALSE,FALSE
Equisetopsida,Lamiales,Gesneriaceae,Drymonia coccinea,FALSE,FALSE
Equisetopsida,Ericales,Primulaceae,Cybianthus penduliflorus,FALSE,FALSE
Equisetopsida,Ericales,Primulaceae,Cybianthus pastensis,FALSE,FALSE
Equisetopsida,Ericales,Primulaceae,Cybianthus minutiflorus,FALSE,FALSE
Equisetopsida,Lamiales,Gesneriaceae,Drymonia doratostyla,FALSE,FALSE
Equisetopsida,Ericales,Primulaceae,Cybianthus magnus,FALSE,FALSE
Equisetopsida,Lamiales,Bignoniaceae,Pleonotoma melioides,FALSE,FALSE
Equisetopsida,Lamiales,Gesneriaceae,Drymonia macrophylla,FALSE,FALSE
Equisetopsida,Ericales,Primulaceae,Cybianthus granulosus,FALSE,FALSE
Equisetopsida,Lamiales,Gesneriaceae,Drymonia pendula,FALSE,FALSE
Equisetopsida,Lamiales,Gesneriaceae,Drymonia semicordata,FALSE,FALSE
Equisetopsida,Ericales,Primulaceae,Cybianthus comperuvianus,FALSE,FALSE
Equisetopsida,Polypodiales,Polypodiaceae,Pleopeltis fraseri,FALSE,FALSE
Equisetopsida,Lamiales,Gesneriaceae,Drymonia urceolata,FALSE,FALSE
Equisetopsida,Cyatheales,Cyatheaceae,Cyathea palaciosii,FALSE,FALSE
Aves,Passeriformes,Thamnophilidae,Drymophila striaticeps,FALSE,FALSE
Equisetopsida,Cyatheales,Cyatheaceae,Cyathea latevagans,FALSE,FALSE
Aves,Passeriformes,Hirundinidae,Stelgidopteryx ruficollis,FALSE,FALSE
Aves,Piciformes,Picidae,Dryobates affinis,FALSE,FALSE
Equisetopsida,Cyatheales,Cyatheaceae,Cyathea fulva,FALSE,FALSE
Equisetopsida,Cyatheales,Cyatheaceae,Cyathea estevesorum,FALSE,FALSE
Equisetopsida,Myrtales,Melastomataceae,Pleroma ochypetalum,FALSE,FALSE
Equisetopsida,Cyatheales,Cyatheaceae,Cyathea chontilla,FALSE,FALSE
Aves,Piciformes,Picidae,Dryobates fumigatus,FALSE,FALSE
Equisetopsida,Cyatheales,Cyatheaceae,Cyathea caracasana,FALSE,TRUE
Equisetopsida,Cyatheales,Cyatheaceae,Cyathea bipinnatifida,FALSE,FALSE
Equisetopsida,Cyatheales,Cyatheaceae,Cyathea alatissima,TRUE,FALSE
Aves,Passeriformes,Tyrannidae,Phylloscartes ventralis,FALSE,FALSE
Aves,Piciformes,Picidae,Dryobates passerinus,FALSE,FALSE
Aves,Piciformes,Picidae,Dryocopus lineatus,FALSE,FALSE
Aves,Passeriformes,Cardinalidae,Cyanoloxia rothschildii,FALSE,FALSE
Aves,Passeriformes,Tyrannidae,Phylloscartes poecilotis,FALSE,FALSE
Aves,Passeriformes,Corvidae,Cyanocorax yncas,FALSE,FALSE
Aves,Passeriformes,Tyrannidae,Phylloscartes parkeri,FALSE,FALSE
Aves,Passeriformes,Corvidae,Cyanocorax violaceus,FALSE,FALSE
Equisetopsida,Malpighiales,Putranjivaceae,Drypetes gentryi,FALSE,FALSE
Aves,Passeriformes,Tyrannidae,Phylloscartes ophthalmicus,FALSE,FALSE
Equisetopsida,Magnoliales,Annonaceae,Duguetia macrophylla,FALSE,FALSE
Equisetopsida,Aquifoliales,Phyllonomaceae,Phyllonoma ruscifolia,FALSE,FALSE
Aves,Passeriformes,Tyrannidae,Phyllomyias weedeni,FALSE,FALSE
Aves,Passeriformes,Thraupidae,Cyanerpes caeruleus,FALSE,FALSE
Aves,Passeriformes,Tyrannidae,Phyllomyias griseiceps,FALSE,FALSE
Aves,Passeriformes,Tyrannidae,Phyllomyias cinereiceps,FALSE,FALSE
Aves,Passeriformes,Tyrannidae,Phyllomyias burmeisteri,FALSE,FALSE
Equisetopsida,Gentianales,Rubiaceae,Duroia hirsuta,FALSE,FALSE
Equisetopsida,Lamiales,Bignoniaceae,Adenocalymma impressum,FALSE,FALSE
Equisetopsida,Myrtales,Melastomataceae,Miconia myrtiformis,FALSE,FALSE
Insecta,Lepidoptera,Nymphalidae,Dynamine chryseis,FALSE,FALSE
Insecta,Lepidoptera,Nymphalidae,Dynamine gisella,FALSE,FALSE
Equisetopsida,Laurales,Lauraceae,Pleurothyrium intermedium,FALSE,FALSE
Equisetopsida,Laurales,Lauraceae,Pleurothyrium poeppigii,FALSE,FALSE
Insecta,Lepidoptera,Nymphalidae,Dynastor darius stygianus,FALSE,FALSE
Equisetopsida,Myrtales,Lythraceae,Cuphea bombonasae,FALSE,FALSE
Equisetopsida,Laurales,Lauraceae,Pleurothyrium tomentellum,FALSE,FALSE
Equisetopsida,Sapindales,Sapindaceae,Cupania latifolia,FALSE,FALSE
Aves,Passeriformes,Thamnophilidae,Dysithamnus mentalis,FALSE,FALSE
Equisetopsida,Malpighiales,Phyllanthaceae,Phyllanthus urinaria,FALSE,FALSE
Equisetopsida,Myrtales,Melastomataceae,Miconia muricata,FALSE,FALSE
Mammalia,Rodentia,Cuniculidae,Cuniculus paca,FALSE,FALSE
Equisetopsida,Malpighiales,Clusiaceae,Dystovomita paniculata,FALSE,FALSE
Insecta,Lepidoptera,Hesperiidae,Ebrietas evanidus,FALSE,FALSE
Insecta,Lepidoptera,Hesperiidae,Ebrietas infanda,FALSE,FALSE
Equisetopsida,Ericales,Sapotaceae,Ecclinusa lanceolata,FALSE,FALSE
Equisetopsida,Solanales,Solanaceae,Cuatresia fosteriana,FALSE,FALSE
Equisetopsida,Santalales,Santalaceae,Phoradendron piperoides,FALSE,FALSE
Aves,Tinamiformes,Tinamidae,Crypturellus variegatus,FALSE,FALSE
Aves,Pelecaniformes,Ardeidae,Egretta thula,FALSE,FALSE
Aves,Steatornithiformes,Steatornithidae,Steatornis caripensis,FALSE,FALSE
Equisetopsida,Myrtales,Melastomataceae,Miconia monzoniensis,FALSE,FALSE
Equisetopsida,Alismatales,Araceae,Monstera pinnatipartita,FALSE,FALSE
Aves,Tinamiformes,Tinamidae,Crypturellus tataupa,FALSE,FALSE
Mammalia,Carnivora,Mustelidae,Eira barbara,FALSE,FALSE
Insecta,Lepidoptera,Pieridae,Phoebis sennae marcellina,FALSE,FALSE
Equisetopsida,Asterales,Asteraceae,Eirmocephala cainarachensis,FALSE,FALSE
Insecta,Lepidoptera,Pieridae,Phoebis philea philea,FALSE,FALSE
Equisetopsida,Gentianales,Rubiaceae,Elaeagia karstenii,FALSE,FALSE
Aves,Tinamiformes,Tinamidae,Crypturellus soui,FALSE,FALSE
Equisetopsida,Gentianales,Rubiaceae,Elaeagia mariae,FALSE,FALSE
Insecta,Lepidoptera,Pieridae,Phoebis neocypris rurina,FALSE,FALSE
Equisetopsida,Gentianales,Rubiaceae,Elaeagia pastoensis,FALSE,FALSE
Aves,Tinamiformes,Tinamidae,Crypturellus obsoletus,FALSE,FALSE
Aves,Passeriformes,Tyrannidae,Elaenia albiceps,FALSE,FALSE
Insecta,Lepidoptera,Pieridae,Phoebis argante larra,FALSE,FALSE
Aves,Tinamiformes,Tinamidae,Crypturellus cinereus,FALSE,FALSE
Aves,Passeriformes,Tyrannidae,Elaenia chiriquensis,FALSE,FALSE
Aves,Passeriformes,Tyrannidae,Elaenia flavogaster,FALSE,FALSE
Aves,Passeriformes,Tyrannidae,Elaenia gigas,FALSE,FALSE
Aves,Apodiformes,Trochilidae,Phlogophilus harterti,TRUE,FALSE
Aves,Tinamiformes,Tinamidae,Crypturellus atrocapillus,FALSE,FALSE
Aves,Passeriformes,Tyrannidae,Elaenia spectabilis,FALSE,FALSE
Aves,Passeriformes,Pipridae,Cryptopipo holochlora,FALSE,FALSE
Aves,Accipitriformes,Accipitridae,Elanoides forficatus,FALSE,FALSE
Equisetopsida,Brassicales,Cleomaceae,Podandrogyne glabra,FALSE,FALSE
Equisetopsida,Polypodiales,Dryopteridaceae,Elaphoglossum decoratum,FALSE,FALSE
Aves,Cuculiformes,Cuculidae,Crotophaga ani,FALSE,FALSE
Equisetopsida,Podocarpales,Podocarpaceae,Podocarpus oleifolius,FALSE,TRUE
Equisetopsida,Malpighiales,Euphorbiaceae,Croton pachypodus,FALSE,FALSE
Equisetopsida,Malpighiales,Euphorbiaceae,Croton lechleri,FALSE,FALSE
Equisetopsida,Polypodiales,Dryopteridaceae,Elaphoglossum moorei,FALSE,FALSE
Equisetopsida,Fabales,Fabaceae,Crotalaria nitens,FALSE,FALSE
Aves,Passeriformes,Tyrannidae,Poecilotriccus latirostris,FALSE,FALSE
Equisetopsida,Asterales,Asteraceae,Critoniopsis boliviana,FALSE,FALSE
Aves,Passeriformes,Thraupidae,Creurgops verticalis,FALSE,FALSE
Equisetopsida,Lamiales,Bignoniaceae,Crescentia cujete,FALSE,FALSE
Equisetopsida,Myrtales,Melastomataceae,Miconia mayeta,FALSE,FALSE
Aves,Coraciiformes,Momotidae,Electron platyrhynchum,FALSE,FALSE
Aves,Passeriformes,Furnariidae,Philydor erythrocercum,FALSE,FALSE
Equisetopsida,Lamiales,Gesneriaceae,Cremosperma peruvianum,TRUE,FALSE
Equisetopsida,Polypodiales,Dryopteridaceae,Polybotrya osmundacea,FALSE,FALSE
Aves,Apodiformes,Trochilidae,Adelomyia melanogenys,FALSE,FALSE
Equisetopsida,Alismatales,Araceae,Philodendron wittianum,FALSE,FALSE
Equisetopsida,Alismatales,Araceae,Philodendron verrucosum,FALSE,FALSE
Aves,Passeriformes,Furnariidae,Cranioleuca curtata,FALSE,FALSE
Equisetopsida,Asparagales,Orchidaceae,Elleanthus wallnoeferi,TRUE,FALSE
Equisetopsida,Alismatales,Araceae,Philodendron vasquezii,FALSE,FALSE
Equisetopsida,Gentianales,Rubiaceae,Coussarea revoluta,FALSE,FALSE
Equisetopsida,Gentianales,Rubiaceae,Coussarea pseudopilosula,FALSE,FALSE
Equisetopsida,Gentianales,Rubiaceae,Coussarea obliqua,FALSE,FALSE
Equisetopsida,Alismatales,Araceae,Philodendron ruizii,FALSE,FALSE
Aves,Passeriformes,Thraupidae,Emberizoides herbicola,FALSE,FALSE
Equisetopsida,Gentianales,Rubiaceae,Coussarea flava,FALSE,FALSE
Equisetopsida,Fabales,Fabaceae,Abarema jupunba,FALSE,FALSE
Insecta,Lepidoptera,Riodinidae,Emesis spreta,FALSE,FALSE
Equisetopsida,Gentianales,Rubiaceae,Emmeorhiza umbellata,FALSE,FALSE
Equisetopsida,Fabales,Fabaceae,Abarema floribunda,FALSE,FALSE
Equisetopsida,Alismatales,Araceae,Philodendron oxapampense,FALSE,FALSE
Equisetopsida,Ericales,Lecythidaceae,Couroupita guianensis,FALSE,FALSE
Aves,Passeriformes,Tyrannidae,Empidonax alnorum,FALSE,FALSE
Aves,Passeriformes,Tyrannidae,Empidonomus aurantioatrocristatus,FALSE,FALSE
Equisetopsida,Alismatales,Araceae,Philodendron maximum,FALSE,FALSE
Aves,Passeriformes,Tyrannidae,Empidonomus varius,FALSE,FALSE
Equisetopsida,Alismatales,Araceae,Philodendron kroemeri,FALSE,FALSE
Equisetopsida,Polypodiales,Pteridaceae,Polytaenium cajenense,FALSE,FALSE
Equisetopsida,Malpighiales,Chrysobalanaceae,Couepia obovata,FALSE,FALSE
Equisetopsida,Laurales,Lauraceae,Endlicheria arunciflora,FALSE,FALSE
Equisetopsida,Laurales,Lauraceae,Endlicheria bracteata,FALSE,FALSE
Equisetopsida,Laurales,Lauraceae,Endlicheria directonervia,FALSE,FALSE
Equisetopsida,Laurales,Lauraceae,Endlicheria dysodantha,FALSE,FALSE
Equisetopsida,Laurales,Lauraceae,Endlicheria formosa,FALSE,FALSE
Equisetopsida,Alismatales,Araceae,Philodendron heterophyllum,FALSE,FALSE
Equisetopsida,Laurales,Lauraceae,Endlicheria gracilis,FALSE,FALSE
Equisetopsida,Asparagales,Orchidaceae,Ponthieva collantesii,FALSE,FALSE
Equisetopsida,Zingiberales,Costaceae,Costus scaber,FALSE,FALSE
Equisetopsida,Zingiberales,Costaceae,Costus productus,FALSE,FALSE
Equisetopsida,Laurales,Lauraceae,Endlicheria pyriformis,FALSE,FALSE
Equisetopsida,Laurales,Lauraceae,Endlicheria rubriflora,FALSE,FALSE
Equisetopsida,Zingiberales,Costaceae,Costus lasius,FALSE,FALSE
Equisetopsida,Laurales,Lauraceae,Endlicheria ruforamula,FALSE,FALSE
Equisetopsida,Laurales,Lauraceae,Endlicheria tschudyana,FALSE,FALSE
Equisetopsida,Alismatales,Araceae,Philodendron ernestii,FALSE,FALSE
Aves,Passeriformes,Tyrannidae,Corythopis torquatus,FALSE,FALSE
Equisetopsida,Alismatales,Araceae,Philodendron deflexum,FALSE,FALSE
Insecta,Lepidoptera,Hesperiidae,Enosis pruinosa pruinosa,FALSE,FALSE
Equisetopsida,Fabales,Fabaceae,Enterolobium schomburgkii,FALSE,FALSE
Equisetopsida,Myrtales,Melastomataceae,Miconia matthaei,FALSE,FALSE
Aves,Passeriformes,Turdidae,Entomodestes leucotis,FALSE,FALSE
Equisetopsida,Gentianales,Rubiaceae,Posoqueria coriacea,FALSE,FALSE
Equisetopsida,Gentianales,Rubiaceae,Posoqueria latifolia,FALSE,FALSE
Equisetopsida,Boraginales,Boraginaceae,Cordia ucayaliensis,FALSE,FALSE
Insecta,Lepidoptera,Nymphalidae,Philaethria dido,FALSE,FALSE
Insecta,Lepidoptera,Nymphalidae,Philaethria diatonica,FALSE,FALSE
Equisetopsida,Gentianales,Gentianaceae,Potalia resinifera,FALSE,FALSE
Insecta,Lepidoptera,Hesperiidae,Potamanaxas thestia paralus,FALSE,FALSE
Aves,Passeriformes,Troglodytidae,Pheugopedius coraya,FALSE,FALSE
Equisetopsida,Boraginales,Boraginaceae,Cordia lomatoloba,FALSE,FALSE
Equisetopsida,Boraginales,Boraginaceae,Cordia hebeclada,FALSE,FALSE
Equisetopsida,Boraginales,Boraginaceae,Cordia bicolor,FALSE,FALSE
Aves,Cathartiformes,Cathartidae,Coragyps atratus,FALSE,FALSE
Equisetopsida,Asparagales,Orchidaceae,Epidendrum fimbriatum,FALSE,FALSE
Aves,Passeriformes,Cardinalidae,Pheucticus chrysogaster,FALSE,FALSE
Insecta,Lepidoptera,Nymphalidae,Corades albomaculata,FALSE,FALSE
Equisetopsida,Rosales,Moraceae,Poulsenia armata,FALSE,FALSE
Equisetopsida,Rosales,Urticaceae,Pourouma bicolor,FALSE,FALSE
Aves,Charadriiformes,Scolopacidae,Actitis macularius,FALSE,FALSE
Equisetopsida,Asparagales,Orchidaceae,Epidendrum janeirense,FALSE,FALSE
Aves,Passeriformes,Tyrannidae,Contopus sordidulus,FALSE,FALSE
Equisetopsida,Rosales,Urticaceae,Pourouma cecropiifolia,FALSE,FALSE
Equisetopsida,Rosales,Urticaceae,Pourouma guianensis,FALSE,FALSE
Aves,Passeriformes,Tyrannidae,Contopus fumigatus,FALSE,FALSE
Aves,Passeriformes,Tyrannidae,Contopus cooperi,FALSE,FALSE
Aves,Passeriformes,Thraupidae,Conothraupis speculigera,FALSE,FALSE
Equisetopsida,Rosales,Urticaceae,Pourouma minor,FALSE,FALSE
Aves,Passeriformes,Conopophagidae,Conopophaga castaneiceps,FALSE,FALSE
Equisetopsida,Rosales,Urticaceae,Pourouma mollis,FALSE,FALSE
Mammalia,Cetartiodactyla,Cervidae,Mazama americana,FALSE,FALSE
Aves,Passeriformes,Tyrannidae,Conopias cinchoneti,FALSE,FALSE
Equisetopsida,Oxalidales,Connaraceae,Connarus fasciculatus subsp. pachyneurus,FALSE,FALSE
Equisetopsida,Ericales,Sapotaceae,Pouteria aubrevillei,FALSE,FALSE
Aves,Passeriformes,Thraupidae,Conirostrum speciosum,FALSE,FALSE
Equisetopsida,Ericales,Sapotaceae,Pouteria bangii,FALSE,FALSE
Equisetopsida,Ericales,Sapotaceae,Pouteria caimito,FALSE,FALSE
Equisetopsida,Ericales,Sapotaceae,Pouteria cladantha,FALSE,FALSE
Equisetopsida,Ericales,Sapotaceae,Pouteria cuspidata,FALSE,FALSE
Equisetopsida,Ericales,Sapotaceae,Pouteria durlandii,FALSE,FALSE
Aves,Passeriformes,Thraupidae,Conirostrum albifrons,FALSE,FALSE
Equisetopsida,Ericales,Sapotaceae,Pouteria guianensis,FALSE,FALSE
Equisetopsida,Gentianales,Rubiaceae,Condaminea elegans,FALSE,FALSE
Equisetopsida,Malpighiales,Euphorbiaceae,Conceveiba terminalis,FALSE,FALSE
Equisetopsida,Ericales,Sapotaceae,Pouteria macrophylla,FALSE,FALSE
Equisetopsida,Malpighiales,Euphorbiaceae,Conceveiba rhytidocarpa,FALSE,FALSE
Aves,Trogoniformes,Trogonidae,Pharomachrus auriceps,FALSE,FALSE
Equisetopsida,Ericales,Sapotaceae,Pouteria reticulata,FALSE,FALSE
Aves,Trogoniformes,Trogonidae,Pharomachrus antisianus,FALSE,FALSE
Equisetopsida,Ericales,Sapotaceae,Pouteria torta,FALSE,FALSE
Equisetopsida,Ericales,Sapotaceae,Pouteria trilocularis,FALSE,FALSE
Equisetopsida,Ericales,Sapotaceae,Pouteria vernicosa,FALSE,FALSE
Insecta,Lepidoptera,Nymphalidae,Praepronophila emma,FALSE,FALSE
Insecta,Lepidoptera,Hesperiidae,Phareas coeleste,FALSE,FALSE
Equisetopsida,Lamiales,Gesneriaceae,Columnea ericae,FALSE,FALSE
Aves,Passeriformes,Furnariidae,Premnoplex brunnescens,FALSE,FALSE
Aves,Passeriformes,Thamnophilidae,Epinecrophylla erythrura,FALSE,FALSE
Aves,Passeriformes,Furnariidae,Premnornis guttuliger,FALSE,FALSE
Aves,Columbiformes,Columbidae,Columbina talpacoti,FALSE,FALSE
Aves,Columbiformes,Columbidae,Columbina picui,FALSE,FALSE
Insecta,Lepidoptera,Nymphalidae,Preopona pheridamas,FALSE,FALSE
Aves,Passeriformes,Thamnophilidae,Epinecrophylla spodionota,FALSE,FALSE
Insecta,Lepidoptera,Nymphalidae,Prepona laertes demodice,FALSE,FALSE
Equisetopsida,Asparagales,Orchidaceae,Prescottia stachyodes,FALSE,FALSE
Insecta,Lepidoptera,Nymphalidae,Epiphile orea negrina,FALSE,FALSE
Equisetopsida,Brassicales,Capparaceae,Preslianthus pittieri,FALSE,FALSE
Equisetopsida,Rosales,Rhamnaceae,Colubrina glandulosa,FALSE,FALSE
Aves,Passeriformes,Tyrannidae,Colonia colonus,FALSE,FALSE
Aves,Psittaciformes,Psittacidae,Primolius couloni,FALSE,TRUE
Insecta,Lepidoptera,Nymphalidae,Colobura dirce dirce,FALSE,FALSE
Aves,Apodiformes,Trochilidae,Colibri delphinae,FALSE,FALSE
Aves,Apodiformes,Trochilidae,Colibri cyanotus,FALSE,FALSE
Aves,Apodiformes,Trochilidae,Phaethornis stuarti,FALSE,FALSE
Insecta,Lepidoptera,Nymphalidae,Eresia datis phaedima,FALSE,FALSE
Insecta,Lepidoptera,Nymphalidae,Eresia eunice eunice,FALSE,FALSE
Insecta,Lepidoptera,Nymphalidae,Eresia nauplius plagiata,FALSE,FALSE
Insecta,Lepidoptera,Nymphalidae,Eretris calisto subpunctata,FALSE,FALSE
Insecta,Lepidoptera,Nymphalidae,Erichthodes antonina,FALSE,FALSE
Insecta,Lepidoptera,Nymphalidae,Erichthodes jovita julia,FALSE,FALSE
Aves,Apodiformes,Trochilidae,Colibri coruscans,FALSE,FALSE
Aves,Apodiformes,Trochilidae,Phaethornis malaris,FALSE,FALSE
Aves,Apodiformes,Trochilidae,Phaethornis longirostris,FALSE,FALSE
Aves,Apodiformes,Trochilidae,Phaethornis koepckeae,TRUE,FALSE
Equisetopsida,Asparagales,Orchidaceae,Eriopsis biloba,FALSE,FALSE
Equisetopsida,Polypodiales,Pteridaceae,Eriosorus accrescens,FALSE,FALSE
Aves,Piciformes,Picidae,Colaptes rubiginosus,FALSE,FALSE
Aves,Apodiformes,Trochilidae,Phaethornis hispidus,FALSE,FALSE
Aves,Apodiformes,Trochilidae,Phaethornis guy,FALSE,FALSE
Equisetopsida,Sapindales,Rutaceae,Ertela trifolia,FALSE,FALSE
Insecta,Lepidoptera,Nymphalidae,Eryphanis automedon tristis,FALSE,FALSE
Aves,Passeriformes,Thraupidae,Coereba flaveola,FALSE,FALSE
Aves,Passeriformes,Tyrannidae,Phaeomyias murina,FALSE,FALSE
Mammalia,Rodentia,Erethizontidae,Coendou bicolor,FALSE,FALSE
Equisetopsida,Fabales,Fabaceae,Erythrina poeppigiana,FALSE,FALSE
Aves,Apodiformes,Trochilidae,Coeligena coeligena,FALSE,FALSE
Equisetopsida,Laurales,Lauraceae,Persea weberbaueri,FALSE,FALSE
Equisetopsida,Lamiales,Verbenaceae,Priva lappulacea,FALSE,FALSE
Equisetopsida,Lamiales,Gesneriaceae,Codonanthe uleana,FALSE,FALSE
Equisetopsida,Malpighiales,Erythroxylaceae,Erythroxylum citrifolium,FALSE,FALSE
Equisetopsida,Polypodiales,Polypodiaceae,Cochlidium serrulatum,FALSE,FALSE
Equisetopsida,Polypodiales,Polypodiaceae,Cochlidium pumilum,FALSE,FALSE
Equisetopsida,Malpighiales,Erythroxylaceae,Erythroxylum coca var. ipadu,FALSE,FALSE
Equisetopsida,Laurales,Lauraceae,Persea peruviana,FALSE,FALSE
Equisetopsida,Malpighiales,Erythroxylaceae,Erythroxylum macrophyllum,FALSE,FALSE
Equisetopsida,Malpighiales,Erythroxylaceae,Erythroxylum mucronatum,FALSE,FALSE
Aves,Cuculiformes,Cuculidae,Coccyzus melacoryphus,FALSE,FALSE
Equisetopsida,Malpighiales,Erythroxylaceae,Erythroxylum ulei,FALSE,FALSE
Equisetopsida,Laurales,Lauraceae,Persea cuneata,FALSE,FALSE
Equisetopsida,Laurales,Lauraceae,Persea areolatocostae,FALSE,FALSE
Equisetopsida,Caryophyllales,Polygonaceae,Coccoloba mollis,FALSE,FALSE
Equisetopsida,Ericales,Lecythidaceae,Eschweilera albiflora,FALSE,FALSE
Insecta,Lepidoptera,Pieridae,Perrhybris pamela mazuka,FALSE,FALSE
Insecta,Lepidoptera,Pieridae,Perrhybris lorena,FALSE,FALSE
Equisetopsida,Ericales,Lecythidaceae,Eschweilera coriacea,FALSE,FALSE
Equisetopsida,Ericales,Lecythidaceae,Eschweilera gigantea,FALSE,FALSE
Equisetopsida,Ericales,Lecythidaceae,Eschweilera juruensis,FALSE,FALSE
Equisetopsida,Myrtales,Melastomataceae,Miconia koepckeana,TRUE,FALSE
Equisetopsida,Ericales,Lecythidaceae,Eschweilera tessmannii,FALSE,FALSE
Equisetopsida,Sapindales,Rutaceae,Esenbeckia amazonica,FALSE,FALSE
Equisetopsida,Celastrales,Celastraceae,Peritassa huanucana,FALSE,FALSE
Equisetopsida,Santalales,Loranthaceae,Peristethium grahamii,FALSE,FALSE
Equisetopsida,Malpighiales,Ochnaceae,Perissocarpa ondox,TRUE,FALSE
Aves,Piciformes,Capitonidae,Eubucco richardsoni,FALSE,FALSE
Aves,Passeriformes,Hirundinidae,Progne chalybea,FALSE,FALSE
Aves,Piciformes,Capitonidae,Eubucco versicolor,FALSE,FALSE
Insecta,Lepidoptera,Pieridae,Pereute charops peruviana,FALSE,FALSE
Aves,Passeriformes,Thamnophilidae,Euchrepomis callinota,FALSE,FALSE
Equisetopsida,Rosales,Moraceae,Perebea guianensis,FALSE,FALSE
Insecta,Lepidoptera,Nymphalidae,Eueides aliphera aliphera,FALSE,FALSE
Insecta,Lepidoptera,Nymphalidae,Eueides libya libya,FALSE,FALSE
Insecta,Lepidoptera,Nymphalidae,Eueides vibilia unifasciata,FALSE,FALSE
Equisetopsida,Rosales,Moraceae,Perebea angustifolia,FALSE,FALSE
Equisetopsida,Malpighiales,Peraceae,Pera bicolor,FALSE,FALSE
Equisetopsida,Myrtales,Melastomataceae,Miconia hospitalis,TRUE,FALSE
Equisetopsida,Asterales,Asteraceae,Acmella oleracea,FALSE,FALSE
Equisetopsida,Piperales,Aristolochiaceae,Prosopanche americana,FALSE,FALSE
Equisetopsida,Cyatheales,Cyatheaceae,Clusia ducuoides,FALSE,FALSE
Equisetopsida,Malpighiales,Clusiaceae,Clusia alata,FALSE,FALSE
Equisetopsida,Myrtales,Myrtaceae,Eugenia egensis,FALSE,FALSE
Equisetopsida,Myrtales,Myrtaceae,Eugenia feijoi,FALSE,FALSE
Equisetopsida,Piperales,Piperaceae,Peperomia urocarpa,FALSE,FALSE
Equisetopsida,Myrtales,Myrtaceae,Eugenia florida,FALSE,FALSE
Equisetopsida,Polypodiales,Pteridaceae,Adiantum obliquum,FALSE,FALSE
Equisetopsida,Myrtales,Myrtaceae,Eugenia lambertiana,FALSE,FALSE
Equisetopsida,Asparagales,Orchidaceae,Prosthechea vespa,FALSE,FALSE
Insecta,Lepidoptera,Hesperiidae,Proteides mercurius mercurius,FALSE,FALSE
Equisetopsida,Myrtales,Myrtaceae,Eugenia muricata,FALSE,FALSE
Equisetopsida,Sapindales,Burseraceae,Protium altissimum,FALSE,FALSE
Equisetopsida,Sapindales,Burseraceae,Protium altsonii,FALSE,FALSE
Equisetopsida,Piperales,Piperaceae,Peperomia striata,FALSE,FALSE
Insecta,Lepidoptera,Nymphalidae,Mechanitis lysimnia roqueensis,FALSE,FALSE
Aves,Passeriformes,Furnariidae,Clibanornis rubiginosus,FALSE,FALSE
Equisetopsida,Myrtales,Myrtaceae,Eugenia polystachya,FALSE,FALSE
Equisetopsida,Asterales,Asteraceae,Clibadium peruvianum,FALSE,FALSE
Equisetopsida,Piperales,Piperaceae,Peperomia serpens,FALSE,FALSE
Insecta,Lepidoptera,Nymphalidae,Mechanitis mazaeus mazaeus,FALSE,FALSE
Equisetopsida,Piperales,Piperaceae,Peperomia rotundifolia,FALSE,FALSE
Equisetopsida,Sapindales,Burseraceae,Protium amazonicum,FALSE,FALSE
Equisetopsida,Ericales,Clethraceae,Clethra castaneifolia,FALSE,FALSE
Equisetopsida,Piperales,Piperaceae,Peperomia rhombea,FALSE,FALSE
Equisetopsida,Sapindales,Burseraceae,Protium aracouchini,FALSE,FALSE
Equisetopsida,Sapindales,Burseraceae,Protium carnosum,FALSE,FALSE
Equisetopsida,Sapindales,Burseraceae,Protium divaricatum,FALSE,FALSE
Equisetopsida,Gentianales,Rubiaceae,Eumachia cephalantha,FALSE,FALSE
Equisetopsida,Sapindales,Burseraceae,Protium divaricatum subsp. divaricatum,FALSE,FALSE
Equisetopsida,Gentianales,Rubiaceae,Eumachia huallagae,FALSE,FALSE
Equisetopsida,Piperales,Piperaceae,Peperomia macrostachyos,FALSE,FALSE
Equisetopsida,Myrtales,Melastomataceae,Miconia gonoptera,FALSE,FALSE
Aves,Passeriformes,Fringillidae,Spinus olivaceus,FALSE,FALSE
Equisetopsida,Ericales,Primulaceae,Clavija venosa,FALSE,FALSE
Equisetopsida,Ericales,Primulaceae,Clavija tarapotana,FALSE,FALSE
Insecta,Lepidoptera,Nymphalidae,Eunica acelina alycia,FALSE,FALSE
Insecta,Lepidoptera,Nymphalidae,Eunica alcmena flora,FALSE,FALSE
Insecta,Lepidoptera,Nymphalidae,Eunica bechina bechina,FALSE,FALSE
Equisetopsida,Ericales,Primulaceae,Clavija elliptica,FALSE,FALSE
Insecta,Lepidoptera,Nymphalidae,Eunica clytia,FALSE,FALSE
Insecta,Lepidoptera,Nymphalidae,Eunica concordia,FALSE,FALSE
Insecta,Lepidoptera,Nymphalidae,Eunica eurota eurota,FALSE,FALSE
Insecta,Lepidoptera,Nymphalidae,Eunica evelide elegans,FALSE,FALSE
Equisetopsida,Rosales,Moraceae,Clarisia racemosa,FALSE,FALSE
Insecta,Lepidoptera,Nymphalidae,Eunica mygdonia mygdonia,FALSE,FALSE
Insecta,Lepidoptera,Nymphalidae,Eunica orphise,FALSE,FALSE
Equisetopsida,Piperales,Piperaceae,Peperomia huantana,FALSE,FALSE
Insecta,Lepidoptera,Nymphalidae,Eunica phasis,FALSE,FALSE
Insecta,Lepidoptera,Nymphalidae,Eunica sophonisba agele,FALSE,FALSE
Insecta,Lepidoptera,Nymphalidae,Eunica sydonia sydonia,FALSE,FALSE
Equisetopsida,Rosales,Moraceae,Clarisia biflora,FALSE,FALSE
Aves,Columbiformes,Columbidae,Claravis pretiosa,FALSE,FALSE
Equisetopsida,Sapindales,Burseraceae,Protium nodulosum,FALSE,FALSE
Aves,Passeriformes,Fringillidae,Euphonia chrysopasta,FALSE,FALSE
Equisetopsida,Aquifoliales,Cardiopteridaceae,Citronella melliodora,FALSE,FALSE
Equisetopsida,Sapindales,Burseraceae,Protium opacum,FALSE,FALSE
Aves,Passeriformes,Fringillidae,Euphonia laniirostris,FALSE,FALSE
Aves,Passeriformes,Fringillidae,Euphonia mesochrysa,FALSE,FALSE
Aves,Passeriformes,Fringillidae,Euphonia minuta,FALSE,FALSE
Insecta,Lepidoptera,Nymphalidae,Cithaerias pyropina pyropina,FALSE,FALSE
Insecta,Lepidoptera,Nymphalidae,Cithaerias pireta aurora,FALSE,FALSE
Aves,Passeriformes,Fringillidae,Euphonia rufiventris,FALSE,FALSE
Equisetopsida,Sapindales,Burseraceae,Protium robustum,FALSE,FALSE
Aves,Passeriformes,Fringillidae,Euphonia xanthogaster,FALSE,FALSE
Equisetopsida,Vitales,Vitaceae,Cissus verticillata,FALSE,FALSE
Equisetopsida,Vitales,Vitaceae,Cissus ursina,FALSE,FALSE
Equisetopsida,Vitales,Vitaceae,Cissus ulmifolia,FALSE,FALSE
Equisetopsida,Piperales,Piperaceae,Peperomia alata,FALSE,FALSE
Equisetopsida,Sapindales,Burseraceae,Protium stevensonii,FALSE,FALSE
Equisetopsida,Vitales,Vitaceae,Cissus peruviana,FALSE,FALSE
Equisetopsida,Santalales,Olacaceae,Minquartia guianensis,FALSE,FALSE
Equisetopsida,Gentianales,Rubiaceae,Pentagonia amazonica,FALSE,FALSE
Aves,Passeriformes,Thraupidae,Cissopis leverianus,FALSE,FALSE
Insecta,Lepidoptera,Nymphalidae,Euptychia westwoodi,FALSE,FALSE
Insecta,Lepidoptera,Nymphalidae,Cisandina fida directa,FALSE,FALSE
Insecta,Lepidoptera,Pieridae,Eurema albula espinosae,FALSE,FALSE
Insecta,Lepidoptera,Pieridae,Eurema xantochlora pomponia,FALSE,FALSE
Insecta,Lepidoptera,Riodinidae,Eurybia halimede halimede,FALSE,FALSE
Equisetopsida,Ericales,Ericaceae,Psammisia globosa,FALSE,FALSE
Insecta,Lepidoptera,Riodinidae,Eurybia nicaea nicaea,FALSE,FALSE
Aves,Galliformes,Cracidae,Penelope jacquacu,FALSE,FALSE
Equisetopsida,Myrtales,Melastomataceae,Miconia galactantha,FALSE,FALSE
Aves,Passeriformes,Icteridae,Psarocolius angustifrons,FALSE,FALSE
Insecta,Lepidoptera,Papilionidae,Eurytides serville serville,FALSE,FALSE
Equisetopsida,Gentianales,Rubiaceae,Cinchonopsis amazonica,FALSE,FALSE
Aves,Passeriformes,Icteridae,Psarocolius decumanus,FALSE,FALSE
Equisetopsida,Gentianales,Rubiaceae,Cinchona micrantha,TRUE,FALSE
Equisetopsida,Gentianales,Rubiaceae,Cinchona hirsuta,FALSE,FALSE
Aves,Passeriformes,Turdidae,Cichlopsis leucogenys,FALSE,FALSE
Insecta,Lepidoptera,Riodinidae,Euselasia uzita,FALSE,FALSE
Equisetopsida,Arecales,Arecaceae,Euterpe catinga,FALSE,FALSE
Equisetopsida,Arecales,Arecaceae,Euterpe catinga var. catinga,FALSE,TRUE
Equisetopsida,Arecales,Arecaceae,Euterpe catinga var. Roraimae,FALSE,FALSE
Aves,Strigiformes,Strigidae,Ciccaba huhula,FALSE,FALSE
Aves,Accipitriformes,Accipitridae,Pseudastur albicollis,FALSE,FALSE
Aves,Strigiformes,Strigidae,Ciccaba albitarsis,FALSE,FALSE
Equisetopsida,Arecales,Arecaceae,Euterpe precatoria,FALSE,FALSE
Equisetopsida,Arecales,Arecaceae,Euterpe precatoria var. Precatoria,FALSE,FALSE
Aves,Apodiformes,Trochilidae,Chrysuronia oenone,FALSE,FALSE
Aves,Passeriformes,Furnariidae,Pseudocolaptes boissonneautii,FALSE,FALSE
Aves,Apodiformes,Trochilidae,Eutoxeres condamini,FALSE,FALSE
Equisetopsida,Malpighiales,Violaceae,Paypayrola longifolia,FALSE,FALSE
Aves,Passeriformes,Tyrannidae,Pseudocolopteryx acutipennis,FALSE,FALSE
Equisetopsida,Malpighiales,Violaceae,Paypayrola grandiflora,FALSE,FALSE
Equisetopsida,Ericales,Sapotaceae,Chrysophyllum venezuelanense,FALSE,FALSE
Equisetopsida,Ericales,Sapotaceae,Chrysophyllum sanguinolentum,FALSE,FALSE
Equisetopsida,Pandanales,Cyclanthaceae,Evodianthus funifer,FALSE,FALSE
Equisetopsida,Ericales,Sapotaceae,Chrysophyllum amazonicum,FALSE,FALSE
Aves,Galliformes,Cracidae,Pauxi koepckeae,TRUE,TRUE
Insecta,Lepidoptera,Nymphalidae,Paulogramma pyracmon peristera,FALSE,FALSE
Equisetopsida,Sapindales,Sapindaceae,Paullinia selenoptera,FALSE,FALSE
Equisetopsida,Rosales,Moraceae,Pseudolmedia laevigata,FALSE,FALSE
Equisetopsida,Sapindales,Sapindaceae,Paullinia pterophylla,FALSE,FALSE
Equisetopsida,Sapindales,Sapindaceae,Paullinia ingifolia,FALSE,FALSE
Equisetopsida,Rosales,Moraceae,Pseudolmedia laevis,FALSE,FALSE
Aves,Falconiformes,Falconidae,Falco rufigularis,FALSE,FALSE
Equisetopsida,Rosales,Moraceae,Pseudolmedia macrophylla,FALSE,FALSE
Equisetopsida,Polypodiales,Thelypteridaceae,Christella dentata,FALSE,FALSE
Aves,Caprimulgiformes,Caprimulgidae,Chordeiles rupestris,FALSE,FALSE
Aves,Passeriformes,Tyrannidae,Mecocerculus poecilocercus,FALSE,FALSE
Aves,Passeriformes,Pipridae,Pseudopipra pipra,FALSE,FALSE
Equisetopsida,Gentianales,Rubiaceae,Faramea anisocalyx,FALSE,FALSE
Equisetopsida,Myrtales,Melastomataceae,Aciotis rubricaulis,FALSE,FALSE
Equisetopsida,Gentianales,Rubiaceae,Faramea bangii,FALSE,FALSE
Aves,Columbiformes,Columbidae,Patagioenas subvinacea,FALSE,FALSE
Equisetopsida,Myrtales,Melastomataceae,Aciotis purpurascens,FALSE,FALSE
Equisetopsida,Fabales,Fabaceae,Pseudopiptadenia suaveolens,FALSE,FALSE
Equisetopsida,Gentianales,Rubiaceae,Faramea cuencana,FALSE,FALSE
Equisetopsida,Gentianales,Rubiaceae,Faramea flavicans,FALSE,FALSE
Equisetopsida,Gentianales,Rubiaceae,Faramea glandulosa,FALSE,FALSE
Equisetopsida,Gentianales,Rubiaceae,Chomelia paniculata,FALSE,FALSE
Equisetopsida,Zingiberales,Marantaceae,Monotagma laxum,FALSE,FALSE
Equisetopsida,Gentianales,Rubiaceae,Faramea multiflora,FALSE,FALSE
Equisetopsida,Gentianales,Rubiaceae,Faramea phyllonomoides,FALSE,FALSE
Aves,Columbiformes,Columbidae,Patagioenas speciosa,FALSE,FALSE
Equisetopsida,Gentianales,Rubiaceae,Faramea quinqueflora,FALSE,FALSE
Equisetopsida,Polypodiales,Pteridaceae,Adiantum raddianum,FALSE,FALSE
Equisetopsida,Myrtales,Melastomataceae,Miconia expansa,FALSE,FALSE
Aves,Passeriformes,Cardinalidae,Chlorothraupis carmioli,FALSE,FALSE
Aves,Apodiformes,Trochilidae,Chlorostilbon mellisugus,FALSE,FALSE
Aves,Passeriformes,Passerellidae,Chlorospingus flavopectus,FALSE,FALSE
Aves,Passeriformes,Passerellidae,Chlorospingus flavigularis,FALSE,FALSE
Aves,Columbiformes,Columbidae,Patagioenas plumbea,FALSE,FALSE
Aves,Passeriformes,Pipridae,Chloropipo unicolor,FALSE,FALSE
Aves,Passeriformes,Tyrannidae,Pseudotriccus pelzelni,FALSE,FALSE
Aves,Columbiformes,Columbidae,Patagioenas fasciata,FALSE,FALSE
Aves,Passeriformes,Fringillidae,Chlorophonia cyanea,FALSE,FALSE
Aves,Passeriformes,Thraupidae,Chlorophanes spiza,FALSE,FALSE
Aves,Passeriformes,Thraupidae,Chlorochrysa calliparaea,FALSE,FALSE
Aves,Coraciiformes,Alcedinidae,Chloroceryle inda,FALSE,FALSE
Aves,Coraciiformes,Alcedinidae,Chloroceryle americana,FALSE,FALSE
Aves,Columbiformes,Columbidae,Patagioenas cayennensis,FALSE,FALSE
Equisetopsida,Rosales,Moraceae,Ficus americana,FALSE,FALSE
Aves,Coraciiformes,Alcedinidae,Chloroceryle amazona,FALSE,FALSE
Aves,Coraciiformes,Alcedinidae,Chloroceryle aenea,FALSE,FALSE
Aves,Psittaciformes,Psittacidae,Psittacara leucophthalmus,FALSE,FALSE
Equisetopsida,Rosales,Moraceae,Ficus cuatrecasana,FALSE,FALSE
Aves,Apodiformes,Trochilidae,Chlorestes notata,FALSE,FALSE
Equisetopsida,Rosales,Moraceae,Ficus guianensis,FALSE,FALSE
Equisetopsida,Gentianales,Rubiaceae,Psychotria caerulea,FALSE,FALSE
Equisetopsida,Zingiberales,Marantaceae,Monotagma juruanum,FALSE,FALSE
Equisetopsida,Gentianales,Rubiaceae,Psychotria carthagenensis,FALSE,FALSE
Equisetopsida,Rosales,Moraceae,Ficus nymphaeifolia,FALSE,FALSE
Equisetopsida,Gentianales,Rubiaceae,Psychotria dudleyi,TRUE,FALSE
Equisetopsida,Rosales,Moraceae,Ficus paraensis,FALSE,FALSE
Aves,Apodiformes,Trochilidae,Chionomesa lactea,FALSE,FALSE
Equisetopsida,Gentianales,Rubiaceae,Chiococca belizensis,FALSE,FALSE
Equisetopsida,Gentianales,Rubiaceae,Psychotria levis,FALSE,FALSE
Equisetopsida,Gentianales,Rubiaceae,Chimarrhis glabriflora,FALSE,FALSE
Equisetopsida,Malpighiales,Passifloraceae,Passiflora miniata,FALSE,FALSE
Equisetopsida,Gentianales,Rubiaceae,Psychotria lupulina,FALSE,FALSE
Equisetopsida,Malpighiales,Passifloraceae,Passiflora menispermifolia,FALSE,FALSE
Equisetopsida,Rosales,Moraceae,Ficus tonduzii,FALSE,FALSE
Equisetopsida,Gentianales,Rubiaceae,Psychotria oinochrophylla,FALSE,FALSE
Equisetopsida,Rosales,Moraceae,Ficus trigona,FALSE,FALSE
Equisetopsida,Myrtales,Melastomataceae,Miconia elongata,FALSE,FALSE
Equisetopsida,Gentianales,Rubiaceae,Psychotria poeppigiana,FALSE,FALSE
Equisetopsida,Gentianales,Rubiaceae,Psychotria remota,FALSE,FALSE
Aves,Galbuliformes,Bucconidae,Chelidoptera tenebrosa,FALSE,FALSE
Aves,Apodiformes,Trochilidae,Florisuga mellivora,FALSE,FALSE
Equisetopsida,Poales,Bromeliaceae,Aechmea angustifolia,FALSE,FALSE
Equisetopsida,Malpighiales,Passifloraceae,Passiflora auriculata,FALSE,FALSE
Aves,Passeriformes,Formicariidae,Formicarius analis,FALSE,FALSE
Equisetopsida,Celastrales,Celastraceae,Cheiloclinium cognatum,FALSE,FALSE
Equisetopsida,Gentianales,Rubiaceae,Psychotria trichotoma,FALSE,FALSE
Equisetopsida,Santalales,Olacaceae,Chaunochiton kappleri,FALSE,FALSE
Aves,Passeriformes,Thamnophilidae,Formicivora rufa,FALSE,FALSE
Equisetopsida,Gentianales,Rubiaceae,Psychotria trivialis,FALSE,FALSE
Equisetopsida,Malpighiales,Rhizophoraceae,Sterigmapetalum obovatum,FALSE,FALSE
Insecta,Lepidoptera,Nymphalidae,Fountainea eurypyle eurypyle,FALSE,FALSE
Insecta,Lepidoptera,Nymphalidae,Fountainea ryphea ryphea,FALSE,FALSE
Insecta,Lepidoptera,Nymphalidae,Fountainea sossipus,FALSE,FALSE
Equisetopsida,Ericales,Pentaphylacaceae,Freziera alata,FALSE,FALSE
Equisetopsida,Ericales,Pentaphylacaceae,Freziera campanulata,FALSE,FALSE
Aves,Passeriformes,Formicariidae,Chamaeza mollissima,FALSE,FALSE
Equisetopsida,Ericales,Pentaphylacaceae,Freziera karsteniana,FALSE,FALSE
Aves,Passeriformes,Formicariidae,Chamaeza campanisona,FALSE,FALSE
Equisetopsida,Ericales,Pentaphylacaceae,Freziera spathulifolia,FALSE,FALSE
Aves,Galliformes,Cracidae,Chamaepetes goudotii,FALSE,FALSE
Equisetopsida,Myrtales,Melastomataceae,Miconia elaeagnoides,FALSE,FALSE
Equisetopsida,Arecales,Arecaceae,Chamaedorea pinnatifrons,FALSE,FALSE
Equisetopsida,Arecales,Arecaceae,Chamaedorea pauciflora,FALSE,FALSE
Equisetopsida,Asparagales,Orchidaceae,Frondaria caulescens,FALSE,FALSE
Equisetopsida,Poales,Poaceae,Parodiolyra micrantha,FALSE,FALSE
Aves,Piciformes,Ramphastidae,Pteroglossus azara,FALSE,FALSE
Equisetopsida,Poales,Poaceae,Parodiolyra lateralis,FALSE,FALSE
Aves,Piciformes,Ramphastidae,Pteroglossus beauharnaesii,FALSE,FALSE
Aves,Passeriformes,Thraupidae,Chalcothraupis ruficervix,FALSE,FALSE
Aves,Piciformes,Ramphastidae,Pteroglossus castanotis,FALSE,FALSE
Aves,Passeriformes,Thraupidae,Paroaria gularis,FALSE,FALSE
Aves,Apodiformes,Apodidae,Chaetura egregia,FALSE,FALSE
Equisetopsida,Fabales,Fabaceae,Parkia igneiflora,FALSE,FALSE
Aves,Apodiformes,Apodidae,Chaetura cinereiventris,FALSE,FALSE
Aves,Passeriformes,Thraupidae,Parkerthraustes humeralis,FALSE,FALSE
Insecta,Lepidoptera,Riodinidae,Pterographium iasis,FALSE,FALSE
Equisetopsida,Lamiales,Gesneriaceae,Monopyle macrocarpa,FALSE,FALSE
Equisetopsida,Santalales,Loranthaceae,Gaiadendron coronatum,FALSE,FALSE
Equisetopsida,Santalales,Loranthaceae,Gaiadendron punctatum,FALSE,FALSE
Aves,Apodiformes,Apodidae,Chaetura brachyura,FALSE,FALSE
Aves,Galbuliformes,Galbulidae,Galbalcyrhynchus purusianus,FALSE,FALSE
Insecta,Lepidoptera,Papilionidae,Parides sesostris sesostris,FALSE,FALSE
Insecta,Lepidoptera,Papilionidae,Parides phosphorus vavi,FALSE,FALSE
Aves,Galbuliformes,Galbulidae,Galbula cyanescens,FALSE,FALSE
Insecta,Lepidoptera,Nymphalidae,Pteronymia forsteri,FALSE,FALSE
Equisetopsida,Myrtales,Melastomataceae,Chaetogastra longifolia,FALSE,FALSE
Aves,Apodiformes,Trochilidae,Chaetocercus mulsant,FALSE,FALSE
Insecta,Lepidoptera,Papilionidae,Pterourus zagreus zagreus,FALSE,FALSE
Insecta,Lepidoptera,Papilionidae,Parides anchises drucei,FALSE,FALSE
Equisetopsida,Polypodiales,Pteridaceae,Pterozonium brevifrons,FALSE,FALSE
Insecta,Lepidoptera,Papilionidae,Parides aeneas damis,FALSE,FALSE
Equisetopsida,Poales,Poaceae,Pariana bicolor,FALSE,FALSE
Equisetopsida,Solanales,Solanaceae,Cestrum schlechtendalii,FALSE,FALSE
Equisetopsida,Myrtales,Melastomataceae,Miconia dolichorrhyncha,FALSE,FALSE
Equisetopsida,Solanales,Solanaceae,Cestrum microcalyx,FALSE,FALSE
Equisetopsida,Solanales,Solanaceae,Cestrum megalophyllum,FALSE,FALSE
Aves,Strigiformes,Strigidae,Pulsatrix melanota,FALSE,FALSE
Aves,Gruiformes,Rallidae,Pardirallus nigricans,FALSE,FALSE
Aves,Coraciiformes,Alcedinidae,Megaceryle torquata,FALSE,FALSE
Equisetopsida,Malpighiales,Ochnaceae,Cespedesia spathulata,FALSE,FALSE
Aves,Strigiformes,Strigidae,Pulsatrix perspicillata,FALSE,FALSE
Equisetopsida,Arecales,Arecaceae,Ceroxylon vogelianum,FALSE,FALSE
Insecta,Lepidoptera,Nymphalidae,Parataygetis albinotata,FALSE,FALSE
Aves,Gruiformes,Rallidae,Gallinula galeata,FALSE,FALSE
Aves,Passeriformes,Thamnophilidae,Cercomacroides serva,FALSE,FALSE
Equisetopsida,Laurales,Monimiaceae,Mollinedia lanceolata,FALSE,FALSE
Aves,Passeriformes,Thamnophilidae,Cercomacroides nigrescens,FALSE,FALSE
Mammalia,Carnivora,Felidae,Puma concolor,FALSE,FALSE
Equisetopsida,Lamiales,Gesneriaceae,Paradrymonia ciliosa,FALSE,FALSE
Equisetopsida,Poales,Bromeliaceae,Aechmea mertensii,FALSE,FALSE
Aves,Passeriformes,Thamnophilidae,Cercomacra cinerascens,FALSE,FALSE
Equisetopsida,Malpighiales,Clusiaceae,Garcinia madruno,FALSE,FALSE
Aves,Accipitriformes,Accipitridae,Parabuteo leucorrhous,FALSE,FALSE
Mammalia,Carnivora,Felidae,Puma yagouaroundi,FALSE,FALSE
Aves,Passeriformes,Pipridae,Ceratopipra chloromeros,FALSE,FALSE
Equisetopsida,Polypodiales,Blechnaceae,Parablechnum lechleri,FALSE,FALSE
Equisetopsida,Apiales,Araliaceae,Cephalopanax jahnii,FALSE,FALSE
Equisetopsida,Ericales,Primulaceae,Geissanthus ambigua,FALSE,FALSE
Equisetopsida,Myrtales,Melastomataceae,Miconia dispar,FALSE,FALSE
Mammalia,Carnivora,Felidae,Panthera onca,FALSE,FALSE
Equisetopsida,Gentianales,Gentianaceae,Gentiana sirensis,FALSE,FALSE
Aves,Passeriformes,Hirundinidae,Pygochelidon cyanoleuca,FALSE,FALSE
Equisetopsida,Rosales,Cannabaceae,Celtis schippii,FALSE,FALSE
Equisetopsida,Rosales,Cannabaceae,Celtis iguanaea,FALSE,FALSE
Aves,Passeriformes,Thamnophilidae,Pyriglena maura,FALSE,FALSE
Equisetopsida,Gentianales,Rubiaceae,Panopsis polystachya,FALSE,FALSE
Equisetopsida,Arecales,Arecaceae,Geonoma brongniartii,FALSE,FALSE
Equisetopsida,Arecales,Arecaceae,Geonoma deversa,FALSE,FALSE
Equisetopsida,Arecales,Arecaceae,Geonoma macrostachys,FALSE,FALSE
Equisetopsida,Arecales,Arecaceae,Geonoma maxima,FALSE,FALSE
Insecta,Lepidoptera,Nymphalidae,Panacea regina,FALSE,FALSE
Equisetopsida,Arecales,Arecaceae,Geonoma orbignyana,FALSE,FALSE
Insecta,Lepidoptera,Nymphalidae,Panacea prola amazonica,FALSE,FALSE
Equisetopsida,Malvales,Malvaceae,Ceiba samauma,FALSE,FALSE
Aves,Passeriformes,Tyrannidae,Pyrocephalus rubinus,FALSE,FALSE
Equisetopsida,Arecales,Arecaceae,Geonoma stricta,FALSE,FALSE
Equisetopsida,Malvales,Malvaceae,Ceiba pentandra,FALSE,FALSE
Equisetopsida,Malvales,Malvaceae,Ceiba insignis,FALSE,FALSE
Equisetopsida,Arecales,Arecaceae,Geonoma undata,FALSE,FALSE
Equisetopsida,Fabales,Fabaceae,Cedrelinga cateniformis,FALSE,FALSE
Equisetopsida,Gentianales,Rubiaceae,Palicourea tristis,FALSE,FALSE
Equisetopsida,Gentianales,Rubiaceae,Palicourea tinctoria,FALSE,FALSE
Insecta,Lepidoptera,Nymphalidae,Pyrrhogyra edocla lysanias,FALSE,FALSE
Equisetopsida,Sapindales,Meliaceae,Cedrela odorata,FALSE,TRUE
Insecta,Lepidoptera,Nymphalidae,Pyrrhogyra neaerea amphiro,FALSE,FALSE
Insecta,Lepidoptera,Nymphalidae,Pyrrhogyra otolais olivenca,FALSE,FALSE
Equisetopsida,Gentianales,Rubiaceae,Palicourea subtomentosa,FALSE,FALSE
Equisetopsida,Sapindales,Meliaceae,Cedrela angustifolia,FALSE,FALSE
Equisetopsida,Gentianales,Rubiaceae,Palicourea subfusca,FALSE,FALSE
Aves,Passeriformes,Tyrannidae,Pyrrhomyias cinnamomeus,FALSE,FALSE
Equisetopsida,Rosales,Urticaceae,Cecropia sciadophylla,FALSE,FALSE
Equisetopsida,Gentianales,Rubiaceae,Palicourea stipularis,FALSE,FALSE
Insecta,Lepidoptera,Hesperiidae,Pyrrhopyge sergius ganus,FALSE,FALSE
Insecta,Lepidoptera,Hesperiidae,Pyrrhopyge telassa phaeax,FALSE,FALSE
Insecta,Lepidoptera,Hesperiidae,Pyrrhopygopsis socrates orasus,FALSE,FALSE
Equisetopsida,Rosales,Urticaceae,Cecropia membranacea,FALSE,FALSE
Aves,Columbiformes,Columbidae,Geotrygon montana,FALSE,FALSE
Equisetopsida,Gentianales,Rubiaceae,Palicourea schunkei,FALSE,FALSE
Equisetopsida,Gentianales,Rubiaceae,Palicourea reticulata,FALSE,FALSE
Equisetopsida,Rosales,Urticaceae,Cecropia ficifolia,FALSE,FALSE
Equisetopsida,Rosales,Urticaceae,Cecropia engleriana,FALSE,FALSE
Aves,Psittaciformes,Psittacidae,Pyrrhura roseifrons,FALSE,FALSE
Equisetopsida,Rosales,Urticaceae,Cecropia angustifolia,FALSE,FALSE
Equisetopsida,Gentianales,Rubiaceae,Palicourea punicea,FALSE,FALSE
Mammalia,Primates,Cebidae,Cebus (Sapajus) apella,FALSE,FALSE
Equisetopsida,Gentianales,Rubiaceae,Palicourea ponasae,FALSE,FALSE
Equisetopsida,Gentianales,Rubiaceae,Palicourea pebasensis,FALSE,FALSE
Mammalia,Primates,Cebidae,Cebus (Cebus) albifrons,FALSE,FALSE
Equisetopsida,Gentianales,Rubiaceae,Palicourea ottonis,FALSE,FALSE
Equisetopsida,Gentianales,Rubiaceae,Palicourea oleandrella,FALSE,FALSE
Equisetopsida,Gentianales,Rubiaceae,Palicourea obovata,FALSE,FALSE
Equisetopsida,Gentianales,Rubiaceae,Palicourea nigricans,FALSE,FALSE
Equisetopsida,Poales,Bromeliaceae,Aechmea veitchii,FALSE,FALSE
Equisetopsida,Gentianales,Rubiaceae,Palicourea mansoana,FALSE,FALSE
Equisetopsida,Malvales,Malvaceae,Quararibea wittii,FALSE,FALSE
Aves,Passeriformes,Thraupidae,Sporophila plumbea,FALSE,FALSE
Equisetopsida,Malpighiales,Euphorbiaceae,Gitara nicaraguensis,FALSE,FALSE
Equisetopsida,Myrtales,Melastomataceae,Miconia densifolia,FALSE,FALSE
Insecta,Lepidoptera,Nymphalidae,Catonephele salambria,FALSE,FALSE
Insecta,Lepidoptera,Nymphalidae,Catonephele numilia numilia,FALSE,FALSE
Aves,Strigiformes,Strigidae,Glaucidium brasilianum,FALSE,FALSE
Insecta,Lepidoptera,Nymphalidae,Catonephele acontius acontius,FALSE,FALSE
Insecta,Lepidoptera,Nymphalidae,Catoblepia xanthicles orientalis,FALSE,FALSE
Insecta,Lepidoptera,Nymphalidae,Catoblepia soranus,FALSE,FALSE
Insecta,Lepidoptera,Nymphalidae,Catoblepia berecynthia berecynthina,FALSE,FALSE
Aves,Passeriformes,Cotingidae,Querula purpurata,FALSE,FALSE
Equisetopsida,Gentianales,Rubiaceae,Palicourea levis,FALSE,FALSE
Aves,Passeriformes,Turdidae,Catharus ustulatus,FALSE,FALSE
Equisetopsida,Myrtales,Melastomataceae,Miconia demissifolia,FALSE,FALSE
Aves,Strigiformes,Strigidae,Glaucidium parkeri,FALSE,FALSE
Aves,Passeriformes,Turdidae,Catharus maculatus,FALSE,FALSE
Equisetopsida,Malpighiales,Ochnaceae,Quiina florida,FALSE,FALSE
Equisetopsida,Malpighiales,Ochnaceae,Quiina obovata,FALSE,FALSE
Aves,Apodiformes,Trochilidae,Glaucis hirsutus,FALSE,FALSE
Aves,Passeriformes,Turdidae,Catharus fuscater,FALSE,FALSE
Aves,Cathartiformes,Cathartidae,Cathartes melambrotus,FALSE,FALSE
Equisetopsida,Gentianales,Rubiaceae,Palicourea guianensis,FALSE,FALSE
Equisetopsida,Poales,Bromeliaceae,Racinaea parviflora,FALSE,FALSE
Equisetopsida,Poales,Bromeliaceae,Racinaea schumanniana,FALSE,FALSE
Insecta,Lepidoptera,Pieridae,Glutophrissa drusilla drusilla,FALSE,FALSE
Equisetopsida,Malpighiales,Euphorbiaceae,Glycydendron amazonicum,FALSE,FALSE
Aves,Passeriformes,Tyrannidae,Mionectes oleagineus,FALSE,FALSE
Aves,Cathartiformes,Cathartidae,Cathartes aura,FALSE,FALSE
Aves,Passeriformes,Furnariidae,Glyphorynchus spirurus,FALSE,FALSE
Equisetopsida,Gentianales,Rubiaceae,Palicourea grandiflora,FALSE,FALSE
Equisetopsida,Gentianales,Rubiaceae,Palicourea flavifolia,FALSE,FALSE
Insecta,Lepidoptera,Pieridae,Catasticta sisamnus telasco,FALSE,FALSE
Insecta,Lepidoptera,Nymphalidae,Godyris zavaleta huallaga,FALSE,FALSE
Equisetopsida,Asparagales,Orchidaceae,Catasetum stevensonii,FALSE,TRUE
Aves,Piciformes,Ramphastidae,Ramphastos tucanus,FALSE,FALSE
Equisetopsida,Gentianales,Rubiaceae,Palicourea conephoroides,FALSE,FALSE
Equisetopsida,Polypodiales,Thelypteridaceae,Goniopteris jamesonii,FALSE,FALSE
Equisetopsida,Gentianales,Apocynaceae,Gonolobus parviflorus,FALSE,FALSE
Equisetopsida,Rosales,Moraceae,Castilla ulei,FALSE,FALSE
Insecta,Lepidoptera,Nymphalidae,Castilia perilla,FALSE,FALSE
Equisetopsida,Gentianales,Rubiaceae,Palicourea buchtienii,FALSE,FALSE
Insecta,Lepidoptera,Nymphalidae,Castilia angusta,FALSE,FALSE
Equisetopsida,Ericales,Theaceae,Gordonia fruticosa,FALSE,FALSE
Aves,Passeriformes,Thraupidae,Ramphocelus carbo,FALSE,FALSE
Equisetopsida,Gentianales,Rubiaceae,Palicourea bangii,FALSE,FALSE
Equisetopsida,Malvales,Malvaceae,Gossypium barbadense,FALSE,FALSE
Equisetopsida,Malpighiales,Salicaceae,Casearia uleana,FALSE,FALSE
Equisetopsida,Rosales,Rhamnaceae,Gouania lupuloides,FALSE,FALSE
Equisetopsida,Malpighiales,Salicaceae,Casearia prunifolia,FALSE,FALSE
Equisetopsida,Gentianales,Rubiaceae,Palicourea andina,FALSE,FALSE
Equisetopsida,Myrtales,Melastomataceae,Graffenrieda cucullata,FALSE,FALSE
Insecta,Lepidoptera,Hesperiidae,Achlyodes bisurus heros,FALSE,FALSE
Equisetopsida,Myrtales,Melastomataceae,Graffenrieda gracilis,FALSE,FALSE
Equisetopsida,Myrtales,Melastomataceae,Graffenrieda harlingii,FALSE,FALSE
Equisetopsida,Myrtales,Melastomataceae,Graffenrieda limbata,FALSE,FALSE
Equisetopsida,Lycopodiales,Lycopodiaceae,Palhinhaea glaucescens,FALSE,FALSE
Aves,Passeriformes,Grallariidae,Grallaria guatimalensis,FALSE,FALSE
Aves,Passeriformes,Grallariidae,Grallaria haplonota,FALSE,FALSE
Equisetopsida,Celastrales,Caryocaraceae,Caryocar glabrum,FALSE,FALSE
Equisetopsida,Gentianales,Rubiaceae,Pagamea dudleyi,TRUE,FALSE
Aves,Passeriformes,Grallariidae,Grallaricula flavirostris,FALSE,FALSE
Aves,Passeriformes,Vireonidae,Pachysylvia hypoxantha,FALSE,FALSE
Equisetopsida,Pandanales,Cyclanthaceae,Carludovica palmata,FALSE,FALSE
Equisetopsida,Lamiales,Acanthaceae,Pachystachys badiospica,FALSE,FALSE
Aves,Passeriformes,Tityridae,Pachyramphus viridis,FALSE,FALSE
Equisetopsida,Sapindales,Meliaceae,Guarea gomma,FALSE,FALSE
Equisetopsida,Myrtales,Melastomataceae,Miconia cookii,FALSE,FALSE
Aves,Passeriformes,Tityridae,Pachyramphus versicolor,FALSE,FALSE
Equisetopsida,Sapindales,Meliaceae,Guarea guidonia,FALSE,FALSE
Aves,Passeriformes,Parulidae,Cardellina canadensis,FALSE,FALSE
Equisetopsida,Sapindales,Meliaceae,Guarea kunthiana,FALSE,FALSE
Aves,Passeriformes,Tityridae,Pachyramphus polychopterus,FALSE,FALSE
Aves,Strigiformes,Strigidae,Megascops choliba,FALSE,FALSE
Equisetopsida,Sapindales,Meliaceae,Guarea macrophylla,FALSE,FALSE
Equisetopsida,Gentianales,Rubiaceae,Remijia chelomaphylla,FALSE,FALSE
Equisetopsida,Sapindales,Meliaceae,Guarea pterorhachis,FALSE,FALSE
Equisetopsida,Sapindales,Meliaceae,Guarea pubescens,FALSE,FALSE
Equisetopsida,Myrtales,Melastomataceae,Miconia clathrantha,FALSE,FALSE
Equisetopsida,Sapindales,Meliaceae,Guarea silvatica,FALSE,FALSE
Equisetopsida,Solanales,Solanaceae,Capsicum coccineum,FALSE,FALSE
Equisetopsida,Myrtales,Melastomataceae,Miconia ciliata,FALSE,FALSE
Equisetopsida,Brassicales,Capparaceae,Capparidastrum sola,FALSE,FALSE
Aves,Passeriformes,Tityridae,Pachyramphus marginatus,FALSE,FALSE
Aves,Piciformes,Capitonidae,Capito aurovirens,FALSE,FALSE
Aves,Passeriformes,Thraupidae,Sporophila nigricollis,FALSE,FALSE
Equisetopsida,Magnoliales,Annonaceae,Guatteria megalophylla,FALSE,FALSE
Equisetopsida,Zingiberales,Zingiberaceae,Renealmia thyrsoidea,FALSE,FALSE
Equisetopsida,Lamiales,Lamiaceae,Aegiphila triflora,FALSE,FALSE
Equisetopsida,Magnoliales,Annonaceae,Guatteria punctata,FALSE,FALSE
Aves,Passeriformes,Tityridae,Pachyramphus albogriseus,FALSE,FALSE
Aves,Piciformes,Capitonidae,Capito auratus,FALSE,FALSE
Equisetopsida,Magnoliales,Annonaceae,Guatteria scytophylla,FALSE,FALSE
Equisetopsida,Gentianales,Rubiaceae,Retiniphyllum fuchsioides,FALSE,FALSE
Equisetopsida,Magnoliales,Annonaceae,Guatteria terminalis,FALSE,FALSE
Equisetopsida,Magnoliales,Annonaceae,Guatteria ucayalina,FALSE,FALSE
Equisetopsida,Malvales,Malvaceae,Guazuma crinita,FALSE,FALSE
Equisetopsida,Lamiales,Lamiaceae,Aegiphila ulei,FALSE,FALSE
Insecta,Lepidoptera,Pieridae,Rhabdodryas trite trite,FALSE,FALSE
Equisetopsida,Gentianales,Rubiaceae,Guettarda crispiflora,FALSE,FALSE
Equisetopsida,Malvales,Malvaceae,Pachira insignis,FALSE,FALSE
Equisetopsida,Malvales,Malvaceae,Pachira aquatica,FALSE,FALSE
Equisetopsida,Zingiberales,Cannaceae,Canna indica,FALSE,FALSE
Equisetopsida,Cucurbitales,Cucurbitaceae,Gurania capitata,FALSE,FALSE
Aves,Passeriformes,Thamnophilidae,Rhegmatorhina melanosticta,FALSE,FALSE
Equisetopsida,Cucurbitales,Cucurbitaceae,Gurania eriantha,FALSE,FALSE
Equisetopsida,Asterales,Asteraceae,Oyedaea oxylepis,FALSE,FALSE
Equisetopsida,Cucurbitales,Cucurbitaceae,Gurania sinuata,FALSE,FALSE
Aves,Passeriformes,Troglodytidae,Campylorhynchus turdinus,FALSE,FALSE
Insecta,Lepidoptera,Riodinidae,Rhetus periander laonome,FALSE,FALSE
Equisetopsida,Ericales,Lecythidaceae,Gustavia hexapetala,FALSE,FALSE
Equisetopsida,Poales,Bromeliaceae,Guzmania brevispatha,FALSE,FALSE
Equisetopsida,Poales,Bromeliaceae,Guzmania garciaensis,FALSE,FALSE
Aves,Passeriformes,Oxyruncidae,Oxyruncus cristatus,FALSE,FALSE
Aves,Passeriformes,Furnariidae,Campylorhamphus trochilirostris,FALSE,FALSE
Aves,Apodiformes,Trochilidae,Campylopterus largipennis,FALSE,FALSE
Aves,Passeriformes,Cotingidae,Gymnoderus foetidus,FALSE,FALSE
Aves,Strigiformes,Strigidae,Megascops ingens,FALSE,FALSE
Equisetopsida,Polypodiales,Polypodiaceae,Campyloneurum repens,FALSE,FALSE
Aves,Passeriformes,Thraupidae,Sporophila murallae,FALSE,FALSE
Equisetopsida,Polypodiales,Polypodiaceae,Campyloneurum phyllitidis,FALSE,FALSE
Equisetopsida,Myrtales,Melastomataceae,Miconia chrysophylla,FALSE,FALSE
Equisetopsida,Magnoliales,Annonaceae,Oxandra xylopioides,FALSE,FALSE
Equisetopsida,Magnoliales,Annonaceae,Oxandra riedeliana,FALSE,FALSE
Equisetopsida,Polypodiales,Polypodiaceae,Campyloneurum fuscosquamatum,FALSE,FALSE
Equisetopsida,Myrtales,Melastomataceae,Miconia choriophylla,TRUE,FALSE
Equisetopsida,Magnoliales,Annonaceae,Oxandra mediocris,FALSE,FALSE
Equisetopsida,Polypodiales,Polypodiaceae,Campyloneurum aphanophlebium,FALSE,FALSE
Equisetopsida,Polypodiales,Polypodiaceae,Campyloneurum angustifolium,FALSE,FALSE
Equisetopsida,Asparagales,Orchidaceae,Habenaria monorrhiza,FALSE,FALSE
Aves,Passeriformes,Tyrannidae,Camptostoma obsoletum,FALSE,FALSE
Aves,Passeriformes,Cardinalidae,Habia rubica,FALSE,FALSE
Aves,Piciformes,Picidae,Campephilus rubricollis,FALSE,FALSE
Aves,Piciformes,Picidae,Campephilus melanoleucos,FALSE,FALSE
Mammalia,Rodentia,Sciuridae,Hadrosciurus spadiceus,FALSE,FALSE
Equisetopsida,Malpighiales,Ochnaceae,Ouratea wallnoeferiana,TRUE,FALSE
Equisetopsida,Asparagales,Orchidaceae,Otoglossum weberbaueranum,FALSE,FALSE
Aves,Piciformes,Picidae,Campephilus haematogaster,FALSE,FALSE
Insecta,Lepidoptera,Nymphalidae,Haetera piera negra,FALSE,FALSE
Equisetopsida,Magnoliales,Myristicaceae,Otoba parvifolia,FALSE,FALSE
Equisetopsida,Poales,Cyperaceae,Calyptrocarya glomerulata,FALSE,FALSE
Equisetopsida,Poales,Cyperaceae,Calyptrocarya bicolor,FALSE,FALSE
Equisetopsida,Myrtales,Melastomataceae,Miconia carpishana,FALSE,FALSE
Equisetopsida,Magnoliales,Myristicaceae,Otoba glycycarpa,FALSE,FALSE
Equisetopsida,Alismatales,Araceae,Rhodospatha latifolia,FALSE,FALSE
Insecta,Lepidoptera,Nymphalidae,Hamadryas amphinome amphinome,FALSE,FALSE
Insecta,Lepidoptera,Lycaenidae,Calycopis devia,FALSE,FALSE
Equisetopsida,Gentianales,Rubiaceae,Hamelia axillaris,FALSE,FALSE
Equisetopsida,Gentianales,Rubiaceae,Calycophyllum multiflorum,FALSE,FALSE
Equisetopsida,Gentianales,Rubiaceae,Calycophyllum megistocaulum,FALSE,FALSE
Equisetopsida,Lamiales,Bignoniaceae,Handroanthus capitatus,FALSE,FALSE
Aves,Passeriformes,Tyrannidae,Rhynchocyclus fulvipectus,FALSE,FALSE
Equisetopsida,Lamiales,Bignoniaceae,Handroanthus serratifolius,FALSE,TRUE
Equisetopsida,Magnoliales,Myristicaceae,Osteophloeum platyspermum,FALSE,FALSE
Aves,Apodiformes,Trochilidae,Haplophaedia assimilis,FALSE,FALSE
Aves,Apodiformes,Trochilidae,Haplophaedia aureliae,FALSE,FALSE
Equisetopsida,Malpighiales,Calophyllaceae,Calophyllum brasiliense,FALSE,FALSE
Equisetopsida,Alismatales,Araceae,Stenospermation amomifolium,FALSE,FALSE
Aves,Passeriformes,Thraupidae,Haplospiza rustica,FALSE,FALSE
Aves,Accipitriformes,Accipitridae,Harpagus bidentatus,FALSE,FALSE
Aves,Passeriformes,Thraupidae,Calochaetes coccineus,FALSE,FALSE
Insecta,Lepidoptera,Nymphalidae,Callithomia lenea zelie,FALSE,FALSE
Equisetopsida,Myrtales,Melastomataceae,Miconia caquetana,FALSE,FALSE
Insecta,Lepidoptera,Nymphalidae,Callicore texa maimuna,FALSE,FALSE
Insecta,Lepidoptera,Nymphalidae,Callicore pygas cyllene,FALSE,FALSE
Insecta,Lepidoptera,Nymphalidae,Callicore hystaspes zelphanta,FALSE,FALSE
Insecta,Lepidoptera,Nymphalidae,Callicore hesperis,FALSE,FALSE
Equisetopsida,Poales,Cyperaceae,Rhynchospora marisculus,FALSE,FALSE
Equisetopsida,Poales,Cyperaceae,Rhynchospora polyphylla,FALSE,FALSE
Insecta,Lepidoptera,Nymphalidae,Callicore eunomia incarnata,FALSE,FALSE
Insecta,Lepidoptera,Nymphalidae,Callicore cynosura cynosura,FALSE,FALSE
Aves,Strigiformes,Strigidae,Megascops roraimae,FALSE,FALSE
Equisetopsida,Chloranthales,Chloranthaceae,Hedyosmum racemosum,FALSE,FALSE
Aves,Passeriformes,Tyrannidae,Rhytipterna simplex,FALSE,FALSE
Equisetopsida,Fabales,Fabaceae,Calliandra angustifolia,FALSE,FALSE
Insecta,Lepidoptera,Nymphalidae,Caligo teucer phorkys,FALSE,FALSE
Insecta,Lepidoptera,Nymphalidae,Caligopsis seleucida seleucida,FALSE,FALSE
Equisetopsida,Malpighiales,Phyllanthaceae,Richeria grandis,FALSE,FALSE
Aves,Galliformes,Cracidae,Ortalis guttata,FALSE,FALSE
Insecta,Lepidoptera,Nymphalidae,Aeria eurimedia negricola,FALSE,FALSE
Insecta,Lepidoptera,Riodinidae,Monethe albertus albertus,FALSE,FALSE
Equisetopsida,Zingiberales,Heliconiaceae,Heliconia stricta,FALSE,FALSE
Equisetopsida,Gentianales,Rubiaceae,Ronabea emetica,FALSE,FALSE
Equisetopsida,Zingiberales,Heliconiaceae,Heliconia velutina,FALSE,FALSE
Insecta,Lepidoptera,Nymphalidae,Heliconius burneyi jamesi,FALSE,FALSE
Aves,Passeriformes,Tyrannidae,Ornithion inerme,FALSE,FALSE
Insecta,Lepidoptera,Nymphalidae,Heliconius elevatus pseudocupidineus,FALSE,FALSE
Insecta,Lepidoptera,Nymphalidae,Heliconius erato emma,FALSE,FALSE
Insecta,Lepidoptera,Nymphalidae,Heliconius hecale sisyphus,FALSE,FALSE
Equisetopsida,Fabales,Fabaceae,Ormosia schunkei,FALSE,FALSE
Insecta,Lepidoptera,Nymphalidae,Heliconius leucadia,FALSE,FALSE
Insecta,Lepidoptera,Nymphalidae,Heliconius melpomene aglaope,FALSE,FALSE
Insecta,Lepidoptera,Nymphalidae,Heliconius numata arcuella,FALSE,FALSE
Insecta,Lepidoptera,Nymphalidae,Heliconius numata bocoloratus,FALSE,FALSE
Insecta,Lepidoptera,Nymphalidae,Heliconius numata illustris,FALSE,FALSE
Equisetopsida,Gentianales,Rubiaceae,Rosenbergiodendron reflexum,FALSE,FALSE
Insecta,Lepidoptera,Nymphalidae,Heliconius numata lyrcaeus,FALSE,FALSE
Insecta,Lepidoptera,Nymphalidae,Heliconius sara thamar,FALSE,FALSE
Insecta,Lepidoptera,Nymphalidae,Heliconius telesiphe telesiphe,FALSE,FALSE
Equisetopsida,Fabales,Fabaceae,Ormosia macrocalyx,FALSE,FALSE
Equisetopsida,Fabales,Fabaceae,Ormosia larecajana,FALSE,FALSE
Equisetopsida,Fabales,Fabaceae,Ormosia coccinea,FALSE,FALSE
Equisetopsida,Malpighiales,Linaceae,Roucheria columbiana,FALSE,FALSE
Equisetopsida,Malpighiales,Linaceae,Roucheria laxiflora,FALSE,FALSE
Equisetopsida,Rosales,Moraceae,Helicostylis scabra,FALSE,FALSE
Equisetopsida,Rosales,Moraceae,Helicostylis tomentosa,FALSE,FALSE
Equisetopsida,Oxalidales,Connaraceae,Rourea cuspidata,FALSE,FALSE
Equisetopsida,Fabales,Fabaceae,Ormosia amazonica,FALSE,FALSE
Equisetopsida,Rosales,Moraceae,Helicostylis tovarensis,FALSE,FALSE
Equisetopsida,Malvales,Malvaceae,Heliocarpus americanus,FALSE,FALSE
Equisetopsida,Zingiberales,Marantaceae,Calathea lutea,FALSE,FALSE
Aves,Apodiformes,Trochilidae,Heliodoxa aurescens,FALSE,FALSE
Aves,Apodiformes,Trochilidae,Heliodoxa branickii,TRUE,FALSE
Aves,Apodiformes,Trochilidae,Heliodoxa leadbeateri,FALSE,FALSE
Aves,Apodiformes,Trochilidae,Heliodoxa schreibersii,FALSE,FALSE
Equisetopsida,Gentianales,Rubiaceae,Rudgea canephorantha,FALSE,FALSE
Equisetopsida,Gentianales,Rubiaceae,Rudgea ciliata,FALSE,FALSE
Aves,Gruiformes,Heliornithidae,Heliornis fulica,FALSE,FALSE
Aves,Apodiformes,Trochilidae,Heliothryx auritus,FALSE,FALSE
Aves,Anseriformes,Anatidae,Cairina moschata,FALSE,FALSE
Aves,Passeriformes,Thraupidae,Sporophila luctuosa,FALSE,FALSE
Insecta,Lepidoptera,Nymphalidae,Caeruleuptychia zisa,FALSE,FALSE
Equisetopsida,Gentianales,Rubiaceae,Rudgea poeppigii,FALSE,FALSE
Insecta,Lepidoptera,Nymphalidae,Caeruleuptychia chlorimene,FALSE,FALSE
Insecta,Lepidoptera,Nymphalidae,Caeruleuptychia arnaca,FALSE,FALSE
Aves,Passeriformes,Icteridae,Cacicus uropygialis,FALSE,FALSE
Equisetopsida,Asparagales,Orchidaceae,Helonoma peruviana,TRUE,FALSE
Equisetopsida,Gentianales,Rubiaceae,Rudgea tomentosa,FALSE,FALSE
Equisetopsida,Gentianales,Rubiaceae,Rudgea verticillata,FALSE,FALSE
Aves,Passeriformes,Icteridae,Cacicus solitarius,FALSE,FALSE
Aves,Strigiformes,Strigidae,Megascops watsonii,FALSE,FALSE
Aves,Galbuliformes,Bucconidae,Monasa nigrifrons,FALSE,FALSE
Equisetopsida,Myrtales,Melastomataceae,Miconia caerulea,FALSE,FALSE
Insecta,Lepidoptera,Nymphalidae,Opsiphanes quiteria bolivianus,FALSE,FALSE
Insecta,Lepidoptera,Nymphalidae,Opsiphanes invirae cassina,FALSE,FALSE
Aves,Passeriformes,Icteridae,Cacicus cela,FALSE,FALSE
Aves,Passeriformes,Thraupidae,Hemithraupis flavicollis,FALSE,FALSE
Insecta,Lepidoptera,Nymphalidae,Opsiphanes cassiae rubigatus,FALSE,FALSE
Aves,Passeriformes,Thraupidae,Hemithraupis guira,FALSE,FALSE
Equisetopsida,Sapindales,Meliaceae,Cabralea canjerana,FALSE,FALSE
Mammalia,Cingulata,Chlamyphoridae,Cabassous unicinctus,FALSE,FALSE
Aves,Passeriformes,Tyrannidae,Hemitriccus rufigularis,FALSE,FALSE
Equisetopsida,Lamiales,Acanthaceae,Ruellia tarapotana,FALSE,FALSE
Aves,Apodiformes,Apodidae,Aeronautes montivagus,FALSE,FALSE
Aves,Passeriformes,Tyrannidae,Hemitriccus zosterops,FALSE,FALSE
Aves,Passeriformes,Troglodytidae,Henicorhina leucophrys,FALSE,FALSE
Equisetopsida,Malpighiales,Malpighiaceae,Byrsonima poeppigiana,FALSE,FALSE
Equisetopsida,Malpighiales,Malpighiaceae,Byrsonima arthropoda,FALSE,FALSE
Insecta,Lepidoptera,Papilionidae,Heraclides anchisiades anchisiades,FALSE,FALSE
Equisetopsida,Magnoliales,Annonaceae,Ruizodendron ovale,FALSE,FALSE
Insecta,Lepidoptera,Papilionidae,Heraclides isidorus isidorus,FALSE,FALSE
Insecta,Lepidoptera,Papilionidae,Heraclides thoas cinyras,FALSE,FALSE
Insecta,Lepidoptera,Papilionidae,Heraclides torquatus torquatus,FALSE,FALSE
Insecta,Lepidoptera,Nymphalidae,Hermeuptychia atalanta,FALSE,FALSE
Aves,Pelecaniformes,Ardeidae,Butorides striata,FALSE,FALSE
Insecta,Lepidoptera,Nymphalidae,Hermeuptychia hermes,FALSE,FALSE
Aves,Passeriformes,Cotingidae,Rupicola peruvianus,FALSE,FALSE
Aves,Passeriformes,Thamnophilidae,Herpsilochmus frater,FALSE,FALSE
Aves,Passeriformes,Thamnophilidae,Herpsilochmus motacilloides,TRUE,FALSE
Insecta,Lepidoptera,Pieridae,Hesperocharis marchali,FALSE,FALSE
Aves,Accipitriformes,Accipitridae,Buteogallus solitarius,FALSE,FALSE
Aves,Accipitriformes,Accipitridae,Rupornis magnirostris,FALSE,FALSE
Aves,Accipitriformes,Accipitridae,Buteogallus schistaceus,FALSE,FALSE
Equisetopsida,Alismatales,Araceae,Heteropsis flexuosa,FALSE,FALSE
Aves,Accipitriformes,Accipitridae,Buteo brachyurus,FALSE,FALSE
Aves,Accipitriformes,Accipitridae,Buteo albonotatus,FALSE,FALSE
Equisetopsida,Santalales,Loranthaceae,Aetanthus nodosus,FALSE,FALSE
Aves,Accipitriformes,Accipitridae,Accipiter striatus,FALSE,FALSE
Equisetopsida,Malpighiales,Euphorbiaceae,Hevea brasiliensis,FALSE,FALSE
Equisetopsida,Poales,Poaceae,Olyra latifolia,FALSE,FALSE
Equisetopsida,Malpighiales,Euphorbiaceae,Hevea guianensis,FALSE,FALSE
Equisetopsida,Dioscoreales,Burmanniaceae,Burmannia kalbreyeri,FALSE,FALSE
Aves,Passeriformes,Tyrannidae,Mionectes olivaceus,FALSE,FALSE
Insecta,Lepidoptera,Hesperiidae,Aethilla echina echina,FALSE,FALSE
Insecta,Lepidoptera,Nymphalidae,Ollantaya canilla,FALSE,FALSE
Equisetopsida,Malpighiales,Phyllanthaceae,Hieronyma alchorneoides,FALSE,FALSE
Equisetopsida,Malpighiales,Malpighiaceae,Bunchosia armeniaca,FALSE,FALSE
Equisetopsida,Malpighiales,Phyllanthaceae,Hieronyma duquei,FALSE,FALSE
Equisetopsida,Malpighiales,Phyllanthaceae,Hieronyma fendleri,FALSE,FALSE
Equisetopsida,Polypodiales,Saccolomataceae,Saccoloma inaequale,FALSE,FALSE
Equisetopsida,Malpighiales,Phyllanthaceae,Hieronyma oblonga,FALSE,FALSE
Insecta,Lepidoptera,Nymphalidae,Oleria quintina,FALSE,FALSE
Insecta,Lepidoptera,Nymphalidae,Oleria onega perspicua,FALSE,FALSE
Equisetopsida,Gentianales,Rubiaceae,Hillia parasitica,FALSE,FALSE
Insecta,Lepidoptera,Nymphalidae,Oleria gunilla serdolis,FALSE,FALSE
Equisetopsida,Gentianales,Rubiaceae,Hillia pumila,FALSE,FALSE
Aves,Passeriformes,Thraupidae,Sporophila castaneiventris,FALSE,FALSE
Equisetopsida,Alismatales,Araceae,Stenospermation wallisii,FALSE,FALSE
Insecta,Lepidoptera,Nymphalidae,Oleria estella estella,FALSE,FALSE
Insecta,Lepidoptera,Nymphalidae,Oleria enania,FALSE,FALSE
Equisetopsida,Gentianales,Apocynaceae,Himatanthus articulatus,FALSE,FALSE
Equisetopsida,Arecales,Arecaceae,Oenocarpus mapora,FALSE,FALSE
Equisetopsida,Malpighiales,Chrysobalanaceae,Hirtella bicornis,FALSE,FALSE
Equisetopsida,Malpighiales,Chrysobalanaceae,Hirtella elongata,FALSE,FALSE
Equisetopsida,Malpighiales,Chrysobalanaceae,Hirtella excelsa,FALSE,FALSE
Equisetopsida,Arecales,Arecaceae,Oenocarpus bataua,FALSE,FALSE
Aves,Passeriformes,Tyrannidae,Hirundinea ferruginea,FALSE,FALSE
Aves,Passeriformes,Hirundinidae,Hirundo rustica,FALSE,FALSE
Insecta,Lepidoptera,Nymphalidae,Historis acheronta acheronta,FALSE,FALSE
Insecta,Lepidoptera,Nymphalidae,Historis odius dious,FALSE,FALSE
Equisetopsida,Alismatales,Araceae,Stenospermation zeacarpium,FALSE,FALSE
Equisetopsida,Solanales,Solanaceae,Brunfelsia grandiflora,FALSE,FALSE
Equisetopsida,Oxalidales,Brunelliaceae,Brunellia stenoptera,FALSE,FALSE
Equisetopsida,Solanales,Solanaceae,Brugmansia suaveolens,FALSE,FALSE
Aves,Passeriformes,Troglodytidae,Odontorchilus branickii,FALSE,FALSE
Aves,Galliformes,Odontophoridae,Odontophorus stellatus,FALSE,FALSE
Aves,Piciformes,Picidae,Melanerpes cruentatus,FALSE,FALSE
Equisetopsida,Celastrales,Celastraceae,Salacia opacifolia,FALSE,FALSE
Aves,Galliformes,Odontophoridae,Odontophorus speciosus,FALSE,FALSE
Aves,Galliformes,Cracidae,Aburria aburri,FALSE,TRUE
Equisetopsida,Myrtales,Melastomataceae,Miconia brevistylis,FALSE,FALSE
Aves,Galliformes,Odontophoridae,Odontophorus gujanensis,FALSE,FALSE
Insecta,Lepidoptera,Hesperiidae,Saliana saladin saladin,FALSE,FALSE
Equisetopsida,Malvales,Malvaceae,Huberodendron swietenioides,FALSE,FALSE
Aves,Accipitriformes,Accipitridae,Accipiter bicolor,FALSE,FALSE
Equisetopsida,Ranunculales,Menispermaceae,Odontocarya tripetala,FALSE,FALSE
Equisetopsida,Rosales,Moraceae,Brosimum rubescens,FALSE,FALSE
Equisetopsida,Rosales,Moraceae,Brosimum parinarioides,FALSE,FALSE
Equisetopsida,Malpighiales,Euphorbiaceae,Hura crepitans,FALSE,FALSE
Equisetopsida,Rosales,Moraceae,Brosimum lactescens,FALSE,FALSE
Insecta,Lepidoptera,Nymphalidae,Hyalyris coeno,FALSE,FALSE
Equisetopsida,Rosales,Moraceae,Brosimum guianense,FALSE,FALSE
Equisetopsida,Rosales,Moraceae,Brosimum alicastrum,FALSE,FALSE
Equisetopsida,Rosales,Moraceae,Brosimum acutifolium,FALSE,FALSE
Equisetopsida,Asparagales,Orchidaceae,Octomeria scirpoidea,FALSE,FALSE
Equisetopsida,Myrtales,Melastomataceae,Salpinga peruviana,TRUE,FALSE
Equisetopsida,Myrtales,Melastomataceae,Miconia beneolens,FALSE,FALSE
Aves,Apodiformes,Trochilidae,Ocreatus underwoodii,FALSE,FALSE
Equisetopsida,Asparagales,Orchidaceae,Brevilongium scansor,FALSE,FALSE
Insecta,Lepidoptera,Nymphalidae,Brassolis sophorae ardens,FALSE,FALSE
Equisetopsida,Laurales,Lauraceae,Ocotea ovalifolia,FALSE,FALSE
Aves,Caprimulgiformes,Caprimulgidae,Hydropsalis maculicaudus,FALSE,FALSE
Equisetopsida,Laurales,Monimiaceae,Mollinedia ovata,FALSE,FALSE
Aves,Passeriformes,Thraupidae,Saltator coerulescens,FALSE,FALSE
Aves,Passeriformes,Vireonidae,Hylophilus olivaceus,FALSE,FALSE
Aves,Passeriformes,Thraupidae,Saltator grossus,FALSE,FALSE
Aves,Passeriformes,Thamnophilidae,Hylophylax naevius,FALSE,FALSE
Equisetopsida,Laurales,Lauraceae,Ocotea guianensis,FALSE,FALSE
Aves,Passeriformes,Thraupidae,Saltator maximus,FALSE,FALSE
Equisetopsida,Laurales,Lauraceae,Ocotea costulata,FALSE,FALSE
Equisetopsida,Laurales,Lauraceae,Ocotea cernua,FALSE,FALSE
Equisetopsida,Laurales,Lauraceae,Ocotea camphoromoea,FALSE,FALSE
Equisetopsida,Laurales,Lauraceae,Ocotea bofo,FALSE,FALSE
Equisetopsida,Fabales,Fabaceae,Hymenolobium excelsum,FALSE,FALSE
Equisetopsida,Myrtales,Melastomataceae,Miconia barbeyana,FALSE,FALSE
Equisetopsida,Laurales,Lauraceae,Ocotea balanocarpa,FALSE,FALSE
Equisetopsida,Hymenophyllales,Hymenophyllaceae,Hymenophyllum fragile,FALSE,FALSE
Equisetopsida,Hymenophyllales,Hymenophyllaceae,Hymenophyllum hirsutum,FALSE,FALSE
Equisetopsida,Hymenophyllales,Hymenophyllaceae,Hymenophyllum plumieri,FALSE,FALSE
Equisetopsida,Hymenophyllales,Hymenophyllaceae,Hymenophyllum ruizianum,FALSE,FALSE
Equisetopsida,Hymenophyllales,Hymenophyllaceae,Hymenophyllum trichomanoides,FALSE,FALSE
Equisetopsida,Laurales,Lauraceae,Ocotea argyrophylla,FALSE,FALSE
Equisetopsida,Malpighiales,Chrysobalanaceae,Hymenopus heteromorphus,FALSE,FALSE
Equisetopsida,Malpighiales,Chrysobalanaceae,Hymenopus laevigatus,FALSE,FALSE
Equisetopsida,Lamiales,Acanthaceae,Sanchezia oblonga,FALSE,FALSE
Equisetopsida,Gentianales,Loganiaceae,Bonyunia pulchra,FALSE,FALSE
Equisetopsida,Arecales,Arecaceae,Hyospathe elegans,FALSE,FALSE
Equisetopsida,Malpighiales,Bonnetiaceae,Bonnetia paniculata,FALSE,FALSE
Equisetopsida,Lamiales,Acanthaceae,Sanchezia rubriflora,FALSE,FALSE
Equisetopsida,Laurales,Lauraceae,Ocotea aciphylla,FALSE,FALSE
Equisetopsida,Lamiales,Acanthaceae,Sanchezia scandens,FALSE,FALSE
Equisetopsida,Sapindales,Sapindaceae,Sapindus saponaria,FALSE,FALSE
Insecta,Lepidoptera,Nymphalidae,Hypanartia lethe,FALSE,FALSE
Equisetopsida,Malpighiales,Euphorbiaceae,Sapium glandulosum,FALSE,FALSE
Equisetopsida,Myrtales,Melastomataceae,Miconia bangii,FALSE,FALSE
Equisetopsida,Malpighiales,Euphorbiaceae,Sapium marmieri,FALSE,FALSE
Equisetopsida,Malpighiales,Hypericaceae,Hypericum recurvum,FALSE,FALSE
Aves,Passeriformes,Tyrannidae,Ochthornis littoralis,FALSE,FALSE
Equisetopsida,Malpighiales,Euphorbiaceae,Sapium stylare,FALSE,FALSE
Aves,Psittaciformes,Psittacidae,Bolborhynchus lineola,FALSE,FALSE
Equisetopsida,Polypodiales,Dryopteridaceae,Bolbitis oligarchica,FALSE,FALSE
Equisetopsida,Ericales,Sapotaceae,Sarcaulus brasiliensis,FALSE,FALSE
Insecta,Lepidoptera,Nymphalidae,Hypna clytemnestra negra,FALSE,FALSE
Aves,Passeriformes,Tyrannidae,Ochthoeca pulchella,FALSE,FALSE
Equisetopsida,Ericales,Marcgraviaceae,Sarcopera anomala,FALSE,FALSE
Aves,Cathartiformes,Cathartidae,Sarcoramphus papa,FALSE,FALSE
Aves,Passeriformes,Thamnophilidae,Hypocnemis subflava,FALSE,FALSE
Aves,Passeriformes,Thraupidae,Sporophila atrirostris,FALSE,FALSE
Insecta,Lepidoptera,Nymphalidae,Hypoleria lavinia garleppi,FALSE,FALSE
Equisetopsida,Myrtales,Melastomataceae,Blakea rosea,FALSE,FALSE
Equisetopsida,Myrtales,Melastomataceae,Blakea repens,FALSE,FALSE
Equisetopsida,Myrtales,Melastomataceae,Blakea multiflora,FALSE,FALSE
Insecta,Lepidoptera,Nymphalidae,Hyposcada anchiala interrupta,FALSE,FALSE
Insecta,Lepidoptera,Nymphalidae,Hyposcada cyrene taliata,FALSE,FALSE
Insecta,Lepidoptera,Nymphalidae,Hyposcada illinissa brisotis,FALSE,FALSE
Equisetopsida,Malvales,Bixaceae,Bixa urucurana,FALSE,FALSE
Equisetopsida,Malvales,Bixaceae,Bixa orellana,FALSE,FALSE
Equisetopsida,Malvales,Malvaceae,Ochroma pyramidale,FALSE,FALSE
Equisetopsida,Ericales,Actinidiaceae,Saurauia yasicae,FALSE,FALSE
Equisetopsida,Lamiales,Lamiaceae,Hyptidendron arboreum,FALSE,FALSE
Insecta,Lepidoptera,Nymphalidae,Biblis hyperia laticlavia,FALSE,FALSE
Aves,Galbuliformes,Bucconidae,Nystalus obamai,FALSE,FALSE
Insecta,Lepidoptera,Nymphalidae,Bia actorion rebeli,FALSE,FALSE
Aves,Passeriformes,Tyrannidae,Sayornis nigricans,FALSE,FALSE
Aves,Falconiformes,Falconidae,Ibycter americanus,FALSE,FALSE
Insecta,Lepidoptera,Riodinidae,Nymphidium baeotia,FALSE,FALSE
Aves,Passeriformes,Thraupidae,Sporophila angolensis,FALSE,FALSE
Equisetopsida,Poales,Poaceae,Ichnanthus panicoides,FALSE,FALSE
Equisetopsida,Lamiales,Gesneriaceae,Besleria aggregata,FALSE,FALSE
Equisetopsida,Asterales,Asteraceae,Ichthyothere peruviana,FALSE,FALSE
Equisetopsida,Gentianales,Rubiaceae,Bertiera viburnoides,FALSE,FALSE
Aves,Passeriformes,Icteridae,Icterus cayanensis,FALSE,FALSE
Aves,Passeriformes,Tyrannidae,Mionectes striaticollis,FALSE,FALSE
Aves,Caprimulgiformes,Caprimulgidae,Nyctipolus nigrescens,FALSE,FALSE
Aves,Passeriformes,Icteridae,Icterus croconotus,FALSE,FALSE
Equisetopsida,Asparagales,Orchidaceae,Scaphyglottis graminifolia,FALSE,FALSE
Equisetopsida,Asparagales,Orchidaceae,Scaphyglottis punctulata,FALSE,FALSE
Aves,Caprimulgiformes,Caprimulgidae,Nyctiphrynus ocellatus,FALSE,FALSE
Equisetopsida,Myrtales,Melastomataceae,Bellucia subandina,FALSE,FALSE
Aves,Accipitriformes,Accipitridae,Ictinia plumbea,FALSE,FALSE
Equisetopsida,Myrtales,Melastomataceae,Bellucia grossularioides,FALSE,FALSE
Equisetopsida,Ericales,Ericaceae,Bejaria aestuans,FALSE,FALSE
Aves,Passeriformes,Tityridae,Schiffornis turdina,FALSE,FALSE
Equisetopsida,Laurales,Lauraceae,Beilschmiedia tovarensis,FALSE,FALSE
Equisetopsida,Laurales,Lauraceae,Beilschmiedia sulcata,FALSE,FALSE
Equisetopsida,Aquifoliales,Aquifoliaceae,Ilex gabrielleana,FALSE,FALSE
Equisetopsida,Laurales,Lauraceae,Beilschmiedia latifolia,FALSE,FALSE
Aves,Galbuliformes,Bucconidae,Monasa morphoeus,FALSE,FALSE
Equisetopsida,Aquifoliales,Aquifoliaceae,Ilex laurina,FALSE,FALSE
Equisetopsida,Cucurbitales,Begoniaceae,Begonia rossmanniae,FALSE,FALSE
Aves,Apodiformes,Trochilidae,Schistes geoffroyi,FALSE,FALSE
Equisetopsida,Cucurbitales,Begoniaceae,Begonia parviflora,FALSE,FALSE
Aves,Passeriformes,Thraupidae,Schistochlamys melanopis,FALSE,FALSE
Equisetopsida,Aquifoliales,Aquifoliaceae,Ilex tarapotina,TRUE,FALSE
Equisetopsida,Cucurbitales,Begoniaceae,Begonia glabra,FALSE,FALSE
Equisetopsida,Cucurbitales,Begoniaceae,Begonia buddleiifolia,FALSE,FALSE
Equisetopsida,Schizaeales,Schizaeaceae,Schizaea elegans,FALSE,FALSE
Equisetopsida,Fabales,Fabaceae,Bauhinia guianensis,FALSE,FALSE
Equisetopsida,Schizaeales,Schizaeaceae,Schizaea pusilla,FALSE,FALSE
Insecta,Lepidoptera,Papilionidae,Battus crassus crassus,FALSE,FALSE
Equisetopsida,Gentianales,Rubiaceae,Schizocalyx obovatus,FALSE,FALSE
Equisetopsida,Rosales,Moraceae,Batocarpus costaricensis,FALSE,FALSE
Aves,Nyctibiiformes,Nyctibiidae,Nyctibius griseus,FALSE,FALSE
Equisetopsida,Fabales,Fabaceae,Inga acreana,FALSE,FALSE
Equisetopsida,Gentianales,Rubiaceae,Schizocalyx peruvianus,FALSE,FALSE
Equisetopsida,Fabales,Fabaceae,Inga acrocephala,FALSE,FALSE
Equisetopsida,Gentianales,Rubiaceae,Schizocalyx sterculioides,FALSE,FALSE
Equisetopsida,Fabales,Fabaceae,Inga alba,FALSE,FALSE
Mammalia,Carnivora,Procyonidae,Bassaricyon alleni,FALSE,FALSE
Equisetopsida,Asparagales,Orchidaceae,Baskervilla assurgens,FALSE,FALSE
Insecta,Lepidoptera,Pieridae,Melete calymnia,FALSE,FALSE
Equisetopsida,Fabales,Fabaceae,Inga auristellae,FALSE,FALSE
Aves,Passeriformes,Parulidae,Basileuterus tristriatus,FALSE,FALSE
Aves,Nyctibiiformes,Nyctibiidae,Nyctibius grandis,FALSE,FALSE
Equisetopsida,Fabales,Fabaceae,Inga capitata,FALSE,FALSE
Equisetopsida,Fabales,Fabaceae,Inga cayennensis,FALSE,FALSE
Insecta,Lepidoptera,Pieridae,Melete leucanthe,FALSE,FALSE
Equisetopsida,Fabales,Fabaceae,Inga cecropietorum,FALSE,FALSE
Aves,Coraciiformes,Momotidae,Baryphthengus martii,FALSE,FALSE
Aves,Nyctibiiformes,Nyctibiidae,Nyctibius aethereus,FALSE,FALSE
Insecta,Lepidoptera,Pieridae,Melete lycimnia peruviana,FALSE,FALSE
Equisetopsida,Fabales,Fabaceae,Inga edulis,FALSE,FALSE
Equisetopsida,Gentianales,Rubiaceae,Schradera subandina,FALSE,FALSE
Equisetopsida,Malpighiales,Malpighiaceae,Banisteriopsis caapi,FALSE,FALSE
Equisetopsida,Fabales,Fabaceae,Inga heterophylla,FALSE,FALSE
Equisetopsida,Malpighiales,Salicaceae,Banara guianensis,FALSE,FALSE
Equisetopsida,Ericales,Marcgraviaceae,Schwartzia magnifica,FALSE,FALSE
Equisetopsida,Ericales,Marcgraviaceae,Schwartzia weddelliana,FALSE,FALSE
Equisetopsida,Fabales,Fabaceae,Inga leiocalycina,FALSE,FALSE
Equisetopsida,Fabales,Fabaceae,Inga marginata,FALSE,FALSE
Insecta,Lepidoptera,Nymphalidae,Baeotus deucalion,FALSE,FALSE
Insecta,Lepidoptera,Nymphalidae,Baeotus amazonicus,FALSE,FALSE
Insecta,Lepidoptera,Riodinidae,Baeotis bacaenis bacaenita,FALSE,FALSE
Aves,Passeriformes,Thamnophilidae,Sciaphylax hemimelaena,FALSE,FALSE
Equisetopsida,Fabales,Fabaceae,Inga nobilis,FALSE,FALSE
Equisetopsida,Gentianales,Rubiaceae,Notopleura vargasiana,FALSE,FALSE
Equisetopsida,Arecales,Arecaceae,Bactris maraja var. juruensis,FALSE,FALSE
Equisetopsida,Arecales,Arecaceae,Bactris macroacantha,FALSE,FALSE
Equisetopsida,Gentianales,Rubiaceae,Notopleura polyphlebia,FALSE,FALSE
Equisetopsida,Fabales,Fabaceae,Inga punctata,FALSE,FALSE
Equisetopsida,Gentianales,Rubiaceae,Notopleura pithecobia,FALSE,FALSE
Equisetopsida,Arecales,Arecaceae,Bactris gasipaes,FALSE,FALSE
Equisetopsida,Fabales,Fabaceae,Inga ruiziana,FALSE,FALSE
Equisetopsida,Myrtales,Melastomataceae,Miconia alternidomatia,FALSE,FALSE
Equisetopsida,Fabales,Fabaceae,Inga stipularis,FALSE,FALSE
Equisetopsida,Apiales,Araliaceae,Sciodaphyllum minutiflorum,FALSE,FALSE
Equisetopsida,Apiales,Araliaceae,Sciodaphyllum patulum,FALSE,FALSE
Equisetopsida,Gentianales,Rubiaceae,Notopleura epiphytica,FALSE,FALSE
Equisetopsida,Apiales,Araliaceae,Sciodaphyllum pentandrum,FALSE,FALSE
Equisetopsida,Fabales,Fabaceae,Inga thibaudiana,FALSE,FALSE
Equisetopsida,Fabales,Fabaceae,Inga tomentosa,FALSE,FALSE
Equisetopsida,Apiales,Araliaceae,Sciodaphyllum sprucei,FALSE,FALSE
Equisetopsida,Fabales,Fabaceae,Inga velutina,FALSE,FALSE
Equisetopsida,Asterales,Asteraceae,Baccharis oblongifolia,FALSE,FALSE
Equisetopsida,Asterales,Asteraceae,Baccharis nitida,FALSE,FALSE
Equisetopsida,Poales,Cyperaceae,Scleria cyperinoides,FALSE,FALSE
Aves,Passeriformes,Tityridae,Iodopleura isabellae,FALSE,FALSE
Equisetopsida,Poales,Cyperaceae,Scleria macrogyne,FALSE,FALSE
Equisetopsida,Asterales,Asteraceae,Baccharis genistelloides,FALSE,FALSE
Insecta,Lepidoptera,Nymphalidae,Melinaea ludovica manuelito,FALSE,FALSE
Aves,Passeriformes,Furnariidae,Sclerurus albigularis,FALSE,FALSE
Insecta,Lepidoptera,Riodinidae,Notheme erota diadema,FALSE,FALSE
Aves,Galbuliformes,Bucconidae,Notharchus tectus,FALSE,FALSE
Aves,Passeriformes,Furnariidae,Sclerurus caudacutus,FALSE,FALSE
Equisetopsida,Asterales,Asteraceae,Ayapana elata,FALSE,FALSE
Aves,Passeriformes,Furnariidae,Sclerurus obscurior,FALSE,FALSE
Equisetopsida,Arecales,Arecaceae,Iriartea deltoidea,FALSE,FALSE
Equisetopsida,Arecales,Arecaceae,Iriartella stenocarpa,FALSE,FALSE
Aves,Passeriformes,Thraupidae,Iridophanes pulcherrimus,FALSE,FALSE
Aves,Passeriformes,Thraupidae,Iridosornis analis,FALSE,FALSE
Aves,Passeriformes,Furnariidae,Automolus subulatus,FALSE,FALSE
Insecta,Lepidoptera,Nymphalidae,Melinaea marsaeus mothone,FALSE,FALSE
Equisetopsida,Magnoliales,Myristicaceae,Iryanthera juruensis,FALSE,FALSE
Aves,Passeriformes,Furnariidae,Automolus ochrolaemus,FALSE,FALSE
Equisetopsida,Magnoliales,Myristicaceae,Iryanthera laevis,FALSE,FALSE
Equisetopsida,Sapindales,Anacardiaceae,Spondias mombin,FALSE,FALSE
Equisetopsida,Magnoliales,Myristicaceae,Iryanthera paraensis,FALSE,FALSE
Aves,Passeriformes,Rhinocryptidae,Scytalopus atratus,FALSE,FALSE
Aves,Apodiformes,Trochilidae,Aglaiocercus kingi,FALSE,FALSE
Equisetopsida,Poales,Poaceae,Isachne arundinacea,FALSE,FALSE
Aves,Passeriformes,Rhinocryptidae,Scytalopus femoralis,TRUE,FALSE
Equisetopsida,Polypodiales,Polypodiaceae,Niphidium crassifolium,FALSE,FALSE
Equisetopsida,Polypodiales,Polypodiaceae,Niphidium carinatum,FALSE,FALSE
Aves,Passeriformes,Rhinocryptidae,Scytalopus parvirostris,FALSE,FALSE
Equisetopsida,Fabales,Polygalaceae,Securidaca dolod,TRUE,FALSE
Aves,Piciformes,Ramphastidae,Aulacorhynchus derbianus,FALSE,FALSE
Equisetopsida,Selaginellales,Selaginellaceae,Selaginella exaltata,FALSE,FALSE
Aves,Piciformes,Ramphastidae,Aulacorhynchus albivitta,FALSE,FALSE
Insecta,Lepidoptera,Nymphalidae,Neruda aoede cupidineus,FALSE,FALSE
Equisetopsida,Selaginellales,Selaginellaceae,Selaginella geniculata,FALSE,FALSE
Insecta,Lepidoptera,Nymphalidae,Ithomia lagusa peruana,FALSE,FALSE
Aves,Passeriformes,Tyrannidae,Attila spadiceus,FALSE,FALSE
Equisetopsida,Selaginellales,Selaginellaceae,Selaginella kunzeana,FALSE,FALSE
Equisetopsida,Gentianales,Rubiaceae,Nertera granadensis,FALSE,FALSE
Equisetopsida,Gentianales,Rubiaceae,Ixora acuminatissima,FALSE,FALSE
Equisetopsida,Polypodiales,Nephrolepidaceae,Nephrolepis pectinata,FALSE,FALSE
Aves,Passeriformes,Thraupidae,Ixothraupis punctata,FALSE,FALSE
Aves,Passeriformes,Thraupidae,Ixothraupis xanthogastra,FALSE,FALSE
Aves,Passeriformes,Hirundinidae,Atticora fasciata,FALSE,FALSE
Equisetopsida,Arecales,Arecaceae,Attalea phalerata,FALSE,FALSE
Equisetopsida,Polypodiales,Dryopteridaceae,Mickelia oligarchica,FALSE,FALSE
Equisetopsida,Lamiales,Bignoniaceae,Jacaranda copaia,FALSE,FALSE
Equisetopsida,Arecales,Arecaceae,Attalea butyracea,FALSE,FALSE
Equisetopsida,Malvales,Malvaceae,Sterculia apeibophylla,FALSE,FALSE
Equisetopsida,Brassicales,Caricaceae,Jacaratia digitata,FALSE,FALSE
Aves,Piciformes,Ramphastidae,Selenidera reinwardtii,FALSE,FALSE
Aves,Cuculiformes,Cuculidae,Neomorphus geoffroyi,FALSE,FALSE
Mammalia,Carnivora,Mustelidae,Neogale frenata,FALSE,FALSE
Aves,Passeriformes,Passerellidae,Atlapetes tricolor,FALSE,FALSE
Insecta,Lepidoptera,Hesperiidae,Jemadia hewitsonii albescens,FALSE,FALSE
Insecta,Lepidoptera,Hesperiidae,Jemadia menechmus,FALSE,FALSE
Insecta,Lepidoptera,Hesperiidae,Jemadia sosia,FALSE,FALSE
Mammalia,Carnivora,Canidae,Atelocynus microtis,FALSE,TRUE
Equisetopsida,Laurales,Lauraceae,Mezilaurus itauba,FALSE,FALSE
Equisetopsida,Malpighiales,Euphorbiaceae,Acalypha stenoloba,FALSE,FALSE
Equisetopsida,Sapindales,Anacardiaceae,Astronium lecointei,FALSE,FALSE
Equisetopsida,Arecales,Arecaceae,Astrocaryum murumuru,FALSE,FALSE
Equisetopsida,Proteales,Sabiaceae,Meliosma herbertii,FALSE,FALSE
Equisetopsida,Arecales,Arecaceae,Astrocaryum javarense,FALSE,FALSE
Equisetopsida,Lamiales,Acanthaceae,Justicia appendiculata,FALSE,FALSE
Aves,Passeriformes,Tyrannidae,Mitrephanes olivaceus,FALSE,FALSE
Equisetopsida,Lamiales,Acanthaceae,Justicia calycina,FALSE,FALSE
Equisetopsida,Lamiales,Acanthaceae,Justicia pyrrhostachya,FALSE,FALSE
Equisetopsida,Caryophyllales,Nyctaginaceae,Neea verticillata,FALSE,FALSE
Equisetopsida,Lamiales,Acanthaceae,Justicia ruiziana,FALSE,FALSE
Equisetopsida,Lamiales,Acanthaceae,Justicia tenuistachys,FALSE,FALSE
Equisetopsida,Arecales,Arecaceae,Astrocaryum chambira,FALSE,FALSE
Insecta,Lepidoptera,Hesperiidae,Astraptes fulgerator fulgerator,FALSE,FALSE
Equisetopsida,Asterales,Asteraceae,Kaunea uber,FALSE,FALSE
Equisetopsida,Caryophyllales,Nyctaginaceae,Neea macrophylla,FALSE,FALSE
Aves,Apodiformes,Trochilidae,Klais guimeti,FALSE,FALSE
Aves,Coraciiformes,Momotidae,Momotus momota,FALSE,FALSE
Aves,Passeriformes,Tyrannidae,Knipolegus poecilurus,FALSE,FALSE
Equisetopsida,Caryophyllales,Nyctaginaceae,Neea divaricata,FALSE,FALSE
Equisetopsida,Fabales,Fabaceae,Senna silvestris,FALSE,FALSE
Equisetopsida,Asterales,Asteraceae,Koanophyllon jugipaniculatum,FALSE,FALSE
Insecta,Lepidoptera,Nymphalidae,Asterope markii hewitsoni,FALSE,FALSE
Insecta,Lepidoptera,Nymphalidae,Asterope leprieuri optima,FALSE,FALSE
Insecta,Lepidoptera,Nymphalidae,Asterope degandii bartletti,FALSE,FALSE
Insecta,Lepidoptera,Nymphalidae,Asterope buckleyi,FALSE,FALSE
Equisetopsida,Laurales,Lauraceae,Nectandra viburnoides,FALSE,FALSE
Equisetopsida,Malpighiales,Euphorbiaceae,Acalypha stachyura,FALSE,FALSE
Equisetopsida,Malpighiales,Euphorbiaceae,Acalypha salicifolia,FALSE,FALSE
Equisetopsida,Laurales,Lauraceae,Nectandra reticulata,FALSE,FALSE
Equisetopsida,Laurales,Lauraceae,Nectandra pulverulenta,FALSE,FALSE
Equisetopsida,Proteales,Sabiaceae,Meliosma sirensis,TRUE,FALSE
Equisetopsida,Polypodiales,Aspleniaceae,Asplenium stuebelianum,FALSE,FALSE
Equisetopsida,Polypodiales,Aspleniaceae,Asplenium serra,FALSE,FALSE
Equisetopsida,Polypodiales,Aspleniaceae,Asplenium pseudoangustum,FALSE,FALSE
Equisetopsida,Polypodiales,Aspleniaceae,Asplenium pearcei,FALSE,FALSE
Equisetopsida,Polypodiales,Aspleniaceae,Asplenium harpeodes,FALSE,FALSE
Equisetopsida,Malpighiales,Lacistemataceae,Lacistema aggregatum,FALSE,FALSE
Equisetopsida,Laurales,Lauraceae,Nectandra membranacea,FALSE,FALSE
Equisetopsida,Laurales,Lauraceae,Nectandra maynensis,FALSE,FALSE
Equisetopsida,Malpighiales,Lacistemataceae,Lacistema macbridei,FALSE,FALSE
Equisetopsida,Polypodiales,Aspleniaceae,Asplenium cirrhatum,FALSE,FALSE
Equisetopsida,Polypodiales,Polypodiaceae,Serpocaulon levigatum,FALSE,FALSE
Equisetopsida,Polypodiales,Aspleniaceae,Asplenium auriculatum,FALSE,FALSE
Equisetopsida,Gentianales,Apocynaceae,Lacmellea peruviana,FALSE,FALSE
Equisetopsida,Malpighiales,Ochnaceae,Lacunaria macrostachya,FALSE,FALSE
Equisetopsida,Polypodiales,Polypodiaceae,Serpocaulon loriceum,FALSE,FALSE
Equisetopsida,Gentianales,Rubiaceae,Ladenbergia amazonensis,FALSE,FALSE
Equisetopsida,Gentianales,Apocynaceae,Aspidosperma spruceanum,FALSE,FALSE
Equisetopsida,Laurales,Lauraceae,Nectandra laurel,FALSE,FALSE
Equisetopsida,Gentianales,Apocynaceae,Aspidosperma parvifolium,FALSE,FALSE
Equisetopsida,Gentianales,Rubiaceae,Ladenbergia klugii,FALSE,FALSE
Equisetopsida,Gentianales,Rubiaceae,Ladenbergia macrocarpa,FALSE,FALSE
Equisetopsida,Gentianales,Rubiaceae,Ladenbergia muzonensis,FALSE,FALSE
Equisetopsida,Gentianales,Apocynaceae,Aspidosperma macrocarpon,FALSE,FALSE
Equisetopsida,Polypodiales,Polypodiaceae,Serpocaulon triseriale,FALSE,FALSE
Equisetopsida,Gentianales,Rubiaceae,Ladenbergia riveroana,FALSE,FALSE
Equisetopsida,Gentianales,Rubiaceae,Ladenbergia siranensis,FALSE,FALSE
Equisetopsida,Malpighiales,Euphorbiaceae,Acalypha mapirensis,FALSE,FALSE
Equisetopsida,Laurales,Lauraceae,Nectandra globosa,FALSE,FALSE
Aves,Strigiformes,Strigidae,Asio clamator,FALSE,FALSE
Equisetopsida,Laurales,Lauraceae,Nectandra cuspidata,FALSE,FALSE
Equisetopsida,Poales,Poaceae,Arundinella berteroniana,FALSE,FALSE
Equisetopsida,Laurales,Lauraceae,Nectandra acutifolia,FALSE,FALSE
Equisetopsida,Malpighiales,Euphorbiaceae,Nealchornea yapurensis,FALSE,FALSE
Aves,Passeriformes,Tityridae,Laniisoma elegans,FALSE,FALSE
Aves,Passeriformes,Tityridae,Laniocera hypopyrra,FALSE,FALSE
Insecta,Lepidoptera,Nymphalidae,Agraulis vanillae lucina,FALSE,FALSE
Aves,Passeriformes,Thraupidae,Lanio versicolor,FALSE,FALSE
Aves,Caprimulgiformes,Caprimulgidae,Setopagis parvula,FALSE,FALSE
Equisetopsida,Malpighiales,Euphorbiaceae,Acalypha macrostachya,FALSE,FALSE
Insecta,Lepidoptera,Nymphalidae,Laparus doris doris,FALSE,FALSE
Aves,Passeriformes,Parulidae,Setophaga fusca,FALSE,FALSE
Mammalia,Carnivora,Procyonidae,Nasua nasua,FALSE,FALSE
Equisetopsida,Ericales,Sapotaceae,Diploon cuspidatum,FALSE,FALSE
Insecta,Lepidoptera,Riodinidae,Lasaria arsis,FALSE,FALSE
Aves,Passeriformes,Passerellidae,Arremon brunneinucha,FALSE,FALSE
Aves,Passeriformes,Parulidae,Setophaga pitiayumi,FALSE,FALSE
Aves,Gruiformes,Rallidae,Laterallus melanophaius,FALSE,FALSE
Insecta,Lepidoptera,Nymphalidae,Agrias hewitsonius beata,FALSE,FALSE
Aves,Passeriformes,Tyrannidae,Lathrotriccus euleri,FALSE,FALSE
Equisetopsida,Fabales,Fabaceae,Lecointea peruviana,FALSE,FALSE
Insecta,Lepidoptera,Hesperiidae,Nascus phocus,FALSE,FALSE
Equisetopsida,Ericales,Lecythidaceae,Lecythis pisonis,FALSE,FALSE
Aves,Galliformes,Cracidae,Mitu tuberosum,FALSE,FALSE
Aves,Passeriformes,Tyrannidae,Legatus leucophaius,FALSE,FALSE
Equisetopsida,Gentianales,Gentianaceae,Lehmanniella huanucensis,TRUE,FALSE
Equisetopsida,Ericales,Primulaceae,Ardisia loretensis,FALSE,FALSE
Equisetopsida,Ericales,Primulaceae,Ardisia guianensis,FALSE,FALSE
Equisetopsida,Malvales,Malvaceae,Sida setosa,FALSE,FALSE
Insecta,Lepidoptera,Nymphalidae,Siderone galanthis thehais,FALSE,FALSE
Insecta,Lepidoptera,Nymphalidae,Siderone syntyche mars,FALSE,FALSE
Equisetopsida,Polypodiales,Polypodiaceae,Lellingeria apiculata,FALSE,FALSE
Insecta,Lepidoptera,Hesperiidae,Narcosius narcosius narcosius,FALSE,FALSE
Insecta,Lepidoptera,Nymphalidae,Napoles jucunda,FALSE,FALSE
Insecta,Lepidoptera,Nymphalidae,Napeogenes stella duessa,FALSE,FALSE
Insecta,Lepidoptera,Nymphalidae,Napeogenes glycera,FALSE,FALSE
Equisetopsida,Sapindales,Simaroubaceae,Simaba guianensis,FALSE,FALSE
Insecta,Lepidoptera,Riodinidae,Napaea melampia,FALSE,FALSE
Equisetopsida,Malpighiales,Violaceae,Leonia glycycarpa,FALSE,FALSE
Equisetopsida,Polypodiales,Polypodiaceae,Melpomene xiphopteroides,FALSE,FALSE
Equisetopsida,Sapindales,Simaroubaceae,Simarouba amara,FALSE,FALSE
Insecta,Lepidoptera,Nymphalidae,Archaeoprepona meander megabates,FALSE,FALSE
Aves,Coraciiformes,Momotidae,Momotus aequatorialis,FALSE,FALSE
Insecta,Lepidoptera,Nymphalidae,Archaeoprepona demophon andicola,FALSE,FALSE
Equisetopsida,Malpighiales,Clusiaceae,Arawakia weddelliana,FALSE,FALSE
Aves,Psittaciformes,Psittacidae,Aratinga weddellii,FALSE,FALSE
Aves,Psittaciformes,Psittacidae,Ara severus,FALSE,FALSE
Mammalia,Carnivora,Felidae,Leopardus pardalis,FALSE,FALSE
Mammalia,Carnivora,Felidae,Leopardus tigrinus,FALSE,FALSE
Mammalia,Carnivora,Felidae,Leopardus wiedii,FALSE,FALSE
Equisetopsida,Ericales,Primulaceae,Myrsine umbellata,FALSE,FALSE
Aves,Gruiformes,Rallidae,Aramides cajaneus,FALSE,FALSE
Equisetopsida,Malpighiales,Euphorbiaceae,Acalypha diversifolia,FALSE,FALSE
Equisetopsida,Laurales,Siparunaceae,Siparuna decipiens,FALSE,FALSE
Aves,Psittaciformes,Psittacidae,Ara chloropterus,FALSE,FALSE
Equisetopsida,Ericales,Primulaceae,Myrsine dependens,FALSE,FALSE
Equisetopsida,Laurales,Siparunaceae,Siparuna obstipa,FALSE,FALSE
Equisetopsida,Asterales,Asteraceae,Lepidaploa sordidopapposa,FALSE,FALSE
Equisetopsida,Laurales,Siparunaceae,Siparuna sessiliflora,FALSE,FALSE
Equisetopsida,Fabales,Fabaceae,Apuleia leiocarpa,FALSE,FALSE
Equisetopsida,Ericales,Primulaceae,Myrsine andina,FALSE,FALSE
Equisetopsida,Santalales,Olacaceae,Aptandra tubicina,FALSE,FALSE
Equisetopsida,Fabales,Fabaceae,Myroxylon balsamum,FALSE,FALSE
Equisetopsida,Laurales,Siparunaceae,Siparuna thecaphora,FALSE,FALSE
Aves,Passeriformes,Furnariidae,Lepidocolaptes fatimalimae,FALSE,FALSE
Equisetopsida,Malpighiales,Euphorbiaceae,Acalypha cuneata,FALSE,FALSE
Aves,Passeriformes,Furnariidae,Lepidocolaptes lacrymiger,FALSE,FALSE
Insecta,Lepidoptera,Pieridae,Aphrissa statira statira,FALSE,FALSE
Aves,Passeriformes,Pipridae,Lepidothrix coeruleocapilla,TRUE,FALSE
Insecta,Lepidoptera,Pieridae,Aphrissa fluminensis,FALSE,FALSE
Aves,Passeriformes,Thamnophilidae,Myrmotherula schisticolor,FALSE,FALSE
Equisetopsida,Asterales,Campanulaceae,Siphocampylus chloroleucus,FALSE,FALSE
Aves,Passeriformes,Pipridae,Lepidothrix coronata,FALSE,FALSE
Equisetopsida,Lamiales,Acanthaceae,Aphelandra encarnacionii,FALSE,FALSE
Aves,Accipitriformes,Accipitridae,Spizaetus tyrannus,FALSE,FALSE
Aves,Passeriformes,Thamnophilidae,Myrmotherula menetriesii,FALSE,FALSE
Equisetopsida,Lamiales,Acanthaceae,Aphelandra aurantiaca,FALSE,FALSE
Equisetopsida,Malvales,Malvaceae,Apeiba tibourbou,FALSE,FALSE
Insecta,Lepidoptera,Nymphalidae,Methona grandior,FALSE,FALSE
Equisetopsida,Myrtales,Myrtaceae,Siphoneugena dussii,FALSE,FALSE
Equisetopsida,Malvales,Malvaceae,Apeiba membranacea,FALSE,FALSE
Equisetopsida,Malpighiales,Chrysobalanaceae,Leptobalanus apetalus,FALSE,FALSE
Equisetopsida,Malpighiales,Chrysobalanaceae,Leptobalanus bullatus,FALSE,FALSE
Equisetopsida,Malpighiales,Chrysobalanaceae,Leptobalanus octandrus,FALSE,FALSE
Insecta,Lepidoptera,Nymphalidae,Siproeta epaphus epaphus,FALSE,FALSE
Insecta,Lepidoptera,Hesperiidae,Methionopsis ina,FALSE,FALSE
Aves,Passeriformes,Thamnophilidae,Myrmotherula longicauda,FALSE,FALSE
Equisetopsida,Malvales,Malvaceae,Apeiba glabra,FALSE,FALSE
Insecta,Lepidoptera,Nymphalidae,Siproeta stelenes meridionalis,FALSE,FALSE
Aves,Passeriformes,Thamnophilidae,Myrmotherula brachyura,FALSE,FALSE
Mammalia,Primates,Cebidae,Aotus nigriceps,FALSE,FALSE
Insecta,Lepidoptera,Riodinidae,Siseme alectryo lucilius,FALSE,FALSE
Aves,Passeriformes,Tyrannidae,Leptopogon amaurocephalus,FALSE,FALSE
Aves,Passeriformes,Tyrannidae,Leptopogon superciliaris,FALSE,FALSE
Aves,Gruiformes,Rallidae,Anurolimnas viridis,FALSE,FALSE
Insecta,Lepidoptera,Nymphalidae,Antirrhea philoctetes avernus,FALSE,FALSE
Equisetopsida,Cyatheales,Metaxyaceae,Metaxya rostrata,FALSE,FALSE
Aves,Passeriformes,Grallariidae,Myrmothera campanisona,FALSE,FALSE
Aves,Passeriformes,Furnariidae,Sittasomus griseicapillus,FALSE,FALSE
Aves,Columbiformes,Columbidae,Leptotila rufaxilla,FALSE,FALSE
Aves,Columbiformes,Columbidae,Leptotila verreauxi,FALSE,FALSE
Equisetopsida,Icacinales,Icacinaceae,Leretia cordata,FALSE,FALSE
Equisetopsida,Alismatales,Araceae,Anthurium weberbaueri,FALSE,FALSE
Equisetopsida,Alismatales,Araceae,Anthurium triphyllum,FALSE,FALSE
Equisetopsida,Oxalidales,Elaeocarpaceae,Sloanea floribunda,FALSE,FALSE
Aves,Passeriformes,Thamnophilidae,Myrmoborus myotherinus,FALSE,FALSE
Equisetopsida,Alismatales,Araceae,Anthurium sect. Digitinervium,FALSE,FALSE
Equisetopsida,Alismatales,Araceae,Anthurium sect. Cardiolonchium,FALSE,FALSE
Equisetopsida,Alismatales,Araceae,Anthurium sect. Calomystrium,FALSE,FALSE
Equisetopsida,Alismatales,Araceae,Anthurium scandens,FALSE,FALSE
Aves,Passeriformes,Thamnophilidae,Myrmoborus leucophrys,FALSE,FALSE
Equisetopsida,Alismatales,Araceae,Anthurium polydactylum,FALSE,FALSE
Equisetopsida,Oxalidales,Elaeocarpaceae,Sloanea garckeana,FALSE,FALSE
Aves,Passeriformes,Thamnophilidae,Myrmelastes leucostigma,FALSE,FALSE
Equisetopsida,Alismatales,Araceae,Anthurium oxycarpum,FALSE,FALSE
Aves,Accipitriformes,Accipitridae,Leucopternis kuhli,FALSE,FALSE
Equisetopsida,Alismatales,Araceae,Anthurium obtusum,FALSE,FALSE
Equisetopsida,Alismatales,Araceae,Anthurium nymphaeifolium,FALSE,FALSE
Insecta,Lepidoptera,Nymphalidae,Metamorpha elissa elissa,FALSE,FALSE
Equisetopsida,Alismatales,Araceae,Anthurium nigrescens,FALSE,FALSE
Mammalia,Pilosa,Myrmecophagidae,Myrmecophaga tridactyla,FALSE,TRUE
Equisetopsida,Asterales,Asteraceae,Liabum amplexicaule,FALSE,FALSE
Equisetopsida,Alismatales,Araceae,Anthurium macleanii,FALSE,FALSE
Equisetopsida,Alismatales,Araceae,Anthurium longistrorsum,FALSE,FALSE
Equisetopsida,Alismatales,Araceae,Anthurium lingua,FALSE,FALSE
Equisetopsida,Alismatales,Araceae,Anthurium lechlerianum,FALSE,FALSE
Equisetopsida,Oxalidales,Elaeocarpaceae,Sloanea guianensis,FALSE,FALSE
Equisetopsida,Alismatales,Araceae,Anthurium ipariaense,FALSE,FALSE
Insecta,Lepidoptera,Riodinidae,Menander menander thallus,FALSE,FALSE
Equisetopsida,Malpighiales,Chrysobalanaceae,Licania harlingii,FALSE,FALSE
Equisetopsida,Malpighiales,Chrysobalanaceae,Licania micrantha,FALSE,FALSE
Equisetopsida,Malpighiales,Chrysobalanaceae,Licania pallida,FALSE,FALSE
Equisetopsida,Oxalidales,Elaeocarpaceae,Sloanea laxiflora,FALSE,FALSE
Equisetopsida,Laurales,Lauraceae,Licaria aurea,FALSE,FALSE
Equisetopsida,Myrtales,Myrtaceae,Myrciaria floribunda,FALSE,FALSE
Equisetopsida,Laurales,Lauraceae,Licaria cannella,FALSE,FALSE
Equisetopsida,Laurales,Lauraceae,Licaria crassifolia,FALSE,FALSE
Equisetopsida,Myrtales,Myrtaceae,Myrcia poeppigiana,FALSE,FALSE
Equisetopsida,Alismatales,Araceae,Anthurium ernestii,FALSE,FALSE
Equisetopsida,Malpighiales,Achariaceae,Lindackeria paludosa,FALSE,FALSE
Equisetopsida,Alismatales,Araceae,Anthurium croatii,FALSE,FALSE
Equisetopsida,Polypodiales,Lindsaeaceae,Lindsaea divaricata,FALSE,FALSE
Equisetopsida,Myrtales,Myrtaceae,Myrcia minutiflora,FALSE,FALSE
Equisetopsida,Alismatales,Araceae,Anthurium clavigerum,FALSE,FALSE
Equisetopsida,Polypodiales,Lindsaeaceae,Lindsaea stricta,FALSE,FALSE
Equisetopsida,Alismatales,Araceae,Anthurium chinchihuanense,FALSE,FALSE
Equisetopsida,Alismatales,Araceae,Anthurium breviscapum,FALSE,FALSE
Aves,Passeriformes,Rhinocryptidae,Liosceles thoracicus,FALSE,FALSE
Equisetopsida,Alismatales,Araceae,Anthurium brevipedunculatum,FALSE,FALSE
Equisetopsida,Alismatales,Araceae,Anthurium asplundii,FALSE,FALSE
Equisetopsida,Alismatales,Araceae,Anthurium apaporanum,FALSE,FALSE
Equisetopsida,Alismatales,Araceae,Anthurium amoenum,FALSE,FALSE
Equisetopsida,Lamiales,Acanthaceae,Mendoncia robusta,FALSE,FALSE
Aves,Passeriformes,Icteridae,Molothrus oryzivorus,FALSE,FALSE
Aves,Passeriformes,Cotingidae,Lipaugus vociferans,FALSE,FALSE
Equisetopsida,Myrtales,Myrtaceae,Myrcia amazonica,FALSE,FALSE
Aves,Apodiformes,Trochilidae,Anthracothorax nigricollis,FALSE,FALSE
Equisetopsida,Myrtales,Myrtaceae,Myrcia aliena,FALSE,FALSE
Equisetopsida,Ericales,Ericaceae,Anthopterus gentryi,FALSE,FALSE
Equisetopsida,Ericales,Ebenaceae,Lissocarpa uyat,TRUE,FALSE
Equisetopsida,Malpighiales,Caryocaraceae,Anthodiscus pilosus,FALSE,FALSE
Equisetopsida,Liliales,Smilacaceae,Smilax domingensis,FALSE,FALSE
Equisetopsida,Malpighiales,Caryocaraceae,Anthodiscus amazonicus,FALSE,FALSE
Insecta,Lepidoptera,Pieridae,Anteos menippe,FALSE,FALSE
Insecta,Lepidoptera,Nymphalidae,Smyrna blomfildia blomfildia,FALSE,FALSE
Aves,Passeriformes,Cotingidae,Snowornis cryptolophus,FALSE,FALSE
Aves,Passeriformes,Furnariidae,Lochmias nematura,FALSE,FALSE
Aves,Passeriformes,Cotingidae,Snowornis subalaris,FALSE,FALSE
Equisetopsida,Polypodiales,Blechnaceae,Lomaridium binervatum,FALSE,FALSE
Equisetopsida,Polypodiales,Blechnaceae,Lomaridium ensiforme,FALSE,FALSE
Equisetopsida,Asparagales,Orchidaceae,Sobralia crocea,FALSE,FALSE
Equisetopsida,Polypodiales,Blechnaceae,Lomariocycas werckleana,FALSE,FALSE
Equisetopsida,Fabales,Fabaceae,Lonchocarpus seorsus,FALSE,FALSE
Equisetopsida,Fabales,Fabaceae,Lonchocarpus spiciflorus,FALSE,FALSE
Equisetopsida,Lamiales,Acanthaceae,Mendoncia sprucei,FALSE,FALSE
Equisetopsida,Magnoliales,Annonaceae,Annona papilionella,FALSE,FALSE
Equisetopsida,Magnoliales,Annonaceae,Annona neglecta,FALSE,FALSE
Equisetopsida,Arecales,Arecaceae,Socratea exorrhiza,FALSE,FALSE
Equisetopsida,Magnoliales,Annonaceae,Annona montana,FALSE,FALSE
Equisetopsida,Arecales,Arecaceae,Socratea rostrata,FALSE,FALSE
Equisetopsida,Arecales,Arecaceae,Socratea salazarii,FALSE,FALSE
Aves,Apodiformes,Trochilidae,Lophornis delattrei,FALSE,FALSE
Insecta,Lepidoptera,Nymphalidae,Menphis glauce glauce,FALSE,FALSE
Aves,Passeriformes,Tyrannidae,Myiozetetes similis,FALSE,FALSE
Insecta,Lepidoptera,Nymphalidae,Menphis lineata,FALSE,FALSE
Aves,Passeriformes,Thraupidae,Anisognathus somptuosus,FALSE,FALSE
Insecta,Lepidoptera,Nymphalidae,Menphis menphis menphis,FALSE,FALSE
Insecta,Lepidoptera,Nymphalidae,Menphis mora montana,FALSE,FALSE
Aves,Passeriformes,Tyrannidae,Lophotriccus pileatus,FALSE,FALSE
Equisetopsida,Laurales,Lauraceae,Aniba taubertiana,FALSE,FALSE
Equisetopsida,Laurales,Lauraceae,Aniba rosiodora,FALSE,FALSE
Equisetopsida,Laurales,Lauraceae,Aniba robusta,FALSE,FALSE
Aves,Accipitriformes,Accipitridae,Spizaetus ornatus,FALSE,FALSE
Equisetopsida,Laurales,Lauraceae,Aniba perutilis,FALSE,FALSE
Equisetopsida,Laurales,Lauraceae,Aniba panurensis,FALSE,FALSE
Insecta,Lepidoptera,Nymphalidae,Menphis moruus morpheus,FALSE,FALSE
Insecta,Lepidoptera,Nymphalidae,Menphis polycarmes,FALSE,FALSE
Equisetopsida,Laurales,Lauraceae,Aniba kappleri,FALSE,FALSE
Aves,Passeriformes,Thraupidae,Loriotus rufiventer,FALSE,FALSE
Aves,Passeriformes,Tyrannidae,Myiozetetes granadensis,FALSE,FALSE
Insecta,Lepidoptera,Nymphalidae,Menphis xenocles xenocles,FALSE,FALSE
Equisetopsida,Laurales,Lauraceae,Aniba guianensis,FALSE,FALSE
Aves,Passeriformes,Tyrannidae,Myiotriccus ornatus,FALSE,FALSE
Equisetopsida,Laurales,Lauraceae,Aniba firmula,FALSE,FALSE
Equisetopsida,Laurales,Lauraceae,Aniba coto,FALSE,FALSE
Equisetopsida,Solanales,Solanaceae,Solanum aphyodendron,FALSE,FALSE
Equisetopsida,Malpighiales,Lacistemataceae,Lozania nunkui,FALSE,FALSE
Equisetopsida,Solanales,Solanaceae,Solanum barbeyanum,FALSE,FALSE
Equisetopsida,Solanales,Solanaceae,Solanum caricaefolium,FALSE,FALSE
Equisetopsida,Malvales,Malvaceae,Sterculia frondosa,FALSE,FALSE
Equisetopsida,Solanales,Solanaceae,Solanum clandestinum,FALSE,FALSE
Equisetopsida,Myrtales,Melastomataceae,Andesanthus lepidotus,FALSE,FALSE
Aves,Passeriformes,Parulidae,Myiothlypis fulvicauda,FALSE,FALSE
Equisetopsida,Solanales,Solanaceae,Solanum dimorphandrum,FALSE,FALSE
Insecta,Lepidoptera,Riodinidae,Ancyluris rubrofilum,FALSE,FALSE
Insecta,Lepidoptera,Riodinidae,Ancyluris aulestes eryxo,FALSE,FALSE
Equisetopsida,Solanales,Solanaceae,Solanum endopogon,FALSE,FALSE
Aves,Passeriformes,Parulidae,Myiothlypis coronata,FALSE,FALSE
Equisetopsida,Malpighiales,Salicaceae,Lunania parviflora,FALSE,FALSE
Equisetopsida,Solanales,Solanaceae,Solanum grandiflorum,FALSE,FALSE
Aves,Passeriformes,Furnariidae,Ancistrops strigilatus,FALSE,FALSE
Equisetopsida,Malvales,Malvaceae,Sterculia peruviana,FALSE,FALSE
Aves,Passeriformes,Parulidae,Myiothlypis chrysogaster,FALSE,FALSE
Aves,Passeriformes,Tyrannidae,Myiotheretes striaticollis,FALSE,FALSE
Equisetopsida,Magnoliales,Annonaceae,Anaxagorea acuminata,FALSE,FALSE
Aves,Passeriformes,Tyrannidae,Myiotheretes fumigatus,FALSE,FALSE
Aves,Caprimulgiformes,Caprimulgidae,Lurocalis rufiventris,FALSE,FALSE
Equisetopsida,Solanales,Solanaceae,Solanum lepidotum,FALSE,FALSE
Aves,Passeriformes,Tyrannidae,Myiornis ecaudatus,FALSE,FALSE
Aves,Passeriformes,Tyrannidae,Myiornis albiventris,FALSE,FALSE
Aves,Passeriformes,Tyrannidae,Myiophobus roraimae,FALSE,FALSE
Equisetopsida,Solanales,Solanaceae,Solanum leucopogon,FALSE,FALSE
Equisetopsida,Solanales,Solanaceae,Solanum lindenii,FALSE,FALSE
Aves,Passeriformes,Tyrannidae,Myiophobus flavicans,FALSE,FALSE
Equisetopsida,Solanales,Solanaceae,Solanum mite,FALSE,FALSE
Aves,Passeriformes,Tyrannidae,Myiophobus fasciatus,FALSE,FALSE
Equisetopsida,Solanales,Solanaceae,Solanum monadelphum,FALSE,FALSE
Equisetopsida,Solanales,Solanaceae,Solanum morellifolium,FALSE,FALSE
Aves,Passeriformes,Tyrannidae,Myiopagis gaimardii,FALSE,FALSE
Equisetopsida,Solanales,Solanaceae,Lycianthes inaequilatera,FALSE,FALSE
Aves,Passeriformes,Furnariidae,Anabazenops dorsalis,FALSE,FALSE
Aves,Passeriformes,Furnariidae,Anabacerthia striaticollis,FALSE,TRUE
Aves,Passeriformes,Furnariidae,Anabacerthia ruficaudata,FALSE,FALSE
Aves,Passeriformes,Tyrannidae,Myiodynastes maculatus,FALSE,FALSE
Equisetopsida,Solanales,Solanaceae,Solanum riparium,FALSE,FALSE
Equisetopsida,Rosales,Ulmaceae,Ampelocera edentula,FALSE,FALSE
Aves,Passeriformes,Cotingidae,Ampelion rufaxilla,FALSE,FALSE
Insecta,Lepidoptera,Nymphalidae,Lycorea halia pales,FALSE,FALSE
Equisetopsida,Solanales,Solanaceae,Solanum sect. geminata,FALSE,FALSE
Aves,Passeriformes,Cotingidae,Ampelioides tschudii,FALSE,FALSE
Aves,Passeriformes,Passerellidae,Ammodramus humeralis,FALSE,FALSE
Insecta,Lepidoptera,Nymphalidae,Lymanopoda acraeida malia,FALSE,FALSE
Aves,Passeriformes,Passerellidae,Ammodramus aurifrons,FALSE,FALSE
Insecta,Lepidoptera,Nymphalidae,Lymanopoda panacea ocellifera,FALSE,FALSE
Aves,Passeriformes,Tyrannidae,Myiodynastes chrysocephalus,FALSE,FALSE
Insecta,Lepidoptera,Riodinidae,Lyropteryx apollonia apollonia,FALSE,FALSE
Aves,Passeriformes,Parulidae,Myioborus miniatus,FALSE,FALSE
Equisetopsida,Malpighiales,Euphorbiaceae,Mabea piriri,FALSE,FALSE
Equisetopsida,Malpighiales,Euphorbiaceae,Mabea speciosa,FALSE,FALSE
Equisetopsida,Fabales,Fabaceae,Amburana cearensis,FALSE,TRUE
Equisetopsida,Solanales,Solanaceae,Solanum ternatum,FALSE,FALSE
Mammalia,Didelphimorphia,Didelphidae,Metachirus myosuros,FALSE,FALSE
Aves,Passeriformes,Pipridae,Machaeropterus pyrocephalus,FALSE,FALSE
Aves,Passeriformes,Onychorhynchidae,Myiobius villosus,FALSE,FALSE
Equisetopsida,Solanales,Solanaceae,Solanum uleanum,FALSE,FALSE
Equisetopsida,Gentianales,Gentianaceae,Macrocarpaea ostentans,TRUE,FALSE
Equisetopsida,Gentianales,Gentianaceae,Macrocarpaea tabula-fluctivagifolia,TRUE,FALSE
Equisetopsida,Gentianales,Gentianaceae,Macrocarpaea wallnoeferi,TRUE,FALSE
Equisetopsida,Solanales,Solanaceae,Solanum uncinellum,FALSE,FALSE
Equisetopsida,Gentianales,Rubiaceae,Macrocnemum roseum,FALSE,FALSE
Aves,Psittaciformes,Psittacidae,Amazona farinosa,FALSE,FALSE
Equisetopsida,Laurales,Lauraceae,Aiouea grandifolia,FALSE,FALSE
Equisetopsida,Fabales,Fabaceae,Macropsychanthus ucayalinus,FALSE,FALSE
Aves,Passeriformes,Tyrannidae,Myiarchus tuberculifer,FALSE,FALSE
Equisetopsida,Rosales,Moraceae,Sorocea guilleminiana,FALSE,FALSE
Equisetopsida,Polypodiales,Thelypteridaceae,Amauropelta balbisii,FALSE,FALSE
Equisetopsida,Rosales,Moraceae,Sorocea muriculata,FALSE,FALSE
Equisetopsida,Rosales,Moraceae,Sorocea pileata,FALSE,FALSE
Insecta,Lepidoptera,Riodinidae,Amarynthis meneria,FALSE,FALSE
Aves,Galbuliformes,Bucconidae,Malacoptila fulvogularis,FALSE,FALSE
Aves,Galbuliformes,Bucconidae,Malacoptila fusca,FALSE,FALSE
Aves,Passeriformes,Tyrannidae,Myiarchus cephalotes,FALSE,FALSE
Aves,Accipitriformes,Accipitridae,Spizaetus melanoleucus,FALSE,FALSE
Equisetopsida,Gentianales,Rubiaceae,Amaioua corymbosa,FALSE,FALSE
Equisetopsida,Myrtales,Alzateaceae,Alzatea verticillata,FALSE,FALSE
Equisetopsida,Myrtales,Melastomataceae,Meriania hexamera,FALSE,FALSE
Aves,Passeriformes,Turdidae,Myadestes ralloides,FALSE,FALSE
Insecta,Lepidoptera,Nymphalidae,Altinote alcione sodalis,FALSE,FALSE
Equisetopsida,Malvales,Malvaceae,Malvaviscus arboreus,FALSE,FALSE
Equisetopsida,Ericales,Marcgraviaceae,Souroubea pachyphylla,FALSE,FALSE
Equisetopsida,Alismatales,Araceae,Spathiphyllum cannifolium,FALSE,FALSE
Equisetopsida,Alismatales,Araceae,Spathiphyllum juninense,FALSE,FALSE
Insecta,Lepidoptera,Nymphalidae,Manerebia cyclopella,FALSE,FALSE
Equisetopsida,Ericales,Sapotaceae,Manilkara bidentata,FALSE,TRUE
Equisetopsida,Ericales,Sapotaceae,Manilkara bidentata subsp. surinamensis,FALSE,FALSE
Equisetopsida,Lamiales,Bignoniaceae,Mansoa alliacea,FALSE,FALSE
Equisetopsida,Rosales,Moraceae,Maquira calophylla,FALSE,FALSE
Equisetopsida,Rosales,Moraceae,Maquira coriacea,FALSE,FALSE
Equisetopsida,Rosales,Moraceae,Maquira guianensis,FALSE,FALSE
Equisetopsida,Ericales,Marcgraviaceae,Marcgravia crenata,FALSE,FALSE
Equisetopsida,Ericales,Marcgraviaceae,Marcgravia oblongifolia,FALSE,FALSE
Equisetopsida,Ericales,Marcgraviaceae,Marcgravia pedunculosa,FALSE,FALSE
Equisetopsida,Ericales,Marcgraviaceae,Marcgraviastrum macrocarpum,FALSE,FALSE
Insecta,Lepidoptera,Nymphalidae,Marcus menelaus didius,FALSE,FALSE
Equisetopsida,Asterales,Asteraceae,Munnozia subviridis,FALSE,FALSE
Aves,Passeriformes,Furnariidae,Margarornis squamiger,FALSE,FALSE
Equisetopsida,Asterales,Asteraceae,Munnozia senecionidis,FALSE,FALSE
Equisetopsida,Malpighiales,Calophyllaceae,Marila laxiflora,FALSE,FALSE
Equisetopsida,Ranunculales,Menispermaceae,Abuta grandifolia,FALSE,FALSE
Equisetopsida,Sapindales,Sapindaceae,Allophylus excelsus,FALSE,FALSE
Equisetopsida,Sapindales,Sapindaceae,Allophylus divaricatus,FALSE,FALSE
Equisetopsida,Solanales,Solanaceae,Markea ulei,FALSE,FALSE
Equisetopsida,Pandanales,Cyclanthaceae,Sphaeradenia rhodocephala,FALSE,FALSE
Equisetopsida,Pandanales,Cyclanthaceae,Sphaeradenia stylosa,FALSE,FALSE
Equisetopsida,Ericales,Lecythidaceae,Allantoma pluriflora,FALSE,FALSE
Aves,Passeriformes,Thraupidae,Sphenopsis frontalis,FALSE,FALSE
Insecta,Lepidoptera,Nymphalidae,Marpesia berania berania,FALSE,FALSE
Insecta,Lepidoptera,Nymphalidae,Marpesia chiron marius,FALSE,FALSE
Insecta,Lepidoptera,Nymphalidae,Marpesia crethon,FALSE,FALSE
Equisetopsida,Malpighiales,Euphorbiaceae,Alchornea triplinervia,FALSE,FALSE
Equisetopsida,Malpighiales,Euphorbiaceae,Alchornea pearcei,FALSE,FALSE
Insecta,Lepidoptera,Nymphalidae,Marpesia furcula oechalia,FALSE,FALSE
Insecta,Lepidoptera,Nymphalidae,Marpesia marcella marcella,FALSE,FALSE
Equisetopsida,Malpighiales,Euphorbiaceae,Alchornea latifolia,FALSE,FALSE
Insecta,Lepidoptera,Nymphalidae,Marpesia petreus petreus,FALSE,FALSE
Insecta,Lepidoptera,Nymphalidae,Marpesia themistocles norica,FALSE,FALSE
Insecta,Lepidoptera,Nymphalidae,Marpesia zerynthia dentigera,FALSE,FALSE
Equisetopsida,Myrtales,Melastomataceae,Mouriri nigra,FALSE,FALSE
Equisetopsida,Malpighiales,Euphorbiaceae,Alchornea glandulosa,FALSE,FALSE
Insecta,Lepidoptera,Riodinidae,Mesosemia eugenea pythonica,FALSE,FALSE
Aves,Galbuliformes,Bucconidae,Micromonacha lanceolata,FALSE,FALSE
Equisetopsida,Myrtales,Melastomataceae,Mouriri myrtifolia,FALSE,FALSE
Equisetopsida,Ericales,Sapotaceae,Micropholis egensis,FALSE,FALSE
Equisetopsida,Myrtales,Melastomataceae,Mouriri grandiflora,FALSE,FALSE
Equisetopsida,Polypodiales,Polypodiaceae,Microgramma tecta,FALSE,FALSE
Equisetopsida,Polypodiales,Polypodiaceae,Microgramma reptans,FALSE,FALSE
Equisetopsida,Ericales,Sapotaceae,Micropholis guyanensis,FALSE,FALSE
Equisetopsida,Sapindales,Sapindaceae,Matayba arborescens,FALSE,FALSE
Equisetopsida,Ericales,Sapotaceae,Micropholis venulosa,FALSE,FALSE
Equisetopsida,Sapindales,Sapindaceae,Matayba peruviana,FALSE,FALSE
Equisetopsida,Polypodiales,Polypodiaceae,Microgramma dictyophylla,FALSE,FALSE
Equisetopsida,Polypodiales,Polypodiaceae,Microgramma bifrons,FALSE,FALSE
Equisetopsida,Malvales,Malvaceae,Matisia cordata,FALSE,FALSE
Equisetopsida,Rosales,Moraceae,Morus insignis,FALSE,FALSE
Insecta,Lepidoptera,Nymphalidae,Morpho telemachus penelope,FALSE,FALSE
Aves,Passeriformes,Troglodytidae,Microcerculus marginatus,FALSE,FALSE
Aves,Passeriformes,Thamnophilidae,Microrhopias quixensis,FALSE,FALSE
Insecta,Lepidoptera,Nymphalidae,Morpho rhetenor,FALSE,FALSE
Insecta,Lepidoptera,Nymphalidae,Morpho marcus intermedia,FALSE,FALSE
Equisetopsida,Laurales,Monimiaceae,Mollinedia killipii,FALSE,FALSE
Equisetopsida,Malvales,Malvaceae,Matisia ochrocalyx,FALSE,FALSE
Insecta,Lepidoptera,Nymphalidae,Morpho hecuba gahua,FALSE,FALSE
Aves,Passeriformes,Troglodytidae,Microcerculus bambla,FALSE,FALSE
Insecta,Lepidoptera,Nymphalidae,Morpho deidamia grambergi,FALSE,FALSE
Aves,Passeriformes,Polioptilidae,Microbates cinereiventris,FALSE,FALSE
Equisetopsida,Sapindales,Anacardiaceae,Mauria heterophylla,FALSE,TRUE
Insecta,Lepidoptera,Nymphalidae,Morpho cisseis jeannoti,FALSE,FALSE
Mammalia,Rodentia,Sciuridae,Microsciurus flaviventer,FALSE,FALSE
Insecta,Lepidoptera,Nymphalidae,Morpho achilles theodorus,FALSE,FALSE
Equisetopsida,Arecales,Arecaceae,Mauritia flexuosa,FALSE,FALSE
Aves,Accipitriformes,Accipitridae,Morphnus guianensis,FALSE,TRUE
Aves,Falconiformes,Falconidae,Micrastur semitorquatus,FALSE,FALSE
Aves,Falconiformes,Falconidae,Micrastur ruficollis,FALSE,FALSE
Equisetopsida,Asparagales,Orchidaceae,Maxillaria alticola,FALSE,FALSE
Aves,Falconiformes,Falconidae,Micrastur gilvicollis,FALSE,FALSE
Equisetopsida,Myrtales,Melastomataceae,Miconia wolfei,TRUE,FALSE
Equisetopsida,Myrtales,Melastomataceae,Miconia weberbaueri,FALSE,FALSE
Equisetopsida,Asparagales,Orchidaceae,Maxillaria exaltata,FALSE,FALSE
Equisetopsida,Myrtales,Melastomataceae,Miconia violascens,FALSE,FALSE
Equisetopsida,Asparagales,Orchidaceae,Maxillaria floribunda,FALSE,FALSE
Equisetopsida,Myrtales,Melastomataceae,Miconia triplinervis,FALSE,FALSE
Equisetopsida,Asterales,Asteraceae,Mikania banisteriae,FALSE,FALSE
Equisetopsida,Myrtales,Melastomataceae,Miconia tomentosa,FALSE,FALSE
Aves,Passeriformes,Fringillidae,Spinus magellanicus,FALSE,FALSE
Equisetopsida,Asterales,Asteraceae,Mikania guaco,FALSE,FALSE
Equisetopsida,Asparagales,Orchidaceae,Maxillaria meridensis,FALSE,FALSE
Equisetopsida,Myrtales,Melastomataceae,Miconia theaezans,FALSE,FALSE
Equisetopsida,Myrtales,Melastomataceae,Miconia thaminantha,TRUE,FALSE
Equisetopsida,Myrtales,Melastomataceae,Miconia terera,FALSE,FALSE
Equisetopsida,Asterales,Asteraceae,Mikania lasiopoda,FALSE,FALSE
Equisetopsida,Myrtales,Melastomataceae,Miconia stephanotricha,FALSE,FALSE
Equisetopsida,Myrtales,Melastomataceae,Miconia splendens,FALSE,FALSE
Equisetopsida,Asterales,Asteraceae,Mikania nemorosa,FALSE,FALSE
Equisetopsida,Asparagales,Orchidaceae,Maxillaria platypetala,FALSE,FALSE
Insecta,Lepidoptera,Nymphalidae,Adelpha melona melona,FALSE,FALSE
Equisetopsida,Fabales,Fabaceae,Desmodium purpusii,FALSE,FALSE
Equisetopsida,Piperales,Piperaceae,Piper nudilimbum,FALSE,FALSE
Equisetopsida,Piperales,Piperaceae,Piper reticulatum,FALSE,FALSE
Equisetopsida,Piperales,Piperaceae,Piper monzonense,FALSE,FALSE
Equisetopsida,Piperales,Piperaceae,Piper maranyonense,FALSE,FALSE
Equisetopsida,Arecales,Arecaceae,Desmoncus mitis,FALSE,FALSE
Equisetopsida,Piperales,Piperaceae,Piper udisilvestre,FALSE,FALSE
Equisetopsida,Piperales,Piperaceae,Piper lanceolatum,FALSE,FALSE
Insecta,Lepidoptera,Nymphalidae,Adelpha mesentina chancha,FALSE,FALSE
Equisetopsida,Piperales,Piperaceae,Piper laevigatum,FALSE,FALSE
Equisetopsida,Myrtales,Melastomataceae,Miconia sanguinea,FALSE,FALSE
Equisetopsida,Myrtales,Melastomataceae,Miconia saltuensis,FALSE,FALSE
Equisetopsida,Piperales,Piperaceae,Piper indecorum,FALSE,FALSE
Equisetopsida,Polypodiales,Polypodiaceae,Moranopteris caucana,FALSE,FALSE
Equisetopsida,Asterales,Asteraceae,Mikania szyszylowiczii,FALSE,FALSE
Insecta,Lepidoptera,Nymphalidae,Diaethria clymena peruviana,FALSE,FALSE
Insecta,Lepidoptera,Nymphalidae,Diaethria eluina lidwina,FALSE,FALSE
Insecta,Lepidoptera,Nymphalidae,Diaethria neglecta neglecta,FALSE,FALSE
Insecta,Lepidoptera,Nymphalidae,Adelpha lycorias lara,FALSE,FALSE
Equisetopsida,Santalales,Santalaceae,Dendrophthora lueri,FALSE,FALSE
Equisetopsida,Piperales,Piperaceae,Piper crocatum,FALSE,FALSE
Aves,Passeriformes,Thraupidae,Pipraeidea melanonota,FALSE,FALSE
Equisetopsida,Apiales,Araliaceae,Dendropanax arboreus,FALSE,FALSE
Equisetopsida,Asparagales,Orchidaceae,Dichaea muricata,FALSE,FALSE
Aves,Passeriformes,Furnariidae,Dendroma rufa,FALSE,FALSE
Equisetopsida,Commelinales,Commelinaceae,Dichorisandra hexandra,FALSE,FALSE
Equisetopsida,Piperales,Piperaceae,Piper callosum,FALSE,FALSE
Equisetopsida,Piperales,Piperaceae,Piper augustum,FALSE,FALSE
Equisetopsida,Cyatheales,Dicksoniaceae,Dicksonia sellowiana,FALSE,FALSE
Aves,Passeriformes,Furnariidae,Dendrocolaptes certhia,FALSE,FALSE
Aves,Passeriformes,Cotingidae,Pipreola chlorolepidota,FALSE,FALSE
Equisetopsida,Piperales,Piperaceae,Piper arboreum,FALSE,FALSE
Aves,Passeriformes,Furnariidae,Dendrocincla tyrannina,FALSE,FALSE
Mammalia,Cetartiodactyla,Tayassuidae,Dicotyles tajacu,FALSE,FALSE
Equisetopsida,Malpighiales,Chrysobalanaceae,Moquilea magnifruta,FALSE,FALSE
Aves,Passeriformes,Cotingidae,Pipreola frontalis,FALSE,FALSE
Equisetopsida,Myrtales,Melastomataceae,Miconia reversa,FALSE,FALSE
Equisetopsida,Gleicheniales,Gleicheniaceae,Dicranopteris flexuosa,FALSE,FALSE
Equisetopsida,Pandanales,Cyclanthaceae,Dicranopygium lugonis,FALSE,FALSE
Aves,Passeriformes,Furnariidae,Dendrocincla fuliginosa,FALSE,FALSE
Insecta,Lepidoptera,Nymphalidae,Adelpha phylaca juruana,FALSE,FALSE
Equisetopsida,Arecales,Arecaceae,Dictyocaryum lamarckianum,FALSE,FALSE
Aves,Passeriformes,Cotingidae,Pipreola pulchra,TRUE,FALSE
Equisetopsida,Dioscoreales,Burmanniaceae,Dictyostega orobanchoides,FALSE,FALSE
Equisetopsida,Metteniusales,Metteniusaceae,Dendrobangia boliviana,FALSE,FALSE
Equisetopsida,Myrtales,Melastomataceae,Miconia reflexipila,TRUE,FALSE
Aves,Passeriformes,Cotingidae,Pipreola riefferii,FALSE,FALSE
Aves,Passeriformes,Furnariidae,Dendrexetastes rufigula,FALSE,FALSE
Insecta,Lepidoptera,Nymphalidae,Adelpha iphiclus iphiclus,FALSE,FALSE
Mammalia,Didelphimorphia,Didelphidae,Didelphis marsupialis,FALSE,FALSE
Aves,Passeriformes,Tyrannidae,Piprites chloris,FALSE,FALSE
Mammalia,Didelphimorphia,Didelphidae,Didelphis pernigra,FALSE,FALSE
Equisetopsida,Polypodiales,Dryopteridaceae,Didymochlaena truncatula,FALSE,FALSE
Equisetopsida,Apiales,Araliaceae,Didymopanax confusus,FALSE,FALSE
Equisetopsida,Apiales,Araliaceae,Didymopanax morototoni,FALSE,FALSE
Equisetopsida,Myrtales,Melastomataceae,Miconia punctata,FALSE,FALSE
Equisetopsida,Asterales,Asteraceae,Piptocarpha geraldsmithii,FALSE,FALSE
Equisetopsida,Asterales,Asteraceae,Piptocarpha klugii,FALSE,FALSE
Equisetopsida,Asterales,Asteraceae,Piptocarpha poeppigiana,FALSE,FALSE
Aves,Passeriformes,Furnariidae,Deconychura longicauda,FALSE,FALSE
Aves,Passeriformes,Thraupidae,Diglossa caerulescens,FALSE,FALSE
Aves,Psittaciformes,Psittacidae,Pionus menstruus,FALSE,FALSE
Aves,Passeriformes,Cardinalidae,Piranga flava,FALSE,FALSE
Aves,Passeriformes,Thraupidae,Diglossa glauca,FALSE,FALSE
Aves,Psittaciformes,Psittacidae,Pionites leucogaster,FALSE,FALSE
Aves,Passeriformes,Cardinalidae,Piranga leucoptera,FALSE,FALSE
Equisetopsida,Asparagales,Orchidaceae,Maxillaria sect. ornithidium,FALSE,FALSE
Aves,Passeriformes,Cardinalidae,Piranga olivacea,FALSE,FALSE
Aves,Passeriformes,Cardinalidae,Piranga rubra,FALSE,FALSE
Mammalia,Cingulata,Dasypodidae,Dasypus novemcinctus,FALSE,FALSE
Insecta,Lepidoptera,Nymphalidae,Adelpha saundersii saundersii,FALSE,FALSE
Equisetopsida,Gentianales,Rubiaceae,Pimentelia glomerata,FALSE,FALSE
Mammalia,Rodentia,Dasyproctidae,Dasyprocta variegata,FALSE,FALSE
Mammalia,Rodentia,Dinomyidae,Dinomys branickii,FALSE,TRUE
Equisetopsida,Gentianales,Rubiaceae,Dioicodendron dioicum,FALSE,FALSE
Insecta,Lepidoptera,Nymphalidae,Dione juno juno,FALSE,FALSE
Aves,Passeriformes,Tyrannidae,Pitangus lictor,FALSE,FALSE
Equisetopsida,Laurales,Lauraceae,Damburneya purpurea,FALSE,FALSE
Insecta,Lepidoptera,Nymphalidae,Adelpha ximena,FALSE,FALSE
Equisetopsida,Ericales,Ebenaceae,Diospyros panguana,TRUE,FALSE
Aves,Pelecaniformes,Ardeidae,Pilherodius pileatus,FALSE,FALSE
Aves,Passeriformes,Tyrannidae,Pitangus sulphuratus,FALSE,FALSE
Equisetopsida,Poales,Bromeliaceae,Pitcairnia bifaria,TRUE,FALSE
Equisetopsida,Polypodiales,Athyriaceae,Diplazium eggersii,FALSE,FALSE
Equisetopsida,Poales,Bromeliaceae,Pitcairnia wolfei,FALSE,FALSE
Equisetopsida,Sapindales,Burseraceae,Dacryodes peruviana,FALSE,FALSE
Equisetopsida,Polypodiales,Athyriaceae,Diplazium macrophyllum,FALSE,FALSE
Equisetopsida,Sapindales,Burseraceae,Dacryodes nitens,FALSE,FALSE
Mammalia,Primates,Pitheciidae,Pithecia monachus,FALSE,FALSE
Insecta,Lepidoptera,Pieridae,Pieriballia viardi rubecula,FALSE,FALSE
Insecta,Lepidoptera,Nymphalidae,Adelpha cocala urraca,FALSE,FALSE
Equisetopsida,Gleicheniales,Gleicheniaceae,Sticherus nervatus,FALSE,FALSE
Equisetopsida,Fabales,Fabaceae,Zygia coccinea,FALSE,FALSE
Mammalia,Chiroptera,Phyllostomidae,Vampyressa melissa,FALSE,TRUE
Equisetopsida,Poales,Xyridaceae,Xyris tristis,FALSE,FALSE
Equisetopsida,Rosales,Urticaceae,Urera laciniata,FALSE,FALSE
Equisetopsida,Sapindales,Meliaceae,Swietenia macrophylla,FALSE,TRUE
Equisetopsida,Rosales,Urticaceae,Urera caracasana,FALSE,FALSE
Equisetopsida,Rosales,Urticaceae,Urera baccifera,FALSE,FALSE
Aves,Passeriformes,Thamnophilidae,Thamnophilus schistaceus,FALSE,FALSE
Equisetopsida,Arecales,Arecaceae,Syagrus sancona,FALSE,FALSE
Aves,Passeriformes,Tyrannidae,Zimmerius cinereicapilla,FALSE,FALSE
Insecta,Lepidoptera,Hesperiidae,Urbanus pronta,FALSE,FALSE
Aves,Passeriformes,Thamnophilidae,Thamnophilus palliatus,FALSE,FALSE
Equisetopsida,Hymenophyllales,Hymenophyllaceae,Vandenboschia radicans,FALSE,FALSE
Aves,Passeriformes,Thamnophilidae,Thamnophilus murinus,FALSE,FALSE
Insecta,Lepidoptera,Riodinidae,Uraneis hyalina,FALSE,FALSE
Aves,Charadriiformes,Charadriidae,Vanellus cayanus,FALSE,FALSE
Equisetopsida,Fabales,Fabaceae,Swartzia polyphylla,FALSE,FALSE
Equisetopsida,Magnoliales,Annonaceae,Xylopia cuspidata,FALSE,FALSE
Aves,Passeriformes,Tyrannidae,Zimmerius viridiflavus,TRUE,FALSE
Aves,Passeriformes,Thamnophilidae,Thamnophilus doliatus,FALSE,FALSE
Aves,Passeriformes,Thamnophilidae,Thamnophilus caerulescens,FALSE,FALSE
Equisetopsida,Polypodiales,Thelypteridaceae,Thelypteris opposita,FALSE,FALSE
Equisetopsida,Magnoliales,Annonaceae,Unonopsis guatterioides,FALSE,FALSE
Aves,Apodiformes,Apodidae,Streptoprocne zonaris,FALSE,FALSE
Equisetopsida,Fabales,Fabaceae,Vatairea fusca,FALSE,FALSE
Equisetopsida,Magnoliales,Annonaceae,Xylopia calophylla,FALSE,FALSE
Equisetopsida,Asterales,Asteraceae,Vernonanthura patens,FALSE,FALSE
Aves,Passeriformes,Thamnophilidae,Thamnophilus aethiops,FALSE,FALSE
Equisetopsida,Gentianales,Rubiaceae,Uncaria tomentosa,FALSE,FALSE
Insecta,Lepidoptera,Nymphalidae,Zischkaia saundersii,FALSE,FALSE
Aves,Passeriformes,Thamnophilidae,Thamnomanes ardesiacus,FALSE,FALSE
Insecta,Lepidoptera,Nymphalidae,Vila emilia caecilia,FALSE,FALSE
Equisetopsida,Malvales,Malvaceae,Theobroma cacao,FALSE,FALSE
Aves,Passeriformes,Thamnophilidae,Thamnistes rufescens,FALSE,FALSE
Equisetopsida,Malvales,Malvaceae,Theobroma obovatum,FALSE,FALSE
Aves,Passeriformes,Vireonidae,Vireolanius leucotis,FALSE,FALSE
Equisetopsida,Malvales,Malvaceae,Theobroma speciosum,FALSE,FALSE
Aves,Apodiformes,Apodidae,Streptoprocne rutila,FALSE,FALSE
Aves,Passeriformes,Vireonidae,Vireo leucophrys,FALSE,FALSE
Equisetopsida,Malvales,Malvaceae,Theobroma subincanum,FALSE,FALSE
Aves,Apodiformes,Trochilidae,Thalurania furcata,FALSE,FALSE
Equisetopsida,Cycadales,Zamiaceae,Zamia urep,TRUE,FALSE
Aves,Passeriformes,Vireonidae,Vireo olivaceus,FALSE,FALSE
Aves,Passeriformes,Tyrannidae,Tyrannus melancholicus,FALSE,FALSE
Equisetopsida,Magnoliales,Myristicaceae,Virola calophylla,FALSE,FALSE
Aves,Passeriformes,Tyrannidae,Tyrannulus elatus,FALSE,FALSE
Equisetopsida,Magnoliales,Myristicaceae,Virola decorticans,FALSE,FALSE
Equisetopsida,Fabales,Fabaceae,Swartzia cuspidata,FALSE,FALSE
Aves,Passeriformes,Pipridae,Tyranneutes stolzmanni,FALSE,FALSE
Equisetopsida,Magnoliales,Myristicaceae,Virola elongata,FALSE,FALSE
Equisetopsida,Magnoliales,Myristicaceae,Virola flexuosa,FALSE,FALSE
Equisetopsida,Magnoliales,Myristicaceae,Virola loretensis,FALSE,FALSE
Equisetopsida,Lamiales,Bignoniaceae,Tynanthus panurensis,FALSE,FALSE
Equisetopsida,Crossosomatales,Staphyleaceae,Turpinia occidentalis,FALSE,FALSE
Equisetopsida,Malpighiales,Salicaceae,Tetrathylacium macrophyllum,FALSE,FALSE
Equisetopsida,Magnoliales,Myristicaceae,Virola mollissima,FALSE,FALSE
Aves,Passeriformes,Turdidae,Turdus serranus,FALSE,FALSE
Aves,Passeriformes,Passerellidae,Zonotrichia capensis,FALSE,FALSE
Aves,Columbiformes,Columbidae,Zentrygon frenata,FALSE,FALSE
Equisetopsida,Magnoliales,Myristicaceae,Virola multinervia,FALSE,FALSE
Aves,Passeriformes,Turdidae,Turdus nigriceps,FALSE,FALSE
Equisetopsida,Magnoliales,Myristicaceae,Virola pavonis,FALSE,FALSE
Aves,Passeriformes,Thraupidae,Thlypopsis ornata,FALSE,FALSE
Aves,Passeriformes,Turdidae,Turdus leucops,FALSE,FALSE
Equisetopsida,Magnoliales,Annonaceae,Tetrameranthus umbellatus,FALSE,FALSE
Equisetopsida,Magnoliales,Myristicaceae,Virola sebifera,FALSE,FALSE
Equisetopsida,Fabales,Fabaceae,Swartzia arborescens,FALSE,FALSE
Aves,Passeriformes,Turdidae,Turdus ignobilis,FALSE,FALSE
Equisetopsida,Malpighiales,Hypericaceae,Vismia amazonica,FALSE,FALSE
Equisetopsida,Sapindales,Rutaceae,Zanthoxylum ekmanii,FALSE,FALSE
Equisetopsida,Malpighiales,Hypericaceae,Vismia glabra,FALSE,FALSE
Equisetopsida,Lamiales,Bignoniaceae,Stizophyllum riparium,FALSE,FALSE
Aves,Passeriformes,Turdidae,Turdus hauxwelli,FALSE,FALSE
Equisetopsida,Malpighiales,Hypericaceae,Vismia macrophylla,FALSE,FALSE
Equisetopsida,Malpighiales,Hypericaceae,Vismia sandwithii,FALSE,FALSE
Equisetopsida,Lamiales,Lamiaceae,Vitex cymosa,FALSE,FALSE
Aves,Passeriformes,Thraupidae,Tersina viridis,FALSE,FALSE
Aves,Passeriformes,Turdidae,Turdus albicollis,FALSE,FALSE
Equisetopsida,Pandanales,Cyclanthaceae,Thoracocarpus bissectus,FALSE,FALSE
Aves,Passeriformes,Vireonidae,Tunchiornis ochraceiceps,FALSE,FALSE
Equisetopsida,Ericales,Pentaphylacaceae,Ternstroemia brachypoda,FALSE,FALSE
Aves,Passeriformes,Thraupidae,Volatinia jacarina,FALSE,FALSE
Equisetopsida,Rosales,Moraceae,Trophis caucana,FALSE,FALSE
Equisetopsida,Gentianales,Gentianaceae,Voyria aphylla,FALSE,FALSE
Equisetopsida,Gentianales,Gentianaceae,Voyria flavescens,FALSE,FALSE
Equisetopsida,Myrtales,Combretaceae,Terminalia oblonga,FALSE,FALSE
Aves,Passeriformes,Thraupidae,Thraupis episcopus,FALSE,FALSE
Equisetopsida,Gentianales,Gentianaceae,Symbolanthus calygonus,FALSE,FALSE
Aves,Trogoniformes,Trogonidae,Trogon viridis,FALSE,FALSE
Aves,Passeriformes,Thraupidae,Thraupis palmarum,FALSE,FALSE
Equisetopsida,Myrtales,Combretaceae,Terminalia grandis,FALSE,FALSE
Equisetopsida,Sapindales,Sapindaceae,Talisia cerasina,FALSE,FALSE
Aves,Trogoniformes,Trogonidae,Trogon ramonianus,FALSE,FALSE
Equisetopsida,Myrtales,Combretaceae,Terminalia duckei,FALSE,FALSE
Equisetopsida,Myrtales,Combretaceae,Terminalia dichotoma,FALSE,FALSE
Aves,Trogoniformes,Trogonidae,Trogon personatus,FALSE,FALSE
Aves,Passeriformes,Thraupidae,Stilpnia viridicollis,FALSE,FALSE
Aves,Passeriformes,Thraupidae,Stilpnia phillipsi,TRUE,FALSE
Equisetopsida,Gentianales,Gentianaceae,Symbolanthus incaicus,FALSE,FALSE
Equisetopsida,Gentianales,Rubiaceae,Warszewiczia coccinea,FALSE,FALSE
Aves,Passeriformes,Onychorhynchidae,Terenotriccus erythrurus,FALSE,FALSE
Equisetopsida,Gentianales,Rubiaceae,Warszewiczia cordata,FALSE,FALSE
Aves,Trogoniformes,Trogonidae,Trogon melanurus,FALSE,FALSE
Aves,Apodiformes,Trochilidae,Threnetes leucurus,FALSE,FALSE
Equisetopsida,Malpighiales,Clusiaceae,Tovomita laurina,FALSE,FALSE
Aves,Passeriformes,Thraupidae,Stilpnia nigrocincta,FALSE,FALSE
Insecta,Lepidoptera,Nymphalidae,Temenis pulchra pallidior,FALSE,FALSE
Equisetopsida,Gentianales,Gentianaceae,Symbolanthus pascoensis,FALSE,FALSE
Insecta,Lepidoptera,Nymphalidae,Temenis laothoe laothoe,FALSE,FALSE
Equisetopsida,Oxalidales,Cunoniaceae,Weinmannia balbisiana,FALSE,FALSE
Aves,Passeriformes,Furnariidae,Thripadectes melanorhynchus,FALSE,FALSE
Aves,Trogoniformes,Trogonidae,Trogon curucui,FALSE,FALSE
Equisetopsida,Oxalidales,Cunoniaceae,Weinmannia cochensis,FALSE,FALSE
Equisetopsida,Oxalidales,Cunoniaceae,Weinmannia lechleriana,FALSE,FALSE
Aves,Trogoniformes,Trogonidae,Trogon collaris,FALSE,FALSE
Equisetopsida,Oxalidales,Cunoniaceae,Weinmannia pentaphylla,FALSE,FALSE
Aves,Trogoniformes,Trogonidae,Trogon caligatus,FALSE,FALSE
Aves,Passeriformes,Troglodytidae,Troglodytes solstitialis,FALSE,FALSE
Insecta,Lepidoptera,Nymphalidae,Telenassa teletusa burchelli,FALSE,FALSE
Equisetopsida,Arecales,Arecaceae,Welfia alfredii,FALSE,FALSE
Equisetopsida,Polypodiales,Tectariaceae,Tectaria plantaginea,FALSE,FALSE
Equisetopsida,Arecales,Arecaceae,Wettinia augusta,FALSE,FALSE
Equisetopsida,Polypodiales,Tectariaceae,Tectaria incisa,FALSE,FALSE
Aves,Passeriformes,Troglodytidae,Troglodytes aedon,FALSE,FALSE
Equisetopsida,Sapindales,Anacardiaceae,Thyrsodium herrerense,FALSE,FALSE
Equisetopsida,Polypodiales,Tectariaceae,Tectaria antioquoiana,FALSE,FALSE
Equisetopsida,Arecales,Arecaceae,Wettinia maynensis,FALSE,FALSE
Insecta,Lepidoptera,Nymphalidae,Taygetis thamyra,FALSE,FALSE
Aves,Passeriformes,Thamnophilidae,Willisornis poecilinotus,FALSE,FALSE
Equisetopsida,Sapindales,Rutaceae,Ticorea tubiflora,FALSE,FALSE
Insecta,Lepidoptera,Nymphalidae,Taygetis chrysogone,FALSE,FALSE
Equisetopsida,Alismatales,Araceae,Xanthosoma brevispathaceum,FALSE,FALSE
Equisetopsida,Malpighiales,Clusiaceae,Symphonia globulifera,FALSE,FALSE
Equisetopsida,Alismatales,Araceae,Xanthosoma poeppigii,FALSE,FALSE
Equisetopsida,Alismatales,Araceae,Xanthosoma pubescens,FALSE,FALSE
Aves,Passeriformes,Thraupidae,Stilpnia cyanicollis,FALSE,FALSE
Equisetopsida,Alismatales,Araceae,Xanthosoma trichophyllum,FALSE,FALSE
Equisetopsida,Asterales,Asteraceae,Tilesia baccata,FALSE,FALSE
Insecta,Lepidoptera,Hesperiidae,Tarsoctenus papias,FALSE,FALSE
Equisetopsida,Malpighiales,Malpighiaceae,Stigmaphyllon sinuatum,FALSE,FALSE
Equisetopsida,Poales,Bromeliaceae,Tillandsia confinis,FALSE,FALSE
Aves,Passeriformes,Furnariidae,Xenops minutus,FALSE,FALSE
Aves,Passeriformes,Thamnophilidae,Taraba major,FALSE,FALSE
Aves,Passeriformes,Furnariidae,Xenops rutilans,FALSE,FALSE
Aves,Charadriiformes,Scolopacidae,Tringa solitaria,FALSE,FALSE
Equisetopsida,Malpighiales,Dichapetalaceae,Tapura juruana,FALSE,FALSE
Mammalia,Perissodactyla,Tapiridae,Tapirus terrestris,FALSE,FALSE
Aves,Passeriformes,Thraupidae,Trichothraupis melanops,FALSE,FALSE
Aves,Passeriformes,Furnariidae,Xiphocolaptes promeropirhynchus,FALSE,FALSE
Equisetopsida,Malpighiales,Malpighiaceae,Stigmaphyllon argenteum,TRUE,FALSE
Aves,Passeriformes,Furnariidae,Xiphorhynchus elegans,FALSE,FALSE
Equisetopsida,Hymenophyllales,Hymenophyllaceae,Trichomanes trollii,FALSE,FALSE
Aves,Passeriformes,Furnariidae,Synallaxis gujanensis,FALSE,FALSE
Mammalia,Pilosa,Myrmecophagidae,Tamandua tetradactyla,FALSE,FALSE
Equisetopsida,Hymenophyllales,Hymenophyllaceae,Trichomanes polypodioides,FALSE,FALSE
Aves,Passeriformes,Furnariidae,Synallaxis hypospodia,FALSE,FALSE
Equisetopsida,Sapindales,Anacardiaceae,Tapirira obtusa,FALSE,FALSE
Aves,Passeriformes,Furnariidae,Xiphorhynchus triangularis,FALSE,FALSE
Aves,Tinamiformes,Tinamidae,Tinamus guttatus,FALSE,FALSE
Aves,Passeriformes,Furnariidae,Synallaxis cabanisi,FALSE,FALSE
Aves,Tinamiformes,Tinamidae,Tinamus major,FALSE,FALSE
Equisetopsida,Gleicheniales,Gleicheniaceae,Sticherus tomentosus,FALSE,FALSE
Equisetopsida,Sapindales,Anacardiaceae,Tapirira guianensis,FALSE,FALSE
Equisetopsida,Ericales,Symplocaceae,Symplocos bogotensis,FALSE,FALSE
Aves,Cuculiformes,Cuculidae,Tapera naevia,FALSE,FALSE
Aves,Passeriformes,Furnariidae,Syndactyla rufosuperciliata,FALSE,FALSE
Aves,Passeriformes,Furnariidae,Syndactyla subalaris,FALSE,FALSE
Equisetopsida,Sapindales,Meliaceae,Trichilia tuberculata,FALSE,FALSE
Aves,Passeriformes,Thraupidae,Tangara xanthocephala,FALSE,FALSE
Aves,Tinamiformes,Tinamidae,Tinamus tao,FALSE,FALSE
Equisetopsida,Sapindales,Meliaceae,Trichilia solitudinis,FALSE,FALSE
Equisetopsida,Myrtales,Melastomataceae,Topobea multiflora,FALSE,FALSE
Equisetopsida,Alismatales,Araceae,Syngonium podophyllum,FALSE,FALSE
Aves,Passeriformes,Thraupidae,Tangara velia,FALSE,FALSE
Equisetopsida,Sapindales,Meliaceae,Trichilia septentrionalis,FALSE,FALSE
Equisetopsida,Sapindales,Meliaceae,Trichilia schomburgkii,FALSE,FALSE
Equisetopsida,Sapindales,Meliaceae,Trichilia rubra,FALSE,FALSE
Equisetopsida,Sapindales,Meliaceae,Trichilia quadrijuga,FALSE,FALSE
Aves,Passeriformes,Thraupidae,Tangara vassorii,FALSE,FALSE
Aves,Passeriformes,Tyrannidae,Syrtidicola fluviatilis,FALSE,FALSE
Equisetopsida,Ericales,Symplocaceae,Symplocos fuliginosa,FALSE,FALSE
Equisetopsida,Sapindales,Meliaceae,Trichilia poeppigii,FALSE,FALSE
Equisetopsida,Ericales,Symplocaceae,Symplocos globulifera,TRUE,FALSE
Insecta,Lepidoptera,Nymphalidae,Tithorea harmonia,FALSE,FALSE
Aves,Passeriformes,Thraupidae,Tangara schrankii,FALSE,FALSE
Equisetopsida,Ericales,Primulaceae,Stylogyne ardisioides,FALSE,FALSE
Equisetopsida,Sapindales,Meliaceae,Trichilia micrantha,FALSE,FALSE
Aves,Passeriformes,Tityridae,Tityra inquisitor,FALSE,FALSE
Equisetopsida,Gentianales,Apocynaceae,Tabernaemontana sananho,FALSE,FALSE
Aves,Passeriformes,Thraupidae,Tangara parzudakii,FALSE,FALSE
Equisetopsida,Sapindales,Meliaceae,Trichilia laxipaniculata,FALSE,FALSE
Aves,Passeriformes,Tityridae,Tityra semifasciata,FALSE,FALSE
Equisetopsida,Sapindales,Meliaceae,Trichilia elegans,FALSE,FALSE
Aves,Passeriformes,Thraupidae,Tangara nigroviridis,FALSE,FALSE
Insecta,Lepidoptera,Nymphalidae,Zaretis itys itys,FALSE,FALSE
Equisetopsida,Myrtales,Melastomataceae,Tococa guianensis,FALSE,FALSE
Equisetopsida,Gentianales,Gentianaceae,Tachia occidentalis,FALSE,FALSE
Equisetopsida,Gentianales,Rubiaceae,Tocoyena williamsii,FALSE,FALSE
Aves,Passeriformes,Thraupidae,Tangara mexicana,FALSE,FALSE
Aves,Passeriformes,Furnariidae,Synallaxis albigularis,FALSE,FALSE
Equisetopsida,Asterales,Asteraceae,Trepadonia oppositifolia,FALSE,FALSE
Equisetopsida,Fabales,Fabaceae,Tachigali cenepensis,FALSE,FALSE
Aves,Passeriformes,Tyrannidae,Todirostrum chrysocrotaphum,FALSE,FALSE
Mammalia,Carnivora,Ursidae,Tremarctos ornatus,FALSE,TRUE
Equisetopsida,Fabales,Fabaceae,Tachigali chrysophylla,FALSE,FALSE
Aves,Passeriformes,Thraupidae,Tangara gyrola,FALSE,FALSE
Aves,Passeriformes,Tyrannidae,Todirostrum cinereum,FALSE,FALSE
Aves,Passeriformes,Thraupidae,Tangara cyanotis,FALSE,FALSE
Equisetopsida,Fabales,Fabaceae,Tachigali inconspicua,FALSE,FALSE
Equisetopsida,Ericales,Primulaceae,Stylogyne serpentina,FALSE,FALSE
Aves,Passeriformes,Thraupidae,Tangara chrysotis,FALSE,FALSE
Aves,Passeriformes,Tyrannidae,Tolmomyias assimilis,FALSE,FALSE
Equisetopsida,Fabales,Fabaceae,Tachigali pilosa,FALSE,FALSE
Equisetopsida,Fabales,Fabaceae,Tachigali setifera,FALSE,FALSE
Aves,Passeriformes,Tyrannidae,Tolmomyias flaviventris,FALSE,FALSE
Equisetopsida,Rosales,Cannabaceae,Trema micrantha,FALSE,FALSE
Equisetopsida,Sapindales,Burseraceae,Trattinnickia lawrancei,FALSE,FALSE
Aves,Passeriformes,Tyrannidae,Tolmomyias poliocephalus,FALSE,FALSE
Aves,Passeriformes,Thraupidae,Tangara chilensis,FALSE,FALSE
Equisetopsida,Ericales,Styracaceae,Styrax vilcabambae,FALSE,FALSE
Equisetopsida,Ericales,Symplocaceae,Symplocos quitensis,FALSE,FALSE
Aves,Apodiformes,Apodidae,Tachornis squamata,FALSE,FALSE
Aves,Passeriformes,Furnariidae,Xiphorhynchus guttatus,FALSE,FALSE
Equisetopsida,Commelinales,Commelinaceae,Tradescantia zanonia,FALSE,FALSE
Aves,Passeriformes,Furnariidae,Xiphorhynchus ocellatus,FALSE,FALSE
Aves,Podicipediformes,Podicipedidae,Tachybaptus dominicus,FALSE,FALSE
Aves,Passeriformes,Thraupidae,Tangara arthus,FALSE,FALSE
Equisetopsida,Ericales,Styracaceae,Styrax omuk,TRUE,FALSE
Aves,Caprimulgiformes,Caprimulgidae,Uropsalis segmentata,FALSE,FALSE
Aves,Caprimulgiformes,Caprimulgidae,Uropsalis lyra,FALSE,FALSE
Equisetopsida,Poales,Xyridaceae,Xyris subulata,FALSE,FALSE
