Clase,Orden,Familia,Especie
Aves,Galbuliformes,Bucconidae,"Monasa flavirostris"
Aves,Galbuliformes,Bucconidae,"Monasa morphoeus"
Aves,Piciformes,Picidae,"Melanerpes cruentatus"
Aves,Galbuliformes,Bucconidae,"Monasa nigrifrons"
Aves,Passeriformes,Thamnophilidae,"Megastictus margaritatus"
Aves,Strigiformes,Strigidae,"Megascops watsonii"
Aves,Strigiformes,Strigidae,"Megascops choliba"
Aves,Passeriformes,Tyrannidae,"Megarynchus pitangua"
Mammalia,Didelphimorphia,Didelphidae,"Monodelphis (Mygalodelphys) adusta"
Actinopterygii,Siluriformes,Callichthyidae,"Megalechis thoracata"
Aves,Coraciiformes,Alcedinidae,"Megaceryle torquata"
Equisetopsida,Zingiberales,Marantaceae,"Monotagma angustissimum"
Equisetopsida,Zingiberales,Marantaceae,"Monotagma juruanum"
Equisetopsida,Arecales,Arecaceae,"Aiphanes weberbaueri"
Equisetopsida,Zingiberales,Marantaceae,"Monotagma laxum"
Equisetopsida,Zingiberales,Marantaceae,"Monotagma parvulum"
Equisetopsida,Zingiberales,Marantaceae,"Monotagma plurispicatum"
Equisetopsida,Zingiberales,Marantaceae,"Monotagma tuberosum"
Equisetopsida,Zingiberales,Marantaceae,"Monotagma vaginatum"
Equisetopsida,Alismatales,Araceae,"Monstera aureopinnata"
Mammalia,Cetartiodactyla,Cervidae,"Mazama nemorivaga"
Equisetopsida,Alismatales,Araceae,"Monstera gracilis"
Mammalia,Cetartiodactyla,Cervidae,"Mazama americana"
Equisetopsida,Alismatales,Araceae,"Monstera obliqua"
Equisetopsida,Alismatales,Araceae,"Monstera spruceana"
Equisetopsida,Malpighiales,Achariaceae,"Mayna odorata"
Equisetopsida,Celastrales,Celastraceae,"Monteverdia amazonica"
Equisetopsida,Malpighiales,Achariaceae,"Mayna grandifolia"
Equisetopsida,Celastrales,Celastraceae,"Monteverdia macrocarpa"
Equisetopsida,Asparagales,Orchidaceae,"Maxillaria villosa"
Equisetopsida,Asparagales,Orchidaceae,"Maxillaria superflua"
Equisetopsida,Malpighiales,Chrysobalanaceae,"Moquilea brittoniana"
Equisetopsida,Malpighiales,Chrysobalanaceae,"Moquilea celiae"
Equisetopsida,Malpighiales,Chrysobalanaceae,"Moquilea guianensis"
Equisetopsida,Malpighiales,Chrysobalanaceae,"Moquilea unguiculata"
Equisetopsida,Malpighiales,Clusiaceae,"Moronobea coccinea"
Equisetopsida,Arecales,Arecaceae,"Mauritiella armata"
Equisetopsida,Arecales,Arecaceae,"Mauritiella aculeata"
Insecta,Lepidoptera,Nymphalidae,"Morpho achilles"
Equisetopsida,Arecales,Arecaceae,"Mauritia flexuosa"
Equisetopsida,Arecales,Arecaceae,"Mauritia carana"
Insecta,Lepidoptera,Nymphalidae,"Morpho deidamia"
Insecta,Lepidoptera,Nymphalidae,"Morpho helenor"
Equisetopsida,Malvales,Malvaceae,"Matisia soegengii"
Insecta,Lepidoptera,Nymphalidae,"Morpho marcus"
Insecta,Lepidoptera,Nymphalidae,"Morpho menelaus"
Equisetopsida,Malvales,Malvaceae,"Matisia obliquifolia"
Insecta,Lepidoptera,Nymphalidae,"Morpho telemachus"
Equisetopsida,Malvales,Malvaceae,"Matisia malacocalyx"
Equisetopsida,Malvales,Malvaceae,"Matisia intricata"
Equisetopsida,Malvales,Malvaceae,"Matisia idroboi"
Equisetopsida,Malvales,Malvaceae,"Matisia hirta"
Equisetopsida,Malvales,Malvaceae,"Matisia bracteolosa"
Equisetopsida,Sapindales,Sapindaceae,"Matayba macrocarpa"
Equisetopsida,Sapindales,Sapindaceae,"Matayba inelegans"
Equisetopsida,Sapindales,Sapindaceae,"Matayba guianensis"
Equisetopsida,Myrtales,Melastomataceae,"Mouriri acutiflora"
Equisetopsida,Sapindales,Sapindaceae,"Matayba arborescens"
Equisetopsida,Arecales,Arecaceae,"Aiphanes deltoidea"
Equisetopsida,Myrtales,Melastomataceae,"Mouriri cauliflora"
Equisetopsida,Myrtales,Melastomataceae,"Mouriri grandiflora"
Equisetopsida,Myrtales,Melastomataceae,"Mouriri guianensis"
Equisetopsida,Lamiales,Bignoniaceae,"Martinella obovata"
Equisetopsida,Lamiales,Bignoniaceae,"Martinella iquitoensis"
Equisetopsida,Myrtales,Melastomataceae,"Mouriri retentipetala"
Equisetopsida,Myrtales,Melastomataceae,"Mouriri vernicosa"
Equisetopsida,Fabales,Polygalaceae,"Moutabea aculeata"
Equisetopsida,Gentianales,Apocynaceae,"Marsdenia rubrofusca"
Equisetopsida,Gentianales,Apocynaceae,"Mucoa duckei"
Equisetopsida,Fabales,Fabaceae,"Mucuna urens"
Mammalia,Didelphimorphia,Didelphidae,"Marmosops (Sciophanes) bishopi"
Mammalia,Didelphimorphia,Didelphidae,"Marmosops (Marmosops) noctivagus"
Mammalia,Didelphimorphia,Didelphidae,"Marmosa (Stegomarmosa) lepida"
Mammalia,Didelphimorphia,Didelphidae,"Marmosa (Micoureus) jansae"
Mammalia,Didelphimorphia,Didelphidae,"Marmosa (Micoureus) constantiae"
Mammalia,Didelphimorphia,Didelphidae,"Marmosa (Marmosa) waterhousei"
Mammalia,Didelphimorphia,Didelphidae,"Marmosa (Eomarmosa) rubra"
Equisetopsida,Fabales,Fabaceae,"Marmaroxylon basijugum"
Equisetopsida,Myrtales,Myrtaceae,"Marlierea imperfecta"
Equisetopsida,Myrtales,Myrtaceae,"Marlierea caudata"
Equisetopsida,Solanales,Solanaceae,"Markea ulei"
Equisetopsida,Solanales,Solanaceae,"Markea formicarum"
Equisetopsida,Solanales,Convolvulaceae,"Maripa peruviana"
Equisetopsida,Solanales,Convolvulaceae,"Maripa axilliflora"
Equisetopsida,Malpighiales,Calophyllaceae,"Marila tomentosa"
Equisetopsida,Malvales,Muntingiaceae,"Muntingia calabura"
Equisetopsida,Malpighiales,Phyllanthaceae,"Margaritaria nobilis"
Equisetopsida,Ericales,Marcgraviaceae,"Marcgravia nervosa"
Equisetopsida,Ericales,Marcgraviaceae,"Marcgravia longifolia"
Equisetopsida,Ericales,Marcgraviaceae,"Marcgravia crenata"
Equisetopsida,Ericales,Marcgraviaceae,"Marcgravia caudata"
Equisetopsida,Rosales,Moraceae,"Maquira calophylla"
Equisetopsida,Malpighiales,Euphorbiaceae,"Maprounea guianensis"
Equisetopsida,Lamiales,Bignoniaceae,"Mansoa verrucifera"
Equisetopsida,Lamiales,Bignoniaceae,"Mansoa standleyi"
Equisetopsida,Ericales,Sapotaceae,"Manilkara bidentata"
Equisetopsida,Gentianales,Rubiaceae,"Manettia glandulosa"
Equisetopsida,Gentianales,Rubiaceae,"Manettia asclepiadacea"
Aves,Passeriformes,Pipridae,"Manacus manacus"
Equisetopsida,Gentianales,Apocynaceae,"Malouetia peruviana"
Equisetopsida,Gentianales,Apocynaceae,"Malouetia naias"
Equisetopsida,Gentianales,Apocynaceae,"Malouetia killipii"
Equisetopsida,Gentianales,Rubiaceae,"Malanea cylindrica"
Equisetopsida,Gentianales,Rubiaceae,"Malanea boliviana"
Aves,Galbuliformes,Bucconidae,"Malacoptila fusca"
Aves,Passeriformes,Tyrannidae,"Myiarchus ferox"
Equisetopsida,Magnoliales,Magnoliaceae,"Magnolia equatorialis"
Insecta,Lepidoptera,Nymphalidae,"Magneuptychia opima"
Insecta,Lepidoptera,Nymphalidae,"Magneuptychia monopunctata"
Aves,Passeriformes,Tyrannidae,"Myiarchus swainsoni"
Insecta,Lepidoptera,Nymphalidae,"Magneuptychia analis"
Equisetopsida,Fabales,Fabaceae,"Macrosamanea spruceana"
Equisetopsida,Fabales,Fabaceae,"Macropsychanthus macrocarpus"
Equisetopsida,Fabales,Fabaceae,"Macrolobium suaveolens"
Equisetopsida,Fabales,Fabaceae,"Macrolobium microcalyx"
Equisetopsida,Fabales,Fabaceae,"Macrolobium limbatum"
Equisetopsida,Fabales,Fabaceae,"Macrolobium brevense"
Aves,Passeriformes,Tyrannidae,"Myiarchus tuberculifer"
Equisetopsida,Fabales,Fabaceae,"Macrolobium bifolium"
Equisetopsida,Fabales,Fabaceae,"Macrolobium arenarium"
Equisetopsida,Fabales,Fabaceae,"Macrolobium angustifolium"
Equisetopsida,Fabales,Fabaceae,"Macrolobium acaciifolium"
Aves,Passeriformes,Onychorhynchidae,"Myiobius barbatus"
Equisetopsida,Gentianales,Apocynaceae,"Macoubea sprucei"
Equisetopsida,Gentianales,Apocynaceae,"Macoubea guianensis"
Equisetopsida,Fabales,Fabaceae,"Machaerium madeirense"
Equisetopsida,Fabales,Fabaceae,"Machaerium kegelii"
Equisetopsida,Fabales,Fabaceae,"Machaerium floribundum var. parviflorum"
Equisetopsida,Fabales,Fabaceae,"Machaerium cuspidatum"
Equisetopsida,Malpighiales,Euphorbiaceae,"Mabea subsessilis"
Equisetopsida,Malpighiales,Euphorbiaceae,"Mabea speciosa"
Equisetopsida,Malpighiales,Euphorbiaceae,"Mabea pulcherrima"
Equisetopsida,Malpighiales,Euphorbiaceae,"Mabea piriri"
Equisetopsida,Malpighiales,Euphorbiaceae,"Mabea occidentalis"
Equisetopsida,Malpighiales,Euphorbiaceae,"Mabea nitida"
Equisetopsida,Malpighiales,Euphorbiaceae,"Mabea maynensis"
Equisetopsida,Malpighiales,Euphorbiaceae,"Mabea elata"
Aves,Passeriformes,Tyrannidae,"Myiopagis caniceps"
Equisetopsida,Solanales,Solanaceae,"Lycianthes pauciflora"
Aves,Passeriformes,Tyrannidae,"Myiopagis gaimardii"
Aves,Accipitriformes,Accipitridae,"Spizaetus ornatus"
Actinopterygii,Clupeiformes,Engraulididae,"Lycengraulis batesii"
Aves,Caprimulgiformes,Caprimulgidae,"Lurocalis semitorquatus"
Aves,Passeriformes,Tyrannidae,"Myiornis ecaudatus"
Equisetopsida,Malpighiales,Salicaceae,"Lunania parviflora"
Aves,Passeriformes,Parulidae,"Myiothlypis fulvicauda"
Equisetopsida,Malvales,Malvaceae,"Lueheopsis althaeiflora"
Equisetopsida,Myrtales,Onagraceae,"Ludwigia nervosa"
Equisetopsida,Myrtales,Onagraceae,"Ludwigia leptocarpa"
Equisetopsida,Myrtales,Onagraceae,"Ludwigia hyssopifolia"
Equisetopsida,Pandanales,Cyclanthaceae,"Ludovia lancifolia"
Insecta,Lepidoptera,Erebidae,"Loxophlebia ribripicta"
Insecta,Lepidoptera,Erebidae,"Loxophlebia chrysobasis"
Aves,Passeriformes,Tyrannidae,"Myiozetetes granadensis"
Aves,Passeriformes,Thraupidae,"Loriotus luctuosus"
Aves,Passeriformes,Thraupidae,"Loriotus cristatus"
Aves,Passeriformes,Tyrannidae,"Myiozetetes luteiventris"
Actinopterygii,Siluriformes,Loricariidae,"Loricaria clavipinna"
Aves,Passeriformes,Tyrannidae,"Lophotriccus vitiosus"
Aves,Strigiformes,Strigidae,"Lophostrix cristata"
Aves,Passeriformes,Tyrannidae,"Myiozetetes similis"
Mammalia,Chiroptera,Phyllostomidae,"Lophostoma silvicolum"
Mammalia,Chiroptera,Phyllostomidae,"Lophostoma brasiliense"
Mammalia,Rodentia,Dasyproctidae,"Myoprocta pratti"
Mammalia,Chiroptera,Vespertilionidae,"Myotis albescens"
Mammalia,Carnivora,Mustelidae,"Lontra longicaudis"
Mammalia,Chiroptera,Vespertilionidae,"Myotis nigricans"
Equisetopsida,Fabales,Fabaceae,"Lonchocarpus spiciflorus"
Mammalia,Chiroptera,Vespertilionidae,"Myotis riparius"
Mammalia,Chiroptera,Vespertilionidae,"Myotis simus"
Amphibia,Anura,Leptodactylidae,"Lithodytes lineatus"
Equisetopsida,Ericales,Ebenaceae,"Lissocarpa stenocarpa"
Equisetopsida,Ericales,Ebenaceae,"Lissocarpa kating"
Equisetopsida,Ericales,Ebenaceae,"Lissocarpa jensonii"
Equisetopsida,Myrtales,Myrtaceae,"Myrcia aliena"
Aves,Passeriformes,Cotingidae,"Lipaugus vociferans"
Equisetopsida,Myrtales,Myrtaceae,"Myrcia crebra"
Aves,Passeriformes,Rhinocryptidae,"Liosceles thoracicus"
Equisetopsida,Myrtales,Myrtaceae,"Myrcia hylobates"
Equisetopsida,Polypodiales,Lindsaeaceae,"Lindsaea hemiglossa"
Equisetopsida,Polypodiales,Lindsaeaceae,"Lindsaea guianensis"
Equisetopsida,Polypodiales,Lindsaeaceae,"Lindsaea divaricata"
Equisetopsida,Lamiales,Linderniaceae,"Lindernia crustacea"
Equisetopsida,Malpighiales,Achariaceae,"Lindackeria paludosa"
Actinopterygii,Siluriformes,Loricariidae,"Limatulichthys griseus"
Equisetopsida,Myrtales,Myrtaceae,"Myrcianthes prodigiosa"
Equisetopsida,Myrtales,Myrtaceae,"Myrcia obumbrans"
Equisetopsida,Laurales,Lauraceae,"Licaria rodriguesii"
Equisetopsida,Myrtales,Myrtaceae,"Myrciaria dubia"
Equisetopsida,Laurales,Lauraceae,"Licaria macrophylla"
Equisetopsida,Laurales,Lauraceae,"Licaria dolichantha"
Equisetopsida,Laurales,Lauraceae,"Licaria cannella"
Equisetopsida,Laurales,Lauraceae,"Licaria brasiliensis"
Equisetopsida,Myrtales,Myrtaceae,"Myrcia simulata"
Equisetopsida,Malpighiales,Chrysobalanaceae,"Licania urceolaris"
Equisetopsida,Malpighiales,Chrysobalanaceae,"Licania mollis"
Equisetopsida,Malpighiales,Chrysobalanaceae,"Licania micrantha"
Equisetopsida,Malpighiales,Chrysobalanaceae,"Licania hypoleuca"
Equisetopsida,Malpighiales,Chrysobalanaceae,"Licania harlingii"
Equisetopsida,Myrtales,Myrtaceae,"Myrcia sylvatica"
Equisetopsida,Myrtales,Myrtaceae,"Myrcia umbraticola"
Equisetopsida,Malpighiales,Chrysobalanaceae,"Licania canescens"
Equisetopsida,Malpighiales,Chrysobalanaceae,"Licania bracteata"
Equisetopsida,Malpighiales,Chrysobalanaceae,"Licania blackii"
Equisetopsida,Malpighiales,Chrysobalanaceae,"Licania apetala var. apetala"
Mammalia,Pilosa,Myrmecophagidae,"Myrmecophaga tridactyla"
Insecta,Lepidoptera,Erebidae,"Leucotmemis torrida"
Insecta,Lepidoptera,Erebidae,"Leucotmemis tenthredoides"
Aves,Accipitriformes,Accipitridae,"Leucopternis melanops"
Aves,Passeriformes,Thamnophilidae,"Myrmelastes hyperythrus"
Aves,Passeriformes,Thamnophilidae,"Myrmelastes leucostigma"
Aves,Passeriformes,Thamnophilidae,"Myrmelastes schistaceus"
Equisetopsida,Dicranales,Dicranaceae,"Leucobryum martianum"
Aves,Passeriformes,Thamnophilidae,"Myrmoborus myotherinus"
Equisetopsida,Icacinales,Icacinaceae,"Leretia cordata"
Aves,Passeriformes,Thamnophilidae,"Myrmophylax atrothorax"
Aves,Columbiformes,Columbidae,"Leptotila verreauxi"
Aves,Passeriformes,Grallariidae,"Myrmothera campanisona"
Aves,Columbiformes,Columbidae,"Leptotila rufaxilla"
Equisetopsida,Sapindales,Rutaceae,"Leptothyrsa sprucei"
Aves,Passeriformes,Thamnophilidae,"Myrmotherula axillaris"
Aves,Accipitriformes,Accipitridae,"Leptodon cayanensis"
Aves,Passeriformes,Thamnophilidae,"Myrmotherula brachyura"
Amphibia,Anura,Leptodactylidae,"Leptodactylus wagneri"
Amphibia,Anura,Leptodactylidae,"Leptodactylus stenodema"
Aves,Passeriformes,Thamnophilidae,"Myrmotherula ignota"
Amphibia,Anura,Leptodactylidae,"Leptodactylus rhodomystax"
Amphibia,Anura,Leptodactylidae,"Leptodactylus petersii"
Amphibia,Anura,Leptodactylidae,"Leptodactylus pentadactylus"
Amphibia,Anura,Leptodactylidae,"Leptodactylus leptodactyloides"
Amphibia,Anura,Leptodactylidae,"Leptodactylus discodactylus"
Amphibia,Anura,Leptodactylidae,"Leptodactylus diedrus"
Equisetopsida,Malpighiales,Chrysobalanaceae,"Leptobalanus octandrus"
Equisetopsida,Malpighiales,Chrysobalanaceae,"Leptobalanus longistylus"
Equisetopsida,Malpighiales,Chrysobalanaceae,"Leptobalanus latus"
Aves,Passeriformes,Thamnophilidae,"Myrmotherula longipennis"
Aves,Passeriformes,Thamnophilidae,"Myrmotherula menetriesii"
Actinopterygii,Characiformes,Anostomidae,"Leporinus friderici"
Actinopterygii,Characiformes,Anostomidae,"Leporinus fasciatus"
Actinopterygii,Characiformes,Anostomidae,"Leporinus agassizi"
Aves,Passeriformes,Thamnophilidae,"Myrmotherula multostriata"
Aves,Passeriformes,Pipridae,"Lepidothrix coronata"
Equisetopsida,Arecales,Arecaceae,"Lepidocaryum tenue"
Mammalia,Carnivora,Felidae,"Leopardus wiedii"
Mammalia,Carnivora,Felidae,"Leopardus pardalis"
Insecta,Lepidoptera,Erebidae,"Mystrocneme varipes"
Aves,Psittaciformes,Psittacidae,"Nannopsittaca dachilleae"
Actinopterygii,Characiformes,Lebiasinidae,"Nannostomus eques"
Actinopterygii,Characiformes,Lebiasinidae,"Nannostomus trifasciatus"
Equisetopsida,Malpighiales,Violaceae,"Leonia glycycarpa"
Equisetopsida,Malpighiales,Violaceae,"Leonia cymosa"
Equisetopsida,Malpighiales,Violaceae,"Leonia crassa"
Aves,Passeriformes,Tyrannidae,"Legatus leucophaius"
Equisetopsida,Ericales,Lecythidaceae,"Lecythis pisonis"
Equisetopsida,Ericales,Lecythidaceae,"Lecythis chartacea"
Equisetopsida,Myrtales,Melastomataceae,"Leandra macdanielii"
Equisetopsida,Myrtales,Melastomataceae,"Leandra longicoma"
Equisetopsida,Fabales,Fabaceae,"Abarema laeta"
Aves,Passeriformes,Furnariidae,"Nasica longirostris"
Aves,Passeriformes,Tyrannidae,"Lathrotriccus euleri"
Aves,Gruiformes,Rallidae,"Laterallus melanophaius"
Aves,Gruiformes,Rallidae,"Laterallus exilis"
Mammalia,Chiroptera,Vespertilionidae,"Lasiurus ega"
Mammalia,Carnivora,Procyonidae,"Nasua nasua"
Equisetopsida,Rosales,Moraceae,"Naucleopsis concinna"
Equisetopsida,Rosales,Moraceae,"Naucleopsis glabra"
Equisetopsida,Rosales,Moraceae,"Naucleopsis herrerensis"
Equisetopsida,Rosales,Moraceae,"Naucleopsis humilis"
Equisetopsida,Rosales,Moraceae,"Naucleopsis imitans"
Equisetopsida,Lamiales,Verbenaceae,"Lantana trifolia"
Equisetopsida,Rosales,Moraceae,"Naucleopsis mello-barretoi"
Equisetopsida,Rosales,Moraceae,"Naucleopsis oblongifolia"
Equisetopsida,Rosales,Moraceae,"Naucleopsis ternstroemiiflora"
Equisetopsida,Lamiales,Verbenaceae,"Lantana cujabensis"
Equisetopsida,Lamiales,Verbenaceae,"Lantana camara"
Equisetopsida,Rosales,Moraceae,"Naucleopsis ulei"
Aves,Passeriformes,Thraupidae,"Lanio fulvus"
Aves,Accipitriformes,Accipitridae,"Spizaetus tyrannus"
Equisetopsida,Lamiales,Gesneriaceae,"Nautilocalyx bullatus"
Equisetopsida,Lamiales,Gesneriaceae,"Nautilocalyx erytranthus"
Equisetopsida,Lamiales,Gesneriaceae,"Nautilocalyx whitei"
Aves,Passeriformes,Tityridae,"Laniocera hypopyrra"
Aves,Passeriformes,Icteridae,"Lampropsar tanagrinus"
Mammalia,Rodentia,Cricetidae,"Neacomys spinosus"
Equisetopsida,Malpighiales,Euphorbiaceae,"Nealchornea yapurensis"
Equisetopsida,Laurales,Lauraceae,"Nectandra acuminata"
Mammalia,Primates,Atelidae,"Lagothrix lagothricha"
Equisetopsida,Myrtales,Lythraceae,"Lafoensia punicifolia"
Equisetopsida,Malpighiales,Salicaceae,"Laetia suaveolens"
Equisetopsida,Malpighiales,Salicaceae,"Laetia procera"
Equisetopsida,Malpighiales,Salicaceae,"Laetia ovalifolia"
Actinopterygii,Cichliformes,Cichlidae,"Laetacara flavilabris"
Equisetopsida,Laurales,Lauraceae,"Nectandra globosa"
Actinopterygii,Characiformes,Anostomidae,"Laemolyta proxima"
Equisetopsida,Laurales,Lauraceae,"Nectandra gracilis"
Actinopterygii,Characiformes,Anostomidae,"Laemolyta garmani"
Equisetopsida,Laurales,Lauraceae,"Nectandra hihua"
Equisetopsida,Gentianales,Rubiaceae,"Ladenbergia oblongifolia"
Equisetopsida,Gentianales,Rubiaceae,"Ladenbergia amazonensis"
Equisetopsida,Malpighiales,Ochnaceae,"Lacunaria jenmanii"
Equisetopsida,Gentianales,Apocynaceae,"Lacmellea ramosissima"
Equisetopsida,Gentianales,Apocynaceae,"Lacmellea peruviana"
Equisetopsida,Gentianales,Apocynaceae,"Lacmellea klugii"
Equisetopsida,Gentianales,Apocynaceae,"Lacmellea floribunda"
Equisetopsida,Malpighiales,Lacistemataceae,"Lacistema nena"
Equisetopsida,Malpighiales,Lacistemataceae,"Lacistema aggregatum"
Equisetopsida,Laurales,Lauraceae,"Nectandra pearcei"
Equisetopsida,Poales,Cyperaceae,"Kyllinga pumila"
Equisetopsida,Gentianales,Rubiaceae,"Kutchubaea sericantha"
Equisetopsida,Gentianales,Rubiaceae,"Kutchubaea semisericea"
Equisetopsida,Gentianales,Rubiaceae,"Kutchubaea oocarpa"
Equisetopsida,Gentianales,Rubiaceae,"Kutchubaea insignis"
Equisetopsida,Laurales,Lauraceae,"Nectandra viburnoides"
Mammalia,Rodentia,Cricetidae,"Nectomys apicalis"
Equisetopsida,Caryophyllales,Nyctaginaceae,"Neea divaricata"
Equisetopsida,Caryophyllales,Nyctaginaceae,"Neea floribunda"
Equisetopsida,Magnoliales,Annonaceae,"Klarobelia cauliflora"
Equisetopsida,Caryophyllales,Nyctaginaceae,"Neea macrophylla"
Equisetopsida,Gentianales,Rubiaceae,"Agouticarpa curviflora"
Equisetopsida,Caryophyllales,Nyctaginaceae,"Neea parviflora"
Equisetopsida,Caryophyllales,Nyctaginaceae,"Neea spruceana"
Equisetopsida,Caryophyllales,Nyctaginaceae,"Neea verticillata"
Equisetopsida,Caryophyllales,Nyctaginaceae,"Neea virens"
Equisetopsida,Santalales,Opiliaceae,"Agonandra silvatica"
Actinopterygii,Siluriformes,Doradidae,"Nemadoras humeralis"
Aves,Passeriformes,Thamnophilidae,"Neoctantes niger"
Equisetopsida,Solanales,Solanaceae,"Juanulloa ochracea"
Aves,Passeriformes,Pipridae,"Neopelma chrysocephalum"
Aves,Passeriformes,Tyrannidae,"Neopipo cinnamomea"
Equisetopsida,Fabales,Fabaceae,"Jacqueshuberia loretensis"
Equisetopsida,Lamiales,Bignoniaceae,"Jacaranda obtusifolia"
Equisetopsida,Lamiales,Bignoniaceae,"Jacaranda macrocarpa"
Equisetopsida,Santalales,Opiliaceae,"Agonandra brasiliensis"
Equisetopsida,Lamiales,Bignoniaceae,"Jacaranda copaia"
Aves,Charadriiformes,Jacanidae,"Jacana jacana"
Aves,Galbuliformes,Galbulidae,"Jacamerops aureus"
Equisetopsida,Polypodiales,Nephrolepidaceae,"Nephrolepis biserrata"
Equisetopsida,Gentianales,Rubiaceae,"Ixora ulei"
Equisetopsida,Gentianales,Rubiaceae,"Ixora sparsifolia"
Equisetopsida,Gentianales,Rubiaceae,"Ixora rufa"
Equisetopsida,Gentianales,Rubiaceae,"Ixora panurensis"
Equisetopsida,Gentianales,Rubiaceae,"Ixora killipii"
Equisetopsida,Gentianales,Rubiaceae,"Ixora intensa"
Equisetopsida,Polypodiales,Nephrolepidaceae,"Nephrolepis rivularis"
Equisetopsida,Sapindales,Anacardiaceae,"Spondias globosa"
Mammalia,Rodentia,Echimyidae,"Isothrix bistriata"
Aves,Passeriformes,Thamnophilidae,"Isleria hauxwelli"
Equisetopsida,Gentianales,Rubiaceae,"Isertia hypoleuca"
Equisetopsida,Zingiberales,Marantaceae,"Ischnosiphon puberulus"
Equisetopsida,Zingiberales,Marantaceae,"Ischnosiphon obliquus"
Equisetopsida,Zingiberales,Marantaceae,"Ischnosiphon leucophaeus subsp. leucophaeus"
Equisetopsida,Zingiberales,Marantaceae,"Ischnosiphon leucophaeus"
Equisetopsida,Zingiberales,Marantaceae,"Ischnosiphon killipii"
Equisetopsida,Zingiberales,Marantaceae,"Ischnosiphon hirsutus"
Equisetopsida,Malpighiales,Malpighiaceae,"Niedenzuella stannea"
Equisetopsida,Poales,Poaceae,"Ischaemum latifolium"
Insecta,Lepidoptera,Erebidae,"Isanthrene varia"
Insecta,Lepidoptera,Erebidae,"Isanthrene aterrima"
Equisetopsida,Magnoliales,Myristicaceae,"Iryanthera ulei"
Equisetopsida,Magnoliales,Myristicaceae,"Iryanthera tessmannii"
Equisetopsida,Magnoliales,Myristicaceae,"Iryanthera polyneura"
Equisetopsida,Magnoliales,Myristicaceae,"Iryanthera paraensis"
Equisetopsida,Magnoliales,Myristicaceae,"Iryanthera paradoxa"
Equisetopsida,Magnoliales,Myristicaceae,"Iryanthera macrophylla"
Amphibia,Anura,Craugastoridae,"Noblella myrmecoides"
Equisetopsida,Magnoliales,Myristicaceae,"Iryanthera lancifolia"
Mammalia,Chiroptera,Noctilionidae,"Noctilio albiventris"
Equisetopsida,Magnoliales,Myristicaceae,"Iryanthera laevis"
Equisetopsida,Magnoliales,Myristicaceae,"Iryanthera juruensis"
Equisetopsida,Magnoliales,Myristicaceae,"Iryanthera hostmannii"
Equisetopsida,Magnoliales,Myristicaceae,"Iryanthera elliptica"
Equisetopsida,Magnoliales,Myristicaceae,"Iryanthera crassifolia"
Aves,Galbuliformes,Bucconidae,"Nonnula brunnea"
Equisetopsida,Arecales,Arecaceae,"Iriartella stenocarpa"
Equisetopsida,Arecales,Arecaceae,"Iriartella setigera"
Aves,Galbuliformes,Bucconidae,"Nonnula rubecula"
Equisetopsida,Fabales,Fabaceae,"Abarema auriculata"
Equisetopsida,Arecales,Arecaceae,"Iriartea deltoidea"
Aves,Galbuliformes,Bucconidae,"Nonnula ruficapilla"
Equisetopsida,Ericales,Marcgraviaceae,"Norantea guianensis"
Equisetopsida,Malpighiales,Samydaceae,"Irenodendron cupulatum"
Aves,Galbuliformes,Bucconidae,"Notharchus hyperrhynchus"
Aves,Galbuliformes,Bucconidae,"Notharchus ordii"
Equisetopsida,Solanales,Convolvulaceae,"Ipomoea philomega"
Aves,Galbuliformes,Bucconidae,"Notharchus tectus"
Aves,Galliformes,Cracidae,"Nothocrax urumutum"
Equisetopsida,Solanales,Convolvulaceae,"Ipomoea batatas"
Aves,Passeriformes,Tityridae,"Iodopleura isabellae"
Mammalia,Cetartiodactyla,Iniidae,"Inia geoffrensis"
Equisetopsida,Fabales,Fabaceae,"Inga yasuniana"
Equisetopsida,Fabales,Fabaceae,"Inga vismiifolia"
Equisetopsida,Fabales,Fabaceae,"Inga venusta"
Equisetopsida,Fabales,Fabaceae,"Inga velutina"
Equisetopsida,Fabales,Fabaceae,"Inga umbellifera"
Equisetopsida,Fabales,Fabaceae,"Inga thibaudiana"
Equisetopsida,Fabales,Fabaceae,"Inga tenuistipula"
Equisetopsida,Gentianales,Rubiaceae,"Notopleura iridescens"
Equisetopsida,Fabales,Fabaceae,"Inga stenoptera"
Equisetopsida,Fabales,Fabaceae,"Inga spectabilis"
Equisetopsida,Gentianales,Rubiaceae,"Notopleura macrophylla"
Equisetopsida,Fabales,Fabaceae,"Inga semialata"
Equisetopsida,Gentianales,Rubiaceae,"Notopleura parasiggersiana"
Equisetopsida,Fabales,Fabaceae,"Inga ruiziana"
Equisetopsida,Gentianales,Rubiaceae,"Notopleura plagiantha"
Equisetopsida,Fabales,Fabaceae,"Inga poeppigiana"
Equisetopsida,Fabales,Fabaceae,"Inga pilosula"
Equisetopsida,Fabales,Fabaceae,"Inga pezizifera"
Equisetopsida,Fabales,Fabaceae,"Inga oerstediana"
Equisetopsida,Fabales,Fabaceae,"Inga multijuga"
Equisetopsida,Fabales,Fabaceae,"Inga megaphylla"
Equisetopsida,Fabales,Fabaceae,"Inga marginata"
Equisetopsida,Fabales,Fabaceae,"Inga macrophylla"
Equisetopsida,Fabales,Fabaceae,"Inga leiocalycina"
Equisetopsida,Fabales,Fabaceae,"Inga laurina"
Equisetopsida,Fabales,Fabaceae,"Inga lallensis"
Equisetopsida,Fabales,Fabaceae,"Inga heterophylla"
Equisetopsida,Asparagales,Orchidaceae,"Notylia microchila"
Equisetopsida,Fabales,Fabaceae,"Inga gereauana"
Equisetopsida,Fabales,Fabaceae,"Inga edulis"
Equisetopsida,Fabales,Fabaceae,"Inga densiflora"
Equisetopsida,Fabales,Fabaceae,"Inga coruscans"
Equisetopsida,Fabales,Fabaceae,"Inga cordatoalata"
Aves,Nyctibiiformes,Nyctibiidae,"Nyctibius aethereus"
Equisetopsida,Fabales,Fabaceae,"Inga cinnamomea"
Aves,Nyctibiiformes,Nyctibiidae,"Nyctibius bracteatus"
Equisetopsida,Fabales,Fabaceae,"Inga capitata"
Equisetopsida,Fabales,Fabaceae,"Inga brachyrhachis"
Equisetopsida,Fabales,Fabaceae,"Inga bourgonii"
Equisetopsida,Fabales,Fabaceae,"Inga auristellae"
Aves,Nyctibiiformes,Nyctibiidae,"Nyctibius grandis"
Equisetopsida,Fabales,Fabaceae,"Inga alba"
Equisetopsida,Fabales,Fabaceae,"Inga acrocephala"
Aves,Nyctibiiformes,Nyctibiidae,"Nyctibius griseus"
Equisetopsida,Fabales,Fabaceae,"Inga acicularis"
Aves,Nyctibiiformes,Nyctibiidae,"Nyctibius leucopterus"
Equisetopsida,Aquifoliales,Aquifoliaceae,"Ilex nayana"
Equisetopsida,Aquifoliales,Aquifoliaceae,"Ilex laureola"
Equisetopsida,Aquifoliales,Aquifoliaceae,"Ilex inundata"
Equisetopsida,Aquifoliales,Aquifoliaceae,"Ilex andarensis"
Aves,Caprimulgiformes,Caprimulgidae,"Nyctidromus albicollis"
Aves,Accipitriformes,Accipitridae,"Ictinia plumbea"
Aves,Caprimulgiformes,Caprimulgidae,"Nyctipolus nigrescens"
Aves,Passeriformes,Icteridae,"Icterus croconotus"
Aves,Caprimulgiformes,Caprimulgidae,"Nyctiprogne leucopyga"
Aves,Passeriformes,Icteridae,"Icterus chrysocephalus"
Aves,Passeriformes,Icteridae,"Icterus cayanensis"
Equisetopsida,Poales,Poaceae,"Ichnanthus panicoides"
Aves,Falconiformes,Falconidae,"Ibycter americanus"
Amphibia,Anura,Hylidae,"Hypsiboas punctatus"
Amphibia,Anura,Hylidae,"Hypsiboas nympha"
Amphibia,Anura,Hylidae,"Hypsiboas microderma"
Amphibia,Anura,Hylidae,"Hypsiboas lanciformis"
Amphibia,Anura,Hylidae,"Hypsiboas geographicus"
Amphibia,Anura,Hylidae,"Hypsiboas fasciatus"
Amphibia,Anura,Hylidae,"Hypsiboas cinerascens"
Amphibia,Anura,Hylidae,"Hypsiboas calcaratus"
Amphibia,Anura,Hylidae,"Hypsiboas boans"
Amphibia,Anura,Hylidae,"Hypsiboas alfaroi"
Actinopterygii,Cichliformes,Cichlidae,"Hypselecara temporalis"
Actinopterygii,Gymnotiformes,Hypopomidae,"Hypopygus lepturus"
Actinopterygii,Siluriformes,Loricariidae,"Hypoptopoma psilogaster"
Amphibia,Anura,Craugastoridae,"Hypodactylus nigrovittatus"
Aves,Passeriformes,Thamnophilidae,"Hypocnemoides melanopogon"
Aves,Passeriformes,Thamnophilidae,"Hypocnemis peruviana"
Aves,Passeriformes,Thamnophilidae,"Hypocnemis hypoxantha"
Actinopterygii,Characiformes,Characidae,"Hyphessobrycon erythrostigma"
Actinopterygii,Characiformes,Characidae,"Hyphessobrycon copelandi"
Actinopterygii,Characiformes,Characidae,"Hyphessobrycon callistus"
Actinopterygii,Characiformes,Characidae,"Hyphessobrycon agulha"
Aves,Passeriformes,Tyrannidae,"Ochthornis littoralis"
Equisetopsida,Ranunculales,Menispermaceae,"Hyperbaena domingensis"
Equisetopsida,Laurales,Lauraceae,"Ocotea aciphylla"
Equisetopsida,Arecales,Arecaceae,"Hyospathe elegans"
Equisetopsida,Laurales,Lauraceae,"Ocotea acutangula"
Equisetopsida,Laurales,Lauraceae,"Ocotea alata"
Equisetopsida,Laurales,Lauraceae,"Ocotea amazonica"
Equisetopsida,Malpighiales,Chrysobalanaceae,"Hymenopus macrophyllus"
Equisetopsida,Malpighiales,Chrysobalanaceae,"Hymenopus intrapetiolaris"
Equisetopsida,Malpighiales,Chrysobalanaceae,"Hymenopus heteromorphus"
Equisetopsida,Malpighiales,Chrysobalanaceae,"Hymenopus arachnoideus"
Equisetopsida,Laurales,Lauraceae,"Ocotea argyrophylla"
Equisetopsida,Laurales,Lauraceae,"Ocotea aurantiodora"
Equisetopsida,Fabales,Fabaceae,"Hymenolobium pulcherrimum"
Equisetopsida,Fabales,Fabaceae,"Hymenolobium nitidum"
Equisetopsida,Fabales,Fabaceae,"Hymenolobium excelsum"
Equisetopsida,Laurales,Lauraceae,"Ocotea bofo"
Equisetopsida,Fabales,Fabaceae,"Hymenaea reticulata"
Equisetopsida,Laurales,Lauraceae,"Ocotea bracteosa"
Equisetopsida,Laurales,Lauraceae,"Ocotea cernua"
Equisetopsida,Laurales,Lauraceae,"Ocotea costulata"
Equisetopsida,Fabales,Fabaceae,"Hymenaea oblongifolia"
Equisetopsida,Fabales,Fabaceae,"Hymenaea courbaril"
Aves,Passeriformes,Thamnophilidae,"Hylophylax punctulatus"
Equisetopsida,Laurales,Lauraceae,"Ocotea gracilis"
Aves,Passeriformes,Thamnophilidae,"Hylophylax naevius"
Equisetopsida,Laurales,Lauraceae,"Ocotea humblotii"
Aves,Passeriformes,Vireonidae,"Hylophilus thoracicus"
Equisetopsida,Laurales,Lauraceae,"Ocotea javitensis"
Aves,Passeriformes,Grallariidae,"Hylopezus macularius"
Aves,Apodiformes,Trochilidae,"Hylocharis sapphirina"
Equisetopsida,Laurales,Lauraceae,"Ocotea leucoxylon"
Equisetopsida,Laurales,Lauraceae,"Ocotea licanioides"
Equisetopsida,Laurales,Lauraceae,"Ocotea myriantha"
Equisetopsida,Laurales,Lauraceae,"Ocotea oblonga"
Equisetopsida,Celastrales,Celastraceae,"Hylenaea praecelsa"
Equisetopsida,Zingiberales,Marantaceae,"Hylaeanthe hexantha"
Mammalia,Rodentia,Cricetidae,"Hylaeamys yunganus"
Mammalia,Rodentia,Cricetidae,"Hylaeamys perenensis"
Mammalia,Didelphimorphia,Didelphidae,"Hyladelphys kalinowskii"
Equisetopsida,Laurales,Lauraceae,"Ocotea olivacea"
Aves,Caprimulgiformes,Caprimulgidae,"Hydropsalis climacocerca"
Equisetopsida,Laurales,Lauraceae,"Ocotea ottoschmidtii"
Equisetopsida,Laurales,Lauraceae,"Ocotea pauciflora"
Equisetopsida,Laurales,Lauraceae,"Ocotea puberula"
Equisetopsida,Laurales,Lauraceae,"Ocotea rhodophylla"
Equisetopsida,Laurales,Lauraceae,"Ocotea rubrinervis"
Equisetopsida,Laurales,Lauraceae,"Ocotea tabacifolia"
Equisetopsida,Fabales,Fabaceae,"Hydrochorea marginata"
Equisetopsida,Fabales,Fabaceae,"Hydrochorea corymbosa"
Equisetopsida,Laurales,Lauraceae,"Ocotea whitei"
Mammalia,Rodentia,Caviidae,"Hydrochoerus hydrochaeris"
Equisetopsida,Gentianales,Apocynaceae,"Odontadenia funigera"
Equisetopsida,Gentianales,Apocynaceae,"Odontadenia killipii"
Insecta,Lepidoptera,Erebidae,"Hyaleucerea erythrotelus"
Equisetopsida,Gentianales,Apocynaceae,"Odontadenia verrucosa"
Equisetopsida,Ranunculales,Menispermaceae,"Odontocarya tripetala"
Equisetopsida,Ranunculales,Menispermaceae,"Odontocarya ulei"
Equisetopsida,Malpighiales,Humiriaceae,"Humiriastrum excelsum"
Equisetopsida,Malpighiales,Humiriaceae,"Humiria balsamifera"
Equisetopsida,Huerteales,Tapisciaceae,"Huertea glandulosa"
Equisetopsida,Malvales,Malvaceae,"Huberodendron swietenioides"
Mammalia,Chiroptera,Phyllostomidae,"Hsunycteris thomasi"
Aves,Galliformes,Odontophoridae,"Odontophorus gujanensis"
Actinopterygii,Characiformes,Erythrinidae,"Hoplias malabaricus"
Equisetopsida,Poales,Poaceae,"Homolepis aturensis"
Mammalia,Rodentia,Cricetidae,"Oecomys bicolor"
Aves,Passeriformes,Hirundinidae,"Hirundo rustica"
Mammalia,Rodentia,Cricetidae,"Oecomys paricola"
Mammalia,Rodentia,Cricetidae,"Oecomys roberti"
Equisetopsida,Malpighiales,Chrysobalanaceae,"Hirtella revillae"
Equisetopsida,Malpighiales,Chrysobalanaceae,"Hirtella racemosa var. racemosa"
Equisetopsida,Arecales,Arecaceae,"Oenocarpus bataua"
Equisetopsida,Malpighiales,Chrysobalanaceae,"Hirtella pilosissima"
Equisetopsida,Malpighiales,Chrysobalanaceae,"Hirtella hispidula"
Equisetopsida,Malpighiales,Chrysobalanaceae,"Hirtella guainiae"
Equisetopsida,Malpighiales,Chrysobalanaceae,"Hirtella elongata"
Equisetopsida,Malpighiales,Chrysobalanaceae,"Hirtella bicornis var. pubescens"
Equisetopsida,Malpighiales,Malpighiaceae,"Hiraea fagifolia"
Equisetopsida,Arecales,Arecaceae,"Oenocarpus mapora"
Equisetopsida,Celastrales,Celastraceae,"Hippocratea volubilis"
Equisetopsida,Gentianales,Apocynaceae,"Himatanthus tarapotensis"
Equisetopsida,Polypodiales,Oleandraceae,"Oleandra pilosa"
Equisetopsida,Gentianales,Rubiaceae,"Hillia ulei"
Equisetopsida,Poales,Poaceae,"Hildaea pallens"
Equisetopsida,Malpighiales,Phyllanthaceae,"Hieronyma oblonga"
Mammalia,Rodentia,Cricetidae,"Oligoryzomys microtis"
Equisetopsida,Malpighiales,Phyllanthaceae,"Hieronyma alchorneoides"
Equisetopsida,Malpighiales,Euphorbiaceae,"Hevea pauciflora"
Equisetopsida,Malpighiales,Euphorbiaceae,"Hevea guianensis"
Equisetopsida,Malpighiales,Euphorbiaceae,"Hevea brasiliensis"
Equisetopsida,Malpighiales,Malpighiaceae,"Heteropterys riparia"
Equisetopsida,Malpighiales,Malpighiaceae,"Heteropterys orinocensis"
Equisetopsida,Malpighiales,Malpighiaceae,"Heteropterys nervosa"
Equisetopsida,Malpighiales,Malpighiaceae,"Heteropterys macradena"
Equisetopsida,Alismatales,Araceae,"Heteropsis steyermarkii"
Equisetopsida,Alismatales,Araceae,"Heteropsis robusta"
Equisetopsida,Alismatales,Araceae,"Heteropsis oblongifolia"
Equisetopsida,Alismatales,Araceae,"Heteropsis linearis"
Equisetopsida,Asparagales,Orchidaceae,"Oncidium baueri"
Insecta,Lepidoptera,Erebidae,"Heterodontia decisa"
Aves,Passeriformes,Pipridae,"Heterocercus aurantiivertex"
Aves,Passeriformes,Thamnophilidae,"Oneillornis lunulatus"
Aves,Passeriformes,Thamnophilidae,"Herpsilochmus gentryi"
Insecta,Coleoptera,Scarabaeidae,"Onthophagus coscineus"
Insecta,Coleoptera,Scarabaeidae,"Onthophagus haematopus"
Aves,Falconiformes,Falconidae,"Herpetotheres cachinnans"
Aves,Passeriformes,Onychorhynchidae,"Onychorhynchus coronatus"
Actinopterygii,Cichliformes,Cichlidae,"Heros appendiculatus"
Equisetopsida,Proteales,Sabiaceae,"Ophiocaryon heterophyllum"
Equisetopsida,Proteales,Sabiaceae,"Ophiocaryon klugii"
Equisetopsida,Proteales,Sabiaceae,"Ophiocaryon manausense"
Equisetopsida,Myrtales,Melastomataceae,"Henriettea stellaris"
Aves,Passeriformes,Tyrannidae,"Hemitriccus zosterops"
Aves,Passeriformes,Tyrannidae,"Hemitriccus minimus"
Insecta,Lepidoptera,Nymphalidae,"Opsiphanes cassina"
Aves,Passeriformes,Thraupidae,"Hemithraupis flavicollis"
Amphibia,Anura,Hemiphractidae,"Hemiphractus scutatus"
Amphibia,Anura,Hemiphractidae,"Hemiphractus proboscideus"
Actinopterygii,Characiformes,Hemiodontidae,"Hemiodus unimaculatus"
Actinopterygii,Characiformes,Characidae,"Hemigrammus pulcher"
Amphibia,Anura,Craugastoridae,"Oreobates quixensis"
Actinopterygii,Characiformes,Characidae,"Hemigrammus ocellifer"
Actinopterygii,Characiformes,Characidae,"Hemigrammus belottii"
Aves,Apodiformes,Trochilidae,"Heliothryx auritus"
Aves,Gruiformes,Heliornithidae,"Heliornis fulica"
Aves,Apodiformes,Trochilidae,"Heliomaster longirostris"
Aves,Apodiformes,Trochilidae,"Heliodoxa aurescens"
Equisetopsida,Rosales,Moraceae,"Helicostylis tomentosa"
Equisetopsida,Fabales,Fabaceae,"Ormosia arborea"
Equisetopsida,Rosales,Moraceae,"Helicostylis scabra"
Equisetopsida,Rosales,Moraceae,"Helicostylis elegans"
Equisetopsida,Zingiberales,Heliconiaceae,"Heliconia velutina"
Equisetopsida,Zingiberales,Heliconiaceae,"Heliconia timothei"
Equisetopsida,Zingiberales,Heliconiaceae,"Heliconia tenebrosa"
Aves,Passeriformes,Tyrannidae,"Ornithion inerme"
Equisetopsida,Zingiberales,Heliconiaceae,"Heliconia schumanniana"
Equisetopsida,Zingiberales,Heliconiaceae,"Heliconia lourteigiae"
Equisetopsida,Zingiberales,Heliconiaceae,"Heliconia lasiorachis"
Equisetopsida,Zingiberales,Heliconiaceae,"Heliconia juruana"
Equisetopsida,Zingiberales,Heliconiaceae,"Heliconia hirsuta"
Equisetopsida,Zingiberales,Heliconiaceae,"Heliconia episcopalis"
Equisetopsida,Zingiberales,Heliconiaceae,"Heliconia densiflora"
Equisetopsida,Zingiberales,Heliconiaceae,"Heliconia acuminata"
Aves,Galliformes,Cracidae,"Ortalis guttata"
Equisetopsida,Santalales,Olacaceae,"Heisteria spruceana"
Equisetopsida,Santalales,Olacaceae,"Heisteria nitida"
Equisetopsida,Santalales,Olacaceae,"Heisteria insculpta"
Equisetopsida,Santalales,Olacaceae,"Heisteria duckei"
Equisetopsida,Ranunculales,Menispermaceae,"Orthomene hirsuta"
Equisetopsida,Ranunculales,Menispermaceae,"Orthomene schomburgkii"
Aves,Psittaciformes,Psittacidae,"Orthopsittaca manilatus"
Equisetopsida,Polypodiales,Pteridaceae,"Hecistopteris pumila"
Equisetopsida,Santalales,Loranthaceae,"Oryctanthus alveolatus"
Equisetopsida,Malpighiales,Linaceae,"Hebepetalum humiriifolium"
Equisetopsida,Santalales,Loranthaceae,"Oryctanthus florulentus"
Equisetopsida,Santalales,Loranthaceae,"Oryctanthus spicatus"
Equisetopsida,Malpighiales,Clusiaceae,"Havetiopsis flexilis"
Equisetopsida,Malpighiales,Salicaceae,"Hasseltia floribunda"
Amphibia,Anura,Hylidae,"Osteocephalus buckleyi"
Aves,Accipitriformes,Accipitridae,"Harpia harpyja"
Amphibia,Anura,Hylidae,"Osteocephalus deridens"
Aves,Accipitriformes,Accipitridae,"Harpagus bidentatus"
Amphibia,Anura,Hylidae,"Osteocephalus leprieurii"
Amphibia,Anura,Hylidae,"Osteocephalus mutabor"
Amphibia,Anura,Hylidae,"Osteocephalus planiceps"
Amphibia,Anura,Hylidae,"Osteocephalus taurinus"
Equisetopsida,Malpighiales,Calophyllaceae,"Haploclathra paniculata"
Equisetopsida,Malpighiales,Calophyllaceae,"Haploclathra cordata"
Aves,Passeriformes,Thraupidae,"Sporophila angolensis"
Equisetopsida,Magnoliales,Myristicaceae,"Osteophloeum platyspermum"
Equisetopsida,Lamiales,Bignoniaceae,"Handroanthus obscurus"
Equisetopsida,Lamiales,Bignoniaceae,"Handroanthus incanus"
Amphibia,Anura,Microhylidae,"Hamptophryne boliviana"
Equisetopsida,Magnoliales,Myristicaceae,"Otoba glycycarpa"
Aves,Passeriformes,Thamnophilidae,"Hafferia fortis"
Insecta,Lepidoptera,Nymphalidae,"Haetera piera"
Actinopterygii,Siluriformes,Loricariidae,"Otocinclus macrospilus"
Equisetopsida,Malpighiales,Ochnaceae,"Ouratea amplifolia"
Equisetopsida,Malpighiales,Ochnaceae,"Ouratea aromatica"
Equisetopsida,Malpighiales,Ochnaceae,"Ouratea iquitosensis"
Equisetopsida,Malpighiales,Ochnaceae,"Ouratea orbignyana"
Equisetopsida,Malpighiales,Ochnaceae,"Ouratea pendula"
Equisetopsida,Malpighiales,Ochnaceae,"Ouratea weberbaueri"
Mammalia,Rodentia,Sciuridae,"Hadrosciurus igniventris"
Aves,Passeriformes,Cardinalidae,"Habia rubica"
Equisetopsida,Asparagales,Orchidaceae,"Habenaria guentheriana"
Equisetopsida,Magnoliales,Annonaceae,"Oxandra euneura"
Equisetopsida,Magnoliales,Annonaceae,"Oxandra leucodermis"
Equisetopsida,Magnoliales,Annonaceae,"Oxandra mediocris"
Equisetopsida,Magnoliales,Annonaceae,"Oxandra polyantha"
Equisetopsida,Magnoliales,Annonaceae,"Oxandra riedeliana"
Equisetopsida,Magnoliales,Annonaceae,"Oxandra xylopioides"
Actinopterygii,Characiformes,Characidae,"Oxybrycon parvulus"
Actinopterygii,Gymnotiformes,Gymnotidae,"Gymnotus coatesi"
Actinopterygii,Gymnotiformes,Gymnotidae,"Gymnotus carapo"
Equisetopsida,Dioscoreales,Burmanniaceae,"Gymnosiphon minutus"
Equisetopsida,Dioscoreales,Burmanniaceae,"Gymnosiphon divaricatus"
Equisetopsida,Dioscoreales,Burmanniaceae,"Gymnosiphon cymosus"
Actinopterygii,Gymnotiformes,Rhamphichthyidae,"Gymnorhamphichthys rondoni"
Aves,Passeriformes,Thamnophilidae,"Gymnopithys leucaspis"
Aves,Passeriformes,Cotingidae,"Gymnoderus foetidus"
Equisetopsida,Poales,Bromeliaceae,"Guzmania lingulata"
Insecta,Coleoptera,Scarabaeidae,"Oxysternon conspicillatum"
Insecta,Coleoptera,Scarabaeidae,"Oxysternon silenus"
Equisetopsida,Ericales,Lecythidaceae,"Gustavia longifolia"
Equisetopsida,Ericales,Lecythidaceae,"Gustavia hexapetala"
Equisetopsida,Ericales,Lecythidaceae,"Gustavia augusta"
Equisetopsida,Cucurbitales,Cucurbitaceae,"Gurania spinulosa"
Equisetopsida,Cucurbitales,Cucurbitaceae,"Gurania rufipila"
Equisetopsida,Cucurbitales,Cucurbitaceae,"Gurania lobata"
Equisetopsida,Cucurbitales,Cucurbitaceae,"Gurania eriantha"
Equisetopsida,Malvales,Malvaceae,"Pachira aquatica"
Equisetopsida,Malvales,Malvaceae,"Pachira brevipes"
Equisetopsida,Cucurbitales,Cucurbitaceae,"Gurania acuminata"
Equisetopsida,Malvales,Malvaceae,"Pachira insignis"
Equisetopsida,Malvales,Malvaceae,"Guazuma crinita"
Equisetopsida,Magnoliales,Annonaceae,"Guatteria scytophylla"
Equisetopsida,Lamiales,Bignoniaceae,"Pachyptera kerere"
Equisetopsida,Magnoliales,Annonaceae,"Guatteria schomburgkiana"
Equisetopsida,Magnoliales,Annonaceae,"Guatteria ruboides"
Equisetopsida,Magnoliales,Annonaceae,"Guatteria punctata"
Equisetopsida,Magnoliales,Annonaceae,"Guatteria peruviana"
Equisetopsida,Magnoliales,Annonaceae,"Guatteria modesta"
Equisetopsida,Magnoliales,Annonaceae,"Guatteria megalophylla"
Equisetopsida,Magnoliales,Annonaceae,"Guatteria inundata"
Equisetopsida,Magnoliales,Annonaceae,"Guatteria hirsuta"
Equisetopsida,Magnoliales,Annonaceae,"Guatteria guianensis"
Equisetopsida,Magnoliales,Annonaceae,"Guatteria foliosa"
Equisetopsida,Magnoliales,Annonaceae,"Guatteria flabellata"
Equisetopsida,Magnoliales,Annonaceae,"Guatteria elata"
Aves,Passeriformes,Tityridae,"Pachyramphus marginatus"
Equisetopsida,Magnoliales,Annonaceae,"Guatteria decurrens"
Equisetopsida,Magnoliales,Annonaceae,"Guatteria blepharophylla"
Equisetopsida,Sapindales,Meliaceae,"Guarea vasquezii"
Equisetopsida,Sapindales,Meliaceae,"Guarea trunciflora"
Equisetopsida,Sapindales,Meliaceae,"Guarea silvatica"
Equisetopsida,Sapindales,Meliaceae,"Guarea purusana"
Aves,Passeriformes,Tityridae,"Pachyramphus minor"
Equisetopsida,Sapindales,Meliaceae,"Guarea pubescens"
Equisetopsida,Sapindales,Meliaceae,"Guarea pterorhachis"
Equisetopsida,Sapindales,Meliaceae,"Guarea macrophylla"
Aves,Passeriformes,Tityridae,"Pachyramphus polychopterus"
Equisetopsida,Sapindales,Meliaceae,"Guarea macrobotrys"
Equisetopsida,Sapindales,Meliaceae,"Guarea kunthiana"
Equisetopsida,Sapindales,Meliaceae,"Guarea juglandiformis"
Equisetopsida,Sapindales,Meliaceae,"Guarea guidonia"
Equisetopsida,Sapindales,Meliaceae,"Guarea fistulosa"
Equisetopsida,Sapindales,Meliaceae,"Guarea cristata"
Equisetopsida,Sapindales,Meliaceae,"Guarea convergens"
Equisetopsida,Sapindales,Meliaceae,"Guarea carinata"
Equisetopsida,Poales,Poaceae,"Guadua glomerata"
Equisetopsida,Ericales,Lecythidaceae,"Grias neuberthii"
Aves,Passeriformes,Vireonidae,"Pachysylvia hypoxantha"
Equisetopsida,Gentianales,Rubiaceae,"Pagamea coriacea"
Equisetopsida,Gentianales,Rubiaceae,"Pagamea guianensis"
Equisetopsida,Gentianales,Rubiaceae,"Palicourea acuminata"
Equisetopsida,Gentianales,Rubiaceae,"Palicourea affinis"
Equisetopsida,Myrtales,Melastomataceae,"Graffenrieda limbata"
Equisetopsida,Gentianales,Rubiaceae,"Palicourea charianthema"
Equisetopsida,Gentianales,Rubiaceae,"Palicourea corymbifera"
Equisetopsida,Zingiberales,Marantaceae,"Goeppertia ursina"
Equisetopsida,Gentianales,Rubiaceae,"Palicourea crocea"
Equisetopsida,Zingiberales,Marantaceae,"Goeppertia mishuyacu"
Equisetopsida,Zingiberales,Marantaceae,"Goeppertia loeseneri"
Equisetopsida,Zingiberales,Marantaceae,"Goeppertia laetevirens"
Aves,Pelecaniformes,Ardeidae,"Agamia agami"
Equisetopsida,Zingiberales,Marantaceae,"Goeppertia caquetensis"
Aves,Passeriformes,Furnariidae,"Glyphorynchus spirurus"
Equisetopsida,Malpighiales,Euphorbiaceae,"Glycydendron amazonicum"
Equisetopsida,Gentianales,Rubiaceae,"Palicourea guianensis"
Mammalia,Chiroptera,Phyllostomidae,"Glossophaga soricina"
Equisetopsida,Gentianales,Rubiaceae,"Palicourea huampamiensis"
Equisetopsida,Malpighiales,Violaceae,"Gloeospermum sphaerocarpum"
Equisetopsida,Malpighiales,Violaceae,"Gloeospermum longifolium"
Equisetopsida,Gentianales,Rubiaceae,"Palicourea hypochlorina"
Mammalia,Didelphimorphia,Didelphidae,"Glironia venusta"
Aves,Apodiformes,Trochilidae,"Glaucis hirsutus"
Aves,Passeriformes,Thraupidae,"Sporophila castaneiventris"
Equisetopsida,Gentianales,Rubiaceae,"Palicourea lachnantha"
Equisetopsida,Gentianales,Rubiaceae,"Palicourea lasiantha"
Aves,Strigiformes,Strigidae,"Glaucidium hardyi"
Aves,Strigiformes,Strigidae,"Glaucidium brasilianum"
Aves,Accipitriformes,Accipitridae,"Geranospiza caerulescens"
Equisetopsida,Gentianales,Rubiaceae,"Palicourea nigricans"
Equisetopsida,Fabales,Fabaceae,"Affonsea gereauana"
Equisetopsida,Gentianales,Rubiaceae,"Palicourea ownbeyi"
Equisetopsida,Fabales,Fabaceae,"Abarema adenophora"
Equisetopsida,Gentianales,Rubiaceae,"Palicourea punicea"
Equisetopsida,Gentianales,Rubiaceae,"Palicourea racemosa"
Equisetopsida,Gentianales,Rubiaceae,"Palicourea rhodothamna"
Aves,Columbiformes,Columbidae,"Geotrygon montana"
Equisetopsida,Gentianales,Rubiaceae,"Palicourea spicata"
Equisetopsida,Gentianales,Rubiaceae,"Palicourea stenostachya"
Equisetopsida,Gentianales,Rubiaceae,"Palicourea subspicata"
Equisetopsida,Gentianales,Rubiaceae,"Geophila repens"
Equisetopsida,Gentianales,Rubiaceae,"Palicourea triphylla"
Equisetopsida,Gentianales,Rubiaceae,"Geophila orbicularis var. orbicularis"
Equisetopsida,Gentianales,Rubiaceae,"Geophila macropoda"
Equisetopsida,Gentianales,Rubiaceae,"Geophila cordifolia var. peruviana"
Aves,Passeriformes,Thraupidae,"Sporophila crassirostris"
Equisetopsida,Arecales,Arecaceae,"Geonoma stricta"
Equisetopsida,Arecales,Arecaceae,"Geonoma poeppigiana"
Aves,Accipitriformes,Pandionidae,"Pandion haliaetus"
Equisetopsida,Arecales,Arecaceae,"Geonoma maxima"
Equisetopsida,Arecales,Arecaceae,"Geonoma macrostachys"
Equisetopsida,Arecales,Arecaceae,"Geonoma leptospadix"
Equisetopsida,Arecales,Arecaceae,"Geonoma deversa"
Equisetopsida,Arecales,Arecaceae,"Geonoma camana"
Equisetopsida,Poales,Poaceae,"Panicum pilosum"
Equisetopsida,Arecales,Arecaceae,"Geonoma aspidiifolia"
Equisetopsida,Proteales,Proteaceae,"Panopsis rubescens"
Equisetopsida,Gentianales,Rubiaceae,"Genipa spruceana"
Equisetopsida,Gentianales,Rubiaceae,"Genipa americana"
Mammalia,Carnivora,Felidae,"Panthera onca"
Equisetopsida,Malpighiales,Euphorbiaceae,"Gavarretia terminalis"
Aves,Apodiformes,Apodidae,"Panyptila cayennensis"
Equisetopsida,Malpighiales,Chrysobalanaceae,"Gaulettia parillo"
Mammalia,Chiroptera,Phyllostomidae,"Gardnerycteris crenulata"
Equisetopsida,Malpighiales,Clusiaceae,"Garcinia madruno"
Equisetopsida,Malpighiales,Clusiaceae,"Garcinia macrophylla"
Equisetopsida,Lamiales,Gesneriaceae,"Paradrymonia ciliosa"
Equisetopsida,Malpighiales,Clusiaceae,"Garcinia gardneriana"
Equisetopsida,Lamiales,Bignoniaceae,"Paragonia pyramidata"
Aves,Accipitriformes,Accipitridae,"Gampsonyx swainsonii"
Equisetopsida,Gentianales,Apocynaceae,"Parahancornia peruviana"
Aves,Passeriformes,Thraupidae,"Sporophila lineola"
Elasmobranchii,Myliobatiformes,Potamotrygonidae,"Paratrygon aiereba"
Insecta,Lepidoptera,Nymphalidae,"Pareuptychia binocula"
Insecta,Lepidoptera,Nymphalidae,"Pareuptychia hesionides"
Mammalia,Carnivora,Mustelidae,"Galictis vittata"
Equisetopsida,Poales,Poaceae,"Pariana obtusa"
Equisetopsida,Poales,Poaceae,"Pariana radiciflora"
Equisetopsida,Poales,Poaceae,"Pariana trichosticha"
Equisetopsida,Asparagales,Orchidaceae,"Galeandra stangeana"
Equisetopsida,Poales,Poaceae,"Pariana velutina"
Aves,Galbuliformes,Galbulidae,"Galbula tombacea"
Aves,Galbuliformes,Galbulidae,"Galbula dea"
Aves,Galbuliformes,Galbulidae,"Galbula albirostris"
Equisetopsida,Malpighiales,Chrysobalanaceae,"Parinari klugii"
Aves,Galbuliformes,Galbulidae,"Galbalcyrhynchus leucotis"
Equisetopsida,Malpighiales,Chrysobalanaceae,"Parinari parilis"
Equisetopsida,Magnoliales,Annonaceae,"Fusaea peruviana"
Equisetopsida,Magnoliales,Annonaceae,"Fusaea longifolia"
Equisetopsida,Fabales,Fabaceae,"Parkia igneiflora"
Equisetopsida,Fabales,Fabaceae,"Parkia multijuga"
Equisetopsida,Fabales,Fabaceae,"Parkia nitida"
Equisetopsida,Fabales,Fabaceae,"Parkia panurensis"
Equisetopsida,Fabales,Fabaceae,"Parkia velutina"
Aves,Passeriformes,Thraupidae,"Paroaria gularis"
Equisetopsida,Malpighiales,Ochnaceae,"Froesia diffusa"
Equisetopsida,Lamiales,Bignoniaceae,"Fridericia japurensis"
Equisetopsida,Lamiales,Bignoniaceae,"Fridericia florida"
Equisetopsida,Poales,Poaceae,"Paspalum conjugatum"
Aves,Passeriformes,Thamnophilidae,"Frederickena unduliger"
Aves,Passeriformes,Thamnophilidae,"Frederickena fulva"
Equisetopsida,Poales,Poaceae,"Paspalum decumbens"
Equisetopsida,Gentianales,Apocynaceae,"Forsteronia acouci"
Aves,Psittaciformes,Psittacidae,"Forpus xanthopterygius"
Aves,Psittaciformes,Psittacidae,"Forpus modestus"
Equisetopsida,Poales,Poaceae,"Paspalum virgatum"
Aves,Passeriformes,Formicariidae,"Formicarius colma"
Aves,Passeriformes,Formicariidae,"Formicarius analis"
Equisetopsida,Malpighiales,Passifloraceae,"Passiflora auriculata"
Equisetopsida,Commelinales,Commelinaceae,"Floscopa robusta"
Aves,Apodiformes,Trochilidae,"Florisuga mellivora"
Equisetopsida,Gentianales,Apocynaceae,"Fischeria stellata"
Equisetopsida,Rosales,Moraceae,"Ficus yoponensis"
Equisetopsida,Rosales,Moraceae,"Ficus trigonata"
Equisetopsida,Malpighiales,Passifloraceae,"Passiflora foetida"
Equisetopsida,Malpighiales,Passifloraceae,"Passiflora involucrata"
Equisetopsida,Rosales,Moraceae,"Ficus trigona"
Equisetopsida,Rosales,Moraceae,"Ficus sphenophylla"
Equisetopsida,Rosales,Moraceae,"Ficus paraensis"
Equisetopsida,Malpighiales,Passifloraceae,"Passiflora nitida"
Equisetopsida,Rosales,Moraceae,"Ficus obtusifolia"
Equisetopsida,Malpighiales,Passifloraceae,"Passiflora riparia"
Actinopterygii,Perciformes,Cichlidae,"Aequidens diadema"
Equisetopsida,Malpighiales,Passifloraceae,"Passiflora spinosa"
Equisetopsida,Rosales,Moraceae,"Ficus krukovii"
Equisetopsida,Rosales,Moraceae,"Ficus guianensis"
Equisetopsida,Malpighiales,Passifloraceae,"Passiflora vespertilio"
Equisetopsida,Malpighiales,Passifloraceae,"Passiflora vitifolia"
Equisetopsida,Rosales,Moraceae,"Ficus citrifolia"
Equisetopsida,Rosales,Moraceae,"Ficus castellviana"
Equisetopsida,Rosales,Moraceae,"Ficus caballina"
Equisetopsida,Rosales,Moraceae,"Ficus americana"
Aves,Columbiformes,Columbidae,"Patagioenas cayennensis"
Equisetopsida,Gentianales,Rubiaceae,"Ferdinandusa uaupensis"
Equisetopsida,Gentianales,Rubiaceae,"Ferdinandusa loretensis"
Aves,Columbiformes,Columbidae,"Patagioenas plumbea"
Equisetopsida,Gentianales,Rubiaceae,"Ferdinandusa chlorantha"
Equisetopsida,Gentianales,Rubiaceae,"Faramea vasquezii"
Equisetopsida,Gentianales,Rubiaceae,"Faramea torquata"
Equisetopsida,Gentianales,Rubiaceae,"Faramea tamberlikiana"
Equisetopsida,Gentianales,Rubiaceae,"Faramea rectinervia"
Equisetopsida,Gentianales,Rubiaceae,"Faramea quinqueflora"
Equisetopsida,Gentianales,Rubiaceae,"Faramea multiflora"
Aves,Columbiformes,Columbidae,"Patagioenas subvinacea"
Equisetopsida,Gentianales,Rubiaceae,"Faramea juruana"
Equisetopsida,Gentianales,Rubiaceae,"Faramea capillipes"
Equisetopsida,Gentianales,Rubiaceae,"Faramea axillaris"
Equisetopsida,Gentianales,Rubiaceae,"Faramea anisocalyx"
Equisetopsida,Sapindales,Sapindaceae,"Paullinia alata"
Equisetopsida,Sapindales,Sapindaceae,"Paullinia bracteosa"
Equisetopsida,Sapindales,Sapindaceae,"Paullinia capreolata"
Equisetopsida,Sapindales,Sapindaceae,"Paullinia curvicuspis"
Aves,Falconiformes,Falconidae,"Falco rufigularis"
Equisetopsida,Sapindales,Sapindaceae,"Paullinia dasystachya"
Equisetopsida,Sapindales,Sapindaceae,"Paullinia enneaphylla"
Equisetopsida,Sapindales,Sapindaceae,"Paullinia faginea"
Equisetopsida,Sapindales,Sapindaceae,"Paullinia ingifolia"
Equisetopsida,Sapindales,Sapindaceae,"Paullinia latifolia"
Equisetopsida,Lamiales,Lamiaceae,"Aegiphila smithii"
Aves,Falconiformes,Falconidae,"Falco peregrinus"
Equisetopsida,Sapindales,Sapindaceae,"Paullinia serjaniifolia"
Equisetopsida,Sapindales,Sapindaceae,"Paullinia sphaerocarpa"
Equisetopsida,Sapindales,Sapindaceae,"Paullinia trilatera"
Equisetopsida,Malpighiales,Euphorbiaceae,"Pausandra martinii"
Aves,Falconiformes,Falconidae,"Falco deiroleucus"
Equisetopsida,Malvales,Malvaceae,"Pavonia fruticosa"
Equisetopsida,Pandanales,Cyclanthaceae,"Evodianthus funifer"
Equisetopsida,Malpighiales,Violaceae,"Paypayrola grandiflora"
Equisetopsida,Arecales,Arecaceae,"Euterpe precatoria"
Equisetopsida,Arecales,Arecaceae,"Euterpe catinga"
Insecta,Coleoptera,Scarabaeidae,"Eurysternus squamosus"
Insecta,Coleoptera,Scarabaeidae,"Eurysternus hypocrita"
Insecta,Coleoptera,Scarabaeidae,"Eurysternus foedus"
Insecta,Coleoptera,Scarabaeidae,"Eurysternus cayennensis"
Insecta,Coleoptera,Scarabaeidae,"Eurysternus caribaeus"
Aves,Galliformes,Cracidae,"Penelope jacquacu"
Aves,Eurypygiformes,Eurypygidae,"Eurypyga helias"
Mammalia,Rodentia,Cricetidae,"Euryoryzomys macconnelli"
Insecta,Lepidoptera,Nymphalidae,"Euptychia mollina"
Equisetopsida,Fabales,Fabaceae,"Pentaclethra macroloba"
Equisetopsida,Gentianales,Rubiaceae,"Pentagonia macrophylla"
Equisetopsida,Gentianales,Rubiaceae,"Pentagonia spathicalyx"
Aves,Passeriformes,Fringillidae,"Euphonia xanthogaster"
Aves,Passeriformes,Fringillidae,"Euphonia rufiventris"
Aves,Passeriformes,Fringillidae,"Euphonia plumbea"
Aves,Passeriformes,Fringillidae,"Euphonia minuta"
Aves,Passeriformes,Fringillidae,"Euphonia laniirostris"
Aves,Passeriformes,Fringillidae,"Euphonia chrysopasta"
Aves,Passeriformes,Fringillidae,"Euphonia chlorotica"
Equisetopsida,Piperales,Piperaceae,"Peperomia hispidula"
Equisetopsida,Gentianales,Rubiaceae,"Eumachia podocephala"
Equisetopsida,Poales,Bromeliaceae,"Aechmea nidularioides"
Equisetopsida,Piperales,Piperaceae,"Peperomia macrostachyos"
Equisetopsida,Gentianales,Rubiaceae,"Eumachia cephalantha"
Equisetopsida,Gentianales,Rubiaceae,"Eumachia boliviana"
Equisetopsida,Piperales,Piperaceae,"Peperomia mishuyacana"
Equisetopsida,Gentianales,Rubiaceae,"Eumachia astrellantha"
Equisetopsida,Piperales,Piperaceae,"Peperomia pilicaulis"
Equisetopsida,Poales,Bromeliaceae,"Aechmea mertensii"
Equisetopsida,Piperales,Piperaceae,"Peperomia serpens"
Equisetopsida,Myrtales,Myrtaceae,"Eugenia polystachya"
Equisetopsida,Myrtales,Myrtaceae,"Eugenia patrisii"
Equisetopsida,Myrtales,Myrtaceae,"Eugenia omissa"
Equisetopsida,Myrtales,Myrtaceae,"Eugenia multirimosa"
Equisetopsida,Myrtales,Myrtaceae,"Eugenia moschata"
Equisetopsida,Myrtales,Myrtaceae,"Eugenia macrocalyx"
Equisetopsida,Myrtales,Myrtaceae,"Eugenia gomesiana"
Equisetopsida,Myrtales,Myrtaceae,"Eugenia florida"
Equisetopsida,Myrtales,Myrtaceae,"Eugenia feijoi"
Equisetopsida,Myrtales,Myrtaceae,"Eugenia egensis"
Equisetopsida,Myrtales,Myrtaceae,"Eugenia discreta"
Equisetopsida,Myrtales,Myrtaceae,"Eugenia chrysophyllum"
Equisetopsida,Poales,Bromeliaceae,"Pepinia sprucei"
Equisetopsida,Malpighiales,Peraceae,"Pera benensis"
Equisetopsida,Malpighiales,Peraceae,"Pera bicolor"
Equisetopsida,Malpighiales,Peraceae,"Pera citriodora"
Aves,Passeriformes,Thamnophilidae,"Percnostola arenarum"
Equisetopsida,Rosales,Moraceae,"Perebea glabrifolia"
Equisetopsida,Rosales,Moraceae,"Perebea guianensis"
Aves,Passeriformes,Thamnophilidae,"Euchrepomis humeralis"
Equisetopsida,Rosales,Moraceae,"Perebea mennegae"
Equisetopsida,Rosales,Moraceae,"Perebea rubra"
Equisetopsida,Rosales,Moraceae,"Perebea xanthochyma"
Equisetopsida,Celastrales,Celastraceae,"Peritassa laevigata"
Equisetopsida,Sapindales,Rutaceae,"Esenbeckia amazonica"
Equisetopsida,Celastrales,Celastraceae,"Peritassa pruinosa"
Equisetopsida,Ericales,Lecythidaceae,"Eschweilera tessmannii"
Equisetopsida,Ericales,Lecythidaceae,"Eschweilera rufifolia"
Equisetopsida,Ericales,Lecythidaceae,"Eschweilera parviflora"
Equisetopsida,Ericales,Lecythidaceae,"Eschweilera micrantha"
Equisetopsida,Ericales,Lecythidaceae,"Eschweilera gigantea"
Equisetopsida,Ericales,Lecythidaceae,"Eschweilera decolorans"
Mammalia,Chiroptera,Emballonuridae,"Peropteryx leucoptera"
Equisetopsida,Ericales,Lecythidaceae,"Eschweilera coriacea"
Equisetopsida,Ericales,Lecythidaceae,"Eschweilera chartaceifolia"
Equisetopsida,Ericales,Lecythidaceae,"Eschweilera andina"
Equisetopsida,Ericales,Lecythidaceae,"Eschweilera albiflora"
Equisetopsida,Malpighiales,Erythroxylaceae,"Erythroxylum squamatum"
Equisetopsida,Malpighiales,Erythroxylaceae,"Erythroxylum spruceanum"
Equisetopsida,Malpighiales,Erythroxylaceae,"Erythroxylum macrophyllum"
Equisetopsida,Laurales,Lauraceae,"Persea peruviana"
Equisetopsida,Laurales,Lauraceae,"Persea pseudofasciculata"
Equisetopsida,Malpighiales,Erythroxylaceae,"Erythroxylum citrifolium"
Equisetopsida,Lamiales,Verbenaceae,"Petrea blanchetiana"
Equisetopsida,Lamiales,Verbenaceae,"Petrea bracteata"
Equisetopsida,Fabales,Fabaceae,"Erythrina ulei"
Aves,Passeriformes,Tyrannidae,"Phaeomyias murina"
Aves,Apodiformes,Trochilidae,"Phaethornis atrimentalis"
Equisetopsida,Apiales,Apiaceae,"Eryngium foetidum"
Aves,Apodiformes,Trochilidae,"Phaethornis bourcieri"
Equisetopsida,Myrtales,Vochysiaceae,"Erisma laurifolium"
Equisetopsida,Myrtales,Vochysiaceae,"Erisma calcaratum"
Equisetopsida,Malvales,Malvaceae,"Eriotheca macrophylla"
Aves,Apodiformes,Trochilidae,"Phaethornis hispidus"
Equisetopsida,Malvales,Malvaceae,"Eriotheca globosa"
Aves,Apodiformes,Trochilidae,"Phaethornis malaris"
Equisetopsida,Poales,Bromeliaceae,"Aechmea longifolia"
Aves,Apodiformes,Trochilidae,"Phaethornis ruber"
Aves,Charadriiformes,Laridae,"Phaetusa simplex"
Aves,Suliformes,Phalacrocoracidae,"Phalacrocorax brasilianus"
Mammalia,Chiroptera,Vespertilionidae,"Eptesicus brasiliensis"
Equisetopsida,Asparagales,Orchidaceae,"Epistephium parviflorum"
Equisetopsida,Lamiales,Gesneriaceae,"Episcia reptans"
Aves,Passeriformes,Thamnophilidae,"Epinecrophylla haematonota"
Aves,Passeriformes,Thamnophilidae,"Epinecrophylla erythrura"
Insecta,Coleoptera,Scarabaeidae,"Phanaeus bispinus"
Insecta,Coleoptera,Scarabaeidae,"Phanaeus cambeforti"
Insecta,Coleoptera,Scarabaeidae,"Phanaeus chalcomelas"
Aves,Trogoniformes,Trogonidae,"Pharomachrus pavoninus"
Equisetopsida,Asparagales,Orchidaceae,"Epidendrum rigidum"
Equisetopsida,Asparagales,Orchidaceae,"Epidendrum nocturnum"
Equisetopsida,Poales,Bromeliaceae,"Aechmea corymbosa"
Actinopterygii,Characiformes,Characidae,"Phenacogaster pectinatus"
Equisetopsida,Zingiberales,Strelitziaceae,"Phenakospermum guyannense"
Aves,Passeriformes,Troglodytidae,"Pheugopedius coraya"
Mammalia,Didelphimorphia,Didelphidae,"Philander andersoni"
Equisetopsida,Alismatales,Araceae,"Philodendron acutifolium"
Equisetopsida,Alismatales,Araceae,"Philodendron asplundii"
Equisetopsida,Fabales,Fabaceae,"Enterolobium barnebianum"
Equisetopsida,Fabales,Fabaceae,"Entada polyphylla"
Equisetopsida,Sapindales,Rutaceae,"Adiscanthus fusciflorus"
Equisetopsida,Alismatales,Araceae,"Philodendron deflexum"
Equisetopsida,Alismatales,Araceae,"Philodendron elaphoglossoides"
Equisetopsida,Alismatales,Araceae,"Philodendron ernestii"
Amphibia,Anura,Leptodactylidae,"Engystomops petersi"
Equisetopsida,Laurales,Lauraceae,"Endlicheria williamsii"
Equisetopsida,Laurales,Lauraceae,"Endlicheria tessmannii"
Equisetopsida,Laurales,Lauraceae,"Endlicheria sprucei"
Equisetopsida,Alismatales,Araceae,"Philodendron fragrantissimum"
Equisetopsida,Laurales,Lauraceae,"Endlicheria rubriflora"
Equisetopsida,Laurales,Lauraceae,"Endlicheria mishuyacensis"
Equisetopsida,Laurales,Lauraceae,"Endlicheria krukovii"
Equisetopsida,Laurales,Lauraceae,"Endlicheria griseo-sericea"
Equisetopsida,Alismatales,Araceae,"Philodendron herthae"
Equisetopsida,Laurales,Lauraceae,"Endlicheria formosa"
Equisetopsida,Laurales,Lauraceae,"Endlicheria citriodora"
Equisetopsida,Laurales,Lauraceae,"Endlicheria bracteata"
Equisetopsida,Alismatales,Araceae,"Philodendron hylaeae"
Equisetopsida,Alismatales,Araceae,"Philodendron insigne"
Equisetopsida,Laurales,Lauraceae,"Endlicheria arachnocome"
Equisetopsida,Laurales,Lauraceae,"Endlicheria anomala"
Aves,Passeriformes,Tyrannidae,"Empidonomus varius"
Equisetopsida,Alismatales,Araceae,"Philodendron linnaei"
Equisetopsida,Polypodiales,Pteridaceae,"Adiantum tomentosum"
Equisetopsida,Alismatales,Araceae,"Philodendron maximum"
Aves,Passeriformes,Tyrannidae,"Empidonomus aurantioatrocristatus"
Equisetopsida,Alismatales,Araceae,"Philodendron megalophyllum"
Equisetopsida,Alismatales,Araceae,"Philodendron ornatum"
Equisetopsida,Metteniusales,Metteniusaceae,"Emmotum floribundum"
Equisetopsida,Metteniusales,Metteniusaceae,"Emmotum acuminatum"
Equisetopsida,Alismatales,Araceae,"Philodendron panduriforme var. panduriforme"
Equisetopsida,Alismatales,Araceae,"Philodendron rimachii"
Equisetopsida,Alismatales,Araceae,"Philodendron venustum"
Equisetopsida,Poales,Poaceae,"Eleusine indica"
Actinopterygii,Gymnotiformes,Gymnotidae,"Electrophorus electricus"
Aves,Coraciiformes,Momotidae,"Electron platyrhynchum"
Aves,Passeriformes,Furnariidae,"Philydor erythrocercum"
Equisetopsida,Polypodiales,Dryopteridaceae,"Elaphoglossum styriacum"
Equisetopsida,Polypodiales,Dryopteridaceae,"Elaphoglossum plumosum"
Equisetopsida,Polypodiales,Pteridaceae,"Adiantum terminatum"
Aves,Passeriformes,Furnariidae,"Philydor pyrrhodes"
Equisetopsida,Polypodiales,Polypodiaceae,"Phlebodium decumanum"
Equisetopsida,Polypodiales,Dryopteridaceae,"Elaphoglossum glabellum"
Aves,Passeriformes,Thamnophilidae,"Phlegopsis erythroptera"
Aves,Accipitriformes,Accipitridae,"Elanoides forficatus"
Equisetopsida,Ericales,Sapotaceae,"Elaeoluma glabrescens"
Equisetopsida,Gentianales,Rubiaceae,"Stachyarrhena spicata"
Aves,Passeriformes,Tyrannidae,"Elaenia spectabilis"
Aves,Passeriformes,Thamnophilidae,"Phlegopsis nigromaculata"
Aves,Passeriformes,Tyrannidae,"Elaenia parvirostris"
Actinopterygii,Characiformes,Crenuchidae,"Elachocharax pulcher"
Aves,Passeriformes,Cotingidae,"Phoenicircus nigricollis"
Mammalia,Carnivora,Mustelidae,"Eira barbara"
Insecta,Lepidoptera,Erebidae,"Phoenicoprocta vacillans"
Equisetopsida,Arecales,Arecaceae,"Pholidostachys synanthera"
Equisetopsida,Santalales,Santalaceae,"Phoradendron crassifolium"
Equisetopsida,Santalales,Viscaceae,"Phoradendron loretoi"
Equisetopsida,Santalales,Santalaceae,"Phoradendron obtusissimum"
Aves,Pelecaniformes,Ardeidae,"Egretta thula"
Amphibia,Anura,Hylidae,"Ecnomiohyla tuberculosa"
Equisetopsida,Malvales,Malvaceae,"Phragmotheca mammosa"
Equisetopsida,Alismatales,Alismataceae,"Echinodorus horizontalis"
Equisetopsida,Ericales,Sapotaceae,"Ecclinusa ramiflora"
Equisetopsida,Ericales,Sapotaceae,"Ecclinusa lanceolata"
Equisetopsida,Ericales,Sapotaceae,"Ecclinusa bullata"
Equisetopsida,Santalales,Loranthaceae,"Phthirusa stelis"
Equisetopsida,Malpighiales,Phyllanthaceae,"Phyllanthus attenuatus subsp. incarum"
Equisetopsida,Malpighiales,Phyllanthaceae,"Phyllanthus niruri"
Equisetopsida,Malpighiales,Phyllanthaceae,"Phyllanthus stipulatus"
Mammalia,Chiroptera,Phyllostomidae,"Phylloderma stenops"
Amphibia,Anura,Phyllomedusidae,"Phyllomedusa bicolor"
Equisetopsida,Gentianales,Rubiaceae,"Duroia micrantha"
Equisetopsida,Gentianales,Rubiaceae,"Duroia hispida"
Equisetopsida,Gentianales,Rubiaceae,"Duroia hirsuta"
Amphibia,Anura,Phyllomedusidae,"Phyllomedusa vaillantii"
Equisetopsida,Santalales,Olacaceae,"Dulacia inopiflora"
Equisetopsida,Santalales,Olacaceae,"Dulacia candida"
Equisetopsida,Magnoliales,Annonaceae,"Duguetia trunciflora"
Equisetopsida,Magnoliales,Annonaceae,"Duguetia spixiana"
Equisetopsida,Magnoliales,Annonaceae,"Duguetia quitarensis"
Equisetopsida,Magnoliales,Annonaceae,"Duguetia macrophylla"
Equisetopsida,Magnoliales,Annonaceae,"Duguetia latifolia"
Equisetopsida,Magnoliales,Annonaceae,"Duguetia hadrantha"
Equisetopsida,Magnoliales,Annonaceae,"Duguetia flagellaris"
Equisetopsida,Magnoliales,Annonaceae,"Duguetia cauliflora"
Equisetopsida,Malpighiales,Putranjivaceae,"Drypetes amazonica"
Aves,Piciformes,Picidae,"Dryocopus lineatus"
Mammalia,Chiroptera,Phyllostomidae,"Phyllostomus discolor"
Mammalia,Chiroptera,Phyllostomidae,"Phyllostomus elongatus"
Aves,Piciformes,Picidae,"Dryobates affinis"
Mammalia,Chiroptera,Phyllostomidae,"Phyllostomus hastatus"
Equisetopsida,Lamiales,Gesneriaceae,"Drymonia warszewicziana"
Equisetopsida,Lamiales,Gesneriaceae,"Drymonia serrulata"
Equisetopsida,Lamiales,Gesneriaceae,"Drymonia semicordata"
Equisetopsida,Lamiales,Gesneriaceae,"Drymonia pendula"
Equisetopsida,Solanales,Solanaceae,"Physalis angulata"
Equisetopsida,Lamiales,Gesneriaceae,"Drymonia coccinea"
Equisetopsida,Lamiales,Gesneriaceae,"Drymonia anisophylla"
Actinopterygii,Siluriformes,Doradidae,"Physopyxis ananas"
Actinopterygii,Siluriformes,Doradidae,"Physopyxis lyra"
Equisetopsida,Arecales,Arecaceae,"Phytelephas tenuicaulis"
Aves,Cuculiformes,Cuculidae,"Dromococcyx phasianellus"
Aves,Cuculiformes,Cuculidae,"Dromococcyx pavoninus"
Equisetopsida,Caryophyllales,Phytolaccaceae,"Phytolacca rivinoides"
Aves,Cuculiformes,Cuculidae,"Piaya cayana"
Aves,Passeriformes,Donacobiidae,"Donacobius atricapilla"
Equisetopsida,Dilleniales,Dilleniaceae,"Doliocarpus novogranatensis"
Equisetopsida,Dilleniales,Dilleniaceae,"Doliocarpus dentatus"
Aves,Cuculiformes,Cuculidae,"Piaya melanogaster"
Equisetopsida,Malpighiales,Euphorbiaceae,"Dodecastigma amazonicum"
Insecta,Lepidoptera,Erebidae,"Dixophlebia quadristrigata"
Equisetopsida,Picramniales,Picramniaceae,"Picramnia sellowii"
Equisetopsida,Picramniales,Picramniaceae,"Picramnia spruceana"
Equisetopsida,Sapindales,Simaroubaceae,"Picrolemma sprucei"
Aves,Piciformes,Picidae,"Piculus chrysochloros"
Equisetopsida,Lamiales,Bignoniaceae,"Distictella racemosa var. translucida"
Equisetopsida,Lamiales,Bignoniaceae,"Distictella racemosa var. racemosa"
Equisetopsida,Lamiales,Bignoniaceae,"Distictella magnoliifolia"
Aves,Piciformes,Picidae,"Piculus flavigula"
Aves,Piciformes,Picidae,"Picumnus aurifrons"
Aves,Apodiformes,Trochilidae,"Discosura langsdorffi"
Equisetopsida,Aquifoliales,Stemonuraceae,"Discophora guianensis"
Equisetopsida,Ranunculales,Menispermaceae,"Disciphania lobata"
Equisetopsida,Ranunculales,Menispermaceae,"Disciphania killipii"
Aves,Piciformes,Picidae,"Picumnus lafresnayi"
Equisetopsida,Fabales,Fabaceae,"Dipteryx micrantha"
Insecta,Lepidoptera,Nymphalidae,"Pierella astyoche"
Insecta,Lepidoptera,Nymphalidae,"Pierella hortona"
Equisetopsida,Fabales,Fabaceae,"Diplotropis purpurea"
Equisetopsida,Fabales,Fabaceae,"Diplotropis martiusii"
Insecta,Lepidoptera,Nymphalidae,"Pierella lamia"
Equisetopsida,Malpighiales,Malpighiaceae,"Diplopterys cabrerana"
Insecta,Lepidoptera,Nymphalidae,"Pierella lena"
Insecta,Lepidoptera,Nymphalidae,"Pierella sumandosa"
Equisetopsida,Poales,Cyperaceae,"Diplasia karatifolia"
Equisetopsida,Rosales,Urticaceae,"Pilea imparifolia"
Equisetopsida,Ericales,Ebenaceae,"Diospyros tessmannii"
Equisetopsida,Ericales,Ebenaceae,"Diospyros subrotata"
Equisetopsida,Ericales,Ebenaceae,"Diospyros pseudoxylopia"
Equisetopsida,Ericales,Ebenaceae,"Diospyros poeppigiana"
Aves,Pelecaniformes,Ardeidae,"Pilherodius pileatus"
Equisetopsida,Ericales,Ebenaceae,"Diospyros nanay"
Equisetopsida,Ericales,Ebenaceae,"Diospyros myrmecocarpa"
Equisetopsida,Ericales,Ebenaceae,"Diospyros egleri"
Equisetopsida,Ericales,Ebenaceae,"Diospyros artanthifolia"
Equisetopsida,Dioscoreales,Dioscoreaceae,"Dioscorea riparia"
Equisetopsida,Dioscoreales,Dioscoreaceae,"Dioscorea nicolasensis"
Equisetopsida,Dioscoreales,Dioscoreaceae,"Dioscorea macbridean"
Equisetopsida,Dioscoreales,Dioscoreaceae,"Dioscorea crotalariifolia"
Equisetopsida,Dioscoreales,Dioscoreaceae,"Dioscorea amaranthoides"
Equisetopsida,Dioscoreales,Dioscoreaceae,"Dioscorea altissima"
Actinopterygii,Siluriformes,Pimelodidae,"Pimelodus blochii"
Equisetopsida,Fabales,Fabaceae,"Dioclea virgata"
Equisetopsida,Fabales,Fabaceae,"Dimorphandra macrostachya"
Insecta,Hymenoptera,Ichneumonidae,"Pimpla croceiventris"
Equisetopsida,Malpighiales,Passifloraceae,"Dilkea tillettii"
Equisetopsida,Malpighiales,Passifloraceae,"Dilkea retusa"
Equisetopsida,Malpighiales,Passifloraceae,"Dilkea parviflora"
Equisetopsida,Malpighiales,Passifloraceae,"Dilkea ovalis"
Equisetopsida,Dilleniales,Dilleniaceae,"Pinzona coriacea"
Aves,Psittaciformes,Psittacidae,"Pionites melanocephalus"
Aves,Psittaciformes,Psittacidae,"Pionus menstruus"
Equisetopsida,Alismatales,Araceae,"Dieffenbachia parvifolia"
Equisetopsida,Apiales,Araliaceae,"Didymopanax morototoni"
Amphibia,Anura,Pipidae,"Pipa pipa"
Equisetopsida,Malpighiales,Phyllanthaceae,"Didymocistus chrysadenius"
Mammalia,Didelphimorphia,Didelphidae,"Didelphis marsupialis"
Equisetopsida,Fabales,Fabaceae,"Dicymbe uaiparuensis"
Equisetopsida,Fabales,Fabaceae,"Dicymbe stipitata"
Equisetopsida,Solanales,Convolvulaceae,"Dicranostyles scandens"
Equisetopsida,Solanales,Convolvulaceae,"Dicranostyles holostyla"
Equisetopsida,Solanales,Convolvulaceae,"Dicranostyles globostigma"
Equisetopsida,Solanales,Convolvulaceae,"Dicranostyles ampla"
Mammalia,Cetartiodactyla,Tayassuidae,"Dicotyles tajacu"
Equisetopsida,Piperales,Piperaceae,"Piper arboreum"
Equisetopsida,Magnoliales,Annonaceae,"Diclinanona tessmannii"
Equisetopsida,Magnoliales,Annonaceae,"Diclinanona calycina"
Equisetopsida,Piperales,Piperaceae,"Piper asterotrichum"
Equisetopsida,Piperales,Piperaceae,"Piper augustum"
Insecta,Coleoptera,Scarabaeidae,"Dichotomius robustus"
Insecta,Coleoptera,Scarabaeidae,"Dichotomius ohausi"
Insecta,Coleoptera,Scarabaeidae,"Dichotomius mamillatus"
Insecta,Coleoptera,Scarabaeidae,"Dichotomius lucasi"
Equisetopsida,Piperales,Piperaceae,"Piper brasiliense"
Insecta,Coleoptera,Scarabaeidae,"Dichotomius boreus"
Insecta,Coleoptera,Scarabaeidae,"Dichotomius batesi"
Equisetopsida,Commelinales,Commelinaceae,"Dichorisandra ulei"
Equisetopsida,Piperales,Piperaceae,"Piper casapiense"
Equisetopsida,Commelinales,Commelinaceae,"Dichorisandra hexandra"
Equisetopsida,Piperales,Piperaceae,"Piper coruscans"
Equisetopsida,Piperales,Piperaceae,"Piper divaricatum"
Equisetopsida,Fabales,Fabaceae,"Dialium guianense"
Equisetopsida,Piperales,Piperaceae,"Piper dumosum"
Equisetopsida,Piperales,Piperaceae,"Piper hispidum"
Equisetopsida,Piperales,Piperaceae,"Piper lagenaebaccum"
Equisetopsida,Arecales,Arecaceae,"Desmoncus vacivus"
Equisetopsida,Arecales,Arecaceae,"Desmoncus polyacanthos"
Equisetopsida,Arecales,Arecaceae,"Desmoncus orthacanthos"
Equisetopsida,Arecales,Arecaceae,"Desmoncus mitis"
Equisetopsida,Arecales,Arecaceae,"Desmoncus giganteus"
Mammalia,Chiroptera,Phyllostomidae,"Desmodus rotundus"
Amphibia,Anura,Leptodactylidae,"Adenomera hylaedactyla"
Equisetopsida,Piperales,Piperaceae,"Piper obtusilimbum"
Amphibia,Anura,Leptodactylidae,"Adenomera andreae"
Equisetopsida,Piperales,Piperaceae,"Piper pseudoarboreum"
Equisetopsida,Piperales,Piperaceae,"Piper soledadense"
Equisetopsida,Piperales,Piperaceae,"Piper stellipilum"
Amphibia,Anura,Hylidae,"Dendropsophus triangulum"
Amphibia,Anura,Hylidae,"Dendropsophus sarayacuensis"
Amphibia,Anura,Hylidae,"Dendropsophus rossalleni"
Amphibia,Anura,Hylidae,"Dendropsophus rhodopeplus"
Amphibia,Anura,Hylidae,"Dendropsophus parviceps"
Amphibia,Anura,Hylidae,"Dendropsophus marmoratus"
Amphibia,Anura,Hylidae,"Dendropsophus leucophyllatus"
Equisetopsida,Piperales,Piperaceae,"Piper vitaceum"
Amphibia,Anura,Hylidae,"Dendropsophus leali"
Aves,Passeriformes,Furnariidae,"Dendroplex picus"
Equisetopsida,Lamiales,Bignoniaceae,"Adenocalymma schomburgkii"
Aves,Galliformes,Cracidae,"Pipile cumanensis"
Equisetopsida,Apiales,Araliaceae,"Dendropanax umbellatus"
Equisetopsida,Apiales,Araliaceae,"Dendropanax macropodus"
Equisetopsida,Apiales,Araliaceae,"Dendropanax cuneatus"
Equisetopsida,Apiales,Araliaceae,"Dendropanax arboreus"
Aves,Passeriformes,Furnariidae,"Dendroma erythroptera"
Aves,Passeriformes,Pipridae,"Pipra filicauda"
Aves,Passeriformes,Furnariidae,"Dendrocolaptes picumnus"
Aves,Passeriformes,Furnariidae,"Dendrocolaptes certhia"
Aves,Passeriformes,Furnariidae,"Dendrocincla merula"
Aves,Passeriformes,Furnariidae,"Dendrocincla fuliginosa"
Equisetopsida,Metteniusales,Metteniusaceae,"Dendrobangia boliviana"
Aves,Passeriformes,Furnariidae,"Dendrexetastes rufigula"
Aves,Passeriformes,Tyrannidae,"Piprites chloris"
Insecta,Coleoptera,Scarabaeidae,"Deltochilum carinatum"
Equisetopsida,Fabales,Fabaceae,"Deguelia scandens"
Aves,Passeriformes,Furnariidae,"Deconychura longicauda"
Equisetopsida,Asterales,Asteraceae,"Piptocoma discolor"
Equisetopsida,Dilleniales,Dilleniaceae,"Davilla nitida"
Equisetopsida,Dilleniales,Dilleniaceae,"Davilla kunthii"
Mammalia,Cingulata,Dasypodidae,"Dasypus pastasae"
Aves,Passeriformes,Cardinalidae,"Piranga olivacea"
Mammalia,Cingulata,Dasypodidae,"Dasypus novemcinctus"
Aves,Passeriformes,Cardinalidae,"Piranga rubra"
Mammalia,Rodentia,Dasyproctidae,"Dasyprocta fuliginosa"
Equisetopsida,Poales,Poaceae,"Piresia sympodica"
Equisetopsida,Lamiales,Bignoniaceae,"Adenocalymma impressum"
Insecta,Lepidoptera,Erebidae,"Pitane napravniki"
Aves,Falconiformes,Falconidae,"Daptrius ater"
Aves,Passeriformes,Tyrannidae,"Pitangus lictor"
Aves,Passeriformes,Tyrannidae,"Pitangus sulphuratus"
Equisetopsida,Malpighiales,Euphorbiaceae,"Dalechampia micrantha"
Equisetopsida,Malpighiales,Euphorbiaceae,"Dalechampia gentryi"
Equisetopsida,Fabales,Fabaceae,"Dalbergia riparia"
Equisetopsida,Fabales,Fabaceae,"Dalbergia riedelii"
Equisetopsida,Fabales,Fabaceae,"Dalbergia monetaria"
Equisetopsida,Fabales,Fabaceae,"Dalbergia inundata"
Equisetopsida,Lamiales,Bignoniaceae,"Adenocalymma cladotrichum"
Mammalia,Rodentia,Echimyidae,"Dactylomys dactylinus"
Equisetopsida,Sapindales,Burseraceae,"Dacryodes peruviana"
Mammalia,Primates,Pitheciidae,"Pithecia aequatorialis"
Equisetopsida,Sapindales,Burseraceae,"Dacryodes nitens"
Equisetopsida,Sapindales,Burseraceae,"Dacryodes chimantensis"
Aves,Passeriformes,Thraupidae,"Dacnis lineata"
Aves,Passeriformes,Thraupidae,"Dacnis flaviventer"
Aves,Passeriformes,Thraupidae,"Dacnis cayana"
Aves,Passeriformes,Thamnophilidae,"Pithys albifrons"
Equisetopsida,Polypodiales,Pteridaceae,"Pityrogramma calomelanos"
Aves,Passeriformes,Thraupidae,"Dacnis albiventris"
Aves,Passeriformes,Troglodytidae,"Cyphorhinus arada"
Actinopterygii,Characiformes,Curimatidae,"Cyphocharax plumbeus"
Actinopterygii,Characiformes,Curimatidae,"Cyphocharax pantostictos"
Actinopterygii,Characiformes,Curimatidae,"Cyphocharax festivus"
Equisetopsida,Poales,Cyperaceae,"Cyperus odoratus"
Equisetopsida,Poales,Cyperaceae,"Cyperus luzulae"
Equisetopsida,Poales,Cyperaceae,"Cyperus chalaranthus"
Equisetopsida,Fabales,Fabaceae,"Cynometra spruceana"
Equisetopsida,Fabales,Fabaceae,"Cynometra martiana"
Equisetopsida,Fabales,Fabaceae,"Cynometra bauhiniifolia"
Equisetopsida,Fabales,Fabaceae,"Cymbosema roseum"
Aves,Passeriformes,Tyrannidae,"Platyrinchus coronatus"
Equisetopsida,Magnoliales,Annonaceae,"Cymbopetalum alkekengi"
Aves,Passeriformes,Thamnophilidae,"Cymbilaimus lineatus"
Aves,Passeriformes,Tyrannidae,"Platyrinchus saturatus"
Mammalia,Chiroptera,Phyllostomidae,"Platyrrhinus brachycephalus"
Equisetopsida,Polypodiales,Dryopteridaceae,"Cyclodium meniscioides"
Mammalia,Chiroptera,Phyllostomidae,"Platyrrhinus infuscus"
Equisetopsida,Pandanales,Cyclanthaceae,"Cyclanthus bipartitus"
Equisetopsida,Ericales,Primulaceae,"Cybianthus spichigeri"
Equisetopsida,Ericales,Primulaceae,"Cybianthus resinosus"
Equisetopsida,Ericales,Primulaceae,"Cybianthus peruvianus"
Equisetopsida,Ericales,Primulaceae,"Cybianthus nestorii"
Equisetopsida,Ericales,Primulaceae,"Cybianthus nanayensis"
Equisetopsida,Ericales,Primulaceae,"Cybianthus guyanensis"
Equisetopsida,Cyatheales,Cyatheaceae,"Cyathea pilosissima"
Equisetopsida,Cyatheales,Cyatheaceae,"Cyathea lasiosora"
Equisetopsida,Cyatheales,Cyatheaceae,"Cyathea bradei"
Insecta,Lepidoptera,Erebidae,"Pleurosoma angustata"
Aves,Passeriformes,Cardinalidae,"Cyanoloxia rothschildii"
Aves,Passeriformes,Corvidae,"Cyanocorax violaceus"
Aves,Passeriformes,Thraupidae,"Cyanerpes nitidus"
Aves,Passeriformes,Thraupidae,"Cyanerpes cyaneus"
Aves,Passeriformes,Thraupidae,"Cyanerpes caeruleus"
Equisetopsida,Laurales,Lauraceae,"Pleurothyrium brochidodromum"
Equisetopsida,Santalales,Olacaceae,"Curupira tefeensis"
Equisetopsida,Laurales,Lauraceae,"Pleurothyrium cuneifolium"
Equisetopsida,Ranunculales,Menispermaceae,"Curarea toxicofera"
Equisetopsida,Ranunculales,Menispermaceae,"Curarea tecunarum"
Equisetopsida,Laurales,Lauraceae,"Pleurothyrium panurense"
Equisetopsida,Laurales,Lauraceae,"Pleurothyrium parviflorum"
Equisetopsida,Sapindales,Sapindaceae,"Cupania latifolia"
Equisetopsida,Sapindales,Sapindaceae,"Cupania hispida"
Equisetopsida,Sapindales,Sapindaceae,"Cupania hirsuta"
Equisetopsida,Sapindales,Sapindaceae,"Cupania diphylla"
Equisetopsida,Laurales,Lauraceae,"Pleurothyrium vasquezii"
Mammalia,Rodentia,Cuniculidae,"Cuniculus paca"
Equisetopsida,Malpighiales,Euphorbiaceae,"Plukenetia loretensis"
Equisetopsida,Malpighiales,Euphorbiaceae,"Plukenetia polyadenia"
Equisetopsida,Malpighiales,Euphorbiaceae,"Plukenetia volubilis"
Equisetopsida,Caryophyllales,Plumbaginaceae,"Plumbago coerulea"
Aves,Tinamiformes,Tinamidae,"Crypturellus variegatus"
Aves,Tinamiformes,Tinamidae,"Crypturellus undulatus"
Aves,Tinamiformes,Tinamidae,"Crypturellus soui"
Aves,Tinamiformes,Tinamidae,"Crypturellus duidae"
Aves,Tinamiformes,Tinamidae,"Crypturellus cinereus"
Aves,Tinamiformes,Tinamidae,"Crypturellus casiquiare"
Aves,Cuculiformes,Cuculidae,"Crotophaga major"
Equisetopsida,Malpighiales,Picrodendraceae,"Podocalyx loranthoides"
Equisetopsida,Podocarpales,Podocarpaceae,"Podocarpus celatus"
Aves,Cuculiformes,Cuculidae,"Crotophaga ani"
Equisetopsida,Malpighiales,Euphorbiaceae,"Croton trinitatis"
Equisetopsida,Malpighiales,Euphorbiaceae,"Croton smithianus"
Equisetopsida,Malpighiales,Euphorbiaceae,"Croton palanostigma"
Equisetopsida,Malpighiales,Euphorbiaceae,"Croton cuneatus"
Aves,Passeriformes,Tyrannidae,"Poecilotriccus calopterus"
Aves,Passeriformes,Tyrannidae,"Poecilotriccus latirostris"
Insecta,Lepidoptera,Erebidae,"Poliopastea anthracina"
Aves,Passeriformes,Polioptilidae,"Polioptila clementsi"
Aves,Passeriformes,Polioptilidae,"Polioptila plumbea"
Equisetopsida,Polypodiales,Dryopteridaceae,"Polybotrya caudata"
Actinopterygii,Characiformes,Crenuchidae,"Crenuchus spilurus"
Actinopterygii,Cichliformes,Cichlidae,"Crenicichla proteus"
Equisetopsida,Polypodiales,Dryopteridaceae,"Polybotrya crassirhizoma"
Actinopterygii,Cichliformes,Cichlidae,"Crenicichla johanna"
Actinopterygii,Cichliformes,Cichlidae,"Crenicichla anthurus"
Actinopterygii,Cichliformes,Cichlidae,"Crenicara punctulatum"
Equisetopsida,Polypodiales,Dryopteridaceae,"Polybotrya osmundacea"
Equisetopsida,Polypodiales,Dryopteridaceae,"Polybotrya pubens"
Equisetopsida,Magnoliales,Annonaceae,"Cremastosperma microcarpum"
Equisetopsida,Magnoliales,Annonaceae,"Cremastosperma gracilipes"
Equisetopsida,Magnoliales,Annonaceae,"Cremastosperma cauliflorum"
Equisetopsida,Gentianales,Rubiaceae,"Coussarea tortilis"
Equisetopsida,Gentianales,Rubiaceae,"Coussarea spiciformis"
Equisetopsida,Gentianales,Rubiaceae,"Coussarea obliqua"
Equisetopsida,Gentianales,Rubiaceae,"Coussarea klugii"
Equisetopsida,Gentianales,Rubiaceae,"Coussarea hirticalyx"
Equisetopsida,Rosales,Urticaceae,"Coussapoa trinervia"
Equisetopsida,Rosales,Urticaceae,"Coussapoa tessmannii"
Equisetopsida,Asparagales,Orchidaceae,"Polystachya foliosa"
Equisetopsida,Rosales,Urticaceae,"Coussapoa ovalifolia"
Equisetopsida,Rosales,Urticaceae,"Coussapoa orthoneura"
Equisetopsida,Rosales,Urticaceae,"Coussapoa asperifolia"
Equisetopsida,Ericales,Lecythidaceae,"Couratari oligantha"
Equisetopsida,Ericales,Lecythidaceae,"Couratari guianensis"
Equisetopsida,Gentianales,Apocynaceae,"Couma macrocarpa"
Equisetopsida,Malpighiales,Chrysobalanaceae,"Couepia williamsii"
Equisetopsida,Malpighiales,Chrysobalanaceae,"Couepia ulei"
Equisetopsida,Malpighiales,Chrysobalanaceae,"Couepia racemosa"
Equisetopsida,Malpighiales,Chrysobalanaceae,"Couepia parillo"
Equisetopsida,Polypodiales,Pteridaceae,"Polytaenium guayanense"
Equisetopsida,Malpighiales,Chrysobalanaceae,"Couepia obovata"
Equisetopsida,Malpighiales,Chrysobalanaceae,"Couepia macrophylla"
Equisetopsida,Malpighiales,Chrysobalanaceae,"Couepia guianensis"
Equisetopsida,Malpighiales,Chrysobalanaceae,"Couepia dolichopoda"
Equisetopsida,Malpighiales,Chrysobalanaceae,"Couepia chrysocalyx"
Equisetopsida,Malpighiales,Chrysobalanaceae,"Couepia bernardii"
Aves,Passeriformes,Cotingidae,"Cotinga maynana"
Insecta,Lepidoptera,Erebidae,"Pompiliodes aliena"
Aves,Passeriformes,Cotingidae,"Cotinga cayana"
Equisetopsida,Zingiberales,Costaceae,"Costus longibracteolatus"
Equisetopsida,Zingiberales,Costaceae,"Costus lasius"
Equisetopsida,Metteniusales,Metteniusaceae,"Poraqueiba sericea"
Aves,Passeriformes,Tyrannidae,"Corythopis torquatus"
Aves,Gruiformes,Rallidae,"Porphyrio martinica"
Actinopterygii,Siluriformes,Callichthyidae,"Corydoras loretoensis"
Actinopterygii,Siluriformes,Callichthyidae,"Corydoras elegans"
Actinopterygii,Siluriformes,Callichthyidae,"Corydoras atropersonatus"
Mammalia,Chiroptera,Emballonuridae,"Cormura brevirostris"
Equisetopsida,Gentianales,Rubiaceae,"Posoqueria latifolia"
Equisetopsida,Gentianales,Rubiaceae,"Cordiera myrciifolia"
Equisetopsida,Gentianales,Rubiaceae,"Posoqueria longiflora"
Equisetopsida,Gentianales,Gentianaceae,"Potalia amara"
Equisetopsida,Lamiales,Cordiaceae,"Cordia ucayaliensis"
Equisetopsida,Gentianales,Gentianaceae,"Potalia coronata"
Equisetopsida,Lamiales,Cordiaceae,"Cordia nodosa"
Equisetopsida,Lamiales,Cordiaceae,"Cordia mexiana"
Equisetopsida,Lamiales,Cordiaceae,"Cordia kingstoniana"
Equisetopsida,Malvales,Malvaceae,"Corchorus orinocensis"
Actinopterygii,Beloniformes,Belonidae,"Potamorrhaphis guianensis"
Actinopterygii,Characiformes,Curimatidae,"Steindachnerina planiventris"
Aves,Cathartiformes,Cathartidae,"Coragyps atratus"
Mammalia,Carnivora,Procyonidae,"Potos flavus"
Insecta,Lepidoptera,Lycaenidae,"Corades melania"
Insecta,Coleoptera,Scarabaeidae,"Coprophanaeus telamon"
Insecta,Coleoptera,Scarabaeidae,"Coprophanaeus callegarii"
Actinopterygii,Characiformes,Lebiasinidae,"Copella nigrofasciata"
Actinopterygii,Characiformes,Lebiasinidae,"Copella metae"
Equisetopsida,Rosales,Urticaceae,"Pourouma bicolor"
Aves,Passeriformes,Tyrannidae,"Contopus virens"
Equisetopsida,Rosales,Urticaceae,"Pourouma cecropiifolia"
Equisetopsida,Rosales,Urticaceae,"Pourouma ferruginea"
Equisetopsida,Rosales,Urticaceae,"Pourouma guianensis"
Aves,Passeriformes,Tyrannidae,"Contopus cooperi"
Equisetopsida,Rosales,Urticaceae,"Pourouma herrerensis"
Aves,Passeriformes,Conopophagidae,"Conopophaga peruviana"
Equisetopsida,Rosales,Urticaceae,"Pourouma minor"
Aves,Passeriformes,Tyrannidae,"Conopias parvus"
Equisetopsida,Rosales,Urticaceae,"Pourouma mollis subsp. triloba"
Equisetopsida,Rosales,Urticaceae,"Pourouma myrmecophila"
Equisetopsida,Rosales,Urticaceae,"Pourouma ovata"
Equisetopsida,Rosales,Urticaceae,"Pourouma tomentosa"
Equisetopsida,Oxalidales,Connaraceae,"Connarus fasciculatus"
Equisetopsida,Ericales,Sapotaceae,"Pouteria bangii"
Equisetopsida,Ericales,Sapotaceae,"Pouteria caimito"
Equisetopsida,Ericales,Sapotaceae,"Pouteria cuspidata"
Equisetopsida,Ericales,Sapotaceae,"Pouteria durlandii"
Equisetopsida,Ericales,Sapotaceae,"Pouteria filipes"
Equisetopsida,Ericales,Sapotaceae,"Pouteria gomphiifolia"
Equisetopsida,Ericales,Sapotaceae,"Pouteria guianensis"
Equisetopsida,Ericales,Sapotaceae,"Pouteria krukovii"
Equisetopsida,Ericales,Sapotaceae,"Pouteria laevigata"
Equisetopsida,Malpighiales,Euphorbiaceae,"Conceveiba terminalis"
Equisetopsida,Ericales,Sapotaceae,"Pouteria lucumifolia"
Equisetopsida,Malpighiales,Euphorbiaceae,"Conceveiba rhytidocarpa"
Equisetopsida,Malpighiales,Euphorbiaceae,"Conceveiba maynasensis"
Equisetopsida,Malpighiales,Euphorbiaceae,"Conceveiba martiana"
Equisetopsida,Ericales,Sapotaceae,"Pouteria multiflora"
Equisetopsida,Ericales,Sapotaceae,"Pouteria oblanceolata"
Equisetopsida,Malpighiales,Euphorbiaceae,"Conceveiba guianensis"
Equisetopsida,Magnoliales,Myristicaceae,"Compsoneura sprucei"
Equisetopsida,Magnoliales,Myristicaceae,"Compsoneura capitellata"
Equisetopsida,Ericales,Sapotaceae,"Pouteria procera"
Equisetopsida,Ericales,Sapotaceae,"Pouteria putamen-ovi"
Equisetopsida,Ericales,Sapotaceae,"Pouteria reticulata"
Equisetopsida,Ericales,Sapotaceae,"Pouteria rostrata"
Equisetopsida,Ericales,Sapotaceae,"Pouteria subrotata"
Equisetopsida,Myrtales,Combretaceae,"Combretum llewelynii"
Equisetopsida,Ericales,Sapotaceae,"Pouteria torta"
Equisetopsida,Myrtales,Combretaceae,"Combretum laxum"
Equisetopsida,Myrtales,Combretaceae,"Combretum laurifolium"
Equisetopsida,Ericales,Sapotaceae,"Pouteria venosa"
Equisetopsida,Ericales,Sapotaceae,"Pradosia cochlearia"
Equisetopsida,Lamiales,Gesneriaceae,"Columnea inaequilatera"
Aves,Columbiformes,Columbidae,"Columbina talpacoti"
Equisetopsida,Brassicales,Capparaceae,"Preslianthus pittieri"
Aves,Passeriformes,Hirundinidae,"Stelgidopteryx ruficollis"
Equisetopsida,Gentianales,Apocynaceae,"Prestonia trifida"
Equisetopsida,Gentianales,Apocynaceae,"Prestonia vana"
Mammalia,Cingulata,Chlamyphoridae,"Priodontes maximus"
Amphibia,Anura,Craugastoridae,"Pristimantis academicus"
Amphibia,Anura,Craugastoridae,"Pristimantis acuminatus"
Amphibia,Anura,Craugastoridae,"Pristimantis altamazonicus"
Amphibia,Anura,Craugastoridae,"Pristimantis carvalhoi"
Amphibia,Anura,Craugastoridae,"Pristimantis conspicillatus"
Amphibia,Anura,Craugastoridae,"Pristimantis delius"
Amphibia,Anura,Craugastoridae,"Pristimantis diadematus"
Amphibia,Anura,Craugastoridae,"Pristimantis eurydactylus"
Aves,Piciformes,Picidae,"Colaptes punctigula"
Amphibia,Anura,Craugastoridae,"Pristimantis lacrimosus"
Amphibia,Anura,Craugastoridae,"Pristimantis lanthanites"
Amphibia,Anura,Craugastoridae,"Pristimantis malkini"
Amphibia,Anura,Craugastoridae,"Pristimantis martiae"
Equisetopsida,Gentianales,Rubiaceae,"Coffea arabica"
Aves,Passeriformes,Thraupidae,"Coereba flaveola"
Amphibia,Anura,Craugastoridae,"Pristimantis ockendeni"
Amphibia,Anura,Craugastoridae,"Pristimantis orcus"
Amphibia,Anura,Craugastoridae,"Pristimantis padiali"
Amphibia,Anura,Craugastoridae,"Pristimantis peruvianus"
Mammalia,Rodentia,Erethizontidae,"Coendou prehensilis"
Equisetopsida,Lamiales,Gesneriaceae,"Codonanthe uleana"
Equisetopsida,Lamiales,Gesneriaceae,"Codonanthe crassifolia"
Aves,Pelecaniformes,Ardeidae,"Cochlearius cochlearius"
Aves,Cuculiformes,Cuculidae,"Coccyzus americanus"
Aves,Cuculiformes,Cuculidae,"Coccycua minuta"
Equisetopsida,Caryophyllales,Polygonaceae,"Coccoloba paraensis"
Mammalia,Carnivora,Procyonidae,"Procyon cancrivorus"
Equisetopsida,Caryophyllales,Polygonaceae,"Coccoloba mollis"
Equisetopsida,Caryophyllales,Polygonaceae,"Coccoloba marginata"
Equisetopsida,Caryophyllales,Polygonaceae,"Coccoloba densifrons"
Mammalia,Rodentia,Echimyidae,"Proechimys brevicauda"
Equisetopsida,Caryophyllales,Polygonaceae,"Coccoloba ascendens"
Mammalia,Rodentia,Echimyidae,"Proechimys cuvieri"
Mammalia,Rodentia,Echimyidae,"Proechimys quadruplicatus"
Mammalia,Rodentia,Echimyidae,"Proechimys simonsi"
Aves,Passeriformes,Tyrannidae,"Cnipodectes subbrunneus"
Aves,Passeriformes,Tyrannidae,"Cnemotriccus fuscatus"
Aves,Passeriformes,Hirundinidae,"Progne chalybea"
Equisetopsida,Malpighiales,Clusiaceae,"Clusia viscida"
Aves,Passeriformes,Hirundinidae,"Progne subis"
Equisetopsida,Malpighiales,Clusiaceae,"Clusia rubrifructa"
Equisetopsida,Malpighiales,Clusiaceae,"Clusia penduliflora"
Equisetopsida,Malpighiales,Clusiaceae,"Clusia octandra"
Aves,Passeriformes,Hirundinidae,"Progne tapera"
Equisetopsida,Malpighiales,Clusiaceae,"Clusia microstemon"
Equisetopsida,Malpighiales,Clusiaceae,"Clusia martiana"
Equisetopsida,Malpighiales,Clusiaceae,"Clusia loretensis"
Equisetopsida,Malpighiales,Clusiaceae,"Clusia loranthacea"
Equisetopsida,Malpighiales,Clusiaceae,"Clusia leprantha"
Equisetopsida,Malpighiales,Clusiaceae,"Clusia laxiflora"
Mammalia,Chiroptera,Molossidae,"Promops centralis"
Equisetopsida,Malpighiales,Clusiaceae,"Clusia hammeliana"
Equisetopsida,Malpighiales,Clusiaceae,"Clusia flavida"
Equisetopsida,Malpighiales,Clusiaceae,"Clusia amazonica"
Equisetopsida,Myrtales,Melastomataceae,"Clidemia pustulata"
Equisetopsida,Myrtales,Melastomataceae,"Clidemia hirta"
Equisetopsida,Myrtales,Melastomataceae,"Clidemia capitellata"
Aves,Passeriformes,Furnariidae,"Clibanornis rubiginosus"
Equisetopsida,Asterales,Asteraceae,"Clibadium peruvianum"
Equisetopsida,Sapindales,Burseraceae,"Protium amazonicum"
Equisetopsida,Sapindales,Burseraceae,"Protium apiculatum"
Equisetopsida,Sapindales,Burseraceae,"Protium aracouchini"
Equisetopsida,Sapindales,Burseraceae,"Protium crassipetalum"
Equisetopsida,Sapindales,Burseraceae,"Protium divaricatum"
Equisetopsida,Ericales,Primulaceae,"Clavija weberbaueri"
Equisetopsida,Ericales,Primulaceae,"Clavija venosa"
Equisetopsida,Sapindales,Burseraceae,"Protium ferrugineum"
Equisetopsida,Sapindales,Burseraceae,"Protium fimbriatum"
Equisetopsida,Sapindales,Burseraceae,"Protium gallosum"
Equisetopsida,Sapindales,Burseraceae,"Protium glabrescens"
Equisetopsida,Myrtales,Melastomataceae,"Adelobotrys marginatus"
Equisetopsida,Sapindales,Burseraceae,"Protium goudotianum"
Equisetopsida,Rosales,Moraceae,"Clarisia racemosa"
Equisetopsida,Sapindales,Burseraceae,"Protium grandifolium"
Equisetopsida,Myrtales,Melastomataceae,"Adelobotrys intonsus"
Equisetopsida,Sapindales,Burseraceae,"Protium hebetatum"
Equisetopsida,Sapindales,Burseraceae,"Protium heptaphyllum"
Equisetopsida,Rosales,Moraceae,"Clarisia biflora"
Equisetopsida,Sapindales,Burseraceae,"Protium klugii"
Aves,Columbiformes,Columbidae,"Claravis pretiosa"
Equisetopsida,Sapindales,Burseraceae,"Protium macrophyllum"
Equisetopsida,Sapindales,Burseraceae,"Protium nitidifolium"
Equisetopsida,Sapindales,Burseraceae,"Protium nodulosum"
Equisetopsida,Aquifoliales,Cardiopteridaceae,"Citronella incarum"
Equisetopsida,Sapindales,Burseraceae,"Protium opacum"
Equisetopsida,Sapindales,Burseraceae,"Protium paniculatum"
Equisetopsida,Sapindales,Burseraceae,"Protium prancei"
Equisetopsida,Sapindales,Burseraceae,"Protium rhoifolium"
Insecta,Lepidoptera,Nymphalidae,"Cithaerias pireta"
Equisetopsida,Sapindales,Burseraceae,"Protium robustum"
Equisetopsida,Sapindales,Burseraceae,"Protium sagotianum"
Equisetopsida,Vitales,Vitaceae,"Cissus ulmifolia"
Equisetopsida,Sapindales,Burseraceae,"Protium spruceanum"
Equisetopsida,Sapindales,Burseraceae,"Protium stevensonii"
Equisetopsida,Vitales,Vitaceae,"Cissus erosa"
Equisetopsida,Vitales,Vitaceae,"Cissus descoingsii"
Equisetopsida,Sapindales,Burseraceae,"Protium subserratum"
Equisetopsida,Vitales,Vitaceae,"Cissus acreensis"
Aves,Passeriformes,Thraupidae,"Cissopis leverianus"
Equisetopsida,Sapindales,Burseraceae,"Protium tenuifolium"
Equisetopsida,Sapindales,Burseraceae,"Protium trifoliolatum"
Insecta,Lepidoptera,Nymphalidae,"Cissia terrestris"
Equisetopsida,Sapindales,Burseraceae,"Protium unifoliolatum"
Insecta,Lepidoptera,Nymphalidae,"Cissia penelope"
Equisetopsida,Ranunculales,Menispermaceae,"Cissampelos tropaeolifolia"
Equisetopsida,Ranunculales,Menispermaceae,"Cissampelos andromorpha"
Insecta,Lepidoptera,Nymphalidae,"Cisandina philippa"
Equisetopsida,Rosales,Rosaceae,"Prunus detrita"
Equisetopsida,Rosales,Rosaceae,"Prunus rotunda"
Aves,Passeriformes,Icteridae,"Psarocolius angustifrons"
Aves,Passeriformes,Icteridae,"Psarocolius bifasciatus"
Aves,Passeriformes,Icteridae,"Psarocolius decumanus"
Equisetopsida,Gentianales,Rubiaceae,"Ciliosemina pedunculata"
Aves,Passeriformes,Icteridae,"Psarocolius viridis"
Aves,Charadriiformes,Scolopacidae,"Actitis macularius"
Insecta,Lepidoptera,Erebidae,"Pseudaclytia opponens"
Actinopterygii,Characiformes,Anostomidae,"Pseudanos gracilis"
Aves,Strigiformes,Strigidae,"Ciccaba virgata"
Aves,Strigiformes,Strigidae,"Ciccaba huhula"
Equisetopsida,Asterales,Asteraceae,"Pseudelephantopus spiralis"
Aves,Apodiformes,Trochilidae,"Chrysuronia oenone"
Equisetopsida,Oxalidales,Connaraceae,"Pseudoconnarus agelaeoides"
Equisetopsida,Oxalidales,Connaraceae,"Pseudoconnarus macrophyllus"
Equisetopsida,Ericales,Sapotaceae,"Chrysophyllum sanguinolentum"
Equisetopsida,Ericales,Sapotaceae,"Chrysophyllum prieurii"
Equisetopsida,Ericales,Sapotaceae,"Chrysophyllum peruvianum"
Equisetopsida,Ericales,Sapotaceae,"Chrysophyllum manaosense"
Equisetopsida,Ericales,Sapotaceae,"Chrysophyllum bombycinum"
Equisetopsida,Ericales,Sapotaceae,"Chrysophyllum argenteum"
Equisetopsida,Ericales,Sapotaceae,"Chrysophyllum amazonicum"
Aves,Passeriformes,Icteridae,"Chrysomus icterocephalus"
Equisetopsida,Malpighiales,Clusiaceae,"Chrysochlamys weberbaueri"
Mammalia,Chiroptera,Phyllostomidae,"Chrotopterus auritus"
Equisetopsida,Rosales,Moraceae,"Pseudolmedia laevigata"
Equisetopsida,Rosales,Moraceae,"Pseudolmedia laevis"
Equisetopsida,Rosales,Moraceae,"Pseudolmedia rigida"
Aves,Caprimulgiformes,Caprimulgidae,"Chordeiles rupestris"
Insecta,Lepidoptera,Erebidae,"Pseudomya cassandra"
Insecta,Lepidoptera,Erebidae,"Pseudomya temenus"
Insecta,Lepidoptera,Erebidae,"Pseudomya vindonissa"
Insecta,Hymenoptera,Formicidae,"Pseudomyrmex concolor"
Insecta,Hymenoptera,Formicidae,"Pseudomyrmex penetrator"
Aves,Caprimulgiformes,Caprimulgidae,"Chordeiles minor"
Equisetopsida,Gentianales,Rubiaceae,"Chomelia tenuiflora"
Aves,Passeriformes,Pipridae,"Pseudopipra pipra"
Mammalia,Pilosa,Choloepodidae,"Choloepus hoffmanni"
Mammalia,Pilosa,Choloepodidae,"Choloepus didactylus"
Insecta,Lepidoptera,Erebidae,"Pseudopompilia vespa"
Mammalia,Chiroptera,Phyllostomidae,"Choeroniscus minor"
Equisetopsida,Caryophyllales,Cactaceae,"Pseudorhipsalis amazonica"
Aves,Apodiformes,Trochilidae,"Chlorostilbon mellisugus"
Aves,Passeriformes,Thraupidae,"Chlorophanes spiza"
Equisetopsida,Magnoliales,Annonaceae,"Pseudoxandra lucida"
Equisetopsida,Magnoliales,Annonaceae,"Pseudoxandra polyphleba"
Equisetopsida,Myrtales,Myrtaceae,"Psidium acutangulum"
Equisetopsida,Myrtales,Myrtaceae,"Psidium densicomum"
Aves,Coraciiformes,Alcedinidae,"Chloroceryle inda"
Aves,Coraciiformes,Alcedinidae,"Chloroceryle americana"
Equisetopsida,Santalales,Loranthaceae,"Psittacanthus baguensis"
Equisetopsida,Santalales,Loranthaceae,"Psittacanthus clusiifolius"
Equisetopsida,Santalales,Loranthaceae,"Psittacanthus corynocephalus"
Aves,Coraciiformes,Alcedinidae,"Chloroceryle amazona"
Aves,Coraciiformes,Alcedinidae,"Chloroceryle aenea"
Equisetopsida,Santalales,Loranthaceae,"Psittacanthus lamprophyllus"
Equisetopsida,Santalales,Loranthaceae,"Psittacanthus peculiaris"
Equisetopsida,Santalales,Loranthaceae,"Psittacanthus truncatus"
Aves,Psittaciformes,Psittacidae,"Psittacara leucophthalmus"
Insecta,Lepidoptera,Nymphalidae,"Chloreuptychia hewitsonii"
Insecta,Lepidoptera,Nymphalidae,"Chloreuptychia herseis"
Insecta,Lepidoptera,Nymphalidae,"Chloreuptychia chlorimene"
Insecta,Lepidoptera,Nymphalidae,"Chloreuptychia catharina"
Insecta,Lepidoptera,Nymphalidae,"Chloreuptychia arnaca"
Insecta,Lepidoptera,Nymphalidae,"Chloreuptychia agatha"
Aves,Apodiformes,Trochilidae,"Chlorestes cyanus"
Aves,Gruiformes,Psophiidae,"Psophia crepitans"
Equisetopsida,Gentianales,Rubiaceae,"Psychotria anceps"
Equisetopsida,Gentianales,Rubiaceae,"Psychotria capitata"
Mammalia,Didelphimorphia,Didelphidae,"Chironectes minimus"
Mammalia,Chiroptera,Phyllostomidae,"Chiroderma villosum"
Mammalia,Chiroptera,Phyllostomidae,"Chiroderma trinitatum"
Mammalia,Chiroptera,Phyllostomidae,"Chiroderma salvini"
Equisetopsida,Gentianales,Rubiaceae,"Psychotria cincta"
Equisetopsida,Gentianales,Rubiaceae,"Psychotria deflexa"
Equisetopsida,Gentianales,Rubiaceae,"Psychotria erecta"
Aves,Apodiformes,Trochilidae,"Chionomesa fimbriata"
Equisetopsida,Gentianales,Rubiaceae,"Psychotria humboldtiana"
Equisetopsida,Gentianales,Rubiaceae,"Psychotria iodotricha"
Equisetopsida,Gentianales,Rubiaceae,"Chimarrhis hookeri"
Equisetopsida,Gentianales,Rubiaceae,"Chimarrhis gentryana"
Equisetopsida,Gentianales,Rubiaceae,"Psychotria longicuspis"
Actinopterygii,Characiformes,Chilodontidae,"Chilodus punctatus"
Equisetopsida,Gentianales,Rubiaceae,"Psychotria marcgraviella"
Equisetopsida,Gentianales,Rubiaceae,"Psychotria medusula"
Amphibia,Anura,Microhylidae,"Chiasmocleis ventrimaculata"
Amphibia,Anura,Microhylidae,"Chiasmocleis carvalhoi"
Amphibia,Anura,Microhylidae,"Chiasmocleis bassleri"
Mammalia,Primates,Pitheciidae,"Cheracebus aquinoi"
Equisetopsida,Gentianales,Rubiaceae,"Psychotria peruviana"
Equisetopsida,Gentianales,Rubiaceae,"Psychotria poeppigiana"
Equisetopsida,Gentianales,Rubiaceae,"Psychotria racemosa"
Equisetopsida,Gentianales,Rubiaceae,"Psychotria remota"
Aves,Galbuliformes,Bucconidae,"Chelidoptera tenebrosa"
Equisetopsida,Gentianales,Rubiaceae,"Psychotria rosea"
Equisetopsida,Gentianales,Rubiaceae,"Psychotria ruizii"
Equisetopsida,Gentianales,Rubiaceae,"Psychotria stipulosa"
Equisetopsida,Celastrales,Celastraceae,"Cheiloclinium obtusum"
Equisetopsida,Celastrales,Celastraceae,"Cheiloclinium belizense"
Equisetopsida,Gentianales,Rubiaceae,"Psychotria trichocephala"
Equisetopsida,Gentianales,Rubiaceae,"Psychotria williamsii"
Aves,Charadriiformes,Charadriidae,"Charadrius collaris"
Actinopterygii,Characiformes,Crenuchidae,"Characidium steindachneri"
Aves,Passeriformes,Formicariidae,"Chamaeza nobilis"
Equisetopsida,Fabales,Fabaceae,"Pterocarpus amazonum"
Equisetopsida,Fabales,Fabaceae,"Pterocarpus rohrii"
Aves,Piciformes,Ramphastidae,"Pteroglossus azara"
Equisetopsida,Arecales,Arecaceae,"Chamaedorea pinnatifrons"
Equisetopsida,Arecales,Arecaceae,"Chamaedorea pauciflora"
Aves,Piciformes,Ramphastidae,"Pteroglossus castanotis"
Actinopterygii,Characiformes,Chalceidae,"Chalceus erythrurus"
Aves,Piciformes,Ramphastidae,"Pteroglossus inscriptus"
Aves,Apodiformes,Apodidae,"Chaetura egregia"
Aves,Piciformes,Ramphastidae,"Pteroglossus pluricinctus"
Aves,Apodiformes,Apodidae,"Chaetura cinereiventris"
Aves,Apodiformes,Apodidae,"Chaetura brachyura"
Insecta,Lepidoptera,Erebidae,"Aclytia klagesi"
Equisetopsida,Malpighiales,Peraceae,"Chaetocarpus echinocarpus"
Equisetopsida,Fabales,Fabaceae,"Pueraria phaseoloides"
Equisetopsida,Solanales,Solanaceae,"Cestrum microcalyx"
Equisetopsida,Solanales,Solanaceae,"Cestrum megalophyllum"
Equisetopsida,Solanales,Solanaceae,"Cestrum mariquitense"
Equisetopsida,Solanales,Solanaceae,"Cestrum laevifolium"
Equisetopsida,Malpighiales,Ochnaceae,"Cespedesia spathulata"
Aves,Passeriformes,Furnariidae,"Certhiasomus stictolaemus"
Aves,Strigiformes,Strigidae,"Pulsatrix perspicillata"
Mammalia,Carnivora,Felidae,"Puma concolor"
Aves,Passeriformes,Thamnophilidae,"Cercomacroides serva"
Aves,Passeriformes,Thamnophilidae,"Cercomacra cinerascens"
Mammalia,Carnivora,Felidae,"Puma yagouaroundi"
Aves,Passeriformes,Pipridae,"Ceratopipra erythrocephala"
Aves,Passeriformes,Thamnophilidae,"Pygiptila stellaris"
Mammalia,Chiroptera,Emballonuridae,"Centronycteris maximiliani"
Equisetopsida,Rosales,Cannabaceae,"Celtis iguanaea"
Aves,Piciformes,Picidae,"Celeus torquatus"
Aves,Piciformes,Picidae,"Celeus grammicus"
Aves,Piciformes,Picidae,"Celeus flavus"
Aves,Psittaciformes,Psittacidae,"Pyrilia barrabandi"
Aves,Piciformes,Picidae,"Celeus elegans"
Aves,Passeriformes,Tyrannidae,"Pyrocephalus rubinus"
Equisetopsida,Sapindales,Meliaceae,"Cedrela odorata"
Equisetopsida,Rosales,Urticaceae,"Cecropia sciadophylla"
Equisetopsida,Myrtales,Melastomataceae,"Aciotis purpurascens"
Equisetopsida,Rosales,Urticaceae,"Cecropia membranacea"
Actinopterygii,Characiformes,Lebiasinidae,"Pyrrhulina zigzag"
Equisetopsida,Rosales,Urticaceae,"Cecropia gabrielis"
Aves,Psittaciformes,Psittacidae,"Pyrrhura melanura"
Equisetopsida,Rosales,Urticaceae,"Cecropia ficifolia"
Equisetopsida,Rosales,Urticaceae,"Cecropia engleriana"
Equisetopsida,Rosales,Urticaceae,"Cecropia distachya"
Mammalia,Primates,Cebidae,"Cebus (Sapajus) apella"
Mammalia,Primates,Cebidae,"Cebus (Cebus) albifrons"
Mammalia,Primates,Cebidae,"Cebuella pygmaea"
Equisetopsida,Myrtales,Melastomataceae,"Aciotis polystachya"
Equisetopsida,Myrtales,Vochysiaceae,"Qualea paraensis"
Equisetopsida,Myrtales,Melastomataceae,"Aciotis acuminifolia"
Equisetopsida,Malpighiales,Chrysobalanaceae,"Acioa dolichopoda"
Equisetopsida,Cucurbitales,Cucurbitaceae,"Cayaponia macrocalyx"
Insecta,Lepidoptera,Nymphalidae,"Catoblepia soranus"
Aves,Passeriformes,Cotingidae,"Querula purpurata"
Equisetopsida,Santalales,Olacaceae,"Cathedra acuminata"
Aves,Passeriformes,Turdidae,"Catharus ustulatus"
Equisetopsida,Malpighiales,Ochnaceae,"Quiina amazonica"
Aves,Passeriformes,Turdidae,"Catharus minimus"
Equisetopsida,Malpighiales,Ochnaceae,"Quiina cruegeriana"
Equisetopsida,Malpighiales,Ochnaceae,"Quiina florida"
Equisetopsida,Malpighiales,Ochnaceae,"Quiina macrophylla"
Equisetopsida,Malpighiales,Ochnaceae,"Quiina obovata"
Aves,Cathartiformes,Cathartidae,"Cathartes melambrotus"
Aves,Cathartiformes,Cathartidae,"Cathartes burrovianus"
Aves,Cathartiformes,Cathartidae,"Cathartes aura"
Aves,Piciformes,Ramphastidae,"Ramphastos tucanus"
Equisetopsida,Asparagales,Orchidaceae,"Acianthera discophylla"
Aves,Piciformes,Ramphastidae,"Ramphastos vitellinus"
Aves,Passeriformes,Polioptilidae,"Ramphocaenus melanurus"
Equisetopsida,Rosales,Moraceae,"Castilla ulei"
Aves,Passeriformes,Thraupidae,"Ramphocelus carbo"
Equisetopsida,Malpighiales,Rhizophoraceae,"Cassipourea peruviana"
Equisetopsida,Malpighiales,Salicaceae,"Casearia ulmifolia"
Equisetopsida,Malpighiales,Salicaceae,"Casearia uleana"
Equisetopsida,Malpighiales,Salicaceae,"Casearia sylvestris"
Equisetopsida,Malpighiales,Salicaceae,"Casearia resinifera"
Aves,Passeriformes,Thraupidae,"Ramphocelus nigrogularis"
Equisetopsida,Malpighiales,Salicaceae,"Casearia prunifolia"
Equisetopsida,Malpighiales,Salicaceae,"Casearia pitumba"
Equisetopsida,Malpighiales,Salicaceae,"Casearia mariquitensis"
Equisetopsida,Malpighiales,Salicaceae,"Casearia javitensis"
Equisetopsida,Malpighiales,Salicaceae,"Casearia fasciculata"
Equisetopsida,Malpighiales,Salicaceae,"Casearia decandra"
Equisetopsida,Malpighiales,Salicaceae,"Casearia combaymensis"
Equisetopsida,Malpighiales,Salicaceae,"Casearia arborea"
Equisetopsida,Malpighiales,Salicaceae,"Casearia acuminata"
Equisetopsida,Malpighiales,Salicaceae,"Casearia aculeata"
Equisetopsida,Malpighiales,Euphorbiaceae,"Caryodendron orinocense"
Equisetopsida,Malpighiales,Caryocaraceae,"Caryocar microcarpum"
Equisetopsida,Malpighiales,Caryocaraceae,"Caryocar glabrum"
Aves,Passeriformes,Tyrannidae,"Ramphotrigon ruficauda"
Equisetopsida,Gentianales,Rubiaceae,"Randia armata"
Amphibia,Anura,Dendrobatidae,"Ranitomeya amazonica"
Amphibia,Anura,Dendrobatidae,"Ranitomeya reticulata"
Equisetopsida,Malpighiales,Achariaceae,"Carpotroche longifolia"
Mammalia,Chiroptera,Phyllostomidae,"Carollia perspicillata"
Amphibia,Anura,Dendrobatidae,"Ranitomeya ventrimaculata"
Mammalia,Chiroptera,Phyllostomidae,"Carollia castanea"
Mammalia,Chiroptera,Phyllostomidae,"Carollia brevicauda"
Actinopterygii,Characiformes,Gasteropelecidae,"Carnegiella strigata"
Actinopterygii,Characiformes,Gasteropelecidae,"Carnegiella marthae"
Equisetopsida,Pandanales,Cyclanthaceae,"Carludovica palmata"
Equisetopsida,Poales,Rapateaceae,"Rapatea paludosa"
Equisetopsida,Sapindales,Rutaceae,"Raputia heptaphylla"
Equisetopsida,Sapindales,Rutaceae,"Raputia megalantha"
Equisetopsida,Gentianales,Apocynaceae,"Rauvolfia macrantha"
Equisetopsida,Gentianales,Rubiaceae,"Carapichea klugii"
Equisetopsida,Gentianales,Apocynaceae,"Rauvolfia sprucei"
Equisetopsida,Sapindales,Rutaceae,"Ravenia biramosa"
Equisetopsida,Gentianales,Rubiaceae,"Carapichea adinantha"
Equisetopsida,Sapindales,Meliaceae,"Carapa procera"
Equisetopsida,Sapindales,Meliaceae,"Carapa guianensis"
Equisetopsida,Malpighiales,Calophyllaceae,"Caraipa utilis"
Equisetopsida,Malpighiales,Calophyllaceae,"Caraipa tereticaulis"
Equisetopsida,Malpighiales,Calophyllaceae,"Caraipa punctulata"
Equisetopsida,Malpighiales,Calophyllaceae,"Caraipa jaramilloi"
Equisetopsida,Malpighiales,Calophyllaceae,"Caraipa densifolia"
Equisetopsida,Malpighiales,Calophyllaceae,"Caraipa davilae"
Equisetopsida,Gentianales,Rubiaceae,"Remijia macrocnemia"
Equisetopsida,Gentianales,Rubiaceae,"Remijia pacimonica"
Equisetopsida,Gentianales,Rubiaceae,"Remijia ulei"
Equisetopsida,Zingiberales,Zingiberaceae,"Renealmia breviscapa"
Aves,Falconiformes,Falconidae,"Caracara plancus"
Equisetopsida,Zingiberales,Zingiberaceae,"Renealmia floribunda"
Equisetopsida,Zingiberales,Zingiberaceae,"Renealmia monosperma"
Equisetopsida,Brassicales,Capparaceae,"Capparidastrum sola"
Aves,Piciformes,Capitonidae,"Capito aurovirens"
Aves,Piciformes,Capitonidae,"Capito auratus"
Equisetopsida,Zingiberales,Zingiberaceae,"Renealmia thyrsoidea"
Equisetopsida,Gentianales,Rubiaceae,"Retiniphyllum concolor"
Equisetopsida,Gentianales,Rubiaceae,"Retiniphyllum martianum"
Aves,Passeriformes,Troglodytidae,"Cantorchilus leucotis"
Insecta,Coleoptera,Scarabaeidae,"Canthon subhyalinus"
Amphibia,Anura,Bufonidae,"Rhaebo guttatus"
Actinopterygii,Siluriformes,Heptapteridae,"Rhamdia quelen"
Equisetopsida,Rosales,Rhamnaceae,"Rhamnidium elaeocarpum"
Insecta,Coleoptera,Scarabaeidae,"Canthidium gerstaeckeri"
Equisetopsida,Zingiberales,Cannaceae,"Canna indica"
Equisetopsida,Dioscoreales,Burmanniaceae,"Campylosiphon purpurascens"
Aves,Passeriformes,Troglodytidae,"Campylorhynchus turdinus"
Aves,Passeriformes,Thamnophilidae,"Rhegmatorhina melanosticta"
Amphibia,Anura,Bufonidae,"Rhinella ceratophrys"
Amphibia,Anura,Bufonidae,"Rhinella dapsilis"
Amphibia,Anura,Bufonidae,"Rhinella margaritifera"
Equisetopsida,Polypodiales,Polypodiaceae,"Campyloneurum repens"
Amphibia,Anura,Bufonidae,"Rhinella marina"
Amphibia,Anura,Bufonidae,"Rhinella unapensis"
Aves,Passeriformes,Tyrannidae,"Camptostoma obsoletum"
Mammalia,Chiroptera,Phyllostomidae,"Rhinophylla fischerae"
Mammalia,Chiroptera,Phyllostomidae,"Rhinophylla pumilio"
Equisetopsida,Fabales,Fabaceae,"Campsiandra angustifolia"
Aves,Piciformes,Picidae,"Campephilus rubricollis"
Mammalia,Rodentia,Cricetidae,"Rhipidomys leucodactylus"
Aves,Piciformes,Picidae,"Campephilus melanoleucos"
Equisetopsida,Poales,Cyperaceae,"Calyptrocarya poeppigiana"
Equisetopsida,Poales,Cyperaceae,"Calyptrocarya glomerulata"
Equisetopsida,Poales,Cyperaceae,"Calyptrocarya bicolor"
Equisetopsida,Myrtales,Myrtaceae,"Calyptranthes pulchella"
Equisetopsida,Myrtales,Myrtaceae,"Calyptranthes macrophylla"
Equisetopsida,Myrtales,Myrtaceae,"Calyptranthes longifolia"
Equisetopsida,Myrtales,Myrtaceae,"Calyptranthes glandulosa"
Equisetopsida,Myrtales,Myrtaceae,"Calyptranthes cuspidata"
Equisetopsida,Alismatales,Araceae,"Rhodospatha latifolia"
Equisetopsida,Laurales,Lauraceae,"Rhodostemonodaphne grandis"
Equisetopsida,Laurales,Lauraceae,"Rhodostemonodaphne licanioides"
Equisetopsida,Gentianales,Rubiaceae,"Calycophyllum megistocaulum"
Mammalia,Didelphimorphia,Didelphidae,"Caluromys lanatus"
Equisetopsida,Malpighiales,Calophyllaceae,"Calophyllum longifolium"
Equisetopsida,Malpighiales,Calophyllaceae,"Calophyllum brasiliense"
Mammalia,Chiroptera,Emballonuridae,"Rhynchonycteris naso"
Insecta,Lepidoptera,Sphingidae,"Callionima parce parce"
Mammalia,Primates,Cebidae,"Callimico goeldii"
Amphibia,Anura,Phyllomedusidae,"Callimedusa tomopterna"
Actinopterygii,Siluriformes,Callichthyidae,"Callichthys callichthys"
Equisetopsida,Lamiales,Bignoniaceae,"Callichlamys latifolia"
Mammalia,Primates,Pitheciidae,"Callicebus (Plecturocebus) cupreus"
Mammalia,Primates,Pitheciidae,"Callicebus lucifer"
Aves,Passeriformes,Tyrannidae,"Rhytipterna simplex"
Insecta,Lepidoptera,Nymphalidae,"Caligo placidianus"
Insecta,Lepidoptera,Nymphalidae,"Caligo idomeneus"
Insecta,Lepidoptera,Nymphalidae,"Caligo eurilochus"
Insecta,Lepidoptera,Nymphalidae,"Caligo euphorbus"
Equisetopsida,Malpighiales,Phyllanthaceae,"Richeria grandis"
Aves,Charadriiformes,Scolopacidae,"Calidris subruficollis"
Equisetopsida,Malpighiales,Violaceae,"Rinorea flavescens"
Equisetopsida,Malpighiales,Violaceae,"Rinorea guianensis"
Equisetopsida,Malpighiales,Violaceae,"Rinorea lindeniana"
Equisetopsida,Malpighiales,Violaceae,"Rinorea pubiflora"
Actinopterygii,Characiformes,Acestrorhynchidae,"Acestrorhynchus nasutus"
Equisetopsida,Malpighiales,Violaceae,"Rinorea racemosa"
Equisetopsida,Malpighiales,Violaceae,"Rinorea sprucei"
Equisetopsida,Malpighiales,Violaceae,"Rinorea viridifolia"
Aves,Passeriformes,Hirundinidae,"Riparia riparia"
Actinopterygii,Characiformes,Acestrorhynchidae,"Acestrorhynchus minimus"
Actinopterygii,Characiformes,Acestrorhynchidae,"Acestrorhynchus microlepis"
Equisetopsida,Magnoliales,Annonaceae,"Rollinia pittieri"
Equisetopsida,Gentianales,Rubiaceae,"Ronabea latifolia"
Actinopterygii,Characiformes,Acestrorhynchidae,"Acestrorhynchus heterolepis"
Actinopterygii,Characiformes,Acestrorhynchidae,"Acestrorhynchus falcirostris"
Equisetopsida,Malpighiales,Linaceae,"Roucheria columbiana"
Equisetopsida,Malpighiales,Linaceae,"Roucheria punctata"
Equisetopsida,Malpighiales,Linaceae,"Roucheria schomburgkii"
Actinopterygii,Characiformes,Acestrorhynchidae,"Acestrorhynchus falcatus"
Equisetopsida,Oxalidales,Connaraceae,"Rourea amazonica"
Equisetopsida,Oxalidales,Connaraceae,"Rourea camptoneura"
Equisetopsida,Oxalidales,Connaraceae,"Rourea cuspidata"
Equisetopsida,Alismatales,Araceae,"Stenospermation amomifolium"
Equisetopsida,Zingiberales,Marantaceae,"Calathea propinqua"
Equisetopsida,Zingiberales,Marantaceae,"Calathea micans"
Equisetopsida,Zingiberales,Marantaceae,"Calathea gentryi"
Equisetopsida,Zingiberales,Marantaceae,"Calathea altissima"
Equisetopsida,Alismatales,Araceae,"Caladium bicolor"
Aves,Anseriformes,Anatidae,"Cairina moschata"
Equisetopsida,Gentianales,Rubiaceae,"Rudgea cryptantha"
Equisetopsida,Gentianales,Rubiaceae,"Rudgea lanceifolia"
Equisetopsida,Gentianales,Rubiaceae,"Rudgea loretensis"
Equisetopsida,Gentianales,Rubiaceae,"Rudgea palicoureoides"
Equisetopsida,Gentianales,Rubiaceae,"Rudgea panurensis"
Insecta,Lepidoptera,Nymphalidae,"Caeruleuptychia umbrosa"
Insecta,Lepidoptera,Erebidae,"Cacostatia germana"
Equisetopsida,Gentianales,Rubiaceae,"Rudgea stipulacea"
Aves,Passeriformes,Icteridae,"Cacicus solitarius"
Aves,Passeriformes,Icteridae,"Cacicus oseryi"
Aves,Passeriformes,Icteridae,"Cacicus latirostris"
Aves,Accipitriformes,Accipitridae,"Accipiter superciliosus"
Aves,Passeriformes,Icteridae,"Cacicus haemorrhous"
Aves,Passeriformes,Icteridae,"Cacicus cela"
Mammalia,Cingulata,Chlamyphoridae,"Cabassous unicinctus"
Equisetopsida,Lamiales,Acanthaceae,"Ruellia terminalis"
Equisetopsida,Malpighiales,Malpighiaceae,"Byrsonima stipulina"
Equisetopsida,Malpighiales,Malpighiaceae,"Byrsonima stipulacea"
Equisetopsida,Poales,Poaceae,"Rugoloa pilosa"
Equisetopsida,Malpighiales,Malpighiaceae,"Byrsonima poeppigiana"
Equisetopsida,Malpighiales,Malpighiaceae,"Byrsonima cowanii"
Equisetopsida,Malpighiales,Malpighiaceae,"Byrsonima arthropoda"
Equisetopsida,Magnoliales,Annonaceae,"Ruizodendron ovale"
Aves,Pelecaniformes,Ardeidae,"Butorides striata"
Aves,Accipitriformes,Accipitridae,"Buteo nitidus"
Aves,Accipitriformes,Accipitridae,"Buteogallus urubitinga"
Aves,Accipitriformes,Accipitridae,"Buteogallus schistaceus"
Aves,Accipitriformes,Accipitridae,"Rupornis magnirostris"
Aves,Accipitriformes,Accipitridae,"Buteo brachyurus"
Aves,Accipitriformes,Accipitridae,"Buteo albonotatus"
Equisetopsida,Celastrales,Lepidobotryaceae,"Ruptiliocarpon caracolito"
Equisetopsida,Alismatales,Araceae,"Stenospermation steyermarkii"
Aves,Accipitriformes,Accipitridae,"Busarellus nigricollis"
Equisetopsida,Malpighiales,Salicaceae,"Ryania speciosa"
Equisetopsida,Malpighiales,Malpighiaceae,"Burdachia prismatocarpa var. loretoensis"
Equisetopsida,Malpighiales,Salicaceae,"Ryania spruceana"
Actinopterygii,Siluriformes,Aspredinidae,"Bunocephalus knerii"
Actinopterygii,Siluriformes,Aspredinidae,"Bunocephalus aleuropsis"
Equisetopsida,Malpighiales,Malpighiaceae,"Bunchosia argentea"
Equisetopsida,Gentianales,Rubiaceae,"Sabicea panamensis"
Equisetopsida,Polypodiales,Saccolomataceae,"Saccoloma inaequale"
Equisetopsida,Myrtales,Combretaceae,"Buchenavia grandis"
Aves,Galbuliformes,Bucconidae,"Bucco tamatia"
Mammalia,Chiroptera,Emballonuridae,"Saccopteryx bilineata"
Mammalia,Chiroptera,Emballonuridae,"Saccopteryx leptura"
Aves,Galbuliformes,Bucconidae,"Bucco macrodactylus"
Equisetopsida,Malpighiales,Humiriaceae,"Sacoglottis ceratocarpa"
Equisetopsida,Malpighiales,Humiriaceae,"Sacoglottis guianensis"
Equisetopsida,Malpighiales,Humiriaceae,"Sacoglottis mattogrossensis"
Equisetopsida,Malpighiales,Euphorbiaceae,"Sagotia brachysepala"
Equisetopsida,Malpighiales,Euphorbiaceae,"Sagotia racemosa"
Aves,Galbuliformes,Bucconidae,"Bucco capensis"
Mammalia,Primates,Cebidae,"Saguinus (Leontocebus) nigricollis"
Aves,Pelecaniformes,Ardeidae,"Bubulcus ibis"
Actinopterygii,Characiformes,Bryconidae,"Brycon pesu"
Mammalia,Primates,Cebidae,"Saimiri sciureus"
Aves,Passeriformes,Thamnophilidae,"Sakesphorus canadensis"
Aves,Accipitriformes,Accipitridae,"Accipiter bicolor"
Equisetopsida,Solanales,Solanaceae,"Brunfelsia grandiflora"
Equisetopsida,Celastrales,Celastraceae,"Salacia cauliflora"
Equisetopsida,Celastrales,Celastraceae,"Salacia impressifolia"
Equisetopsida,Celastrales,Celastraceae,"Salacia juruana"
Aves,Psittaciformes,Psittacidae,"Brotogeris versicolurus"
Aves,Psittaciformes,Psittacidae,"Brotogeris cyanoptera"
Equisetopsida,Rosales,Moraceae,"Brosimum utile"
Equisetopsida,Polypodiales,Blechnaceae,"Salpichlaena hookeriana"
Equisetopsida,Rosales,Moraceae,"Brosimum rubescens"
Equisetopsida,Rosales,Moraceae,"Brosimum potabile"
Equisetopsida,Rosales,Moraceae,"Brosimum parinarioides"
Equisetopsida,Rosales,Moraceae,"Brosimum lactescens"
Equisetopsida,Rosales,Moraceae,"Brosimum guianense"
Equisetopsida,Rosales,Moraceae,"Brosimum acutifolium"
Equisetopsida,Myrtales,Melastomataceae,"Salpinga secunda"
Equisetopsida,Poales,Bromeliaceae,"Bromelia tarapotina"
Aves,Passeriformes,Thraupidae,"Saltator coerulescens"
Equisetopsida,Fabales,Polygalaceae,"Bredemeyera myrtifolia"
Actinopterygii,Perciformes,Cichlidae,"Acaronia nassa"
Equisetopsida,Asparagales,Orchidaceae,"Braemia vittata"
Aves,Passeriformes,Thraupidae,"Saltator grossus"
Mammalia,Pilosa,Bradypodidae,"Bradypus variegatus"
Aves,Passeriformes,Thraupidae,"Saltator maximus"
Actinopterygii,Gymnotiformes,Hypopomidae,"Brachyhypopomus brevirostris"
Actinopterygii,Gymnotiformes,Hypopomidae,"Brachyhypopomus beebei"
Actinopterygii,Characiformes,Ctenoluciidae,"Boulengerella maculata"
Equisetopsida,Gentianales,Rubiaceae,"Botryarrhena pendula"
Equisetopsida,Gentianales,Rubiaceae,"Bothriospora corymbosa"
Equisetopsida,Ranunculales,Menispermaceae,"Borismene japurensis"
Equisetopsida,Malpighiales,Euphorbiaceae,"Sapium glandulosum"
Amphibia,Caudata,Plethodontidae,"Bolitoglossa peruviana"
Amphibia,Caudata,Plethodontidae,"Bolitoglossa altamazonica"
Equisetopsida,Ericales,Sapotaceae,"Sarcaulus brasiliensis"
Equisetopsida,Polypodiales,Dryopteridaceae,"Bolbitis lindigii"
Insecta,Lepidoptera,Erebidae,"Bodosa tina"
Equisetopsida,Magnoliales,Annonaceae,"Bocageopsis mattogrossensis"
Equisetopsida,Magnoliales,Annonaceae,"Bocageopsis canescens"
Aves,Cathartiformes,Cathartidae,"Sarcoramphus papa"
Equisetopsida,Gentianales,Apocynaceae,"Blepharodon amazonicum"
Equisetopsida,Poales,Poaceae,"Stephostachys mertensii"
Equisetopsida,Myrtales,Melastomataceae,"Blakea rosea"
Equisetopsida,Poales,Cyperaceae,"Bisboeckelera irrigua"
Actinopterygii,Cichliformes,Cichlidae,"Biotodoma cupido"
Equisetopsida,Oxalidales,Oxalidaceae,"Biophytum somnians"
Equisetopsida,Poales,Bromeliaceae,"Billbergia formosa"
Equisetopsida,Malpighiales,Ochnaceae,"Sauvagesia erecta"
Insecta,Lepidoptera,Nymphalidae,"Bia actorion"
Equisetopsida,Lamiales,Gesneriaceae,"Besleria aggregata"
Aves,Passeriformes,Furnariidae,"Berlepschia rikeri"
Equisetopsida,Myrtales,Melastomataceae,"Bellucia umbellata"
Equisetopsida,Myrtales,Melastomataceae,"Bellucia pentamera"
Aves,Passeriformes,Tityridae,"Schiffornis major"
Aves,Passeriformes,Tityridae,"Schiffornis turdina"
Equisetopsida,Poales,Cyperaceae,"Becquerelia cymosa"
Equisetopsida,Schizaeales,Schizaeaceae,"Schizaea elegans"
Equisetopsida,Fabales,Fabaceae,"Bauhinia guianensis"
Equisetopsida,Fabales,Fabaceae,"Batesia floribunda"
Actinopterygii,Characiformes,Anostomidae,"Schizodon fasciatus"
Equisetopsida,Lamiales,Schlegeliaceae,"Schlegelia cauliflora"
Equisetopsida,Lamiales,Schlegeliaceae,"Schlegelia parviflora"
Equisetopsida,Lamiales,Schlegeliaceae,"Schlegelia roseiflora"
Aves,Coraciiformes,Momotidae,"Baryphthengus martii"
Aves,Charadriiformes,Scolopacidae,"Bartramia longicauda"
Equisetopsida,Malpighiales,Malpighiaceae,"Banisteriopsis woytkowskii"
Equisetopsida,Malpighiales,Malpighiaceae,"Banisteriopsis martiniana var. subenervia"
Equisetopsida,Malpighiales,Malpighiaceae,"Banisteriopsis elegans"
Equisetopsida,Ranunculales,Menispermaceae,"Sciadotenia mathiasiana"
Equisetopsida,Ranunculales,Menispermaceae,"Sciadotenia toxifera"
Equisetopsida,Pandanales,Triuridaceae,"Sciaphila purpurea"
Aves,Passeriformes,Thamnophilidae,"Sciaphylax castanea"
Equisetopsida,Arecales,Arecaceae,"Bactris sphaerocarpa"
Equisetopsida,Arecales,Arecaceae,"Bactris simplicifrons"
Amphibia,Anura,Hylidae,"Scinax cruentommus"
Equisetopsida,Arecales,Arecaceae,"Bactris maraja"
Equisetopsida,Arecales,Arecaceae,"Bactris macroacantha"
Equisetopsida,Arecales,Arecaceae,"Bactris killipii"
Equisetopsida,Arecales,Arecaceae,"Bactris humilis"
Amphibia,Anura,Hylidae,"Scinax funereus"
Equisetopsida,Arecales,Arecaceae,"Bactris hirta"
Equisetopsida,Arecales,Arecaceae,"Bactris halmoorei"
Amphibia,Anura,Hylidae,"Scinax garbei"
Equisetopsida,Arecales,Arecaceae,"Bactris gasipaes"
Equisetopsida,Arecales,Arecaceae,"Bactris fissifrons"
Equisetopsida,Arecales,Arecaceae,"Bactris corossilla"
Equisetopsida,Arecales,Arecaceae,"Bactris concinna"
Equisetopsida,Arecales,Arecaceae,"Bactris brongniartii"
Amphibia,Anura,Hylidae,"Scinax ruber"
Equisetopsida,Arecales,Arecaceae,"Bactris acanthocarpoides"
Mammalia,Rodentia,Sciuridae,"Sciurillus pusillus"
Aves,Passeriformes,Thamnophilidae,"Sclateria naevia"
Equisetopsida,Poales,Cyperaceae,"Scleria flagellum-nigrorum"
Equisetopsida,Poales,Cyperaceae,"Scleria foliosa"
Equisetopsida,Poales,Cyperaceae,"Scleria macrogyne"
Equisetopsida,Poales,Cyperaceae,"Scleria secans"
Equisetopsida,Fabales,Fabaceae,"Sclerolobium vasquezii"
Equisetopsida,Poales,Poaceae,"Axonopus compressus"
Aves,Passeriformes,Furnariidae,"Sclerurus obscurior"
Aves,Passeriformes,Furnariidae,"Sclerurus rufigularis"
Mammalia,Rodentia,Cricetidae,"Scolomys melanops"
Equisetopsida,Lamiales,Plantaginaceae,"Scoparia dulcis"
Aves,Passeriformes,Furnariidae,"Automolus subulatus"
Aves,Passeriformes,Furnariidae,"Automolus rufipileatus"
Aves,Passeriformes,Furnariidae,"Automolus ochrolaemus"
Aves,Passeriformes,Furnariidae,"Automolus infuscatus"
Insecta,Lepidoptera,Erebidae,"Autochloris completa"
Equisetopsida,Fabales,Polygalaceae,"Securidaca longifolia"
Equisetopsida,Fabales,Polygalaceae,"Securidaca paniculata"
Equisetopsida,Fabales,Polygalaceae,"Securidaca rivinifolia"
Equisetopsida,Selaginellales,Selaginellaceae,"Selaginella conduplicata"
Equisetopsida,Selaginellales,Selaginellaceae,"Selaginella exaltata"
Actinopterygii,Siluriformes,Auchenipteridae,"Auchenipterichthys coracoideus"
Aves,Passeriformes,Tyrannidae,"Attila spadiceus"
Equisetopsida,Selaginellales,Selaginellaceae,"Selaginella lechleri"
Aves,Passeriformes,Tyrannidae,"Attila citriniventris"
Aves,Passeriformes,Tyrannidae,"Attila cinnamomeus"
Equisetopsida,Malpighiales,Euphorbiaceae,"Acalypha stachyura"
Equisetopsida,Selaginellales,Selaginellaceae,"Selaginella parkeri"
Aves,Passeriformes,Tyrannidae,"Attila bolivianus"
Equisetopsida,Selaginellales,Selaginellaceae,"Selaginella producta"
Aves,Passeriformes,Hirundinidae,"Atticora fasciata"
Equisetopsida,Arecales,Arecaceae,"Attalea racemosa"
Equisetopsida,Arecales,Arecaceae,"Attalea microcarpa"
Equisetopsida,Arecales,Arecaceae,"Attalea maripa"
Aves,Piciformes,Ramphastidae,"Selenidera reinwardtii"
Equisetopsida,Arecales,Arecaceae,"Attalea insignis"
Equisetopsida,Malvales,Malvaceae,"Sterculia apeibophylla"
Equisetopsida,Cucurbitales,Cucurbitaceae,"Selysia prunifera"
Actinopterygii,Characiformes,Prochilodontidae,"Semaprochilodus insignis"
Equisetopsida,Arecales,Arecaceae,"Astrocaryum murumuru"
Equisetopsida,Arecales,Arecaceae,"Astrocaryum macrocalyx"
Equisetopsida,Arecales,Arecaceae,"Astrocaryum jauari"
Equisetopsida,Arecales,Arecaceae,"Astrocaryum chambira"
Equisetopsida,Malpighiales,Euphorbiaceae,"Senefeldera inclinata"
Equisetopsida,Fabales,Fabaceae,"Senna multijuga"
Equisetopsida,Pandanales,Cyclanthaceae,"Asplundia xiphophylla"
Equisetopsida,Pandanales,Cyclanthaceae,"Asplundia vaupesiana"
Equisetopsida,Pandanales,Cyclanthaceae,"Asplundia schizotepala"
Equisetopsida,Sapindales,Sapindaceae,"Serjania deltoidea"
Equisetopsida,Pandanales,Cyclanthaceae,"Asplundia gamotepala"
Equisetopsida,Sapindales,Sapindaceae,"Serjania grandifolia"
Equisetopsida,Pandanales,Cyclanthaceae,"Asplundia cabrerae"
Equisetopsida,Polypodiales,Aspleniaceae,"Asplenium serratum"
Equisetopsida,Polypodiales,Aspleniaceae,"Asplenium hallii"
Equisetopsida,Polypodiales,Aspleniaceae,"Asplenium cirrhatum"
Equisetopsida,Gentianales,Apocynaceae,"Aspidosperma spruceanum"
Equisetopsida,Gentianales,Apocynaceae,"Aspidosperma schultesii"
Equisetopsida,Gentianales,Apocynaceae,"Aspidosperma pichonianum"
Equisetopsida,Gentianales,Apocynaceae,"Aspidosperma excelsum"
Equisetopsida,Gentianales,Apocynaceae,"Aspidosperma desmanthum"
Equisetopsida,Gentianales,Apocynaceae,"Aspidosperma cruentum"
Aves,Strigiformes,Strigidae,"Asio clamator"
Mammalia,Chiroptera,Phyllostomidae,"Artibeus planirostris"
Mammalia,Chiroptera,Phyllostomidae,"Artibeus obscurus"
Mammalia,Chiroptera,Phyllostomidae,"Artibeus lituratus"
Mammalia,Chiroptera,Phyllostomidae,"Artibeus gnomus"
Mammalia,Chiroptera,Phyllostomidae,"Artibeus glaucus"
Equisetopsida,Malvales,Malvaceae,"Sterculia apetala"
Mammalia,Chiroptera,Phyllostomidae,"Artibeus concolor"
Mammalia,Chiroptera,Phyllostomidae,"Artibeus cinereus"
Mammalia,Chiroptera,Phyllostomidae,"Artibeus anderseni"
Aves,Passeriformes,Parulidae,"Setophaga striata"
Equisetopsida,Laurales,Lauraceae,"Sextonia pubescens"
Equisetopsida,Piperales,Aristolochiaceae,"Aristolochia silvatica"
Equisetopsida,Piperales,Aristolochiaceae,"Aristolochia iquitensis"
Equisetopsida,Malvales,Malvaceae,"Sida glomerata"
Aves,Pelecaniformes,Ardeidae,"Ardea cocoi"
Equisetopsida,Asparagales,Orchidaceae,"Sigmatostalix amazonica"
Aves,Pelecaniformes,Ardeidae,"Ardea alba"
Equisetopsida,Sapindales,Simaroubaceae,"Simaba guianensis"
Equisetopsida,Sapindales,Simaroubaceae,"Simaba multiflora"
Equisetopsida,Sapindales,Simaroubaceae,"Simaba polyphylla"
Equisetopsida,Sapindales,Simaroubaceae,"Simarouba amara"
Equisetopsida,Gentianales,Rubiaceae,"Simira rubescens"
Aves,Psittaciformes,Psittacidae,"Aratinga weddellii"
Equisetopsida,Asparagales,Orchidaceae,"Acacallis fimbriata"
Equisetopsida,Cucurbitales,Cucurbitaceae,"Siolmatra brasiliensis"
Aves,Gruiformes,Rallidae,"Aramides cajaneus"
Equisetopsida,Laurales,Siparunaceae,"Siparuna cristata"
Equisetopsida,Laurales,Siparunaceae,"Siparuna cuspidata"
Aves,Psittaciformes,Psittacidae,"Ara macao"
Equisetopsida,Laurales,Siparunaceae,"Siparuna decipiens"
Equisetopsida,Malvales,Malvaceae,"Sterculia colombiana"
Equisetopsida,Laurales,Siparunaceae,"Siparuna guianensis"
Equisetopsida,Laurales,Siparunaceae,"Siparuna micrantha"
Aves,Psittaciformes,Psittacidae,"Ara ararauna"
Equisetopsida,Laurales,Siparunaceae,"Siparuna obstipa"
Equisetopsida,Ranunculales,Menispermaceae,"Abuta rufescens"
Equisetopsida,Laurales,Siparunaceae,"Siparuna reginae"
Equisetopsida,Laurales,Siparunaceae,"Siparuna sessiliflora"
Equisetopsida,Santalales,Olacaceae,"Aptandra tubicina"
Equisetopsida,Ranunculales,Menispermaceae,"Abuta panurensis"
Equisetopsida,Laurales,Siparunaceae,"Siparuna thecaphora"
Actinopterygii,Perciformes,Cichlidae,"Apistogramma allpahuayo"
Actinopterygii,Perciformes,Cichlidae,"Apistogramma agassizii"
Actinopterygii,Characiformes,Characidae,"Aphyocharax alburnus"
Insecta,Lepidoptera,Erebidae,"Aphyle onorei"
Equisetopsida,Malvales,Malvaceae,"Apeiba tibourbou"
Equisetopsida,Malvales,Malvaceae,"Apeiba membranacea"
Equisetopsida,Malvales,Malvaceae,"Apeiba aspera"
Equisetopsida,Malpighiales,Euphorbiaceae,"Aparisthmium cordatum"
Mammalia,Primates,Cebidae,"Aotus vociferans"
Aves,Gruiformes,Rallidae,"Anurolimnas fasciatus"
Aves,Gruiformes,Rallidae,"Anurolimnas castaneiceps"
Insecta,Lepidoptera,Nymphalidae,"Antirrhea hela"
Aves,Passeriformes,Furnariidae,"Sittasomus griseicapillus"
Equisetopsida,Ranunculales,Menispermaceae,"Abuta pahnii"
Equisetopsida,Oxalidales,Elaeocarpaceae,"Sloanea durissima"
Equisetopsida,Malvales,Malvaceae,"Sterculia frondosa"
Equisetopsida,Oxalidales,Elaeocarpaceae,"Sloanea eichleri"
Equisetopsida,Alismatales,Araceae,"Anthurium uleanum"
Equisetopsida,Alismatales,Araceae,"Anthurium trinervium"
Equisetopsida,Oxalidales,Elaeocarpaceae,"Sloanea floribunda"
Equisetopsida,Alismatales,Araceae,"Anthurium sagittatum"
Equisetopsida,Malvales,Malvaceae,"Sterculia killipiana"
Equisetopsida,Alismatales,Araceae,"Anthurium obtusum"
Equisetopsida,Alismatales,Araceae,"Anthurium loretense"
Equisetopsida,Ranunculales,Menispermaceae,"Abuta obovata"
Equisetopsida,Alismatales,Araceae,"Anthurium kunthii"
Equisetopsida,Oxalidales,Elaeocarpaceae,"Sloanea guianensis"
Equisetopsida,Oxalidales,Elaeocarpaceae,"Sloanea latifolia"
Equisetopsida,Oxalidales,Elaeocarpaceae,"Sloanea laurifolia"
Equisetopsida,Oxalidales,Elaeocarpaceae,"Sloanea laxiflora"
Equisetopsida,Alismatales,Araceae,"Anthurium gracile"
Equisetopsida,Oxalidales,Elaeocarpaceae,"Sloanea longiaristata"
Equisetopsida,Alismatales,Araceae,"Anthurium ernestii"
Equisetopsida,Oxalidales,Elaeocarpaceae,"Sloanea parvifructa"
Equisetopsida,Alismatales,Araceae,"Anthurium eminens"
Equisetopsida,Oxalidales,Elaeocarpaceae,"Sloanea pubescens"
Equisetopsida,Oxalidales,Elaeocarpaceae,"Sloanea robusta"
Equisetopsida,Oxalidales,Elaeocarpaceae,"Sloanea rufa"
Equisetopsida,Alismatales,Araceae,"Anthurium breviscapum"
Equisetopsida,Oxalidales,Elaeocarpaceae,"Sloanea sinemariensis"
Equisetopsida,Oxalidales,Elaeocarpaceae,"Sloanea spathulata"
Equisetopsida,Ranunculales,Menispermaceae,"Abuta grandifolia"
Equisetopsida,Alismatales,Araceae,"Anthurium atropurpureum"
Equisetopsida,Alismatales,Araceae,"Anthurium apaporanum"
Aves,Apodiformes,Trochilidae,"Anthracothorax nigricollis"
Equisetopsida,Oxalidales,Elaeocarpaceae,"Sloanea tuerckheimii"
Equisetopsida,Malpighiales,Caryocaraceae,"Anthodiscus pilosus"
Equisetopsida,Malpighiales,Caryocaraceae,"Anthodiscus peruanus"
Equisetopsida,Malpighiales,Caryocaraceae,"Anthodiscus klugii"
Equisetopsida,Liliales,Smilacaceae,"Smilax purhampuy"
Equisetopsida,Malvales,Malvaceae,"Sterculia pruriens"
Equisetopsida,Ranunculales,Menispermaceae,"Anomospermum solimoesanum"
Equisetopsida,Malpighiales,Euphorbiaceae,"Anomalocalyx uleanus"
Equisetopsida,Magnoliales,Annonaceae,"Annona poeppigii"
Equisetopsida,Magnoliales,Annonaceae,"Annona mucosa"
Equisetopsida,Magnoliales,Annonaceae,"Annona montana"
Equisetopsida,Magnoliales,Annonaceae,"Annona jucunda"
Equisetopsida,Arecales,Arecaceae,"Socratea exorrhiza"
Equisetopsida,Magnoliales,Annonaceae,"Annona impressivenia"
Equisetopsida,Magnoliales,Annonaceae,"Annona hypoglauca"
Equisetopsida,Magnoliales,Annonaceae,"Annona foetida"
Equisetopsida,Magnoliales,Annonaceae,"Annona excellens"
Equisetopsida,Magnoliales,Annonaceae,"Annona duckei"
Equisetopsida,Magnoliales,Annonaceae,"Annona deminuta"
Equisetopsida,Magnoliales,Annonaceae,"Annona cuspidata"
Equisetopsida,Magnoliales,Annonaceae,"Annona cordifolia"
Equisetopsida,Cucurbitales,Anisophylleaceae,"Anisophyllea guianensis"
Equisetopsida,Laurales,Lauraceae,"Aniba taubertiana"
Equisetopsida,Laurales,Lauraceae,"Aniba riparia"
Equisetopsida,Laurales,Lauraceae,"Aniba puchury-minor"
Equisetopsida,Laurales,Lauraceae,"Aniba perutilis"
Equisetopsida,Laurales,Lauraceae,"Aniba panurensis"
Equisetopsida,Solanales,Solanaceae,"Solanum anceps"
Equisetopsida,Laurales,Lauraceae,"Aniba megaphylla"
Equisetopsida,Laurales,Lauraceae,"Aniba hostmanniana"
Equisetopsida,Laurales,Lauraceae,"Aniba firmula"
Equisetopsida,Laurales,Lauraceae,"Aniba cylindriflora"
Aves,Suliformes,Anhingidae,"Anhinga anhinga"
Equisetopsida,Solanales,Solanaceae,"Solanum appressum"
Equisetopsida,Lamiales,Bignoniaceae,"Anemopaegma paraense"
Equisetopsida,Solanales,Solanaceae,"Solanum barbeyanum"
Equisetopsida,Poales,Poaceae,"Andropogon bicornis"
Equisetopsida,Fabales,Fabaceae,"Andira macrothyrsa"
Aves,Passeriformes,Furnariidae,"Ancistrops strigilatus"
Equisetopsida,Magnoliales,Annonaceae,"Anaxagorea phaeocarpa"
Equisetopsida,Magnoliales,Annonaceae,"Anaxagorea manausensis"
Equisetopsida,Magnoliales,Annonaceae,"Anaxagorea dolichocarpa"
Equisetopsida,Magnoliales,Annonaceae,"Anaxagorea brevipes"
Equisetopsida,Magnoliales,Annonaceae,"Anaxagorea brachycarpa"
Equisetopsida,Laurales,Lauraceae,"Anaueria brasiliensis"
Equisetopsida,Solanales,Solanaceae,"Solanum kioniotrichum"
Equisetopsida,Solanales,Solanaceae,"Solanum leucopogon"
Equisetopsida,Malvales,Malvaceae,"Sterculia tessmannii"
Actinopterygii,Siluriformes,Doradidae,"Anadoras grypus"
Equisetopsida,Sapindales,Anacardiaceae,"Anacardium occidentale"
Equisetopsida,Sapindales,Anacardiaceae,"Anacardium giganteum"
Equisetopsida,Solanales,Solanaceae,"Solanum oppositifolium"
Equisetopsida,Solanales,Solanaceae,"Solanum pedemontanum"
Equisetopsida,Fabales,Fabaceae,"Amphiodon effusus"
Equisetopsida,Lamiales,Bignoniaceae,"Amphilophium pulverulentum"
Equisetopsida,Rosales,Ulmaceae,"Ampelocera edentula"
Equisetopsida,Solanales,Solanaceae,"Solanum sessile"
Aves,Passeriformes,Passerellidae,"Ammodramus aurifrons"
Equisetopsida,Solanales,Solanaceae,"Solanum sessiliflorum"
Equisetopsida,Malpighiales,Rhizophoraceae,"Sterigmapetalum obovatum"
Equisetopsida,Solanales,Solanaceae,"Solanum stramoniifolium"
Amphibia,Anura,Dendrobatidae,"Ameerega hahneli"
Equisetopsida,Solanales,Solanaceae,"Solanum tenuisetosum"
Actinopterygii,Siluriformes,Doradidae,"Amblydoras nauticus"
Actinopterygii,Siluriformes,Doradidae,"Amblydoras monitor"
Equisetopsida,Gentianales,Apocynaceae,"Ambelania occidentalis"
Insecta,Hymenoptera,Ichneumonidae,"Amazopimpla taunio"
Amphibia,Anura,Bufonidae,"Amazophrynella minuta"
Amphibia,Anura,Bufonidae,"Amazophrynella amazonicola"
Aves,Psittaciformes,Psittacidae,"Amazona farinosa"
Aves,Psittaciformes,Psittacidae,"Amazona amazonica"
Equisetopsida,Rosales,Moraceae,"Sorocea hirtella subsp. hirtella"
Equisetopsida,Rosales,Moraceae,"Sorocea muriculata subsp. muriculata"
Equisetopsida,Fabales,Fabaceae,"Abarema microcalyx"
Equisetopsida,Gentianales,Rubiaceae,"Amaioua guianensis"
Equisetopsida,Rosales,Moraceae,"Sorocea steinbachii"
Equisetopsida,Gentianales,Rubiaceae,"Amaioua glomerulata"
Mammalia,Cetartiodactyla,Delphinidae,"Sotalia fluviatilis"
Equisetopsida,Ericales,Marcgraviaceae,"Souroubea corallina"
Equisetopsida,Ericales,Marcgraviaceae,"Souroubea dasystachya"
Equisetopsida,Sapindales,Rutaceae,"Spathelia terminalioides"
Equisetopsida,Cyatheales,Cyatheaceae,"Alsophila cuspidata"
Mammalia,Primates,Atelidae,"Alouatta seniculus"
Aves,Anseriformes,Anatidae,"Spatula discors"
Equisetopsida,Sapindales,Sapindaceae,"Allophylus punctatus"
Equisetopsida,Sapindales,Sapindaceae,"Allophylus loretensis"
Equisetopsida,Sapindales,Sapindaceae,"Allophylus floribundus"
Equisetopsida,Sapindales,Sapindaceae,"Allophylus divaricatus"
Amphibia,Anura,Hylidae,"Sphaenorhynchus lacteus"
Amphibia,Anura,Aromobatidae,"Allobates trilineatus"
Amphibia,Anura,Aromobatidae,"Allobates marchesianus"
Amphibia,Anura,Aromobatidae,"Allobates femoralis"
Equisetopsida,Cyatheales,Cyatheaceae,"Sphaeropteris bradei"
Equisetopsida,Ericales,Lecythidaceae,"Allantoma pluriflora"
Equisetopsida,Asterales,Asteraceae,"Sphagneticola trilobata"
Equisetopsida,Ericales,Lecythidaceae,"Allantoma decandra"
Equisetopsida,Gentianales,Rubiaceae,"Alibertia hispida"
Equisetopsida,Gentianales,Rubiaceae,"Alibertia bertierifolia"
Equisetopsida,Malpighiales,Euphorbiaceae,"Alchorneopsis floribunda"
Equisetopsida,Gentianales,Rubiaceae,"Sphinctanthus maculatus"
Equisetopsida,Malpighiales,Euphorbiaceae,"Alchornea triplinervia"
Equisetopsida,Malpighiales,Euphorbiaceae,"Alchornea schomburgkii"
Equisetopsida,Malpighiales,Euphorbiaceae,"Alchornea latifolia"
Equisetopsida,Malpighiales,Euphorbiaceae,"Alchornea grandiflora"
Equisetopsida,Malpighiales,Euphorbiaceae,"Alchornea glandulosa"
Equisetopsida,Malpighiales,Euphorbiaceae,"Alchornea discolor"
Mammalia,Chiroptera,Phyllostomidae,"Micronycteris megalotis"
Mammalia,Chiroptera,Phyllostomidae,"Micronycteris minuta"
Aves,Galbuliformes,Bucconidae,"Micromonacha lanceolata"
Equisetopsida,Ericales,Sapotaceae,"Micropholis acutangula"
Equisetopsida,Ericales,Sapotaceae,"Micropholis brochidodroma"
Equisetopsida,Ericales,Sapotaceae,"Micropholis casiquiarensis"
Equisetopsida,Ericales,Sapotaceae,"Micropholis egensis"
Equisetopsida,Polypodiales,Polypodiaceae,"Microgramma thurnii"
Equisetopsida,Ericales,Sapotaceae,"Micropholis guyanensis"
Equisetopsida,Polypodiales,Polypodiaceae,"Microgramma persicariifolia"
Equisetopsida,Ericales,Sapotaceae,"Micropholis obscura"
Equisetopsida,Ericales,Sapotaceae,"Micropholis trunciflora"
Equisetopsida,Ericales,Sapotaceae,"Micropholis venulosa"
Equisetopsida,Polypodiales,Polypodiaceae,"Microgramma percussa"
Equisetopsida,Polypodiales,Polypodiaceae,"Microgramma megalophylla"
Equisetopsida,Polypodiales,Polypodiaceae,"Microgramma baldwinii"
Equisetopsida,Polypodiales,Polypodiaceae,"Microgramma acatallela"
Aves,Passeriformes,Troglodytidae,"Microcerculus marginatus"
Mammalia,Rodentia,Sciuridae,"Microsciurus flaviventer"
Aves,Falconiformes,Falconidae,"Micrastur semitorquatus"
Aves,Falconiformes,Falconidae,"Micrastur ruficollis"
Aves,Passeriformes,Furnariidae,"Microxenops milleri"
Aves,Falconiformes,Falconidae,"Micrastur mirandollei"
Aves,Falconiformes,Falconidae,"Micrastur gilvicollis"
Aves,Falconiformes,Falconidae,"Micrastur buckleyi"
Equisetopsida,Malpighiales,Euphorbiaceae,"Micrandra spruceana"
Equisetopsida,Malpighiales,Euphorbiaceae,"Micrandra siphonioides"
Equisetopsida,Malpighiales,Euphorbiaceae,"Micrandra elata"
Insecta,Lepidoptera,Erebidae,"Micragyrta diminuta"
Equisetopsida,Asterales,Asteraceae,"Mikania banisteriae"
Equisetopsida,Myrtales,Melastomataceae,"Miconia trinervia"
Equisetopsida,Myrtales,Melastomataceae,"Miconia traillii"
Equisetopsida,Myrtales,Melastomataceae,"Miconia tomentosa"
Equisetopsida,Myrtales,Melastomataceae,"Miconia tococoronata"
Equisetopsida,Myrtales,Melastomataceae,"Miconia tococapitata"
Equisetopsida,Asterales,Asteraceae,"Mikania guaco"
Equisetopsida,Myrtales,Melastomataceae,"Miconia tococa"
Equisetopsida,Asterales,Asteraceae,"Mikania hookeriana"
Equisetopsida,Myrtales,Melastomataceae,"Miconia tetragona"
Equisetopsida,Myrtales,Melastomataceae,"Miconia symplectocaulos"
Equisetopsida,Myrtales,Melastomataceae,"Miconia splendens"
Equisetopsida,Asterales,Asteraceae,"Mikania parviflora"
Equisetopsida,Myrtales,Melastomataceae,"Miconia serrulata"
Equisetopsida,Asterales,Asteraceae,"Mikania psilostachya"
Equisetopsida,Asterales,Asteraceae,"Mikania shushunensis"
Equisetopsida,Myrtales,Melastomataceae,"Miconia rugosa"
Equisetopsida,Myrtales,Melastomataceae,"Miconia radulifolia"
Aves,Falconiformes,Falconidae,"Milvago chimachima"
Equisetopsida,Myrtales,Melastomataceae,"Miconia nervosa"
Equisetopsida,Myrtales,Melastomataceae,"Miconia neoepiphytica"
Equisetopsida,Myrtales,Melastomataceae,"Miconia myriantha"
Equisetopsida,Fabales,Fabaceae,"Mimosa annularis var. xinguensis"
Equisetopsida,Myrtales,Melastomataceae,"Miconia minutiflora"
Equisetopsida,Fabales,Fabaceae,"Mimosa polydactyla"
Equisetopsida,Myrtales,Melastomataceae,"Miconia mayeta"
Equisetopsida,Myrtales,Melastomataceae,"Miconia heteroclita"
Equisetopsida,Santalales,Olacaceae,"Minquartia guianensis"
Equisetopsida,Myrtales,Melastomataceae,"Miconia formicoheterophylla"
Equisetopsida,Myrtales,Melastomataceae,"Miconia filamentosa"
Equisetopsida,Myrtales,Melastomataceae,"Miconia epibaterium"
Equisetopsida,Myrtales,Melastomataceae,"Miconia elata"
Equisetopsida,Myrtales,Melastomataceae,"Miconia dolichorrhyncha"
Equisetopsida,Myrtales,Melastomataceae,"Miconia dimorphica"
Equisetopsida,Myrtales,Melastomataceae,"Miconia cucullata"
Equisetopsida,Myrtales,Melastomataceae,"Miconia chrysophylla"
Aves,Passeriformes,Tyrannidae,"Mionectes oleagineus"
Equisetopsida,Myrtales,Melastomataceae,"Miconia caquetana"
Equisetopsida,Myrtales,Melastomataceae,"Miconia candelabrum"
Equisetopsida,Myrtales,Melastomataceae,"Miconia araneifera"
Equisetopsida,Myrtales,Melastomataceae,"Miconia amnicola"
Equisetopsida,Myrtales,Melastomataceae,"Miconia amazonica"
Equisetopsida,Myrtales,Melastomataceae,"Miconia alternidomatia"
Equisetopsida,Myrtales,Melastomataceae,"Miconia alternans"
Equisetopsida,Myrtales,Melastomataceae,"Miconia acutipetala"
Equisetopsida,Laurales,Lauraceae,"Mezilaurus triunca"
Equisetopsida,Laurales,Lauraceae,"Mezilaurus opaca"
Equisetopsida,Malpighiales,Malpighiaceae,"Mezia includens"
Equisetopsida,Metteniusales,Metteniusaceae,"Metteniusa tessmanniana"
Equisetopsida,Cyatheales,Metaxyaceae,"Metaxya rostrata"
Equisetopsida,Cyatheales,Metaxyaceae,"Metaxya parkeri"
Insecta,Lepidoptera,Erebidae,"Metastatia pyrrhorrhoea"
Actinopterygii,Characiformes,Characidae,"Moenkhausia collettii"
Actinopterygii,Characiformes,Characidae,"Moenkhausia copei"
Actinopterygii,Characiformes,Characidae,"Moenkhausia grandisquamis"
Equisetopsida,Gentianales,Apocynaceae,"Metalepis albiflora"
Mammalia,Didelphimorphia,Didelphidae,"Metachirus myosuros"
Actinopterygii,Characiformes,Characidae,"Moenkhausia oligolepis"
Aves,Passeriformes,Thamnophilidae,"Akletos melanoceps"
Equisetopsida,Malvales,Malvaceae,"Mollia gracilis"
Equisetopsida,Malvales,Malvaceae,"Mollia lepidota"
Mammalia,Chiroptera,Phyllostomidae,"Mesophylla macconnelli"
Actinopterygii,Cichliformes,Cichlidae,"Mesonauta  insignis"
Equisetopsida,Laurales,Monimiaceae,"Mollinedia ovata"
Mammalia,Rodentia,Echimyidae,"Mesomys hispidus"
Aves,Pelecaniformes,Threskiornithidae,"Mesembrinibis cayennensis"
Mammalia,Chiroptera,Molossidae,"Molossops temminckii"
Mammalia,Chiroptera,Molossidae,"Molossus molossus"
Mammalia,Chiroptera,Molossidae,"Molossus rufus"
Aves,Passeriformes,Icteridae,"Molothrus bonariensis"
Aves,Passeriformes,Icteridae,"Molothrus oryzivorus"
Equisetopsida,Lamiales,Acanthaceae,"Mendoncia tarapotana"
Equisetopsida,Lamiales,Acanthaceae,"Mendoncia smithii"
Equisetopsida,Lamiales,Acanthaceae,"Mendoncia pedunculata"
Equisetopsida,Cucurbitales,Cucurbitaceae,"Momordica charantia"
Equisetopsida,Cucurbitales,Cucurbitaceae,"Melothria sphaerocarpa"
Equisetopsida,Proteales,Sabiaceae,"Meliosma herbertii"
Aves,Coraciiformes,Momotidae,"Momotus momota"
Aves,Trogoniformes,Trogonidae,"Trogon ramonianus"
Equisetopsida,Celastrales,Celastraceae,"Tontelea mauritioides"
Equisetopsida,Celastrales,Celastraceae,"Tontelea congestiflora"
Equisetopsida,Celastrales,Celastraceae,"Tontelea attenuata"
Mammalia,Chiroptera,Phyllostomidae,"Trachops cirrhosus"
Equisetopsida,Ericales,Styracaceae,"Styrax pohlii"
Amphibia,Anura,Hylidae,"Trachycephalus resinifictrix"
Equisetopsida,Ericales,Styracaceae,"Styrax tessmannii"
Amphibia,Anura,Hylidae,"Trachycephalus typhonius"
Amphibia,Anura,Hylidae,"Trachycephalus venulosus"
Aves,Passeriformes,Tyrannidae,"Tolmomyias poliocephalus"
Equisetopsida,Malpighiales,Clusiaceae,"Trattinnickia peruviana"
Equisetopsida,Rosales,Cannabaceae,"Trema micrantha"
Aves,Passeriformes,Tyrannidae,"Tolmomyias flaviventris"
Aves,Passeriformes,Tyrannidae,"Tolmomyias assimilis"
Aves,Passeriformes,Tyrannidae,"Todirostrum maculatum"
Equisetopsida,Ericales,Primulaceae,"Stylogyne longifolia"
Aves,Passeriformes,Tyrannidae,"Todirostrum chrysocrotaphum"
Equisetopsida,Fabales,Fabaceae,"Zygia longifolia"
Equisetopsida,Gentianales,Rubiaceae,"Tocoyena williamsii"
Equisetopsida,Myrtales,Melastomataceae,"Tococa guianensis"
Aves,Passeriformes,Tyrannidae,"Sublegatus obscurior"
Equisetopsida,Sapindales,Meliaceae,"Trichilia euneura"
Equisetopsida,Sapindales,Meliaceae,"Trichilia hispida"
Aves,Passeriformes,Tityridae,"Tityra semifasciata"
Equisetopsida,Sapindales,Meliaceae,"Trichilia micrantha"
Aves,Passeriformes,Tityridae,"Tityra inquisitor"
Equisetopsida,Sapindales,Meliaceae,"Trichilia pallida"
Aves,Passeriformes,Tityridae,"Tityra cayana"
Equisetopsida,Sapindales,Meliaceae,"Trichilia poeppigii"
Equisetopsida,Sapindales,Meliaceae,"Trichilia rubra"
Insecta,Lepidoptera,Erebidae,"Tipuloides rubriceps"
Equisetopsida,Sapindales,Meliaceae,"Trichilia septentrionalis"
Equisetopsida,Sapindales,Meliaceae,"Trichilia stipitata"
Aves,Tinamiformes,Tinamidae,"Tinamus major"
Equisetopsida,Hymenophyllales,Hymenophyllaceae,"Trichomanes ankersii"
Equisetopsida,Hymenophyllales,Hymenophyllaceae,"Trichomanes bicorne"
Equisetopsida,Hymenophyllales,Hymenophyllaceae,"Trichomanes crispum"
Equisetopsida,Hymenophyllales,Hymenophyllaceae,"Trichomanes cristatum"
Aves,Tinamiformes,Tinamidae,"Tinamus guttatus"
Equisetopsida,Hymenophyllales,Hymenophyllaceae,"Trichomanes elegans"
Equisetopsida,Hymenophyllales,Hymenophyllaceae,"Trichomanes hostmannianum"
Equisetopsida,Hymenophyllales,Hymenophyllaceae,"Trichomanes martiusii"
Equisetopsida,Hymenophyllales,Hymenophyllaceae,"Trichomanes pilosum"
Equisetopsida,Hymenophyllales,Hymenophyllaceae,"Trichomanes pinnatum"
Insecta,Lepidoptera,Erebidae,"Timalus leucomelas"
Equisetopsida,Sapindales,Rutaceae,"Zanthoxylum weberbaueri"
Equisetopsida,Poales,Bromeliaceae,"Tillandsia paraensis"
Mammalia,Chiroptera,Phyllostomidae,"Sturnira tildae"
Equisetopsida,Malpighiales,Trigoniaceae,"Trigonia sericea"
Equisetopsida,Magnoliales,Annonaceae,"Trigynaea duckei"
Equisetopsida,Magnoliales,Annonaceae,"Trigynaea lanceipetala"
Aves,Charadriiformes,Scolopacidae,"Tringa melanoleuca"
Aves,Charadriiformes,Scolopacidae,"Tringa solitaria"
Mammalia,Chiroptera,Phyllostomidae,"Trinycteris nicefori"
Mammalia,Chiroptera,Phyllostomidae,"Sturnira oporaphilum"
Aves,Pelecaniformes,Ardeidae,"Tigrisoma lineatum"
Equisetopsida,Fabales,Fabaceae,"Zygia latifolia"
Mammalia,Chiroptera,Phyllostomidae,"Sturnira magna"
Aves,Passeriformes,Troglodytidae,"Troglodytes aedon"
Equisetopsida,Sapindales,Anacardiaceae,"Thyrsodium spruceanum"
Mammalia,Chiroptera,Thyropteridae,"Thyroptera tricolor"
Aves,Trogoniformes,Trogonidae,"Trogon collaris"
Aves,Trogoniformes,Trogonidae,"Trogon curucui"
Aves,Apodiformes,Trochilidae,"Threnetes leucurus"
Aves,Trogoniformes,Trogonidae,"Trogon melanurus"
Aves,Passeriformes,Thraupidae,"Thraupis palmarum"
Aves,Trogoniformes,Trogonidae,"Trogon rufus"
Aves,Trogoniformes,Trogonidae,"Trogon viridis"
Equisetopsida,Rosales,Moraceae,"Trymatococcus amazonicus"
Equisetopsida,Fabales,Fabaceae,"Stryphnodendron polystachyum"
Aves,Passeriformes,Vireonidae,"Tunchiornis ochraceiceps"
Aves,Passeriformes,Thraupidae,"Thraupis episcopus"
Equisetopsida,Sapindales,Rutaceae,"Zanthoxylum huberi"
Aves,Passeriformes,Turdidae,"Turdus albicollis"
Equisetopsida,Pandanales,Cyclanthaceae,"Thoracocarpus bissectus"
Aves,Passeriformes,Turdidae,"Turdus hauxwelli"
Equisetopsida,Fabales,Fabaceae,"Swartzia arborescens"
Aves,Charadriiformes,Laridae,"Sternula superciliaris"
Aves,Passeriformes,Turdidae,"Turdus ignobilis"
Aves,Passeriformes,Thraupidae,"Thlypopsis sordida"
Aves,Passeriformes,Turdidae,"Turdus lawrencii"
Equisetopsida,Fabales,Fabaceae,"Swartzia auriculata"
Equisetopsida,Fabales,Fabaceae,"Swartzia benthamiana"
Equisetopsida,Fabales,Fabaceae,"Swartzia brachyrachis"
Equisetopsida,Malpighiales,Passifloraceae,"Turnera acuta"
Equisetopsida,Crossosomatales,Staphyleaceae,"Turpinia occidentalis"
Aves,Passeriformes,Pipridae,"Tyranneutes stolzmanni"
Equisetopsida,Fabales,Fabaceae,"Swartzia cardiosperma"
Equisetopsida,Fabales,Fabaceae,"Zygia guinetii"
Aves,Passeriformes,Tyrannidae,"Tyrannopsis sulphurea"
Equisetopsida,Gentianales,Loganiaceae,"Strychnos rondeletioides"
Aves,Passeriformes,Tyrannidae,"Tyrannulus elatus"
Equisetopsida,Gentianales,Loganiaceae,"Strychnos panurensis"
Equisetopsida,Gentianales,Loganiaceae,"Strychnos mitscherlichii"
Aves,Passeriformes,Tyrannidae,"Tyrannus melancholicus"
Aves,Passeriformes,Tyrannidae,"Tyrannus savana"
Equisetopsida,Malvales,Malvaceae,"Theobroma subincanum"
Aves,Passeriformes,Tyrannidae,"Tyrannus tyrannus"
Equisetopsida,Cycadales,Zamiaceae,"Zamia ulei"
Equisetopsida,Gentianales,Loganiaceae,"Strychnos guianensis"
Equisetopsida,Malvales,Malvaceae,"Theobroma obovatum"
Equisetopsida,Fabales,Fabaceae,"Swartzia gracilis"
Equisetopsida,Malvales,Malvaceae,"Theobroma glaucum"
Equisetopsida,Malvales,Malvaceae,"Theobroma cacao"
Equisetopsida,Gentianales,Rubiaceae,"Uncaria guianensis"
Equisetopsida,Fabales,Fabaceae,"Swartzia klugii"
Equisetopsida,Gentianales,Loganiaceae,"Strychnos froesii"
Equisetopsida,Fabales,Fabaceae,"Swartzia laevicarpa"
Equisetopsida,Magnoliales,Annonaceae,"Unonopsis floribunda"
Equisetopsida,Magnoliales,Annonaceae,"Unonopsis guatterioides"
Equisetopsida,Magnoliales,Annonaceae,"Unonopsis peruviana"
Equisetopsida,Magnoliales,Annonaceae,"Unonopsis spectabilis"
Equisetopsida,Fabales,Fabaceae,"Swartzia oraria"
Equisetopsida,Fabales,Fabaceae,"Swartzia pendula"
Equisetopsida,Magnoliales,Annonaceae,"Unonopsis stipitata"
Equisetopsida,Fabales,Fabaceae,"Swartzia polyphylla"
Equisetopsida,Magnoliales,Annonaceae,"Unonopsis veneficiorum"
Equisetopsida,Fabales,Fabaceae,"Swartzia racemosa"
Equisetopsida,Fabales,Fabaceae,"Swartzia recurva"
Equisetopsida,Fabales,Fabaceae,"Swartzia rosea"
Equisetopsida,Gentianales,Loganiaceae,"Strychnos erichsonii"
Equisetopsida,Fabales,Fabaceae,"Swartzia schunkei"
Insecta,Lepidoptera,Erebidae,"Uranophora leocotelus"
Equisetopsida,Fabales,Fabaceae,"Zygia divaricata"
Aves,Passeriformes,Tyrannidae,"Zimmerius gracilipes"
Equisetopsida,Sapindales,Sapindaceae,"Talisia acutifolia"
Equisetopsida,Gentianales,Loganiaceae,"Strychnos darienensis"
Equisetopsida,Rosales,Urticaceae,"Urena lobata"
Equisetopsida,Rosales,Urticaceae,"Urera baccifera"
Equisetopsida,Gentianales,Loganiaceae,"Strychnos asperula"
Equisetopsida,Gentianales,Loganiaceae,"Strychnos amazonica"
Mammalia,Chiroptera,Phyllostomidae,"Uroderma bilobatum"
Mammalia,Chiroptera,Phyllostomidae,"Uroderma magnirostrum"
Equisetopsida,Malpighiales,Salicaceae,"Xylosma tessmannii"
Equisetopsida,Santalales,Loranthaceae,"Struthanthus orbicularis"
Equisetopsida,Alismatales,Araceae,"Urospatha sagittifolia"
Equisetopsida,Magnoliales,Annonaceae,"Xylopia sericea"
Equisetopsida,Magnoliales,Annonaceae,"Xylopia parviflora"
Equisetopsida,Magnoliales,Annonaceae,"Xylopia nitida"
Equisetopsida,Magnoliales,Annonaceae,"Xylopia nervosa"
Equisetopsida,Magnoliales,Annonaceae,"Xylopia excellens"
Equisetopsida,Fabales,Fabaceae,"Swartzia simplex"
Equisetopsida,Fabales,Fabaceae,"Swartzia tessmannii"
Mammalia,Chiroptera,Phyllostomidae,"Vampyressa melissa"
Equisetopsida,Sapindales,Sapindaceae,"Talisia cerasina"
Mammalia,Chiroptera,Phyllostomidae,"Vampyriscus bidens"
Aves,Passeriformes,Thamnophilidae,"Thamnophilus schistaceus"
Mammalia,Chiroptera,Phyllostomidae,"Vampyriscus brocki"
Mammalia,Chiroptera,Phyllostomidae,"Vampyrodes caraccioli"
Equisetopsida,Magnoliales,Annonaceae,"Xylopia cuspidata"
Equisetopsida,Arecales,Arecaceae,"Syagrus smithii"
Aves,Passeriformes,Tyrannidae,"Zimmerius villarejoi"
Equisetopsida,Lamiales,Linderniaceae,"Vandellia diffusa"
Aves,Charadriiformes,Charadriidae,"Vanellus cayanus"
Aves,Passeriformes,Thamnophilidae,"Thamnophilus murinus"
Aves,Charadriiformes,Charadriidae,"Vanellus chilensis"
Aves,Passeriformes,Thamnophilidae,"Thamnophilus doliatus"
Equisetopsida,Malpighiales,Humiriaceae,"Vantanea parviflora"
Equisetopsida,Fabales,Fabaceae,"Vatairea erythrocarpa"
Insecta,Coleoptera,Scarabaeidae,"Sylvicanthon bridarolli"
Equisetopsida,Fabales,Fabaceae,"Vatairea guianensis"
Equisetopsida,Sapindales,Sapindaceae,"Talisia clathrata"
Aves,Passeriformes,Thamnophilidae,"Thamnophilus amazonicus"
Equisetopsida,Asterales,Asteraceae,"Vernonanthura patens"
Equisetopsida,Magnoliales,Annonaceae,"Xylopia calophylla"
Aves,Passeriformes,Thamnophilidae,"Thamnomanes caesius"
Equisetopsida,Fabales,Fabaceae,"Vigna caracalla"
Aves,Passeriformes,Thamnophilidae,"Thamnomanes ardesiacus"
Equisetopsida,Malpighiales,Violaceae,"Viola stipularis"
Aves,Passeriformes,Vireonidae,"Vireo flavoviridis"
Aves,Apodiformes,Trochilidae,"Thalurania furcata"
Aves,Passeriformes,Vireonidae,"Vireolanius leucotis"
Aves,Passeriformes,Vireonidae,"Vireo olivaceus"
Equisetopsida,Magnoliales,Myristicaceae,"Virola caducifolia"
Equisetopsida,Magnoliales,Myristicaceae,"Virola calophylla"
Equisetopsida,Magnoliales,Myristicaceae,"Virola calophylloidea"
Equisetopsida,Magnoliales,Myristicaceae,"Virola divergens"
Equisetopsida,Magnoliales,Myristicaceae,"Virola duckei"
Equisetopsida,Magnoliales,Myristicaceae,"Virola elongata"
Equisetopsida,Magnoliales,Myristicaceae,"Virola loretensis"
Equisetopsida,Magnoliales,Myristicaceae,"Virola marleneae"
Equisetopsida,Magnoliales,Myristicaceae,"Virola mollissima"
Equisetopsida,Magnoliales,Myristicaceae,"Virola multicostata"
Equisetopsida,Malpighiales,Salicaceae,"Tetrathylacium macrophyllum"
Equisetopsida,Santalales,Olacaceae,"Tetrastylidium peruvianum"
Equisetopsida,Magnoliales,Myristicaceae,"Virola multinervia"
Equisetopsida,Magnoliales,Myristicaceae,"Virola obovata"
Equisetopsida,Malpighiales,Malpighiaceae,"Tetrapterys mucronata"
Equisetopsida,Magnoliales,Myristicaceae,"Virola pavonis"
Insecta,Coleoptera,Scarabaeidae,"Tetramereia convexa"
Equisetopsida,Magnoliales,Myristicaceae,"Virola peruviana"
Equisetopsida,Magnoliales,Annonaceae,"Tetrameranthus pachycarpus"
Equisetopsida,Magnoliales,Myristicaceae,"Virola sebifera"
Equisetopsida,Sapindales,Sapindaceae,"Talisia japurensis"
Equisetopsida,Magnoliales,Myristicaceae,"Virola surinamensis"
Equisetopsida,Magnoliales,Myristicaceae,"Virola theiodora"
Equisetopsida,Malpighiales,Hypericaceae,"Vismia confertiflora"
Amphibia,Anura,Craugastoridae,"Strabomantis sulcatus"
Equisetopsida,Malpighiales,Hypericaceae,"Vismia gracilis"
Equisetopsida,Lamiales,Bignoniaceae,"Stizophyllum riparium"
Equisetopsida,Malpighiales,Hypericaceae,"Vismia guianensis"
Equisetopsida,Malpighiales,Hypericaceae,"Vismia macrophylla"
Equisetopsida,Malpighiales,Hypericaceae,"Vismia pozuzoensis"
Equisetopsida,Malpighiales,Hypericaceae,"Vismia schultesii"
Equisetopsida,Lamiales,Lamiaceae,"Vitex triflora"
Aves,Passeriformes,Thraupidae,"Tersina viridis"
Amphibia,Anura,Centrolenidae,"Vitreorana ritae"
Equisetopsida,Myrtales,Vochysiaceae,"Vochysia densiflora"
Equisetopsida,Ericales,Theaceae,"Ternstroemia penduliflora"
Equisetopsida,Ericales,Pentaphylacaceae,"Ternstroemia klugiana"
Equisetopsida,Magnoliales,Annonaceae,"Xylopia benthamii"
Equisetopsida,Myrtales,Combretaceae,"Terminalia viridiflora"
Equisetopsida,Myrtales,Combretaceae,"Terminalia pulcherrima"
Aves,Passeriformes,Thraupidae,"Volatinia jacarina"
Equisetopsida,Myrtales,Combretaceae,"Terminalia parvifolia"
Equisetopsida,Magnoliales,Annonaceae,"Xylopia barbata"
Equisetopsida,Gentianales,Gentianaceae,"Voyria aphylla"
Equisetopsida,Gentianales,Gentianaceae,"Voyria spruceana"
Equisetopsida,Gentianales,Gentianaceae,"Voyria tenella"
Equisetopsida,Myrtales,Combretaceae,"Terminalia macrophylla"
Equisetopsida,Myrtales,Combretaceae,"Terminalia duckei"
Equisetopsida,Myrtales,Combretaceae,"Terminalia dichotoma"
Equisetopsida,Myrtales,Combretaceae,"Terminalia amazonia"
Aves,Passeriformes,Thraupidae,"Stilpnia nigrocincta"
Equisetopsida,Gentianales,Rubiaceae,"Warszewiczia coccinea"
Aves,Passeriformes,Onychorhynchidae,"Terenotriccus erythrurus"
Equisetopsida,Gentianales,Rubiaceae,"Warszewiczia elata"
Amphibia,Anura,Centrolenidae,"Teratohyla midas"
Amphibia,Anura,Hylidae,"Tepuihyla tuberculosa"
Equisetopsida,Ranunculales,Menispermaceae,"Telitoxicum minutiflorum"
Equisetopsida,Ranunculales,Menispermaceae,"Telitoxicum krukovii"
Insecta,Lepidoptera,Erebidae,"Telioneura carmania"
Equisetopsida,Caryophyllales,Polygonaceae,"Symmeria paniculata"
Equisetopsida,Sapindales,Sapindaceae,"Talisia nervosa"
Aves,Passeriformes,Thamnophilidae,"Willisornis poecilinotus"
Equisetopsida,Malpighiales,Clusiaceae,"Symphonia globulifera"
Equisetopsida,Sapindales,Sapindaceae,"Talisia obovata"
Equisetopsida,Solanales,Solanaceae,"Witheringia solanacea"
Insecta,Lepidoptera,Erebidae,"Xanthida chalcosticta"
Insecta,Hymenoptera,Ichneumonidae,"Xanthopimpla allpahuaya"
Insecta,Hymenoptera,Ichneumonidae,"Xanthopimpla aurita"
Insecta,Hymenoptera,Ichneumonidae,"Xanthopimpla vidali"
Insecta,Lepidoptera,Erebidae,"Xanthopleura perspicua"
Mammalia,Cetartiodactyla,Tayassuidae,"Tayassu pecari"
Equisetopsida,Gentianales,Apocynaceae,"Tassadia obovata"
Equisetopsida,Fabales,Fabaceae,"Zygia cataractae"
Equisetopsida,Fabales,Fabaceae,"Zygia unifoliolata"
Aves,Passeriformes,Furnariidae,"Xenops minutus"
Equisetopsida,Fabales,Fabaceae,"Taralea oppositifolia"
Aves,Passeriformes,Thamnophilidae,"Taraba major"
Equisetopsida,Malpighiales,Dichapetalaceae,"Tapura juruana"
Equisetopsida,Fabales,Fabaceae,"Zygia basijuga"
Equisetopsida,Malpighiales,Dichapetalaceae,"Tapura julianii"
Aves,Passeriformes,Furnariidae,"Xenops tenuirostris"
Equisetopsida,Malpighiales,Dichapetalaceae,"Tapura coriacea"
Equisetopsida,Malpighiales,Dichapetalaceae,"Tapura amazonica"
Mammalia,Perissodactyla,Tapiridae,"Tapirus terrestris"
Aves,Passeriformes,Cotingidae,"Xipholena punicea"
Aves,Passeriformes,Furnariidae,"Xiphorhynchus elegans"
Mammalia,Pilosa,Myrmecophagidae,"Tamandua tetradactyla"
Aves,Passeriformes,Furnariidae,"Synallaxis gujanensis"
Equisetopsida,Sapindales,Anacardiaceae,"Tapirira retusa"
Equisetopsida,Sapindales,Anacardiaceae,"Tapirira peckoltiana"
Equisetopsida,Sapindales,Anacardiaceae,"Tapirira obtusa"
Aves,Passeriformes,Furnariidae,"Synallaxis rutilans"
Equisetopsida,Sapindales,Anacardiaceae,"Tapirira guianensis"
Aves,Cuculiformes,Cuculidae,"Tapera naevia"
Aves,Passeriformes,Thraupidae,"Tangara velia"
Aves,Passeriformes,Thraupidae,"Tangara schrankii"
Equisetopsida,Gentianales,Apocynaceae,"Tabernaemontana markgrafiana"
Equisetopsida,Gentianales,Apocynaceae,"Tabernaemontana sananho"
Aves,Passeriformes,Furnariidae,"Xiphorhynchus guttatus"
Aves,Passeriformes,Thraupidae,"Tangara mexicana"
Equisetopsida,Gentianales,Gentianaceae,"Tachia loretensis"
Equisetopsida,Gentianales,Gentianaceae,"Tachia occidentalis"
Equisetopsida,Fabales,Fabaceae,"Tachigali bracteosa"
Equisetopsida,Fabales,Fabaceae,"Tachigali cavipes"
Equisetopsida,Fabales,Fabaceae,"Tachigali chrysophylla"
Aves,Passeriformes,Thraupidae,"Tangara gyrola"
Equisetopsida,Fabales,Fabaceae,"Tachigali formicarum"
Equisetopsida,Fabales,Fabaceae,"Tachigali goeldiana"
Equisetopsida,Fabales,Fabaceae,"Tachigali guianensis"
Equisetopsida,Fabales,Fabaceae,"Tachigali inconspicua"
Equisetopsida,Fabales,Fabaceae,"Tachigali loretensis"
Equisetopsida,Fabales,Fabaceae,"Tachigali macbridei"
Equisetopsida,Fabales,Fabaceae,"Tachigali melinonii"
Equisetopsida,Fabales,Fabaceae,"Tachigali paniculata"
Aves,Passeriformes,Thraupidae,"Tangara chilensis"
Equisetopsida,Fabales,Fabaceae,"Tachigali poeppigiana"
Equisetopsida,Fabales,Fabaceae,"Tachigali ptychophysca"
Aves,Passeriformes,Furnariidae,"Xiphorhynchus ocellatus"
Equisetopsida,Fabales,Fabaceae,"Tachigali rusbyi"
Equisetopsida,Fabales,Fabaceae,"Tachigali schultesiana"
Equisetopsida,Fabales,Fabaceae,"Tachigali tessmannii"
Equisetopsida,Fabales,Fabaceae,"Tachigali vasquezii"
Aves,Apodiformes,Apodidae,"Tachornis squamata"
Aves,Passeriformes,Thraupidae,"Tangara callophrys"
Aves,Passeriformes,Hirundinidae,"Tachycineta albiventer"
Aves,Passeriformes,Furnariidae,"Xiphorhynchus obsoletus"
Aves,Passeriformes,Thraupidae,"Tachyphonus surinamus"
Equisetopsida,Boraginales,Heliotropiaceae,"Tournefortia maculata"
Equisetopsida,Ericales,Styracaceae,"Styrax guyanensis"
Equisetopsida,Ericales,Styracaceae,"Styrax macrophyllus"
Equisetopsida,Malpighiales,Clusiaceae,"Tovomita calophyllophylla"
Equisetopsida,Malpighiales,Clusiaceae,"Tovomita carinata"
Aves,Psittaciformes,Psittacidae,"Touit purpuratus"
Equisetopsida,Malpighiales,Clusiaceae,"Tovomita laurina"
Equisetopsida,Malpighiales,Clusiaceae,"Tovomita speciosa"
Equisetopsida,Malpighiales,Clusiaceae,"Tovomita spruceana"
Equisetopsida,Malpighiales,Clusiaceae,"Tovomita stigmatosa"
Aves,Psittaciformes,Psittacidae,"Touit huetii"
Equisetopsida,Malpighiales,Clusiaceae,"Tovomita umbellata"
Aves,Apodiformes,Trochilidae,"Topaza pyra"
,,,
