Clase,Orden,Familia,Especie,endemica,amenazada
Aves,Galbuliformes,Bucconidae,Monasa flavirostris,FALSE,FALSE
Aves,Galbuliformes,Bucconidae,Monasa morphoeus,FALSE,FALSE
Aves,Piciformes,Picidae,Melanerpes cruentatus,FALSE,FALSE
Aves,Galbuliformes,Bucconidae,Monasa nigrifrons,FALSE,FALSE
Aves,Passeriformes,Thamnophilidae,Megastictus margaritatus,FALSE,FALSE
Aves,Strigiformes,Strigidae,Megascops watsonii,FALSE,FALSE
Aves,Strigiformes,Strigidae,Megascops choliba,FALSE,FALSE
Aves,Passeriformes,Tyrannidae,Megarynchus pitangua,FALSE,FALSE
Mammalia,Didelphimorphia,Didelphidae,Monodelphis (Mygalodelphys) adusta,FALSE,FALSE
Actinopterygii,Siluriformes,Callichthyidae,Megalechis thoracata,FALSE,FALSE
Aves,Coraciiformes,Alcedinidae,Megaceryle torquata,FALSE,FALSE
Equisetopsida,Zingiberales,Marantaceae,Monotagma angustissimum,FALSE,FALSE
Equisetopsida,Zingiberales,Marantaceae,Monotagma juruanum,FALSE,FALSE
Equisetopsida,Arecales,Arecaceae,Aiphanes weberbaueri,FALSE,FALSE
Equisetopsida,Zingiberales,Marantaceae,Monotagma laxum,FALSE,FALSE
Equisetopsida,Zingiberales,Marantaceae,Monotagma parvulum,FALSE,FALSE
Equisetopsida,Zingiberales,Marantaceae,Monotagma plurispicatum,FALSE,FALSE
Equisetopsida,Zingiberales,Marantaceae,Monotagma tuberosum,FALSE,FALSE
Equisetopsida,Zingiberales,Marantaceae,Monotagma vaginatum,FALSE,FALSE
Equisetopsida,Alismatales,Araceae,Monstera aureopinnata,FALSE,FALSE
Mammalia,Cetartiodactyla,Cervidae,Mazama nemorivaga,FALSE,FALSE
Equisetopsida,Alismatales,Araceae,Monstera gracilis,FALSE,FALSE
Mammalia,Cetartiodactyla,Cervidae,Mazama americana,FALSE,FALSE
Equisetopsida,Alismatales,Araceae,Monstera obliqua,FALSE,FALSE
Equisetopsida,Alismatales,Araceae,Monstera spruceana,FALSE,FALSE
Equisetopsida,Malpighiales,Achariaceae,Mayna odorata,FALSE,FALSE
Equisetopsida,Celastrales,Celastraceae,Monteverdia amazonica,FALSE,FALSE
Equisetopsida,Malpighiales,Achariaceae,Mayna grandifolia,FALSE,FALSE
Equisetopsida,Celastrales,Celastraceae,Monteverdia macrocarpa,FALSE,FALSE
Equisetopsida,Asparagales,Orchidaceae,Maxillaria villosa,FALSE,FALSE
Equisetopsida,Asparagales,Orchidaceae,Maxillaria superflua,FALSE,FALSE
Equisetopsida,Malpighiales,Chrysobalanaceae,Moquilea brittoniana,FALSE,FALSE
Equisetopsida,Malpighiales,Chrysobalanaceae,Moquilea celiae,FALSE,FALSE
Equisetopsida,Malpighiales,Chrysobalanaceae,Moquilea guianensis,FALSE,FALSE
Equisetopsida,Malpighiales,Chrysobalanaceae,Moquilea unguiculata,FALSE,FALSE
Equisetopsida,Malpighiales,Clusiaceae,Moronobea coccinea,FALSE,FALSE
Equisetopsida,Arecales,Arecaceae,Mauritiella armata,FALSE,FALSE
Equisetopsida,Arecales,Arecaceae,Mauritiella aculeata,FALSE,FALSE
Insecta,Lepidoptera,Nymphalidae,Morpho achilles,FALSE,FALSE
Equisetopsida,Arecales,Arecaceae,Mauritia flexuosa,FALSE,FALSE
Equisetopsida,Arecales,Arecaceae,Mauritia carana,FALSE,TRUE
Insecta,Lepidoptera,Nymphalidae,Morpho deidamia,FALSE,FALSE
Insecta,Lepidoptera,Nymphalidae,Morpho helenor,FALSE,FALSE
Equisetopsida,Malvales,Malvaceae,Matisia soegengii,FALSE,FALSE
Insecta,Lepidoptera,Nymphalidae,Morpho marcus,FALSE,FALSE
Insecta,Lepidoptera,Nymphalidae,Morpho menelaus,FALSE,FALSE
Equisetopsida,Malvales,Malvaceae,Matisia obliquifolia,FALSE,FALSE
Insecta,Lepidoptera,Nymphalidae,Morpho telemachus,FALSE,FALSE
Equisetopsida,Malvales,Malvaceae,Matisia malacocalyx,FALSE,FALSE
Equisetopsida,Malvales,Malvaceae,Matisia intricata,FALSE,FALSE
Equisetopsida,Malvales,Malvaceae,Matisia idroboi,FALSE,FALSE
Equisetopsida,Malvales,Malvaceae,Matisia hirta,FALSE,FALSE
Equisetopsida,Malvales,Malvaceae,Matisia bracteolosa,FALSE,FALSE
Equisetopsida,Sapindales,Sapindaceae,Matayba macrocarpa,FALSE,FALSE
Equisetopsida,Sapindales,Sapindaceae,Matayba inelegans,FALSE,FALSE
Equisetopsida,Sapindales,Sapindaceae,Matayba guianensis,FALSE,FALSE
Equisetopsida,Myrtales,Melastomataceae,Mouriri acutiflora,FALSE,FALSE
Equisetopsida,Sapindales,Sapindaceae,Matayba arborescens,FALSE,FALSE
Equisetopsida,Arecales,Arecaceae,Aiphanes deltoidea,FALSE,FALSE
Equisetopsida,Myrtales,Melastomataceae,Mouriri cauliflora,FALSE,FALSE
Equisetopsida,Myrtales,Melastomataceae,Mouriri grandiflora,FALSE,FALSE
Equisetopsida,Myrtales,Melastomataceae,Mouriri guianensis,FALSE,FALSE
Equisetopsida,Lamiales,Bignoniaceae,Martinella obovata,FALSE,FALSE
Equisetopsida,Lamiales,Bignoniaceae,Martinella iquitoensis,FALSE,FALSE
Equisetopsida,Myrtales,Melastomataceae,Mouriri retentipetala,FALSE,FALSE
Equisetopsida,Myrtales,Melastomataceae,Mouriri vernicosa,FALSE,FALSE
Equisetopsida,Fabales,Polygalaceae,Moutabea aculeata,FALSE,FALSE
Equisetopsida,Gentianales,Apocynaceae,Marsdenia rubrofusca,FALSE,FALSE
Equisetopsida,Gentianales,Apocynaceae,Mucoa duckei,FALSE,FALSE
Equisetopsida,Fabales,Fabaceae,Mucuna urens,FALSE,FALSE
Mammalia,Didelphimorphia,Didelphidae,Marmosops (Sciophanes) bishopi,FALSE,FALSE
Mammalia,Didelphimorphia,Didelphidae,Marmosops (Marmosops) noctivagus,FALSE,FALSE
Mammalia,Didelphimorphia,Didelphidae,Marmosa (Stegomarmosa) lepida,FALSE,FALSE
Mammalia,Didelphimorphia,Didelphidae,Marmosa (Micoureus) jansae,FALSE,FALSE
Mammalia,Didelphimorphia,Didelphidae,Marmosa (Micoureus) constantiae,FALSE,FALSE
Mammalia,Didelphimorphia,Didelphidae,Marmosa (Marmosa) waterhousei,FALSE,FALSE
Mammalia,Didelphimorphia,Didelphidae,Marmosa (Eomarmosa) rubra,FALSE,FALSE
Equisetopsida,Fabales,Fabaceae,Marmaroxylon basijugum,FALSE,FALSE
Equisetopsida,Myrtales,Myrtaceae,Marlierea imperfecta,TRUE,FALSE
Equisetopsida,Myrtales,Myrtaceae,Marlierea caudata,FALSE,FALSE
Equisetopsida,Solanales,Solanaceae,Markea ulei,FALSE,FALSE
Equisetopsida,Solanales,Solanaceae,Markea formicarum,FALSE,FALSE
Equisetopsida,Solanales,Convolvulaceae,Maripa peruviana,FALSE,FALSE
Equisetopsida,Solanales,Convolvulaceae,Maripa axilliflora,FALSE,FALSE
Equisetopsida,Malpighiales,Calophyllaceae,Marila tomentosa,FALSE,FALSE
Equisetopsida,Malvales,Muntingiaceae,Muntingia calabura,FALSE,FALSE
Equisetopsida,Malpighiales,Phyllanthaceae,Margaritaria nobilis,FALSE,FALSE
Equisetopsida,Ericales,Marcgraviaceae,Marcgravia nervosa,FALSE,FALSE
Equisetopsida,Ericales,Marcgraviaceae,Marcgravia longifolia,FALSE,FALSE
Equisetopsida,Ericales,Marcgraviaceae,Marcgravia crenata,FALSE,FALSE
Equisetopsida,Ericales,Marcgraviaceae,Marcgravia caudata,FALSE,FALSE
Equisetopsida,Rosales,Moraceae,Maquira calophylla,FALSE,FALSE
Equisetopsida,Malpighiales,Euphorbiaceae,Maprounea guianensis,FALSE,FALSE
Equisetopsida,Lamiales,Bignoniaceae,Mansoa verrucifera,FALSE,FALSE
Equisetopsida,Lamiales,Bignoniaceae,Mansoa standleyi,FALSE,FALSE
Equisetopsida,Ericales,Sapotaceae,Manilkara bidentata,FALSE,FALSE
Equisetopsida,Gentianales,Rubiaceae,Manettia glandulosa,FALSE,FALSE
Equisetopsida,Gentianales,Rubiaceae,Manettia asclepiadacea,FALSE,FALSE
Aves,Passeriformes,Pipridae,Manacus manacus,FALSE,FALSE
Equisetopsida,Gentianales,Apocynaceae,Malouetia peruviana,FALSE,FALSE
Equisetopsida,Gentianales,Apocynaceae,Malouetia naias,FALSE,FALSE
Equisetopsida,Gentianales,Apocynaceae,Malouetia killipii,FALSE,FALSE
Equisetopsida,Gentianales,Rubiaceae,Malanea cylindrica,TRUE,FALSE
Equisetopsida,Gentianales,Rubiaceae,Malanea boliviana,FALSE,FALSE
Aves,Galbuliformes,Bucconidae,Malacoptila fusca,FALSE,FALSE
Aves,Passeriformes,Tyrannidae,Myiarchus ferox,FALSE,FALSE
Equisetopsida,Magnoliales,Magnoliaceae,Magnolia equatorialis,FALSE,FALSE
Insecta,Lepidoptera,Nymphalidae,Magneuptychia opima,FALSE,FALSE
Insecta,Lepidoptera,Nymphalidae,Magneuptychia monopunctata,FALSE,FALSE
Aves,Passeriformes,Tyrannidae,Myiarchus swainsoni,FALSE,FALSE
Insecta,Lepidoptera,Nymphalidae,Magneuptychia analis,FALSE,FALSE
Equisetopsida,Fabales,Fabaceae,Macrosamanea spruceana,FALSE,FALSE
Equisetopsida,Fabales,Fabaceae,Macropsychanthus macrocarpus,FALSE,FALSE
Equisetopsida,Fabales,Fabaceae,Macrolobium suaveolens,FALSE,FALSE
Equisetopsida,Fabales,Fabaceae,Macrolobium microcalyx,FALSE,FALSE
Equisetopsida,Fabales,Fabaceae,Macrolobium limbatum,FALSE,FALSE
Equisetopsida,Fabales,Fabaceae,Macrolobium brevense,FALSE,FALSE
Aves,Passeriformes,Tyrannidae,Myiarchus tuberculifer,FALSE,FALSE
Equisetopsida,Fabales,Fabaceae,Macrolobium bifolium,FALSE,FALSE
Equisetopsida,Fabales,Fabaceae,Macrolobium arenarium,FALSE,FALSE
Equisetopsida,Fabales,Fabaceae,Macrolobium angustifolium,FALSE,FALSE
Equisetopsida,Fabales,Fabaceae,Macrolobium acaciifolium,FALSE,FALSE
Aves,Passeriformes,Onychorhynchidae,Myiobius barbatus,FALSE,FALSE
Equisetopsida,Gentianales,Apocynaceae,Macoubea sprucei,FALSE,FALSE
Equisetopsida,Gentianales,Apocynaceae,Macoubea guianensis,FALSE,FALSE
Equisetopsida,Fabales,Fabaceae,Machaerium madeirense,FALSE,FALSE
Equisetopsida,Fabales,Fabaceae,Machaerium kegelii,FALSE,FALSE
Equisetopsida,Fabales,Fabaceae,Machaerium floribundum var. parviflorum,FALSE,FALSE
Equisetopsida,Fabales,Fabaceae,Machaerium cuspidatum,FALSE,FALSE
Equisetopsida,Malpighiales,Euphorbiaceae,Mabea subsessilis,FALSE,FALSE
Equisetopsida,Malpighiales,Euphorbiaceae,Mabea speciosa,FALSE,FALSE
Equisetopsida,Malpighiales,Euphorbiaceae,Mabea pulcherrima,FALSE,FALSE
Equisetopsida,Malpighiales,Euphorbiaceae,Mabea piriri,FALSE,FALSE
Equisetopsida,Malpighiales,Euphorbiaceae,Mabea occidentalis,FALSE,FALSE
Equisetopsida,Malpighiales,Euphorbiaceae,Mabea nitida,FALSE,FALSE
Equisetopsida,Malpighiales,Euphorbiaceae,Mabea maynensis,FALSE,FALSE
Equisetopsida,Malpighiales,Euphorbiaceae,Mabea elata,FALSE,FALSE
Aves,Passeriformes,Tyrannidae,Myiopagis caniceps,FALSE,FALSE
Equisetopsida,Solanales,Solanaceae,Lycianthes pauciflora,FALSE,FALSE
Aves,Passeriformes,Tyrannidae,Myiopagis gaimardii,FALSE,FALSE
Aves,Accipitriformes,Accipitridae,Spizaetus ornatus,FALSE,FALSE
Actinopterygii,Clupeiformes,Engraulididae,Lycengraulis batesii,FALSE,FALSE
Aves,Caprimulgiformes,Caprimulgidae,Lurocalis semitorquatus,FALSE,FALSE
Aves,Passeriformes,Tyrannidae,Myiornis ecaudatus,FALSE,FALSE
Equisetopsida,Malpighiales,Salicaceae,Lunania parviflora,FALSE,FALSE
Aves,Passeriformes,Parulidae,Myiothlypis fulvicauda,FALSE,FALSE
Equisetopsida,Malvales,Malvaceae,Lueheopsis althaeiflora,FALSE,FALSE
Equisetopsida,Myrtales,Onagraceae,Ludwigia nervosa,FALSE,FALSE
Equisetopsida,Myrtales,Onagraceae,Ludwigia leptocarpa,FALSE,FALSE
Equisetopsida,Myrtales,Onagraceae,Ludwigia hyssopifolia,FALSE,FALSE
Equisetopsida,Pandanales,Cyclanthaceae,Ludovia lancifolia,FALSE,FALSE
Insecta,Lepidoptera,Erebidae,Loxophlebia ribripicta,FALSE,FALSE
Insecta,Lepidoptera,Erebidae,Loxophlebia chrysobasis,FALSE,FALSE
Aves,Passeriformes,Tyrannidae,Myiozetetes granadensis,FALSE,FALSE
Aves,Passeriformes,Thraupidae,Loriotus luctuosus,FALSE,FALSE
Aves,Passeriformes,Thraupidae,Loriotus cristatus,FALSE,FALSE
Aves,Passeriformes,Tyrannidae,Myiozetetes luteiventris,FALSE,FALSE
Actinopterygii,Siluriformes,Loricariidae,Loricaria clavipinna,FALSE,FALSE
Aves,Passeriformes,Tyrannidae,Lophotriccus vitiosus,FALSE,FALSE
Aves,Strigiformes,Strigidae,Lophostrix cristata,FALSE,FALSE
Aves,Passeriformes,Tyrannidae,Myiozetetes similis,FALSE,FALSE
Mammalia,Chiroptera,Phyllostomidae,Lophostoma silvicolum,FALSE,FALSE
Mammalia,Chiroptera,Phyllostomidae,Lophostoma brasiliense,FALSE,FALSE
Mammalia,Rodentia,Dasyproctidae,Myoprocta pratti,FALSE,FALSE
Mammalia,Chiroptera,Vespertilionidae,Myotis albescens,FALSE,FALSE
Mammalia,Carnivora,Mustelidae,Lontra longicaudis,FALSE,FALSE
Mammalia,Chiroptera,Vespertilionidae,Myotis nigricans,FALSE,FALSE
Equisetopsida,Fabales,Fabaceae,Lonchocarpus spiciflorus,FALSE,FALSE
Mammalia,Chiroptera,Vespertilionidae,Myotis riparius,FALSE,FALSE
Mammalia,Chiroptera,Vespertilionidae,Myotis simus,FALSE,FALSE
Amphibia,Anura,Leptodactylidae,Lithodytes lineatus,FALSE,FALSE
Equisetopsida,Ericales,Ebenaceae,Lissocarpa stenocarpa,FALSE,FALSE
Equisetopsida,Ericales,Ebenaceae,Lissocarpa kating,FALSE,FALSE
Equisetopsida,Ericales,Ebenaceae,Lissocarpa jensonii,FALSE,FALSE
Equisetopsida,Myrtales,Myrtaceae,Myrcia aliena,FALSE,FALSE
Aves,Passeriformes,Cotingidae,Lipaugus vociferans,FALSE,FALSE
Equisetopsida,Myrtales,Myrtaceae,Myrcia crebra,TRUE,FALSE
Aves,Passeriformes,Rhinocryptidae,Liosceles thoracicus,FALSE,FALSE
Equisetopsida,Myrtales,Myrtaceae,Myrcia hylobates,FALSE,FALSE
Equisetopsida,Polypodiales,Lindsaeaceae,Lindsaea hemiglossa,FALSE,FALSE
Equisetopsida,Polypodiales,Lindsaeaceae,Lindsaea guianensis,FALSE,FALSE
Equisetopsida,Polypodiales,Lindsaeaceae,Lindsaea divaricata,FALSE,FALSE
Equisetopsida,Lamiales,Linderniaceae,Lindernia crustacea,FALSE,FALSE
Equisetopsida,Malpighiales,Achariaceae,Lindackeria paludosa,FALSE,FALSE
Actinopterygii,Siluriformes,Loricariidae,Limatulichthys griseus,FALSE,FALSE
Equisetopsida,Myrtales,Myrtaceae,Myrcianthes prodigiosa,FALSE,FALSE
Equisetopsida,Myrtales,Myrtaceae,Myrcia obumbrans,FALSE,FALSE
Equisetopsida,Laurales,Lauraceae,Licaria rodriguesii,FALSE,FALSE
Equisetopsida,Myrtales,Myrtaceae,Myrciaria dubia,FALSE,FALSE
Equisetopsida,Laurales,Lauraceae,Licaria macrophylla,FALSE,FALSE
Equisetopsida,Laurales,Lauraceae,Licaria dolichantha,FALSE,FALSE
Equisetopsida,Laurales,Lauraceae,Licaria cannella,FALSE,FALSE
Equisetopsida,Laurales,Lauraceae,Licaria brasiliensis,FALSE,FALSE
Equisetopsida,Myrtales,Myrtaceae,Myrcia simulata,FALSE,FALSE
Equisetopsida,Malpighiales,Chrysobalanaceae,Licania urceolaris,FALSE,FALSE
Equisetopsida,Malpighiales,Chrysobalanaceae,Licania mollis,FALSE,FALSE
Equisetopsida,Malpighiales,Chrysobalanaceae,Licania micrantha,FALSE,FALSE
Equisetopsida,Malpighiales,Chrysobalanaceae,Licania hypoleuca,FALSE,FALSE
Equisetopsida,Malpighiales,Chrysobalanaceae,Licania harlingii,FALSE,FALSE
Equisetopsida,Myrtales,Myrtaceae,Myrcia sylvatica,FALSE,FALSE
Equisetopsida,Myrtales,Myrtaceae,Myrcia umbraticola,FALSE,FALSE
Equisetopsida,Malpighiales,Chrysobalanaceae,Licania canescens,FALSE,FALSE
Equisetopsida,Malpighiales,Chrysobalanaceae,Licania bracteata,FALSE,FALSE
Equisetopsida,Malpighiales,Chrysobalanaceae,Licania blackii,FALSE,FALSE
Equisetopsida,Malpighiales,Chrysobalanaceae,Licania apetala var. apetala,FALSE,FALSE
Mammalia,Pilosa,Myrmecophagidae,Myrmecophaga tridactyla,FALSE,TRUE
Insecta,Lepidoptera,Erebidae,Leucotmemis torrida,FALSE,FALSE
Insecta,Lepidoptera,Erebidae,Leucotmemis tenthredoides,FALSE,FALSE
Aves,Accipitriformes,Accipitridae,Leucopternis melanops,FALSE,FALSE
Aves,Passeriformes,Thamnophilidae,Myrmelastes hyperythrus,FALSE,FALSE
Aves,Passeriformes,Thamnophilidae,Myrmelastes leucostigma,FALSE,FALSE
Aves,Passeriformes,Thamnophilidae,Myrmelastes schistaceus,FALSE,FALSE
Equisetopsida,Dicranales,Dicranaceae,Leucobryum martianum,FALSE,FALSE
Aves,Passeriformes,Thamnophilidae,Myrmoborus myotherinus,FALSE,FALSE
Equisetopsida,Icacinales,Icacinaceae,Leretia cordata,FALSE,FALSE
Aves,Passeriformes,Thamnophilidae,Myrmophylax atrothorax,FALSE,FALSE
Aves,Columbiformes,Columbidae,Leptotila verreauxi,FALSE,FALSE
Aves,Passeriformes,Grallariidae,Myrmothera campanisona,FALSE,FALSE
Aves,Columbiformes,Columbidae,Leptotila rufaxilla,FALSE,FALSE
Equisetopsida,Sapindales,Rutaceae,Leptothyrsa sprucei,FALSE,FALSE
Aves,Passeriformes,Thamnophilidae,Myrmotherula axillaris,FALSE,FALSE
Aves,Accipitriformes,Accipitridae,Leptodon cayanensis,FALSE,FALSE
Aves,Passeriformes,Thamnophilidae,Myrmotherula brachyura,FALSE,FALSE
Amphibia,Anura,Leptodactylidae,Leptodactylus wagneri,FALSE,FALSE
Amphibia,Anura,Leptodactylidae,Leptodactylus stenodema,FALSE,FALSE
Aves,Passeriformes,Thamnophilidae,Myrmotherula ignota,FALSE,FALSE
Amphibia,Anura,Leptodactylidae,Leptodactylus rhodomystax,FALSE,FALSE
Amphibia,Anura,Leptodactylidae,Leptodactylus petersii,FALSE,FALSE
Amphibia,Anura,Leptodactylidae,Leptodactylus pentadactylus,FALSE,FALSE
Amphibia,Anura,Leptodactylidae,Leptodactylus leptodactyloides,FALSE,FALSE
Amphibia,Anura,Leptodactylidae,Leptodactylus discodactylus,FALSE,FALSE
Amphibia,Anura,Leptodactylidae,Leptodactylus diedrus,FALSE,FALSE
Equisetopsida,Malpighiales,Chrysobalanaceae,Leptobalanus octandrus,FALSE,FALSE
Equisetopsida,Malpighiales,Chrysobalanaceae,Leptobalanus longistylus,FALSE,FALSE
Equisetopsida,Malpighiales,Chrysobalanaceae,Leptobalanus latus,FALSE,FALSE
Aves,Passeriformes,Thamnophilidae,Myrmotherula longipennis,FALSE,FALSE
Aves,Passeriformes,Thamnophilidae,Myrmotherula menetriesii,FALSE,FALSE
Actinopterygii,Characiformes,Anostomidae,Leporinus friderici,FALSE,FALSE
Actinopterygii,Characiformes,Anostomidae,Leporinus fasciatus,FALSE,FALSE
Actinopterygii,Characiformes,Anostomidae,Leporinus agassizi,FALSE,FALSE
Aves,Passeriformes,Thamnophilidae,Myrmotherula multostriata,FALSE,FALSE
Aves,Passeriformes,Pipridae,Lepidothrix coronata,FALSE,FALSE
Equisetopsida,Arecales,Arecaceae,Lepidocaryum tenue,FALSE,FALSE
Mammalia,Carnivora,Felidae,Leopardus wiedii,FALSE,FALSE
Mammalia,Carnivora,Felidae,Leopardus pardalis,FALSE,FALSE
Insecta,Lepidoptera,Erebidae,Mystrocneme varipes,FALSE,FALSE
Aves,Psittaciformes,Psittacidae,Nannopsittaca dachilleae,FALSE,FALSE
Actinopterygii,Characiformes,Lebiasinidae,Nannostomus eques,FALSE,FALSE
Actinopterygii,Characiformes,Lebiasinidae,Nannostomus trifasciatus,FALSE,FALSE
Equisetopsida,Malpighiales,Violaceae,Leonia glycycarpa,FALSE,FALSE
Equisetopsida,Malpighiales,Violaceae,Leonia cymosa,FALSE,FALSE
Equisetopsida,Malpighiales,Violaceae,Leonia crassa,FALSE,FALSE
Aves,Passeriformes,Tyrannidae,Legatus leucophaius,FALSE,FALSE
Equisetopsida,Ericales,Lecythidaceae,Lecythis pisonis,FALSE,FALSE
Equisetopsida,Ericales,Lecythidaceae,Lecythis chartacea,FALSE,FALSE
Equisetopsida,Myrtales,Melastomataceae,Leandra macdanielii,FALSE,FALSE
Equisetopsida,Myrtales,Melastomataceae,Leandra longicoma,FALSE,FALSE
Equisetopsida,Fabales,Fabaceae,Abarema laeta,FALSE,FALSE
Aves,Passeriformes,Furnariidae,Nasica longirostris,FALSE,FALSE
Aves,Passeriformes,Tyrannidae,Lathrotriccus euleri,FALSE,FALSE
Aves,Gruiformes,Rallidae,Laterallus melanophaius,FALSE,FALSE
Aves,Gruiformes,Rallidae,Laterallus exilis,FALSE,FALSE
Mammalia,Chiroptera,Vespertilionidae,Lasiurus ega,FALSE,FALSE
Mammalia,Carnivora,Procyonidae,Nasua nasua,FALSE,FALSE
Equisetopsida,Rosales,Moraceae,Naucleopsis concinna,FALSE,FALSE
Equisetopsida,Rosales,Moraceae,Naucleopsis glabra,FALSE,FALSE
Equisetopsida,Rosales,Moraceae,Naucleopsis herrerensis,FALSE,FALSE
Equisetopsida,Rosales,Moraceae,Naucleopsis humilis,FALSE,FALSE
Equisetopsida,Rosales,Moraceae,Naucleopsis imitans,FALSE,FALSE
Equisetopsida,Lamiales,Verbenaceae,Lantana trifolia,FALSE,FALSE
Equisetopsida,Rosales,Moraceae,Naucleopsis mello-barretoi,FALSE,FALSE
Equisetopsida,Rosales,Moraceae,Naucleopsis oblongifolia,FALSE,FALSE
Equisetopsida,Rosales,Moraceae,Naucleopsis ternstroemiiflora,FALSE,FALSE
Equisetopsida,Lamiales,Verbenaceae,Lantana cujabensis,FALSE,FALSE
Equisetopsida,Lamiales,Verbenaceae,Lantana camara,FALSE,FALSE
Equisetopsida,Rosales,Moraceae,Naucleopsis ulei,FALSE,FALSE
Aves,Passeriformes,Thraupidae,Lanio fulvus,FALSE,FALSE
Aves,Accipitriformes,Accipitridae,Spizaetus tyrannus,FALSE,FALSE
Equisetopsida,Lamiales,Gesneriaceae,Nautilocalyx bullatus,TRUE,FALSE
Equisetopsida,Lamiales,Gesneriaceae,Nautilocalyx erytranthus,FALSE,FALSE
Equisetopsida,Lamiales,Gesneriaceae,Nautilocalyx whitei,FALSE,FALSE
Aves,Passeriformes,Tityridae,Laniocera hypopyrra,FALSE,FALSE
Aves,Passeriformes,Icteridae,Lampropsar tanagrinus,FALSE,FALSE
Mammalia,Rodentia,Cricetidae,Neacomys spinosus,FALSE,FALSE
Equisetopsida,Malpighiales,Euphorbiaceae,Nealchornea yapurensis,FALSE,FALSE
Equisetopsida,Laurales,Lauraceae,Nectandra acuminata,FALSE,FALSE
Mammalia,Primates,Atelidae,Lagothrix lagothricha,FALSE,TRUE
Equisetopsida,Myrtales,Lythraceae,Lafoensia punicifolia,FALSE,FALSE
Equisetopsida,Malpighiales,Salicaceae,Laetia suaveolens,FALSE,FALSE
Equisetopsida,Malpighiales,Salicaceae,Laetia procera,FALSE,FALSE
Equisetopsida,Malpighiales,Salicaceae,Laetia ovalifolia,FALSE,FALSE
Actinopterygii,Cichliformes,Cichlidae,Laetacara flavilabris,FALSE,FALSE
Equisetopsida,Laurales,Lauraceae,Nectandra globosa,FALSE,FALSE
Actinopterygii,Characiformes,Anostomidae,Laemolyta proxima,FALSE,FALSE
Equisetopsida,Laurales,Lauraceae,Nectandra gracilis,FALSE,FALSE
Actinopterygii,Characiformes,Anostomidae,Laemolyta garmani,FALSE,FALSE
Equisetopsida,Laurales,Lauraceae,Nectandra hihua,FALSE,FALSE
Equisetopsida,Gentianales,Rubiaceae,Ladenbergia oblongifolia,FALSE,FALSE
Equisetopsida,Gentianales,Rubiaceae,Ladenbergia amazonensis,FALSE,FALSE
Equisetopsida,Malpighiales,Ochnaceae,Lacunaria jenmanii,FALSE,FALSE
Equisetopsida,Gentianales,Apocynaceae,Lacmellea ramosissima,FALSE,FALSE
Equisetopsida,Gentianales,Apocynaceae,Lacmellea peruviana,FALSE,FALSE
Equisetopsida,Gentianales,Apocynaceae,Lacmellea klugii,FALSE,FALSE
Equisetopsida,Gentianales,Apocynaceae,Lacmellea floribunda,FALSE,FALSE
Equisetopsida,Malpighiales,Lacistemataceae,Lacistema nena,FALSE,FALSE
Equisetopsida,Malpighiales,Lacistemataceae,Lacistema aggregatum,FALSE,FALSE
Equisetopsida,Laurales,Lauraceae,Nectandra pearcei,FALSE,FALSE
Equisetopsida,Poales,Cyperaceae,Kyllinga pumila,FALSE,FALSE
Equisetopsida,Gentianales,Rubiaceae,Kutchubaea sericantha,FALSE,FALSE
Equisetopsida,Gentianales,Rubiaceae,Kutchubaea semisericea,FALSE,FALSE
Equisetopsida,Gentianales,Rubiaceae,Kutchubaea oocarpa,FALSE,FALSE
Equisetopsida,Gentianales,Rubiaceae,Kutchubaea insignis,FALSE,FALSE
Equisetopsida,Laurales,Lauraceae,Nectandra viburnoides,FALSE,FALSE
Mammalia,Rodentia,Cricetidae,Nectomys apicalis,FALSE,FALSE
Equisetopsida,Caryophyllales,Nyctaginaceae,Neea divaricata,FALSE,FALSE
Equisetopsida,Caryophyllales,Nyctaginaceae,Neea floribunda,FALSE,FALSE
Equisetopsida,Magnoliales,Annonaceae,Klarobelia cauliflora,TRUE,FALSE
Equisetopsida,Caryophyllales,Nyctaginaceae,Neea macrophylla,FALSE,FALSE
Equisetopsida,Gentianales,Rubiaceae,Agouticarpa curviflora,FALSE,FALSE
Equisetopsida,Caryophyllales,Nyctaginaceae,Neea parviflora,FALSE,FALSE
Equisetopsida,Caryophyllales,Nyctaginaceae,Neea spruceana,FALSE,FALSE
Equisetopsida,Caryophyllales,Nyctaginaceae,Neea verticillata,FALSE,FALSE
Equisetopsida,Caryophyllales,Nyctaginaceae,Neea virens,FALSE,FALSE
Equisetopsida,Santalales,Opiliaceae,Agonandra silvatica,FALSE,FALSE
Actinopterygii,Siluriformes,Doradidae,Nemadoras humeralis,FALSE,FALSE
Aves,Passeriformes,Thamnophilidae,Neoctantes niger,FALSE,FALSE
Equisetopsida,Solanales,Solanaceae,Juanulloa ochracea,FALSE,FALSE
Aves,Passeriformes,Pipridae,Neopelma chrysocephalum,FALSE,TRUE
Aves,Passeriformes,Tyrannidae,Neopipo cinnamomea,FALSE,FALSE
Equisetopsida,Fabales,Fabaceae,Jacqueshuberia loretensis,TRUE,FALSE
Equisetopsida,Lamiales,Bignoniaceae,Jacaranda obtusifolia,FALSE,FALSE
Equisetopsida,Lamiales,Bignoniaceae,Jacaranda macrocarpa,FALSE,FALSE
Equisetopsida,Santalales,Opiliaceae,Agonandra brasiliensis,FALSE,FALSE
Equisetopsida,Lamiales,Bignoniaceae,Jacaranda copaia,FALSE,FALSE
Aves,Charadriiformes,Jacanidae,Jacana jacana,FALSE,FALSE
Aves,Galbuliformes,Galbulidae,Jacamerops aureus,FALSE,FALSE
Equisetopsida,Polypodiales,Nephrolepidaceae,Nephrolepis biserrata,FALSE,FALSE
Equisetopsida,Gentianales,Rubiaceae,Ixora ulei,FALSE,FALSE
Equisetopsida,Gentianales,Rubiaceae,Ixora sparsifolia,FALSE,FALSE
Equisetopsida,Gentianales,Rubiaceae,Ixora rufa,FALSE,FALSE
Equisetopsida,Gentianales,Rubiaceae,Ixora panurensis,FALSE,FALSE
Equisetopsida,Gentianales,Rubiaceae,Ixora killipii,FALSE,FALSE
Equisetopsida,Gentianales,Rubiaceae,Ixora intensa,FALSE,FALSE
Equisetopsida,Polypodiales,Nephrolepidaceae,Nephrolepis rivularis,FALSE,FALSE
Equisetopsida,Sapindales,Anacardiaceae,Spondias globosa,FALSE,FALSE
Mammalia,Rodentia,Echimyidae,Isothrix bistriata,FALSE,FALSE
Aves,Passeriformes,Thamnophilidae,Isleria hauxwelli,FALSE,FALSE
Equisetopsida,Gentianales,Rubiaceae,Isertia hypoleuca,FALSE,FALSE
Equisetopsida,Zingiberales,Marantaceae,Ischnosiphon puberulus,FALSE,FALSE
Equisetopsida,Zingiberales,Marantaceae,Ischnosiphon obliquus,FALSE,FALSE
Equisetopsida,Zingiberales,Marantaceae,Ischnosiphon leucophaeus subsp. leucophaeus,FALSE,FALSE
Equisetopsida,Zingiberales,Marantaceae,Ischnosiphon leucophaeus,FALSE,FALSE
Equisetopsida,Zingiberales,Marantaceae,Ischnosiphon killipii,FALSE,FALSE
Equisetopsida,Zingiberales,Marantaceae,Ischnosiphon hirsutus,FALSE,FALSE
Equisetopsida,Malpighiales,Malpighiaceae,Niedenzuella stannea,FALSE,FALSE
Equisetopsida,Poales,Poaceae,Ischaemum latifolium,FALSE,FALSE
Insecta,Lepidoptera,Erebidae,Isanthrene varia,FALSE,FALSE
Insecta,Lepidoptera,Erebidae,Isanthrene aterrima,FALSE,FALSE
Equisetopsida,Magnoliales,Myristicaceae,Iryanthera ulei,FALSE,FALSE
Equisetopsida,Magnoliales,Myristicaceae,Iryanthera tessmannii,FALSE,FALSE
Equisetopsida,Magnoliales,Myristicaceae,Iryanthera polyneura,FALSE,FALSE
Equisetopsida,Magnoliales,Myristicaceae,Iryanthera paraensis,FALSE,FALSE
Equisetopsida,Magnoliales,Myristicaceae,Iryanthera paradoxa,FALSE,FALSE
Equisetopsida,Magnoliales,Myristicaceae,Iryanthera macrophylla,FALSE,FALSE
Amphibia,Anura,Craugastoridae,Noblella myrmecoides,FALSE,FALSE
Equisetopsida,Magnoliales,Myristicaceae,Iryanthera lancifolia,FALSE,FALSE
Mammalia,Chiroptera,Noctilionidae,Noctilio albiventris,FALSE,FALSE
Equisetopsida,Magnoliales,Myristicaceae,Iryanthera laevis,FALSE,FALSE
Equisetopsida,Magnoliales,Myristicaceae,Iryanthera juruensis,FALSE,FALSE
Equisetopsida,Magnoliales,Myristicaceae,Iryanthera hostmannii,FALSE,FALSE
Equisetopsida,Magnoliales,Myristicaceae,Iryanthera elliptica,FALSE,FALSE
Equisetopsida,Magnoliales,Myristicaceae,Iryanthera crassifolia,FALSE,FALSE
Aves,Galbuliformes,Bucconidae,Nonnula brunnea,FALSE,FALSE
Equisetopsida,Arecales,Arecaceae,Iriartella stenocarpa,FALSE,FALSE
Equisetopsida,Arecales,Arecaceae,Iriartella setigera,FALSE,FALSE
Aves,Galbuliformes,Bucconidae,Nonnula rubecula,FALSE,FALSE
Equisetopsida,Fabales,Fabaceae,Abarema auriculata,FALSE,FALSE
Equisetopsida,Arecales,Arecaceae,Iriartea deltoidea,FALSE,FALSE
Aves,Galbuliformes,Bucconidae,Nonnula ruficapilla,FALSE,FALSE
Equisetopsida,Ericales,Marcgraviaceae,Norantea guianensis,FALSE,FALSE
Equisetopsida,Malpighiales,Samydaceae,Irenodendron cupulatum,FALSE,FALSE
Aves,Galbuliformes,Bucconidae,Notharchus hyperrhynchus,FALSE,FALSE
Aves,Galbuliformes,Bucconidae,Notharchus ordii,FALSE,FALSE
Equisetopsida,Solanales,Convolvulaceae,Ipomoea philomega,FALSE,FALSE
Aves,Galbuliformes,Bucconidae,Notharchus tectus,FALSE,FALSE
Aves,Galliformes,Cracidae,Nothocrax urumutum,FALSE,FALSE
Equisetopsida,Solanales,Convolvulaceae,Ipomoea batatas,FALSE,FALSE
Aves,Passeriformes,Tityridae,Iodopleura isabellae,FALSE,FALSE
Mammalia,Cetartiodactyla,Iniidae,Inia geoffrensis,FALSE,FALSE
Equisetopsida,Fabales,Fabaceae,Inga yasuniana,FALSE,FALSE
Equisetopsida,Fabales,Fabaceae,Inga vismiifolia,FALSE,FALSE
Equisetopsida,Fabales,Fabaceae,Inga venusta,FALSE,FALSE
Equisetopsida,Fabales,Fabaceae,Inga velutina,FALSE,FALSE
Equisetopsida,Fabales,Fabaceae,Inga umbellifera,FALSE,FALSE
Equisetopsida,Fabales,Fabaceae,Inga thibaudiana,FALSE,FALSE
Equisetopsida,Fabales,Fabaceae,Inga tenuistipula,FALSE,FALSE
Equisetopsida,Gentianales,Rubiaceae,Notopleura iridescens,FALSE,FALSE
Equisetopsida,Fabales,Fabaceae,Inga stenoptera,FALSE,FALSE
Equisetopsida,Fabales,Fabaceae,Inga spectabilis,FALSE,FALSE
Equisetopsida,Gentianales,Rubiaceae,Notopleura macrophylla,FALSE,FALSE
Equisetopsida,Fabales,Fabaceae,Inga semialata,FALSE,FALSE
Equisetopsida,Gentianales,Rubiaceae,Notopleura parasiggersiana,FALSE,FALSE
Equisetopsida,Fabales,Fabaceae,Inga ruiziana,FALSE,FALSE
Equisetopsida,Gentianales,Rubiaceae,Notopleura plagiantha,FALSE,FALSE
Equisetopsida,Fabales,Fabaceae,Inga poeppigiana,FALSE,FALSE
Equisetopsida,Fabales,Fabaceae,Inga pilosula,FALSE,FALSE
Equisetopsida,Fabales,Fabaceae,Inga pezizifera,FALSE,FALSE
Equisetopsida,Fabales,Fabaceae,Inga oerstediana,FALSE,FALSE
Equisetopsida,Fabales,Fabaceae,Inga multijuga,FALSE,FALSE
Equisetopsida,Fabales,Fabaceae,Inga megaphylla,FALSE,FALSE
Equisetopsida,Fabales,Fabaceae,Inga marginata,FALSE,FALSE
Equisetopsida,Fabales,Fabaceae,Inga macrophylla,FALSE,FALSE
Equisetopsida,Fabales,Fabaceae,Inga leiocalycina,FALSE,FALSE
Equisetopsida,Fabales,Fabaceae,Inga laurina,FALSE,FALSE
Equisetopsida,Fabales,Fabaceae,Inga lallensis,FALSE,FALSE
Equisetopsida,Fabales,Fabaceae,Inga heterophylla,FALSE,FALSE
Equisetopsida,Asparagales,Orchidaceae,Notylia microchila,FALSE,FALSE
Equisetopsida,Fabales,Fabaceae,Inga gereauana,TRUE,FALSE
Equisetopsida,Fabales,Fabaceae,Inga edulis,FALSE,FALSE
Equisetopsida,Fabales,Fabaceae,Inga densiflora,FALSE,FALSE
Equisetopsida,Fabales,Fabaceae,Inga coruscans,FALSE,FALSE
Equisetopsida,Fabales,Fabaceae,Inga cordatoalata,FALSE,FALSE
Aves,Nyctibiiformes,Nyctibiidae,Nyctibius aethereus,FALSE,FALSE
Equisetopsida,Fabales,Fabaceae,Inga cinnamomea,FALSE,FALSE
Aves,Nyctibiiformes,Nyctibiidae,Nyctibius bracteatus,FALSE,FALSE
Equisetopsida,Fabales,Fabaceae,Inga capitata,FALSE,FALSE
Equisetopsida,Fabales,Fabaceae,Inga brachyrhachis,FALSE,FALSE
Equisetopsida,Fabales,Fabaceae,Inga bourgonii,FALSE,FALSE
Equisetopsida,Fabales,Fabaceae,Inga auristellae,FALSE,FALSE
Aves,Nyctibiiformes,Nyctibiidae,Nyctibius grandis,FALSE,FALSE
Equisetopsida,Fabales,Fabaceae,Inga alba,FALSE,FALSE
Equisetopsida,Fabales,Fabaceae,Inga acrocephala,FALSE,FALSE
Aves,Nyctibiiformes,Nyctibiidae,Nyctibius griseus,FALSE,FALSE
Equisetopsida,Fabales,Fabaceae,Inga acicularis,FALSE,FALSE
Aves,Nyctibiiformes,Nyctibiidae,Nyctibius leucopterus,FALSE,TRUE
Equisetopsida,Aquifoliales,Aquifoliaceae,Ilex nayana,FALSE,FALSE
Equisetopsida,Aquifoliales,Aquifoliaceae,Ilex laureola,FALSE,FALSE
Equisetopsida,Aquifoliales,Aquifoliaceae,Ilex inundata,FALSE,FALSE
Equisetopsida,Aquifoliales,Aquifoliaceae,Ilex andarensis,FALSE,FALSE
Aves,Caprimulgiformes,Caprimulgidae,Nyctidromus albicollis,FALSE,FALSE
Aves,Accipitriformes,Accipitridae,Ictinia plumbea,FALSE,FALSE
Aves,Caprimulgiformes,Caprimulgidae,Nyctipolus nigrescens,FALSE,FALSE
Aves,Passeriformes,Icteridae,Icterus croconotus,FALSE,FALSE
Aves,Caprimulgiformes,Caprimulgidae,Nyctiprogne leucopyga,FALSE,FALSE
Aves,Passeriformes,Icteridae,Icterus chrysocephalus,FALSE,FALSE
Aves,Passeriformes,Icteridae,Icterus cayanensis,FALSE,FALSE
Equisetopsida,Poales,Poaceae,Ichnanthus panicoides,FALSE,FALSE
Aves,Falconiformes,Falconidae,Ibycter americanus,FALSE,FALSE
Amphibia,Anura,Hylidae,Hypsiboas punctatus,FALSE,FALSE
Amphibia,Anura,Hylidae,Hypsiboas nympha,FALSE,FALSE
Amphibia,Anura,Hylidae,Hypsiboas microderma,FALSE,FALSE
Amphibia,Anura,Hylidae,Hypsiboas lanciformis,FALSE,FALSE
Amphibia,Anura,Hylidae,Hypsiboas geographicus,FALSE,FALSE
Amphibia,Anura,Hylidae,Hypsiboas fasciatus,FALSE,FALSE
Amphibia,Anura,Hylidae,Hypsiboas cinerascens,FALSE,FALSE
Amphibia,Anura,Hylidae,Hypsiboas calcaratus,FALSE,FALSE
Amphibia,Anura,Hylidae,Hypsiboas boans,FALSE,FALSE
Amphibia,Anura,Hylidae,Hypsiboas alfaroi,FALSE,FALSE
Actinopterygii,Cichliformes,Cichlidae,Hypselecara temporalis,FALSE,FALSE
Actinopterygii,Gymnotiformes,Hypopomidae,Hypopygus lepturus,FALSE,FALSE
Actinopterygii,Siluriformes,Loricariidae,Hypoptopoma psilogaster,FALSE,FALSE
Amphibia,Anura,Craugastoridae,Hypodactylus nigrovittatus,FALSE,FALSE
Aves,Passeriformes,Thamnophilidae,Hypocnemoides melanopogon,FALSE,FALSE
Aves,Passeriformes,Thamnophilidae,Hypocnemis peruviana,FALSE,FALSE
Aves,Passeriformes,Thamnophilidae,Hypocnemis hypoxantha,FALSE,FALSE
Actinopterygii,Characiformes,Characidae,Hyphessobrycon erythrostigma,FALSE,FALSE
Actinopterygii,Characiformes,Characidae,Hyphessobrycon copelandi,FALSE,FALSE
Actinopterygii,Characiformes,Characidae,Hyphessobrycon callistus,FALSE,FALSE
Actinopterygii,Characiformes,Characidae,Hyphessobrycon agulha,FALSE,FALSE
Aves,Passeriformes,Tyrannidae,Ochthornis littoralis,FALSE,FALSE
Equisetopsida,Ranunculales,Menispermaceae,Hyperbaena domingensis,FALSE,FALSE
Equisetopsida,Laurales,Lauraceae,Ocotea aciphylla,FALSE,FALSE
Equisetopsida,Arecales,Arecaceae,Hyospathe elegans,FALSE,FALSE
Equisetopsida,Laurales,Lauraceae,Ocotea acutangula,FALSE,FALSE
Equisetopsida,Laurales,Lauraceae,Ocotea alata,FALSE,FALSE
Equisetopsida,Laurales,Lauraceae,Ocotea amazonica,FALSE,FALSE
Equisetopsida,Malpighiales,Chrysobalanaceae,Hymenopus macrophyllus,FALSE,FALSE
Equisetopsida,Malpighiales,Chrysobalanaceae,Hymenopus intrapetiolaris,FALSE,FALSE
Equisetopsida,Malpighiales,Chrysobalanaceae,Hymenopus heteromorphus,FALSE,FALSE
Equisetopsida,Malpighiales,Chrysobalanaceae,Hymenopus arachnoideus,FALSE,FALSE
Equisetopsida,Laurales,Lauraceae,Ocotea argyrophylla,FALSE,FALSE
Equisetopsida,Laurales,Lauraceae,Ocotea aurantiodora,FALSE,FALSE
Equisetopsida,Fabales,Fabaceae,Hymenolobium pulcherrimum,FALSE,FALSE
Equisetopsida,Fabales,Fabaceae,Hymenolobium nitidum,FALSE,FALSE
Equisetopsida,Fabales,Fabaceae,Hymenolobium excelsum,FALSE,FALSE
Equisetopsida,Laurales,Lauraceae,Ocotea bofo,FALSE,FALSE
Equisetopsida,Fabales,Fabaceae,Hymenaea reticulata,FALSE,FALSE
Equisetopsida,Laurales,Lauraceae,Ocotea bracteosa,FALSE,FALSE
Equisetopsida,Laurales,Lauraceae,Ocotea cernua,FALSE,FALSE
Equisetopsida,Laurales,Lauraceae,Ocotea costulata,FALSE,FALSE
Equisetopsida,Fabales,Fabaceae,Hymenaea oblongifolia,FALSE,FALSE
Equisetopsida,Fabales,Fabaceae,Hymenaea courbaril,FALSE,FALSE
Aves,Passeriformes,Thamnophilidae,Hylophylax punctulatus,FALSE,FALSE
Equisetopsida,Laurales,Lauraceae,Ocotea gracilis,FALSE,FALSE
Aves,Passeriformes,Thamnophilidae,Hylophylax naevius,FALSE,FALSE
Equisetopsida,Laurales,Lauraceae,Ocotea humblotii,FALSE,FALSE
Aves,Passeriformes,Vireonidae,Hylophilus thoracicus,FALSE,FALSE
Equisetopsida,Laurales,Lauraceae,Ocotea javitensis,FALSE,FALSE
Aves,Passeriformes,Grallariidae,Hylopezus macularius,FALSE,FALSE
Aves,Apodiformes,Trochilidae,Hylocharis sapphirina,FALSE,FALSE
Equisetopsida,Laurales,Lauraceae,Ocotea leucoxylon,FALSE,FALSE
Equisetopsida,Laurales,Lauraceae,Ocotea licanioides,FALSE,FALSE
Equisetopsida,Laurales,Lauraceae,Ocotea myriantha,FALSE,FALSE
Equisetopsida,Laurales,Lauraceae,Ocotea oblonga,FALSE,FALSE
Equisetopsida,Celastrales,Celastraceae,Hylenaea praecelsa,FALSE,FALSE
Equisetopsida,Zingiberales,Marantaceae,Hylaeanthe hexantha,FALSE,FALSE
Mammalia,Rodentia,Cricetidae,Hylaeamys yunganus,FALSE,FALSE
Mammalia,Rodentia,Cricetidae,Hylaeamys perenensis,FALSE,FALSE
Mammalia,Didelphimorphia,Didelphidae,Hyladelphys kalinowskii,FALSE,FALSE
Equisetopsida,Laurales,Lauraceae,Ocotea olivacea,FALSE,FALSE
Aves,Caprimulgiformes,Caprimulgidae,Hydropsalis climacocerca,FALSE,FALSE
Equisetopsida,Laurales,Lauraceae,Ocotea ottoschmidtii,TRUE,FALSE
Equisetopsida,Laurales,Lauraceae,Ocotea pauciflora,FALSE,FALSE
Equisetopsida,Laurales,Lauraceae,Ocotea puberula,FALSE,FALSE
Equisetopsida,Laurales,Lauraceae,Ocotea rhodophylla,FALSE,FALSE
Equisetopsida,Laurales,Lauraceae,Ocotea rubrinervis,FALSE,FALSE
Equisetopsida,Laurales,Lauraceae,Ocotea tabacifolia,FALSE,FALSE
Equisetopsida,Fabales,Fabaceae,Hydrochorea marginata,FALSE,FALSE
Equisetopsida,Fabales,Fabaceae,Hydrochorea corymbosa,FALSE,FALSE
Equisetopsida,Laurales,Lauraceae,Ocotea whitei,FALSE,FALSE
Mammalia,Rodentia,Caviidae,Hydrochoerus hydrochaeris,FALSE,FALSE
Equisetopsida,Gentianales,Apocynaceae,Odontadenia funigera,FALSE,FALSE
Equisetopsida,Gentianales,Apocynaceae,Odontadenia killipii,FALSE,FALSE
Insecta,Lepidoptera,Erebidae,Hyaleucerea erythrotelus,FALSE,FALSE
Equisetopsida,Gentianales,Apocynaceae,Odontadenia verrucosa,FALSE,FALSE
Equisetopsida,Ranunculales,Menispermaceae,Odontocarya tripetala,FALSE,FALSE
Equisetopsida,Ranunculales,Menispermaceae,Odontocarya ulei,FALSE,FALSE
Equisetopsida,Malpighiales,Humiriaceae,Humiriastrum excelsum,FALSE,FALSE
Equisetopsida,Malpighiales,Humiriaceae,Humiria balsamifera,FALSE,FALSE
Equisetopsida,Huerteales,Tapisciaceae,Huertea glandulosa,FALSE,FALSE
Equisetopsida,Malvales,Malvaceae,Huberodendron swietenioides,FALSE,FALSE
Mammalia,Chiroptera,Phyllostomidae,Hsunycteris thomasi,FALSE,FALSE
Aves,Galliformes,Odontophoridae,Odontophorus gujanensis,FALSE,FALSE
Actinopterygii,Characiformes,Erythrinidae,Hoplias malabaricus,FALSE,FALSE
Equisetopsida,Poales,Poaceae,Homolepis aturensis,FALSE,FALSE
Mammalia,Rodentia,Cricetidae,Oecomys bicolor,FALSE,FALSE
Aves,Passeriformes,Hirundinidae,Hirundo rustica,FALSE,FALSE
Mammalia,Rodentia,Cricetidae,Oecomys paricola,FALSE,FALSE
Mammalia,Rodentia,Cricetidae,Oecomys roberti,FALSE,FALSE
Equisetopsida,Malpighiales,Chrysobalanaceae,Hirtella revillae,TRUE,FALSE
Equisetopsida,Malpighiales,Chrysobalanaceae,Hirtella racemosa var. racemosa,FALSE,FALSE
Equisetopsida,Arecales,Arecaceae,Oenocarpus bataua,FALSE,FALSE
Equisetopsida,Malpighiales,Chrysobalanaceae,Hirtella pilosissima,FALSE,FALSE
Equisetopsida,Malpighiales,Chrysobalanaceae,Hirtella hispidula,FALSE,FALSE
Equisetopsida,Malpighiales,Chrysobalanaceae,Hirtella guainiae,FALSE,FALSE
Equisetopsida,Malpighiales,Chrysobalanaceae,Hirtella elongata,FALSE,FALSE
Equisetopsida,Malpighiales,Chrysobalanaceae,Hirtella bicornis var. pubescens,FALSE,FALSE
Equisetopsida,Malpighiales,Malpighiaceae,Hiraea fagifolia,FALSE,FALSE
Equisetopsida,Arecales,Arecaceae,Oenocarpus mapora,FALSE,FALSE
Equisetopsida,Celastrales,Celastraceae,Hippocratea volubilis,FALSE,FALSE
Equisetopsida,Gentianales,Apocynaceae,Himatanthus tarapotensis,FALSE,FALSE
Equisetopsida,Polypodiales,Oleandraceae,Oleandra pilosa,FALSE,FALSE
Equisetopsida,Gentianales,Rubiaceae,Hillia ulei,FALSE,FALSE
Equisetopsida,Poales,Poaceae,Hildaea pallens,FALSE,FALSE
Equisetopsida,Malpighiales,Phyllanthaceae,Hieronyma oblonga,FALSE,FALSE
Mammalia,Rodentia,Cricetidae,Oligoryzomys microtis,FALSE,FALSE
Equisetopsida,Malpighiales,Phyllanthaceae,Hieronyma alchorneoides,FALSE,FALSE
Equisetopsida,Malpighiales,Euphorbiaceae,Hevea pauciflora,FALSE,FALSE
Equisetopsida,Malpighiales,Euphorbiaceae,Hevea guianensis,FALSE,FALSE
Equisetopsida,Malpighiales,Euphorbiaceae,Hevea brasiliensis,FALSE,FALSE
Equisetopsida,Malpighiales,Malpighiaceae,Heteropterys riparia,FALSE,FALSE
Equisetopsida,Malpighiales,Malpighiaceae,Heteropterys orinocensis,FALSE,FALSE
Equisetopsida,Malpighiales,Malpighiaceae,Heteropterys nervosa,FALSE,FALSE
Equisetopsida,Malpighiales,Malpighiaceae,Heteropterys macradena,FALSE,FALSE
Equisetopsida,Alismatales,Araceae,Heteropsis steyermarkii,FALSE,FALSE
Equisetopsida,Alismatales,Araceae,Heteropsis robusta,FALSE,FALSE
Equisetopsida,Alismatales,Araceae,Heteropsis oblongifolia,FALSE,FALSE
Equisetopsida,Alismatales,Araceae,Heteropsis linearis,FALSE,FALSE
Equisetopsida,Asparagales,Orchidaceae,Oncidium baueri,FALSE,FALSE
Insecta,Lepidoptera,Erebidae,Heterodontia decisa,FALSE,FALSE
Aves,Passeriformes,Pipridae,Heterocercus aurantiivertex,FALSE,FALSE
Aves,Passeriformes,Thamnophilidae,Oneillornis lunulatus,FALSE,FALSE
Aves,Passeriformes,Thamnophilidae,Herpsilochmus gentryi,FALSE,FALSE
Insecta,Coleoptera,Scarabaeidae,Onthophagus coscineus,FALSE,FALSE
Insecta,Coleoptera,Scarabaeidae,Onthophagus haematopus,FALSE,FALSE
Aves,Falconiformes,Falconidae,Herpetotheres cachinnans,FALSE,FALSE
Aves,Passeriformes,Onychorhynchidae,Onychorhynchus coronatus,FALSE,TRUE
Actinopterygii,Cichliformes,Cichlidae,Heros appendiculatus,FALSE,FALSE
Equisetopsida,Proteales,Sabiaceae,Ophiocaryon heterophyllum,FALSE,FALSE
Equisetopsida,Proteales,Sabiaceae,Ophiocaryon klugii,FALSE,FALSE
Equisetopsida,Proteales,Sabiaceae,Ophiocaryon manausense,FALSE,FALSE
Equisetopsida,Myrtales,Melastomataceae,Henriettea stellaris,FALSE,FALSE
Aves,Passeriformes,Tyrannidae,Hemitriccus zosterops,FALSE,FALSE
Aves,Passeriformes,Tyrannidae,Hemitriccus minimus,FALSE,FALSE
Insecta,Lepidoptera,Nymphalidae,Opsiphanes cassina,FALSE,FALSE
Aves,Passeriformes,Thraupidae,Hemithraupis flavicollis,FALSE,FALSE
Amphibia,Anura,Hemiphractidae,Hemiphractus scutatus,FALSE,FALSE
Amphibia,Anura,Hemiphractidae,Hemiphractus proboscideus,FALSE,FALSE
Actinopterygii,Characiformes,Hemiodontidae,Hemiodus unimaculatus,FALSE,FALSE
Actinopterygii,Characiformes,Characidae,Hemigrammus pulcher,FALSE,FALSE
Amphibia,Anura,Craugastoridae,Oreobates quixensis,FALSE,FALSE
Actinopterygii,Characiformes,Characidae,Hemigrammus ocellifer,FALSE,FALSE
Actinopterygii,Characiformes,Characidae,Hemigrammus belottii,FALSE,FALSE
Aves,Apodiformes,Trochilidae,Heliothryx auritus,FALSE,FALSE
Aves,Gruiformes,Heliornithidae,Heliornis fulica,FALSE,FALSE
Aves,Apodiformes,Trochilidae,Heliomaster longirostris,FALSE,FALSE
Aves,Apodiformes,Trochilidae,Heliodoxa aurescens,FALSE,FALSE
Equisetopsida,Rosales,Moraceae,Helicostylis tomentosa,FALSE,FALSE
Equisetopsida,Fabales,Fabaceae,Ormosia arborea,FALSE,FALSE
Equisetopsida,Rosales,Moraceae,Helicostylis scabra,FALSE,FALSE
Equisetopsida,Rosales,Moraceae,Helicostylis elegans,FALSE,FALSE
Equisetopsida,Zingiberales,Heliconiaceae,Heliconia velutina,FALSE,FALSE
Equisetopsida,Zingiberales,Heliconiaceae,Heliconia timothei,FALSE,FALSE
Equisetopsida,Zingiberales,Heliconiaceae,Heliconia tenebrosa,FALSE,FALSE
Aves,Passeriformes,Tyrannidae,Ornithion inerme,FALSE,FALSE
Equisetopsida,Zingiberales,Heliconiaceae,Heliconia schumanniana,FALSE,FALSE
Equisetopsida,Zingiberales,Heliconiaceae,Heliconia lourteigiae,FALSE,FALSE
Equisetopsida,Zingiberales,Heliconiaceae,Heliconia lasiorachis,FALSE,FALSE
Equisetopsida,Zingiberales,Heliconiaceae,Heliconia juruana,FALSE,FALSE
Equisetopsida,Zingiberales,Heliconiaceae,Heliconia hirsuta,FALSE,FALSE
Equisetopsida,Zingiberales,Heliconiaceae,Heliconia episcopalis,FALSE,FALSE
Equisetopsida,Zingiberales,Heliconiaceae,Heliconia densiflora,FALSE,FALSE
Equisetopsida,Zingiberales,Heliconiaceae,Heliconia acuminata,FALSE,FALSE
Aves,Galliformes,Cracidae,Ortalis guttata,FALSE,FALSE
Equisetopsida,Santalales,Olacaceae,Heisteria spruceana,FALSE,FALSE
Equisetopsida,Santalales,Olacaceae,Heisteria nitida,FALSE,FALSE
Equisetopsida,Santalales,Olacaceae,Heisteria insculpta,FALSE,FALSE
Equisetopsida,Santalales,Olacaceae,Heisteria duckei,FALSE,FALSE
Equisetopsida,Ranunculales,Menispermaceae,Orthomene hirsuta,FALSE,FALSE
Equisetopsida,Ranunculales,Menispermaceae,Orthomene schomburgkii,FALSE,FALSE
Aves,Psittaciformes,Psittacidae,Orthopsittaca manilatus,FALSE,FALSE
Equisetopsida,Polypodiales,Pteridaceae,Hecistopteris pumila,FALSE,FALSE
Equisetopsida,Santalales,Loranthaceae,Oryctanthus alveolatus,FALSE,FALSE
Equisetopsida,Malpighiales,Linaceae,Hebepetalum humiriifolium,FALSE,FALSE
Equisetopsida,Santalales,Loranthaceae,Oryctanthus florulentus,FALSE,FALSE
Equisetopsida,Santalales,Loranthaceae,Oryctanthus spicatus,FALSE,FALSE
Equisetopsida,Malpighiales,Clusiaceae,Havetiopsis flexilis,FALSE,FALSE
Equisetopsida,Malpighiales,Salicaceae,Hasseltia floribunda,FALSE,FALSE
Amphibia,Anura,Hylidae,Osteocephalus buckleyi,FALSE,FALSE
Aves,Accipitriformes,Accipitridae,Harpia harpyja,FALSE,TRUE
Amphibia,Anura,Hylidae,Osteocephalus deridens,FALSE,FALSE
Aves,Accipitriformes,Accipitridae,Harpagus bidentatus,FALSE,FALSE
Amphibia,Anura,Hylidae,Osteocephalus leprieurii,FALSE,FALSE
Amphibia,Anura,Hylidae,Osteocephalus mutabor,FALSE,FALSE
Amphibia,Anura,Hylidae,Osteocephalus planiceps,FALSE,FALSE
Amphibia,Anura,Hylidae,Osteocephalus taurinus,TRUE,FALSE
Equisetopsida,Malpighiales,Calophyllaceae,Haploclathra paniculata,FALSE,TRUE
Equisetopsida,Malpighiales,Calophyllaceae,Haploclathra cordata,TRUE,TRUE
Aves,Passeriformes,Thraupidae,Sporophila angolensis,FALSE,FALSE
Equisetopsida,Magnoliales,Myristicaceae,Osteophloeum platyspermum,FALSE,FALSE
Equisetopsida,Lamiales,Bignoniaceae,Handroanthus obscurus,FALSE,FALSE
Equisetopsida,Lamiales,Bignoniaceae,Handroanthus incanus,FALSE,FALSE
Amphibia,Anura,Microhylidae,Hamptophryne boliviana,FALSE,FALSE
Equisetopsida,Magnoliales,Myristicaceae,Otoba glycycarpa,FALSE,FALSE
Aves,Passeriformes,Thamnophilidae,Hafferia fortis,FALSE,FALSE
Insecta,Lepidoptera,Nymphalidae,Haetera piera,FALSE,FALSE
Actinopterygii,Siluriformes,Loricariidae,Otocinclus macrospilus,FALSE,FALSE
Equisetopsida,Malpighiales,Ochnaceae,Ouratea amplifolia,FALSE,FALSE
Equisetopsida,Malpighiales,Ochnaceae,Ouratea aromatica,FALSE,FALSE
Equisetopsida,Malpighiales,Ochnaceae,Ouratea iquitosensis,FALSE,FALSE
Equisetopsida,Malpighiales,Ochnaceae,Ouratea orbignyana,FALSE,FALSE
Equisetopsida,Malpighiales,Ochnaceae,Ouratea pendula,FALSE,FALSE
Equisetopsida,Malpighiales,Ochnaceae,Ouratea weberbaueri,FALSE,FALSE
Mammalia,Rodentia,Sciuridae,Hadrosciurus igniventris,FALSE,FALSE
Aves,Passeriformes,Cardinalidae,Habia rubica,FALSE,FALSE
Equisetopsida,Asparagales,Orchidaceae,Habenaria guentheriana,FALSE,FALSE
Equisetopsida,Magnoliales,Annonaceae,Oxandra euneura,FALSE,FALSE
Equisetopsida,Magnoliales,Annonaceae,Oxandra leucodermis,FALSE,FALSE
Equisetopsida,Magnoliales,Annonaceae,Oxandra mediocris,FALSE,FALSE
Equisetopsida,Magnoliales,Annonaceae,Oxandra polyantha,FALSE,FALSE
Equisetopsida,Magnoliales,Annonaceae,Oxandra riedeliana,FALSE,FALSE
Equisetopsida,Magnoliales,Annonaceae,Oxandra xylopioides,FALSE,FALSE
Actinopterygii,Characiformes,Characidae,Oxybrycon parvulus,FALSE,FALSE
Actinopterygii,Gymnotiformes,Gymnotidae,Gymnotus coatesi,FALSE,FALSE
Actinopterygii,Gymnotiformes,Gymnotidae,Gymnotus carapo,FALSE,FALSE
Equisetopsida,Dioscoreales,Burmanniaceae,Gymnosiphon minutus,FALSE,FALSE
Equisetopsida,Dioscoreales,Burmanniaceae,Gymnosiphon divaricatus,FALSE,FALSE
Equisetopsida,Dioscoreales,Burmanniaceae,Gymnosiphon cymosus,FALSE,FALSE
Actinopterygii,Gymnotiformes,Rhamphichthyidae,Gymnorhamphichthys rondoni,FALSE,FALSE
Aves,Passeriformes,Thamnophilidae,Gymnopithys leucaspis,FALSE,FALSE
Aves,Passeriformes,Cotingidae,Gymnoderus foetidus,FALSE,FALSE
Equisetopsida,Poales,Bromeliaceae,Guzmania lingulata,FALSE,FALSE
Insecta,Coleoptera,Scarabaeidae,Oxysternon conspicillatum,FALSE,FALSE
Insecta,Coleoptera,Scarabaeidae,Oxysternon silenus,FALSE,FALSE
Equisetopsida,Ericales,Lecythidaceae,Gustavia longifolia,FALSE,FALSE
Equisetopsida,Ericales,Lecythidaceae,Gustavia hexapetala,FALSE,FALSE
Equisetopsida,Ericales,Lecythidaceae,Gustavia augusta,FALSE,FALSE
Equisetopsida,Cucurbitales,Cucurbitaceae,Gurania spinulosa,FALSE,FALSE
Equisetopsida,Cucurbitales,Cucurbitaceae,Gurania rufipila,FALSE,FALSE
Equisetopsida,Cucurbitales,Cucurbitaceae,Gurania lobata,FALSE,FALSE
Equisetopsida,Cucurbitales,Cucurbitaceae,Gurania eriantha,FALSE,FALSE
Equisetopsida,Malvales,Malvaceae,Pachira aquatica,FALSE,FALSE
Equisetopsida,Malvales,Malvaceae,Pachira brevipes,FALSE,TRUE
Equisetopsida,Cucurbitales,Cucurbitaceae,Gurania acuminata,FALSE,FALSE
Equisetopsida,Malvales,Malvaceae,Pachira insignis,FALSE,FALSE
Equisetopsida,Malvales,Malvaceae,Guazuma crinita,FALSE,FALSE
Equisetopsida,Magnoliales,Annonaceae,Guatteria scytophylla,FALSE,FALSE
Equisetopsida,Lamiales,Bignoniaceae,Pachyptera kerere,FALSE,FALSE
Equisetopsida,Magnoliales,Annonaceae,Guatteria schomburgkiana,FALSE,FALSE
Equisetopsida,Magnoliales,Annonaceae,Guatteria ruboides,FALSE,FALSE
Equisetopsida,Magnoliales,Annonaceae,Guatteria punctata,FALSE,FALSE
Equisetopsida,Magnoliales,Annonaceae,Guatteria peruviana,TRUE,FALSE
Equisetopsida,Magnoliales,Annonaceae,Guatteria modesta,TRUE,FALSE
Equisetopsida,Magnoliales,Annonaceae,Guatteria megalophylla,FALSE,FALSE
Equisetopsida,Magnoliales,Annonaceae,Guatteria inundata,FALSE,FALSE
Equisetopsida,Magnoliales,Annonaceae,Guatteria hirsuta,FALSE,FALSE
Equisetopsida,Magnoliales,Annonaceae,Guatteria guianensis,FALSE,FALSE
Equisetopsida,Magnoliales,Annonaceae,Guatteria foliosa,FALSE,FALSE
Equisetopsida,Magnoliales,Annonaceae,Guatteria flabellata,FALSE,FALSE
Equisetopsida,Magnoliales,Annonaceae,Guatteria elata,FALSE,FALSE
Aves,Passeriformes,Tityridae,Pachyramphus marginatus,FALSE,FALSE
Equisetopsida,Magnoliales,Annonaceae,Guatteria decurrens,FALSE,FALSE
Equisetopsida,Magnoliales,Annonaceae,Guatteria blepharophylla,FALSE,FALSE
Equisetopsida,Sapindales,Meliaceae,Guarea vasquezii,FALSE,FALSE
Equisetopsida,Sapindales,Meliaceae,Guarea trunciflora,FALSE,FALSE
Equisetopsida,Sapindales,Meliaceae,Guarea silvatica,FALSE,FALSE
Equisetopsida,Sapindales,Meliaceae,Guarea purusana,FALSE,FALSE
Aves,Passeriformes,Tityridae,Pachyramphus minor,FALSE,FALSE
Equisetopsida,Sapindales,Meliaceae,Guarea pubescens,FALSE,FALSE
Equisetopsida,Sapindales,Meliaceae,Guarea pterorhachis,FALSE,FALSE
Equisetopsida,Sapindales,Meliaceae,Guarea macrophylla,FALSE,FALSE
Aves,Passeriformes,Tityridae,Pachyramphus polychopterus,FALSE,FALSE
Equisetopsida,Sapindales,Meliaceae,Guarea macrobotrys,FALSE,FALSE
Equisetopsida,Sapindales,Meliaceae,Guarea kunthiana,FALSE,FALSE
Equisetopsida,Sapindales,Meliaceae,Guarea juglandiformis,FALSE,FALSE
Equisetopsida,Sapindales,Meliaceae,Guarea guidonia,FALSE,FALSE
Equisetopsida,Sapindales,Meliaceae,Guarea fistulosa,FALSE,FALSE
Equisetopsida,Sapindales,Meliaceae,Guarea cristata,FALSE,FALSE
Equisetopsida,Sapindales,Meliaceae,Guarea convergens,FALSE,FALSE
Equisetopsida,Sapindales,Meliaceae,Guarea carinata,FALSE,FALSE
Equisetopsida,Poales,Poaceae,Guadua glomerata,FALSE,FALSE
Equisetopsida,Ericales,Lecythidaceae,Grias neuberthii,FALSE,FALSE
Aves,Passeriformes,Vireonidae,Pachysylvia hypoxantha,FALSE,FALSE
Equisetopsida,Gentianales,Rubiaceae,Pagamea coriacea,FALSE,FALSE
Equisetopsida,Gentianales,Rubiaceae,Pagamea guianensis,FALSE,FALSE
Equisetopsida,Gentianales,Rubiaceae,Palicourea acuminata,FALSE,FALSE
Equisetopsida,Gentianales,Rubiaceae,Palicourea affinis,FALSE,FALSE
Equisetopsida,Myrtales,Melastomataceae,Graffenrieda limbata,FALSE,FALSE
Equisetopsida,Gentianales,Rubiaceae,Palicourea charianthema,FALSE,FALSE
Equisetopsida,Gentianales,Rubiaceae,Palicourea corymbifera,FALSE,FALSE
Equisetopsida,Zingiberales,Marantaceae,Goeppertia ursina,FALSE,FALSE
Equisetopsida,Gentianales,Rubiaceae,Palicourea crocea,FALSE,FALSE
Equisetopsida,Zingiberales,Marantaceae,Goeppertia mishuyacu,FALSE,FALSE
Equisetopsida,Zingiberales,Marantaceae,Goeppertia loeseneri,FALSE,FALSE
Equisetopsida,Zingiberales,Marantaceae,Goeppertia laetevirens,FALSE,FALSE
Aves,Pelecaniformes,Ardeidae,Agamia agami,FALSE,FALSE
Equisetopsida,Zingiberales,Marantaceae,Goeppertia caquetensis,FALSE,FALSE
Aves,Passeriformes,Furnariidae,Glyphorynchus spirurus,FALSE,FALSE
Equisetopsida,Malpighiales,Euphorbiaceae,Glycydendron amazonicum,FALSE,FALSE
Equisetopsida,Gentianales,Rubiaceae,Palicourea guianensis,FALSE,FALSE
Mammalia,Chiroptera,Phyllostomidae,Glossophaga soricina,FALSE,FALSE
Equisetopsida,Gentianales,Rubiaceae,Palicourea huampamiensis,FALSE,FALSE
Equisetopsida,Malpighiales,Violaceae,Gloeospermum sphaerocarpum,FALSE,FALSE
Equisetopsida,Malpighiales,Violaceae,Gloeospermum longifolium,FALSE,FALSE
Equisetopsida,Gentianales,Rubiaceae,Palicourea hypochlorina,FALSE,FALSE
Mammalia,Didelphimorphia,Didelphidae,Glironia venusta,FALSE,FALSE
Aves,Apodiformes,Trochilidae,Glaucis hirsutus,FALSE,FALSE
Aves,Passeriformes,Thraupidae,Sporophila castaneiventris,FALSE,FALSE
Equisetopsida,Gentianales,Rubiaceae,Palicourea lachnantha,FALSE,FALSE
Equisetopsida,Gentianales,Rubiaceae,Palicourea lasiantha,FALSE,FALSE
Aves,Strigiformes,Strigidae,Glaucidium hardyi,FALSE,FALSE
Aves,Strigiformes,Strigidae,Glaucidium brasilianum,FALSE,FALSE
Aves,Accipitriformes,Accipitridae,Geranospiza caerulescens,FALSE,FALSE
Equisetopsida,Gentianales,Rubiaceae,Palicourea nigricans,FALSE,FALSE
Equisetopsida,Fabales,Fabaceae,Affonsea gereauana,TRUE,FALSE
Equisetopsida,Gentianales,Rubiaceae,Palicourea ownbeyi,FALSE,FALSE
Equisetopsida,Fabales,Fabaceae,Abarema adenophora,FALSE,FALSE
Equisetopsida,Gentianales,Rubiaceae,Palicourea punicea,FALSE,FALSE
Equisetopsida,Gentianales,Rubiaceae,Palicourea racemosa,FALSE,FALSE
Equisetopsida,Gentianales,Rubiaceae,Palicourea rhodothamna,FALSE,FALSE
Aves,Columbiformes,Columbidae,Geotrygon montana,FALSE,FALSE
Equisetopsida,Gentianales,Rubiaceae,Palicourea spicata,FALSE,FALSE
Equisetopsida,Gentianales,Rubiaceae,Palicourea stenostachya,FALSE,FALSE
Equisetopsida,Gentianales,Rubiaceae,Palicourea subspicata,FALSE,FALSE
Equisetopsida,Gentianales,Rubiaceae,Geophila repens,FALSE,FALSE
Equisetopsida,Gentianales,Rubiaceae,Palicourea triphylla,FALSE,FALSE
Equisetopsida,Gentianales,Rubiaceae,Geophila orbicularis var. orbicularis,FALSE,FALSE
Equisetopsida,Gentianales,Rubiaceae,Geophila macropoda,FALSE,FALSE
Equisetopsida,Gentianales,Rubiaceae,Geophila cordifolia var. peruviana,FALSE,FALSE
Aves,Passeriformes,Thraupidae,Sporophila crassirostris,FALSE,FALSE
Equisetopsida,Arecales,Arecaceae,Geonoma stricta,FALSE,FALSE
Equisetopsida,Arecales,Arecaceae,Geonoma poeppigiana,FALSE,FALSE
Aves,Accipitriformes,Pandionidae,Pandion haliaetus,FALSE,FALSE
Equisetopsida,Arecales,Arecaceae,Geonoma maxima,FALSE,FALSE
Equisetopsida,Arecales,Arecaceae,Geonoma macrostachys,FALSE,FALSE
Equisetopsida,Arecales,Arecaceae,Geonoma leptospadix,FALSE,FALSE
Equisetopsida,Arecales,Arecaceae,Geonoma deversa,FALSE,FALSE
Equisetopsida,Arecales,Arecaceae,Geonoma camana,FALSE,FALSE
Equisetopsida,Poales,Poaceae,Panicum pilosum,FALSE,FALSE
Equisetopsida,Arecales,Arecaceae,Geonoma aspidiifolia,FALSE,FALSE
Equisetopsida,Proteales,Proteaceae,Panopsis rubescens,FALSE,FALSE
Equisetopsida,Gentianales,Rubiaceae,Genipa spruceana,FALSE,FALSE
Equisetopsida,Gentianales,Rubiaceae,Genipa americana,FALSE,FALSE
Mammalia,Carnivora,Felidae,Panthera onca,FALSE,FALSE
Equisetopsida,Malpighiales,Euphorbiaceae,Gavarretia terminalis,FALSE,FALSE
Aves,Apodiformes,Apodidae,Panyptila cayennensis,FALSE,FALSE
Equisetopsida,Malpighiales,Chrysobalanaceae,Gaulettia parillo,FALSE,FALSE
Mammalia,Chiroptera,Phyllostomidae,Gardnerycteris crenulata,FALSE,FALSE
Equisetopsida,Malpighiales,Clusiaceae,Garcinia madruno,FALSE,FALSE
Equisetopsida,Malpighiales,Clusiaceae,Garcinia macrophylla,FALSE,FALSE
Equisetopsida,Lamiales,Gesneriaceae,Paradrymonia ciliosa,FALSE,FALSE
Equisetopsida,Malpighiales,Clusiaceae,Garcinia gardneriana,FALSE,FALSE
Equisetopsida,Lamiales,Bignoniaceae,Paragonia pyramidata,FALSE,FALSE
Aves,Accipitriformes,Accipitridae,Gampsonyx swainsonii,FALSE,FALSE
Equisetopsida,Gentianales,Apocynaceae,Parahancornia peruviana,FALSE,TRUE
Aves,Passeriformes,Thraupidae,Sporophila lineola,FALSE,FALSE
Elasmobranchii,Myliobatiformes,Potamotrygonidae,Paratrygon aiereba,FALSE,FALSE
Insecta,Lepidoptera,Nymphalidae,Pareuptychia binocula,FALSE,FALSE
Insecta,Lepidoptera,Nymphalidae,Pareuptychia hesionides,FALSE,FALSE
Mammalia,Carnivora,Mustelidae,Galictis vittata,FALSE,FALSE
Equisetopsida,Poales,Poaceae,Pariana obtusa,FALSE,FALSE
Equisetopsida,Poales,Poaceae,Pariana radiciflora,FALSE,FALSE
Equisetopsida,Poales,Poaceae,Pariana trichosticha,FALSE,FALSE
Equisetopsida,Asparagales,Orchidaceae,Galeandra stangeana,FALSE,FALSE
Equisetopsida,Poales,Poaceae,Pariana velutina,FALSE,FALSE
Aves,Galbuliformes,Galbulidae,Galbula tombacea,FALSE,FALSE
Aves,Galbuliformes,Galbulidae,Galbula dea,FALSE,FALSE
Aves,Galbuliformes,Galbulidae,Galbula albirostris,FALSE,FALSE
Equisetopsida,Malpighiales,Chrysobalanaceae,Parinari klugii,FALSE,FALSE
Aves,Galbuliformes,Galbulidae,Galbalcyrhynchus leucotis,FALSE,FALSE
Equisetopsida,Malpighiales,Chrysobalanaceae,Parinari parilis,FALSE,FALSE
Equisetopsida,Magnoliales,Annonaceae,Fusaea peruviana,FALSE,FALSE
Equisetopsida,Magnoliales,Annonaceae,Fusaea longifolia,FALSE,FALSE
Equisetopsida,Fabales,Fabaceae,Parkia igneiflora,FALSE,FALSE
Equisetopsida,Fabales,Fabaceae,Parkia multijuga,FALSE,FALSE
Equisetopsida,Fabales,Fabaceae,Parkia nitida,FALSE,FALSE
Equisetopsida,Fabales,Fabaceae,Parkia panurensis,FALSE,FALSE
Equisetopsida,Fabales,Fabaceae,Parkia velutina,FALSE,FALSE
Aves,Passeriformes,Thraupidae,Paroaria gularis,FALSE,FALSE
Equisetopsida,Malpighiales,Ochnaceae,Froesia diffusa,FALSE,FALSE
Equisetopsida,Lamiales,Bignoniaceae,Fridericia japurensis,FALSE,FALSE
Equisetopsida,Lamiales,Bignoniaceae,Fridericia florida,FALSE,FALSE
Equisetopsida,Poales,Poaceae,Paspalum conjugatum,FALSE,FALSE
Aves,Passeriformes,Thamnophilidae,Frederickena unduliger,FALSE,FALSE
Aves,Passeriformes,Thamnophilidae,Frederickena fulva,FALSE,FALSE
Equisetopsida,Poales,Poaceae,Paspalum decumbens,FALSE,FALSE
Equisetopsida,Gentianales,Apocynaceae,Forsteronia acouci,FALSE,FALSE
Aves,Psittaciformes,Psittacidae,Forpus xanthopterygius,FALSE,FALSE
Aves,Psittaciformes,Psittacidae,Forpus modestus,FALSE,FALSE
Equisetopsida,Poales,Poaceae,Paspalum virgatum,FALSE,FALSE
Aves,Passeriformes,Formicariidae,Formicarius colma,FALSE,FALSE
Aves,Passeriformes,Formicariidae,Formicarius analis,FALSE,FALSE
Equisetopsida,Malpighiales,Passifloraceae,Passiflora auriculata,FALSE,FALSE
Equisetopsida,Commelinales,Commelinaceae,Floscopa robusta,FALSE,FALSE
Aves,Apodiformes,Trochilidae,Florisuga mellivora,FALSE,FALSE
Equisetopsida,Gentianales,Apocynaceae,Fischeria stellata,FALSE,FALSE
Equisetopsida,Rosales,Moraceae,Ficus yoponensis,FALSE,FALSE
Equisetopsida,Rosales,Moraceae,Ficus trigonata,FALSE,FALSE
Equisetopsida,Malpighiales,Passifloraceae,Passiflora foetida,FALSE,FALSE
Equisetopsida,Malpighiales,Passifloraceae,Passiflora involucrata,FALSE,FALSE
Equisetopsida,Rosales,Moraceae,Ficus trigona,FALSE,FALSE
Equisetopsida,Rosales,Moraceae,Ficus sphenophylla,FALSE,FALSE
Equisetopsida,Rosales,Moraceae,Ficus paraensis,FALSE,FALSE
Equisetopsida,Malpighiales,Passifloraceae,Passiflora nitida,FALSE,FALSE
Equisetopsida,Rosales,Moraceae,Ficus obtusifolia,FALSE,FALSE
Equisetopsida,Malpighiales,Passifloraceae,Passiflora riparia,FALSE,FALSE
Actinopterygii,Perciformes,Cichlidae,Aequidens diadema,FALSE,FALSE
Equisetopsida,Malpighiales,Passifloraceae,Passiflora spinosa,FALSE,FALSE
Equisetopsida,Rosales,Moraceae,Ficus krukovii,FALSE,FALSE
Equisetopsida,Rosales,Moraceae,Ficus guianensis,FALSE,FALSE
Equisetopsida,Malpighiales,Passifloraceae,Passiflora vespertilio,FALSE,FALSE
Equisetopsida,Malpighiales,Passifloraceae,Passiflora vitifolia,FALSE,FALSE
Equisetopsida,Rosales,Moraceae,Ficus citrifolia,FALSE,FALSE
Equisetopsida,Rosales,Moraceae,Ficus castellviana,FALSE,FALSE
Equisetopsida,Rosales,Moraceae,Ficus caballina,FALSE,FALSE
Equisetopsida,Rosales,Moraceae,Ficus americana,FALSE,FALSE
Aves,Columbiformes,Columbidae,Patagioenas cayennensis,FALSE,FALSE
Equisetopsida,Gentianales,Rubiaceae,Ferdinandusa uaupensis,FALSE,FALSE
Equisetopsida,Gentianales,Rubiaceae,Ferdinandusa loretensis,FALSE,FALSE
Aves,Columbiformes,Columbidae,Patagioenas plumbea,FALSE,FALSE
Equisetopsida,Gentianales,Rubiaceae,Ferdinandusa chlorantha,FALSE,FALSE
Equisetopsida,Gentianales,Rubiaceae,Faramea vasquezii,TRUE,FALSE
Equisetopsida,Gentianales,Rubiaceae,Faramea torquata,FALSE,FALSE
Equisetopsida,Gentianales,Rubiaceae,Faramea tamberlikiana,FALSE,FALSE
Equisetopsida,Gentianales,Rubiaceae,Faramea rectinervia,FALSE,FALSE
Equisetopsida,Gentianales,Rubiaceae,Faramea quinqueflora,FALSE,FALSE
Equisetopsida,Gentianales,Rubiaceae,Faramea multiflora,FALSE,FALSE
Aves,Columbiformes,Columbidae,Patagioenas subvinacea,FALSE,FALSE
Equisetopsida,Gentianales,Rubiaceae,Faramea juruana,FALSE,FALSE
Equisetopsida,Gentianales,Rubiaceae,Faramea capillipes,FALSE,FALSE
Equisetopsida,Gentianales,Rubiaceae,Faramea axillaris,FALSE,FALSE
Equisetopsida,Gentianales,Rubiaceae,Faramea anisocalyx,FALSE,FALSE
Equisetopsida,Sapindales,Sapindaceae,Paullinia alata,FALSE,FALSE
Equisetopsida,Sapindales,Sapindaceae,Paullinia bracteosa,FALSE,FALSE
Equisetopsida,Sapindales,Sapindaceae,Paullinia capreolata,FALSE,FALSE
Equisetopsida,Sapindales,Sapindaceae,Paullinia curvicuspis,FALSE,FALSE
Aves,Falconiformes,Falconidae,Falco rufigularis,FALSE,FALSE
Equisetopsida,Sapindales,Sapindaceae,Paullinia dasystachya,FALSE,FALSE
Equisetopsida,Sapindales,Sapindaceae,Paullinia enneaphylla,TRUE,FALSE
Equisetopsida,Sapindales,Sapindaceae,Paullinia faginea,FALSE,FALSE
Equisetopsida,Sapindales,Sapindaceae,Paullinia ingifolia,FALSE,FALSE
Equisetopsida,Sapindales,Sapindaceae,Paullinia latifolia,FALSE,FALSE
Equisetopsida,Lamiales,Lamiaceae,Aegiphila smithii,FALSE,FALSE
Aves,Falconiformes,Falconidae,Falco peregrinus,FALSE,FALSE
Equisetopsida,Sapindales,Sapindaceae,Paullinia serjaniifolia,FALSE,FALSE
Equisetopsida,Sapindales,Sapindaceae,Paullinia sphaerocarpa,FALSE,FALSE
Equisetopsida,Sapindales,Sapindaceae,Paullinia trilatera,FALSE,FALSE
Equisetopsida,Malpighiales,Euphorbiaceae,Pausandra martinii,FALSE,FALSE
Aves,Falconiformes,Falconidae,Falco deiroleucus,FALSE,FALSE
Equisetopsida,Malvales,Malvaceae,Pavonia fruticosa,FALSE,FALSE
Equisetopsida,Pandanales,Cyclanthaceae,Evodianthus funifer,FALSE,FALSE
Equisetopsida,Malpighiales,Violaceae,Paypayrola grandiflora,FALSE,FALSE
Equisetopsida,Arecales,Arecaceae,Euterpe precatoria,FALSE,FALSE
Equisetopsida,Arecales,Arecaceae,Euterpe catinga,FALSE,TRUE
Insecta,Coleoptera,Scarabaeidae,Eurysternus squamosus,FALSE,FALSE
Insecta,Coleoptera,Scarabaeidae,Eurysternus hypocrita,FALSE,FALSE
Insecta,Coleoptera,Scarabaeidae,Eurysternus foedus,FALSE,FALSE
Insecta,Coleoptera,Scarabaeidae,Eurysternus cayennensis,FALSE,FALSE
Insecta,Coleoptera,Scarabaeidae,Eurysternus caribaeus,FALSE,FALSE
Aves,Galliformes,Cracidae,Penelope jacquacu,FALSE,FALSE
Aves,Eurypygiformes,Eurypygidae,Eurypyga helias,FALSE,FALSE
Mammalia,Rodentia,Cricetidae,Euryoryzomys macconnelli,FALSE,FALSE
Insecta,Lepidoptera,Nymphalidae,Euptychia mollina,FALSE,FALSE
Equisetopsida,Fabales,Fabaceae,Pentaclethra macroloba,FALSE,FALSE
Equisetopsida,Gentianales,Rubiaceae,Pentagonia macrophylla,FALSE,FALSE
Equisetopsida,Gentianales,Rubiaceae,Pentagonia spathicalyx,FALSE,FALSE
Aves,Passeriformes,Fringillidae,Euphonia xanthogaster,FALSE,FALSE
Aves,Passeriformes,Fringillidae,Euphonia rufiventris,FALSE,FALSE
Aves,Passeriformes,Fringillidae,Euphonia plumbea,FALSE,FALSE
Aves,Passeriformes,Fringillidae,Euphonia minuta,FALSE,FALSE
Aves,Passeriformes,Fringillidae,Euphonia laniirostris,FALSE,FALSE
Aves,Passeriformes,Fringillidae,Euphonia chrysopasta,FALSE,FALSE
Aves,Passeriformes,Fringillidae,Euphonia chlorotica,FALSE,FALSE
Equisetopsida,Piperales,Piperaceae,Peperomia hispidula,FALSE,FALSE
Equisetopsida,Gentianales,Rubiaceae,Eumachia podocephala,FALSE,FALSE
Equisetopsida,Poales,Bromeliaceae,Aechmea nidularioides,FALSE,FALSE
Equisetopsida,Piperales,Piperaceae,Peperomia macrostachyos,FALSE,FALSE
Equisetopsida,Gentianales,Rubiaceae,Eumachia cephalantha,FALSE,FALSE
Equisetopsida,Gentianales,Rubiaceae,Eumachia boliviana,FALSE,FALSE
Equisetopsida,Piperales,Piperaceae,Peperomia mishuyacana,TRUE,FALSE
Equisetopsida,Gentianales,Rubiaceae,Eumachia astrellantha,FALSE,FALSE
Equisetopsida,Piperales,Piperaceae,Peperomia pilicaulis,FALSE,FALSE
Equisetopsida,Poales,Bromeliaceae,Aechmea mertensii,FALSE,FALSE
Equisetopsida,Piperales,Piperaceae,Peperomia serpens,FALSE,FALSE
Equisetopsida,Myrtales,Myrtaceae,Eugenia polystachya,FALSE,FALSE
Equisetopsida,Myrtales,Myrtaceae,Eugenia patrisii,FALSE,FALSE
Equisetopsida,Myrtales,Myrtaceae,Eugenia omissa,FALSE,FALSE
Equisetopsida,Myrtales,Myrtaceae,Eugenia multirimosa,FALSE,FALSE
Equisetopsida,Myrtales,Myrtaceae,Eugenia moschata,FALSE,FALSE
Equisetopsida,Myrtales,Myrtaceae,Eugenia macrocalyx,FALSE,FALSE
Equisetopsida,Myrtales,Myrtaceae,Eugenia gomesiana,FALSE,FALSE
Equisetopsida,Myrtales,Myrtaceae,Eugenia florida,FALSE,FALSE
Equisetopsida,Myrtales,Myrtaceae,Eugenia feijoi,FALSE,FALSE
Equisetopsida,Myrtales,Myrtaceae,Eugenia egensis,FALSE,FALSE
Equisetopsida,Myrtales,Myrtaceae,Eugenia discreta,FALSE,FALSE
Equisetopsida,Myrtales,Myrtaceae,Eugenia chrysophyllum,FALSE,FALSE
Equisetopsida,Poales,Bromeliaceae,Pepinia sprucei,FALSE,FALSE
Equisetopsida,Malpighiales,Peraceae,Pera benensis,FALSE,FALSE
Equisetopsida,Malpighiales,Peraceae,Pera bicolor,FALSE,FALSE
Equisetopsida,Malpighiales,Peraceae,Pera citriodora,FALSE,FALSE
Aves,Passeriformes,Thamnophilidae,Percnostola arenarum,TRUE,TRUE
Equisetopsida,Rosales,Moraceae,Perebea glabrifolia,FALSE,FALSE
Equisetopsida,Rosales,Moraceae,Perebea guianensis,FALSE,FALSE
Aves,Passeriformes,Thamnophilidae,Euchrepomis humeralis,FALSE,FALSE
Equisetopsida,Rosales,Moraceae,Perebea mennegae,FALSE,FALSE
Equisetopsida,Rosales,Moraceae,Perebea rubra,FALSE,FALSE
Equisetopsida,Rosales,Moraceae,Perebea xanthochyma,FALSE,FALSE
Equisetopsida,Celastrales,Celastraceae,Peritassa laevigata,FALSE,FALSE
Equisetopsida,Sapindales,Rutaceae,Esenbeckia amazonica,FALSE,FALSE
Equisetopsida,Celastrales,Celastraceae,Peritassa pruinosa,FALSE,FALSE
Equisetopsida,Ericales,Lecythidaceae,Eschweilera tessmannii,FALSE,FALSE
Equisetopsida,Ericales,Lecythidaceae,Eschweilera rufifolia,FALSE,FALSE
Equisetopsida,Ericales,Lecythidaceae,Eschweilera parviflora,FALSE,FALSE
Equisetopsida,Ericales,Lecythidaceae,Eschweilera micrantha,FALSE,FALSE
Equisetopsida,Ericales,Lecythidaceae,Eschweilera gigantea,FALSE,FALSE
Equisetopsida,Ericales,Lecythidaceae,Eschweilera decolorans,FALSE,FALSE
Mammalia,Chiroptera,Emballonuridae,Peropteryx leucoptera,FALSE,FALSE
Equisetopsida,Ericales,Lecythidaceae,Eschweilera coriacea,FALSE,FALSE
Equisetopsida,Ericales,Lecythidaceae,Eschweilera chartaceifolia,FALSE,FALSE
Equisetopsida,Ericales,Lecythidaceae,Eschweilera andina,FALSE,FALSE
Equisetopsida,Ericales,Lecythidaceae,Eschweilera albiflora,FALSE,FALSE
Equisetopsida,Malpighiales,Erythroxylaceae,Erythroxylum squamatum,FALSE,FALSE
Equisetopsida,Malpighiales,Erythroxylaceae,Erythroxylum spruceanum,FALSE,FALSE
Equisetopsida,Malpighiales,Erythroxylaceae,Erythroxylum macrophyllum,FALSE,FALSE
Equisetopsida,Laurales,Lauraceae,Persea peruviana,FALSE,FALSE
Equisetopsida,Laurales,Lauraceae,Persea pseudofasciculata,FALSE,FALSE
Equisetopsida,Malpighiales,Erythroxylaceae,Erythroxylum citrifolium,FALSE,FALSE
Equisetopsida,Lamiales,Verbenaceae,Petrea blanchetiana,FALSE,FALSE
Equisetopsida,Lamiales,Verbenaceae,Petrea bracteata,FALSE,FALSE
Equisetopsida,Fabales,Fabaceae,Erythrina ulei,FALSE,FALSE
Aves,Passeriformes,Tyrannidae,Phaeomyias murina,FALSE,FALSE
Aves,Apodiformes,Trochilidae,Phaethornis atrimentalis,FALSE,FALSE
Equisetopsida,Apiales,Apiaceae,Eryngium foetidum,FALSE,FALSE
Aves,Apodiformes,Trochilidae,Phaethornis bourcieri,FALSE,FALSE
Equisetopsida,Myrtales,Vochysiaceae,Erisma laurifolium,FALSE,FALSE
Equisetopsida,Myrtales,Vochysiaceae,Erisma calcaratum,FALSE,FALSE
Equisetopsida,Malvales,Malvaceae,Eriotheca macrophylla,FALSE,FALSE
Aves,Apodiformes,Trochilidae,Phaethornis hispidus,FALSE,FALSE
Equisetopsida,Malvales,Malvaceae,Eriotheca globosa,FALSE,FALSE
Aves,Apodiformes,Trochilidae,Phaethornis malaris,FALSE,FALSE
Equisetopsida,Poales,Bromeliaceae,Aechmea longifolia,FALSE,FALSE
Aves,Apodiformes,Trochilidae,Phaethornis ruber,FALSE,FALSE
Aves,Charadriiformes,Laridae,Phaetusa simplex,FALSE,FALSE
Aves,Suliformes,Phalacrocoracidae,Phalacrocorax brasilianus,FALSE,FALSE
Mammalia,Chiroptera,Vespertilionidae,Eptesicus brasiliensis,FALSE,FALSE
Equisetopsida,Asparagales,Orchidaceae,Epistephium parviflorum,FALSE,TRUE
Equisetopsida,Lamiales,Gesneriaceae,Episcia reptans,FALSE,FALSE
Aves,Passeriformes,Thamnophilidae,Epinecrophylla haematonota,FALSE,FALSE
Aves,Passeriformes,Thamnophilidae,Epinecrophylla erythrura,FALSE,FALSE
Insecta,Coleoptera,Scarabaeidae,Phanaeus bispinus,FALSE,FALSE
Insecta,Coleoptera,Scarabaeidae,Phanaeus cambeforti,FALSE,FALSE
Insecta,Coleoptera,Scarabaeidae,Phanaeus chalcomelas,FALSE,FALSE
Aves,Trogoniformes,Trogonidae,Pharomachrus pavoninus,FALSE,FALSE
Equisetopsida,Asparagales,Orchidaceae,Epidendrum rigidum,FALSE,FALSE
Equisetopsida,Asparagales,Orchidaceae,Epidendrum nocturnum,FALSE,FALSE
Equisetopsida,Poales,Bromeliaceae,Aechmea corymbosa,FALSE,FALSE
Actinopterygii,Characiformes,Characidae,Phenacogaster pectinatus,FALSE,FALSE
Equisetopsida,Zingiberales,Strelitziaceae,Phenakospermum guyannense,FALSE,FALSE
Aves,Passeriformes,Troglodytidae,Pheugopedius coraya,FALSE,FALSE
Mammalia,Didelphimorphia,Didelphidae,Philander andersoni,FALSE,FALSE
Equisetopsida,Alismatales,Araceae,Philodendron acutifolium,FALSE,FALSE
Equisetopsida,Alismatales,Araceae,Philodendron asplundii,FALSE,FALSE
Equisetopsida,Fabales,Fabaceae,Enterolobium barnebianum,FALSE,FALSE
Equisetopsida,Fabales,Fabaceae,Entada polyphylla,FALSE,FALSE
Equisetopsida,Sapindales,Rutaceae,Adiscanthus fusciflorus,FALSE,FALSE
Equisetopsida,Alismatales,Araceae,Philodendron deflexum,FALSE,FALSE
Equisetopsida,Alismatales,Araceae,Philodendron elaphoglossoides,FALSE,FALSE
Equisetopsida,Alismatales,Araceae,Philodendron ernestii,FALSE,FALSE
Amphibia,Anura,Leptodactylidae,Engystomops petersi,FALSE,FALSE
Equisetopsida,Laurales,Lauraceae,Endlicheria williamsii,FALSE,FALSE
Equisetopsida,Laurales,Lauraceae,Endlicheria tessmannii,FALSE,FALSE
Equisetopsida,Laurales,Lauraceae,Endlicheria sprucei,FALSE,FALSE
Equisetopsida,Alismatales,Araceae,Philodendron fragrantissimum,FALSE,FALSE
Equisetopsida,Laurales,Lauraceae,Endlicheria rubriflora,FALSE,FALSE
Equisetopsida,Laurales,Lauraceae,Endlicheria mishuyacensis,FALSE,FALSE
Equisetopsida,Laurales,Lauraceae,Endlicheria krukovii,FALSE,FALSE
Equisetopsida,Laurales,Lauraceae,Endlicheria griseo-sericea,FALSE,FALSE
Equisetopsida,Alismatales,Araceae,Philodendron herthae,FALSE,FALSE
Equisetopsida,Laurales,Lauraceae,Endlicheria formosa,FALSE,FALSE
Equisetopsida,Laurales,Lauraceae,Endlicheria citriodora,FALSE,FALSE
Equisetopsida,Laurales,Lauraceae,Endlicheria bracteata,FALSE,FALSE
Equisetopsida,Alismatales,Araceae,Philodendron hylaeae,FALSE,FALSE
Equisetopsida,Alismatales,Araceae,Philodendron insigne,FALSE,FALSE
Equisetopsida,Laurales,Lauraceae,Endlicheria arachnocome,TRUE,FALSE
Equisetopsida,Laurales,Lauraceae,Endlicheria anomala,FALSE,FALSE
Aves,Passeriformes,Tyrannidae,Empidonomus varius,FALSE,FALSE
Equisetopsida,Alismatales,Araceae,Philodendron linnaei,FALSE,FALSE
Equisetopsida,Polypodiales,Pteridaceae,Adiantum tomentosum,FALSE,FALSE
Equisetopsida,Alismatales,Araceae,Philodendron maximum,FALSE,FALSE
Aves,Passeriformes,Tyrannidae,Empidonomus aurantioatrocristatus,FALSE,FALSE
Equisetopsida,Alismatales,Araceae,Philodendron megalophyllum,FALSE,FALSE
Equisetopsida,Alismatales,Araceae,Philodendron ornatum,FALSE,FALSE
Equisetopsida,Metteniusales,Metteniusaceae,Emmotum floribundum,FALSE,FALSE
Equisetopsida,Metteniusales,Metteniusaceae,Emmotum acuminatum,FALSE,FALSE
Equisetopsida,Alismatales,Araceae,Philodendron panduriforme var. panduriforme,FALSE,FALSE
Equisetopsida,Alismatales,Araceae,Philodendron rimachii,FALSE,FALSE
Equisetopsida,Alismatales,Araceae,Philodendron venustum,FALSE,FALSE
Equisetopsida,Poales,Poaceae,Eleusine indica,FALSE,FALSE
Actinopterygii,Gymnotiformes,Gymnotidae,Electrophorus electricus,FALSE,FALSE
Aves,Coraciiformes,Momotidae,Electron platyrhynchum,FALSE,FALSE
Aves,Passeriformes,Furnariidae,Philydor erythrocercum,FALSE,FALSE
Equisetopsida,Polypodiales,Dryopteridaceae,Elaphoglossum styriacum,FALSE,FALSE
Equisetopsida,Polypodiales,Dryopteridaceae,Elaphoglossum plumosum,FALSE,FALSE
Equisetopsida,Polypodiales,Pteridaceae,Adiantum terminatum,FALSE,FALSE
Aves,Passeriformes,Furnariidae,Philydor pyrrhodes,FALSE,FALSE
Equisetopsida,Polypodiales,Polypodiaceae,Phlebodium decumanum,FALSE,FALSE
Equisetopsida,Polypodiales,Dryopteridaceae,Elaphoglossum glabellum,FALSE,FALSE
Aves,Passeriformes,Thamnophilidae,Phlegopsis erythroptera,FALSE,FALSE
Aves,Accipitriformes,Accipitridae,Elanoides forficatus,FALSE,FALSE
Equisetopsida,Ericales,Sapotaceae,Elaeoluma glabrescens,FALSE,FALSE
Equisetopsida,Gentianales,Rubiaceae,Stachyarrhena spicata,FALSE,FALSE
Aves,Passeriformes,Tyrannidae,Elaenia spectabilis,FALSE,FALSE
Aves,Passeriformes,Thamnophilidae,Phlegopsis nigromaculata,FALSE,FALSE
Aves,Passeriformes,Tyrannidae,Elaenia parvirostris,FALSE,FALSE
Actinopterygii,Characiformes,Crenuchidae,Elachocharax pulcher,FALSE,FALSE
Aves,Passeriformes,Cotingidae,Phoenicircus nigricollis,FALSE,FALSE
Mammalia,Carnivora,Mustelidae,Eira barbara,FALSE,FALSE
Insecta,Lepidoptera,Erebidae,Phoenicoprocta vacillans,FALSE,FALSE
Equisetopsida,Arecales,Arecaceae,Pholidostachys synanthera,FALSE,FALSE
Equisetopsida,Santalales,Santalaceae,Phoradendron crassifolium,FALSE,FALSE
Equisetopsida,Santalales,Viscaceae,Phoradendron loretoi,TRUE,FALSE
Equisetopsida,Santalales,Santalaceae,Phoradendron obtusissimum,FALSE,FALSE
Aves,Pelecaniformes,Ardeidae,Egretta thula,FALSE,FALSE
Amphibia,Anura,Hylidae,Ecnomiohyla tuberculosa,FALSE,FALSE
Equisetopsida,Malvales,Malvaceae,Phragmotheca mammosa,FALSE,FALSE
Equisetopsida,Alismatales,Alismataceae,Echinodorus horizontalis,FALSE,FALSE
Equisetopsida,Ericales,Sapotaceae,Ecclinusa ramiflora,FALSE,FALSE
Equisetopsida,Ericales,Sapotaceae,Ecclinusa lanceolata,FALSE,FALSE
Equisetopsida,Ericales,Sapotaceae,Ecclinusa bullata,FALSE,FALSE
Equisetopsida,Santalales,Loranthaceae,Phthirusa stelis,FALSE,FALSE
Equisetopsida,Malpighiales,Phyllanthaceae,Phyllanthus attenuatus subsp. incarum,FALSE,FALSE
Equisetopsida,Malpighiales,Phyllanthaceae,Phyllanthus niruri,FALSE,FALSE
Equisetopsida,Malpighiales,Phyllanthaceae,Phyllanthus stipulatus,FALSE,FALSE
Mammalia,Chiroptera,Phyllostomidae,Phylloderma stenops,FALSE,FALSE
Amphibia,Anura,Phyllomedusidae,Phyllomedusa bicolor,FALSE,FALSE
Equisetopsida,Gentianales,Rubiaceae,Duroia micrantha,FALSE,FALSE
Equisetopsida,Gentianales,Rubiaceae,Duroia hispida,FALSE,FALSE
Equisetopsida,Gentianales,Rubiaceae,Duroia hirsuta,FALSE,FALSE
Amphibia,Anura,Phyllomedusidae,Phyllomedusa vaillantii,FALSE,FALSE
Equisetopsida,Santalales,Olacaceae,Dulacia inopiflora,FALSE,FALSE
Equisetopsida,Santalales,Olacaceae,Dulacia candida,FALSE,FALSE
Equisetopsida,Magnoliales,Annonaceae,Duguetia trunciflora,FALSE,FALSE
Equisetopsida,Magnoliales,Annonaceae,Duguetia spixiana,FALSE,FALSE
Equisetopsida,Magnoliales,Annonaceae,Duguetia quitarensis,FALSE,FALSE
Equisetopsida,Magnoliales,Annonaceae,Duguetia macrophylla,FALSE,FALSE
Equisetopsida,Magnoliales,Annonaceae,Duguetia latifolia,FALSE,FALSE
Equisetopsida,Magnoliales,Annonaceae,Duguetia hadrantha,FALSE,FALSE
Equisetopsida,Magnoliales,Annonaceae,Duguetia flagellaris,FALSE,FALSE
Equisetopsida,Magnoliales,Annonaceae,Duguetia cauliflora,FALSE,FALSE
Equisetopsida,Malpighiales,Putranjivaceae,Drypetes amazonica,FALSE,FALSE
Aves,Piciformes,Picidae,Dryocopus lineatus,FALSE,FALSE
Mammalia,Chiroptera,Phyllostomidae,Phyllostomus discolor,FALSE,FALSE
Mammalia,Chiroptera,Phyllostomidae,Phyllostomus elongatus,FALSE,FALSE
Aves,Piciformes,Picidae,Dryobates affinis,FALSE,FALSE
Mammalia,Chiroptera,Phyllostomidae,Phyllostomus hastatus,FALSE,FALSE
Equisetopsida,Lamiales,Gesneriaceae,Drymonia warszewicziana,FALSE,FALSE
Equisetopsida,Lamiales,Gesneriaceae,Drymonia serrulata,FALSE,FALSE
Equisetopsida,Lamiales,Gesneriaceae,Drymonia semicordata,FALSE,FALSE
Equisetopsida,Lamiales,Gesneriaceae,Drymonia pendula,FALSE,FALSE
Equisetopsida,Solanales,Solanaceae,Physalis angulata,FALSE,FALSE
Equisetopsida,Lamiales,Gesneriaceae,Drymonia coccinea,FALSE,FALSE
Equisetopsida,Lamiales,Gesneriaceae,Drymonia anisophylla,FALSE,FALSE
Actinopterygii,Siluriformes,Doradidae,Physopyxis ananas,FALSE,FALSE
Actinopterygii,Siluriformes,Doradidae,Physopyxis lyra,FALSE,FALSE
Equisetopsida,Arecales,Arecaceae,Phytelephas tenuicaulis,FALSE,FALSE
Aves,Cuculiformes,Cuculidae,Dromococcyx phasianellus,FALSE,FALSE
Aves,Cuculiformes,Cuculidae,Dromococcyx pavoninus,FALSE,FALSE
Equisetopsida,Caryophyllales,Phytolaccaceae,Phytolacca rivinoides,FALSE,FALSE
Aves,Cuculiformes,Cuculidae,Piaya cayana,FALSE,FALSE
Aves,Passeriformes,Donacobiidae,Donacobius atricapilla,FALSE,FALSE
Equisetopsida,Dilleniales,Dilleniaceae,Doliocarpus novogranatensis,FALSE,FALSE
Equisetopsida,Dilleniales,Dilleniaceae,Doliocarpus dentatus,FALSE,FALSE
Aves,Cuculiformes,Cuculidae,Piaya melanogaster,FALSE,FALSE
Equisetopsida,Malpighiales,Euphorbiaceae,Dodecastigma amazonicum,FALSE,FALSE
Insecta,Lepidoptera,Erebidae,Dixophlebia quadristrigata,FALSE,FALSE
Equisetopsida,Picramniales,Picramniaceae,Picramnia sellowii,FALSE,FALSE
Equisetopsida,Picramniales,Picramniaceae,Picramnia spruceana,FALSE,FALSE
Equisetopsida,Sapindales,Simaroubaceae,Picrolemma sprucei,FALSE,FALSE
Aves,Piciformes,Picidae,Piculus chrysochloros,FALSE,FALSE
Equisetopsida,Lamiales,Bignoniaceae,Distictella racemosa var. translucida,FALSE,FALSE
Equisetopsida,Lamiales,Bignoniaceae,Distictella racemosa var. racemosa,FALSE,FALSE
Equisetopsida,Lamiales,Bignoniaceae,Distictella magnoliifolia,FALSE,FALSE
Aves,Piciformes,Picidae,Piculus flavigula,FALSE,FALSE
Aves,Piciformes,Picidae,Picumnus aurifrons,FALSE,FALSE
Aves,Apodiformes,Trochilidae,Discosura langsdorffi,FALSE,FALSE
Equisetopsida,Aquifoliales,Stemonuraceae,Discophora guianensis,FALSE,FALSE
Equisetopsida,Ranunculales,Menispermaceae,Disciphania lobata,FALSE,FALSE
Equisetopsida,Ranunculales,Menispermaceae,Disciphania killipii,FALSE,FALSE
Aves,Piciformes,Picidae,Picumnus lafresnayi,FALSE,FALSE
Equisetopsida,Fabales,Fabaceae,Dipteryx micrantha,FALSE,FALSE
Insecta,Lepidoptera,Nymphalidae,Pierella astyoche,FALSE,FALSE
Insecta,Lepidoptera,Nymphalidae,Pierella hortona,FALSE,FALSE
Equisetopsida,Fabales,Fabaceae,Diplotropis purpurea,FALSE,FALSE
Equisetopsida,Fabales,Fabaceae,Diplotropis martiusii,FALSE,FALSE
Insecta,Lepidoptera,Nymphalidae,Pierella lamia,FALSE,FALSE
Equisetopsida,Malpighiales,Malpighiaceae,Diplopterys cabrerana,FALSE,FALSE
Insecta,Lepidoptera,Nymphalidae,Pierella lena,FALSE,FALSE
Insecta,Lepidoptera,Nymphalidae,Pierella sumandosa,FALSE,FALSE
Equisetopsida,Poales,Cyperaceae,Diplasia karatifolia,FALSE,FALSE
Equisetopsida,Rosales,Urticaceae,Pilea imparifolia,FALSE,FALSE
Equisetopsida,Ericales,Ebenaceae,Diospyros tessmannii,TRUE,FALSE
Equisetopsida,Ericales,Ebenaceae,Diospyros subrotata,FALSE,FALSE
Equisetopsida,Ericales,Ebenaceae,Diospyros pseudoxylopia,FALSE,FALSE
Equisetopsida,Ericales,Ebenaceae,Diospyros poeppigiana,FALSE,FALSE
Aves,Pelecaniformes,Ardeidae,Pilherodius pileatus,FALSE,FALSE
Equisetopsida,Ericales,Ebenaceae,Diospyros nanay,FALSE,FALSE
Equisetopsida,Ericales,Ebenaceae,Diospyros myrmecocarpa,FALSE,FALSE
Equisetopsida,Ericales,Ebenaceae,Diospyros egleri,FALSE,FALSE
Equisetopsida,Ericales,Ebenaceae,Diospyros artanthifolia,FALSE,FALSE
Equisetopsida,Dioscoreales,Dioscoreaceae,Dioscorea riparia,FALSE,FALSE
Equisetopsida,Dioscoreales,Dioscoreaceae,Dioscorea nicolasensis,FALSE,FALSE
Equisetopsida,Dioscoreales,Dioscoreaceae,Dioscorea macbridean,TRUE,FALSE
Equisetopsida,Dioscoreales,Dioscoreaceae,Dioscorea crotalariifolia,FALSE,FALSE
Equisetopsida,Dioscoreales,Dioscoreaceae,Dioscorea amaranthoides,FALSE,FALSE
Equisetopsida,Dioscoreales,Dioscoreaceae,Dioscorea altissima,FALSE,FALSE
Actinopterygii,Siluriformes,Pimelodidae,Pimelodus blochii,FALSE,FALSE
Equisetopsida,Fabales,Fabaceae,Dioclea virgata,FALSE,FALSE
Equisetopsida,Fabales,Fabaceae,Dimorphandra macrostachya,FALSE,FALSE
Insecta,Hymenoptera,Ichneumonidae,Pimpla croceiventris,FALSE,FALSE
Equisetopsida,Malpighiales,Passifloraceae,Dilkea tillettii,FALSE,FALSE
Equisetopsida,Malpighiales,Passifloraceae,Dilkea retusa,FALSE,FALSE
Equisetopsida,Malpighiales,Passifloraceae,Dilkea parviflora,FALSE,FALSE
Equisetopsida,Malpighiales,Passifloraceae,Dilkea ovalis,FALSE,FALSE
Equisetopsida,Dilleniales,Dilleniaceae,Pinzona coriacea,FALSE,FALSE
Aves,Psittaciformes,Psittacidae,Pionites melanocephalus,FALSE,FALSE
Aves,Psittaciformes,Psittacidae,Pionus menstruus,FALSE,FALSE
Equisetopsida,Alismatales,Araceae,Dieffenbachia parvifolia,FALSE,FALSE
Equisetopsida,Apiales,Araliaceae,Didymopanax morototoni,FALSE,FALSE
Amphibia,Anura,Pipidae,Pipa pipa,FALSE,FALSE
Equisetopsida,Malpighiales,Phyllanthaceae,Didymocistus chrysadenius,FALSE,FALSE
Mammalia,Didelphimorphia,Didelphidae,Didelphis marsupialis,FALSE,FALSE
Equisetopsida,Fabales,Fabaceae,Dicymbe uaiparuensis,FALSE,FALSE
Equisetopsida,Fabales,Fabaceae,Dicymbe stipitata,FALSE,FALSE
Equisetopsida,Solanales,Convolvulaceae,Dicranostyles scandens,FALSE,FALSE
Equisetopsida,Solanales,Convolvulaceae,Dicranostyles holostyla,FALSE,FALSE
Equisetopsida,Solanales,Convolvulaceae,Dicranostyles globostigma,FALSE,FALSE
Equisetopsida,Solanales,Convolvulaceae,Dicranostyles ampla,FALSE,FALSE
Mammalia,Cetartiodactyla,Tayassuidae,Dicotyles tajacu,FALSE,FALSE
Equisetopsida,Piperales,Piperaceae,Piper arboreum,FALSE,FALSE
Equisetopsida,Magnoliales,Annonaceae,Diclinanona tessmannii,TRUE,FALSE
Equisetopsida,Magnoliales,Annonaceae,Diclinanona calycina,FALSE,FALSE
Equisetopsida,Piperales,Piperaceae,Piper asterotrichum,FALSE,FALSE
Equisetopsida,Piperales,Piperaceae,Piper augustum,FALSE,FALSE
Insecta,Coleoptera,Scarabaeidae,Dichotomius robustus,FALSE,FALSE
Insecta,Coleoptera,Scarabaeidae,Dichotomius ohausi,FALSE,FALSE
Insecta,Coleoptera,Scarabaeidae,Dichotomius mamillatus,FALSE,FALSE
Insecta,Coleoptera,Scarabaeidae,Dichotomius lucasi,FALSE,FALSE
Equisetopsida,Piperales,Piperaceae,Piper brasiliense,FALSE,FALSE
Insecta,Coleoptera,Scarabaeidae,Dichotomius boreus,FALSE,FALSE
Insecta,Coleoptera,Scarabaeidae,Dichotomius batesi,FALSE,FALSE
Equisetopsida,Commelinales,Commelinaceae,Dichorisandra ulei,FALSE,FALSE
Equisetopsida,Piperales,Piperaceae,Piper casapiense,FALSE,FALSE
Equisetopsida,Commelinales,Commelinaceae,Dichorisandra hexandra,FALSE,FALSE
Equisetopsida,Piperales,Piperaceae,Piper coruscans,FALSE,FALSE
Equisetopsida,Piperales,Piperaceae,Piper divaricatum,FALSE,FALSE
Equisetopsida,Fabales,Fabaceae,Dialium guianense,FALSE,FALSE
Equisetopsida,Piperales,Piperaceae,Piper dumosum,FALSE,FALSE
Equisetopsida,Piperales,Piperaceae,Piper hispidum,FALSE,FALSE
Equisetopsida,Piperales,Piperaceae,Piper lagenaebaccum,FALSE,FALSE
Equisetopsida,Arecales,Arecaceae,Desmoncus vacivus,FALSE,FALSE
Equisetopsida,Arecales,Arecaceae,Desmoncus polyacanthos,FALSE,FALSE
Equisetopsida,Arecales,Arecaceae,Desmoncus orthacanthos,FALSE,FALSE
Equisetopsida,Arecales,Arecaceae,Desmoncus mitis,FALSE,FALSE
Equisetopsida,Arecales,Arecaceae,Desmoncus giganteus,FALSE,FALSE
Mammalia,Chiroptera,Phyllostomidae,Desmodus rotundus,FALSE,FALSE
Amphibia,Anura,Leptodactylidae,Adenomera hylaedactyla,FALSE,FALSE
Equisetopsida,Piperales,Piperaceae,Piper obtusilimbum,FALSE,FALSE
Amphibia,Anura,Leptodactylidae,Adenomera andreae,FALSE,FALSE
Equisetopsida,Piperales,Piperaceae,Piper pseudoarboreum,FALSE,FALSE
Equisetopsida,Piperales,Piperaceae,Piper soledadense,FALSE,FALSE
Equisetopsida,Piperales,Piperaceae,Piper stellipilum,FALSE,FALSE
Amphibia,Anura,Hylidae,Dendropsophus triangulum,FALSE,FALSE
Amphibia,Anura,Hylidae,Dendropsophus sarayacuensis,FALSE,FALSE
Amphibia,Anura,Hylidae,Dendropsophus rossalleni,FALSE,FALSE
Amphibia,Anura,Hylidae,Dendropsophus rhodopeplus,FALSE,FALSE
Amphibia,Anura,Hylidae,Dendropsophus parviceps,FALSE,FALSE
Amphibia,Anura,Hylidae,Dendropsophus marmoratus,FALSE,FALSE
Amphibia,Anura,Hylidae,Dendropsophus leucophyllatus,FALSE,FALSE
Equisetopsida,Piperales,Piperaceae,Piper vitaceum,FALSE,FALSE
Amphibia,Anura,Hylidae,Dendropsophus leali,FALSE,FALSE
Aves,Passeriformes,Furnariidae,Dendroplex picus,FALSE,FALSE
Equisetopsida,Lamiales,Bignoniaceae,Adenocalymma schomburgkii,FALSE,FALSE
Aves,Galliformes,Cracidae,Pipile cumanensis,FALSE,FALSE
Equisetopsida,Apiales,Araliaceae,Dendropanax umbellatus,FALSE,FALSE
Equisetopsida,Apiales,Araliaceae,Dendropanax macropodus,FALSE,FALSE
Equisetopsida,Apiales,Araliaceae,Dendropanax cuneatus,FALSE,FALSE
Equisetopsida,Apiales,Araliaceae,Dendropanax arboreus,FALSE,FALSE
Aves,Passeriformes,Furnariidae,Dendroma erythroptera,FALSE,FALSE
Aves,Passeriformes,Pipridae,Pipra filicauda,FALSE,FALSE
Aves,Passeriformes,Furnariidae,Dendrocolaptes picumnus,FALSE,FALSE
Aves,Passeriformes,Furnariidae,Dendrocolaptes certhia,FALSE,FALSE
Aves,Passeriformes,Furnariidae,Dendrocincla merula,FALSE,FALSE
Aves,Passeriformes,Furnariidae,Dendrocincla fuliginosa,FALSE,FALSE
Equisetopsida,Metteniusales,Metteniusaceae,Dendrobangia boliviana,FALSE,FALSE
Aves,Passeriformes,Furnariidae,Dendrexetastes rufigula,FALSE,FALSE
Aves,Passeriformes,Tyrannidae,Piprites chloris,FALSE,FALSE
Insecta,Coleoptera,Scarabaeidae,Deltochilum carinatum,FALSE,FALSE
Equisetopsida,Fabales,Fabaceae,Deguelia scandens,FALSE,FALSE
Aves,Passeriformes,Furnariidae,Deconychura longicauda,FALSE,FALSE
Equisetopsida,Asterales,Asteraceae,Piptocoma discolor,FALSE,FALSE
Equisetopsida,Dilleniales,Dilleniaceae,Davilla nitida,FALSE,FALSE
Equisetopsida,Dilleniales,Dilleniaceae,Davilla kunthii,FALSE,FALSE
Mammalia,Cingulata,Dasypodidae,Dasypus pastasae,FALSE,FALSE
Aves,Passeriformes,Cardinalidae,Piranga olivacea,FALSE,FALSE
Mammalia,Cingulata,Dasypodidae,Dasypus novemcinctus,FALSE,FALSE
Aves,Passeriformes,Cardinalidae,Piranga rubra,FALSE,FALSE
Mammalia,Rodentia,Dasyproctidae,Dasyprocta fuliginosa,FALSE,FALSE
Equisetopsida,Poales,Poaceae,Piresia sympodica,FALSE,FALSE
Equisetopsida,Lamiales,Bignoniaceae,Adenocalymma impressum,FALSE,FALSE
Insecta,Lepidoptera,Erebidae,Pitane napravniki,FALSE,FALSE
Aves,Falconiformes,Falconidae,Daptrius ater,FALSE,FALSE
Aves,Passeriformes,Tyrannidae,Pitangus lictor,FALSE,FALSE
Aves,Passeriformes,Tyrannidae,Pitangus sulphuratus,FALSE,FALSE
Equisetopsida,Malpighiales,Euphorbiaceae,Dalechampia micrantha,FALSE,FALSE
Equisetopsida,Malpighiales,Euphorbiaceae,Dalechampia gentryi,FALSE,FALSE
Equisetopsida,Fabales,Fabaceae,Dalbergia riparia,FALSE,FALSE
Equisetopsida,Fabales,Fabaceae,Dalbergia riedelii,FALSE,FALSE
Equisetopsida,Fabales,Fabaceae,Dalbergia monetaria,FALSE,FALSE
Equisetopsida,Fabales,Fabaceae,Dalbergia inundata,FALSE,FALSE
Equisetopsida,Lamiales,Bignoniaceae,Adenocalymma cladotrichum,FALSE,FALSE
Mammalia,Rodentia,Echimyidae,Dactylomys dactylinus,FALSE,FALSE
Equisetopsida,Sapindales,Burseraceae,Dacryodes peruviana,FALSE,FALSE
Mammalia,Primates,Pitheciidae,Pithecia aequatorialis,FALSE,FALSE
Equisetopsida,Sapindales,Burseraceae,Dacryodes nitens,FALSE,FALSE
Equisetopsida,Sapindales,Burseraceae,Dacryodes chimantensis,FALSE,FALSE
Aves,Passeriformes,Thraupidae,Dacnis lineata,FALSE,FALSE
Aves,Passeriformes,Thraupidae,Dacnis flaviventer,FALSE,FALSE
Aves,Passeriformes,Thraupidae,Dacnis cayana,FALSE,FALSE
Aves,Passeriformes,Thamnophilidae,Pithys albifrons,FALSE,FALSE
Equisetopsida,Polypodiales,Pteridaceae,Pityrogramma calomelanos,FALSE,FALSE
Aves,Passeriformes,Thraupidae,Dacnis albiventris,FALSE,FALSE
Aves,Passeriformes,Troglodytidae,Cyphorhinus arada,FALSE,FALSE
Actinopterygii,Characiformes,Curimatidae,Cyphocharax plumbeus,FALSE,FALSE
Actinopterygii,Characiformes,Curimatidae,Cyphocharax pantostictos,FALSE,FALSE
Actinopterygii,Characiformes,Curimatidae,Cyphocharax festivus,TRUE,FALSE
Equisetopsida,Poales,Cyperaceae,Cyperus odoratus,FALSE,FALSE
Equisetopsida,Poales,Cyperaceae,Cyperus luzulae,FALSE,FALSE
Equisetopsida,Poales,Cyperaceae,Cyperus chalaranthus,FALSE,FALSE
Equisetopsida,Fabales,Fabaceae,Cynometra spruceana,FALSE,FALSE
Equisetopsida,Fabales,Fabaceae,Cynometra martiana,FALSE,FALSE
Equisetopsida,Fabales,Fabaceae,Cynometra bauhiniifolia,FALSE,FALSE
Equisetopsida,Fabales,Fabaceae,Cymbosema roseum,FALSE,FALSE
Aves,Passeriformes,Tyrannidae,Platyrinchus coronatus,FALSE,FALSE
Equisetopsida,Magnoliales,Annonaceae,Cymbopetalum alkekengi,FALSE,FALSE
Aves,Passeriformes,Thamnophilidae,Cymbilaimus lineatus,FALSE,FALSE
Aves,Passeriformes,Tyrannidae,Platyrinchus saturatus,FALSE,FALSE
Mammalia,Chiroptera,Phyllostomidae,Platyrrhinus brachycephalus,FALSE,FALSE
Equisetopsida,Polypodiales,Dryopteridaceae,Cyclodium meniscioides,FALSE,FALSE
Mammalia,Chiroptera,Phyllostomidae,Platyrrhinus infuscus,FALSE,FALSE
Equisetopsida,Pandanales,Cyclanthaceae,Cyclanthus bipartitus,FALSE,FALSE
Equisetopsida,Ericales,Primulaceae,Cybianthus spichigeri,FALSE,FALSE
Equisetopsida,Ericales,Primulaceae,Cybianthus resinosus,FALSE,FALSE
Equisetopsida,Ericales,Primulaceae,Cybianthus peruvianus,FALSE,FALSE
Equisetopsida,Ericales,Primulaceae,Cybianthus nestorii,TRUE,FALSE
Equisetopsida,Ericales,Primulaceae,Cybianthus nanayensis,TRUE,FALSE
Equisetopsida,Ericales,Primulaceae,Cybianthus guyanensis,FALSE,FALSE
Equisetopsida,Cyatheales,Cyatheaceae,Cyathea pilosissima,FALSE,FALSE
Equisetopsida,Cyatheales,Cyatheaceae,Cyathea lasiosora,FALSE,FALSE
Equisetopsida,Cyatheales,Cyatheaceae,Cyathea bradei,FALSE,FALSE
Insecta,Lepidoptera,Erebidae,Pleurosoma angustata,FALSE,FALSE
Aves,Passeriformes,Cardinalidae,Cyanoloxia rothschildii,FALSE,FALSE
Aves,Passeriformes,Corvidae,Cyanocorax violaceus,FALSE,FALSE
Aves,Passeriformes,Thraupidae,Cyanerpes nitidus,FALSE,FALSE
Aves,Passeriformes,Thraupidae,Cyanerpes cyaneus,FALSE,FALSE
Aves,Passeriformes,Thraupidae,Cyanerpes caeruleus,FALSE,FALSE
Equisetopsida,Laurales,Lauraceae,Pleurothyrium brochidodromum,FALSE,FALSE
Equisetopsida,Santalales,Olacaceae,Curupira tefeensis,FALSE,FALSE
Equisetopsida,Laurales,Lauraceae,Pleurothyrium cuneifolium,FALSE,FALSE
Equisetopsida,Ranunculales,Menispermaceae,Curarea toxicofera,FALSE,FALSE
Equisetopsida,Ranunculales,Menispermaceae,Curarea tecunarum,FALSE,FALSE
Equisetopsida,Laurales,Lauraceae,Pleurothyrium panurense,FALSE,FALSE
Equisetopsida,Laurales,Lauraceae,Pleurothyrium parviflorum,FALSE,FALSE
Equisetopsida,Sapindales,Sapindaceae,Cupania latifolia,FALSE,FALSE
Equisetopsida,Sapindales,Sapindaceae,Cupania hispida,FALSE,FALSE
Equisetopsida,Sapindales,Sapindaceae,Cupania hirsuta,FALSE,FALSE
Equisetopsida,Sapindales,Sapindaceae,Cupania diphylla,FALSE,FALSE
Equisetopsida,Laurales,Lauraceae,Pleurothyrium vasquezii,FALSE,FALSE
Mammalia,Rodentia,Cuniculidae,Cuniculus paca,FALSE,FALSE
Equisetopsida,Malpighiales,Euphorbiaceae,Plukenetia loretensis,FALSE,FALSE
Equisetopsida,Malpighiales,Euphorbiaceae,Plukenetia polyadenia,FALSE,FALSE
Equisetopsida,Malpighiales,Euphorbiaceae,Plukenetia volubilis,FALSE,FALSE
Equisetopsida,Caryophyllales,Plumbaginaceae,Plumbago coerulea,FALSE,FALSE
Aves,Tinamiformes,Tinamidae,Crypturellus variegatus,FALSE,FALSE
Aves,Tinamiformes,Tinamidae,Crypturellus undulatus,FALSE,FALSE
Aves,Tinamiformes,Tinamidae,Crypturellus soui,FALSE,FALSE
Aves,Tinamiformes,Tinamidae,Crypturellus duidae,FALSE,TRUE
Aves,Tinamiformes,Tinamidae,Crypturellus cinereus,FALSE,FALSE
Aves,Tinamiformes,Tinamidae,Crypturellus casiquiare,FALSE,TRUE
Aves,Cuculiformes,Cuculidae,Crotophaga major,FALSE,FALSE
Equisetopsida,Malpighiales,Picrodendraceae,Podocalyx loranthoides,FALSE,FALSE
Equisetopsida,Podocarpales,Podocarpaceae,Podocarpus celatus,FALSE,FALSE
Aves,Cuculiformes,Cuculidae,Crotophaga ani,FALSE,FALSE
Equisetopsida,Malpighiales,Euphorbiaceae,Croton trinitatis,FALSE,FALSE
Equisetopsida,Malpighiales,Euphorbiaceae,Croton smithianus,FALSE,FALSE
Equisetopsida,Malpighiales,Euphorbiaceae,Croton palanostigma,FALSE,FALSE
Equisetopsida,Malpighiales,Euphorbiaceae,Croton cuneatus,FALSE,FALSE
Aves,Passeriformes,Tyrannidae,Poecilotriccus calopterus,FALSE,FALSE
Aves,Passeriformes,Tyrannidae,Poecilotriccus latirostris,FALSE,FALSE
Insecta,Lepidoptera,Erebidae,Poliopastea anthracina,FALSE,FALSE
Aves,Passeriformes,Polioptilidae,Polioptila clementsi,TRUE,TRUE
Aves,Passeriformes,Polioptilidae,Polioptila plumbea,FALSE,FALSE
Equisetopsida,Polypodiales,Dryopteridaceae,Polybotrya caudata,FALSE,FALSE
Actinopterygii,Characiformes,Crenuchidae,Crenuchus spilurus,FALSE,FALSE
Actinopterygii,Cichliformes,Cichlidae,Crenicichla proteus,FALSE,FALSE
Equisetopsida,Polypodiales,Dryopteridaceae,Polybotrya crassirhizoma,FALSE,FALSE
Actinopterygii,Cichliformes,Cichlidae,Crenicichla johanna,FALSE,FALSE
Actinopterygii,Cichliformes,Cichlidae,Crenicichla anthurus,FALSE,FALSE
Actinopterygii,Cichliformes,Cichlidae,Crenicara punctulatum,FALSE,FALSE
Equisetopsida,Polypodiales,Dryopteridaceae,Polybotrya osmundacea,FALSE,FALSE
Equisetopsida,Polypodiales,Dryopteridaceae,Polybotrya pubens,FALSE,FALSE
Equisetopsida,Magnoliales,Annonaceae,Cremastosperma microcarpum,FALSE,FALSE
Equisetopsida,Magnoliales,Annonaceae,Cremastosperma gracilipes,FALSE,FALSE
Equisetopsida,Magnoliales,Annonaceae,Cremastosperma cauliflorum,FALSE,FALSE
Equisetopsida,Gentianales,Rubiaceae,Coussarea tortilis,FALSE,FALSE
Equisetopsida,Gentianales,Rubiaceae,Coussarea spiciformis,FALSE,FALSE
Equisetopsida,Gentianales,Rubiaceae,Coussarea obliqua,FALSE,FALSE
Equisetopsida,Gentianales,Rubiaceae,Coussarea klugii,FALSE,FALSE
Equisetopsida,Gentianales,Rubiaceae,Coussarea hirticalyx,FALSE,FALSE
Equisetopsida,Rosales,Urticaceae,Coussapoa trinervia,FALSE,FALSE
Equisetopsida,Rosales,Urticaceae,Coussapoa tessmannii,FALSE,FALSE
Equisetopsida,Asparagales,Orchidaceae,Polystachya foliosa,FALSE,FALSE
Equisetopsida,Rosales,Urticaceae,Coussapoa ovalifolia,FALSE,FALSE
Equisetopsida,Rosales,Urticaceae,Coussapoa orthoneura,FALSE,FALSE
Equisetopsida,Rosales,Urticaceae,Coussapoa asperifolia,FALSE,FALSE
Equisetopsida,Ericales,Lecythidaceae,Couratari oligantha,FALSE,FALSE
Equisetopsida,Ericales,Lecythidaceae,Couratari guianensis,FALSE,FALSE
Equisetopsida,Gentianales,Apocynaceae,Couma macrocarpa,FALSE,FALSE
Equisetopsida,Malpighiales,Chrysobalanaceae,Couepia williamsii,FALSE,FALSE
Equisetopsida,Malpighiales,Chrysobalanaceae,Couepia ulei,FALSE,FALSE
Equisetopsida,Malpighiales,Chrysobalanaceae,Couepia racemosa,FALSE,FALSE
Equisetopsida,Malpighiales,Chrysobalanaceae,Couepia parillo,FALSE,FALSE
Equisetopsida,Polypodiales,Pteridaceae,Polytaenium guayanense,FALSE,FALSE
Equisetopsida,Malpighiales,Chrysobalanaceae,Couepia obovata,FALSE,FALSE
Equisetopsida,Malpighiales,Chrysobalanaceae,Couepia macrophylla,FALSE,FALSE
Equisetopsida,Malpighiales,Chrysobalanaceae,Couepia guianensis,FALSE,FALSE
Equisetopsida,Malpighiales,Chrysobalanaceae,Couepia dolichopoda,FALSE,FALSE
Equisetopsida,Malpighiales,Chrysobalanaceae,Couepia chrysocalyx,FALSE,FALSE
Equisetopsida,Malpighiales,Chrysobalanaceae,Couepia bernardii,FALSE,FALSE
Aves,Passeriformes,Cotingidae,Cotinga maynana,FALSE,FALSE
Insecta,Lepidoptera,Erebidae,Pompiliodes aliena,FALSE,FALSE
Aves,Passeriformes,Cotingidae,Cotinga cayana,FALSE,FALSE
Equisetopsida,Zingiberales,Costaceae,Costus longibracteolatus,FALSE,FALSE
Equisetopsida,Zingiberales,Costaceae,Costus lasius,FALSE,FALSE
Equisetopsida,Metteniusales,Metteniusaceae,Poraqueiba sericea,FALSE,FALSE
Aves,Passeriformes,Tyrannidae,Corythopis torquatus,FALSE,FALSE
Aves,Gruiformes,Rallidae,Porphyrio martinica,FALSE,FALSE
Actinopterygii,Siluriformes,Callichthyidae,Corydoras loretoensis,FALSE,FALSE
Actinopterygii,Siluriformes,Callichthyidae,Corydoras elegans,FALSE,FALSE
Actinopterygii,Siluriformes,Callichthyidae,Corydoras atropersonatus,FALSE,FALSE
Mammalia,Chiroptera,Emballonuridae,Cormura brevirostris,FALSE,FALSE
Equisetopsida,Gentianales,Rubiaceae,Posoqueria latifolia,FALSE,FALSE
Equisetopsida,Gentianales,Rubiaceae,Cordiera myrciifolia,FALSE,FALSE
Equisetopsida,Gentianales,Rubiaceae,Posoqueria longiflora,FALSE,FALSE
Equisetopsida,Gentianales,Gentianaceae,Potalia amara,FALSE,FALSE
Equisetopsida,Lamiales,Cordiaceae,Cordia ucayaliensis,FALSE,FALSE
Equisetopsida,Gentianales,Gentianaceae,Potalia coronata,FALSE,FALSE
Equisetopsida,Lamiales,Cordiaceae,Cordia nodosa,FALSE,FALSE
Equisetopsida,Lamiales,Cordiaceae,Cordia mexiana,FALSE,FALSE
Equisetopsida,Lamiales,Cordiaceae,Cordia kingstoniana,FALSE,FALSE
Equisetopsida,Malvales,Malvaceae,Corchorus orinocensis,FALSE,FALSE
Actinopterygii,Beloniformes,Belonidae,Potamorrhaphis guianensis,FALSE,FALSE
Actinopterygii,Characiformes,Curimatidae,Steindachnerina planiventris,FALSE,FALSE
Aves,Cathartiformes,Cathartidae,Coragyps atratus,FALSE,FALSE
Mammalia,Carnivora,Procyonidae,Potos flavus,FALSE,FALSE
Insecta,Lepidoptera,Lycaenidae,Corades melania,FALSE,FALSE
Insecta,Coleoptera,Scarabaeidae,Coprophanaeus telamon,FALSE,FALSE
Insecta,Coleoptera,Scarabaeidae,Coprophanaeus callegarii,FALSE,FALSE
Actinopterygii,Characiformes,Lebiasinidae,Copella nigrofasciata,FALSE,FALSE
Actinopterygii,Characiformes,Lebiasinidae,Copella metae,FALSE,FALSE
Equisetopsida,Rosales,Urticaceae,Pourouma bicolor,FALSE,FALSE
Aves,Passeriformes,Tyrannidae,Contopus virens,FALSE,FALSE
Equisetopsida,Rosales,Urticaceae,Pourouma cecropiifolia,FALSE,FALSE
Equisetopsida,Rosales,Urticaceae,Pourouma ferruginea,FALSE,FALSE
Equisetopsida,Rosales,Urticaceae,Pourouma guianensis,FALSE,FALSE
Aves,Passeriformes,Tyrannidae,Contopus cooperi,FALSE,FALSE
Equisetopsida,Rosales,Urticaceae,Pourouma herrerensis,TRUE,FALSE
Aves,Passeriformes,Conopophagidae,Conopophaga peruviana,FALSE,FALSE
Equisetopsida,Rosales,Urticaceae,Pourouma minor,FALSE,FALSE
Aves,Passeriformes,Tyrannidae,Conopias parvus,FALSE,FALSE
Equisetopsida,Rosales,Urticaceae,Pourouma mollis subsp. triloba,FALSE,FALSE
Equisetopsida,Rosales,Urticaceae,Pourouma myrmecophila,FALSE,FALSE
Equisetopsida,Rosales,Urticaceae,Pourouma ovata,FALSE,FALSE
Equisetopsida,Rosales,Urticaceae,Pourouma tomentosa,FALSE,FALSE
Equisetopsida,Oxalidales,Connaraceae,Connarus fasciculatus,FALSE,FALSE
Equisetopsida,Ericales,Sapotaceae,Pouteria bangii,FALSE,FALSE
Equisetopsida,Ericales,Sapotaceae,Pouteria caimito,FALSE,FALSE
Equisetopsida,Ericales,Sapotaceae,Pouteria cuspidata,FALSE,FALSE
Equisetopsida,Ericales,Sapotaceae,Pouteria durlandii,FALSE,FALSE
Equisetopsida,Ericales,Sapotaceae,Pouteria filipes,FALSE,FALSE
Equisetopsida,Ericales,Sapotaceae,Pouteria gomphiifolia,FALSE,FALSE
Equisetopsida,Ericales,Sapotaceae,Pouteria guianensis,FALSE,FALSE
Equisetopsida,Ericales,Sapotaceae,Pouteria krukovii,FALSE,FALSE
Equisetopsida,Ericales,Sapotaceae,Pouteria laevigata,FALSE,FALSE
Equisetopsida,Malpighiales,Euphorbiaceae,Conceveiba terminalis,FALSE,FALSE
Equisetopsida,Ericales,Sapotaceae,Pouteria lucumifolia,FALSE,FALSE
Equisetopsida,Malpighiales,Euphorbiaceae,Conceveiba rhytidocarpa,FALSE,FALSE
Equisetopsida,Malpighiales,Euphorbiaceae,Conceveiba maynasensis,TRUE,FALSE
Equisetopsida,Malpighiales,Euphorbiaceae,Conceveiba martiana,FALSE,FALSE
Equisetopsida,Ericales,Sapotaceae,Pouteria multiflora,FALSE,FALSE
Equisetopsida,Ericales,Sapotaceae,Pouteria oblanceolata,FALSE,FALSE
Equisetopsida,Malpighiales,Euphorbiaceae,Conceveiba guianensis,FALSE,FALSE
Equisetopsida,Magnoliales,Myristicaceae,Compsoneura sprucei,FALSE,FALSE
Equisetopsida,Magnoliales,Myristicaceae,Compsoneura capitellata,FALSE,FALSE
Equisetopsida,Ericales,Sapotaceae,Pouteria procera,FALSE,FALSE
Equisetopsida,Ericales,Sapotaceae,Pouteria putamen-ovi,FALSE,FALSE
Equisetopsida,Ericales,Sapotaceae,Pouteria reticulata,FALSE,FALSE
Equisetopsida,Ericales,Sapotaceae,Pouteria rostrata,FALSE,FALSE
Equisetopsida,Ericales,Sapotaceae,Pouteria subrotata,FALSE,FALSE
Equisetopsida,Myrtales,Combretaceae,Combretum llewelynii,FALSE,FALSE
Equisetopsida,Ericales,Sapotaceae,Pouteria torta,FALSE,FALSE
Equisetopsida,Myrtales,Combretaceae,Combretum laxum,FALSE,FALSE
Equisetopsida,Myrtales,Combretaceae,Combretum laurifolium,FALSE,FALSE
Equisetopsida,Ericales,Sapotaceae,Pouteria venosa,FALSE,FALSE
Equisetopsida,Ericales,Sapotaceae,Pradosia cochlearia,FALSE,FALSE
Equisetopsida,Lamiales,Gesneriaceae,Columnea inaequilatera,FALSE,FALSE
Aves,Columbiformes,Columbidae,Columbina talpacoti,FALSE,FALSE
Equisetopsida,Brassicales,Capparaceae,Preslianthus pittieri,FALSE,FALSE
Aves,Passeriformes,Hirundinidae,Stelgidopteryx ruficollis,FALSE,FALSE
Equisetopsida,Gentianales,Apocynaceae,Prestonia trifida,FALSE,FALSE
Equisetopsida,Gentianales,Apocynaceae,Prestonia vana,FALSE,FALSE
Mammalia,Cingulata,Chlamyphoridae,Priodontes maximus,FALSE,TRUE
Amphibia,Anura,Craugastoridae,Pristimantis academicus,TRUE,FALSE
Amphibia,Anura,Craugastoridae,Pristimantis acuminatus,FALSE,FALSE
Amphibia,Anura,Craugastoridae,Pristimantis altamazonicus,FALSE,FALSE
Amphibia,Anura,Craugastoridae,Pristimantis carvalhoi,FALSE,FALSE
Amphibia,Anura,Craugastoridae,Pristimantis conspicillatus,FALSE,FALSE
Amphibia,Anura,Craugastoridae,Pristimantis delius,TRUE,FALSE
Amphibia,Anura,Craugastoridae,Pristimantis diadematus,FALSE,FALSE
Amphibia,Anura,Craugastoridae,Pristimantis eurydactylus,TRUE,FALSE
Aves,Piciformes,Picidae,Colaptes punctigula,FALSE,FALSE
Amphibia,Anura,Craugastoridae,Pristimantis lacrimosus,TRUE,FALSE
Amphibia,Anura,Craugastoridae,Pristimantis lanthanites,FALSE,FALSE
Amphibia,Anura,Craugastoridae,Pristimantis malkini,FALSE,FALSE
Amphibia,Anura,Craugastoridae,Pristimantis martiae,FALSE,FALSE
Equisetopsida,Gentianales,Rubiaceae,Coffea arabica,FALSE,FALSE
Aves,Passeriformes,Thraupidae,Coereba flaveola,FALSE,FALSE
Amphibia,Anura,Craugastoridae,Pristimantis ockendeni,FALSE,FALSE
Amphibia,Anura,Craugastoridae,Pristimantis orcus,TRUE,FALSE
Amphibia,Anura,Craugastoridae,Pristimantis padiali,TRUE,FALSE
Amphibia,Anura,Craugastoridae,Pristimantis peruvianus,FALSE,FALSE
Mammalia,Rodentia,Erethizontidae,Coendou prehensilis,FALSE,FALSE
Equisetopsida,Lamiales,Gesneriaceae,Codonanthe uleana,FALSE,FALSE
Equisetopsida,Lamiales,Gesneriaceae,Codonanthe crassifolia,FALSE,FALSE
Aves,Pelecaniformes,Ardeidae,Cochlearius cochlearius,FALSE,FALSE
Aves,Cuculiformes,Cuculidae,Coccyzus americanus,FALSE,FALSE
Aves,Cuculiformes,Cuculidae,Coccycua minuta,FALSE,FALSE
Equisetopsida,Caryophyllales,Polygonaceae,Coccoloba paraensis,FALSE,FALSE
Mammalia,Carnivora,Procyonidae,Procyon cancrivorus,FALSE,FALSE
Equisetopsida,Caryophyllales,Polygonaceae,Coccoloba mollis,FALSE,FALSE
Equisetopsida,Caryophyllales,Polygonaceae,Coccoloba marginata,FALSE,FALSE
Equisetopsida,Caryophyllales,Polygonaceae,Coccoloba densifrons,FALSE,FALSE
Mammalia,Rodentia,Echimyidae,Proechimys brevicauda,FALSE,FALSE
Equisetopsida,Caryophyllales,Polygonaceae,Coccoloba ascendens,FALSE,FALSE
Mammalia,Rodentia,Echimyidae,Proechimys cuvieri,FALSE,FALSE
Mammalia,Rodentia,Echimyidae,Proechimys quadruplicatus,FALSE,FALSE
Mammalia,Rodentia,Echimyidae,Proechimys simonsi,FALSE,FALSE
Aves,Passeriformes,Tyrannidae,Cnipodectes subbrunneus,FALSE,FALSE
Aves,Passeriformes,Tyrannidae,Cnemotriccus fuscatus,FALSE,FALSE
Aves,Passeriformes,Hirundinidae,Progne chalybea,FALSE,FALSE
Equisetopsida,Malpighiales,Clusiaceae,Clusia viscida,FALSE,FALSE
Aves,Passeriformes,Hirundinidae,Progne subis,FALSE,FALSE
Equisetopsida,Malpighiales,Clusiaceae,Clusia rubrifructa,FALSE,FALSE
Equisetopsida,Malpighiales,Clusiaceae,Clusia penduliflora,FALSE,FALSE
Equisetopsida,Malpighiales,Clusiaceae,Clusia octandra,FALSE,FALSE
Aves,Passeriformes,Hirundinidae,Progne tapera,FALSE,FALSE
Equisetopsida,Malpighiales,Clusiaceae,Clusia microstemon,FALSE,FALSE
Equisetopsida,Malpighiales,Clusiaceae,Clusia martiana,FALSE,FALSE
Equisetopsida,Malpighiales,Clusiaceae,Clusia loretensis,FALSE,FALSE
Equisetopsida,Malpighiales,Clusiaceae,Clusia loranthacea,FALSE,FALSE
Equisetopsida,Malpighiales,Clusiaceae,Clusia leprantha,FALSE,FALSE
Equisetopsida,Malpighiales,Clusiaceae,Clusia laxiflora,FALSE,FALSE
Mammalia,Chiroptera,Molossidae,Promops centralis,FALSE,FALSE
Equisetopsida,Malpighiales,Clusiaceae,Clusia hammeliana,FALSE,FALSE
Equisetopsida,Malpighiales,Clusiaceae,Clusia flavida,FALSE,FALSE
Equisetopsida,Malpighiales,Clusiaceae,Clusia amazonica,FALSE,FALSE
Equisetopsida,Myrtales,Melastomataceae,Clidemia pustulata,FALSE,FALSE
Equisetopsida,Myrtales,Melastomataceae,Clidemia hirta,FALSE,FALSE
Equisetopsida,Myrtales,Melastomataceae,Clidemia capitellata,FALSE,FALSE
Aves,Passeriformes,Furnariidae,Clibanornis rubiginosus,FALSE,FALSE
Equisetopsida,Asterales,Asteraceae,Clibadium peruvianum,FALSE,FALSE
Equisetopsida,Sapindales,Burseraceae,Protium amazonicum,FALSE,FALSE
Equisetopsida,Sapindales,Burseraceae,Protium apiculatum,FALSE,FALSE
Equisetopsida,Sapindales,Burseraceae,Protium aracouchini,FALSE,FALSE
Equisetopsida,Sapindales,Burseraceae,Protium crassipetalum,FALSE,FALSE
Equisetopsida,Sapindales,Burseraceae,Protium divaricatum,FALSE,FALSE
Equisetopsida,Ericales,Primulaceae,Clavija weberbaueri,FALSE,FALSE
Equisetopsida,Ericales,Primulaceae,Clavija venosa,FALSE,FALSE
Equisetopsida,Sapindales,Burseraceae,Protium ferrugineum,FALSE,FALSE
Equisetopsida,Sapindales,Burseraceae,Protium fimbriatum,FALSE,FALSE
Equisetopsida,Sapindales,Burseraceae,Protium gallosum,FALSE,FALSE
Equisetopsida,Sapindales,Burseraceae,Protium glabrescens,FALSE,FALSE
Equisetopsida,Myrtales,Melastomataceae,Adelobotrys marginatus,FALSE,FALSE
Equisetopsida,Sapindales,Burseraceae,Protium goudotianum,FALSE,FALSE
Equisetopsida,Rosales,Moraceae,Clarisia racemosa,FALSE,FALSE
Equisetopsida,Sapindales,Burseraceae,Protium grandifolium,FALSE,FALSE
Equisetopsida,Myrtales,Melastomataceae,Adelobotrys intonsus,FALSE,FALSE
Equisetopsida,Sapindales,Burseraceae,Protium hebetatum,FALSE,FALSE
Equisetopsida,Sapindales,Burseraceae,Protium heptaphyllum,FALSE,FALSE
Equisetopsida,Rosales,Moraceae,Clarisia biflora,FALSE,FALSE
Equisetopsida,Sapindales,Burseraceae,Protium klugii,FALSE,FALSE
Aves,Columbiformes,Columbidae,Claravis pretiosa,FALSE,FALSE
Equisetopsida,Sapindales,Burseraceae,Protium macrophyllum,FALSE,FALSE
Equisetopsida,Sapindales,Burseraceae,Protium nitidifolium,FALSE,FALSE
Equisetopsida,Sapindales,Burseraceae,Protium nodulosum,FALSE,FALSE
Equisetopsida,Aquifoliales,Cardiopteridaceae,Citronella incarum,FALSE,FALSE
Equisetopsida,Sapindales,Burseraceae,Protium opacum,FALSE,FALSE
Equisetopsida,Sapindales,Burseraceae,Protium paniculatum,FALSE,FALSE
Equisetopsida,Sapindales,Burseraceae,Protium prancei,FALSE,FALSE
Equisetopsida,Sapindales,Burseraceae,Protium rhoifolium,FALSE,FALSE
Insecta,Lepidoptera,Nymphalidae,Cithaerias pireta,FALSE,FALSE
Equisetopsida,Sapindales,Burseraceae,Protium robustum,FALSE,FALSE
Equisetopsida,Sapindales,Burseraceae,Protium sagotianum,FALSE,FALSE
Equisetopsida,Vitales,Vitaceae,Cissus ulmifolia,FALSE,FALSE
Equisetopsida,Sapindales,Burseraceae,Protium spruceanum,FALSE,FALSE
Equisetopsida,Sapindales,Burseraceae,Protium stevensonii,FALSE,FALSE
Equisetopsida,Vitales,Vitaceae,Cissus erosa,FALSE,FALSE
Equisetopsida,Vitales,Vitaceae,Cissus descoingsii,FALSE,FALSE
Equisetopsida,Sapindales,Burseraceae,Protium subserratum,FALSE,FALSE
Equisetopsida,Vitales,Vitaceae,Cissus acreensis,FALSE,FALSE
Aves,Passeriformes,Thraupidae,Cissopis leverianus,FALSE,FALSE
Equisetopsida,Sapindales,Burseraceae,Protium tenuifolium,FALSE,FALSE
Equisetopsida,Sapindales,Burseraceae,Protium trifoliolatum,FALSE,FALSE
Insecta,Lepidoptera,Nymphalidae,Cissia terrestris,FALSE,FALSE
Equisetopsida,Sapindales,Burseraceae,Protium unifoliolatum,FALSE,FALSE
Insecta,Lepidoptera,Nymphalidae,Cissia penelope,FALSE,FALSE
Equisetopsida,Ranunculales,Menispermaceae,Cissampelos tropaeolifolia,FALSE,FALSE
Equisetopsida,Ranunculales,Menispermaceae,Cissampelos andromorpha,FALSE,FALSE
Insecta,Lepidoptera,Nymphalidae,Cisandina philippa,FALSE,FALSE
Equisetopsida,Rosales,Rosaceae,Prunus detrita,TRUE,FALSE
Equisetopsida,Rosales,Rosaceae,Prunus rotunda,TRUE,FALSE
Aves,Passeriformes,Icteridae,Psarocolius angustifrons,FALSE,FALSE
Aves,Passeriformes,Icteridae,Psarocolius bifasciatus,FALSE,FALSE
Aves,Passeriformes,Icteridae,Psarocolius decumanus,FALSE,FALSE
Equisetopsida,Gentianales,Rubiaceae,Ciliosemina pedunculata,FALSE,FALSE
Aves,Passeriformes,Icteridae,Psarocolius viridis,FALSE,FALSE
Aves,Charadriiformes,Scolopacidae,Actitis macularius,FALSE,FALSE
Insecta,Lepidoptera,Erebidae,Pseudaclytia opponens,FALSE,FALSE
Actinopterygii,Characiformes,Anostomidae,Pseudanos gracilis,FALSE,FALSE
Aves,Strigiformes,Strigidae,Ciccaba virgata,FALSE,FALSE
Aves,Strigiformes,Strigidae,Ciccaba huhula,FALSE,FALSE
Equisetopsida,Asterales,Asteraceae,Pseudelephantopus spiralis,FALSE,FALSE
Aves,Apodiformes,Trochilidae,Chrysuronia oenone,FALSE,FALSE
Equisetopsida,Oxalidales,Connaraceae,Pseudoconnarus agelaeoides,TRUE,FALSE
Equisetopsida,Oxalidales,Connaraceae,Pseudoconnarus macrophyllus,FALSE,FALSE
Equisetopsida,Ericales,Sapotaceae,Chrysophyllum sanguinolentum,FALSE,FALSE
Equisetopsida,Ericales,Sapotaceae,Chrysophyllum prieurii,FALSE,FALSE
Equisetopsida,Ericales,Sapotaceae,Chrysophyllum peruvianum,FALSE,FALSE
Equisetopsida,Ericales,Sapotaceae,Chrysophyllum manaosense,FALSE,FALSE
Equisetopsida,Ericales,Sapotaceae,Chrysophyllum bombycinum,FALSE,FALSE
Equisetopsida,Ericales,Sapotaceae,Chrysophyllum argenteum,FALSE,FALSE
Equisetopsida,Ericales,Sapotaceae,Chrysophyllum amazonicum,FALSE,FALSE
Aves,Passeriformes,Icteridae,Chrysomus icterocephalus,FALSE,FALSE
Equisetopsida,Malpighiales,Clusiaceae,Chrysochlamys weberbaueri,FALSE,FALSE
Mammalia,Chiroptera,Phyllostomidae,Chrotopterus auritus,FALSE,FALSE
Equisetopsida,Rosales,Moraceae,Pseudolmedia laevigata,FALSE,FALSE
Equisetopsida,Rosales,Moraceae,Pseudolmedia laevis,FALSE,FALSE
Equisetopsida,Rosales,Moraceae,Pseudolmedia rigida,FALSE,FALSE
Aves,Caprimulgiformes,Caprimulgidae,Chordeiles rupestris,FALSE,FALSE
Insecta,Lepidoptera,Erebidae,Pseudomya cassandra,FALSE,FALSE
Insecta,Lepidoptera,Erebidae,Pseudomya temenus,FALSE,FALSE
Insecta,Lepidoptera,Erebidae,Pseudomya vindonissa,FALSE,FALSE
Insecta,Hymenoptera,Formicidae,Pseudomyrmex concolor,FALSE,FALSE
Insecta,Hymenoptera,Formicidae,Pseudomyrmex penetrator,FALSE,FALSE
Aves,Caprimulgiformes,Caprimulgidae,Chordeiles minor,FALSE,FALSE
Equisetopsida,Gentianales,Rubiaceae,Chomelia tenuiflora,FALSE,FALSE
Aves,Passeriformes,Pipridae,Pseudopipra pipra,FALSE,FALSE
Mammalia,Pilosa,Choloepodidae,Choloepus hoffmanni,FALSE,FALSE
Mammalia,Pilosa,Choloepodidae,Choloepus didactylus,FALSE,FALSE
Insecta,Lepidoptera,Erebidae,Pseudopompilia vespa,FALSE,FALSE
Mammalia,Chiroptera,Phyllostomidae,Choeroniscus minor,FALSE,FALSE
Equisetopsida,Caryophyllales,Cactaceae,Pseudorhipsalis amazonica,FALSE,FALSE
Aves,Apodiformes,Trochilidae,Chlorostilbon mellisugus,FALSE,FALSE
Aves,Passeriformes,Thraupidae,Chlorophanes spiza,FALSE,FALSE
Equisetopsida,Magnoliales,Annonaceae,Pseudoxandra lucida,FALSE,FALSE
Equisetopsida,Magnoliales,Annonaceae,Pseudoxandra polyphleba,FALSE,FALSE
Equisetopsida,Myrtales,Myrtaceae,Psidium acutangulum,FALSE,FALSE
Equisetopsida,Myrtales,Myrtaceae,Psidium densicomum,FALSE,FALSE
Aves,Coraciiformes,Alcedinidae,Chloroceryle inda,FALSE,FALSE
Aves,Coraciiformes,Alcedinidae,Chloroceryle americana,FALSE,FALSE
Equisetopsida,Santalales,Loranthaceae,Psittacanthus baguensis,FALSE,FALSE
Equisetopsida,Santalales,Loranthaceae,Psittacanthus clusiifolius,FALSE,FALSE
Equisetopsida,Santalales,Loranthaceae,Psittacanthus corynocephalus,FALSE,FALSE
Aves,Coraciiformes,Alcedinidae,Chloroceryle amazona,FALSE,FALSE
Aves,Coraciiformes,Alcedinidae,Chloroceryle aenea,FALSE,FALSE
Equisetopsida,Santalales,Loranthaceae,Psittacanthus lamprophyllus,FALSE,FALSE
Equisetopsida,Santalales,Loranthaceae,Psittacanthus peculiaris,TRUE,FALSE
Equisetopsida,Santalales,Loranthaceae,Psittacanthus truncatus,FALSE,FALSE
Aves,Psittaciformes,Psittacidae,Psittacara leucophthalmus,FALSE,FALSE
Insecta,Lepidoptera,Nymphalidae,Chloreuptychia hewitsonii,FALSE,FALSE
Insecta,Lepidoptera,Nymphalidae,Chloreuptychia herseis,FALSE,FALSE
Insecta,Lepidoptera,Nymphalidae,Chloreuptychia chlorimene,FALSE,FALSE
Insecta,Lepidoptera,Nymphalidae,Chloreuptychia catharina,FALSE,FALSE
Insecta,Lepidoptera,Nymphalidae,Chloreuptychia arnaca,FALSE,FALSE
Insecta,Lepidoptera,Nymphalidae,Chloreuptychia agatha,FALSE,FALSE
Aves,Apodiformes,Trochilidae,Chlorestes cyanus,FALSE,FALSE
Aves,Gruiformes,Psophiidae,Psophia crepitans,FALSE,FALSE
Equisetopsida,Gentianales,Rubiaceae,Psychotria anceps,FALSE,FALSE
Equisetopsida,Gentianales,Rubiaceae,Psychotria capitata,FALSE,FALSE
Mammalia,Didelphimorphia,Didelphidae,Chironectes minimus,FALSE,FALSE
Mammalia,Chiroptera,Phyllostomidae,Chiroderma villosum,FALSE,FALSE
Mammalia,Chiroptera,Phyllostomidae,Chiroderma trinitatum,FALSE,FALSE
Mammalia,Chiroptera,Phyllostomidae,Chiroderma salvini,FALSE,FALSE
Equisetopsida,Gentianales,Rubiaceae,Psychotria cincta,FALSE,FALSE
Equisetopsida,Gentianales,Rubiaceae,Psychotria deflexa,FALSE,FALSE
Equisetopsida,Gentianales,Rubiaceae,Psychotria erecta,FALSE,FALSE
Aves,Apodiformes,Trochilidae,Chionomesa fimbriata,FALSE,FALSE
Equisetopsida,Gentianales,Rubiaceae,Psychotria humboldtiana,FALSE,FALSE
Equisetopsida,Gentianales,Rubiaceae,Psychotria iodotricha,FALSE,FALSE
Equisetopsida,Gentianales,Rubiaceae,Chimarrhis hookeri,FALSE,FALSE
Equisetopsida,Gentianales,Rubiaceae,Chimarrhis gentryana,FALSE,FALSE
Equisetopsida,Gentianales,Rubiaceae,Psychotria longicuspis,FALSE,FALSE
Actinopterygii,Characiformes,Chilodontidae,Chilodus punctatus,FALSE,FALSE
Equisetopsida,Gentianales,Rubiaceae,Psychotria marcgraviella,FALSE,FALSE
Equisetopsida,Gentianales,Rubiaceae,Psychotria medusula,FALSE,FALSE
Amphibia,Anura,Microhylidae,Chiasmocleis ventrimaculata,FALSE,FALSE
Amphibia,Anura,Microhylidae,Chiasmocleis carvalhoi,FALSE,FALSE
Amphibia,Anura,Microhylidae,Chiasmocleis bassleri,FALSE,FALSE
Mammalia,Primates,Pitheciidae,Cheracebus aquinoi,FALSE,FALSE
Equisetopsida,Gentianales,Rubiaceae,Psychotria peruviana,FALSE,FALSE
Equisetopsida,Gentianales,Rubiaceae,Psychotria poeppigiana,FALSE,FALSE
Equisetopsida,Gentianales,Rubiaceae,Psychotria racemosa,FALSE,FALSE
Equisetopsida,Gentianales,Rubiaceae,Psychotria remota,FALSE,FALSE
Aves,Galbuliformes,Bucconidae,Chelidoptera tenebrosa,FALSE,FALSE
Equisetopsida,Gentianales,Rubiaceae,Psychotria rosea,FALSE,FALSE
Equisetopsida,Gentianales,Rubiaceae,Psychotria ruizii,FALSE,FALSE
Equisetopsida,Gentianales,Rubiaceae,Psychotria stipulosa,FALSE,FALSE
Equisetopsida,Celastrales,Celastraceae,Cheiloclinium obtusum,FALSE,FALSE
Equisetopsida,Celastrales,Celastraceae,Cheiloclinium belizense,FALSE,FALSE
Equisetopsida,Gentianales,Rubiaceae,Psychotria trichocephala,FALSE,FALSE
Equisetopsida,Gentianales,Rubiaceae,Psychotria williamsii,FALSE,FALSE
Aves,Charadriiformes,Charadriidae,Charadrius collaris,FALSE,FALSE
Actinopterygii,Characiformes,Crenuchidae,Characidium steindachneri,FALSE,FALSE
Aves,Passeriformes,Formicariidae,Chamaeza nobilis,FALSE,FALSE
Equisetopsida,Fabales,Fabaceae,Pterocarpus amazonum,FALSE,FALSE
Equisetopsida,Fabales,Fabaceae,Pterocarpus rohrii,FALSE,FALSE
Aves,Piciformes,Ramphastidae,Pteroglossus azara,FALSE,FALSE
Equisetopsida,Arecales,Arecaceae,Chamaedorea pinnatifrons,FALSE,FALSE
Equisetopsida,Arecales,Arecaceae,Chamaedorea pauciflora,FALSE,FALSE
Aves,Piciformes,Ramphastidae,Pteroglossus castanotis,FALSE,FALSE
Actinopterygii,Characiformes,Chalceidae,Chalceus erythrurus,FALSE,FALSE
Aves,Piciformes,Ramphastidae,Pteroglossus inscriptus,FALSE,FALSE
Aves,Apodiformes,Apodidae,Chaetura egregia,FALSE,FALSE
Aves,Piciformes,Ramphastidae,Pteroglossus pluricinctus,FALSE,FALSE
Aves,Apodiformes,Apodidae,Chaetura cinereiventris,FALSE,FALSE
Aves,Apodiformes,Apodidae,Chaetura brachyura,FALSE,FALSE
Insecta,Lepidoptera,Erebidae,Aclytia klagesi,FALSE,FALSE
Equisetopsida,Malpighiales,Peraceae,Chaetocarpus echinocarpus,FALSE,FALSE
Equisetopsida,Fabales,Fabaceae,Pueraria phaseoloides,FALSE,FALSE
Equisetopsida,Solanales,Solanaceae,Cestrum microcalyx,FALSE,FALSE
Equisetopsida,Solanales,Solanaceae,Cestrum megalophyllum,FALSE,FALSE
Equisetopsida,Solanales,Solanaceae,Cestrum mariquitense,FALSE,FALSE
Equisetopsida,Solanales,Solanaceae,Cestrum laevifolium,TRUE,FALSE
Equisetopsida,Malpighiales,Ochnaceae,Cespedesia spathulata,FALSE,FALSE
Aves,Passeriformes,Furnariidae,Certhiasomus stictolaemus,FALSE,FALSE
Aves,Strigiformes,Strigidae,Pulsatrix perspicillata,FALSE,FALSE
Mammalia,Carnivora,Felidae,Puma concolor,FALSE,FALSE
Aves,Passeriformes,Thamnophilidae,Cercomacroides serva,FALSE,FALSE
Aves,Passeriformes,Thamnophilidae,Cercomacra cinerascens,FALSE,FALSE
Mammalia,Carnivora,Felidae,Puma yagouaroundi,FALSE,FALSE
Aves,Passeriformes,Pipridae,Ceratopipra erythrocephala,FALSE,FALSE
Aves,Passeriformes,Thamnophilidae,Pygiptila stellaris,FALSE,FALSE
Mammalia,Chiroptera,Emballonuridae,Centronycteris maximiliani,FALSE,FALSE
Equisetopsida,Rosales,Cannabaceae,Celtis iguanaea,FALSE,TRUE
Aves,Piciformes,Picidae,Celeus torquatus,FALSE,FALSE
Aves,Piciformes,Picidae,Celeus grammicus,FALSE,FALSE
Aves,Piciformes,Picidae,Celeus flavus,FALSE,FALSE
Aves,Psittaciformes,Psittacidae,Pyrilia barrabandi,FALSE,FALSE
Aves,Piciformes,Picidae,Celeus elegans,FALSE,FALSE
Aves,Passeriformes,Tyrannidae,Pyrocephalus rubinus,FALSE,FALSE
Equisetopsida,Sapindales,Meliaceae,Cedrela odorata,FALSE,TRUE
Equisetopsida,Rosales,Urticaceae,Cecropia sciadophylla,FALSE,FALSE
Equisetopsida,Myrtales,Melastomataceae,Aciotis purpurascens,FALSE,FALSE
Equisetopsida,Rosales,Urticaceae,Cecropia membranacea,FALSE,FALSE
Actinopterygii,Characiformes,Lebiasinidae,Pyrrhulina zigzag,FALSE,FALSE
Equisetopsida,Rosales,Urticaceae,Cecropia gabrielis,FALSE,FALSE
Aves,Psittaciformes,Psittacidae,Pyrrhura melanura,FALSE,FALSE
Equisetopsida,Rosales,Urticaceae,Cecropia ficifolia,FALSE,FALSE
Equisetopsida,Rosales,Urticaceae,Cecropia engleriana,FALSE,FALSE
Equisetopsida,Rosales,Urticaceae,Cecropia distachya,FALSE,FALSE
Mammalia,Primates,Cebidae,Cebus (Sapajus) apella,FALSE,FALSE
Mammalia,Primates,Cebidae,Cebus (Cebus) albifrons,FALSE,FALSE
Mammalia,Primates,Cebidae,Cebuella pygmaea,FALSE,FALSE
Equisetopsida,Myrtales,Melastomataceae,Aciotis polystachya,FALSE,FALSE
Equisetopsida,Myrtales,Vochysiaceae,Qualea paraensis,FALSE,FALSE
Equisetopsida,Myrtales,Melastomataceae,Aciotis acuminifolia,FALSE,FALSE
Equisetopsida,Malpighiales,Chrysobalanaceae,Acioa dolichopoda,FALSE,FALSE
Equisetopsida,Cucurbitales,Cucurbitaceae,Cayaponia macrocalyx,FALSE,FALSE
Insecta,Lepidoptera,Nymphalidae,Catoblepia soranus,FALSE,FALSE
Aves,Passeriformes,Cotingidae,Querula purpurata,FALSE,FALSE
Equisetopsida,Santalales,Olacaceae,Cathedra acuminata,FALSE,FALSE
Aves,Passeriformes,Turdidae,Catharus ustulatus,FALSE,FALSE
Equisetopsida,Malpighiales,Ochnaceae,Quiina amazonica,FALSE,FALSE
Aves,Passeriformes,Turdidae,Catharus minimus,FALSE,FALSE
Equisetopsida,Malpighiales,Ochnaceae,Quiina cruegeriana,FALSE,FALSE
Equisetopsida,Malpighiales,Ochnaceae,Quiina florida,FALSE,FALSE
Equisetopsida,Malpighiales,Ochnaceae,Quiina macrophylla,FALSE,FALSE
Equisetopsida,Malpighiales,Ochnaceae,Quiina obovata,FALSE,FALSE
Aves,Cathartiformes,Cathartidae,Cathartes melambrotus,FALSE,FALSE
Aves,Cathartiformes,Cathartidae,Cathartes burrovianus,FALSE,FALSE
Aves,Cathartiformes,Cathartidae,Cathartes aura,FALSE,FALSE
Aves,Piciformes,Ramphastidae,Ramphastos tucanus,FALSE,FALSE
Equisetopsida,Asparagales,Orchidaceae,Acianthera discophylla,FALSE,FALSE
Aves,Piciformes,Ramphastidae,Ramphastos vitellinus,FALSE,FALSE
Aves,Passeriformes,Polioptilidae,Ramphocaenus melanurus,FALSE,FALSE
Equisetopsida,Rosales,Moraceae,Castilla ulei,FALSE,FALSE
Aves,Passeriformes,Thraupidae,Ramphocelus carbo,FALSE,FALSE
Equisetopsida,Malpighiales,Rhizophoraceae,Cassipourea peruviana,FALSE,FALSE
Equisetopsida,Malpighiales,Salicaceae,Casearia ulmifolia,FALSE,FALSE
Equisetopsida,Malpighiales,Salicaceae,Casearia uleana,FALSE,FALSE
Equisetopsida,Malpighiales,Salicaceae,Casearia sylvestris,FALSE,FALSE
Equisetopsida,Malpighiales,Salicaceae,Casearia resinifera,FALSE,FALSE
Aves,Passeriformes,Thraupidae,Ramphocelus nigrogularis,FALSE,FALSE
Equisetopsida,Malpighiales,Salicaceae,Casearia prunifolia,FALSE,FALSE
Equisetopsida,Malpighiales,Salicaceae,Casearia pitumba,FALSE,FALSE
Equisetopsida,Malpighiales,Salicaceae,Casearia mariquitensis,FALSE,FALSE
Equisetopsida,Malpighiales,Salicaceae,Casearia javitensis,FALSE,FALSE
Equisetopsida,Malpighiales,Salicaceae,Casearia fasciculata,FALSE,FALSE
Equisetopsida,Malpighiales,Salicaceae,Casearia decandra,FALSE,FALSE
Equisetopsida,Malpighiales,Salicaceae,Casearia combaymensis,FALSE,FALSE
Equisetopsida,Malpighiales,Salicaceae,Casearia arborea,FALSE,FALSE
Equisetopsida,Malpighiales,Salicaceae,Casearia acuminata,FALSE,FALSE
Equisetopsida,Malpighiales,Salicaceae,Casearia aculeata,FALSE,FALSE
Equisetopsida,Malpighiales,Euphorbiaceae,Caryodendron orinocense,FALSE,FALSE
Equisetopsida,Malpighiales,Caryocaraceae,Caryocar microcarpum,FALSE,FALSE
Equisetopsida,Malpighiales,Caryocaraceae,Caryocar glabrum,FALSE,FALSE
Aves,Passeriformes,Tyrannidae,Ramphotrigon ruficauda,FALSE,FALSE
Equisetopsida,Gentianales,Rubiaceae,Randia armata,FALSE,FALSE
Amphibia,Anura,Dendrobatidae,Ranitomeya amazonica,TRUE,FALSE
Amphibia,Anura,Dendrobatidae,Ranitomeya reticulata,FALSE,FALSE
Equisetopsida,Malpighiales,Achariaceae,Carpotroche longifolia,FALSE,FALSE
Mammalia,Chiroptera,Phyllostomidae,Carollia perspicillata,FALSE,FALSE
Amphibia,Anura,Dendrobatidae,Ranitomeya ventrimaculata,FALSE,FALSE
Mammalia,Chiroptera,Phyllostomidae,Carollia castanea,FALSE,FALSE
Mammalia,Chiroptera,Phyllostomidae,Carollia brevicauda,FALSE,FALSE
Actinopterygii,Characiformes,Gasteropelecidae,Carnegiella strigata,FALSE,FALSE
Actinopterygii,Characiformes,Gasteropelecidae,Carnegiella marthae,FALSE,FALSE
Equisetopsida,Pandanales,Cyclanthaceae,Carludovica palmata,FALSE,FALSE
Equisetopsida,Poales,Rapateaceae,Rapatea paludosa,FALSE,FALSE
Equisetopsida,Sapindales,Rutaceae,Raputia heptaphylla,FALSE,FALSE
Equisetopsida,Sapindales,Rutaceae,Raputia megalantha,FALSE,FALSE
Equisetopsida,Gentianales,Apocynaceae,Rauvolfia macrantha,FALSE,FALSE
Equisetopsida,Gentianales,Rubiaceae,Carapichea klugii,FALSE,FALSE
Equisetopsida,Gentianales,Apocynaceae,Rauvolfia sprucei,FALSE,FALSE
Equisetopsida,Sapindales,Rutaceae,Ravenia biramosa,FALSE,FALSE
Equisetopsida,Gentianales,Rubiaceae,Carapichea adinantha,FALSE,FALSE
Equisetopsida,Sapindales,Meliaceae,Carapa procera,FALSE,FALSE
Equisetopsida,Sapindales,Meliaceae,Carapa guianensis,FALSE,FALSE
Equisetopsida,Malpighiales,Calophyllaceae,Caraipa utilis,TRUE,TRUE
Equisetopsida,Malpighiales,Calophyllaceae,Caraipa tereticaulis,FALSE,FALSE
Equisetopsida,Malpighiales,Calophyllaceae,Caraipa punctulata,FALSE,FALSE
Equisetopsida,Malpighiales,Calophyllaceae,Caraipa jaramilloi,TRUE,FALSE
Equisetopsida,Malpighiales,Calophyllaceae,Caraipa densifolia,FALSE,FALSE
Equisetopsida,Malpighiales,Calophyllaceae,Caraipa davilae,FALSE,FALSE
Equisetopsida,Gentianales,Rubiaceae,Remijia macrocnemia,FALSE,FALSE
Equisetopsida,Gentianales,Rubiaceae,Remijia pacimonica,FALSE,FALSE
Equisetopsida,Gentianales,Rubiaceae,Remijia ulei,FALSE,FALSE
Equisetopsida,Zingiberales,Zingiberaceae,Renealmia breviscapa,FALSE,FALSE
Aves,Falconiformes,Falconidae,Caracara plancus,FALSE,FALSE
Equisetopsida,Zingiberales,Zingiberaceae,Renealmia floribunda,FALSE,FALSE
Equisetopsida,Zingiberales,Zingiberaceae,Renealmia monosperma,FALSE,FALSE
Equisetopsida,Brassicales,Capparaceae,Capparidastrum sola,FALSE,FALSE
Aves,Piciformes,Capitonidae,Capito aurovirens,FALSE,FALSE
Aves,Piciformes,Capitonidae,Capito auratus,FALSE,FALSE
Equisetopsida,Zingiberales,Zingiberaceae,Renealmia thyrsoidea,FALSE,FALSE
Equisetopsida,Gentianales,Rubiaceae,Retiniphyllum concolor,FALSE,FALSE
Equisetopsida,Gentianales,Rubiaceae,Retiniphyllum martianum,FALSE,FALSE
Aves,Passeriformes,Troglodytidae,Cantorchilus leucotis,FALSE,FALSE
Insecta,Coleoptera,Scarabaeidae,Canthon subhyalinus,FALSE,FALSE
Amphibia,Anura,Bufonidae,Rhaebo guttatus,FALSE,FALSE
Actinopterygii,Siluriformes,Heptapteridae,Rhamdia quelen,FALSE,FALSE
Equisetopsida,Rosales,Rhamnaceae,Rhamnidium elaeocarpum,FALSE,FALSE
Insecta,Coleoptera,Scarabaeidae,Canthidium gerstaeckeri,FALSE,FALSE
Equisetopsida,Zingiberales,Cannaceae,Canna indica,FALSE,FALSE
Equisetopsida,Dioscoreales,Burmanniaceae,Campylosiphon purpurascens,FALSE,FALSE
Aves,Passeriformes,Troglodytidae,Campylorhynchus turdinus,FALSE,FALSE
Aves,Passeriformes,Thamnophilidae,Rhegmatorhina melanosticta,FALSE,FALSE
Amphibia,Anura,Bufonidae,Rhinella ceratophrys,FALSE,FALSE
Amphibia,Anura,Bufonidae,Rhinella dapsilis,FALSE,FALSE
Amphibia,Anura,Bufonidae,Rhinella margaritifera,FALSE,FALSE
Equisetopsida,Polypodiales,Polypodiaceae,Campyloneurum repens,FALSE,FALSE
Amphibia,Anura,Bufonidae,Rhinella marina,FALSE,FALSE
Amphibia,Anura,Bufonidae,Rhinella unapensis,FALSE,FALSE
Aves,Passeriformes,Tyrannidae,Camptostoma obsoletum,FALSE,FALSE
Mammalia,Chiroptera,Phyllostomidae,Rhinophylla fischerae,FALSE,FALSE
Mammalia,Chiroptera,Phyllostomidae,Rhinophylla pumilio,FALSE,FALSE
Equisetopsida,Fabales,Fabaceae,Campsiandra angustifolia,FALSE,FALSE
Aves,Piciformes,Picidae,Campephilus rubricollis,FALSE,FALSE
Mammalia,Rodentia,Cricetidae,Rhipidomys leucodactylus,FALSE,FALSE
Aves,Piciformes,Picidae,Campephilus melanoleucos,FALSE,FALSE
Equisetopsida,Poales,Cyperaceae,Calyptrocarya poeppigiana,FALSE,FALSE
Equisetopsida,Poales,Cyperaceae,Calyptrocarya glomerulata,FALSE,FALSE
Equisetopsida,Poales,Cyperaceae,Calyptrocarya bicolor,FALSE,FALSE
Equisetopsida,Myrtales,Myrtaceae,Calyptranthes pulchella,FALSE,FALSE
Equisetopsida,Myrtales,Myrtaceae,Calyptranthes macrophylla,FALSE,FALSE
Equisetopsida,Myrtales,Myrtaceae,Calyptranthes longifolia,FALSE,FALSE
Equisetopsida,Myrtales,Myrtaceae,Calyptranthes glandulosa,FALSE,FALSE
Equisetopsida,Myrtales,Myrtaceae,Calyptranthes cuspidata,FALSE,FALSE
Equisetopsida,Alismatales,Araceae,Rhodospatha latifolia,FALSE,FALSE
Equisetopsida,Laurales,Lauraceae,Rhodostemonodaphne grandis,FALSE,FALSE
Equisetopsida,Laurales,Lauraceae,Rhodostemonodaphne licanioides,FALSE,FALSE
Equisetopsida,Gentianales,Rubiaceae,Calycophyllum megistocaulum,FALSE,FALSE
Mammalia,Didelphimorphia,Didelphidae,Caluromys lanatus,FALSE,FALSE
Equisetopsida,Malpighiales,Calophyllaceae,Calophyllum longifolium,FALSE,FALSE
Equisetopsida,Malpighiales,Calophyllaceae,Calophyllum brasiliense,FALSE,FALSE
Mammalia,Chiroptera,Emballonuridae,Rhynchonycteris naso,FALSE,FALSE
Insecta,Lepidoptera,Sphingidae,Callionima parce parce,FALSE,FALSE
Mammalia,Primates,Cebidae,Callimico goeldii,FALSE,TRUE
Amphibia,Anura,Phyllomedusidae,Callimedusa tomopterna,FALSE,FALSE
Actinopterygii,Siluriformes,Callichthyidae,Callichthys callichthys,FALSE,FALSE
Equisetopsida,Lamiales,Bignoniaceae,Callichlamys latifolia,FALSE,FALSE
Mammalia,Primates,Pitheciidae,Callicebus (Plecturocebus) cupreus,FALSE,FALSE
Mammalia,Primates,Pitheciidae,Callicebus lucifer,FALSE,TRUE
Aves,Passeriformes,Tyrannidae,Rhytipterna simplex,FALSE,FALSE
Insecta,Lepidoptera,Nymphalidae,Caligo placidianus,FALSE,FALSE
Insecta,Lepidoptera,Nymphalidae,Caligo idomeneus,FALSE,FALSE
Insecta,Lepidoptera,Nymphalidae,Caligo eurilochus,FALSE,FALSE
Insecta,Lepidoptera,Nymphalidae,Caligo euphorbus,FALSE,FALSE
Equisetopsida,Malpighiales,Phyllanthaceae,Richeria grandis,FALSE,FALSE
Aves,Charadriiformes,Scolopacidae,Calidris subruficollis,FALSE,FALSE
Equisetopsida,Malpighiales,Violaceae,Rinorea flavescens,FALSE,FALSE
Equisetopsida,Malpighiales,Violaceae,Rinorea guianensis,FALSE,FALSE
Equisetopsida,Malpighiales,Violaceae,Rinorea lindeniana,FALSE,FALSE
Equisetopsida,Malpighiales,Violaceae,Rinorea pubiflora,FALSE,FALSE
Actinopterygii,Characiformes,Acestrorhynchidae,Acestrorhynchus nasutus,FALSE,FALSE
Equisetopsida,Malpighiales,Violaceae,Rinorea racemosa,FALSE,FALSE
Equisetopsida,Malpighiales,Violaceae,Rinorea sprucei,FALSE,FALSE
Equisetopsida,Malpighiales,Violaceae,Rinorea viridifolia,FALSE,FALSE
Aves,Passeriformes,Hirundinidae,Riparia riparia,FALSE,FALSE
Actinopterygii,Characiformes,Acestrorhynchidae,Acestrorhynchus minimus,FALSE,FALSE
Actinopterygii,Characiformes,Acestrorhynchidae,Acestrorhynchus microlepis,FALSE,FALSE
Equisetopsida,Magnoliales,Annonaceae,Rollinia pittieri,FALSE,FALSE
Equisetopsida,Gentianales,Rubiaceae,Ronabea latifolia,FALSE,FALSE
Actinopterygii,Characiformes,Acestrorhynchidae,Acestrorhynchus heterolepis,FALSE,FALSE
Actinopterygii,Characiformes,Acestrorhynchidae,Acestrorhynchus falcirostris,FALSE,FALSE
Equisetopsida,Malpighiales,Linaceae,Roucheria columbiana,FALSE,FALSE
Equisetopsida,Malpighiales,Linaceae,Roucheria punctata,FALSE,FALSE
Equisetopsida,Malpighiales,Linaceae,Roucheria schomburgkii,FALSE,FALSE
Actinopterygii,Characiformes,Acestrorhynchidae,Acestrorhynchus falcatus,FALSE,FALSE
Equisetopsida,Oxalidales,Connaraceae,Rourea amazonica,FALSE,FALSE
Equisetopsida,Oxalidales,Connaraceae,Rourea camptoneura,FALSE,FALSE
Equisetopsida,Oxalidales,Connaraceae,Rourea cuspidata,FALSE,FALSE
Equisetopsida,Alismatales,Araceae,Stenospermation amomifolium,FALSE,FALSE
Equisetopsida,Zingiberales,Marantaceae,Calathea propinqua,FALSE,FALSE
Equisetopsida,Zingiberales,Marantaceae,Calathea micans,FALSE,FALSE
Equisetopsida,Zingiberales,Marantaceae,Calathea gentryi,FALSE,FALSE
Equisetopsida,Zingiberales,Marantaceae,Calathea altissima,FALSE,FALSE
Equisetopsida,Alismatales,Araceae,Caladium bicolor,FALSE,FALSE
Aves,Anseriformes,Anatidae,Cairina moschata,FALSE,FALSE
Equisetopsida,Gentianales,Rubiaceae,Rudgea cryptantha,FALSE,FALSE
Equisetopsida,Gentianales,Rubiaceae,Rudgea lanceifolia,FALSE,FALSE
Equisetopsida,Gentianales,Rubiaceae,Rudgea loretensis,FALSE,FALSE
Equisetopsida,Gentianales,Rubiaceae,Rudgea palicoureoides,FALSE,FALSE
Equisetopsida,Gentianales,Rubiaceae,Rudgea panurensis,FALSE,FALSE
Insecta,Lepidoptera,Nymphalidae,Caeruleuptychia umbrosa,FALSE,FALSE
Insecta,Lepidoptera,Erebidae,Cacostatia germana,FALSE,FALSE
Equisetopsida,Gentianales,Rubiaceae,Rudgea stipulacea,FALSE,FALSE
Aves,Passeriformes,Icteridae,Cacicus solitarius,FALSE,FALSE
Aves,Passeriformes,Icteridae,Cacicus oseryi,FALSE,FALSE
Aves,Passeriformes,Icteridae,Cacicus latirostris,FALSE,FALSE
Aves,Accipitriformes,Accipitridae,Accipiter superciliosus,FALSE,FALSE
Aves,Passeriformes,Icteridae,Cacicus haemorrhous,FALSE,FALSE
Aves,Passeriformes,Icteridae,Cacicus cela,FALSE,FALSE
Mammalia,Cingulata,Chlamyphoridae,Cabassous unicinctus,FALSE,FALSE
Equisetopsida,Lamiales,Acanthaceae,Ruellia terminalis,FALSE,FALSE
Equisetopsida,Malpighiales,Malpighiaceae,Byrsonima stipulina,FALSE,FALSE
Equisetopsida,Malpighiales,Malpighiaceae,Byrsonima stipulacea,FALSE,FALSE
Equisetopsida,Poales,Poaceae,Rugoloa pilosa,FALSE,FALSE
Equisetopsida,Malpighiales,Malpighiaceae,Byrsonima poeppigiana,FALSE,FALSE
Equisetopsida,Malpighiales,Malpighiaceae,Byrsonima cowanii,FALSE,FALSE
Equisetopsida,Malpighiales,Malpighiaceae,Byrsonima arthropoda,FALSE,FALSE
Equisetopsida,Magnoliales,Annonaceae,Ruizodendron ovale,FALSE,FALSE
Aves,Pelecaniformes,Ardeidae,Butorides striata,FALSE,FALSE
Aves,Accipitriformes,Accipitridae,Buteo nitidus,FALSE,FALSE
Aves,Accipitriformes,Accipitridae,Buteogallus urubitinga,FALSE,FALSE
Aves,Accipitriformes,Accipitridae,Buteogallus schistaceus,FALSE,FALSE
Aves,Accipitriformes,Accipitridae,Rupornis magnirostris,FALSE,FALSE
Aves,Accipitriformes,Accipitridae,Buteo brachyurus,FALSE,FALSE
Aves,Accipitriformes,Accipitridae,Buteo albonotatus,FALSE,FALSE
Equisetopsida,Celastrales,Lepidobotryaceae,Ruptiliocarpon caracolito,FALSE,FALSE
Equisetopsida,Alismatales,Araceae,Stenospermation steyermarkii,FALSE,FALSE
Aves,Accipitriformes,Accipitridae,Busarellus nigricollis,FALSE,FALSE
Equisetopsida,Malpighiales,Salicaceae,Ryania speciosa,FALSE,FALSE
Equisetopsida,Malpighiales,Malpighiaceae,Burdachia prismatocarpa var. loretoensis,FALSE,FALSE
Equisetopsida,Malpighiales,Salicaceae,Ryania spruceana,FALSE,FALSE
Actinopterygii,Siluriformes,Aspredinidae,Bunocephalus knerii,FALSE,FALSE
Actinopterygii,Siluriformes,Aspredinidae,Bunocephalus aleuropsis,FALSE,FALSE
Equisetopsida,Malpighiales,Malpighiaceae,Bunchosia argentea,FALSE,FALSE
Equisetopsida,Gentianales,Rubiaceae,Sabicea panamensis,FALSE,FALSE
Equisetopsida,Polypodiales,Saccolomataceae,Saccoloma inaequale,FALSE,FALSE
Equisetopsida,Myrtales,Combretaceae,Buchenavia grandis,FALSE,FALSE
Aves,Galbuliformes,Bucconidae,Bucco tamatia,FALSE,FALSE
Mammalia,Chiroptera,Emballonuridae,Saccopteryx bilineata,FALSE,FALSE
Mammalia,Chiroptera,Emballonuridae,Saccopteryx leptura,FALSE,FALSE
Aves,Galbuliformes,Bucconidae,Bucco macrodactylus,FALSE,FALSE
Equisetopsida,Malpighiales,Humiriaceae,Sacoglottis ceratocarpa,FALSE,FALSE
Equisetopsida,Malpighiales,Humiriaceae,Sacoglottis guianensis,FALSE,FALSE
Equisetopsida,Malpighiales,Humiriaceae,Sacoglottis mattogrossensis,FALSE,FALSE
Equisetopsida,Malpighiales,Euphorbiaceae,Sagotia brachysepala,FALSE,FALSE
Equisetopsida,Malpighiales,Euphorbiaceae,Sagotia racemosa,FALSE,FALSE
Aves,Galbuliformes,Bucconidae,Bucco capensis,FALSE,FALSE
Mammalia,Primates,Cebidae,Saguinus (Leontocebus) nigricollis,FALSE,FALSE
Aves,Pelecaniformes,Ardeidae,Bubulcus ibis,FALSE,FALSE
Actinopterygii,Characiformes,Bryconidae,Brycon pesu,FALSE,FALSE
Mammalia,Primates,Cebidae,Saimiri sciureus,FALSE,FALSE
Aves,Passeriformes,Thamnophilidae,Sakesphorus canadensis,FALSE,FALSE
Aves,Accipitriformes,Accipitridae,Accipiter bicolor,FALSE,FALSE
Equisetopsida,Solanales,Solanaceae,Brunfelsia grandiflora,FALSE,FALSE
Equisetopsida,Celastrales,Celastraceae,Salacia cauliflora,FALSE,FALSE
Equisetopsida,Celastrales,Celastraceae,Salacia impressifolia,FALSE,FALSE
Equisetopsida,Celastrales,Celastraceae,Salacia juruana,FALSE,FALSE
Aves,Psittaciformes,Psittacidae,Brotogeris versicolurus,FALSE,FALSE
Aves,Psittaciformes,Psittacidae,Brotogeris cyanoptera,FALSE,FALSE
Equisetopsida,Rosales,Moraceae,Brosimum utile,FALSE,FALSE
Equisetopsida,Polypodiales,Blechnaceae,Salpichlaena hookeriana,FALSE,FALSE
Equisetopsida,Rosales,Moraceae,Brosimum rubescens,FALSE,FALSE
Equisetopsida,Rosales,Moraceae,Brosimum potabile,FALSE,FALSE
Equisetopsida,Rosales,Moraceae,Brosimum parinarioides,FALSE,FALSE
Equisetopsida,Rosales,Moraceae,Brosimum lactescens,FALSE,FALSE
Equisetopsida,Rosales,Moraceae,Brosimum guianense,FALSE,FALSE
Equisetopsida,Rosales,Moraceae,Brosimum acutifolium,FALSE,FALSE
Equisetopsida,Myrtales,Melastomataceae,Salpinga secunda,FALSE,FALSE
Equisetopsida,Poales,Bromeliaceae,Bromelia tarapotina,TRUE,FALSE
Aves,Passeriformes,Thraupidae,Saltator coerulescens,FALSE,FALSE
Equisetopsida,Fabales,Polygalaceae,Bredemeyera myrtifolia,FALSE,FALSE
Actinopterygii,Perciformes,Cichlidae,Acaronia nassa,FALSE,FALSE
Equisetopsida,Asparagales,Orchidaceae,Braemia vittata,FALSE,FALSE
Aves,Passeriformes,Thraupidae,Saltator grossus,FALSE,FALSE
Mammalia,Pilosa,Bradypodidae,Bradypus variegatus,FALSE,FALSE
Aves,Passeriformes,Thraupidae,Saltator maximus,FALSE,FALSE
Actinopterygii,Gymnotiformes,Hypopomidae,Brachyhypopomus brevirostris,FALSE,FALSE
Actinopterygii,Gymnotiformes,Hypopomidae,Brachyhypopomus beebei,FALSE,FALSE
Actinopterygii,Characiformes,Ctenoluciidae,Boulengerella maculata,FALSE,FALSE
Equisetopsida,Gentianales,Rubiaceae,Botryarrhena pendula,FALSE,FALSE
Equisetopsida,Gentianales,Rubiaceae,Bothriospora corymbosa,FALSE,FALSE
Equisetopsida,Ranunculales,Menispermaceae,Borismene japurensis,FALSE,FALSE
Equisetopsida,Malpighiales,Euphorbiaceae,Sapium glandulosum,FALSE,FALSE
Amphibia,Caudata,Plethodontidae,Bolitoglossa peruviana,FALSE,FALSE
Amphibia,Caudata,Plethodontidae,Bolitoglossa altamazonica,FALSE,FALSE
Equisetopsida,Ericales,Sapotaceae,Sarcaulus brasiliensis,FALSE,FALSE
Equisetopsida,Polypodiales,Dryopteridaceae,Bolbitis lindigii,FALSE,FALSE
Insecta,Lepidoptera,Erebidae,Bodosa tina,FALSE,FALSE
Equisetopsida,Magnoliales,Annonaceae,Bocageopsis mattogrossensis,FALSE,FALSE
Equisetopsida,Magnoliales,Annonaceae,Bocageopsis canescens,FALSE,FALSE
Aves,Cathartiformes,Cathartidae,Sarcoramphus papa,FALSE,FALSE
Equisetopsida,Gentianales,Apocynaceae,Blepharodon amazonicum,FALSE,FALSE
Equisetopsida,Poales,Poaceae,Stephostachys mertensii,FALSE,FALSE
Equisetopsida,Myrtales,Melastomataceae,Blakea rosea,FALSE,FALSE
Equisetopsida,Poales,Cyperaceae,Bisboeckelera irrigua,FALSE,FALSE
Actinopterygii,Cichliformes,Cichlidae,Biotodoma cupido,FALSE,FALSE
Equisetopsida,Oxalidales,Oxalidaceae,Biophytum somnians,FALSE,FALSE
Equisetopsida,Poales,Bromeliaceae,Billbergia formosa,TRUE,FALSE
Equisetopsida,Malpighiales,Ochnaceae,Sauvagesia erecta,FALSE,FALSE
Insecta,Lepidoptera,Nymphalidae,Bia actorion,FALSE,FALSE
Equisetopsida,Lamiales,Gesneriaceae,Besleria aggregata,FALSE,FALSE
Aves,Passeriformes,Furnariidae,Berlepschia rikeri,FALSE,FALSE
Equisetopsida,Myrtales,Melastomataceae,Bellucia umbellata,FALSE,FALSE
Equisetopsida,Myrtales,Melastomataceae,Bellucia pentamera,FALSE,FALSE
Aves,Passeriformes,Tityridae,Schiffornis major,FALSE,FALSE
Aves,Passeriformes,Tityridae,Schiffornis turdina,FALSE,FALSE
Equisetopsida,Poales,Cyperaceae,Becquerelia cymosa,FALSE,FALSE
Equisetopsida,Schizaeales,Schizaeaceae,Schizaea elegans,FALSE,FALSE
Equisetopsida,Fabales,Fabaceae,Bauhinia guianensis,FALSE,FALSE
Equisetopsida,Fabales,Fabaceae,Batesia floribunda,FALSE,FALSE
Actinopterygii,Characiformes,Anostomidae,Schizodon fasciatus,FALSE,FALSE
Equisetopsida,Lamiales,Schlegeliaceae,Schlegelia cauliflora,FALSE,FALSE
Equisetopsida,Lamiales,Schlegeliaceae,Schlegelia parviflora,FALSE,FALSE
Equisetopsida,Lamiales,Schlegeliaceae,Schlegelia roseiflora,FALSE,FALSE
Aves,Coraciiformes,Momotidae,Baryphthengus martii,FALSE,FALSE
Aves,Charadriiformes,Scolopacidae,Bartramia longicauda,FALSE,FALSE
Equisetopsida,Malpighiales,Malpighiaceae,Banisteriopsis woytkowskii,TRUE,FALSE
Equisetopsida,Malpighiales,Malpighiaceae,Banisteriopsis martiniana var. subenervia,FALSE,FALSE
Equisetopsida,Malpighiales,Malpighiaceae,Banisteriopsis elegans,FALSE,FALSE
Equisetopsida,Ranunculales,Menispermaceae,Sciadotenia mathiasiana,TRUE,FALSE
Equisetopsida,Ranunculales,Menispermaceae,Sciadotenia toxifera,FALSE,FALSE
Equisetopsida,Pandanales,Triuridaceae,Sciaphila purpurea,FALSE,FALSE
Aves,Passeriformes,Thamnophilidae,Sciaphylax castanea,FALSE,FALSE
Equisetopsida,Arecales,Arecaceae,Bactris sphaerocarpa,FALSE,FALSE
Equisetopsida,Arecales,Arecaceae,Bactris simplicifrons,FALSE,FALSE
Amphibia,Anura,Hylidae,Scinax cruentommus,FALSE,FALSE
Equisetopsida,Arecales,Arecaceae,Bactris maraja,FALSE,FALSE
Equisetopsida,Arecales,Arecaceae,Bactris macroacantha,FALSE,FALSE
Equisetopsida,Arecales,Arecaceae,Bactris killipii,FALSE,FALSE
Equisetopsida,Arecales,Arecaceae,Bactris humilis,FALSE,FALSE
Amphibia,Anura,Hylidae,Scinax funereus,FALSE,FALSE
Equisetopsida,Arecales,Arecaceae,Bactris hirta,FALSE,FALSE
Equisetopsida,Arecales,Arecaceae,Bactris halmoorei,FALSE,FALSE
Amphibia,Anura,Hylidae,Scinax garbei,FALSE,FALSE
Equisetopsida,Arecales,Arecaceae,Bactris gasipaes,FALSE,FALSE
Equisetopsida,Arecales,Arecaceae,Bactris fissifrons,FALSE,FALSE
Equisetopsida,Arecales,Arecaceae,Bactris corossilla,FALSE,FALSE
Equisetopsida,Arecales,Arecaceae,Bactris concinna,FALSE,FALSE
Equisetopsida,Arecales,Arecaceae,Bactris brongniartii,FALSE,FALSE
Amphibia,Anura,Hylidae,Scinax ruber,FALSE,FALSE
Equisetopsida,Arecales,Arecaceae,Bactris acanthocarpoides,FALSE,FALSE
Mammalia,Rodentia,Sciuridae,Sciurillus pusillus,FALSE,FALSE
Aves,Passeriformes,Thamnophilidae,Sclateria naevia,FALSE,FALSE
Equisetopsida,Poales,Cyperaceae,Scleria flagellum-nigrorum,FALSE,FALSE
Equisetopsida,Poales,Cyperaceae,Scleria foliosa,FALSE,FALSE
Equisetopsida,Poales,Cyperaceae,Scleria macrogyne,FALSE,FALSE
Equisetopsida,Poales,Cyperaceae,Scleria secans,FALSE,FALSE
Equisetopsida,Fabales,Fabaceae,Sclerolobium vasquezii,FALSE,FALSE
Equisetopsida,Poales,Poaceae,Axonopus compressus,FALSE,FALSE
Aves,Passeriformes,Furnariidae,Sclerurus obscurior,FALSE,FALSE
Aves,Passeriformes,Furnariidae,Sclerurus rufigularis,FALSE,FALSE
Mammalia,Rodentia,Cricetidae,Scolomys melanops,FALSE,FALSE
Equisetopsida,Lamiales,Plantaginaceae,Scoparia dulcis,FALSE,FALSE
Aves,Passeriformes,Furnariidae,Automolus subulatus,FALSE,FALSE
Aves,Passeriformes,Furnariidae,Automolus rufipileatus,FALSE,FALSE
Aves,Passeriformes,Furnariidae,Automolus ochrolaemus,FALSE,FALSE
Aves,Passeriformes,Furnariidae,Automolus infuscatus,FALSE,FALSE
Insecta,Lepidoptera,Erebidae,Autochloris completa,FALSE,FALSE
Equisetopsida,Fabales,Polygalaceae,Securidaca longifolia,FALSE,FALSE
Equisetopsida,Fabales,Polygalaceae,Securidaca paniculata,FALSE,FALSE
Equisetopsida,Fabales,Polygalaceae,Securidaca rivinifolia,FALSE,FALSE
Equisetopsida,Selaginellales,Selaginellaceae,Selaginella conduplicata,FALSE,FALSE
Equisetopsida,Selaginellales,Selaginellaceae,Selaginella exaltata,FALSE,FALSE
Actinopterygii,Siluriformes,Auchenipteridae,Auchenipterichthys coracoideus,FALSE,FALSE
Aves,Passeriformes,Tyrannidae,Attila spadiceus,FALSE,FALSE
Equisetopsida,Selaginellales,Selaginellaceae,Selaginella lechleri,FALSE,FALSE
Aves,Passeriformes,Tyrannidae,Attila citriniventris,FALSE,FALSE
Aves,Passeriformes,Tyrannidae,Attila cinnamomeus,FALSE,FALSE
Equisetopsida,Malpighiales,Euphorbiaceae,Acalypha stachyura,FALSE,FALSE
Equisetopsida,Selaginellales,Selaginellaceae,Selaginella parkeri,FALSE,FALSE
Aves,Passeriformes,Tyrannidae,Attila bolivianus,FALSE,FALSE
Equisetopsida,Selaginellales,Selaginellaceae,Selaginella producta,FALSE,FALSE
Aves,Passeriformes,Hirundinidae,Atticora fasciata,FALSE,FALSE
Equisetopsida,Arecales,Arecaceae,Attalea racemosa,FALSE,FALSE
Equisetopsida,Arecales,Arecaceae,Attalea microcarpa,FALSE,FALSE
Equisetopsida,Arecales,Arecaceae,Attalea maripa,FALSE,FALSE
Aves,Piciformes,Ramphastidae,Selenidera reinwardtii,FALSE,FALSE
Equisetopsida,Arecales,Arecaceae,Attalea insignis,FALSE,FALSE
Equisetopsida,Malvales,Malvaceae,Sterculia apeibophylla,FALSE,FALSE
Equisetopsida,Cucurbitales,Cucurbitaceae,Selysia prunifera,FALSE,FALSE
Actinopterygii,Characiformes,Prochilodontidae,Semaprochilodus insignis,FALSE,FALSE
Equisetopsida,Arecales,Arecaceae,Astrocaryum murumuru,FALSE,FALSE
Equisetopsida,Arecales,Arecaceae,Astrocaryum macrocalyx,FALSE,FALSE
Equisetopsida,Arecales,Arecaceae,Astrocaryum jauari,FALSE,FALSE
Equisetopsida,Arecales,Arecaceae,Astrocaryum chambira,FALSE,FALSE
Equisetopsida,Malpighiales,Euphorbiaceae,Senefeldera inclinata,FALSE,FALSE
Equisetopsida,Fabales,Fabaceae,Senna multijuga,FALSE,FALSE
Equisetopsida,Pandanales,Cyclanthaceae,Asplundia xiphophylla,FALSE,FALSE
Equisetopsida,Pandanales,Cyclanthaceae,Asplundia vaupesiana,FALSE,FALSE
Equisetopsida,Pandanales,Cyclanthaceae,Asplundia schizotepala,FALSE,FALSE
Equisetopsida,Sapindales,Sapindaceae,Serjania deltoidea,FALSE,FALSE
Equisetopsida,Pandanales,Cyclanthaceae,Asplundia gamotepala,FALSE,FALSE
Equisetopsida,Sapindales,Sapindaceae,Serjania grandifolia,FALSE,FALSE
Equisetopsida,Pandanales,Cyclanthaceae,Asplundia cabrerae,FALSE,FALSE
Equisetopsida,Polypodiales,Aspleniaceae,Asplenium serratum,FALSE,FALSE
Equisetopsida,Polypodiales,Aspleniaceae,Asplenium hallii,FALSE,FALSE
Equisetopsida,Polypodiales,Aspleniaceae,Asplenium cirrhatum,FALSE,FALSE
Equisetopsida,Gentianales,Apocynaceae,Aspidosperma spruceanum,FALSE,FALSE
Equisetopsida,Gentianales,Apocynaceae,Aspidosperma schultesii,FALSE,FALSE
Equisetopsida,Gentianales,Apocynaceae,Aspidosperma pichonianum,FALSE,FALSE
Equisetopsida,Gentianales,Apocynaceae,Aspidosperma excelsum,FALSE,FALSE
Equisetopsida,Gentianales,Apocynaceae,Aspidosperma desmanthum,FALSE,FALSE
Equisetopsida,Gentianales,Apocynaceae,Aspidosperma cruentum,FALSE,FALSE
Aves,Strigiformes,Strigidae,Asio clamator,FALSE,FALSE
Mammalia,Chiroptera,Phyllostomidae,Artibeus planirostris,FALSE,FALSE
Mammalia,Chiroptera,Phyllostomidae,Artibeus obscurus,FALSE,FALSE
Mammalia,Chiroptera,Phyllostomidae,Artibeus lituratus,FALSE,FALSE
Mammalia,Chiroptera,Phyllostomidae,Artibeus gnomus,FALSE,FALSE
Mammalia,Chiroptera,Phyllostomidae,Artibeus glaucus,FALSE,FALSE
Equisetopsida,Malvales,Malvaceae,Sterculia apetala,FALSE,FALSE
Mammalia,Chiroptera,Phyllostomidae,Artibeus concolor,FALSE,FALSE
Mammalia,Chiroptera,Phyllostomidae,Artibeus cinereus,FALSE,FALSE
Mammalia,Chiroptera,Phyllostomidae,Artibeus anderseni,FALSE,FALSE
Aves,Passeriformes,Parulidae,Setophaga striata,FALSE,FALSE
Equisetopsida,Laurales,Lauraceae,Sextonia pubescens,TRUE,FALSE
Equisetopsida,Piperales,Aristolochiaceae,Aristolochia silvatica,FALSE,FALSE
Equisetopsida,Piperales,Aristolochiaceae,Aristolochia iquitensis,FALSE,FALSE
Equisetopsida,Malvales,Malvaceae,Sida glomerata,FALSE,FALSE
Aves,Pelecaniformes,Ardeidae,Ardea cocoi,FALSE,FALSE
Equisetopsida,Asparagales,Orchidaceae,Sigmatostalix amazonica,FALSE,FALSE
Aves,Pelecaniformes,Ardeidae,Ardea alba,FALSE,FALSE
Equisetopsida,Sapindales,Simaroubaceae,Simaba guianensis,FALSE,FALSE
Equisetopsida,Sapindales,Simaroubaceae,Simaba multiflora,FALSE,FALSE
Equisetopsida,Sapindales,Simaroubaceae,Simaba polyphylla,FALSE,FALSE
Equisetopsida,Sapindales,Simaroubaceae,Simarouba amara,FALSE,FALSE
Equisetopsida,Gentianales,Rubiaceae,Simira rubescens,FALSE,FALSE
Aves,Psittaciformes,Psittacidae,Aratinga weddellii,FALSE,FALSE
Equisetopsida,Asparagales,Orchidaceae,Acacallis fimbriata,FALSE,FALSE
Equisetopsida,Cucurbitales,Cucurbitaceae,Siolmatra brasiliensis,FALSE,FALSE
Aves,Gruiformes,Rallidae,Aramides cajaneus,FALSE,FALSE
Equisetopsida,Laurales,Siparunaceae,Siparuna cristata,FALSE,FALSE
Equisetopsida,Laurales,Siparunaceae,Siparuna cuspidata,FALSE,FALSE
Aves,Psittaciformes,Psittacidae,Ara macao,FALSE,FALSE
Equisetopsida,Laurales,Siparunaceae,Siparuna decipiens,FALSE,FALSE
Equisetopsida,Malvales,Malvaceae,Sterculia colombiana,FALSE,FALSE
Equisetopsida,Laurales,Siparunaceae,Siparuna guianensis,FALSE,FALSE
Equisetopsida,Laurales,Siparunaceae,Siparuna micrantha,FALSE,FALSE
Aves,Psittaciformes,Psittacidae,Ara ararauna,FALSE,FALSE
Equisetopsida,Laurales,Siparunaceae,Siparuna obstipa,FALSE,FALSE
Equisetopsida,Ranunculales,Menispermaceae,Abuta rufescens,FALSE,FALSE
Equisetopsida,Laurales,Siparunaceae,Siparuna reginae,FALSE,FALSE
Equisetopsida,Laurales,Siparunaceae,Siparuna sessiliflora,FALSE,FALSE
Equisetopsida,Santalales,Olacaceae,Aptandra tubicina,FALSE,FALSE
Equisetopsida,Ranunculales,Menispermaceae,Abuta panurensis,FALSE,FALSE
Equisetopsida,Laurales,Siparunaceae,Siparuna thecaphora,FALSE,FALSE
Actinopterygii,Perciformes,Cichlidae,Apistogramma allpahuayo,FALSE,FALSE
Actinopterygii,Perciformes,Cichlidae,Apistogramma agassizii,FALSE,FALSE
Actinopterygii,Characiformes,Characidae,Aphyocharax alburnus,FALSE,FALSE
Insecta,Lepidoptera,Erebidae,Aphyle onorei,FALSE,FALSE
Equisetopsida,Malvales,Malvaceae,Apeiba tibourbou,FALSE,FALSE
Equisetopsida,Malvales,Malvaceae,Apeiba membranacea,FALSE,FALSE
Equisetopsida,Malvales,Malvaceae,Apeiba aspera,FALSE,FALSE
Equisetopsida,Malpighiales,Euphorbiaceae,Aparisthmium cordatum,FALSE,FALSE
Mammalia,Primates,Cebidae,Aotus vociferans,FALSE,FALSE
Aves,Gruiformes,Rallidae,Anurolimnas fasciatus,FALSE,FALSE
Aves,Gruiformes,Rallidae,Anurolimnas castaneiceps,FALSE,FALSE
Insecta,Lepidoptera,Nymphalidae,Antirrhea hela,FALSE,FALSE
Aves,Passeriformes,Furnariidae,Sittasomus griseicapillus,FALSE,FALSE
Equisetopsida,Ranunculales,Menispermaceae,Abuta pahnii,FALSE,FALSE
Equisetopsida,Oxalidales,Elaeocarpaceae,Sloanea durissima,FALSE,FALSE
Equisetopsida,Malvales,Malvaceae,Sterculia frondosa,FALSE,FALSE
Equisetopsida,Oxalidales,Elaeocarpaceae,Sloanea eichleri,FALSE,FALSE
Equisetopsida,Alismatales,Araceae,Anthurium uleanum,FALSE,FALSE
Equisetopsida,Alismatales,Araceae,Anthurium trinervium,FALSE,FALSE
Equisetopsida,Oxalidales,Elaeocarpaceae,Sloanea floribunda,FALSE,FALSE
Equisetopsida,Alismatales,Araceae,Anthurium sagittatum,FALSE,FALSE
Equisetopsida,Malvales,Malvaceae,Sterculia killipiana,FALSE,FALSE
Equisetopsida,Alismatales,Araceae,Anthurium obtusum,FALSE,FALSE
Equisetopsida,Alismatales,Araceae,Anthurium loretense,FALSE,FALSE
Equisetopsida,Ranunculales,Menispermaceae,Abuta obovata,FALSE,FALSE
Equisetopsida,Alismatales,Araceae,Anthurium kunthii,FALSE,FALSE
Equisetopsida,Oxalidales,Elaeocarpaceae,Sloanea guianensis,FALSE,FALSE
Equisetopsida,Oxalidales,Elaeocarpaceae,Sloanea latifolia,FALSE,FALSE
Equisetopsida,Oxalidales,Elaeocarpaceae,Sloanea laurifolia,FALSE,FALSE
Equisetopsida,Oxalidales,Elaeocarpaceae,Sloanea laxiflora,FALSE,FALSE
Equisetopsida,Alismatales,Araceae,Anthurium gracile,FALSE,FALSE
Equisetopsida,Oxalidales,Elaeocarpaceae,Sloanea longiaristata,FALSE,FALSE
Equisetopsida,Alismatales,Araceae,Anthurium ernestii,FALSE,FALSE
Equisetopsida,Oxalidales,Elaeocarpaceae,Sloanea parvifructa,FALSE,FALSE
Equisetopsida,Alismatales,Araceae,Anthurium eminens,FALSE,FALSE
Equisetopsida,Oxalidales,Elaeocarpaceae,Sloanea pubescens,FALSE,FALSE
Equisetopsida,Oxalidales,Elaeocarpaceae,Sloanea robusta,FALSE,FALSE
Equisetopsida,Oxalidales,Elaeocarpaceae,Sloanea rufa,FALSE,FALSE
Equisetopsida,Alismatales,Araceae,Anthurium breviscapum,FALSE,FALSE
Equisetopsida,Oxalidales,Elaeocarpaceae,Sloanea sinemariensis,FALSE,FALSE
Equisetopsida,Oxalidales,Elaeocarpaceae,Sloanea spathulata,FALSE,FALSE
Equisetopsida,Ranunculales,Menispermaceae,Abuta grandifolia,FALSE,FALSE
Equisetopsida,Alismatales,Araceae,Anthurium atropurpureum,FALSE,FALSE
Equisetopsida,Alismatales,Araceae,Anthurium apaporanum,FALSE,FALSE
Aves,Apodiformes,Trochilidae,Anthracothorax nigricollis,FALSE,FALSE
Equisetopsida,Oxalidales,Elaeocarpaceae,Sloanea tuerckheimii,FALSE,FALSE
Equisetopsida,Malpighiales,Caryocaraceae,Anthodiscus pilosus,FALSE,FALSE
Equisetopsida,Malpighiales,Caryocaraceae,Anthodiscus peruanus,FALSE,FALSE
Equisetopsida,Malpighiales,Caryocaraceae,Anthodiscus klugii,FALSE,FALSE
Equisetopsida,Liliales,Smilacaceae,Smilax purhampuy,FALSE,FALSE
Equisetopsida,Malvales,Malvaceae,Sterculia pruriens,FALSE,FALSE
Equisetopsida,Ranunculales,Menispermaceae,Anomospermum solimoesanum,FALSE,FALSE
Equisetopsida,Malpighiales,Euphorbiaceae,Anomalocalyx uleanus,FALSE,FALSE
Equisetopsida,Magnoliales,Annonaceae,Annona poeppigii,FALSE,FALSE
Equisetopsida,Magnoliales,Annonaceae,Annona mucosa,FALSE,FALSE
Equisetopsida,Magnoliales,Annonaceae,Annona montana,FALSE,FALSE
Equisetopsida,Magnoliales,Annonaceae,Annona jucunda,FALSE,FALSE
Equisetopsida,Arecales,Arecaceae,Socratea exorrhiza,FALSE,FALSE
Equisetopsida,Magnoliales,Annonaceae,Annona impressivenia,FALSE,FALSE
Equisetopsida,Magnoliales,Annonaceae,Annona hypoglauca,FALSE,FALSE
Equisetopsida,Magnoliales,Annonaceae,Annona foetida,FALSE,FALSE
Equisetopsida,Magnoliales,Annonaceae,Annona excellens,FALSE,FALSE
Equisetopsida,Magnoliales,Annonaceae,Annona duckei,FALSE,FALSE
Equisetopsida,Magnoliales,Annonaceae,Annona deminuta,TRUE,FALSE
Equisetopsida,Magnoliales,Annonaceae,Annona cuspidata,FALSE,FALSE
Equisetopsida,Magnoliales,Annonaceae,Annona cordifolia,FALSE,FALSE
Equisetopsida,Cucurbitales,Anisophylleaceae,Anisophyllea guianensis,FALSE,FALSE
Equisetopsida,Laurales,Lauraceae,Aniba taubertiana,FALSE,FALSE
Equisetopsida,Laurales,Lauraceae,Aniba riparia,FALSE,FALSE
Equisetopsida,Laurales,Lauraceae,Aniba puchury-minor,FALSE,FALSE
Equisetopsida,Laurales,Lauraceae,Aniba perutilis,FALSE,FALSE
Equisetopsida,Laurales,Lauraceae,Aniba panurensis,FALSE,FALSE
Equisetopsida,Solanales,Solanaceae,Solanum anceps,FALSE,FALSE
Equisetopsida,Laurales,Lauraceae,Aniba megaphylla,FALSE,FALSE
Equisetopsida,Laurales,Lauraceae,Aniba hostmanniana,FALSE,FALSE
Equisetopsida,Laurales,Lauraceae,Aniba firmula,FALSE,FALSE
Equisetopsida,Laurales,Lauraceae,Aniba cylindriflora,FALSE,FALSE
Aves,Suliformes,Anhingidae,Anhinga anhinga,FALSE,FALSE
Equisetopsida,Solanales,Solanaceae,Solanum appressum,FALSE,FALSE
Equisetopsida,Lamiales,Bignoniaceae,Anemopaegma paraense,FALSE,FALSE
Equisetopsida,Solanales,Solanaceae,Solanum barbeyanum,FALSE,FALSE
Equisetopsida,Poales,Poaceae,Andropogon bicornis,FALSE,FALSE
Equisetopsida,Fabales,Fabaceae,Andira macrothyrsa,FALSE,FALSE
Aves,Passeriformes,Furnariidae,Ancistrops strigilatus,FALSE,FALSE
Equisetopsida,Magnoliales,Annonaceae,Anaxagorea phaeocarpa,FALSE,FALSE
Equisetopsida,Magnoliales,Annonaceae,Anaxagorea manausensis,FALSE,FALSE
Equisetopsida,Magnoliales,Annonaceae,Anaxagorea dolichocarpa,FALSE,FALSE
Equisetopsida,Magnoliales,Annonaceae,Anaxagorea brevipes,FALSE,FALSE
Equisetopsida,Magnoliales,Annonaceae,Anaxagorea brachycarpa,FALSE,FALSE
Equisetopsida,Laurales,Lauraceae,Anaueria brasiliensis,FALSE,FALSE
Equisetopsida,Solanales,Solanaceae,Solanum kioniotrichum,FALSE,FALSE
Equisetopsida,Solanales,Solanaceae,Solanum leucopogon,FALSE,FALSE
Equisetopsida,Malvales,Malvaceae,Sterculia tessmannii,FALSE,FALSE
Actinopterygii,Siluriformes,Doradidae,Anadoras grypus,FALSE,FALSE
Equisetopsida,Sapindales,Anacardiaceae,Anacardium occidentale,FALSE,FALSE
Equisetopsida,Sapindales,Anacardiaceae,Anacardium giganteum,FALSE,FALSE
Equisetopsida,Solanales,Solanaceae,Solanum oppositifolium,FALSE,FALSE
Equisetopsida,Solanales,Solanaceae,Solanum pedemontanum,FALSE,FALSE
Equisetopsida,Fabales,Fabaceae,Amphiodon effusus,FALSE,FALSE
Equisetopsida,Lamiales,Bignoniaceae,Amphilophium pulverulentum,FALSE,FALSE
Equisetopsida,Rosales,Ulmaceae,Ampelocera edentula,FALSE,FALSE
Equisetopsida,Solanales,Solanaceae,Solanum sessile,FALSE,FALSE
Aves,Passeriformes,Passerellidae,Ammodramus aurifrons,FALSE,FALSE
Equisetopsida,Solanales,Solanaceae,Solanum sessiliflorum,FALSE,FALSE
Equisetopsida,Malpighiales,Rhizophoraceae,Sterigmapetalum obovatum,FALSE,FALSE
Equisetopsida,Solanales,Solanaceae,Solanum stramoniifolium,FALSE,FALSE
Amphibia,Anura,Dendrobatidae,Ameerega hahneli,FALSE,FALSE
Equisetopsida,Solanales,Solanaceae,Solanum tenuisetosum,FALSE,FALSE
Actinopterygii,Siluriformes,Doradidae,Amblydoras nauticus,FALSE,FALSE
Actinopterygii,Siluriformes,Doradidae,Amblydoras monitor,FALSE,FALSE
Equisetopsida,Gentianales,Apocynaceae,Ambelania occidentalis,FALSE,FALSE
Insecta,Hymenoptera,Ichneumonidae,Amazopimpla taunio,FALSE,FALSE
Amphibia,Anura,Bufonidae,Amazophrynella minuta,FALSE,FALSE
Amphibia,Anura,Bufonidae,Amazophrynella amazonicola,TRUE,FALSE
Aves,Psittaciformes,Psittacidae,Amazona farinosa,FALSE,FALSE
Aves,Psittaciformes,Psittacidae,Amazona amazonica,FALSE,FALSE
Equisetopsida,Rosales,Moraceae,Sorocea hirtella subsp. hirtella,FALSE,FALSE
Equisetopsida,Rosales,Moraceae,Sorocea muriculata subsp. muriculata,FALSE,FALSE
Equisetopsida,Fabales,Fabaceae,Abarema microcalyx,FALSE,FALSE
Equisetopsida,Gentianales,Rubiaceae,Amaioua guianensis,FALSE,FALSE
Equisetopsida,Rosales,Moraceae,Sorocea steinbachii,FALSE,FALSE
Equisetopsida,Gentianales,Rubiaceae,Amaioua glomerulata,FALSE,FALSE
Mammalia,Cetartiodactyla,Delphinidae,Sotalia fluviatilis,FALSE,FALSE
Equisetopsida,Ericales,Marcgraviaceae,Souroubea corallina,FALSE,FALSE
Equisetopsida,Ericales,Marcgraviaceae,Souroubea dasystachya,FALSE,FALSE
Equisetopsida,Sapindales,Rutaceae,Spathelia terminalioides,TRUE,FALSE
Equisetopsida,Cyatheales,Cyatheaceae,Alsophila cuspidata,FALSE,FALSE
Mammalia,Primates,Atelidae,Alouatta seniculus,FALSE,TRUE
Aves,Anseriformes,Anatidae,Spatula discors,FALSE,FALSE
Equisetopsida,Sapindales,Sapindaceae,Allophylus punctatus,FALSE,FALSE
Equisetopsida,Sapindales,Sapindaceae,Allophylus loretensis,FALSE,FALSE
Equisetopsida,Sapindales,Sapindaceae,Allophylus floribundus,FALSE,FALSE
Equisetopsida,Sapindales,Sapindaceae,Allophylus divaricatus,FALSE,FALSE
Amphibia,Anura,Hylidae,Sphaenorhynchus lacteus,FALSE,FALSE
Amphibia,Anura,Aromobatidae,Allobates trilineatus,FALSE,FALSE
Amphibia,Anura,Aromobatidae,Allobates marchesianus,FALSE,FALSE
Amphibia,Anura,Aromobatidae,Allobates femoralis,FALSE,FALSE
Equisetopsida,Cyatheales,Cyatheaceae,Sphaeropteris bradei,FALSE,FALSE
Equisetopsida,Ericales,Lecythidaceae,Allantoma pluriflora,FALSE,FALSE
Equisetopsida,Asterales,Asteraceae,Sphagneticola trilobata,FALSE,FALSE
Equisetopsida,Ericales,Lecythidaceae,Allantoma decandra,FALSE,FALSE
Equisetopsida,Gentianales,Rubiaceae,Alibertia hispida,FALSE,FALSE
Equisetopsida,Gentianales,Rubiaceae,Alibertia bertierifolia,FALSE,FALSE
Equisetopsida,Malpighiales,Euphorbiaceae,Alchorneopsis floribunda,FALSE,FALSE
Equisetopsida,Gentianales,Rubiaceae,Sphinctanthus maculatus,FALSE,FALSE
Equisetopsida,Malpighiales,Euphorbiaceae,Alchornea triplinervia,FALSE,FALSE
Equisetopsida,Malpighiales,Euphorbiaceae,Alchornea schomburgkii,FALSE,FALSE
Equisetopsida,Malpighiales,Euphorbiaceae,Alchornea latifolia,FALSE,FALSE
Equisetopsida,Malpighiales,Euphorbiaceae,Alchornea grandiflora,FALSE,FALSE
Equisetopsida,Malpighiales,Euphorbiaceae,Alchornea glandulosa,FALSE,FALSE
Equisetopsida,Malpighiales,Euphorbiaceae,Alchornea discolor,FALSE,FALSE
Mammalia,Chiroptera,Phyllostomidae,Micronycteris megalotis,FALSE,FALSE
Mammalia,Chiroptera,Phyllostomidae,Micronycteris minuta,FALSE,FALSE
Aves,Galbuliformes,Bucconidae,Micromonacha lanceolata,FALSE,FALSE
Equisetopsida,Ericales,Sapotaceae,Micropholis acutangula,FALSE,FALSE
Equisetopsida,Ericales,Sapotaceae,Micropholis brochidodroma,FALSE,FALSE
Equisetopsida,Ericales,Sapotaceae,Micropholis casiquiarensis,FALSE,FALSE
Equisetopsida,Ericales,Sapotaceae,Micropholis egensis,FALSE,FALSE
Equisetopsida,Polypodiales,Polypodiaceae,Microgramma thurnii,FALSE,FALSE
Equisetopsida,Ericales,Sapotaceae,Micropholis guyanensis,FALSE,FALSE
Equisetopsida,Polypodiales,Polypodiaceae,Microgramma persicariifolia,FALSE,FALSE
Equisetopsida,Ericales,Sapotaceae,Micropholis obscura,FALSE,FALSE
Equisetopsida,Ericales,Sapotaceae,Micropholis trunciflora,FALSE,FALSE
Equisetopsida,Ericales,Sapotaceae,Micropholis venulosa,FALSE,FALSE
Equisetopsida,Polypodiales,Polypodiaceae,Microgramma percussa,FALSE,FALSE
Equisetopsida,Polypodiales,Polypodiaceae,Microgramma megalophylla,FALSE,FALSE
Equisetopsida,Polypodiales,Polypodiaceae,Microgramma baldwinii,FALSE,FALSE
Equisetopsida,Polypodiales,Polypodiaceae,Microgramma acatallela,FALSE,FALSE
Aves,Passeriformes,Troglodytidae,Microcerculus marginatus,FALSE,FALSE
Mammalia,Rodentia,Sciuridae,Microsciurus flaviventer,FALSE,FALSE
Aves,Falconiformes,Falconidae,Micrastur semitorquatus,FALSE,FALSE
Aves,Falconiformes,Falconidae,Micrastur ruficollis,FALSE,FALSE
Aves,Passeriformes,Furnariidae,Microxenops milleri,FALSE,FALSE
Aves,Falconiformes,Falconidae,Micrastur mirandollei,FALSE,FALSE
Aves,Falconiformes,Falconidae,Micrastur gilvicollis,FALSE,FALSE
Aves,Falconiformes,Falconidae,Micrastur buckleyi,FALSE,FALSE
Equisetopsida,Malpighiales,Euphorbiaceae,Micrandra spruceana,FALSE,FALSE
Equisetopsida,Malpighiales,Euphorbiaceae,Micrandra siphonioides,FALSE,FALSE
Equisetopsida,Malpighiales,Euphorbiaceae,Micrandra elata,FALSE,FALSE
Insecta,Lepidoptera,Erebidae,Micragyrta diminuta,FALSE,FALSE
Equisetopsida,Asterales,Asteraceae,Mikania banisteriae,FALSE,FALSE
Equisetopsida,Myrtales,Melastomataceae,Miconia trinervia,FALSE,FALSE
Equisetopsida,Myrtales,Melastomataceae,Miconia traillii,FALSE,FALSE
Equisetopsida,Myrtales,Melastomataceae,Miconia tomentosa,FALSE,FALSE
Equisetopsida,Myrtales,Melastomataceae,Miconia tococoronata,FALSE,FALSE
Equisetopsida,Myrtales,Melastomataceae,Miconia tococapitata,FALSE,FALSE
Equisetopsida,Asterales,Asteraceae,Mikania guaco,FALSE,FALSE
Equisetopsida,Myrtales,Melastomataceae,Miconia tococa,FALSE,FALSE
Equisetopsida,Asterales,Asteraceae,Mikania hookeriana,FALSE,FALSE
Equisetopsida,Myrtales,Melastomataceae,Miconia tetragona,FALSE,FALSE
Equisetopsida,Myrtales,Melastomataceae,Miconia symplectocaulos,FALSE,FALSE
Equisetopsida,Myrtales,Melastomataceae,Miconia splendens,FALSE,FALSE
Equisetopsida,Asterales,Asteraceae,Mikania parviflora,FALSE,FALSE
Equisetopsida,Myrtales,Melastomataceae,Miconia serrulata,FALSE,FALSE
Equisetopsida,Asterales,Asteraceae,Mikania psilostachya,FALSE,FALSE
Equisetopsida,Asterales,Asteraceae,Mikania shushunensis,TRUE,FALSE
Equisetopsida,Myrtales,Melastomataceae,Miconia rugosa,FALSE,FALSE
Equisetopsida,Myrtales,Melastomataceae,Miconia radulifolia,FALSE,FALSE
Aves,Falconiformes,Falconidae,Milvago chimachima,FALSE,FALSE
Equisetopsida,Myrtales,Melastomataceae,Miconia nervosa,FALSE,FALSE
Equisetopsida,Myrtales,Melastomataceae,Miconia neoepiphytica,FALSE,FALSE
Equisetopsida,Myrtales,Melastomataceae,Miconia myriantha,FALSE,FALSE
Equisetopsida,Fabales,Fabaceae,Mimosa annularis var. xinguensis,FALSE,FALSE
Equisetopsida,Myrtales,Melastomataceae,Miconia minutiflora,FALSE,FALSE
Equisetopsida,Fabales,Fabaceae,Mimosa polydactyla,FALSE,FALSE
Equisetopsida,Myrtales,Melastomataceae,Miconia mayeta,FALSE,FALSE
Equisetopsida,Myrtales,Melastomataceae,Miconia heteroclita,FALSE,FALSE
Equisetopsida,Santalales,Olacaceae,Minquartia guianensis,FALSE,FALSE
Equisetopsida,Myrtales,Melastomataceae,Miconia formicoheterophylla,FALSE,FALSE
Equisetopsida,Myrtales,Melastomataceae,Miconia filamentosa,FALSE,FALSE
Equisetopsida,Myrtales,Melastomataceae,Miconia epibaterium,FALSE,FALSE
Equisetopsida,Myrtales,Melastomataceae,Miconia elata,FALSE,FALSE
Equisetopsida,Myrtales,Melastomataceae,Miconia dolichorrhyncha,FALSE,FALSE
Equisetopsida,Myrtales,Melastomataceae,Miconia dimorphica,FALSE,FALSE
Equisetopsida,Myrtales,Melastomataceae,Miconia cucullata,FALSE,FALSE
Equisetopsida,Myrtales,Melastomataceae,Miconia chrysophylla,FALSE,FALSE
Aves,Passeriformes,Tyrannidae,Mionectes oleagineus,FALSE,FALSE
Equisetopsida,Myrtales,Melastomataceae,Miconia caquetana,FALSE,FALSE
Equisetopsida,Myrtales,Melastomataceae,Miconia candelabrum,FALSE,FALSE
Equisetopsida,Myrtales,Melastomataceae,Miconia araneifera,FALSE,FALSE
Equisetopsida,Myrtales,Melastomataceae,Miconia amnicola,FALSE,FALSE
Equisetopsida,Myrtales,Melastomataceae,Miconia amazonica,FALSE,FALSE
Equisetopsida,Myrtales,Melastomataceae,Miconia alternidomatia,FALSE,FALSE
Equisetopsida,Myrtales,Melastomataceae,Miconia alternans,FALSE,FALSE
Equisetopsida,Myrtales,Melastomataceae,Miconia acutipetala,FALSE,FALSE
Equisetopsida,Laurales,Lauraceae,Mezilaurus triunca,TRUE,FALSE
Equisetopsida,Laurales,Lauraceae,Mezilaurus opaca,FALSE,FALSE
Equisetopsida,Malpighiales,Malpighiaceae,Mezia includens,FALSE,FALSE
Equisetopsida,Metteniusales,Metteniusaceae,Metteniusa tessmanniana,FALSE,FALSE
Equisetopsida,Cyatheales,Metaxyaceae,Metaxya rostrata,FALSE,FALSE
Equisetopsida,Cyatheales,Metaxyaceae,Metaxya parkeri,FALSE,FALSE
Insecta,Lepidoptera,Erebidae,Metastatia pyrrhorrhoea,FALSE,FALSE
Actinopterygii,Characiformes,Characidae,Moenkhausia collettii,FALSE,FALSE
Actinopterygii,Characiformes,Characidae,Moenkhausia copei,FALSE,FALSE
Actinopterygii,Characiformes,Characidae,Moenkhausia grandisquamis,FALSE,FALSE
Equisetopsida,Gentianales,Apocynaceae,Metalepis albiflora,FALSE,FALSE
Mammalia,Didelphimorphia,Didelphidae,Metachirus myosuros,FALSE,FALSE
Actinopterygii,Characiformes,Characidae,Moenkhausia oligolepis,FALSE,FALSE
Aves,Passeriformes,Thamnophilidae,Akletos melanoceps,FALSE,FALSE
Equisetopsida,Malvales,Malvaceae,Mollia gracilis,FALSE,FALSE
Equisetopsida,Malvales,Malvaceae,Mollia lepidota,FALSE,FALSE
Mammalia,Chiroptera,Phyllostomidae,Mesophylla macconnelli,FALSE,FALSE
Actinopterygii,Cichliformes,Cichlidae,Mesonauta insignis,FALSE,FALSE
Equisetopsida,Laurales,Monimiaceae,Mollinedia ovata,FALSE,FALSE
Mammalia,Rodentia,Echimyidae,Mesomys hispidus,FALSE,FALSE
Aves,Pelecaniformes,Threskiornithidae,Mesembrinibis cayennensis,FALSE,FALSE
Mammalia,Chiroptera,Molossidae,Molossops temminckii,FALSE,FALSE
Mammalia,Chiroptera,Molossidae,Molossus molossus,FALSE,FALSE
Mammalia,Chiroptera,Molossidae,Molossus rufus,FALSE,FALSE
Aves,Passeriformes,Icteridae,Molothrus bonariensis,FALSE,FALSE
Aves,Passeriformes,Icteridae,Molothrus oryzivorus,FALSE,FALSE
Equisetopsida,Lamiales,Acanthaceae,Mendoncia tarapotana,TRUE,FALSE
Equisetopsida,Lamiales,Acanthaceae,Mendoncia smithii,FALSE,FALSE
Equisetopsida,Lamiales,Acanthaceae,Mendoncia pedunculata,FALSE,FALSE
Equisetopsida,Cucurbitales,Cucurbitaceae,Momordica charantia,FALSE,FALSE
Equisetopsida,Cucurbitales,Cucurbitaceae,Melothria sphaerocarpa,FALSE,FALSE
Equisetopsida,Proteales,Sabiaceae,Meliosma herbertii,FALSE,FALSE
Aves,Coraciiformes,Momotidae,Momotus momota,FALSE,FALSE
Aves,Trogoniformes,Trogonidae,Trogon ramonianus,FALSE,FALSE
Equisetopsida,Celastrales,Celastraceae,Tontelea mauritioides,FALSE,FALSE
Equisetopsida,Celastrales,Celastraceae,Tontelea congestiflora,FALSE,FALSE
Equisetopsida,Celastrales,Celastraceae,Tontelea attenuata,FALSE,FALSE
Mammalia,Chiroptera,Phyllostomidae,Trachops cirrhosus,FALSE,FALSE
Equisetopsida,Ericales,Styracaceae,Styrax pohlii,FALSE,FALSE
Amphibia,Anura,Hylidae,Trachycephalus resinifictrix,FALSE,FALSE
Equisetopsida,Ericales,Styracaceae,Styrax tessmannii,FALSE,FALSE
Amphibia,Anura,Hylidae,Trachycephalus typhonius,FALSE,FALSE
Amphibia,Anura,Hylidae,Trachycephalus venulosus,FALSE,FALSE
Aves,Passeriformes,Tyrannidae,Tolmomyias poliocephalus,FALSE,FALSE
Equisetopsida,Malpighiales,Clusiaceae,Trattinnickia peruviana,FALSE,FALSE
Equisetopsida,Rosales,Cannabaceae,Trema micrantha,FALSE,FALSE
Aves,Passeriformes,Tyrannidae,Tolmomyias flaviventris,FALSE,FALSE
Aves,Passeriformes,Tyrannidae,Tolmomyias assimilis,FALSE,FALSE
Aves,Passeriformes,Tyrannidae,Todirostrum maculatum,FALSE,FALSE
Equisetopsida,Ericales,Primulaceae,Stylogyne longifolia,FALSE,FALSE
Aves,Passeriformes,Tyrannidae,Todirostrum chrysocrotaphum,FALSE,FALSE
Equisetopsida,Fabales,Fabaceae,Zygia longifolia,FALSE,FALSE
Equisetopsida,Gentianales,Rubiaceae,Tocoyena williamsii,FALSE,FALSE
Equisetopsida,Myrtales,Melastomataceae,Tococa guianensis,FALSE,FALSE
Aves,Passeriformes,Tyrannidae,Sublegatus obscurior,FALSE,FALSE
Equisetopsida,Sapindales,Meliaceae,Trichilia euneura,FALSE,FALSE
Equisetopsida,Sapindales,Meliaceae,Trichilia hispida,FALSE,FALSE
Aves,Passeriformes,Tityridae,Tityra semifasciata,FALSE,FALSE
Equisetopsida,Sapindales,Meliaceae,Trichilia micrantha,FALSE,FALSE
Aves,Passeriformes,Tityridae,Tityra inquisitor,FALSE,FALSE
Equisetopsida,Sapindales,Meliaceae,Trichilia pallida,FALSE,FALSE
Aves,Passeriformes,Tityridae,Tityra cayana,FALSE,FALSE
Equisetopsida,Sapindales,Meliaceae,Trichilia poeppigii,FALSE,FALSE
Equisetopsida,Sapindales,Meliaceae,Trichilia rubra,FALSE,FALSE
Insecta,Lepidoptera,Erebidae,Tipuloides rubriceps,FALSE,FALSE
Equisetopsida,Sapindales,Meliaceae,Trichilia septentrionalis,FALSE,FALSE
Equisetopsida,Sapindales,Meliaceae,Trichilia stipitata,FALSE,FALSE
Aves,Tinamiformes,Tinamidae,Tinamus major,FALSE,FALSE
Equisetopsida,Hymenophyllales,Hymenophyllaceae,Trichomanes ankersii,FALSE,FALSE
Equisetopsida,Hymenophyllales,Hymenophyllaceae,Trichomanes bicorne,FALSE,FALSE
Equisetopsida,Hymenophyllales,Hymenophyllaceae,Trichomanes crispum,FALSE,FALSE
Equisetopsida,Hymenophyllales,Hymenophyllaceae,Trichomanes cristatum,FALSE,FALSE
Aves,Tinamiformes,Tinamidae,Tinamus guttatus,FALSE,FALSE
Equisetopsida,Hymenophyllales,Hymenophyllaceae,Trichomanes elegans,FALSE,FALSE
Equisetopsida,Hymenophyllales,Hymenophyllaceae,Trichomanes hostmannianum,FALSE,FALSE
Equisetopsida,Hymenophyllales,Hymenophyllaceae,Trichomanes martiusii,FALSE,FALSE
Equisetopsida,Hymenophyllales,Hymenophyllaceae,Trichomanes pilosum,FALSE,FALSE
Equisetopsida,Hymenophyllales,Hymenophyllaceae,Trichomanes pinnatum,FALSE,FALSE
Insecta,Lepidoptera,Erebidae,Timalus leucomelas,FALSE,FALSE
Equisetopsida,Sapindales,Rutaceae,Zanthoxylum weberbaueri,FALSE,FALSE
Equisetopsida,Poales,Bromeliaceae,Tillandsia paraensis,FALSE,FALSE
Mammalia,Chiroptera,Phyllostomidae,Sturnira tildae,FALSE,FALSE
Equisetopsida,Malpighiales,Trigoniaceae,Trigonia sericea,FALSE,FALSE
Equisetopsida,Magnoliales,Annonaceae,Trigynaea duckei,FALSE,FALSE
Equisetopsida,Magnoliales,Annonaceae,Trigynaea lanceipetala,TRUE,FALSE
Aves,Charadriiformes,Scolopacidae,Tringa melanoleuca,FALSE,FALSE
Aves,Charadriiformes,Scolopacidae,Tringa solitaria,FALSE,FALSE
Mammalia,Chiroptera,Phyllostomidae,Trinycteris nicefori,FALSE,FALSE
Mammalia,Chiroptera,Phyllostomidae,Sturnira oporaphilum,FALSE,FALSE
Aves,Pelecaniformes,Ardeidae,Tigrisoma lineatum,FALSE,FALSE
Equisetopsida,Fabales,Fabaceae,Zygia latifolia,FALSE,FALSE
Mammalia,Chiroptera,Phyllostomidae,Sturnira magna,FALSE,FALSE
Aves,Passeriformes,Troglodytidae,Troglodytes aedon,FALSE,FALSE
Equisetopsida,Sapindales,Anacardiaceae,Thyrsodium spruceanum,FALSE,FALSE
Mammalia,Chiroptera,Thyropteridae,Thyroptera tricolor,FALSE,FALSE
Aves,Trogoniformes,Trogonidae,Trogon collaris,FALSE,FALSE
Aves,Trogoniformes,Trogonidae,Trogon curucui,FALSE,FALSE
Aves,Apodiformes,Trochilidae,Threnetes leucurus,FALSE,FALSE
Aves,Trogoniformes,Trogonidae,Trogon melanurus,FALSE,FALSE
Aves,Passeriformes,Thraupidae,Thraupis palmarum,FALSE,FALSE
Aves,Trogoniformes,Trogonidae,Trogon rufus,FALSE,FALSE
Aves,Trogoniformes,Trogonidae,Trogon viridis,FALSE,FALSE
Equisetopsida,Rosales,Moraceae,Trymatococcus amazonicus,FALSE,FALSE
Equisetopsida,Fabales,Fabaceae,Stryphnodendron polystachyum,FALSE,FALSE
Aves,Passeriformes,Vireonidae,Tunchiornis ochraceiceps,FALSE,FALSE
Aves,Passeriformes,Thraupidae,Thraupis episcopus,FALSE,FALSE
Equisetopsida,Sapindales,Rutaceae,Zanthoxylum huberi,FALSE,FALSE
Aves,Passeriformes,Turdidae,Turdus albicollis,FALSE,FALSE
Equisetopsida,Pandanales,Cyclanthaceae,Thoracocarpus bissectus,FALSE,FALSE
Aves,Passeriformes,Turdidae,Turdus hauxwelli,FALSE,FALSE
Equisetopsida,Fabales,Fabaceae,Swartzia arborescens,FALSE,FALSE
Aves,Charadriiformes,Laridae,Sternula superciliaris,FALSE,FALSE
Aves,Passeriformes,Turdidae,Turdus ignobilis,FALSE,FALSE
Aves,Passeriformes,Thraupidae,Thlypopsis sordida,FALSE,FALSE
Aves,Passeriformes,Turdidae,Turdus lawrencii,FALSE,FALSE
Equisetopsida,Fabales,Fabaceae,Swartzia auriculata,FALSE,FALSE
Equisetopsida,Fabales,Fabaceae,Swartzia benthamiana,FALSE,FALSE
Equisetopsida,Fabales,Fabaceae,Swartzia brachyrachis,FALSE,FALSE
Equisetopsida,Malpighiales,Passifloraceae,Turnera acuta,FALSE,FALSE
Equisetopsida,Crossosomatales,Staphyleaceae,Turpinia occidentalis,FALSE,FALSE
Aves,Passeriformes,Pipridae,Tyranneutes stolzmanni,FALSE,FALSE
Equisetopsida,Fabales,Fabaceae,Swartzia cardiosperma,FALSE,FALSE
Equisetopsida,Fabales,Fabaceae,Zygia guinetii,TRUE,FALSE
Aves,Passeriformes,Tyrannidae,Tyrannopsis sulphurea,FALSE,FALSE
Equisetopsida,Gentianales,Loganiaceae,Strychnos rondeletioides,FALSE,FALSE
Aves,Passeriformes,Tyrannidae,Tyrannulus elatus,FALSE,FALSE
Equisetopsida,Gentianales,Loganiaceae,Strychnos panurensis,FALSE,FALSE
Equisetopsida,Gentianales,Loganiaceae,Strychnos mitscherlichii,FALSE,FALSE
Aves,Passeriformes,Tyrannidae,Tyrannus melancholicus,FALSE,FALSE
Aves,Passeriformes,Tyrannidae,Tyrannus savana,FALSE,FALSE
Equisetopsida,Malvales,Malvaceae,Theobroma subincanum,FALSE,FALSE
Aves,Passeriformes,Tyrannidae,Tyrannus tyrannus,FALSE,FALSE
Equisetopsida,Cycadales,Zamiaceae,Zamia ulei,FALSE,TRUE
Equisetopsida,Gentianales,Loganiaceae,Strychnos guianensis,FALSE,FALSE
Equisetopsida,Malvales,Malvaceae,Theobroma obovatum,FALSE,FALSE
Equisetopsida,Fabales,Fabaceae,Swartzia gracilis,FALSE,FALSE
Equisetopsida,Malvales,Malvaceae,Theobroma glaucum,FALSE,FALSE
Equisetopsida,Malvales,Malvaceae,Theobroma cacao,FALSE,FALSE
Equisetopsida,Gentianales,Rubiaceae,Uncaria guianensis,FALSE,FALSE
Equisetopsida,Fabales,Fabaceae,Swartzia klugii,FALSE,FALSE
Equisetopsida,Gentianales,Loganiaceae,Strychnos froesii,FALSE,FALSE
Equisetopsida,Fabales,Fabaceae,Swartzia laevicarpa,FALSE,FALSE
Equisetopsida,Magnoliales,Annonaceae,Unonopsis floribunda,FALSE,FALSE
Equisetopsida,Magnoliales,Annonaceae,Unonopsis guatterioides,FALSE,FALSE
Equisetopsida,Magnoliales,Annonaceae,Unonopsis peruviana,FALSE,FALSE
Equisetopsida,Magnoliales,Annonaceae,Unonopsis spectabilis,FALSE,FALSE
Equisetopsida,Fabales,Fabaceae,Swartzia oraria,FALSE,FALSE
Equisetopsida,Fabales,Fabaceae,Swartzia pendula,FALSE,FALSE
Equisetopsida,Magnoliales,Annonaceae,Unonopsis stipitata,FALSE,FALSE
Equisetopsida,Fabales,Fabaceae,Swartzia polyphylla,FALSE,FALSE
Equisetopsida,Magnoliales,Annonaceae,Unonopsis veneficiorum,FALSE,FALSE
Equisetopsida,Fabales,Fabaceae,Swartzia racemosa,FALSE,FALSE
Equisetopsida,Fabales,Fabaceae,Swartzia recurva,FALSE,FALSE
Equisetopsida,Fabales,Fabaceae,Swartzia rosea,FALSE,FALSE
Equisetopsida,Gentianales,Loganiaceae,Strychnos erichsonii,FALSE,FALSE
Equisetopsida,Fabales,Fabaceae,Swartzia schunkei,FALSE,FALSE
Insecta,Lepidoptera,Erebidae,Uranophora leocotelus,FALSE,FALSE
Equisetopsida,Fabales,Fabaceae,Zygia divaricata,FALSE,FALSE
Aves,Passeriformes,Tyrannidae,Zimmerius gracilipes,FALSE,FALSE
Equisetopsida,Sapindales,Sapindaceae,Talisia acutifolia,FALSE,FALSE
Equisetopsida,Gentianales,Loganiaceae,Strychnos darienensis,FALSE,FALSE
Equisetopsida,Rosales,Urticaceae,Urena lobata,FALSE,FALSE
Equisetopsida,Rosales,Urticaceae,Urera baccifera,FALSE,FALSE
Equisetopsida,Gentianales,Loganiaceae,Strychnos asperula,FALSE,FALSE
Equisetopsida,Gentianales,Loganiaceae,Strychnos amazonica,FALSE,FALSE
Mammalia,Chiroptera,Phyllostomidae,Uroderma bilobatum,FALSE,FALSE
Mammalia,Chiroptera,Phyllostomidae,Uroderma magnirostrum,FALSE,FALSE
Equisetopsida,Malpighiales,Salicaceae,Xylosma tessmannii,FALSE,FALSE
Equisetopsida,Santalales,Loranthaceae,Struthanthus orbicularis,FALSE,FALSE
Equisetopsida,Alismatales,Araceae,Urospatha sagittifolia,FALSE,FALSE
Equisetopsida,Magnoliales,Annonaceae,Xylopia sericea,FALSE,FALSE
Equisetopsida,Magnoliales,Annonaceae,Xylopia parviflora,FALSE,FALSE
Equisetopsida,Magnoliales,Annonaceae,Xylopia nitida,FALSE,FALSE
Equisetopsida,Magnoliales,Annonaceae,Xylopia nervosa,FALSE,FALSE
Equisetopsida,Magnoliales,Annonaceae,Xylopia excellens,FALSE,FALSE
Equisetopsida,Fabales,Fabaceae,Swartzia simplex,FALSE,FALSE
Equisetopsida,Fabales,Fabaceae,Swartzia tessmannii,FALSE,FALSE
Mammalia,Chiroptera,Phyllostomidae,Vampyressa melissa,FALSE,TRUE
Equisetopsida,Sapindales,Sapindaceae,Talisia cerasina,FALSE,FALSE
Mammalia,Chiroptera,Phyllostomidae,Vampyriscus bidens,FALSE,FALSE
Aves,Passeriformes,Thamnophilidae,Thamnophilus schistaceus,FALSE,FALSE
Mammalia,Chiroptera,Phyllostomidae,Vampyriscus brocki,FALSE,FALSE
Mammalia,Chiroptera,Phyllostomidae,Vampyrodes caraccioli,FALSE,FALSE
Equisetopsida,Magnoliales,Annonaceae,Xylopia cuspidata,FALSE,FALSE
Equisetopsida,Arecales,Arecaceae,Syagrus smithii,FALSE,FALSE
Aves,Passeriformes,Tyrannidae,Zimmerius villarejoi,TRUE,TRUE
Equisetopsida,Lamiales,Linderniaceae,Vandellia diffusa,FALSE,FALSE
Aves,Charadriiformes,Charadriidae,Vanellus cayanus,FALSE,FALSE
Aves,Passeriformes,Thamnophilidae,Thamnophilus murinus,FALSE,FALSE
Aves,Charadriiformes,Charadriidae,Vanellus chilensis,FALSE,FALSE
Aves,Passeriformes,Thamnophilidae,Thamnophilus doliatus,FALSE,FALSE
Equisetopsida,Malpighiales,Humiriaceae,Vantanea parviflora,FALSE,FALSE
Equisetopsida,Fabales,Fabaceae,Vatairea erythrocarpa,FALSE,FALSE
Insecta,Coleoptera,Scarabaeidae,Sylvicanthon bridarolli,FALSE,FALSE
Equisetopsida,Fabales,Fabaceae,Vatairea guianensis,FALSE,FALSE
Equisetopsida,Sapindales,Sapindaceae,Talisia clathrata,FALSE,FALSE
Aves,Passeriformes,Thamnophilidae,Thamnophilus amazonicus,FALSE,FALSE
Equisetopsida,Asterales,Asteraceae,Vernonanthura patens,FALSE,FALSE
Equisetopsida,Magnoliales,Annonaceae,Xylopia calophylla,FALSE,FALSE
Aves,Passeriformes,Thamnophilidae,Thamnomanes caesius,FALSE,FALSE
Equisetopsida,Fabales,Fabaceae,Vigna caracalla,FALSE,FALSE
Aves,Passeriformes,Thamnophilidae,Thamnomanes ardesiacus,FALSE,FALSE
Equisetopsida,Malpighiales,Violaceae,Viola stipularis,FALSE,FALSE
Aves,Passeriformes,Vireonidae,Vireo flavoviridis,FALSE,FALSE
Aves,Apodiformes,Trochilidae,Thalurania furcata,FALSE,FALSE
Aves,Passeriformes,Vireonidae,Vireolanius leucotis,FALSE,FALSE
Aves,Passeriformes,Vireonidae,Vireo olivaceus,FALSE,FALSE
Equisetopsida,Magnoliales,Myristicaceae,Virola caducifolia,FALSE,FALSE
Equisetopsida,Magnoliales,Myristicaceae,Virola calophylla,FALSE,FALSE
Equisetopsida,Magnoliales,Myristicaceae,Virola calophylloidea,FALSE,FALSE
Equisetopsida,Magnoliales,Myristicaceae,Virola divergens,FALSE,FALSE
Equisetopsida,Magnoliales,Myristicaceae,Virola duckei,FALSE,FALSE
Equisetopsida,Magnoliales,Myristicaceae,Virola elongata,FALSE,FALSE
Equisetopsida,Magnoliales,Myristicaceae,Virola loretensis,FALSE,FALSE
Equisetopsida,Magnoliales,Myristicaceae,Virola marleneae,FALSE,FALSE
Equisetopsida,Magnoliales,Myristicaceae,Virola mollissima,FALSE,FALSE
Equisetopsida,Magnoliales,Myristicaceae,Virola multicostata,FALSE,FALSE
Equisetopsida,Malpighiales,Salicaceae,Tetrathylacium macrophyllum,FALSE,FALSE
Equisetopsida,Santalales,Olacaceae,Tetrastylidium peruvianum,FALSE,FALSE
Equisetopsida,Magnoliales,Myristicaceae,Virola multinervia,FALSE,FALSE
Equisetopsida,Magnoliales,Myristicaceae,Virola obovata,FALSE,FALSE
Equisetopsida,Malpighiales,Malpighiaceae,Tetrapterys mucronata,FALSE,FALSE
Equisetopsida,Magnoliales,Myristicaceae,Virola pavonis,FALSE,FALSE
Insecta,Coleoptera,Scarabaeidae,Tetramereia convexa,FALSE,FALSE
Equisetopsida,Magnoliales,Myristicaceae,Virola peruviana,FALSE,FALSE
Equisetopsida,Magnoliales,Annonaceae,Tetrameranthus pachycarpus,TRUE,FALSE
Equisetopsida,Magnoliales,Myristicaceae,Virola sebifera,FALSE,FALSE
Equisetopsida,Sapindales,Sapindaceae,Talisia japurensis,FALSE,FALSE
Equisetopsida,Magnoliales,Myristicaceae,Virola surinamensis,FALSE,FALSE
Equisetopsida,Magnoliales,Myristicaceae,Virola theiodora,FALSE,FALSE
Equisetopsida,Malpighiales,Hypericaceae,Vismia confertiflora,FALSE,FALSE
Amphibia,Anura,Craugastoridae,Strabomantis sulcatus,FALSE,FALSE
Equisetopsida,Malpighiales,Hypericaceae,Vismia gracilis,FALSE,FALSE
Equisetopsida,Lamiales,Bignoniaceae,Stizophyllum riparium,FALSE,FALSE
Equisetopsida,Malpighiales,Hypericaceae,Vismia guianensis,FALSE,FALSE
Equisetopsida,Malpighiales,Hypericaceae,Vismia macrophylla,FALSE,FALSE
Equisetopsida,Malpighiales,Hypericaceae,Vismia pozuzoensis,FALSE,FALSE
Equisetopsida,Malpighiales,Hypericaceae,Vismia schultesii,FALSE,FALSE
Equisetopsida,Lamiales,Lamiaceae,Vitex triflora,FALSE,FALSE
Aves,Passeriformes,Thraupidae,Tersina viridis,FALSE,FALSE
Amphibia,Anura,Centrolenidae,Vitreorana ritae,FALSE,FALSE
Equisetopsida,Myrtales,Vochysiaceae,Vochysia densiflora,FALSE,FALSE
Equisetopsida,Ericales,Theaceae,Ternstroemia penduliflora,TRUE,FALSE
Equisetopsida,Ericales,Pentaphylacaceae,Ternstroemia klugiana,TRUE,FALSE
Equisetopsida,Magnoliales,Annonaceae,Xylopia benthamii,FALSE,FALSE
Equisetopsida,Myrtales,Combretaceae,Terminalia viridiflora,FALSE,FALSE
Equisetopsida,Myrtales,Combretaceae,Terminalia pulcherrima,FALSE,FALSE
Aves,Passeriformes,Thraupidae,Volatinia jacarina,FALSE,FALSE
Equisetopsida,Myrtales,Combretaceae,Terminalia parvifolia,FALSE,FALSE
Equisetopsida,Magnoliales,Annonaceae,Xylopia barbata,FALSE,FALSE
Equisetopsida,Gentianales,Gentianaceae,Voyria aphylla,FALSE,FALSE
Equisetopsida,Gentianales,Gentianaceae,Voyria spruceana,FALSE,FALSE
Equisetopsida,Gentianales,Gentianaceae,Voyria tenella,FALSE,FALSE
Equisetopsida,Myrtales,Combretaceae,Terminalia macrophylla,FALSE,FALSE
Equisetopsida,Myrtales,Combretaceae,Terminalia duckei,FALSE,FALSE
Equisetopsida,Myrtales,Combretaceae,Terminalia dichotoma,FALSE,FALSE
Equisetopsida,Myrtales,Combretaceae,Terminalia amazonia,FALSE,FALSE
Aves,Passeriformes,Thraupidae,Stilpnia nigrocincta,FALSE,FALSE
Equisetopsida,Gentianales,Rubiaceae,Warszewiczia coccinea,FALSE,FALSE
Aves,Passeriformes,Onychorhynchidae,Terenotriccus erythrurus,FALSE,FALSE
Equisetopsida,Gentianales,Rubiaceae,Warszewiczia elata,FALSE,FALSE
Amphibia,Anura,Centrolenidae,Teratohyla midas,FALSE,FALSE
Amphibia,Anura,Hylidae,Tepuihyla tuberculosa,FALSE,FALSE
Equisetopsida,Ranunculales,Menispermaceae,Telitoxicum minutiflorum,FALSE,FALSE
Equisetopsida,Ranunculales,Menispermaceae,Telitoxicum krukovii,FALSE,FALSE
Insecta,Lepidoptera,Erebidae,Telioneura carmania,FALSE,FALSE
Equisetopsida,Caryophyllales,Polygonaceae,Symmeria paniculata,FALSE,FALSE
Equisetopsida,Sapindales,Sapindaceae,Talisia nervosa,FALSE,FALSE
Aves,Passeriformes,Thamnophilidae,Willisornis poecilinotus,FALSE,FALSE
Equisetopsida,Malpighiales,Clusiaceae,Symphonia globulifera,FALSE,FALSE
Equisetopsida,Sapindales,Sapindaceae,Talisia obovata,FALSE,FALSE
Equisetopsida,Solanales,Solanaceae,Witheringia solanacea,FALSE,FALSE
Insecta,Lepidoptera,Erebidae,Xanthida chalcosticta,FALSE,FALSE
Insecta,Hymenoptera,Ichneumonidae,Xanthopimpla allpahuaya,FALSE,FALSE
Insecta,Hymenoptera,Ichneumonidae,Xanthopimpla aurita,FALSE,FALSE
Insecta,Hymenoptera,Ichneumonidae,Xanthopimpla vidali,FALSE,FALSE
Insecta,Lepidoptera,Erebidae,Xanthopleura perspicua,FALSE,FALSE
Mammalia,Cetartiodactyla,Tayassuidae,Tayassu pecari,FALSE,FALSE
Equisetopsida,Gentianales,Apocynaceae,Tassadia obovata,FALSE,FALSE
Equisetopsida,Fabales,Fabaceae,Zygia cataractae,FALSE,FALSE
Equisetopsida,Fabales,Fabaceae,Zygia unifoliolata,FALSE,FALSE
Aves,Passeriformes,Furnariidae,Xenops minutus,FALSE,FALSE
Equisetopsida,Fabales,Fabaceae,Taralea oppositifolia,FALSE,FALSE
Aves,Passeriformes,Thamnophilidae,Taraba major,FALSE,FALSE
Equisetopsida,Malpighiales,Dichapetalaceae,Tapura juruana,FALSE,FALSE
Equisetopsida,Fabales,Fabaceae,Zygia basijuga,FALSE,FALSE
Equisetopsida,Malpighiales,Dichapetalaceae,Tapura julianii,FALSE,FALSE
Aves,Passeriformes,Furnariidae,Xenops tenuirostris,FALSE,FALSE
Equisetopsida,Malpighiales,Dichapetalaceae,Tapura coriacea,FALSE,FALSE
Equisetopsida,Malpighiales,Dichapetalaceae,Tapura amazonica,FALSE,FALSE
Mammalia,Perissodactyla,Tapiridae,Tapirus terrestris,FALSE,FALSE
Aves,Passeriformes,Cotingidae,Xipholena punicea,FALSE,TRUE
Aves,Passeriformes,Furnariidae,Xiphorhynchus elegans,FALSE,FALSE
Mammalia,Pilosa,Myrmecophagidae,Tamandua tetradactyla,FALSE,FALSE
Aves,Passeriformes,Furnariidae,Synallaxis gujanensis,FALSE,FALSE
Equisetopsida,Sapindales,Anacardiaceae,Tapirira retusa,FALSE,FALSE
Equisetopsida,Sapindales,Anacardiaceae,Tapirira peckoltiana,FALSE,FALSE
Equisetopsida,Sapindales,Anacardiaceae,Tapirira obtusa,FALSE,FALSE
Aves,Passeriformes,Furnariidae,Synallaxis rutilans,FALSE,FALSE
Equisetopsida,Sapindales,Anacardiaceae,Tapirira guianensis,FALSE,FALSE
Aves,Cuculiformes,Cuculidae,Tapera naevia,FALSE,FALSE
Aves,Passeriformes,Thraupidae,Tangara velia,FALSE,FALSE
Aves,Passeriformes,Thraupidae,Tangara schrankii,FALSE,FALSE
Equisetopsida,Gentianales,Apocynaceae,Tabernaemontana markgrafiana,FALSE,FALSE
Equisetopsida,Gentianales,Apocynaceae,Tabernaemontana sananho,FALSE,FALSE
Aves,Passeriformes,Furnariidae,Xiphorhynchus guttatus,FALSE,FALSE
Aves,Passeriformes,Thraupidae,Tangara mexicana,FALSE,FALSE
Equisetopsida,Gentianales,Gentianaceae,Tachia loretensis,TRUE,FALSE
Equisetopsida,Gentianales,Gentianaceae,Tachia occidentalis,FALSE,FALSE
Equisetopsida,Fabales,Fabaceae,Tachigali bracteosa,FALSE,FALSE
Equisetopsida,Fabales,Fabaceae,Tachigali cavipes,FALSE,FALSE
Equisetopsida,Fabales,Fabaceae,Tachigali chrysophylla,FALSE,FALSE
Aves,Passeriformes,Thraupidae,Tangara gyrola,FALSE,FALSE
Equisetopsida,Fabales,Fabaceae,Tachigali formicarum,FALSE,FALSE
Equisetopsida,Fabales,Fabaceae,Tachigali goeldiana,FALSE,FALSE
Equisetopsida,Fabales,Fabaceae,Tachigali guianensis,FALSE,FALSE
Equisetopsida,Fabales,Fabaceae,Tachigali inconspicua,FALSE,FALSE
Equisetopsida,Fabales,Fabaceae,Tachigali loretensis,FALSE,FALSE
Equisetopsida,Fabales,Fabaceae,Tachigali macbridei,FALSE,FALSE
Equisetopsida,Fabales,Fabaceae,Tachigali melinonii,FALSE,FALSE
Equisetopsida,Fabales,Fabaceae,Tachigali paniculata,FALSE,FALSE
Aves,Passeriformes,Thraupidae,Tangara chilensis,FALSE,FALSE
Equisetopsida,Fabales,Fabaceae,Tachigali poeppigiana,FALSE,FALSE
Equisetopsida,Fabales,Fabaceae,Tachigali ptychophysca,FALSE,FALSE
Aves,Passeriformes,Furnariidae,Xiphorhynchus ocellatus,FALSE,FALSE
Equisetopsida,Fabales,Fabaceae,Tachigali rusbyi,FALSE,FALSE
Equisetopsida,Fabales,Fabaceae,Tachigali schultesiana,FALSE,FALSE
Equisetopsida,Fabales,Fabaceae,Tachigali tessmannii,FALSE,FALSE
Equisetopsida,Fabales,Fabaceae,Tachigali vasquezii,FALSE,FALSE
Aves,Apodiformes,Apodidae,Tachornis squamata,FALSE,FALSE
Aves,Passeriformes,Thraupidae,Tangara callophrys,FALSE,FALSE
Aves,Passeriformes,Hirundinidae,Tachycineta albiventer,FALSE,FALSE
Aves,Passeriformes,Furnariidae,Xiphorhynchus obsoletus,FALSE,FALSE
Aves,Passeriformes,Thraupidae,Tachyphonus surinamus,FALSE,FALSE
Equisetopsida,Boraginales,Heliotropiaceae,Tournefortia maculata,FALSE,FALSE
Equisetopsida,Ericales,Styracaceae,Styrax guyanensis,FALSE,FALSE
Equisetopsida,Ericales,Styracaceae,Styrax macrophyllus,FALSE,FALSE
Equisetopsida,Malpighiales,Clusiaceae,Tovomita calophyllophylla,FALSE,FALSE
Equisetopsida,Malpighiales,Clusiaceae,Tovomita carinata,FALSE,FALSE
Aves,Psittaciformes,Psittacidae,Touit purpuratus,FALSE,FALSE
Equisetopsida,Malpighiales,Clusiaceae,Tovomita laurina,FALSE,FALSE
Equisetopsida,Malpighiales,Clusiaceae,Tovomita speciosa,FALSE,FALSE
Equisetopsida,Malpighiales,Clusiaceae,Tovomita spruceana,FALSE,FALSE
Equisetopsida,Malpighiales,Clusiaceae,Tovomita stigmatosa,FALSE,FALSE
Aves,Psittaciformes,Psittacidae,Touit huetii,FALSE,FALSE
Equisetopsida,Malpighiales,Clusiaceae,Tovomita umbellata,FALSE,FALSE
Aves,Apodiformes,Trochilidae,Topaza pyra,FALSE,FALSE
