Clase,Orden,Familia,Especie
Insecta,Lepidoptera,Riodinidae,"Synargis ochra"
Insecta,Lepidoptera,Hesperiidae,"Vinius tryhana istria"
Insecta,Lepidoptera,Lycaenidae,"Strephonota foyi"
Insecta,Lepidoptera,Lycaenidae,"Terenthina terentia"
Insecta,Lepidoptera,Nymphalidae,"Temenis pulchra"
Insecta,Lepidoptera,Nymphalidae,"Temenis laothoe"
Insecta,Lepidoptera,Nymphalidae,"Telenassa jana"
Insecta,Lepidoptera,Hesperiidae,"Telemiades amphion misitheus"
Insecta,Lepidoptera,Nymphalidae,"Tegosa etia"
Insecta,Lepidoptera,Nymphalidae,"Tegosa claudina"
Insecta,Lepidoptera,Nymphalidae,"Yphthimoides renata"
Insecta,Lepidoptera,Nymphalidae,"Tithorea harmonia melanina"
Insecta,Lepidoptera,Hesperiidae,"Yanguna cometes staudingeri"
Insecta,Lepidoptera,Nymphalidae,"Taygetis rufomarginata"
Insecta,Lepidoptera,Nymphalidae,"Taygetis larua"
Insecta,Lepidoptera,Riodinidae,"Thisbe irenea"
Insecta,Lepidoptera,Riodinidae,"Thisbe incubus"
Insecta,Lepidoptera,Lycaenidae,"Thestius meridionalis"
Insecta,Lepidoptera,Lycaenidae,"Theritas hemon"
Insecta,Lepidoptera,Riodinidae,"Theope nycteis"
Insecta,Lepidoptera,Lycaenidae,"Strymon mulucha"
Insecta,Lepidoptera,Lycaenidae,"Strymon ziba"
Insecta,Lepidoptera,Riodinidae,"Crocozona fasciata fasciata"
Insecta,Lepidoptera,Nymphalidae,"Junonia genoveva"
Insecta,Lepidoptera,Nymphalidae,"Fountainea nessus"
Insecta,Lepidoptera,Riodinidae,"Melanis cercopes"
Insecta,Lepidoptera,Riodinidae,"Crocozona coecias"
Insecta,Lepidoptera,Lycaenidae,"Parrhasius polibetes"
Insecta,Lepidoptera,Pieridae,"Melete lycimnia"
Insecta,Lepidoptera,Hesperiidae,"Parphorus storax storax"
Insecta,Lepidoptera,Riodinidae,"Chamaelimnas briola briola"
Insecta,Lepidoptera,Nymphalidae,"Caligo superbus"
Insecta,Lepidoptera,Hesperiidae,"Aethilla eleusinia"
Insecta,Lepidoptera,Nymphalidae,"Adelpha irmina"
Insecta,Lepidoptera,Nymphalidae,"Oleria gunilla serdolis"
Insecta,Lepidoptera,Nymphalidae,"Oleria estella estella"
Insecta,Lepidoptera,Riodinidae,"Chalodeta theodora"
Insecta,Lepidoptera,Riodinidae,"Chalodeta panurga"
Insecta,Lepidoptera,Nymphalidae,"Adelpha plesaure"
Insecta,Lepidoptera,Nymphalidae,"Callicore excelsior"
Insecta,Lepidoptera,Nymphalidae,"Callicore felderi"
Insecta,Lepidoptera,Nymphalidae,"Callicore hystaspes"
Insecta,Lepidoptera,Nymphalidae,"Callicore texa"
Insecta,Lepidoptera,Hesperiidae,"Jemadia albescens"
Insecta,Lepidoptera,Nymphalidae,"Historis acheronta"
Insecta,Lepidoptera,Nymphalidae,"Historis odius"
Insecta,Lepidoptera,Papilionidae,"Parides vertumnus bogotanus"
Insecta,Lepidoptera,Papilionidae,"Parides sesostris sesostris"
Insecta,Lepidoptera,Nymphalidae,"Pteronymia oneida"
Insecta,Lepidoptera,Papilionidae,"Parides neophilus olivencius"
Insecta,Lepidoptera,Papilionidae,"Neographium leucaspis"
Insecta,Lepidoptera,Papilionidae,"Parides erithalion xanthias"
Insecta,Lepidoptera,Papilionidae,"Pterourus menatius"
Insecta,Lepidoptera,Papilionidae,"Pterourus zagreus"
Insecta,Lepidoptera,Nymphalidae,"Pareuptychia ocirrhoe"
Insecta,Lepidoptera,Nymphalidae,"Pareuptychia metaleuca"
Insecta,Lepidoptera,Nymphalidae,"Hamadryas laodamia"
Insecta,Lepidoptera,Nymphalidae,"Selenophanes cassiope"
Insecta,Lepidoptera,Lycaenidae,"Calycopis bellera"
Insecta,Lepidoptera,Lycaenidae,"Calycopis calus"
Insecta,Lepidoptera,Lycaenidae,"Calycopis centoripa"
Insecta,Lepidoptera,Lycaenidae,"Calycopis demonassa"
Insecta,Lepidoptera,Hesperiidae,"Saliana salius"
Insecta,Lepidoptera,Nymphalidae,"Hamadryas arinome"
Insecta,Lepidoptera,Nymphalidae,"Hamadryas amphinome"
Insecta,Lepidoptera,Nymphalidae,"Haetera piera"
Insecta,Lepidoptera,Nymphalidae,"Megeuptychia antonoe"
Insecta,Lepidoptera,Nymphalidae,"Hyalyris schlingeri"
Insecta,Lepidoptera,Nymphalidae,"Marpesia zerynthia"
Insecta,Lepidoptera,Nymphalidae,"Pierella lamia"
Insecta,Lepidoptera,Riodinidae,"Parcella amarynthina"
Insecta,Lepidoptera,Nymphalidae,"Ithomia terra"
Insecta,Lepidoptera,Nymphalidae,"Ithomia salapia diaphana"
Insecta,Lepidoptera,Hesperiidae,"Potamanaxas paralus"
Insecta,Lepidoptera,Nymphalidae,"Marpesia petreus"
Insecta,Lepidoptera,Nymphalidae,"Ithomia agnosia"
Insecta,Lepidoptera,Nymphalidae,"Marpesia furcula"
Insecta,Lepidoptera,Lycaenidae,"Aubergina hesychia"
Insecta,Lepidoptera,Nymphalidae,"Nessaea hewitsonii"
Insecta,Lepidoptera,Hesperiidae,"Quadrus cerialis"
Insecta,Lepidoptera,Nymphalidae,"Oxeoschistus pronax"
Insecta,Lepidoptera,Nymphalidae,"Marpesia corinna"
Insecta,Lepidoptera,Pieridae,"Ganyra phaloe"
Insecta,Lepidoptera,Papilionidae,"Mimoides xeniades signatus"
Insecta,Lepidoptera,Nymphalidae,"Magneuptychia fugitiva"
Insecta,Lepidoptera,Nymphalidae,"Polygrapha cyanea"
Insecta,Lepidoptera,Nymphalidae,"Marpesia berania"
Insecta,Lepidoptera,Riodinidae,"Rhetus periander"
Insecta,Lepidoptera,Pieridae,"Rhabdodryas trite"
Insecta,Lepidoptera,Hesperiidae,"Autochton zarex"
Insecta,Lepidoptera,Hesperiidae,"Pachyneuria herophile"
Insecta,Lepidoptera,Hesperiidae,"Pachyneuria jaguar"
Insecta,Lepidoptera,Riodinidae,"Amarynthis meneria"
Insecta,Lepidoptera,Lycaenidae,"Allosmaitia strophius"
Insecta,Lepidoptera,Nymphalidae,"Adelpha boeotia"
Insecta,Lepidoptera,Nymphalidae,"Hypanartia dione"
Insecta,Lepidoptera,Nymphalidae,"Hypanartia lethe"
Insecta,Lepidoptera,Nymphalidae,"Hypanartia trimaculata"
Insecta,Lepidoptera,Nymphalidae,"Philaethria ostara"
Insecta,Lepidoptera,Pieridae,"Dismorphia thermesia"
Insecta,Lepidoptera,Pieridae,"Pieriballia viardi"
Insecta,Lepidoptera,Riodinidae,"Caria castalia"
Insecta,Lepidoptera,Riodinidae,"Caria chrysame"
Insecta,Lepidoptera,Nymphalidae,"Hypna clytemnestra"
Insecta,Lepidoptera,Nymphalidae,"Greta libethris libethris"
Insecta,Lepidoptera,Nymphalidae,"Altinote alcione"
Insecta,Lepidoptera,Lycaenidae,"Hypostrymon asa"
Insecta,Lepidoptera,Nymphalidae,"Hypothyris euclea callanga"
Insecta,Lepidoptera,Hesperiidae,"Pyrgus orcus"
Insecta,Lepidoptera,Nymphalidae,"Hypothyris semifulva pallisteri"
Insecta,Lepidoptera,Lycaenidae,"Celmia celmus"
Insecta,Lepidoptera,Riodinidae,"Metacharis syloes"
Insecta,Lepidoptera,Hesperiidae,"Spathilepia clonius"
Insecta,Lepidoptera,Lycaenidae,"Ocaria thales"
Insecta,Lepidoptera,Lycaenidae,"Ocaria ocrisia"
Insecta,Lepidoptera,Hesperiidae,"Gorgopas trochilus"
Insecta,Lepidoptera,Nymphalidae,"Bia actorion"
Insecta,Lepidoptera,Nymphalidae,"Panacea prola"
Insecta,Lepidoptera,Riodinidae,"Nymphidium caricae"
Insecta,Lepidoptera,Hesperiidae,"Celaenorrhinus syllius"
Insecta,Lepidoptera,Riodinidae,"Nymphidium azanoides"
Insecta,Lepidoptera,Hesperiidae,"Celaenorrhinus jao"
Insecta,Lepidoptera,Riodinidae,"Nymphidium ascolia"
Insecta,Lepidoptera,Nymphalidae,"Godyris zavaleta huallaga"
Insecta,Lepidoptera,Nymphalidae,"Godyris duillia"
Insecta,Lepidoptera,Pieridae,"Catasticta sisamnus telasco"
Insecta,Lepidoptera,Lycaenidae,"Micandra platyptera"
Insecta,Lepidoptera,Nymphalidae,"Pyrrhogyra edocla"
Insecta,Lepidoptera,Riodinidae,"Metacharis regalis"
Insecta,Lepidoptera,Nymphalidae,"Pyrrhogyra otolais"
Insecta,Lepidoptera,Riodinidae,"Emesis brimo"
Insecta,Lepidoptera,Lycaenidae,"Mithras orobia"
Insecta,Lepidoptera,Hesperiidae,"Pyrrhopyge aziza troja"
Insecta,Lepidoptera,Nymphalidae,"Adelpha iphiclus"
Insecta,Lepidoptera,Riodinidae,"Emesis mandana"
Insecta,Lepidoptera,Nymphalidae,"Catonephele numilia"
Insecta,Lepidoptera,Riodinidae,"Emesis ocypore"
Insecta,Lepidoptera,Nymphalidae,"Catonephele salambria"
Insecta,Lepidoptera,Riodinidae,"Baeotis bacaenis"
Insecta,Lepidoptera,Nymphalidae,"Mechanitis mazaeus fallax"
Insecta,Lepidoptera,Nymphalidae,"Mechanitis polymnia proceriformis"
Insecta,Lepidoptera,Pieridae,"Aphrissa statira"
Insecta,Lepidoptera,Nymphalidae,"Mechanitis lysimnia ocona"
Insecta,Lepidoptera,Nymphalidae,"Cithaerias pireta"
Insecta,Lepidoptera,Nymphalidae,"Cissia proba"
Insecta,Lepidoptera,Pieridae,"Eurema albula"
Insecta,Lepidoptera,Nymphalidae,"Cithaerias pyropina"
Insecta,Lepidoptera,Nymphalidae,"Memphis pithyusa"
Insecta,Lepidoptera,Pieridae,"Eurema paulina"
Insecta,Lepidoptera,Hesperiidae,"Cycloglypha caeruleonigra"
Insecta,Lepidoptera,Nymphalidae,"Memphis polycarmes"
Insecta,Lepidoptera,Pieridae,"Eurema salome"
Insecta,Lepidoptera,Hesperiidae,"Euriphellus euribates euribates"
Insecta,Lepidoptera,Riodinidae,"Eurybia caerulescens"
Insecta,Lepidoptera,Nymphalidae,"Siproeta epaphus"
Insecta,Lepidoptera,Nymphalidae,"Siproeta stelenes"
Insecta,Lepidoptera,Riodinidae,"Eurybia dardus annulata"
Insecta,Lepidoptera,Riodinidae,"Eurybia juturna"
Insecta,Lepidoptera,Riodinidae,"Mesosemia macella"
Insecta,Lepidoptera,Riodinidae,"Eurybia molochina hyacinthina"
Insecta,Lepidoptera,Riodinidae,"Mesosemia loruhama candara"
Insecta,Lepidoptera,Nymphalidae,"Memphis offa"
Insecta,Lepidoptera,Pieridae,"Leptophobia cinerea menthe"
Insecta,Lepidoptera,Pieridae,"Leptophobia forsteri"
Insecta,Lepidoptera,Riodinidae,"Siseme neurodes"
Insecta,Lepidoptera,Pieridae,"Leptophobia tovaria"
Insecta,Lepidoptera,Papilionidae,"Eurytides serville"
Insecta,Lepidoptera,Nymphalidae,"Eunica norica occia"
Insecta,Lepidoptera,Riodinidae,"Euselasia attrita"
Insecta,Lepidoptera,Riodinidae,"Euselasia corduena corduena"
Insecta,Lepidoptera,Lycaenidae,"Ministrymon cleon"
Insecta,Lepidoptera,Riodinidae,"Euselasia eucrates eucrates"
Insecta,Lepidoptera,Riodinidae,"Euselasia eumenes"
Insecta,Lepidoptera,Nymphalidae,"Pedaliodes phrasiclea"
Insecta,Lepidoptera,Pieridae,"Phoebis neocypris"
Insecta,Lepidoptera,Nymphalidae,"Eunica evelide elegans"
Insecta,Lepidoptera,Nymphalidae,"Eunica eurota eurota"
Insecta,Lepidoptera,Nymphalidae,"Eunica caralis ariba"
Insecta,Lepidoptera,Riodinidae,"Euselasia fervida fervida"
Insecta,Lepidoptera,Hesperiidae,"Phocides pigmalion hewitsonius"
Insecta,Lepidoptera,Riodinidae,"Euselasia gordios"
Insecta,Lepidoptera,Riodinidae,"Euselasia toppini"
Insecta,Lepidoptera,Lycaenidae,"Arawacus dolylas"
Insecta,Lepidoptera,Lycaenidae,"Arawacus separata"
Insecta,Lepidoptera,Hesperiidae,"Myscelus epimachia epimachia"
Insecta,Lepidoptera,Lycaenidae,"Arcas imperialis"
Insecta,Lepidoptera,Lycaenidae,"Arcas tuneta"
Insecta,Lepidoptera,Nymphalidae,"Archaeoprepona amphimachus"
Insecta,Lepidoptera,Nymphalidae,"Archaeoprepona chromus"
Insecta,Lepidoptera,Nymphalidae,"Archaeoprepona demophon"
Insecta,Lepidoptera,Riodinidae,"Leucochimona icare"
Insecta,Lepidoptera,Nymphalidae,"Archaeoprepona demophoon"
Insecta,Lepidoptera,Nymphalidae,"Archaeoprepona meander"
Insecta,Lepidoptera,Pieridae,"Archonias brassolis negrina"
Insecta,Lepidoptera,Papilionidae,"Protesilaus glaucolaus"
Insecta,Lepidoptera,Riodinidae,"Napaea beltiana"
Insecta,Lepidoptera,Riodinidae,"Napaea heteroea"
Insecta,Lepidoptera,Nymphalidae,"Napeogenes inachia"
Insecta,Lepidoptera,Pieridae,"Leodonta tellane"
Insecta,Lepidoptera,Nymphalidae,"Napeogenes sylphis rindgei"
Insecta,Lepidoptera,Nymphalidae,"Baeotus beotus"
Insecta,Lepidoptera,Pieridae,"Dismorphia lycosura"
Insecta,Lepidoptera,Nymphalidae,"Pronophila unifasciata kennethi"
Insecta,Lepidoptera,Pieridae,"Lieinix nemesis nemesis"
Insecta,Lepidoptera,Lycaenidae,"Siderus athymbra"
Insecta,Lepidoptera,Nymphalidae,"Adelpha cocala"
Insecta,Lepidoptera,Hesperiidae,"Narcosius samson"
Insecta,Lepidoptera,Pieridae,"Pereute telthusa"
Insecta,Lepidoptera,Riodinidae,"Methone cecilia eurotias"
Insecta,Lepidoptera,Nymphalidae,"Memphis glauce"
Insecta,Lepidoptera,Pieridae,"Dismorphia lysis"
Insecta,Lepidoptera,Riodinidae,"Mesosemia messeis messeis"
Insecta,Lepidoptera,Pieridae,"Perrhybris lorena"
Insecta,Lepidoptera,Riodinidae,"Exoplisia cadmeis"
Insecta,Lepidoptera,Riodinidae,"Exoplisia hypochalybe"
Insecta,Lepidoptera,Lycaenidae,"Exorbaetta metanira"
Insecta,Lepidoptera,Riodinidae,"Detritivora ma"
Insecta,Lepidoptera,Riodinidae,"Argyrogrammana trochilia"
Insecta,Lepidoptera,Nymphalidae,"Dynastor darius"
Insecta,Lepidoptera,Nymphalidae,"Pseudohaetera hypaesia"
Insecta,Lepidoptera,Riodinidae,"Anteros formosus"
Insecta,Lepidoptera,Riodinidae,"Anteros allectus"
Insecta,Lepidoptera,Pieridae,"Anteos menippe"
Insecta,Lepidoptera,Nymphalidae,"Smyrna blomfildia"
Insecta,Lepidoptera,Nymphalidae,"Dynamine racidula"
Insecta,Lepidoptera,Nymphalidae,"Doxocopa zunilda floris"
Insecta,Lepidoptera,Riodinidae,"Chorinea octauius"
Insecta,Lepidoptera,Nymphalidae,"Dynamine coenus coenus"
Insecta,Lepidoptera,Pieridae,"Patia orise denigrata"
Insecta,Lepidoptera,Pieridae,"Pseudopieris nehemia mariana"
Insecta,Lepidoptera,Nymphalidae,"Dryas iulia"
Insecta,Lepidoptera,Riodinidae,"Lasaia agesilas"
Insecta,Lepidoptera,Nymphalidae,"Dynamine athemon"
Insecta,Lepidoptera,Lycaenidae,"Laothus gibberosa"
Insecta,Lepidoptera,Nymphalidae,"Diaethria clymena"
Insecta,Lepidoptera,Nymphalidae,"Adelpha delinita"
Insecta,Lepidoptera,Nymphalidae,"Doxocopa laurentia"
Insecta,Lepidoptera,Nymphalidae,"Doxocopa elis"
Insecta,Lepidoptera,Nymphalidae,"Pseudoscada florula gracilis"
Insecta,Lepidoptera,Nymphalidae,"Pseudoscada timna timna"
Insecta,Lepidoptera,Hesperiidae,"Mylon maimon"
Insecta,Lepidoptera,Nymphalidae,"Doxocopa cyane cyane"
Insecta,Lepidoptera,Nymphalidae,"Memphis acidalia"
Insecta,Lepidoptera,Nymphalidae,"Morpho achilles phokylidos"
Insecta,Lepidoptera,Nymphalidae,"Adelpha sichaeus"
Insecta,Lepidoptera,Nymphalidae,"Morpho aurora aureola"
Insecta,Lepidoptera,Lycaenidae,"Lamprospilus coelicolor"
Insecta,Lepidoptera,Hesperiidae,"Mylon illineatus illineatus"
Insecta,Lepidoptera,Nymphalidae,"Morpho cisseis gahua"
Insecta,Lepidoptera,Nymphalidae,"Morpho deidamia"
Insecta,Lepidoptera,Hesperiidae,"Anisochoria pedaliodina pedaliodina"
Insecta,Lepidoptera,Nymphalidae,"Dione glycera"
Insecta,Lepidoptera,Nymphalidae,"Erichthodes antonina"
Insecta,Lepidoptera,Nymphalidae,"Eretris calisto"
Insecta,Lepidoptera,Nymphalidae,"Eresia pelonia"
Insecta,Lepidoptera,Nymphalidae,"Eresia datis phaedima"
Insecta,Lepidoptera,Nymphalidae,"Eresia clio clio"
Insecta,Lepidoptera,Nymphalidae,"Morpho helenor"
Insecta,Lepidoptera,Nymphalidae,"Adelpha lycorias"
Insecta,Lepidoptera,Nymphalidae,"Morpho marcus"
Insecta,Lepidoptera,Nymphalidae,"Morpho menelaus"
Insecta,Lepidoptera,Nymphalidae,"Colobura annulata"
Insecta,Lepidoptera,Riodinidae,"Mesosemia philocles sylvia"
Insecta,Lepidoptera,Nymphalidae,"Morpho rhetenor helena"
Insecta,Lepidoptera,Nymphalidae,"Morpho telemachus iphiclus"
Insecta,Lepidoptera,Nymphalidae,"Epiphile orea"
Insecta,Lepidoptera,Nymphalidae,"Prepona pylene"
Insecta,Lepidoptera,Nymphalidae,"Epiphile dilecta jenkinsi"
Insecta,Lepidoptera,Riodinidae,"Ancyluris meliboeus"
Insecta,Lepidoptera,Riodinidae,"Ancyluris etias"
Insecta,Lepidoptera,Nymphalidae,"Adelpha cytherea"
Insecta,Lepidoptera,Nymphalidae,"Prepona dexamenus"
Insecta,Lepidoptera,Nymphalidae,"Prepona claudina"
Insecta,Lepidoptera,Nymphalidae,"Adelpha boreas"
Insecta,Lepidoptera,Nymphalidae,"Chloreuptychia arnaca"
Insecta,Lepidoptera,Hesperiidae,"Anastrus meliboea bactra"
Insecta,Lepidoptera,Nymphalidae,"Adelpha aricia"
Insecta,Lepidoptera,Nymphalidae,"Adelpha paraena"
Insecta,Lepidoptera,Nymphalidae,"Adelpha epione"
Insecta,Lepidoptera,Nymphalidae,"Pierella hyceta"
Insecta,Lepidoptera,Nymphalidae,"Consul fabius"
Insecta,Lepidoptera,Lycaenidae,"Kolana ligurina"
Insecta,Lepidoptera,Nymphalidae,"Asterope markii"
Insecta,Lepidoptera,Lycaenidae,"Hemiargus hanno"
Insecta,Lepidoptera,Nymphalidae,"Opsiphanes tamarindi"
Insecta,Lepidoptera,Hesperiidae,"Heliopetes alana"
Insecta,Lepidoptera,Nymphalidae,"Opsiphanes quiteria"
Insecta,Lepidoptera,Nymphalidae,"Opsiphanes invirae"
Insecta,Lepidoptera,Nymphalidae,"Lycorea halia"
Insecta,Lepidoptera,Nymphalidae,"Lycorea ilione"
Insecta,Lepidoptera,Pieridae,"Moschoneura pinthous patricia"
Insecta,Lepidoptera,Papilionidae,"Heraclides isidorus isidorus"
Insecta,Lepidoptera,Papilionidae,"Heraclides thoas"
Insecta,Lepidoptera,Riodinidae,"Hermathena candidata"
Insecta,Lepidoptera,Nymphalidae,"Hermeuptychia hermes"
Insecta,Lepidoptera,Nymphalidae,"Hermeuptychia pimpla"
Insecta,Lepidoptera,Nymphalidae,"Heliconius wallacei"
Insecta,Lepidoptera,Nymphalidae,"Lymanopoda acraeida"
Insecta,Lepidoptera,Nymphalidae,"Heliconius sara"
Insecta,Lepidoptera,Nymphalidae,"Heliconius numata aristiona"
Insecta,Lepidoptera,Hesperiidae,"Astraptes alardus latia"
Insecta,Lepidoptera,Riodinidae,"Mesosemia thymetus umbrosa"
Insecta,Lepidoptera,Hesperiidae,"Astraptes fulgerator"
Insecta,Lepidoptera,Riodinidae,"Charis anius"
Insecta,Lepidoptera,Nymphalidae,"Heliconius erato favorinus"
Insecta,Lepidoptera,Nymphalidae,"Forsterinaria proxima"
Insecta,Lepidoptera,Nymphalidae,"Pedaliodes albutia"
Insecta,Lepidoptera,Nymphalidae,"Dircenna loreta acreana"
Insecta,Lepidoptera,Nymphalidae,"Dircenna dero"
Insecta,Lepidoptera,Nymphalidae,"Pierella hortona albofasciata"
Insecta,Lepidoptera,Nymphalidae,"Adelpha cocala urraca"
Insecta,Lepidoptera,Riodinidae,"Mesosemia hedwigis"
Insecta,Lepidoptera,Nymphalidae,"Pierella lamia chalybaea"
Insecta,Lepidoptera,Nymphalidae,"Pierella lena brasiliensis"
Insecta,Lepidoptera,Pieridae,"Pieriballia viardi rubecula"
Insecta,Lepidoptera,Nymphalidae,"Daedalma dognini mirianae"
Insecta,Lepidoptera,Nymphalidae,"Adelpha zunilaces"
Insecta,Lepidoptera,Nymphalidae,"Adelpha cytherea lanilla"
Insecta,Lepidoptera,Hesperiidae,"Dalla costala costala"
Insecta,Lepidoptera,Hesperiidae,"Dalla granites"
Insecta,Lepidoptera,Hesperiidae,"Damas clavus"
Insecta,Lepidoptera,Nymphalidae,"Adelpha uta"
Insecta,Lepidoptera,Nymphalidae,"Danaus eresimus"
Insecta,Lepidoptera,Nymphalidae,"Adelpha thesprotia delphicola"
Insecta,Lepidoptera,Nymphalidae,"Adelpha erotia erotia"
Insecta,Lepidoptera,Hesperiidae,"Decinea dama"
Insecta,Lepidoptera,Hesperiidae,"Decinea decinea derisor"
Insecta,Lepidoptera,Nymphalidae,"Adelpha iphiclus iphiclus"
Insecta,Lepidoptera,Nymphalidae,"Adelpha plesaure phliassa"
Insecta,Lepidoptera,Nymphalidae,"Adelpha ixia pseudomessana"
Insecta,Lepidoptera,Nymphalidae,"Adelpha phylaca juruana"
Insecta,Lepidoptera,Nymphalidae,"Adelpha naxia naxia"
Insecta,Lepidoptera,Nymphalidae,"Adelpha jordani"
Insecta,Lepidoptera,Nymphalidae,"Adelpha lerna lerna"
Insecta,Lepidoptera,Nymphalidae,"Adelpha mesentina chancha"
Insecta,Lepidoptera,Nymphalidae,"Diaethria clymena peruviana"
Insecta,Lepidoptera,Riodinidae,"Mesosemia ibycus"
Insecta,Lepidoptera,Lycaenidae,"Denivia acontius"
Insecta,Lepidoptera,Lycaenidae,"Denivia hemon"
Insecta,Lepidoptera,Lycaenidae,"Denivia lisus"
Insecta,Lepidoptera,Lycaenidae,"Denivia phegeus"
Insecta,Lepidoptera,Lycaenidae,"Denivia Viresco"
Insecta,Lepidoptera,Riodinidae,"Mesosemia lattisima"
Insecta,Lepidoptera,Riodinidae,"Mesosemia luperca"
Insecta,Lepidoptera,Riodinidae,"Mesosemia materna"
Insecta,Lepidoptera,Hesperiidae,"Spioniades libethra"
Insecta,Lepidoptera,Hesperiidae,"Moeros moeros"
Insecta,Lepidoptera,Hesperiidae,"Mictris crispus"
Insecta,Lepidoptera,Hesperiidae,"Moeris submetallescens"
Insecta,Lepidoptera,Riodinidae,"Mesosemia menoetes paetula"
Insecta,Lepidoptera,Riodinidae,"Mesosemia naiadella naiadella"
Insecta,Lepidoptera,Nymphalidae,"Morpho achilles theodorus"
Insecta,Lepidoptera,Nymphalidae,"Morpho deidamia grambergi"
Insecta,Lepidoptera,Nymphalidae,"Morpho eugenia"
Insecta,Lepidoptera,Nymphalidae,"Morpho menelaus alexandrovna"
Insecta,Lepidoptera,Riodinidae,"Mesosemia philocles thyestes"
Insecta,Lepidoptera,Hesperiidae,"Morvina falisca falia"
Insecta,Lepidoptera,Pieridae,"Mathania agasicles agasicles"
Insecta,Lepidoptera,Hesperiidae,"Morvina fissimacula rema"
Insecta,Lepidoptera,Hesperiidae,"Morvina morvus cyclopa"
Insecta,Lepidoptera,Hesperiidae,"Morys geisa geisa"
Insecta,Lepidoptera,Riodinidae,"Mesosemia sirenia sirenia"
Insecta,Lepidoptera,Riodinidae,"Mesosemia ulrica ulrica"
Insecta,Lepidoptera,Nymphalidae,"Marpesia themistocles norica"
Insecta,Lepidoptera,Nymphalidae,"Marpesia petreus petreus"
Insecta,Lepidoptera,Nymphalidae,"Marpesia furcula oechalia"
Insecta,Lepidoptera,Nymphalidae,"Marpesia egina"
Insecta,Lepidoptera,Nymphalidae,"Marpesia crethon"
Insecta,Lepidoptera,Nymphalidae,"Marpesia chiron marius"
Insecta,Lepidoptera,Nymphalidae,"Marpesia berania berania"
Insecta,Lepidoptera,Hesperiidae,"Alera haworthiana"
Insecta,Lepidoptera,Riodinidae,"Alesa amesis"
Insecta,Lepidoptera,Riodinidae,"Alesa hemiurga"
Insecta,Lepidoptera,Riodinidae,"Alesa prema"
Insecta,Lepidoptera,Riodinidae,"Mesene monostigma"
Insecta,Lepidoptera,Riodinidae,"Metacharis lucius"
Insecta,Lepidoptera,Nymphalidae,"Manerebia rubescens"
Insecta,Lepidoptera,Riodinidae,"Metacharis regalis regalis"
Insecta,Lepidoptera,Nymphalidae,"Manataria hercyna hymethia"
Insecta,Lepidoptera,Hesperiidae,"Sostrata pusilla pusilla"
Insecta,Lepidoptera,Hesperiidae,"Sostrata festiva"
Insecta,Lepidoptera,Nymphalidae,"Altinote negra demonica"
Insecta,Lepidoptera,Nymphalidae,"Magneuptychia segesta"
Insecta,Lepidoptera,Nymphalidae,"Magneuptychia ocypete"
Insecta,Lepidoptera,Nymphalidae,"Magneuptychia modesta"
Insecta,Lepidoptera,Nymphalidae,"Magneuptychia moderata"
Insecta,Lepidoptera,Nymphalidae,"Magneuptychia libye"
Insecta,Lepidoptera,Nymphalidae,"Magneuptychia lea philippa"
Insecta,Lepidoptera,Nymphalidae,"Magneuptychia iris"
Insecta,Lepidoptera,Nymphalidae,"Magneuptychia analis"
Insecta,Lepidoptera,Hesperiidae,"Aides duma argyrina"
Insecta,Lepidoptera,Hesperiidae,"Aides brino"
Insecta,Lepidoptera,Hesperiidae,"Aides aegita"
Insecta,Lepidoptera,Riodinidae,"Lyropteryx apollonia apollonia"
Insecta,Lepidoptera,Nymphalidae,"Lymanopoda obsoleta"
Insecta,Lepidoptera,Nymphalidae,"Lymanopoda inaudita"
Insecta,Lepidoptera,Nymphalidae,"Lymanopoda eubagioides"
Insecta,Lepidoptera,Nymphalidae,"Lycorea pasinuncia concolor"
Insecta,Lepidoptera,Nymphalidae,"Lycorea ilione phenarete"
Insecta,Lepidoptera,Nymphalidae,"Lycorea halia pales"
Insecta,Lepidoptera,Nymphalidae,"Amphidecta calliomma"
Insecta,Lepidoptera,Nymphalidae,"Amphidecta pignerator"
Insecta,Lepidoptera,Hesperiidae,"Lycas godart boisduvalii"
Insecta,Lepidoptera,Hesperiidae,"Lycas argentea"
Insecta,Lepidoptera,Nymphalidae,"Anartia amathea sticheli"
Insecta,Lepidoptera,Hesperiidae,"Anastrus obscurus narva"
Insecta,Lepidoptera,Hesperiidae,"Anastrus petius petius"
Insecta,Lepidoptera,Hesperiidae,"Anastrus sempiternus simplicior"
Insecta,Lepidoptera,Hesperiidae,"Anastrus tolimus robigus"
Insecta,Lepidoptera,Hesperiidae,"Aguna metophis"
Insecta,Lepidoptera,Hesperiidae,"Aguna coleus"
Insecta,Lepidoptera,Riodinidae,"Ancyluris aulestes eryxo"
Insecta,Lepidoptera,Hesperiidae,"Aguna clina"
Insecta,Lepidoptera,Riodinidae,"Ancyluris etias melior"
Insecta,Lepidoptera,Riodinidae,"Ancyluris meliboeus meliboeus"
Insecta,Lepidoptera,Hesperiidae,"Aguna aurunce"
Insecta,Lepidoptera,Hesperiidae,"Ludens silvaticus"
Insecta,Lepidoptera,Hesperiidae,"Ludens ludens"
Insecta,Lepidoptera,Hesperiidae,"Mylon ander ander"
Insecta,Lepidoptera,Hesperiidae,"Mylon jason"
Insecta,Lepidoptera,Hesperiidae,"Mylon menippus"
Insecta,Lepidoptera,Hesperiidae,"Mylon pelopidas"
Insecta,Lepidoptera,Nymphalidae,"Smyrna blomfildia blomfildia"
Insecta,Lepidoptera,Pieridae,"Anteos clorinde"
Insecta,Lepidoptera,Riodinidae,"Anteros bracteatus"
Insecta,Lepidoptera,Riodinidae,"Anteros fromosus formosus"
Insecta,Lepidoptera,Riodinidae,"Anteros renaldus renaldus"
Insecta,Lepidoptera,Hesperiidae,"Anthoptus epictetus"
Insecta,Lepidoptera,Hesperiidae,"Anthoptus insignis"
Insecta,Lepidoptera,Hesperiidae,"Lindra vanewrighti"
Insecta,Lepidoptera,Riodinidae,"Menander pretus pretus"
Insecta,Lepidoptera,Hesperiidae,"Lindra simulius"
Insecta,Lepidoptera,Hesperiidae,"Lindra boliviana"
Insecta,Lepidoptera,Hesperiidae,"Myrinia binoculus"
Insecta,Lepidoptera,Hesperiidae,"Myrinia myris"
Insecta,Lepidoptera,Hesperiidae,"Myrinia santa monka"
Insecta,Lepidoptera,Nymphalidae,"Libytheana carinenta carinenta"
Insecta,Lepidoptera,Riodinidae,"Menander hebrus hebrus"
Insecta,Lepidoptera,Nymphalidae,"Metamorpha elissa elissa"
Insecta,Lepidoptera,Riodinidae,"Menander coruscans"
Insecta,Lepidoptera,Riodinidae,"Leucochimona metata chionea"
Insecta,Lepidoptera,Riodinidae,"Leucochimona matisca"
Insecta,Lepidoptera,Hesperiidae,"Metardaris cosinga catana"
Insecta,Lepidoptera,Nymphalidae,"Memphis xenocles xenocles"
Insecta,Lepidoptera,Hesperiidae,"Antigonus decens"
Insecta,Lepidoptera,Hesperiidae,"Antigonus erosus"
Insecta,Lepidoptera,Hesperiidae,"Antigonus nearchus"
Insecta,Lepidoptera,Nymphalidae,"Antirrhea hela"
Insecta,Lepidoptera,Nymphalidae,"Antirrhea philoctetes avernus"
Insecta,Lepidoptera,Nymphalidae,"Antirrheat aygetina taygetina"
Insecta,Lepidoptera,Nymphalidae,"Memphis praxias praxias"
Insecta,Lepidoptera,Pieridae,"Leptophobia eleone luca"
Insecta,Lepidoptera,Pieridae,"Leptophobia diaguita mandor"
Insecta,Lepidoptera,Pieridae,"Leptophobia aripa elodina"
Insecta,Lepidoptera,Nymphalidae,"Siproeta stelenes meridionalis"
Insecta,Lepidoptera,Nymphalidae,"Memphis polyxo"
Insecta,Lepidoptera,Hesperiidae,"Apaustus gracilis samarti"
Insecta,Lepidoptera,Nymphalidae,"Apexacuta astoreth astoreth"
Insecta,Lepidoptera,Pieridae,"Aphrissa fluminensis"
Insecta,Lepidoptera,Pieridae,"Aphrissa statira statira"
Insecta,Lepidoptera,Nymphalidae,"Memphis philumena philumena"
Insecta,Lepidoptera,Nymphalidae,"Memphis phantes phantes"
Insecta,Lepidoptera,Hesperiidae,"Methionopsis dolor"
Insecta,Lepidoptera,Hesperiidae,"Methionopsis ina"
Insecta,Lepidoptera,Nymphalidae,"Memphis moruus morpheus"
Insecta,Lepidoptera,Nymphalidae,"Methona confua psamathe"
Insecta,Lepidoptera,Nymphalidae,"Myscelia capenas octomaculata"
Insecta,Lepidoptera,Hesperiidae,"Myscelus amystis mysus"
Insecta,Lepidoptera,Hesperiidae,"Myscelus assaricus mapirica"
Insecta,Lepidoptera,Hesperiidae,"Myscelus nobilis"
Insecta,Lepidoptera,Nymphalidae,"Archaeoprepona amphimachus symaithus"
Insecta,Lepidoptera,Nymphalidae,"Archaeoprepona demophon andicola"
Insecta,Lepidoptera,Hesperiidae,"Mysoria sejanus"
Insecta,Lepidoptera,Nymphalidae,"Archaeoprepona demophon muson"
Insecta,Lepidoptera,Nymphalidae,"Archaeoprepona licomedes"
Insecta,Lepidoptera,Nymphalidae,"Archaeoprepona meander megabates"
Insecta,Lepidoptera,Nymphalidae,"Napeogenes aethra deucalion"
Insecta,Lepidoptera,Nymphalidae,"Methona curvifascia"
Insecta,Lepidoptera,Nymphalidae,"Napeogenes inachia patientia"
Insecta,Lepidoptera,Nymphalidae,"Napeogenes pharo pharo"
Insecta,Lepidoptera,Nymphalidae,"Napeogenes stella"
Insecta,Lepidoptera,Hesperiidae,"Lento imerius"
Insecta,Lepidoptera,Nymphalidae,"Napeogenes sylphis sylphis"
Insecta,Lepidoptera,Hesperiidae,"Lento ferrago"
Insecta,Lepidoptera,Riodinidae,"Lemonias zygia"
Insecta,Lepidoptera,Hesperiidae,"Narcosius hercules"
Insecta,Lepidoptera,Hesperiidae,"Narcosius narcosius narcosius"
Insecta,Lepidoptera,Lycaenidae,"Siderus viola"
Insecta,Lepidoptera,Lycaenidae,"Siderus parvinotus"
Insecta,Lepidoptera,Nymphalidae,"Methona grandior"
Insecta,Lepidoptera,Lycaenidae,"Siderus metanira"
Insecta,Lepidoptera,Hesperiidae,"Narcosius nazaraeus"
Insecta,Lepidoptera,Lycaenidae,"Siderus leucophaeus"
Insecta,Lepidoptera,Lycaenidae,"Siderus guayra"
Insecta,Lepidoptera,Lycaenidae,"Siderus caninius"
Insecta,Lepidoptera,Hesperiidae,"Narcosius parisi parisi"
Insecta,Lepidoptera,Nymphalidae,"Siderone syntyche mars"
Insecta,Lepidoptera,Nymphalidae,"Siderone galanthis thehais"
Insecta,Lepidoptera,Nymphalidae,"Narope cyllabarus"
Insecta,Lepidoptera,Nymphalidae,"Narope nesope"
Insecta,Lepidoptera,Nymphalidae,"Narope panniculus"
Insecta,Lepidoptera,Nymphalidae,"Narope syllabus"
Insecta,Lepidoptera,Riodinidae,"Methone cecilia magnarea"
Insecta,Lepidoptera,Nymphalidae,"Memphis memphis memphis"
Insecta,Lepidoptera,Hesperiidae,"Nascus paulliniae"
Insecta,Lepidoptera,Hesperiidae,"Nascus phocus"
Insecta,Lepidoptera,Riodinidae,"Argyrogrammana stilbe"
Insecta,Lepidoptera,Nymphalidae,"Agrias claudina sardanapalus"
Insecta,Lepidoptera,Hesperiidae,"Arita arita"
Insecta,Lepidoptera,Nymphalidae,"Lasiophila piscina"
Insecta,Lepidoptera,Nymphalidae,"Lasiophila orbifera orbifera"
Insecta,Lepidoptera,Hesperiidae,"Aroma aroma"
Insecta,Lepidoptera,Riodinidae,"Lasaia pseudomeris"
Insecta,Lepidoptera,Riodinidae,"Lasaia arsis"
Insecta,Lepidoptera,Riodinidae,"Lasaia agesilas agesilas"
Insecta,Lepidoptera,Nymphalidae,"Memphis cambyses"
Insecta,Lepidoptera,Nymphalidae,"Laparus doris doris"
Insecta,Lepidoptera,Nymphalidae,"Splendeuptychia ashna"
Insecta,Lepidoptera,Hesperiidae,"Mnasitheus simplicissima"
Insecta,Lepidoptera,Nymphalidae,"Memphis basila drucei"
Insecta,Lepidoptera,Riodinidae,"Setabis velutina"
Insecta,Lepidoptera,Riodinidae,"Setabis pythioides"
Insecta,Lepidoptera,Riodinidae,"Setabis flammula"
Insecta,Lepidoptera,Riodinidae,"Setabis epitus epiphanis"
Insecta,Lepidoptera,Riodinidae,"Setabis cruentata"
Insecta,Lepidoptera,Lycaenidae,"Lamprospilus orcidia"
Insecta,Lepidoptera,Lycaenidae,"Lamprospilus netesca"
Insecta,Lepidoptera,Nymphalidae,"Splendeuptychia aurigera"
Insecta,Lepidoptera,Hesperiidae,"Mnasitheus gemignanii"
Insecta,Lepidoptera,Nymphalidae,"Agraulis vanillae lucina"
Insecta,Lepidoptera,Hesperiidae,"Artines focus"
Insecta,Lepidoptera,Hesperiidae,"Artines trogon"
Insecta,Lepidoptera,Pieridae,"Ascia monuste automate"
Insecta,Lepidoptera,Hesperiidae,"Mnasitheus chrysophrys"
Insecta,Lepidoptera,Hesperiidae,"Mnasilus allubita"
Insecta,Lepidoptera,Hesperiidae,"Mnaseas bicolor inca"
Insecta,Lepidoptera,Hesperiidae,"Aspitha agenoria sanies"
Insecta,Lepidoptera,Nymphalidae,"Asterope markii hewitsoni"
Insecta,Lepidoptera,Nymphalidae,"Splendeuptychia boliviensis"
Insecta,Lepidoptera,Nymphalidae,"Steremnia agraulis agraulis"
Insecta,Lepidoptera,Nymphalidae,"Steremnia monachella monachella"
Insecta,Lepidoptera,Lycaenidae,"Kisutam hesperitis"
Insecta,Lepidoptera,Hesperiidae,"Astraptes alector hopfferi"
Insecta,Lepidoptera,Hesperiidae,"Astraptes aulus"
Insecta,Lepidoptera,Hesperiidae,"Astraptes cretatus cretatus"
Insecta,Lepidoptera,Hesperiidae,"Astraptes creteus creteus"
Insecta,Lepidoptera,Hesperiidae,"Astraptes enotrus"
Insecta,Lepidoptera,Hesperiidae,"Astraptes fulgerator fulgerator"
Insecta,Lepidoptera,Hesperiidae,"Astraptes janeira"
Insecta,Lepidoptera,Hesperiidae,"Astraptes talus"
Insecta,Lepidoptera,Hesperiidae,"Justinia phaetusa phaetusa"
Insecta,Lepidoptera,Hesperiidae,"Justinia maculata"
Insecta,Lepidoptera,Hesperiidae,"Justinia justinianus dappa"
Insecta,Lepidoptera,Nymphalidae,"Junonia genoveva occidentalis"
Insecta,Lepidoptera,Nymphalidae,"Junea dorinda whitelyi"
Insecta,Lepidoptera,Nymphalidae,"Junea doraete gideon"
Insecta,Lepidoptera,Riodinidae,"Juditha molpe molpe"
Insecta,Lepidoptera,Riodinidae,"Juditha azan"
Insecta,Lepidoptera,Nymphalidae,"Splendeuptychia itonis"
Insecta,Lepidoptera,Hesperiidae,"Joanna boxi"
Insecta,Lepidoptera,Hesperiidae,"Jemadia hewitsonii hewitsonii"
Insecta,Lepidoptera,Nymphalidae,"Athyrtis mechanitis salvini"
Insecta,Lepidoptera,Lycaenidae,"Janthecla sista"
Insecta,Lepidoptera,Lycaenidae,"Janthecla rocena"
Insecta,Lepidoptera,Lycaenidae,"Janthecla malvina"
Insecta,Lepidoptera,Lycaenidae,"Janthecla leea"
Insecta,Lepidoptera,Lycaenidae,"Atlides atys"
Insecta,Lepidoptera,Lycaenidae,"Atlides polybe"
Insecta,Lepidoptera,Riodinidae,"Semomesia tenella tenella"
Insecta,Lepidoptera,Riodinidae,"Semomesia macaris"
Insecta,Lepidoptera,Riodinidae,"Semomesia croesus siccata"
Insecta,Lepidoptera,Lycaenidae,"Jagiello boyeropampa"
Insecta,Lepidoptera,Nymphalidae,"Selenophanes cassiope mapiriensis"
Insecta,Hymenoptera,Formicidae,"Neoponera rugosula"
Insecta,Lepidoptera,Nymphalidae,"Splendeuptychia purusana"
Insecta,Lepidoptera,Hesperiidae,"Neoxeniades bajula"
Insecta,Lepidoptera,Hesperiidae,"Neoxeniades braesia braesia"
Insecta,Lepidoptera,Nymphalidae,"Splendeuptychia quadrina"
Insecta,Lepidoptera,Nymphalidae,"Ithomia salapia ardea"
Insecta,Lepidoptera,Nymphalidae,"Ithomia lichyi neivai"
Insecta,Lepidoptera,Nymphalidae,"Ithomia lagusa peruana"
Insecta,Lepidoptera,Nymphalidae,"Ithomia arduinna arduinna"
Insecta,Lepidoptera,Nymphalidae,"Ithomia agnosia agnosia"
Insecta,Lepidoptera,Riodinidae,"Ithomeis lauronia"
Insecta,Lepidoptera,Nymphalidae,"Neruda aoede manu"
Insecta,Lepidoptera,Pieridae,"Itaballia pandiosa pisonis"
Insecta,Lepidoptera,Pieridae,"Itaballia demophile lucania"
Insecta,Lepidoptera,Lycaenidae,"Aubergina alda"
Insecta,Lepidoptera,Lycaenidae,"Nesiostrymon celona"
Insecta,Lepidoptera,Nymphalidae,"Nessaea hewitsonii boliviensis"
Insecta,Lepidoptera,Nymphalidae,"Nessaea obrina lesoudieri"
Insecta,Lepidoptera,Riodinidae,"Mesene leucophrys"
Insecta,Lepidoptera,Nymphalidae,"Splendeuptychia triangula"
Insecta,Lepidoptera,Nymphalidae,"Nica flavilla sylvestris"
Insecta,Lepidoptera,Hesperiidae,"Niconiades centralis"
Insecta,Lepidoptera,Hesperiidae,"Niconiades linga"
Insecta,Lepidoptera,Hesperiidae,"Niconiades nabona"
Insecta,Lepidoptera,Hesperiidae,"Niconiades xanthaphes"
Insecta,Lepidoptera,Hesperiidae,"Autochton longipennis"
Insecta,Lepidoptera,Hesperiidae,"Autochton neis"
Insecta,Lepidoptera,Nymphalidae,"Splendeuptychia zischkai"
Insecta,Lepidoptera,Riodinidae,"Isapis agyrtus sestus"
Insecta,Lepidoptera,Hesperiidae,"Nisoniades brunneata"
Insecta,Lepidoptera,Hesperiidae,"Nisoniades ephora"
Insecta,Lepidoptera,Hesperiidae,"Nisoniades evansi"
Insecta,Lepidoptera,Hesperiidae,"Metron leucogaster ambrosei"
Insecta,Lepidoptera,Hesperiidae,"Nisoniades lata"
Insecta,Lepidoptera,Hesperiidae,"Metron schrottkyi hypochlora"
Insecta,Lepidoptera,Hesperiidae,"Nisoniades macarius"
Insecta,Lepidoptera,Hesperiidae,"Nisoniades mimas"
Insecta,Hymenoptera,Formicidae,"Azteca aurita"
Insecta,Hymenoptera,Formicidae,"Azteca emeryi"
Insecta,Hymenoptera,Formicidae,"Azteca jelskii"
Insecta,Lepidoptera,Riodinidae,"Notheme albertus albetus"
Insecta,Lepidoptera,Riodinidae,"Notheme erota diadema"
Insecta,Lepidoptera,Riodinidae,"Baeotis bacaenis bacaenita"
Insecta,Lepidoptera,Riodinidae,"Baeotis euprepes orthotaenia"
Insecta,Lepidoptera,Nymphalidae,"Baeotus amazonicus"
Insecta,Lepidoptera,Nymphalidae,"Baeotus deucalion"
Insecta,Lepidoptera,Nymphalidae,"Baeotus japetus"
Insecta,Lepidoptera,Nymphalidae,"Batesia hypochlora hypoxantha"
Insecta,Lepidoptera,Papilionidae,"Battus crassus crassus"
Insecta,Lepidoptera,Papilionidae,"Battus polydamas polydamas"
Insecta,Lepidoptera,Papilionidae,"Battus velus varus"
Insecta,Lepidoptera,Hesperiidae,"Iliana purpurascens"
Insecta,Lepidoptera,Lycaenidae,"Mithras nautes"
Insecta,Lepidoptera,Hesperiidae,"Misius misius"
Insecta,Lepidoptera,Lycaenidae,"Michaelus ira"
Insecta,Lepidoptera,Hesperiidae,"Nyctus crinitus"
Insecta,Lepidoptera,Lycaenidae,"Michaelus jebus"
Insecta,Lepidoptera,Nymphalidae,"Scada reckia labyrintha"
Insecta,Lepidoptera,Lycaenidae,"Michaelus thordesa"
Insecta,Lepidoptera,Nymphalidae,"Scada batesi batesi"
Insecta,Lepidoptera,Riodinidae,"Nymphidium acherois erymanthus"
Insecta,Lepidoptera,Lycaenidae,"Michaelus vibidia"
Insecta,Lepidoptera,Riodinidae,"Nymphidium ascolia augea"
Insecta,Lepidoptera,Riodinidae,"Nymphidium azanoides amazonensis"
Insecta,Lepidoptera,Riodinidae,"Nymphidium baeotia"
Insecta,Lepidoptera,Riodinidae,"Nymphidium caricae parthenium"
Insecta,Lepidoptera,Riodinidae,"Nymphidium fulminans fulminans"
Insecta,Lepidoptera,Riodinidae,"Nymphidium leucosia medusa"
Insecta,Lepidoptera,Riodinidae,"Nymphidium lisimon lisimon"
Insecta,Lepidoptera,Lycaenidae,"Iaspis thabena"
Insecta,Lepidoptera,Lycaenidae,"Iaspis temesa"
Insecta,Lepidoptera,Riodinidae,"Nymphidium mantus"
Insecta,Lepidoptera,Riodinidae,"Nymphidium minuta"
Insecta,Lepidoptera,Nymphalidae,"Bia actorion rebeli"
Insecta,Lepidoptera,Riodinidae,"Nymphidium omosis"
Insecta,Lepidoptera,Nymphalidae,"Biblis hyperia laticlavia"
Insecta,Lepidoptera,Nymphalidae,"Hypothyris semifulva"
Insecta,Lepidoptera,Nymphalidae,"Hypothyris ninonia"
Insecta,Lepidoptera,Nymphalidae,"Hypothyris euclea"
Insecta,Lepidoptera,Nymphalidae,"Hyposcada zarepha"
Insecta,Lepidoptera,Nymphalidae,"Hyposcada illinissa dolabella"
Insecta,Lepidoptera,Nymphalidae,"Hyposcada anchiala richardsi"
Insecta,Lepidoptera,Nymphalidae,"Hypoleria virginia vitiosa"
Insecta,Lepidoptera,Nymphalidae,"""Hypoleria"" orolina arzalia"
Insecta,Lepidoptera,Nymphalidae,"Hypoleria lavinia cajona"
Insecta,Lepidoptera,Nymphalidae,"""Hypoleria"" aelia brevicula"
Insecta,Lepidoptera,Hesperiidae,"Saturnus saturnus saturnus"
Insecta,Lepidoptera,Hesperiidae,"Saturnus reticulata meton"
Insecta,Lepidoptera,Hesperiidae,"Saturnus metonidia"
Insecta,Lepidoptera,Riodinidae,"Sarota flavicincta"
Insecta,Lepidoptera,Riodinidae,"Sarota chrysus chrysus"
Insecta,Lepidoptera,Riodinidae,"Sarota acantus"
Insecta,Lepidoptera,Riodinidae,"Sarota acanthoides spicata"
Insecta,Lepidoptera,Nymphalidae,"Hypna clytemnestra negra"
Insecta,Lepidoptera,Riodinidae,"Hyphilaria parthenis rigrinella"
Insecta,Lepidoptera,Hesperiidae,"Bolla cupreiceps"
Insecta,Lepidoptera,Hesperiidae,"Bolla mancoi"
Insecta,Lepidoptera,Hesperiidae,"Bolla morona morona"
Insecta,Lepidoptera,Hesperiidae,"Bolla zorilla"
Insecta,Lepidoptera,Nymphalidae,"Hypanartia lindigii"
Insecta,Lepidoptera,Nymphalidae,"Hypanartia dione dione"
Insecta,Lepidoptera,Nymphalidae,"Hypanartia christophori"
Insecta,Hymenoptera,Apidae,"Bombus funebris"
Insecta,Hymenoptera,Apidae,"Bombus handlirschi"
Insecta,Lepidoptera,Hesperiidae,"Hylephila phyleus phyleus"
Insecta,Lepidoptera,Hesperiidae,"Hylephila peruana"
Insecta,Lepidoptera,Lycaenidae,"Brangas getus"
Insecta,Lepidoptera,Lycaenidae,"Brangas teucria"
Insecta,Lepidoptera,Nymphalidae,"Brassolis sophorae ardens"
Insecta,Lepidoptera,Hesperiidae,"Hyalothyrus neleus nelus"
Insecta,Lepidoptera,Hesperiidae,"Hyalothyrus leucomelas"
Insecta,Lepidoptera,Nymphalidae,"Melinaea mnasias romualdo"
Insecta,Lepidoptera,Hesperiidae,"Saliana triangularis"
Insecta,Lepidoptera,Hesperiidae,"Saliana saladin culta"
Insecta,Lepidoptera,Nymphalidae,"Melinaea menophilus orestes"
Insecta,Lepidoptera,Hesperiidae,"Saliana nigel"
Insecta,Lepidoptera,Hesperiidae,"Saliana morsa"
Insecta,Lepidoptera,Hesperiidae,"Saliana longirostris"
Insecta,Lepidoptera,Nymphalidae,"Melinaea marsaeus clara"
Insecta,Lepidoptera,Hesperiidae,"Saliana fusta"
Insecta,Lepidoptera,Hesperiidae,"Saliana fischer"
Insecta,Lepidoptera,Hesperiidae,"Saliana esperi"
Insecta,Lepidoptera,Nymphalidae,"Historis odius dious"
Insecta,Lepidoptera,Nymphalidae,"Historis acheronta acheronta"
Insecta,Lepidoptera,Nymphalidae,"Melinaea maelus lamasi"
Insecta,Lepidoptera,Lycaenidae,"Oenomaus ortygnus"
Insecta,Lepidoptera,Hesperiidae,"Oileides azines"
Insecta,Lepidoptera,Nymphalidae,"Oleria alexina"
Insecta,Lepidoptera,Nymphalidae,"Oleria didymaea didymaea"
Insecta,Lepidoptera,Nymphalidae,"Oleria gunilla"
Insecta,Lepidoptera,Nymphalidae,"Oleria onega lentita"
Insecta,Lepidoptera,Nymphalidae,"Oleria ramona calatha"
Insecta,Lepidoptera,Nymphalidae,"Oleria victorine victorine"
Insecta,Lepidoptera,Pieridae,"Melete lycimnia peruviana"
Insecta,Lepidoptera,Hesperiidae,"Aethilla echina echina"
Insecta,Lepidoptera,Hesperiidae,"Bungalotis astylos"
Insecta,Lepidoptera,Hesperiidae,"Bungalotis erythus"
Insecta,Lepidoptera,Lycaenidae,"Olynthus essus"
Insecta,Lepidoptera,Lycaenidae,"Olynthus nitor"
Insecta,Lepidoptera,Lycaenidae,"Olynthus obsoleta"
Insecta,Lepidoptera,Nymphalidae,"Heterosais nephele nephele"
Insecta,Lepidoptera,Hesperiidae,"Onophas columbaria flossites"
Insecta,Lepidoptera,Nymphalidae,"Hermeuptychia fallax"
Insecta,Lepidoptera,Papilionidae,"Heraclides torquatus torquatus"
Insecta,Lepidoptera,Papilionidae,"Heraclides thoas cinyras"
Insecta,Lepidoptera,Papilionidae,"Heraclides garleppi interruptus"
Insecta,Lepidoptera,Papilionidae,"Heraclides chiansiades chiansiades"
Insecta,Lepidoptera,Papilionidae,"Heraclides astyalus phanias"
Insecta,Lepidoptera,Papilionidae,"Heraclides androgeus androgeus"
Insecta,Lepidoptera,Papilionidae,"Heraclides anchisiades anchisiades"
Insecta,Lepidoptera,Hesperiidae,"Cabitus procas junta"
Insecta,Lepidoptera,Nymphalidae,"Opoptera aorsa hilara"
Insecta,Lepidoptera,Nymphalidae,"Opsiphanes cassiae crameri"
Insecta,Lepidoptera,Nymphalidae,"Opsiphanes invirae amplificatus"
Insecta,Lepidoptera,Nymphalidae,"Opsiphanes quiteria quaestor"
Insecta,Lepidoptera,Lycaenidae,"Caerofethra carnica"
Insecta,Lepidoptera,Lycaenidae,"Caerofethra iambe"
Insecta,Lepidoptera,Nymphalidae,"Caerois chorinaeus protonoe"
Insecta,Lepidoptera,Nymphalidae,"Caeruleuptychia aegrota"
Insecta,Lepidoptera,Nymphalidae,"Caeruleuptychia brixius"
Insecta,Lepidoptera,Nymphalidae,"Caeruleuptychia cyanites"
Insecta,Lepidoptera,Nymphalidae,"Caeruleuptychia glauca"
Insecta,Lepidoptera,Nymphalidae,"Caeruleuptychia helios"
Insecta,Lepidoptera,Nymphalidae,"Caeruleuptychia lobelia"
Insecta,Lepidoptera,Nymphalidae,"Caeruleuptychia penicillata"
Insecta,Lepidoptera,Nymphalidae,"Caeruleuptychia scopulata"
Insecta,Lepidoptera,Nymphalidae,"Caeruleuptychia zisa"
Insecta,Lepidoptera,Riodinidae,"Melanis xarifa quadripunctata"
Insecta,Lepidoptera,Riodinidae,"Melanis smithiae"
Insecta,Lepidoptera,Riodinidae,"Melanis marathon stenotaenia"
Insecta,Lepidoptera,Nymphalidae,"Heliconius xanthocles quindecim"
Insecta,Lepidoptera,Nymphalidae,"Heliconius wallacei flavescens"
Insecta,Lepidoptera,Nymphalidae,"Heliconius sara thamar"
Insecta,Lepidoptera,Nymphalidae,"Heliconius pardalinus macon"
Insecta,Lepidoptera,Nymphalidae,"Heliconius numata lyrcaeus"
Insecta,Lepidoptera,Nymphalidae,"Heliconius melpomene schunkei"
Insecta,Lepidoptera,Nymphalidae,"Heliconius leucadia"
Insecta,Lepidoptera,Nymphalidae,"Heliconius hecale sisyphus"
Insecta,Lepidoptera,Nymphalidae,"Heliconius erato luscombei"
Insecta,Lepidoptera,Nymphalidae,"Heliconius elevatus lapis"
Insecta,Lepidoptera,Nymphalidae,"Heliconius demeter tambopata"
Insecta,Lepidoptera,Nymphalidae,"Heliconius burneyi keonigi"
Insecta,Lepidoptera,Riodinidae,"Riodina lysippus lysias"
Insecta,Lepidoptera,Nymphalidae,"Aeria eurimedia negricola"
Insecta,Lepidoptera,Hesperiidae,"Orphe gerasa"
Insecta,Lepidoptera,Hesperiidae,"Orphe vatinius"
Insecta,Lepidoptera,Hesperiidae,"Orses cynisca"
Insecta,Lepidoptera,Nymphalidae,"Steremnia umbracina umbracina"
Insecta,Lepidoptera,Hesperiidae,"Helias phalaenoides phalaenoides"
Insecta,Lepidoptera,Nymphalidae,"Caligo euphorbus euphorbus"
Insecta,Lepidoptera,Nymphalidae,"Caligo eurilochus livius"
Insecta,Lepidoptera,Nymphalidae,"Caligo idomeneus idomenides"
Insecta,Lepidoptera,Nymphalidae,"Caligo placidianus"
Insecta,Lepidoptera,Nymphalidae,"Caligopsis seleucida seleucida"
Insecta,Lepidoptera,Nymphalidae,"Caligo teucer phorkys"
Insecta,Lepidoptera,Hesperiidae,"Calliades zeutus"
Insecta,Lepidoptera,Hesperiidae,"Orthos orthos orthos"
Insecta,Lepidoptera,Hesperiidae,"Orthos potesta"
Insecta,Lepidoptera,Nymphalidae,"Callicore astarte stratiotes"
Insecta,Lepidoptera,Hesperiidae,"Orthos trinca"
Insecta,Lepidoptera,Nymphalidae,"Callicore cynosura cynosura"
Insecta,Lepidoptera,Nymphalidae,"Callicore eunomia incarnata"
Insecta,Lepidoptera,Nymphalidae,"Callicore hesperis"
Insecta,Lepidoptera,Nymphalidae,"Callicore hystaspes zelphanta"
Insecta,Lepidoptera,Nymphalidae,"Ortilia gentina"
Insecta,Lepidoptera,Nymphalidae,"Callicore pygas cyllene"
Insecta,Lepidoptera,Nymphalidae,"Callicore texa maimuna"
Insecta,Lepidoptera,Hesperiidae,"Callimormus radiola radiola"
Insecta,Lepidoptera,Nymphalidae,"Callithomia alexirrhoe thornax"
Insecta,Lepidoptera,Nymphalidae,"Callithomia lenea zelie"
Insecta,Lepidoptera,Riodinidae,"Calociasma pulcherrima comparata"
Insecta,Lepidoptera,Nymphalidae,"Harjesia oreba"
Insecta,Lepidoptera,Nymphalidae,"Harjesia obscura"
Insecta,Lepidoptera,Nymphalidae,"Harjesia blanda"
Insecta,Lepidoptera,Hesperiidae,"Hansa hyboma"
Insecta,Lepidoptera,Hesperiidae,"Hansa devergens devergens"
Insecta,Lepidoptera,Riodinidae,"Calospila antonii"
Insecta,Lepidoptera,Riodinidae,"Calospila apotheta"
Insecta,Lepidoptera,Riodinidae,"Calospila emylius emyliana"
Insecta,Lepidoptera,Riodinidae,"Calospila lucianus lucianus"
Insecta,Lepidoptera,Riodinidae,"Calospila parthaon"
Insecta,Lepidoptera,Riodinidae,"Calospila rhodope amphis"
Insecta,Lepidoptera,Riodinidae,"Calospila siaka siaka"
Insecta,Lepidoptera,Riodinidae,"Calospila thaea pulchra"
Insecta,Lepidoptera,Riodinidae,"Calospila zeanger pirene"
Insecta,Lepidoptera,Hesperiidae,"Calpodes ethlius"
Insecta,Lepidoptera,Riodinidae,"Mesophthalma idotea"
Insecta,Lepidoptera,Nymphalidae,"Hamadryas laodamia laodamia"
Insecta,Lepidoptera,Nymphalidae,"Rhodussa cantobrica pamina"
Insecta,Lepidoptera,Lycaenidae,"Calycopis anapa"
Insecta,Lepidoptera,Lycaenidae,"Calycopis anastasia"
Insecta,Lepidoptera,Nymphalidae,"Hamadryas iphthime iphthime"
Insecta,Lepidoptera,Lycaenidae,"Calycopis anfracta"
Insecta,Lepidoptera,Lycaenidae,"Calycopis atnius"
Insecta,Lepidoptera,Lycaenidae,"Calycopis barza"
Insecta,Lepidoptera,Lycaenidae,"Calycopis buphonia"
Insecta,Lepidoptera,Lycaenidae,"Calycopis caesaries"
Insecta,Lepidoptera,Nymphalidae,"Hamadryas chloe chloe"
Insecta,Lepidoptera,Lycaenidae,"Calycopis cerata"
Insecta,Lepidoptera,Nymphalidae,"Hamadryas arinome arinome"
Insecta,Lepidoptera,Lycaenidae,"Calycopis devia"
Insecta,Lepidoptera,Lycaenidae,"Calycopis naka"
Insecta,Lepidoptera,Lycaenidae,"Calycopis nicolayi"
Insecta,Lepidoptera,Lycaenidae,"Calycopis orcilla"
Insecta,Lepidoptera,Lycaenidae,"Calycopis tifla"
Insecta,Lepidoptera,Lycaenidae,"Calycopis trebula"
Insecta,Lepidoptera,Lycaenidae,"Calycopis vitruvia"
Insecta,Lepidoptera,Riodinidae,"Calydna caieta"
Insecta,Lepidoptera,Riodinidae,"Calydna calyce"
Insecta,Lepidoptera,Riodinidae,"Calydna carneia"
Insecta,Lepidoptera,Riodinidae,"Calydna catana"
Insecta,Lepidoptera,Riodinidae,"Calydna cea"
Insecta,Lepidoptera,Riodinidae,"Calydna hiria"
Insecta,Lepidoptera,Nymphalidae,"Hamadryas amphinome amphinome"
Insecta,Lepidoptera,Riodinidae,"Calydna maculosa"
Insecta,Lepidoptera,Riodinidae,"Calydna punctata"
Insecta,Lepidoptera,Riodinidae,"Calydna thersander"
Insecta,Lepidoptera,Nymphalidae,"Haetera piera pakitza"
Insecta,Lepidoptera,Hesperiidae,"Ouleus accedens noctis"
Insecta,Lepidoptera,Hesperiidae,"Ouleus fatinitza"
Insecta,Lepidoptera,Hesperiidae,"Ouleus juxta juxta"
Insecta,Lepidoptera,Hesperiidae,"Haemactis sanguinalis"
Insecta,Lepidoptera,Hesperiidae,"Camptopleura auxo"
Insecta,Lepidoptera,Hesperiidae,"Camptopleura theramenes"
Insecta,Lepidoptera,Hesperiidae,"Oxynthes corusca"
Insecta,Lepidoptera,Riodinidae,"Rhetus periander laonome"
Insecta,Lepidoptera,Riodinidae,"Rhetus arcius huanus"
Insecta,Lepidoptera,Hesperiidae,"Paches exosa"
Insecta,Lepidoptera,Hesperiidae,"Paches trifasciatus"
Insecta,Lepidoptera,Hesperiidae,"Cantha calva"
Insecta,Lepidoptera,Pieridae,"Rhabdodryas trite trite"
Insecta,Hymenoptera,Formicidae,"Pachycondyla crassinoda"
Insecta,Lepidoptera,Hesperiidae,"Pachyneuria lineatopunctata lineatopunctata"
Insecta,Lepidoptera,Hesperiidae,"Remella remus"
Insecta,Lepidoptera,Lycaenidae,"Rekoa meton"
Insecta,Hymenoptera,Formicidae,"Rasopone arhuaca"
Insecta,Lepidoptera,Nymphalidae,"Rareuptychia clio"
Insecta,Lepidoptera,Riodinidae,"Caria mantinea amazonica"
Insecta,Lepidoptera,Riodinidae,"Caria sponsa"
Insecta,Lepidoptera,Riodinidae,"Caria trochilus arete"
Insecta,Lepidoptera,Riodinidae,"Cariomothis erythromelas fulvus"
Insecta,Lepidoptera,Riodinidae,"Pachythone xanthe"
Insecta,Lepidoptera,Hesperiidae,"Carrhenes canescens leada"
Insecta,Lepidoptera,Hesperiidae,"Carrhenes fuscescens conia"
Insecta,Lepidoptera,Hesperiidae,"Carrhenes santes"
Insecta,Lepidoptera,Nymphalidae,"Paititia neglecta"
Insecta,Lepidoptera,Lycaenidae,"Paiwarria telemus"
Insecta,Lepidoptera,Lycaenidae,"Paiwarria venulius"
Insecta,Lepidoptera,Hesperiidae,"Carystina lysiteles"
Insecta,Lepidoptera,Hesperiidae,"Carystoides basoches"
Insecta,Lepidoptera,Hesperiidae,"Carystoides cathaea"
Insecta,Lepidoptera,Hesperiidae,"Carystoides maroma"
Insecta,Lepidoptera,Hesperiidae,"Carystoides noseda"
Insecta,Lepidoptera,Hesperiidae,"Carystoides sicania orbius"
Insecta,Lepidoptera,Hesperiidae,"Carystus periphas periphas"
Insecta,Lepidoptera,Hesperiidae,"Grais stigmaticus stigmaticus"
Insecta,Lepidoptera,Hesperiidae,"Achlyodes bisurus heros"
Insecta,Lepidoptera,Hesperiidae,"Achlyodes mithridates thraso"
Insecta,Lepidoptera,Hesperiidae,"Gorgythion beggina escalophoides"
Insecta,Lepidoptera,Hesperiidae,"Gorgythion begga pyralina"
Insecta,Lepidoptera,Nymphalidae,"Castilia angusta"
Insecta,Lepidoptera,Nymphalidae,"Castilia perilla"
Insecta,Lepidoptera,Nymphalidae,"Catacore kolyma pasithea"
Insecta,Lepidoptera,Pieridae,"Catasticta cinerea coerulescens"
Insecta,Lepidoptera,Nymphalidae,"Godyris zavaleta"
Insecta,Lepidoptera,Pieridae,"Catasticta marcapita marcapita"
Insecta,Lepidoptera,Pieridae,"Catasticta similis"
Insecta,Lepidoptera,Pieridae,"Catasticta superba"
Insecta,Lepidoptera,Hesperiidae,"Racta apella raza"
Insecta,Lepidoptera,Pieridae,"Glutophrissa drusilla drusilla"
Insecta,Lepidoptera,Nymphalidae,"Catoblepia berecynthia adjecta"
Insecta,Lepidoptera,Nymphalidae,"Catoblepia soranus"
Insecta,Lepidoptera,Nymphalidae,"Catoblepia xanthicles belisar"
Insecta,Lepidoptera,Nymphalidae,"Catonephele acontius acontius"
Insecta,Lepidoptera,Nymphalidae,"Catonephele antinoe"
Insecta,Lepidoptera,Nymphalidae,"Catonephele numilia numilia"
Insecta,Lepidoptera,Hesperiidae,"Quasimellana pandora"
Insecta,Lepidoptera,Hesperiidae,"Quasimellana angra"
Insecta,Hymenoptera,Formicidae,"Gigantiops destructor"
Insecta,Lepidoptera,Hesperiidae,"Quadrus deyrollei porta"
Insecta,Lepidoptera,Hesperiidae,"Quadrus contubernalis contubernalis"
Insecta,Lepidoptera,Hesperiidae,"Pythonides lerina"
Insecta,Lepidoptera,Hesperiidae,"Pythonides jovianus fabricii"
Insecta,Lepidoptera,Hesperiidae,"Pythonides herennius herennius"
Insecta,Lepidoptera,Hesperiidae,"Pythonides grandis assecla"
Insecta,Lepidoptera,Hesperiidae,"Pythonides eminus eminus"
Insecta,Lepidoptera,Hesperiidae,"Pyrrhopygopsis socrates orasus"
Insecta,Lepidoptera,Hesperiidae,"Pyrrhopyge rubricollis"
Insecta,Lepidoptera,Hesperiidae,"Pyrrhopyge pusca"
Insecta,Lepidoptera,Hesperiidae,"Pyrrhopyge proculus drauti"
Insecta,Lepidoptera,Hesperiidae,"Pyrrhopyge cometes"
Insecta,Lepidoptera,Nymphalidae,"Pyrrhogyra otolais olivenca"
Insecta,Lepidoptera,Nymphalidae,"Pyrrhogyra neaerea amphiro"
Insecta,Lepidoptera,Nymphalidae,"Pyrrhogyra edocla cuparina"
Insecta,Lepidoptera,Nymphalidae,"Pyrrhogyra crameri hagnodorus"
Insecta,Lepidoptera,Hesperiidae,"Celaenorrhinus disjunctus"
Insecta,Lepidoptera,Hesperiidae,"Celaenorrhinus shema shema"
Insecta,Lepidoptera,Pieridae,"Pyrisitia nice"
Insecta,Lepidoptera,Pieridae,"Pyrisitia leuce flavilla"
Insecta,Lepidoptera,Nymphalidae,"Panacea prola amazonica"
Insecta,Lepidoptera,Nymphalidae,"Panacea regina"
Insecta,Lepidoptera,Hesperiidae,"Panoquina evadnes"
Insecta,Lepidoptera,Hesperiidae,"Panoquina fusina fusina"
Insecta,Lepidoptera,Hesperiidae,"Panoquina lucas"
Insecta,Lepidoptera,Hesperiidae,"Pyrdalus corbulo corbulo"
Insecta,Lepidoptera,Lycaenidae,"Panthiades aeolus"
Insecta,Lepidoptera,Lycaenidae,"Panthiades bitias"
Insecta,Lepidoptera,Lycaenidae,"Panthiades phaleros"
Insecta,Lepidoptera,Nymphalidae,"Panyapedaliodes drymaea"
Insecta,Lepidoptera,Nymphalidae,"Panyapedaliodes phila phila"
Insecta,Lepidoptera,Hesperiidae,"Papias phainis"
Insecta,Lepidoptera,Hesperiidae,"Papias subcostulata subcostulata"
Insecta,Lepidoptera,Nymphalidae,"Cepheuptychia cephus cephus"
Insecta,Lepidoptera,Hesperiidae,"Cephise cephise"
Insecta,Lepidoptera,Nymphalidae,"Ceratinia neso peruensis"
Insecta,Lepidoptera,Nymphalidae,"Ceratinia tutia fuscens"
Insecta,Lepidoptera,Nymphalidae,"Ceratiscada hymen hymen"
Insecta,Lepidoptera,Lycaenidae,"Punapedaliodes flavopunctata flavopunctata"
Insecta,Lepidoptera,Hesperiidae,"Paracarystus hypargyra"
Insecta,Lepidoptera,Hesperiidae,"Paracarystus menestries rona"
Insecta,Lepidoptera,Pieridae,"Ganya phaloe sublineata"
Insecta,Hymenoptera,Formicidae,"Paraponera clavata"
Insecta,Lepidoptera,Hesperiidae,"Parelbella ahira ahira"
Insecta,Lepidoptera,Nymphalidae,"Pareuptychia binocula binocula"
Insecta,Lepidoptera,Nymphalidae,"Pareuptychia interjecta hesionides"
Insecta,Lepidoptera,Nymphalidae,"Pareuptychia summandosa"
Insecta,Lepidoptera,Papilionidae,"Parides aeneas lamasi"
Insecta,Lepidoptera,Papilionidae,"Pterourus zagreus zagreus"
Insecta,Lepidoptera,Papilionidae,"Parides anchises drucei"
Insecta,Lepidoptera,Papilionidae,"Parides echemon empistocles"
Insecta,Lepidoptera,Nymphalidae,"Pteronymia vestilla acaya"
Insecta,Lepidoptera,Nymphalidae,"Pteronymia forsteri"
Insecta,Lepidoptera,Nymphalidae,"Pteronymia antisao guntheri"
Insecta,Lepidoptera,Papilionidae,"Parides pizarro kuhlmanni"
Insecta,Lepidoptera,Papilionidae,"Parides vertumnus astorius"
Insecta,Lepidoptera,Riodinidae,"Parnes nycteis"
Insecta,Lepidoptera,Riodinidae,"Parnes philotes"
Insecta,Lepidoptera,Riodinidae,"Chalodeta chaonitis"
Insecta,Lepidoptera,Riodinidae,"Chalodeta lypera"
Insecta,Lepidoptera,Riodinidae,"Chalodeta theodora theodora"
Insecta,Hymenoptera,Formicidae,"Megalomyrmex acauna"
Insecta,Lepidoptera,Riodinidae,"Chamaelimnas tircis iaeris"
Insecta,Lepidoptera,Riodinidae,"Chamaelimnas urbana"
Insecta,Lepidoptera,Hesperiidae,"Parphorus decora"
Insecta,Lepidoptera,Hesperiidae,"Parphorus prosper"
Insecta,Lepidoptera,Lycaenidae,"Parrhasius orgia"
Insecta,Lepidoptera,Riodinidae,"Mesene phyrrha"
Insecta,Lepidoptera,Nymphalidae,"Paryphthimoides binalinea"
Insecta,Lepidoptera,Nymphalidae,"Fountainea ryphea ryphea"
Insecta,Lepidoptera,Nymphalidae,"Forsterinaria rustica rustica"
Insecta,Lepidoptera,Riodinidae,"Charis argyrea"
Insecta,Lepidoptera,Riodinidae,"Charis gynaea zama"
Insecta,Lepidoptera,Nymphalidae,"Forbestra olivencia aeneola"
Insecta,Lepidoptera,Hesperiidae,"Flaccilla aecas"
Insecta,Lepidoptera,Hesperiidae,"Chloeria psittacina"
Insecta,Lepidoptera,Nymphalidae,"Chloreuptychia agatha"
Insecta,Lepidoptera,Nymphalidae,"Chloreuptychia catharina"
Insecta,Lepidoptera,Nymphalidae,"Chloreuptychia chlorimene"
Insecta,Lepidoptera,Nymphalidae,"Chloreuptychia herseis"
Insecta,Lepidoptera,Hesperiidae,"Passova passova styx"
Insecta,Lepidoptera,Nymphalidae,"Chloreuptychia marica"
Insecta,Lepidoptera,Nymphalidae,"Pseudoscada timna"
Insecta,Hymenoptera,Formicidae,"Pseudoponera stigma"
Insecta,Lepidoptera,Pieridae,"Pseudopieris nehemia melania"
Insecta,Hymenoptera,Formicidae,"Pseudomyrmex terminalis"
Insecta,Hymenoptera,Formicidae,"Pseudomyrmex simplex"
Insecta,Hymenoptera,Formicidae,"Pseudomyrmex oculatus"
Insecta,Lepidoptera,Nymphalidae,"Paulogramma pyracmon peristera"
Insecta,Lepidoptera,Lycaenidae,"Evenus satyroides"
Insecta,Lepidoptera,Nymphalidae,"Pseudodebis valentina"
Insecta,Lepidoptera,Nymphalidae,"Pseudodebis marpessa"
Insecta,Lepidoptera,Nymphalidae,"Pseudodebis griseola"
Insecta,Lepidoptera,Lycaenidae,"Evenus gabriela"
Insecta,Lepidoptera,Lycaenidae,"Evenus floralia"
Insecta,Lepidoptera,Lycaenidae,"Evenus batesii"
Insecta,Lepidoptera,Hesperiidae,"Evansiella cordela"
Insecta,Lepidoptera,Hesperiidae,"Chrysoplectrum perniciosus perniciosus"
Insecta,Lepidoptera,Hesperiidae,"Chrysoplectrum pervivax"
Insecta,Lepidoptera,Hesperiidae,"Eutychide subcordata subcordata"
Insecta,Lepidoptera,Hesperiidae,"Eutychide complana"
Insecta,Lepidoptera,Hesperiidae,"Eutocus quichua"
Insecta,Lepidoptera,Hesperiidae,"Eutocus matildae vinda"
Insecta,Lepidoptera,Riodinidae,"Euselasia violetta"
Insecta,Lepidoptera,Riodinidae,"Euselasia utica euphaes"
Insecta,Lepidoptera,Nymphalidae,"Pedaliodes acjanaco"
Insecta,Lepidoptera,Riodinidae,"Euselasia uria angustifascia"
Insecta,Lepidoptera,Nymphalidae,"Pedaliodes ackeryi"
Insecta,Lepidoptera,Riodinidae,"Euselasia teleclus teleclus"
Insecta,Lepidoptera,Riodinidae,"Euselasia pelor"
Insecta,Lepidoptera,Riodinidae,"Euselasia pellonia"
Insecta,Lepidoptera,Nymphalidae,"Pedaliodes antulla"
Insecta,Lepidoptera,Nymphalidae,"Pedaliodes auraria"
Insecta,Lepidoptera,Riodinidae,"Euselasia orba spectralis"
Insecta,Lepidoptera,Nymphalidae,"Pedaliodes demathani ockendeni"
Insecta,Lepidoptera,Riodinidae,"Mesene nola eupteryx"
Insecta,Lepidoptera,Riodinidae,"Euselasia mirania"
Insecta,Lepidoptera,Nymphalidae,"Pedaliodes ferratilis"
Insecta,Lepidoptera,Riodinidae,"Euselasia melaphaea condensa"
Insecta,Lepidoptera,Riodinidae,"Euselasia lysimachus"
Insecta,Lepidoptera,Riodinidae,"Euselasia jugata"
Insecta,Lepidoptera,Nymphalidae,"Pedaliodes melvillei"
Insecta,Lepidoptera,Riodinidae,"Euselasia hygenius"
Insecta,Lepidoptera,Nymphalidae,"Pedaliodes niveonota"
Insecta,Lepidoptera,Riodinidae,"Euselasia gelanor erilis"
Insecta,Lepidoptera,Riodinidae,"Euselasia fervida hahneli"
Insecta,Lepidoptera,Nymphalidae,"Pedaliodes patizathes"
Insecta,Lepidoptera,Riodinidae,"Euselasia eutychus"
Insecta,Lepidoptera,Riodinidae,"Euselasia euryone euryone"
Insecta,Lepidoptera,Nymphalidae,"Pedaliodes phaeinomorpha"
Insecta,Lepidoptera,Nymphalidae,"Pedaliodes phantasia phantasia"
Insecta,Lepidoptera,Riodinidae,"Euselasia euriteus euriteus"
Insecta,Lepidoptera,Riodinidae,"Euselasia euoras"
Insecta,Lepidoptera,Nymphalidae,"Pedaliodes pheres"
Insecta,Lepidoptera,Riodinidae,"Euselasia euodias euodias"
Insecta,Lepidoptera,Riodinidae,"Euselasia eugeon"
Insecta,Lepidoptera,Nymphalidae,"Pedaliodes proculeja malaga"
Insecta,Lepidoptera,Riodinidae,"Euselasia eubotes eubotes"
Insecta,Lepidoptera,Nymphalidae,"Pedaliodes simmias"
Insecta,Lepidoptera,Nymphalidae,"Pedaliodes uniformis"
Insecta,Lepidoptera,Riodinidae,"Euselasia euboea euboea"
Insecta,Lepidoptera,Riodinidae,"Euselasia crinon"
Insecta,Lepidoptera,Riodinidae,"Euselasia brevicauda"
Insecta,Lepidoptera,Riodinidae,"Euselasia arbas"
Insecta,Lepidoptera,Riodinidae,"Euselasia angulata"
Insecta,Lepidoptera,Riodinidae,"Euselasia alcmena"
Insecta,Lepidoptera,Hesperiidae,"Pellicia costimacula costimacula"
Insecta,Lepidoptera,Papilionidae,"Eurytides dolicaon deileon"
Insecta,Lepidoptera,Hesperiidae,"Pellicia dimidiata dimidiata"
Insecta,Lepidoptera,Hesperiidae,"Pellicia klugi"
Insecta,Lepidoptera,Hesperiidae,"Pellicia trax"
Insecta,Lepidoptera,Lycaenidae,"Penaincisalia amatista"
Insecta,Lepidoptera,Lycaenidae,"Penaincisalia loxurina"
Insecta,Lepidoptera,Lycaenidae,"Penaincisalia purpurea"
Insecta,Lepidoptera,Riodinidae,"Eurybia promota"
Insecta,Lepidoptera,Riodinidae,"Eurybia nicaea"
Insecta,Lepidoptera,Riodinidae,"Eurybia halimede halimede"
Insecta,Lepidoptera,Riodinidae,"Eurybia dardus franciscana"
Insecta,Lepidoptera,Riodinidae,"Eurybia caerulescens caerulescens"
Insecta,Lepidoptera,Pieridae,"Eurema reticulata"
Insecta,Lepidoptera,Pieridae,"Eurema lirina"
Insecta,Lepidoptera,Pieridae,"Eurema arbela arbela"
Insecta,Lepidoptera,Pieridae,"Eurema albula espinosae"
Insecta,Lepidoptera,Hesperiidae,"Penicula advena advena"
Insecta,Lepidoptera,Nymphalidae,"Cisandina philippa"
Insecta,Lepidoptera,Hesperiidae,"Penicula bryanti"
Insecta,Lepidoptera,Pieridae,"Eurema agave agave"
Insecta,Lepidoptera,Nymphalidae,"""Euptychia"" ordinata"
Insecta,Lepidoptera,Nymphalidae,"Cissia myncea"
Insecta,Lepidoptera,Hesperiidae,"Penicula crista"
Insecta,Lepidoptera,Nymphalidae,"Cissia palladia"
Insecta,Lepidoptera,Papilionidae,"Protographium agesilaus autosilaus"
Insecta,Lepidoptera,Nymphalidae,"Euptychia enyo"
Insecta,Lepidoptera,Nymphalidae,"Mechanitis polymnia angustifascia"
Insecta,Lepidoptera,Nymphalidae,"Mechanitis mazaeus mazaeus"
Insecta,Lepidoptera,Nymphalidae,"Mechanitis lysimnia menecles"
Insecta,Lepidoptera,Nymphalidae,"Cithaerias pireta tambopata"
Insecta,Lepidoptera,Lycaenidae,"Ministrymon zilda"
Insecta,Lepidoptera,Lycaenidae,"Ministrymon cruenta"
Insecta,Lepidoptera,Nymphalidae,"Mcclungia cymo salonina"
Insecta,Lepidoptera,Riodinidae,"Eunogyra satyrus"
Insecta,Lepidoptera,Nymphalidae,"Eunica sydonia sydonia"
Insecta,Lepidoptera,Nymphalidae,"Eunica sophonisba agele"
Insecta,Lepidoptera,Nymphalidae,"Eunica orphise"
Insecta,Lepidoptera,Nymphalidae,"Eunica mygdonia mygdonia"
Insecta,Lepidoptera,Nymphalidae,"Eunica marsolia fasula"
Insecta,Lepidoptera,Nymphalidae,"Eunica margarita"
Insecta,Lepidoptera,Nymphalidae,"Eunica malvina malvina"
Insecta,Lepidoptera,Nymphalidae,"Eunica maja noerina"
Insecta,Lepidoptera,Nymphalidae,"Eunica concordia"
Insecta,Lepidoptera,Nymphalidae,"Eunica clytia"
Insecta,Lepidoptera,Nymphalidae,"Eunica caelina alycia"
Insecta,Lepidoptera,Nymphalidae,"Eunica bechina bechina"
Insecta,Lepidoptera,Nymphalidae,"Eunica amelia erroneata"
Insecta,Lepidoptera,Nymphalidae,"Eunica alpais alpais"
Insecta,Lepidoptera,Nymphalidae,"Eunica alcmena flora"
Insecta,Lepidoptera,Lycaenidae,"Eumaeus toxana"
Insecta,Lepidoptera,Lycaenidae,"Eumaeus minijas"
Insecta,Lepidoptera,Riodinidae,"Stalachtis calliope"
Insecta,Lepidoptera,Papilionidae,"Protesilaus telesilaus telesilaus"
Insecta,Lepidoptera,Papilionidae,"Protesilaus glaucoaus leucas"
Insecta,Lepidoptera,Hesperiidae,"Protelbella alburna"
Insecta,Lepidoptera,Hesperiidae,"Proteides mercurius mercurius"
Insecta,Lepidoptera,Hesperiidae,"Clito clito"
Insecta,Lepidoptera,Hesperiidae,"Clito zelotes"
Insecta,Lepidoptera,Hesperiidae,"Propertius propertius"
Insecta,Lepidoptera,Hesperiidae,"Propapias proximus"
Insecta,Lepidoptera,Nymphalidae,"Eueides vibilia unifasciata"
Insecta,Lepidoptera,Nymphalidae,"Eueides tales tabernula"
Insecta,Lepidoptera,Nymphalidae,"Eueides libya libya"
Insecta,Lepidoptera,Nymphalidae,"Eueides isabella hippolinus"
Insecta,Lepidoptera,Nymphalidae,"Eueides aliphera aliphera"
Insecta,Lepidoptera,Nymphalidae,"Peria lamis"
Insecta,Lepidoptera,Hesperiidae,"Perichares lotus"
Insecta,Lepidoptera,Hesperiidae,"Perichares philetes philetes"
Insecta,Lepidoptera,Riodinidae,"Perophthalma tullius tullius"
Insecta,Lepidoptera,Hesperiidae,"Cobalopsis nero"
Insecta,Lepidoptera,Hesperiidae,"Cobalus calvina"
Insecta,Lepidoptera,Hesperiidae,"Cobalus virbius virbius"
Insecta,Lepidoptera,Pieridae,"Perrhybris pamela mazuka"
Insecta,Lepidoptera,Hesperiidae,"Staphylus astra"
Insecta,Lepidoptera,Nymphalidae,"Actinote pellenea hyalina"
Insecta,Lepidoptera,Hesperiidae,"Staphylus chlora"
Insecta,Lepidoptera,Nymphalidae,"Actinote thalia crassinia"
Insecta,Lepidoptera,Hesperiidae,"Staphylus corumba"
Insecta,Lepidoptera,Riodinidae,"Phaenochitonia sophistes"
Insecta,Lepidoptera,Hesperiidae,"Phaeraeus fastus"
Insecta,Lepidoptera,Hesperiidae,"Phaeraeus maria"
Insecta,Lepidoptera,Hesperiidae,"Staphylus lizeri lizeri"
Insecta,Lepidoptera,Lycaenidae,"Erora phrosine"
Insecta,Lepidoptera,Lycaenidae,"Erora oleris"
Insecta,Lepidoptera,Lycaenidae,"Erora carla"
Insecta,Lepidoptera,Lycaenidae,"Erora badeta"
Insecta,Lepidoptera,Hesperiidae,"Staphylus minor minor"
Insecta,Lepidoptera,Pieridae,"Colias euxanthe hermina"
Insecta,Lepidoptera,Nymphalidae,"Eresia nauplius plagiata"
Insecta,Lepidoptera,Nymphalidae,"Eresia eunice eunice"
Insecta,Lepidoptera,Nymphalidae,"Eresia clara clara"
Insecta,Lepidoptera,Hesperiidae,"Staphylus putumayo"
Insecta,Lepidoptera,Hesperiidae,"Eracon paulinus"
Insecta,Lepidoptera,Hesperiidae,"Eracon clinias"
Insecta,Lepidoptera,Nymphalidae,"Colobura dirce dirce"
Insecta,Lepidoptera,Nymphalidae,"Episcada sulphurea sulphurea"
Insecta,Lepidoptera,Nymphalidae,"Prepona pheridamas"
Insecta,Lepidoptera,Nymphalidae,"Prepona laertes demodice"
Insecta,Lepidoptera,Nymphalidae,"Prepona dexamenus dexamenus"
Insecta,Lepidoptera,Hesperiidae,"Phanes aletes"
Insecta,Lepidoptera,Hesperiidae,"Phanus ecitonorum"
Insecta,Lepidoptera,Hesperiidae,"Phanus obscurior prestoni"
Insecta,Lepidoptera,Hesperiidae,"Phanus vitreus"
Insecta,Lepidoptera,Hesperiidae,"Phareas coeleste"
Insecta,Lepidoptera,Hesperiidae,"Phemiades milvius milor"
Insecta,Lepidoptera,Hesperiidae,"Phemiades pohli cidra"
Insecta,Lepidoptera,Nymphalidae,"Consul fabius divisus"
Insecta,Lepidoptera,Hesperiidae,"Phemiades pseudophineus"
Insecta,Lepidoptera,Lycaenidae,"Corades cistene generosa"
Insecta,Lepidoptera,Lycaenidae,"Corades iduna marginalis"
Insecta,Lepidoptera,Nymphalidae,"Corades medeba medeba"
Insecta,Lepidoptera,Lycaenidae,"Corades melania"
Insecta,Lepidoptera,Lycaenidae,"Corades sulema"
Insecta,Lepidoptera,Nymphalidae,"Posttaygetis penelea penelea"
Insecta,Lepidoptera,Nymphalidae,"Philaethria dido"
Insecta,Lepidoptera,Hesperiidae,"Corticea corticea"
Insecta,Lepidoptera,Hesperiidae,"Epargyreus spina spina"
Insecta,Lepidoptera,Hesperiidae,"Epargyreus socus sinus"
Insecta,Lepidoptera,Hesperiidae,"Epargyreus exadeus exadeus"
Insecta,Lepidoptera,Hesperiidae,"Epargyreus clavicornis clavicornis"
Insecta,Lepidoptera,Hesperiidae,"Porphyrogenes passalus passalus"
Insecta,Lepidoptera,Hesperiidae,"Porphyrogenes despecta despecta"
Insecta,Lepidoptera,Hesperiidae,"Entheus eumelus ninyas"
Insecta,Lepidoptera,Hesperiidae,"Enosis pruinosa pruinosa"
Insecta,Lepidoptera,Hesperiidae,"Enosis immaculata demon"
Insecta,Lepidoptera,Hesperiidae,"Enosis iccius"
Insecta,Lepidoptera,Hesperiidae,"Enosis blotta"
Insecta,Lepidoptera,Hesperiidae,"Polythrix octomaculata octomaculata"
Insecta,Lepidoptera,Hesperiidae,"Polythrix minvanes"
Insecta,Lepidoptera,Hesperiidae,"Polythrix metallescens"
Insecta,Lepidoptera,Hesperiidae,"Polythrix auginus"
Insecta,Lepidoptera,Pieridae,"Enantia melite linealis"
Insecta,Lepidoptera,Pieridae,"Enantia lina galanthis"
Insecta,Lepidoptera,Riodinidae,"Emesis temesa emesina"
Insecta,Lepidoptera,Riodinidae,"Emesis spreta"
Insecta,Lepidoptera,Riodinidae,"Emesis progne"
Insecta,Lepidoptera,Riodinidae,"Emesis ocypore ocypore"
Insecta,Lepidoptera,Riodinidae,"Emesis mandana mandana"
Insecta,Lepidoptera,Riodinidae,"Emesis lucinda lucinda"
Insecta,Lepidoptera,Riodinidae,"Emesis fatimella fatimella"
Insecta,Lepidoptera,Riodinidae,"Emesis diogenia"
Insecta,Lepidoptera,Riodinidae,"Emesis castigata castigata"
Insecta,Lepidoptera,Papilionidae,"Mimoides xynias xynias"
Insecta,Lepidoptera,Hesperiidae,"Cravera laureata"
Insecta,Lepidoptera,Nymphalidae,"Polygrapha xenocrates xenocrates"
Insecta,Lepidoptera,Hesperiidae,"Polygonus manueli manueli"
Insecta,Lepidoptera,Hesperiidae,"Polyctor polyctor polyctor"
Insecta,Lepidoptera,Riodinidae,"Cremna actoris meleagris"
Insecta,Lepidoptera,Riodinidae,"Cremna thasus subrutila"
Insecta,Lepidoptera,Lycaenidae,"Electrostrymon ecbatana"
Insecta,Lepidoptera,Hesperiidae,"Elbella theseus"
Insecta,Lepidoptera,Hesperiidae,"Elbella patrobas tingo"
Insecta,Lepidoptera,Hesperiidae,"Elbella merops"
Insecta,Lepidoptera,Hesperiidae,"Elbella madeira"
Insecta,Lepidoptera,Hesperiidae,"Elbella etna"
Insecta,Lepidoptera,Hesperiidae,"Elbella blanda"
Insecta,Lepidoptera,Hesperiidae,"Elbella azeta azeta"
Insecta,Lepidoptera,Papilionidae,"Mimoides pausanias pausanias"
Insecta,Hymenoptera,Formicidae,"Mayaponera constricta"
Insecta,Lepidoptera,Riodinidae,"Crocozona coecias coecias"
Insecta,Lepidoptera,Hesperiidae,"Croniades piera piera"
Insecta,Lepidoptera,Papilionidae,"Mimoides ariarathes gayi"
Insecta,Lepidoptera,Hesperiidae,"Phlebodes campo sifax"
Insecta,Lepidoptera,Hesperiidae,"Phlebodes eteocla"
Insecta,Lepidoptera,Hesperiidae,"Phlebodes notex"
Insecta,Lepidoptera,Hesperiidae,"Phlebodes pertinax"
Insecta,Lepidoptera,Hesperiidae,"Phlebodes torax"
Insecta,Lepidoptera,Hesperiidae,"Phlebodes virgo"
Insecta,Lepidoptera,Hesperiidae,"Phlebodes xanthobasis"
Insecta,Lepidoptera,Riodinidae,"Mimocastnia rothschildi"
Insecta,Lepidoptera,Riodinidae,"Mesosemia cippus"
Insecta,Lepidoptera,Hesperiidae,"Phocides metrodorus metrodorus"
Insecta,Lepidoptera,Hesperiidae,"Phocides novalis"
Insecta,Lepidoptera,Hesperiidae,"Phocides padrona"
Insecta,Lepidoptera,Pieridae,"Phoebis argante larra"
Insecta,Lepidoptera,Pieridae,"Phoebis philea philea"
Insecta,Lepidoptera,Pieridae,"Phoebis sennae marcellina"
Insecta,Lepidoptera,Nymphalidae,"Ectima thecla peruviana"
Insecta,Lepidoptera,Nymphalidae,"Ectima lirides"
Insecta,Lepidoptera,Nymphalidae,"Ectima iona"
Insecta,Lepidoptera,Hesperiidae,"Plumbago plumbago"
Insecta,Lepidoptera,Hesperiidae,"Ebusus ebusus ebusus"
Insecta,Lepidoptera,Hesperiidae,"Ebrietas infanda"
Insecta,Lepidoptera,Hesperiidae,"Ebrietas evanidus"
Insecta,Lepidoptera,Hesperiidae,"Ebrietas anacreon anacreon"
Insecta,Lepidoptera,Riodinidae,"Mesosemia decolorata"
Insecta,Lepidoptera,Riodinidae,"Dysmathia portia"
Insecta,Lepidoptera,Riodinidae,"Dysmathia grosnyi"
Insecta,Lepidoptera,Pieridae,"Cunizza hirlanda ninguida"
Insecta,Lepidoptera,Hesperiidae,"Dyscophellus sebaldus"
Insecta,Lepidoptera,Hesperiidae,"Dyscophellus porcius porcius"
Insecta,Lepidoptera,Hesperiidae,"Dyscophellus nicephorus"
Insecta,Lepidoptera,Hesperiidae,"Dyscophellus marian"
Insecta,Lepidoptera,Hesperiidae,"Dyscophellus euribates euribates"
Insecta,Lepidoptera,Nymphalidae,"Dynamine smerdis"
Insecta,Lepidoptera,Riodinidae,"Adelotypa amasis"
Insecta,Lepidoptera,Nymphalidae,"Dynamine paulina paulina"
Insecta,Lepidoptera,Riodinidae,"Adelotypa aminias aminias"
Insecta,Lepidoptera,Nymphalidae,"Dynamine intermedia"
Insecta,Lepidoptera,Nymphalidae,"Dynamine gisella"
Insecta,Lepidoptera,Nymphalidae,"Dynamine coenus leucothea"
Insecta,Lepidoptera,Nymphalidae,"Dynamine chryseis"
Insecta,Lepidoptera,Nymphalidae,"Dynamine athemon barreiroi"
Insecta,Lepidoptera,Nymphalidae,"Dynamine artemisia glauce"
Insecta,Lepidoptera,Riodinidae,"Adelotypa annulifera"
Insecta,Lepidoptera,Nymphalidae,"Dynamine aerata aerata"
Insecta,Lepidoptera,Riodinidae,"Adelotypa densemaculata"
Insecta,Lepidoptera,Riodinidae,"Adelotypa epixanthe"
Insecta,Lepidoptera,Hesperiidae,"Molo mango"
Insecta,Lepidoptera,Hesperiidae,"Cyanea bistrigula"
Insecta,Lepidoptera,Hesperiidae,"Cyanea corisana"
Insecta,Lepidoptera,Hesperiidae,"Cyanea diluta"
Insecta,Lepidoptera,Hesperiidae,"Cyanea iquita"
Insecta,Lepidoptera,Hesperiidae,"Cyanea megalops"
Insecta,Lepidoptera,Hesperiidae,"Cyanea popla"
Insecta,Lepidoptera,Hesperiidae,"Cyanea robba robba"
Insecta,Lepidoptera,Riodinidae,"Adelotypa huebneri pauxilla"
Insecta,Lepidoptera,Riodinidae,"""Adelotypa"" lampros"
Insecta,Lepidoptera,Hesperiidae,"Dubiella fiscella fiscella"
Insecta,Lepidoptera,Hesperiidae,"Dubiella dubius"
Insecta,Lepidoptera,Riodinidae,"Mesosemia eumene furia"
Insecta,Lepidoptera,Riodinidae,"Adelotypa leucocyana"
Insecta,Lepidoptera,Lycaenidae,"Cyanophrys amyntor"
Insecta,Lepidoptera,Riodinidae,"Adelotypa mollis asemna"
Insecta,Lepidoptera,Riodinidae,"Mesosemia gigantea"
Insecta,Lepidoptera,Riodinidae,"Adelotypa trinitatis"
Insecta,Lepidoptera,Nymphalidae,"Adelpha aethalia davisii"
Insecta,Lepidoptera,Nymphalidae,"Dryas iulia alcionea"
Insecta,Lepidoptera,Nymphalidae,"Druphila venerata"
Insecta,Lepidoptera,Hesperiidae,"Drephalys hypargus"
Insecta,Lepidoptera,Hesperiidae,"Cycloglypha enega"
Insecta,Lepidoptera,Hesperiidae,"Cycloglypha thrasibulus thrasibulus"
Insecta,Lepidoptera,Hesperiidae,"Drephalys eous"
Insecta,Lepidoptera,Hesperiidae,"Cycloglypha tisias"
Insecta,Lepidoptera,Hesperiidae,"Drephalys atinas"
Insecta,Lepidoptera,Hesperiidae,"Milanion pilumnus pilumnus"
Insecta,Lepidoptera,Hesperiidae,"Cyclosemia earina"
Insecta,Lepidoptera,Hesperiidae,"Cyclosma altama"
Insecta,Lepidoptera,Hesperiidae,"Cymaenes cavalla"
Insecta,Lepidoptera,Hesperiidae,"Cymaenes hazarma"
Insecta,Lepidoptera,Hesperiidae,"Cymaenes laureolus loxa"
Insecta,Lepidoptera,Hesperiidae,"Cymaenes uruba taberi"
Insecta,Lepidoptera,Nymphalidae,"Doxocopa pavon pavon"
Insecta,Lepidoptera,Nymphalidae,"Doxocopa linda linda"
Insecta,Lepidoptera,Nymphalidae,"Doxocopa lavinia"
Insecta,Lepidoptera,Nymphalidae,"Doxocopa laure griseldis"
Insecta,Lepidoptera,Nymphalidae,"Doxocopa agathina agathina"
Insecta,Lepidoptera,Nymphalidae,"Adelpha attica"
Insecta,Lepidoptera,Hesperiidae,"Milanion hemes"
Insecta,Lepidoptera,Nymphalidae,"Adelpha boeotia fulica"
Insecta,Lepidoptera,Pieridae,"Dismorphia theucharila argochloe"
Insecta,Lepidoptera,Pieridae,"Dismorphia amphione"
Insecta,Lepidoptera,Riodinidae,"Cyrenia martia martia"
Insecta,Lepidoptera,Lycaenidae,"Steroma bega andensis"
Insecta,Lepidoptera,Lycaenidae,"Strymon cestri"
Insecta,Lepidoptera,Lycaenidae,"Strymon megarus"
Insecta,Lepidoptera,Hesperiidae,"Styriodes badius"
Insecta,Lepidoptera,Hesperiidae,"Styriodes quadrinotata"
Insecta,Lepidoptera,Hesperiidae,"Styriodes quaka"
Insecta,Lepidoptera,Lycaenidae,"Symbiopsis aprica"
Insecta,Lepidoptera,Riodinidae,"Symmachia accusatrix"
Insecta,Lepidoptera,Riodinidae,"Symmachia  asclepia asclepia"
Insecta,Lepidoptera,Riodinidae,"Symmachia rubina separata"
Insecta,Lepidoptera,Hesperiidae,"Synapte silius"
Insecta,Lepidoptera,Riodinidae,"Synargis abaris"
Insecta,Lepidoptera,Riodinidae,"Synargis gela gela"
Insecta,Lepidoptera,Riodinidae,"Synargis ochra ochra"
Insecta,Lepidoptera,Riodinidae,"Synargis orestessa"
Insecta,Lepidoptera,Riodinidae,"Synargis phillone"
Insecta,Lepidoptera,Riodinidae,"Syrmatia nyx"
Insecta,Lepidoptera,Hesperiidae,"Talides sinois sinois"
Insecta,Lepidoptera,Hesperiidae,"Tarsoctenus corytus corba"
Insecta,Lepidoptera,Hesperiidae,"Tarsoctenus praecia plutia"
Insecta,Lepidoptera,Pieridae,"Tatochila xanthodice paucar"
Insecta,Lepidoptera,Nymphalidae,"Taygetis celia"
Insecta,Lepidoptera,Nymphalidae,"Taygetis cleopatra"
Insecta,Lepidoptera,Nymphalidae,"Taygetis echo koepckei"
Insecta,Lepidoptera,Nymphalidae,"Taygetis elegia"
Insecta,Lepidoptera,Nymphalidae,"Taygetis leuctra"
Insecta,Lepidoptera,Nymphalidae,"Taygetis mermeria mermeria"
Insecta,Lepidoptera,Nymphalidae,"Taygetis sosis"
Insecta,Lepidoptera,Nymphalidae,"Taygetis sylvia"
Insecta,Lepidoptera,Nymphalidae,"Taygetis thamyra"
Insecta,Lepidoptera,Nymphalidae,"Taygetis virgila"
Insecta,Lepidoptera,Hesperiidae,"Telemiades amphios misitheus"
Insecta,Lepidoptera,Hesperiidae,"Telemiades antiope tosca"
Insecta,Lepidoptera,Hesperiidae,"Telemiades delalande"
Insecta,Lepidoptera,Hesperiidae,"Telemiades epicalus"
Insecta,Lepidoptera,Hesperiidae,"Telemiades nicomedes nicomedes"
Insecta,Lepidoptera,Hesperiidae,"Telemiades penidas"
Insecta,Lepidoptera,Nymphalidae,"Telenassa burchelli"
Insecta,Lepidoptera,Hesperiidae,"Tellona variegata"
Insecta,Lepidoptera,Nymphalidae,"Temenis laothoe laothoe"
Insecta,Lepidoptera,Nymphalidae,"Temenis pulchra pallidior"
Insecta,Lepidoptera,Hesperiidae,"Thargella caura caura"
Insecta,Lepidoptera,Lycaenidae,"""Thecla"" adela"
Insecta,Lepidoptera,Lycaenidae,"""Thecla"" agrippa"
Insecta,Lepidoptera,Lycaenidae,"""Thecla"" ambrax"
Insecta,Lepidoptera,Lycaenidae,"""Thecla"" aruma"
Insecta,Lepidoptera,Lycaenidae,"""Thecla"" arza"
Insecta,Lepidoptera,Lycaenidae,"""Thecla"" carteia"
Insecta,Lepidoptera,Lycaenidae,"""Thecla"" ceromia"
Insecta,Lepidoptera,Lycaenidae,"""Thecla"" color"
Insecta,Lepidoptera,Lycaenidae,"""Thecla"" cosmophila"
Insecta,Lepidoptera,Lycaenidae,"""Thecla"" cupentus"
Insecta,Lepidoptera,Lycaenidae,"""Thecla"" ematheon"
Insecta,Lepidoptera,Lycaenidae,"""Thecla"" emessa"
Insecta,Lepidoptera,Lycaenidae,"""Thecla"" erchelta"
Insecta,Lepidoptera,Lycaenidae,"""Thecla"" ergina"
Insecta,Lepidoptera,Lycaenidae,"""Thecla"" fabulla"
Insecta,Lepidoptera,Lycaenidae,"""Thecla"" falerina"
Insecta,Lepidoptera,Lycaenidae,"""Thecla"" gemma"
Insecta,Lepidoptera,Lycaenidae,"""Thecla"" gibberosa"
Insecta,Lepidoptera,Lycaenidae,"""Thecla"" halciones"
Insecta,Lepidoptera,Lycaenidae,"""Thecla"" levis"
Insecta,Lepidoptera,Lycaenidae,"""Thecla"" ligurina"
Insecta,Lepidoptera,Lycaenidae,"""Thecla"" lycabas"
Insecta,Lepidoptera,Lycaenidae,"""Thecla"" maculata"
Insecta,Lepidoptera,Lycaenidae,"""Thecla"" mecrida"
Insecta,Lepidoptera,Lycaenidae,"""Thecla"" minyia"
Insecta,Lepidoptera,Lycaenidae,"""Thecla"" myrtea"
Insecta,Lepidoptera,Lycaenidae,"""Thecla"" myrtusa"
Insecta,Lepidoptera,Lycaenidae,"""Thecla"" norax"
Insecta,Lepidoptera,Lycaenidae,"""Thecla"" parvipuncta"
Insecta,Lepidoptera,Lycaenidae,"""Thecla"" perola"
Insecta,Lepidoptera,Lycaenidae,"""Thecla"" phoster"
Insecta,Lepidoptera,Lycaenidae,"""Thecla"" picus"
Insecta,Lepidoptera,Lycaenidae,"""Thecla"" pulchritudo"
Insecta,Lepidoptera,Lycaenidae,"""Thecla"" sospes"
Insecta,Lepidoptera,Lycaenidae,"""Thecla"" sphinx"
Insecta,Lepidoptera,Lycaenidae,"""Thecla"" splendor"
Insecta,Lepidoptera,Lycaenidae,"""Thecla"" strephon"
Insecta,Lepidoptera,Lycaenidae,"""Thecla"" syedra"
Insecta,Lepidoptera,Lycaenidae,"""Thecla"" syllis"
Insecta,Lepidoptera,Lycaenidae,"""Thecla"" taminella"
Insecta,Lepidoptera,Lycaenidae,"""Thecla"" tarena"
Insecta,Lepidoptera,Lycaenidae,"""Thecla"" tema"
Insecta,Lepidoptera,Lycaenidae,"""Thecla"" tephraeus"
Insecta,Lepidoptera,Lycaenidae,"""Thecla"" terentia"
Insecta,Lepidoptera,Lycaenidae,"""Thecla"" thespia"
Insecta,Lepidoptera,Lycaenidae,"""Thecla"" tympania"
Insecta,Lepidoptera,Lycaenidae,"""Thecla"" tyriam"
Insecta,Lepidoptera,Lycaenidae,"""Thecla"" vesper"
Insecta,Lepidoptera,Lycaenidae,"Theclopsis gargara"
Insecta,Lepidoptera,Lycaenidae,"Theclopsis lydus"
Insecta,Lepidoptera,Riodinidae,"Themone poecilla"
Insecta,Lepidoptera,Riodinidae,"Theope comosa"
Insecta,Lepidoptera,Riodinidae,"Theope eudocia eudocia"
Insecta,Lepidoptera,Riodinidae,"Theope excelsa"
Insecta,Lepidoptera,Riodinidae,"Theope hypoleuca"
Insecta,Lepidoptera,Riodinidae,"Theope lycaerina"
Insecta,Lepidoptera,Riodinidae,"Theope pedias pedias"
Insecta,Lepidoptera,Riodinidae,"Theope phaeo folia"
Insecta,Lepidoptera,Lycaenidae,"Thereus columbicola"
Insecta,Lepidoptera,Lycaenidae,"Theritas mavors"
Insecta,Lepidoptera,Hesperiidae,"Thespieus dalman"
Insecta,Lepidoptera,Hesperiidae,"Thoon canta"
Insecta,Lepidoptera,Hesperiidae,"Thoon dubia"
Insecta,Lepidoptera,Hesperiidae,"Thoon modius"
Insecta,Lepidoptera,Hesperiidae,"Thoon ponka"
Insecta,Lepidoptera,Hesperiidae,"Thoon ranka"
Insecta,Lepidoptera,Hesperiidae,"Thoon taxes"
Insecta,Lepidoptera,Hesperiidae,"Thracides cleanthes telmela"
Insecta,Lepidoptera,Hesperiidae,"Thracides thrasea"
Insecta,Lepidoptera,Nymphalidae,"Thyridia psidii ino"
Insecta,Lepidoptera,Hesperiidae,"Tigasis fusca"
Insecta,Lepidoptera,Nymphalidae,"Tigridia acesta tapajona"
Insecta,Lepidoptera,Hesperiidae,"Tirynthia conflua"
Insecta,Lepidoptera,Hesperiidae,"Tisias lesueur canna"
Insecta,Lepidoptera,Hesperiidae,"Tisias quadrata quadrata"
Insecta,Lepidoptera,Hesperiidae,"Tisias rinda"
Insecta,Lepidoptera,Nymphalidae,"Tithorea harmonia brunnea"
Insecta,Lepidoptera,Lycaenidae,"Tmolus cydrara"
Insecta,Lepidoptera,Lycaenidae,"Tmolus echion"
Insecta,Lepidoptera,Lycaenidae,"Tmolus mutina"
Insecta,Lepidoptera,Lycaenidae,"Tmolus ufentina"
Insecta,Lepidoptera,Hesperiidae,"Tromba tromba"
Insecta,Lepidoptera,Hesperiidae,"Turesis basta"
Insecta,Lepidoptera,Hesperiidae,"Turesis complanula"
Insecta,Lepidoptera,Hesperiidae,"Udranomia kikkawai"
Insecta,Lepidoptera,Riodinidae,"Uraneis hyalina"
Insecta,Lepidoptera,Hesperiidae,"Urbanus chalco"
Insecta,Lepidoptera,Hesperiidae,"Urbanus doryssus diryssus"
Insecta,Lepidoptera,Hesperiidae,"Urbanus esma"
Insecta,Lepidoptera,Hesperiidae,"Urbanus esmeraldus"
Insecta,Lepidoptera,Hesperiidae,"Urbanus pronta"
Insecta,Lepidoptera,Hesperiidae,"Urbanus proteus proteus"
Insecta,Lepidoptera,Hesperiidae,"Urbanus reductus"
Insecta,Lepidoptera,Hesperiidae,"Urbanus simplicius"
Insecta,Lepidoptera,Hesperiidae,"Urbanus tanna"
Insecta,Lepidoptera,Hesperiidae,"Urbanus velinus"
Insecta,Lepidoptera,Hesperiidae,"Urbanus virescens"
Insecta,Lepidoptera,Nymphalidae,"Vanessa carye"
Insecta,Lepidoptera,Hesperiidae,"Vehilius danius"
Insecta,Lepidoptera,Hesperiidae,"Vehilius madius"
Insecta,Lepidoptera,Hesperiidae,"Vehilius putus"
Insecta,Lepidoptera,Hesperiidae,"Vehilius seriatus seriatus"
Insecta,Lepidoptera,Hesperiidae,"Vehilius stictomenes stictomenes"
Insecta,Lepidoptera,Hesperiidae,"Venas caerulans"
Insecta,Lepidoptera,Hesperiidae,"Venas evans"
Insecta,Lepidoptera,Hesperiidae,"Vertica verticalis"
Insecta,Lepidoptera,Hesperiidae,"Vettius artona"
Insecta,Lepidoptera,Hesperiidae,"Vettius arva"
Insecta,Lepidoptera,Hesperiidae,"Vettius fuldai"
Insecta,Lepidoptera,Hesperiidae,"Vettius marcus marcus"
Insecta,Lepidoptera,Hesperiidae,"Vettius monacha"
Insecta,Lepidoptera,Hesperiidae,"Vettius phyllus phyllus"
Insecta,Lepidoptera,Hesperiidae,"Vettius richardi"
Insecta,Lepidoptera,Hesperiidae,"Vidius nappa"
Insecta,Lepidoptera,Nymphalidae,"Vila azeca azeca"
Insecta,Lepidoptera,Nymphalidae,"Vila emilia caecilia"
Insecta,Lepidoptera,Hesperiidae,"Vinius saggita"
Insecta,Lepidoptera,Hesperiidae,"Vinius tryhana tryhana"
Insecta,Lepidoptera,Hesperiidae,"Xenophanes tryxus"
Insecta,Lepidoptera,Hesperiidae,"Xispia quadrata"
Insecta,Lepidoptera,Nymphalidae,"Yphtthimoides mythra"
Insecta,Lepidoptera,Nymphalidae,"Yphtthimoides renata"
Insecta,Lepidoptera,Hesperiidae,"Zalomes illimanensis"
Insecta,Lepidoptera,Nymphalidae,"Zaretis itys itys"
Insecta,Lepidoptera,Hesperiidae,"Zenis jebus"
Insecta,Lepidoptera,Hesperiidae,"Zera tetrastigna tetrastigma"
Insecta,Lepidoptera,Hesperiidae,"Zera zera difficilis"
Insecta,Lepidoptera,Nymphalidae,"Zischkaia amalda"
Insecta,Lepidoptera,Nymphalidae,"Zischkaia saundersii"
Insecta,Lepidoptera,Erebidae,"Metacrisia courregesi mutabilis"
Insecta,Lepidoptera,Erebidae,"Metacrisia courregesi courregesi"
Insecta,Lepidoptera,Saturniidae,"Copaxa medea"
Insecta,Lepidoptera,Erebidae,"Amastus camposi"
Insecta,Lepidoptera,Sphingidae,"Amastus mossi"
Insecta,Lepidoptera,Erebidae,"Amastus pluto"
Insecta,Lepidoptera,Sphingidae,"Erinnyis ello ello"
Insecta,Lepidoptera,Sphingidae,"Agrius cingulata"
Insecta,Lepidoptera,Lycaenidae,"Thecla auda"
Insecta,Lepidoptera,Lycaenidae,"Thecla elongata"
Insecta,Lepidoptera,Riodinidae,"Napaea nepos tanos"
Insecta,Lepidoptera,Riodinidae,"Mesosemia zorea zorea"
Insecta,Lepidoptera,Lycaenidae,"Podanotum pajaten"
Insecta,Lepidoptera,Hesperiidae,"Achlyodes pallida"
Insecta,Lepidoptera,Riodinidae,"Emesis angularis"
Insecta,Lepidoptera,Riodinidae,"Chorinea sylphina sylphina"
Insecta,Lepidoptera,Hesperiidae,"Pyrrhopyge spatiosa spatiosa"
Insecta,Lepidoptera,Lycaenidae,"Micandra aegides"
Insecta,Lepidoptera,Hesperiidae,"Pyrrhopyge creona"
Insecta,Lepidoptera,Nymphalidae,"Catagramma hystaspes"
Insecta,Lepidoptera,Nymphalidae,"Catagramma pyracmon"
Insecta,Lepidoptera,Nymphalidae,"Catoblepia berecynthia"
Insecta,Lepidoptera,Nymphalidae,"Catonephele acontius"
Insecta,Lepidoptera,Nymphalidae,"Pierella lena"
Insecta,Lepidoptera,Nymphalidae,"Baeotus baeotus"
Insecta,Lepidoptera,Hesperiidae,"Pyrrhopyge hadassa"
Insecta,Lepidoptera,Hesperiidae,"Pyrrhopyge crida"
Insecta,Lepidoptera,Riodinidae,"Emesis lucinda"
Insecta,Lepidoptera,Nymphalidae,"Nessaea hewitsonii hewitsonii"
Insecta,Lepidoptera,Nymphalidae,"Mesotaenia vaninka doris"
Insecta,Lepidoptera,Papilionidae,"Parides childrenae childrenae"
Insecta,Lepidoptera,Nymphalidae,"Polygrapha xenocrates"
Insecta,Lepidoptera,Nymphalidae,"Fountainea eurypyle confusa"
Insecta,Lepidoptera,Nymphalidae,"Adelpha erotia"
Insecta,Lepidoptera,Erebidae,"Cresera affinis"
Insecta,Lepidoptera,Erebidae,"Cresera hieroglyphica"
Insecta,Lepidoptera,Erebidae,"Cresera ilioides"
Insecta,Lepidoptera,Erebidae,"Cresera ilus"
Insecta,Lepidoptera,Erebidae,"Cresera optimus"
Insecta,Lepidoptera,Erebidae,"Cresera similis"
Insecta,Lepidoptera,Nymphalidae,"Morpho cisseis jeannoti"
Insecta,Lepidoptera,Riodinidae,"Mesosemia philocles"
Insecta,Hymenoptera,Ichneumonidae,"Exochus izbus"
Insecta,Lepidoptera,Riodinidae,"Euselasia zena"
Insecta,Lepidoptera,Nymphalidae,"Pedaliodes misericordiosa"
Insecta,Lepidoptera,Nymphalidae,"Adelpha boeotia boeotia"
Insecta,Lepidoptera,Nymphalidae,"Memphis morvus morvus"
Insecta,Lepidoptera,Nymphalidae,"Dione juno"
Insecta,Lepidoptera,Hesperiidae,"Phocides metrodorus"
Insecta,Lepidoptera,Riodinidae,"Eurybia dardus"
Insecta,Lepidoptera,Riodinidae,"Mesosemia machaera"
Insecta,Lepidoptera,Pieridae,"Phoebis philea"
Insecta,Hymenoptera,Ichneumonidae,"Aphanistes ruthae"
Insecta,Lepidoptera,Nymphalidae,"Pierella hortona hortona"
Insecta,Lepidoptera,Papilionidae,"Protesilaus protesilaus protesilaus"
Insecta,Hymenoptera,Ichneumonidae,"Leurus caeruliventris"
Insecta,Lepidoptera,Hesperiidae,"Proteides mercurius"
Insecta,Lepidoptera,Riodinidae,"Echydna punctata"
Insecta,Lepidoptera,Nymphalidae,"Adelpha mesentina"
Insecta,Hymenoptera,Ichneumonidae,"Anomalon duniae"
Insecta,Hymenoptera,Ichneumonidae,"Anomalon cotoi"
Insecta,Lepidoptera,Erebidae,"Coiffaitarctia imperatrix"
Insecta,Lepidoptera,Riodinidae,"Ancyluris etias etias"
Insecta,Lepidoptera,Nymphalidae,"Anartia jatrophae jatrophae"
Insecta,Lepidoptera,Nymphalidae,"Opsiphanes cassina"
Insecta,Lepidoptera,Papilionidae,"Heraclides androgeus epidaurus"
Insecta,Lepidoptera,Nymphalidae,"Hermeuptychia fallax fallax"
Insecta,Lepidoptera,Nymphalidae,"Hermeuptychia harmonia"
Insecta,Lepidoptera,Nymphalidae,"Heliconius melpomene"
Insecta,Lepidoptera,Nymphalidae,"Heliconius elevatus"
Insecta,Lepidoptera,Erebidae,"Metacrisia eckstromi"
Insecta,Lepidoptera,Nymphalidae,"Oleria onega crispinilla"
Insecta,Lepidoptera,Nymphalidae,"Callicore cynosura"
Insecta,Lepidoptera,Nymphalidae,"Callicore eunomia"
Insecta,Lepidoptera,Nymphalidae,"Callicore excelsior inferior"
Insecta,Coleoptera,Scarabaeidae,"Oxysternon conspicillatum"
Insecta,Lepidoptera,Nymphalidae,"Hypanartia kefersteini"
Insecta,Lepidoptera,Riodinidae,"Monethe albertus"
Insecta,Lepidoptera,Nymphalidae,"Hypanartia splendida"
Insecta,Lepidoptera,Nymphalidae,"Bia peruana"
Insecta,Lepidoptera,Erebidae,"Theages occultus"
Insecta,Lepidoptera,Erebidae,"Theages luculentus"
Insecta,Lepidoptera,Nymphalidae,"Zaretis itys"
Insecta,Lepidoptera,Riodinidae,"Thisbe molela"
Insecta,Coleoptera,Scarabaeidae,"Sulcophanaeus faunus"
Insecta,Lepidoptera,Erebidae,"Chetone histrio histriónica"
Insecta,Lepidoptera,Erebidae,"Aclytia hoffmannsi"
Insecta,Lepidoptera,Erebidae,"Pseudaclytia oponnens"
Insecta,Lepidoptera,Nymphalidae,"Cisandina fida directa"
Insecta,Lepidoptera,Erebidae,"Aclytia reducta"
Insecta,Coleoptera,Scarabaeidae,"Coprophanaeus lancifer"
Insecta,Lepidoptera,Nymphalidae,"Dynamine anubis anubis"
Insecta,Lepidoptera,Riodinidae,"Emesis adelpha vicaria"
Insecta,Lepidoptera,Riodinidae,"Euagra delectans"
Insecta,Lepidoptera,Nymphalidae,"Eunica pusulla"
Insecta,Coleoptera,Scarabaeidae,"Onthophagus xanthomerus"
Insecta,Lepidoptera,Erebidae,"Mystrocneme varipes"
Insecta,Lepidoptera,Erebidae,"Leucotmemis varipes"
Insecta,Coleoptera,Scarabaeidae,"Megatharsis buckleyi"
Insecta,Lepidoptera,Nymphalidae,"Melinea marsaeus"
Insecta,Lepidoptera,Riodinidae,"Euselasia teleclus"
Insecta,Lepidoptera,Pieridae,"Pereute callinice"
Insecta,Lepidoptera,Pieridae,"Lieinix nemesis"
Insecta,Lepidoptera,Pieridae,"Melete leucanthe"
Insecta,Lepidoptera,Pieridae,"Catasticta sisamnus"
Insecta,Lepidoptera,Papilionidae,"Parides aglaope"
Insecta,Lepidoptera,Riodinidae,"Necyria bellona"
Insecta,Lepidoptera,Pieridae,"Moschoneura pinthous"
Insecta,Lepidoptera,Lycaenidae,"Camissecla vesper"
Insecta,Lepidoptera,Riodinidae,"Ancyluris aulestes"
Insecta,Lepidoptera,Riodinidae,"Crocozona fasciata"
Insecta,Lepidoptera,Erebidae,"Ctenucha tapajoza"
Insecta,Coleoptera,Scarabaeidae,"Coprophanaeus telamon"
Insecta,Coleoptera,Scarabaeidae,"Coprophanaeus suredai"
Insecta,Coleoptera,Scarabaeidae,"Phanaeus chalcomelas"
Insecta,Coleoptera,Scarabaeidae,"Phanaeus bispinus"
Insecta,Lepidoptera,Erebidae,"Andrenimorpha eusebia"
Insecta,Lepidoptera,Erebidae,"Andrenimorpha sephela"
Insecta,Lepidoptera,Erebidae,"Leucotmemis torrida"
Insecta,Coleoptera,Scarabaeidae,"Eurysternus caribaeus"
Insecta,Coleoptera,Scarabaeidae,"Eurysternus cayennensis"
Insecta,Coleoptera,Scarabaeidae,"Eurysternus hamaticollis"
Insecta,Coleoptera,Scarabaeidae,"Eurysternus hypocrita"
Insecta,Coleoptera,Scarabaeidae,"Eurysternus plebejus"
Insecta,Lepidoptera,Erebidae,"Pseudomya temenus"
Insecta,Lepidoptera,Erebidae,"Autochloris completa"
Insecta,Lepidoptera,Erebidae,"Sarosa acutior"
Insecta,Lepidoptera,Nymphalidae,"Pierella hyceta hyceta"
Insecta,Lepidoptera,Nymphalidae,"Pierella astyoche bernhardina"
Insecta,Lepidoptera,Nymphalidae,"Adelpha boreas boreas"
Insecta,Lepidoptera,Hesperiidae,"Drephalys dumeril"
Insecta,Lepidoptera,Nymphalidae,"Physcopedaliodes praxithea"
Insecta,Lepidoptera,Nymphalidae,"Dynastor darius stygianus"
Insecta,Lepidoptera,Pieridae,"Phoebis neocypris rurina"
Insecta,Lepidoptera,Nymphalidae,"Philaethria diatonica"
Insecta,Lepidoptera,Hesperiidae,"Potamanaxas thestia paralus"
Insecta,Lepidoptera,Nymphalidae,"Corades albomaculata"
Insecta,Lepidoptera,Nymphalidae,"Praepronophila emma"
Insecta,Lepidoptera,Nymphalidae,"Preopona pheridamas"
Insecta,Lepidoptera,Nymphalidae,"Epiphile orea negrina"
Insecta,Lepidoptera,Nymphalidae,"Eretris calisto subpunctata"
Insecta,Lepidoptera,Nymphalidae,"Erichthodes jovita julia"
Insecta,Lepidoptera,Nymphalidae,"Eryphanis automedon tristis"
Insecta,Lepidoptera,Pieridae,"Pereute charops peruviana"
Insecta,Lepidoptera,Nymphalidae,"Mechanitis lysimnia roqueensis"
Insecta,Lepidoptera,Nymphalidae,"Eunica acelina alycia"
Insecta,Lepidoptera,Nymphalidae,"Eunica phasis"
Insecta,Lepidoptera,Nymphalidae,"Cithaerias pyropina pyropina"
Insecta,Lepidoptera,Nymphalidae,"Cithaerias pireta aurora"
Insecta,Lepidoptera,Nymphalidae,"Euptychia westwoodi"
Insecta,Lepidoptera,Pieridae,"Eurema xantochlora pomponia"
Insecta,Lepidoptera,Riodinidae,"Eurybia nicaea nicaea"
Insecta,Lepidoptera,Papilionidae,"Eurytides serville serville"
Insecta,Lepidoptera,Riodinidae,"Euselasia uzita"
Insecta,Lepidoptera,Nymphalidae,"Fountainea eurypyle eurypyle"
Insecta,Lepidoptera,Nymphalidae,"Fountainea sossipus"
Insecta,Lepidoptera,Riodinidae,"Pterographium iasis"
Insecta,Lepidoptera,Papilionidae,"Parides phosphorus vavi"
Insecta,Lepidoptera,Papilionidae,"Parides aeneas damis"
Insecta,Lepidoptera,Nymphalidae,"Parataygetis albinotata"
Insecta,Lepidoptera,Nymphalidae,"Pyrrhogyra edocla lysanias"
Insecta,Lepidoptera,Hesperiidae,"Pyrrhopyge sergius ganus"
Insecta,Lepidoptera,Hesperiidae,"Pyrrhopyge telassa phaeax"
Insecta,Lepidoptera,Nymphalidae,"Catoblepia xanthicles orientalis"
Insecta,Lepidoptera,Nymphalidae,"Catoblepia berecynthia berecynthina"
Insecta,Lepidoptera,Nymphalidae,"Haetera piera negra"
Insecta,Lepidoptera,Riodinidae,"Monethe albertus albertus"
Insecta,Lepidoptera,Nymphalidae,"Heliconius burneyi jamesi"
Insecta,Lepidoptera,Nymphalidae,"Heliconius elevatus pseudocupidineus"
Insecta,Lepidoptera,Nymphalidae,"Heliconius erato emma"
Insecta,Lepidoptera,Nymphalidae,"Heliconius melpomene aglaope"
Insecta,Lepidoptera,Nymphalidae,"Heliconius numata arcuella"
Insecta,Lepidoptera,Nymphalidae,"Heliconius numata bocoloratus"
Insecta,Lepidoptera,Nymphalidae,"Heliconius numata illustris"
Insecta,Lepidoptera,Nymphalidae,"Heliconius telesiphe telesiphe"
Insecta,Lepidoptera,Nymphalidae,"Caeruleuptychia chlorimene"
Insecta,Lepidoptera,Nymphalidae,"Caeruleuptychia arnaca"
Insecta,Lepidoptera,Nymphalidae,"Opsiphanes quiteria bolivianus"
Insecta,Lepidoptera,Nymphalidae,"Opsiphanes invirae cassina"
Insecta,Lepidoptera,Nymphalidae,"Opsiphanes cassiae rubigatus"
Insecta,Lepidoptera,Nymphalidae,"Hermeuptychia atalanta"
Insecta,Lepidoptera,Pieridae,"Hesperocharis marchali"
Insecta,Lepidoptera,Nymphalidae,"Ollantaya canilla"
Insecta,Lepidoptera,Nymphalidae,"Oleria quintina"
Insecta,Lepidoptera,Nymphalidae,"Oleria onega perspicua"
Insecta,Lepidoptera,Nymphalidae,"Oleria enania"
Insecta,Lepidoptera,Hesperiidae,"Saliana saladin saladin"
Insecta,Lepidoptera,Nymphalidae,"Hyalyris coeno"
Insecta,Lepidoptera,Nymphalidae,"Hypoleria lavinia garleppi"
Insecta,Lepidoptera,Nymphalidae,"Hyposcada anchiala interrupta"
Insecta,Lepidoptera,Nymphalidae,"Hyposcada cyrene taliata"
Insecta,Lepidoptera,Nymphalidae,"Hyposcada illinissa brisotis"
Insecta,Lepidoptera,Pieridae,"Melete calymnia"
Insecta,Lepidoptera,Nymphalidae,"Melinaea ludovica manuelito"
Insecta,Lepidoptera,Nymphalidae,"Melinaea marsaeus mothone"
Insecta,Lepidoptera,Nymphalidae,"Neruda aoede cupidineus"
Insecta,Lepidoptera,Hesperiidae,"Jemadia hewitsonii albescens"
Insecta,Lepidoptera,Hesperiidae,"Jemadia menechmus"
Insecta,Lepidoptera,Hesperiidae,"Jemadia sosia"
Insecta,Lepidoptera,Nymphalidae,"Asterope leprieuri optima"
Insecta,Lepidoptera,Nymphalidae,"Asterope degandii bartletti"
Insecta,Lepidoptera,Nymphalidae,"Asterope buckleyi"
Insecta,Lepidoptera,Riodinidae,"Lasaria arsis"
Insecta,Lepidoptera,Nymphalidae,"Agrias hewitsonius beata"
Insecta,Lepidoptera,Nymphalidae,"Napoles jucunda"
Insecta,Lepidoptera,Nymphalidae,"Napeogenes stella duessa"
Insecta,Lepidoptera,Nymphalidae,"Napeogenes glycera"
Insecta,Lepidoptera,Riodinidae,"Napaea melampia"
Insecta,Lepidoptera,Nymphalidae,"Siproeta epaphus epaphus"
Insecta,Lepidoptera,Riodinidae,"Siseme alectryo lucilius"
Insecta,Lepidoptera,Riodinidae,"Menander menander thallus"
Insecta,Lepidoptera,Nymphalidae,"Menphis glauce glauce"
Insecta,Lepidoptera,Nymphalidae,"Menphis lineata"
Insecta,Lepidoptera,Nymphalidae,"Menphis menphis menphis"
Insecta,Lepidoptera,Nymphalidae,"Menphis mora montana"
Insecta,Lepidoptera,Nymphalidae,"Menphis moruus morpheus"
Insecta,Lepidoptera,Nymphalidae,"Menphis polycarmes"
Insecta,Lepidoptera,Nymphalidae,"Menphis xenocles xenocles"
Insecta,Lepidoptera,Riodinidae,"Ancyluris rubrofilum"
Insecta,Lepidoptera,Nymphalidae,"Lymanopoda acraeida malia"
Insecta,Lepidoptera,Nymphalidae,"Lymanopoda panacea ocellifera"
Insecta,Lepidoptera,Nymphalidae,"Altinote alcione sodalis"
Insecta,Lepidoptera,Nymphalidae,"Manerebia cyclopella"
Insecta,Lepidoptera,Nymphalidae,"Marcus menelaus didius"
Insecta,Lepidoptera,Nymphalidae,"Marpesia marcella marcella"
Insecta,Lepidoptera,Nymphalidae,"Marpesia zerynthia dentigera"
Insecta,Lepidoptera,Riodinidae,"Mesosemia eugenea pythonica"
Insecta,Lepidoptera,Nymphalidae,"Morpho telemachus penelope"
Insecta,Lepidoptera,Nymphalidae,"Morpho rhetenor"
Insecta,Lepidoptera,Nymphalidae,"Morpho marcus intermedia"
Insecta,Lepidoptera,Nymphalidae,"Morpho hecuba gahua"
Insecta,Lepidoptera,Nymphalidae,"Adelpha melona melona"
Insecta,Lepidoptera,Nymphalidae,"Diaethria eluina lidwina"
Insecta,Lepidoptera,Nymphalidae,"Diaethria neglecta neglecta"
Insecta,Lepidoptera,Nymphalidae,"Adelpha lycorias lara"
Insecta,Lepidoptera,Nymphalidae,"Adelpha saundersii saundersii"
Insecta,Lepidoptera,Nymphalidae,"Dione juno juno"
Insecta,Lepidoptera,Nymphalidae,"Adelpha ximena"
Insecta,Lepidoptera,Nymphalidae,"Telenassa teletusa burchelli"
Insecta,Lepidoptera,Nymphalidae,"Taygetis chrysogone"
Insecta,Lepidoptera,Hesperiidae,"Tarsoctenus papias"
Insecta,Lepidoptera,Nymphalidae,"Tithorea harmonia"
Insecta,Orthoptera,Romaleidae,"Xyleus discoideus"
Insecta,Lepidoptera,Erebidae,"Thysania agrippina"
Insecta,Orthoptera,Romaleidae,"Tropidacris cristata"
Insecta,Coleoptera,Scarabaeidae,"Strategus aloeus"
Insecta,Orthoptera,Tettigoniidae,"Typophyllum abruptum"
Insecta,Orthoptera,Tettigoniidae,"Typophyllum praeruptum"
Insecta,Lepidoptera,Uranidae,"Urania leilus"
Insecta,Lepidoptera,Nymphalidae,"Caligo eurilochus"
Insecta,Hemiptera,Scutelleridae,"Pachycoris torridus"
Insecta,Lepidoptera,Erebidae,"Belemnia inaurata"
Insecta,Coleoptera,Scarabaeidae,"Enema pan"
Insecta,Hemiptera,Pentatomidae,"Runibia decorata"
Insecta,Lepidoptera,Megalopygidae,"Megalopyge albicollis"
Insecta,Hymenoptera,Formicidae,"Camponotus mirabilis"
Insecta,Mantodea,Acanthopidae,"Acanthops erosula"
Insecta,Orthoptera,Tettigoniidae,"Championica peruana"
Insecta,Orthoptera,Tettigoniidae,"Dysonia satipo"
Insecta,Orthoptera,Tettigoniidae,"Pterochroza ocellata"
Insecta,Hemiptera,Fulgoridae,"Pterodictya reticularis"
Insecta,Lepidoptera,Erebidae,"Melese flavimaculata"
Insecta,Hymenoptera,Apidae,"Eufriesea auripes"
Insecta,Coleoptera,Scarabaeidae,"Pelidnota subandina subandina"
Insecta,Lepidoptera,Nymphalidae,"Eueides heliconioides"
Insecta,Coleoptera,Scarabaeidae,"Pelidnota prasina"
Insecta,Coleoptera,Cerambycidae,"Physopleurus longiscapus"
Insecta,Coleoptera,Scarabaeidae,"Megasoma actaeon"
Insecta,Hemiptera,Fulgoridae,"Fulgora lampetis"
Insecta,Orthoptera,Tettigoniidae,"Markia erinaceus"
Insecta,Hymenoptera,Formicidae,"Atta sexdens"
Insecta,Lepidoptera,Erebidae,"Orcynia calcarata"
Insecta,Coleoptera,Scarabaeidae,"Dynastes hercules"
Insecta,Lepidoptera,Nymphalidae,"Heliconius leucadia birgitae"
Insecta,Lepidoptera,Saturniidae,"Adeloneivaia catoxantha"
Insecta,Coleoptera,Scarabaeidae,"Paratelaugis robusta boliviana"
Insecta,Lepidoptera,Saturniidae,"Adeloneivaia jason"
Insecta,Lepidoptera,Megalopygidae,"Podalia orsilochus"
Insecta,Lepidoptera,Saturniidae,"Automeris egeus"
Insecta,Lepidoptera,Saturniidae,"Automeris pomifera"
Insecta,Lepidoptera,Saturniidae,"Rothschildia orizaba peruviana"
Insecta,Orthoptera,Tettigoniidae,"Roxelana crassicornis"
Insecta,Lepidoptera,Nymphalidae,"Morpho telemachus"
Insecta,Lepidoptera,Nymphalidae,"Morpho deidamia neoptolemus"
Insecta,Lepidoptera,Pieridae,"Phoebis argante"
Insecta,Coleoptera,Scarabaeidae,"Aegopsis chaminadei"
Insecta,Lepidoptera,Saturniidae,"Citheronia equatorialis"
Insecta,Lepidoptera,Saturniidae,"Pseudodirphia catarinensis"
Insecta,Hymenoptera,Ichneumonidae,"Exochus jacintus"
Insecta,Coleoptera,Scarabaeidae,"Ancognatha vulgaris"
Insecta,Coleoptera,Cerambycidae,"Acrocinus longimanus"
Insecta,Coleoptera,Scarabaeidae,"Ancistrosoma klugii"
Insecta,Coleoptera,Scarabaeidae,"Rhinostomus barbirostris"
Insecta,Hymenoptera,Formicidae,"Eciton burchellii"
Insecta,Coleoptera,Scarabaeidae,"Phanaeus cambeforti"
Insecta,Orthoptera,Tettigoniidae,"Aganacris pseudosphex"
Insecta,Coleoptera,Erotylidae,"Erotylus incomparabilis"
Insecta,Hymenoptera,Ichneumonidae,"Meggoleus spirator"
Insecta,Orthoptera,Tettigoniidae,"Choeroparnops forcipatus"
Insecta,Mantodea,Mantidae,"Choeradodis rhombicollis"
Insecta,Hymenoptera,Ichneumonidae,"Hapsinotus amallulla"
Insecta,Hymenoptera,Ichneumonidae,"Hapsinotus amaquella"
Insecta,Hymenoptera,Ichneumonidae,"Hapsinotus killa"
Insecta,Lepidoptera,Saturniidae,"Arsenura armida armida"
Insecta,Hemiptera,Fulgoridae,"Phenax variegata"
Insecta,Orthoptera,Tettigoniidae,"Copiphora longicauda"
Insecta,Blattodea,Blaberidae,"Blaberus giganteus"
Insecta,Orthoptera,Tettigoniidae,"Aegimia catharinensis"
Insecta,Lepidoptera,Nymphalidae,"Biblis hyperia"
Insecta,Coleoptera,Curculionidae,"Macrodontia cervicornis"
Insecta,Mantodea,Acanthopidae,"Callibia diana"
Insecta,Lepidoptera,Saturniidae,"Eacles imperialis cacicus"
Insecta,Lepidoptera,Limacodidae,"Perola villosipes"
Insecta,Coleoptera,Cerambycidae,"Orthomegas similis"
Insecta,Hymenoptera,Ichneumonidae,"Hapsinotus amasua"
Insecta,Coleoptera,Scarabaeidae,"Oxysternon silenus"
Insecta,Diptera,Calliphoridae,"Compsomyiops melloi"
Insecta,Diptera,Calliphoridae,"Compsomyiops arequipensis"
Insecta,Diptera,Calliphoridae,"Sarconesia splendida"
Insecta,Diptera,Calliphoridae,"Sarconesia versicolor"
Insecta,Diptera,Calliphoridae,"Sarconesiopsis magellanica"
Insecta,Diptera,Calliphoridae,"Calliphora nigribasis"
Insecta,Coleoptera,Silphidae,"Oxelytrum anticola"
Insecta,Diptera,Calliphoridae,"Cochliomyia macellaria"
Insecta,Diptera,Piophilidae,"Piophila casei"
Insecta,Coleoptera,Staphylinidae,"Creophilus maxilosus"
Insecta,Diptera,Muscidae,"Musca domestica"
Insecta,Coleoptera,Trogidae,"Polynoncus peruanus"
Insecta,Lepidoptera,Nymphalidae,"Itylos titicaca"
Insecta,Lepidoptera,Lycaenidae,"Itylos sigal"
Insecta,Lepidoptera,Lycaenidae,"Itylos koa"
Insecta,Lepidoptera,Lycaenidae,"Paralycaeides inconspicua"
Insecta,Lepidoptera,Erebidae,"Paracles tapina"
Insecta,Lepidoptera,Hesperiidae,"Pyrgus limbata nigella"
Insecta,Lepidoptera,Hesperiidae,"Pierphulia rosea maria"
Insecta,Lepidoptera,Hesperiidae,"Heraclides paeon escomeli"
Insecta,Lepidoptera,Hesperiidae,"Phulia nymphula nymphula"
Insecta,Lepidoptera,Hesperiidae,"Phulia nannophyes nannophyes"
Insecta,Lepidoptera,Hesperiidae,"Hylephila herrerai"
Insecta,Lepidoptera,Nymphalidae,"Faunula eleates"
Insecta,Lepidoptera,Lycaenidae,"Strymon davara"
Insecta,Lepidoptera,Lycaenidae,"Strymon rufofusca"
Insecta,Lepidoptera,Lycaenidae,"Strymon daraba"
Insecta,Lepidoptera,Lycaenidae,"Strymon bubastus"
Insecta,Lepidoptera,Hesperiidae,"Teriocolias zelia andina"
Insecta,Diptera,Tabanidae,"Stypommisa pequeniensis"
Insecta,Odonata,Coenagrionidae,"Telebasis digiticollis"
Insecta,Lepidoptera,Erebidae,"Xanthopleura perspicua"
Insecta,Odonata,Libellulidae,"Tauriphila argo"
Insecta,Diptera,Tabanidae,"Stypommisa prunicolor"
Insecta,Lepidoptera,Erebidae,"Trichura mathina"
Insecta,Lepidoptera,Erebidae,"Trichura aurifera"
Insecta,Diptera,Tabanidae,"Stypommisa serena"
Insecta,Diptera,Tabanidae,"Stypommisa glandicolor"
Insecta,Lepidoptera,Erebidae,"Timalus leucomelas"
Insecta,Hymenoptera,Formicidae,"Strumigenys subedentata"
Insecta,Lepidoptera,Erebidae,"Syntrichura melaena"
Insecta,Lepidoptera,Erebidae,"Syntrichura virens"
Insecta,Lepidoptera,Saturniidae,"Syssphynx molina"
Insecta,Lepidoptera,Erebidae,"Tipuloides rubriceps"
Insecta,Odonata,Libellulidae,"Zenothoptera lanei"
Insecta,Diptera,Tabanidae,"Tabanus antarticus"
Insecta,Diptera,Tabanidae,"Tabanus argentivittatus"
Insecta,Diptera,Tabanidae,"Tabanus glaucus"
Insecta,Diptera,Tabanidae,"Tabanus guyanensis"
Insecta,Diptera,Tabanidae,"Tabanus importunus"
Insecta,Diptera,Tabanidae,"Tabanus monotaxis"
Insecta,Diptera,Tabanidae,"Tabanus nebulosus"
Insecta,Diptera,Tabanidae,"Tabanus nematocallus"
Insecta,Lepidoptera,Saturniidae,"Titaea tamerlan amazonensis"
Insecta,Diptera,Tabanidae,"Tabanus pellucidus"
Insecta,Diptera,Tabanidae,"Tabanus piceiventris"
Insecta,Coleoptera,Scarabaeidae,"Sylvicanthon bridarolli"
Insecta,Diptera,Tabanidae,"Tabanus pungens"
Insecta,Diptera,Tabanidae,"Tabanus restrepoensis"
Insecta,Lepidoptera,Erebidae,"Urolosia brodea"
Insecta,Diptera,Tabanidae,"Tabanus rubripes"
Insecta,Odonata,Libellulidae,"Tholymis citrina"
Insecta,Diptera,Tabanidae,"Tabanus sannio"
Insecta,Diptera,Tabanidae,"Tabanus sextriangulus"
Insecta,Diptera,Tabanidae,"Tabanus sorbillans"
Insecta,Diptera,Tabanidae,"Tabanus stenocephalus"
Insecta,Diptera,Tabanidae,"Tabanus trivittatus"
Insecta,Diptera,Tabanidae,"Tabanus weyrauchi"
Insecta,Diptera,Tabanidae,"Tabanus wilkersoni"
Insecta,Diptera,Tabanidae,"Tabanus xanthogaster"
Insecta,Diptera,Tabanidae,"Tabanus xuthopogon"
Insecta,Odonata,Aeshnidae,"Triacanthagyna septima"
Insecta,Odonata,Aeshnidae,"Triacanthagyna satyrus"
Insecta,Odonata,Aeshnidae,"Triacanthagyna ditzleri"
Insecta,Lepidoptera,Erebidae,"Theages xanthura"
Insecta,Odonata,Libellulidae,"Uracis fastigiata"
Insecta,Odonata,Libellulidae,"Uracis imbuta"
Insecta,Odonata,Libellulidae,"Uracis infumata"
Insecta,Odonata,Libellulidae,"Uracis siemensi"
Insecta,Lepidoptera,Erebidae,"Uranophora alterata"
Insecta,Diptera,Tabanidae,"Stypommisa captiroptera"
Insecta,Lepidoptera,Erebidae,"Uranophora leocotelus"
Insecta,Hymenoptera,Formicidae,"Strumigenys alberti"
Insecta,Diptera,Tabanidae,"Stypommisa apicalis"
Insecta,Hymenoptera,Formicidae,"Strumigenys denticulata"
Insecta,Hymenoptera,Formicidae,"Strumigenys hyphata"
Insecta,Lepidoptera,Erebidae,"Uranophora maranhaonis"
Insecta,Hymenoptera,Formicidae,"Strumigenys perparva"
Insecta,Lepidoptera,Erebidae,"Uranophora walkeri"
Insecta,Diptera,Tabanidae,"Stypommisa modica"
Insecta,Hymenoptera,Formicidae,"Strumigenys planeti"
Insecta,Hymenoptera,Formicidae,"Strumigenys prospiciens"
Insecta,Lepidoptera,Erebidae,"Telioneura glaucopis"
Insecta,Lepidoptera,Erebidae,"Mesothen desperata"
Insecta,Odonata,Libellulidae,"Fylgia amazonica"
Insecta,Lepidoptera,Erebidae,"Hypocladia militaris"
Insecta,Lepidoptera,Saturniidae,"Gamelia abasia"
Insecta,Lepidoptera,Saturniidae,"Gamelia rubriluna rubriluna"
Insecta,Lepidoptera,Erebidae,"Paraethria flavosignata"
Insecta,Lepidoptera,Saturniidae,"Paradaemonia platydesmia"
Insecta,Odonata,Libellulidae,"Pantala flavescens"
Insecta,Lepidoptera,Saturniidae,"Hyperchiria nausica"
Insecta,Lepidoptera,Erebidae,"Antichloris eriphia"
Insecta,Lepidoptera,Erebidae,"Mesothen pyrrha"
Insecta,Diptera,Asilidae,"Glaphyropyga pollinifera"
Insecta,Hymenoptera,Formicidae,"Gnamptogenys conccina"
Insecta,Hymenoptera,Formicidae,"Gnamptogenys horni"
Insecta,Hymenoptera,Formicidae,"Gnamptogenys pleurodon"
Insecta,Odonata,Gomphidae,"Aphilla edentata"
Insecta,Odonata,Gomphidae,"Aphilla producta"
Insecta,Odonata,Gomphidae,"Aphilla theodorina"
Insecta,Lepidoptera,Saturniidae,"Hylesiopsis festiva"
Insecta,Lepidoptera,Saturniidae,"Hylesia praeda"
Insecta,Lepidoptera,Saturniidae,"Hylesia olivenca"
Insecta,Lepidoptera,Saturniidae,"Hylesia melanostigma"
Insecta,Lepidoptera,Sphingidae,"Pachyliodes resumens"
Insecta,Odonata,Coenagrionidae,"Metaleptobasis manicaria"
Insecta,Lepidoptera,Saturniidae,"Oxytenis naemia naemia"
Insecta,Coleoptera,Carabidae,"Oxychila strandi"
Insecta,Coleoptera,Carabidae,"Oxychila germaini"
Insecta,Odonata,Aeshnidae,"Gynacantha auricularis"
Insecta,Odonata,Aeshnidae,"Gynacantha gracilis"
Insecta,Odonata,Aeshnidae,"Gynacantha interioris"
Insecta,Odonata,Aeshnidae,"Gynacantha klagesi"
Insecta,Odonata,Aeshnidae,"Gynacantha membranalis"
Insecta,Odonata,Aeshnidae,"Gynacantha mexicana"
Insecta,Odonata,Aeshnidae,"Gynacantha nervosa"
Insecta,Odonata,Aeshnidae,"Gynacantha tenuis"
Insecta,Lepidoptera,Erebidae,"Hyda basilutea"
Insecta,Lepidoptera,Erebidae,"Haematerion ceres"
Insecta,Lepidoptera,Erebidae,"Haematerion flavicincta"
Insecta,Lepidoptera,Erebidae,"Haematerion ophion"
Insecta,Lepidoptera,Erebidae,"Hyaleucerea vulnerata"
Insecta,Lepidoptera,Erebidae,"Hyaleucerea lemoulti"
Insecta,Lepidoptera,Erebidae,"Hyaleucerea gigantea"
Insecta,Lepidoptera,Erebidae,"Hyaleucerea fusiformis"
Insecta,Lepidoptera,Erebidae,"Hyaleucerea erythrotelus"
Insecta,Lepidoptera,Saturniidae,"Othorene purpurascens"
Insecta,Lepidoptera,Saturniidae,"Othorene bodeva"
Insecta,Lepidoptera,Erebidae,"Metastatia chrysorrhoea"
Insecta,Coleoptera,Carabidae,"Odontocheila annulicornis"
Insecta,Coleoptera,Carabidae,"Odontocheila cayennensis rufipes"
Insecta,Coleoptera,Carabidae,"Odontocheila chrysis"
Insecta,Coleoptera,Carabidae,"Odontocheila confusa"
Insecta,Coleoptera,Carabidae,"Odontocheila cyanella"
Insecta,Coleoptera,Carabidae,"Odontocheila ignita"
Insecta,Coleoptera,Carabidae,"Odontocheila luridipes"
Insecta,Coleoptera,Carabidae,"Odontocheila margineguttata aegra"
Insecta,Coleoptera,Carabidae,"Odontocheila ventralis"
Insecta,Hymenoptera,Ichneumonidae,"Hapsinotus guntheri"
Insecta,Lepidoptera,Erebidae,"Osmocneme bracata"
Insecta,Diptera,Asilidae,"Holcocephala rufithorax"
Insecta,Diptera,Asilidae,"Holcocephala oculata"
Insecta,Diptera,Asilidae,"Holcocephala luteipes"
Insecta,Odonata,Libellulidae,"Orthemis regalis"
Insecta,Odonata,Libellulidae,"Orthemis ferruginea"
Insecta,Odonata,Libellulidae,"Orthemis cultriformis"
Insecta,Odonata,Libellulidae,"Orthemis concolor"
Insecta,Odonata,Libellulidae,"Orthemis biolleyi"
Insecta,Odonata,Libellulidae,"Orthemis aequilibris"
Insecta,Lepidoptera,Erebidae,"Histioca proserpína"
Insecta,Odonata,Dicteriastidae,"Heliocharis libera"
Insecta,Lepidoptera,Erebidae,"Heliura cadroe"
Insecta,Lepidoptera,Erebidae,"Heliura maricum"
Insecta,Lepidoptera,Erebidae,"Heliura phaeosoma"
Insecta,Lepidoptera,Erebidae,"Heliura postcoeruleum"
Insecta,Lepidoptera,Erebidae,"Heliura rhodophila"
Insecta,Lepidoptera,Erebidae,"Heliura semihyalina"
Insecta,Lepidoptera,Erebidae,"Heliura stolli"
Insecta,Lepidoptera,Erebidae,"Heliura valdiviai"
Insecta,Lepidoptera,Erebidae,"Heliura zonata"
Insecta,Diptera,Asilidae,"Oidardis gibbosa"
Insecta,Lepidoptera,Erebidae,"Herea prittwitzi"
Insecta,Coleoptera,Scarabaeidae,"Onthophagus haematopus"
Insecta,Odonata,Calopterygidae,"Hetaerina papavarina"
Insecta,Odonata,Calopterygidae,"Hetaerina rosea"
Insecta,Lepidoptera,Erebidae,"Heterodontia cardinale"
Insecta,Lepidoptera,Erebidae,"Heterodontia haematica"
Insecta,Lepidoptera,Erebidae,"Heterodontia mediana"
Insecta,Odonata,Libellulidae,"Oligoclada pachystigma"
Insecta,Odonata,Libellulidae,"Oligoclada stenoptera"
Insecta,Odonata,Coenagrionidae,"Argentagrion nepos"
Insecta,Odonata,Coenagrionidae,"Argia mollusca"
Insecta,Odonata,Coenagrionidae,"Argia oculata"
Insecta,Odonata,Calopterygidae,"Mnesarete cupraea"
Insecta,Lepidoptera,Saturniidae,"Arsenura albopicta"
Insecta,Lepidoptera,Saturniidae,"Arsenura batesii batesii"
Insecta,Lepidoptera,Saturniidae,"Arsenura ciocolatina"
Insecta,Odonata,Calopterygidae,"Mnesarete aenea"
Insecta,Lepidoptera,Erebidae,"Sesiura smaragdina"
Insecta,Hymenoptera,Formicidae,"Sericomyrmex saramama"
Insecta,Hymenoptera,Formicidae,"Sericomyrmex parvulus"
Insecta,Hymenoptera,Formicidae,"Sericomyrmex mayri"
Insecta,Diptera,Asilidae,"Senobasis notata"
Insecta,Diptera,Asilidae,"Senobasis mendax"
Insecta,Diptera,Asilidae,"Senobasis analis"
Insecta,Lepidoptera,Sphingidae,"Manduca rustica rustica"
Insecta,Lepidoptera,Saturniidae,"Asthenidia buckleyi buckleyi"
Insecta,Lepidoptera,Erebidae,"Athyphopsis tambopata"
Insecta,Diptera,Asilidae,"Atoniomyia mollis"
Insecta,Diptera,Asilidae,"Atoniomyia scalarata"
Insecta,Hymenoptera,Formicidae,"Atta cephalotes"
Insecta,Diptera,Asilidae,"Mallophora robusta"
Insecta,Diptera,Asilidae,"Mallophora minos"
Insecta,Diptera,Asilidae,"Mallophora incanipes"
Insecta,Hymenoptera,Formicidae,"Mycetophylax faunulus"
Insecta,Diptera,Asilidae,"Mallophora clavipes"
Insecta,Diptera,Asilidae,"Mallophora barbipes"
Insecta,Odonata,Libellulidae,"Miathyria simplex"
Insecta,Lepidoptera,Erebidae,"Autochloris ethela"
Insecta,Lepidoptera,Saturniidae,"Automerina (Automerula) auletes"
Insecta,Lepidoptera,Saturniidae,"Automeris annulata atrolimbata"
Insecta,Lepidoptera,Saturniidae,"Automeris cinctistriga"
Insecta,Lepidoptera,Saturniidae,"Automeris curvilinea"
Insecta,Lepidoptera,Saturniidae,"Automeris duchartrei"
Insecta,Lepidoptera,Saturniidae,"Automeris gabriellae"
Insecta,Lepidoptera,Saturniidae,"Automeris hamata"
Insecta,Lepidoptera,Saturniidae,"Automeris heppneri"
Insecta,Lepidoptera,Saturniidae,"Automeris janus janus"
Insecta,Lepidoptera,Saturniidae,"Automeris liberia"
Insecta,Lepidoptera,Saturniidae,"Automeris moresca"
Insecta,Lepidoptera,Saturniidae,"Automeris orestes"
Insecta,Hymenoptera,Formicidae,"Azteca bequaerti"
Insecta,Odonata,Coenagrionidae,"Acanthagrion apicale"
Insecta,Lepidoptera,Erebidae,"Sciopsyche tropica"
Insecta,Odonata,Libellulidae,"Macrothemis pumila"
Insecta,Odonata,Libellulidae,"Misagria parana"
Insecta,Odonata,Coenagrionidae,"Acanthagrion ascendens"
Insecta,Odonata,Coenagrionidae,"Acanthagrion gracile"
Insecta,Hymenoptera,Formicidae,"Basiceros conjugans"
Insecta,Hymenoptera,Formicidae,"Basiceros militaris"
Insecta,Odonata,Coenagrionidae,"Acanthagrion lancea"
Insecta,Lepidoptera,Erebidae,"Macrocneme zongonata"
Insecta,Lepidoptera,Erebidae,"Macrocneme lades"
Insecta,Diptera,Asilidae,"Schildia mocrothorax"
Insecta,Odonata,Coenagrionidae,"Acanthagrion minutum"
Insecta,Lepidoptera,Erebidae,"Schasiura mimica"
Insecta,Coleoptera,Carabidae,"Megacephala spixi"
Insecta,Coleoptera,Carabidae,"Megacephala sobrina"
Insecta,Coleoptera,Carabidae,"Megacephala nigricollis"
Insecta,Coleoptera,Carabidae,"Megacephala lucifera"
Insecta,Coleoptera,Carabidae,"Megacephala klugi"
Insecta,Lepidoptera,Erebidae,"Sarosa albraamea"
Insecta,Diptera,Asilidae,"Blepharepium cajennensis cajennensis"
Insecta,Lepidoptera,Erebidae,"Lymire strigivenia"
Insecta,Diptera,Asilidae,"Blepharepium subcontractum"
Insecta,Odonata,Coenagrionidae,"Acanthagrion obsoletum"
Insecta,Odonata,Coenagrionidae,"Acanthagrion phallicornis"
Insecta,Odonata,Libellulidae,"Brachymesia furcata"
Insecta,Odonata,Libellulidae,"Brachymesia herbida"
Insecta,Diptera,Tabanidae,"Acanthocera bequarti"
Insecta,Hymenoptera,Formicidae,"Acanthognathus brevicornis"
Insecta,Coleoptera,Carabidae,"Megacephala fulgida"
Insecta,Coleoptera,Carabidae,"Megacephala brasiliensis"
Insecta,Coleoptera,Carabidae,"Megacephala aequinoctialis"
Insecta,Lepidoptera,Erebidae,"Cacostatia germana"
Insecta,Lepidoptera,Saturniidae,"Rothschildia erycina erycina"
Insecta,Lepidoptera,Saturniidae,"Rothschildia aurota aurota"
Insecta,Lepidoptera,Erebidae,"Rhynchopyga garleppi"
Insecta,Lepidoptera,Erebidae,"Calonotos chalcipleura"
Insecta,Odonata,Coenagrionidae,"Calvertagrion dicellularis"
Insecta,Lepidoptera,Erebidae,"Loxophlebia picta"
Insecta,Lepidoptera,Erebidae,"Loxophlebia geminata"
Insecta,Lepidoptera,Erebidae,"Loxophlebia diaphana"
Insecta,Lepidoptera,Erebidae,"Loxophlebia chrysobasis"
Insecta,Lepidoptera,Saturniidae,"Loxolomia johnsoni"
Insecta,Odonata,Libellulidae,"Rhodopygia cardinalis"
Insecta,Hymenoptera,Formicidae,"Camponotus helleri"
Insecta,Lepidoptera,Saturniidae,"Rhescyntis hippodamia hippodamia"
Insecta,Diptera,Tabanidae,"Stenobanus incipiens"
Insecta,Coleoptera,Scarabaeidae,"Canthon aequinoctialis"
Insecta,Coleoptera,Scarabaeidae,"Canthon luteicollis"
Insecta,Diptera,Tabanidae,"Stenobanus cinereus"
Insecta,Lepidoptera,Erebidae,"Agyrtidia uranophila"
Insecta,Diptera,Tabanidae,"Stenobanus albilinearis"
Insecta,Coleoptera,Scarabaeidae,"Canthon monilifer"
Insecta,Coleoptera,Scarabaeidae,"Canthon quinquemaculatus"
Insecta,Coleoptera,Scarabaeidae,"Canthon smaragdulus"
Insecta,Hymenoptera,Formicidae,"Carebara urichi"
Insecta,Diptera,Asilidae,"Lophoceraea pennata"
Insecta,Diptera,Tabanidae,"Catachlorops rubuginosus"
Insecta,Lepidoptera,Erebidae,"Agyrta porphyria rothschildi"
Insecta,Lepidoptera,Saturniidae,"Lonomia (Periga) prattorum"
Insecta,Lepidoptera,Saturniidae,"Lonomia (Periga) bispinosa"
Insecta,Lepidoptera,Saturniidae,"Lonomia (Periga) angulosa"
Insecta,Lepidoptera,Saturniidae,"Lonomia (Lonomia) descimoni descimoni"
Insecta,Odonata,Pseudostigmatidae,"Mecistogaster ornata"
Insecta,Odonata,Pseudostigmatidae,"Mecistogaster linearis"
Insecta,Odonata,Pseudostigmatidae,"Mecistogaster jocaste"
Insecta,Odonata,Pseudostigmatidae,"Mecistogaster buckleyi"
Insecta,Lepidoptera,Erebidae,"Agyrta pandemia"
Insecta,Lepidoptera,Erebidae,"Agyrta dux"
Insecta,Lepidoptera,Erebidae,"Aclytia gynamorpha"
Insecta,Lepidoptera,Erebidae,"Centronia capysca"
Insecta,Lepidoptera,Erebidae,"Centronia demonis"
Insecta,Lepidoptera,Erebidae,"Centronia dodaba"
Insecta,Lepidoptera,Erebidae,"Centronia grisescens"
Insecta,Lepidoptera,Erebidae,"Centronia hypoleuca"
Insecta,Lepidoptera,Erebidae,"Centronia lenaeus"
Insecta,Lepidoptera,Erebidae,"Centronia melanitis"
Insecta,Hymenoptera,Formicidae,"Cephalotes umbraculatus"
Insecta,Lepidoptera,Erebidae,"Ceramidia fumipennis"
Insecta,Lepidoptera,Saturniidae,"Cerodirphia araguensis"
Insecta,Lepidoptera,Saturniidae,"Cerodirphia speciosa"
Insecta,Diptera,Asilidae,"Cerotainia debilis"
Insecta,Diptera,Asilidae,"Cerotainia marginata"
Insecta,Lepidoptera,Erebidae,"Aclytia heber"
Insecta,Lepidoptera,Erebidae,"Ptychotrichus zeus"
Insecta,Lepidoptera,Erebidae,"Aclytia klagesi"
Insecta,Lepidoptera,Erebidae,"Aclytia petra"
Insecta,Odonata,Pseudostigmatidae,"Microstigma anomalum"
Insecta,Odonata,Libellulidae,"Micrathyria artemis"
Insecta,Odonata,Libellulidae,"Micrathyria atra"
Insecta,Odonata,Libellulidae,"Micrathyria dido"
Insecta,Odonata,Libellulidae,"Micrathyria dythemoides"
Insecta,Odonata,Libellulidae,"Micrathyria hippolyte"
Insecta,Odonata,Polythoridae,"Chalcopteryx rutilans"
Insecta,Odonata,Libellulidae,"Micrathyria laevigata"
Insecta,Odonata,Libellulidae,"Micrathyria mengeri"
Insecta,Odonata,Libellulidae,"Micrathyria romani"
Insecta,Lepidoptera,Erebidae,"Leucotmemis tenthredoides"
Insecta,Lepidoptera,Erebidae,"Leucotmemis hemileuca"
Insecta,Lepidoptera,Erebidae,"Leucotmemis emergens"
Insecta,Diptera,Tabanidae,"Leucotabanus weyrauchi"
Insecta,Diptera,Tabanidae,"Leucotabanus flavinotum"
Insecta,Diptera,Tabanidae,"Leucotabanus exaestuans"
Insecta,Diptera,Tabanidae,"Leucotabanus albovarius"
Insecta,Odonata,Libellulidae,"Micrathyria tibialis"
Insecta,Lepidoptera,Erebidae,"Myrmecopsis caurensis"
Insecta,Lepidoptera,Erebidae,"Myrmecopsis ichneumonea"
Insecta,Lepidoptera,Erebidae,"Myrmecopsis polistes"
Insecta,Hymenoptera,Formicidae,"Myrmelachista schumanni"
Insecta,Coleoptera,Carabidae,"Chiloxia binotata"
Insecta,Diptera,Asilidae,"Acronyches fenestratulus"
Insecta,Lepidoptera,Erebidae,"Psoloptera thoracica"
Insecta,Lepidoptera,Saturniidae,"Leucanella maasseni"
Insecta,Lepidoptera,Sphingidae,"Pseudosphinx tetrio"
Insecta,Lepidoptera,Erebidae,"Pseudosphex tetrazona"
Insecta,Lepidoptera,Erebidae,"Pseudosphex pelopia"
Insecta,Odonata,Lestidae,"Lestes pictus"
Insecta,Lepidoptera,Erebidae,"Pseudosphex munda"
Insecta,Lepidoptera,Erebidae,"Pseudosphex fulvisphex"
Insecta,Lepidoptera,Erebidae,"Pseudosphex faveria"
Insecta,Lepidoptera,Erebidae,"Pseudosphex caurensis"
Insecta,Lepidoptera,Erebidae,"Pseudosphex analis"
Insecta,Lepidoptera,Erebidae,"Pseudosphenoptera chimaera"
Insecta,Diptera,Asilidae,"Pseudorus distendens"
Insecta,Diptera,Asilidae,"Pseudorus dimidiatus"
Insecta,Diptera,Tabanidae,"Chlorotabanus inanis"
Insecta,Diptera,Tabanidae,"Chlorotabanus pleucochlorus"
Insecta,Hymenoptera,Formicidae,"Pseudoponera gilberti"
Insecta,Hymenoptera,Formicidae,"Pseudomyrmex tenuis"
Insecta,Hymenoptera,Formicidae,"Pseudomyrmex pupa"
Insecta,Hymenoptera,Formicidae,"Pseudomyrmex gracilis"
Insecta,Hymenoptera,Formicidae,"Pseudomyrmex dendroicus"
Insecta,Lepidoptera,Erebidae,"Pseudomya vindonissa"
Insecta,Lepidoptera,Erebidae,"Pseudomya tipulina"
Insecta,Lepidoptera,Erebidae,"Pseudomya tetraema"
Insecta,Lepidoptera,Erebidae,"Pseudomya obscura"
Insecta,Lepidoptera,Erebidae,"Pseudomya lasiphlebia"
Insecta,Lepidoptera,Erebidae,"Pseudomya fumosa"
Insecta,Lepidoptera,Erebidae,"Pseudomya cassandra"
Insecta,Lepidoptera,Erebidae,"Chrostosoma flavothorax"
Insecta,Lepidoptera,Erebidae,"Chrostosoma metallescens"
Insecta,Lepidoptera,Erebidae,"Chrostosoma phoenicophora"
Insecta,Lepidoptera,Erebidae,"Chrostosoma stilbosticta"
Insecta,Lepidoptera,Erebidae,"Chrostosoma subflamma"
Insecta,Lepidoptera,Erebidae,"Chrostosoma telepus"
Insecta,Lepidoptera,Erebidae,"Chrostosoma tenthras"
Insecta,Lepidoptera,Erebidae,"Chrostosoma thoracicum"
Insecta,Lepidoptera,Erebidae,"Chrostosoma xanthostictum"
Insecta,Lepidoptera,Saturniidae,"Pseudodirphia uniformis"
Insecta,Lepidoptera,Saturniidae,"Pseudodirphia obliqua"
Insecta,Lepidoptera,Saturniidae,"Pseudodirphia eumedidoides"
Insecta,Lepidoptera,Saturniidae,"Pseudodirphia agis"
Insecta,Diptera,Tabanidae,"Chrysops bulbicornis"
Insecta,Diptera,Tabanidae,"Chrysops calogaster"
Insecta,Diptera,Tabanidae,"Chrysops ecuadorensis"
Insecta,Diptera,Tabanidae,"Chrysops insisus"
Insecta,Diptera,Tabanidae,"Chrysops leucospilus"
Insecta,Diptera,Tabanidae,"Chrysops varians var. Turdus"
Insecta,Diptera,Tabanidae,"Chrysops variegata"
Insecta,Diptera,Tabanidae,"Chrysops weberi"
Insecta,Lepidoptera,Saturniidae,"Pseudatomeris lata"
Insecta,Lepidoptera,Saturniidae,"Pseudatomeris irene arminirene"
Insecta,Lepidoptera,Erebidae,"Pseudaclytia opponens"
Insecta,Hymenoptera,Formicidae,"Leptogenys langi"
Insecta,Lepidoptera,Erebidae,"Pseudaclytia minor"
Insecta,Lepidoptera,Saturniidae,"Psedatomeris pobli"
Insecta,Coleoptera,Carabidae,"Cicindela argentata"
Insecta,Coleoptera,Carabidae,"Cicindela suturalis"
Insecta,Odonata,Protoneuridae,"Psaironeura cerasina"
Insecta,Odonata,Protoneuridae,"Protoneura tenuis"
Insecta,Odonata,Protoneuridae,"Protoneura paucinervis"
Insecta,Lepidoptera,Saturniidae,"Citheronia (Citheronia) phoronea"
Insecta,Diptera,Tabanidae,"Lepiselaga crassipes"
Insecta,Lepidoptera,Erebidae,"Sphecosoma surrentum"
Insecta,Lepidoptera,Papilionidae,"Protesilaus macrosilaus hetaerius"
Insecta,Lepidoptera,Papilionidae,"Protesilaus ariarathes gayi"
Insecta,Diptera,Asilidae,"Promachus horni"
Insecta,Odonata,Gomphidae,"Progomphus boliviensis"
Insecta,Lepidoptera,Erebidae,"Clystea aner"
Insecta,Lepidoptera,Erebidae,"Clystea eliza"
Insecta,Lepidoptera,Erebidae,"Clystea leucaspis"
Insecta,Lepidoptera,Saturniidae,"Adeloneivaia boisduvalii"
Insecta,Lepidoptera,Saturniidae,"Procitheronia fenestrata"
Insecta,Lepidoptera,Saturniidae,"Adeloneivaia catoxantha catoxantha"
Insecta,Hymenoptera,Formicidae,"Prionopelta marthae"
Insecta,Lepidoptera,Saturniidae,"Adeloneivaia jason jason"
Insecta,Lepidoptera,Saturniidae,"Adeloneivaia subangulata subangulata"
Insecta,Lepidoptera,Erebidae,"Sphecosoma mathani"
Insecta,Lepidoptera,Saturniidae,"Copiopteryx semiramis semiramis"
Insecta,Lepidoptera,Erebidae,"Sphecops abdominalis"
Insecta,Lepidoptera,Erebidae,"Corematura chrysogastra"
Insecta,Lepidoptera,Erebidae,"Correbidia calopteridia"
Insecta,Lepidoptera,Erebidae,"Correbidia simonsi"
Insecta,Lepidoptera,Erebidae,"Correbidia tristitia"
Insecta,Odonata,Aeshnidae,"Coryphaeschna adnexa"
Insecta,Odonata,Aeshnidae,"Coryphaeschna perrensi"
Insecta,Lepidoptera,Erebidae,"Pompiliodes aliena"
Insecta,Hymenoptera,Formicidae,"Crematogaster nitidiceps"
Insecta,Lepidoptera,Erebidae,"Poliopastea plumbea"
Insecta,Lepidoptera,Erebidae,"Poliopastea anthracina"
Insecta,Lepidoptera,Erebidae,"Poecilosoma eone"
Insecta,Lepidoptera,Erebidae,"Poecilosoma chrysis"
Insecta,Diptera,Tabanidae,"Poeciloderus quadripunctatus"
Insecta,Diptera,Tabanidae,"Cryptolytus unicolor"
Insecta,Diptera,Asilidae,"Ctenodontina maya"
Insecta,Coleoptera,Carabidae,"Ctenostoma luctuosa"
Insecta,Lepidoptera,Erebidae,"Pleurosoma testacea"
Insecta,Lepidoptera,Erebidae,"Pleurosoma angustata"
Insecta,Hymenoptera,Formicidae,"Platythyrea sinuata"
Insecta,Diptera,Asilidae,"Lampria dives"
Insecta,Diptera,Asilidae,"Lampria clavipes"
Insecta,Diptera,Asilidae,"Amblyonychus titan"
Insecta,Odonata,Libellulidae,"Planiplax machadoi"
Insecta,Odonata,Libellulidae,"Planiplax arachne"
Insecta,Diptera,Tabanidae,"Pityocera cervus"
Insecta,Diptera,Tabanidae,"Dasychela amazonensis"
Insecta,Diptera,Asilidae,"Dasyllis haemorrhoa"
Insecta,Odonata,Libellulidae,"Dasythemis esmeralda"
Insecta,Odonata,Libellulidae,"Dasythemis essequiba"
Insecta,Lepidoptera,Erebidae,"Delphyre dizona"
Insecta,Lepidoptera,Erebidae,"Delphyre hebes"
Insecta,Lepidoptera,Erebidae,"Delphyre lemoulti"
Insecta,Lepidoptera,Erebidae,"Delphyre pusilla"
Insecta,Lepidoptera,Erebidae,"Delphyre rufiventris"
Insecta,Coleoptera,Scarabaeidae,"Deltochilum amazonicus"
Insecta,Coleoptera,Scarabaeidae,"Deltochilum carinatum"
Insecta,Coleoptera,Scarabaeidae,"Deltochilum orbiculare"
Insecta,Coleoptera,Scarabaeidae,"Diabroctis mimas"
Insecta,Diptera,Tabanidae,"Diachlorus bicinctus"
Insecta,Diptera,Asilidae,"Anarmostus iopterus"
Insecta,Diptera,Tabanidae,"Diachlorus bimaculatus"
Insecta,Diptera,Tabanidae,"Diachlorus curvipes"
Insecta,Diptera,Tabanidae,"Diachlorus ficsistigma"
Insecta,Diptera,Tabanidae,"Diachlorus heppneri"
Insecta,Diptera,Tabanidae,"Diachlorus nuneztovari"
Insecta,Diptera,Tabanidae,"Diachlorus pechumani"
Insecta,Diptera,Tabanidae,"Diachlorus scutellatus"
Insecta,Diptera,Tabanidae,"Diachlorus xynus"
Insecta,Odonata,Libellulidae,"Diastatops intensa"
Insecta,Odonata,Aeshnidae,"Staurophlebia reticulata"
Insecta,Coleoptera,Scarabaeidae,"Dichotomius conicollis"
Insecta,Odonata,Aeshnidae,"Staurophlebia auca"
Insecta,Coleoptera,Scarabaeidae,"Dichotomius mamillatus"
Insecta,Coleoptera,Scarabaeidae,"Dichotomius prietoi"
Insecta,Coleoptera,Scarabaeidae,"Dichotomius robustus"
Insecta,Coleoptera,Scarabaeidae,"Dichotomius worontzowi"
Insecta,Diptera,Asilidae,"Dicranus schrottkyi"
Insecta,Odonata,Libellulidae,"Anatya guttata"
Insecta,Hymenoptera,Formicidae,"Neivamyrmex cristatus"
Insecta,Lepidoptera,Erebidae,"Pionia lycoides"
Insecta,Lepidoptera,Erebidae,"Dinia mena"
Insecta,Diptera,Asilidae,"Diogmites castaneus"
Insecta,Diptera,Asilidae,"Diogmites inclusus"
Insecta,Diptera,Asilidae,"Diogmites rufipalpis"
Insecta,Diptera,Asilidae,"Diogmites vulgaris"
Insecta,Diptera,Asilidae,"Pilica erythogaster"
Insecta,Lepidoptera,Erebidae,"Diptilion proleuca"
Insecta,Lepidoptera,Saturniidae,"Dirphia avia"
Insecta,Lepidoptera,Saturniidae,"Dirphia fraterna"
Insecta,Lepidoptera,Saturniidae,"Dirphiopsis flora orientalis"
Insecta,Lepidoptera,Erebidae,"Dixophlebia quadristrigata"
Insecta,Hymenoptera,Formicidae,"Neoponera apicalis"
Insecta,Hymenoptera,Formicidae,"Neoponera bactronica"
Insecta,Hymenoptera,Formicidae,"Neoponera commutata"
Insecta,Hymenoptera,Formicidae,"Neoponera luteola"
Insecta,Lepidoptera,Saturniidae,"Dysdaemonia boreas"
Insecta,Odonata,Gomphidae,"Phyllocycla malkini"
Insecta,Odonata,Libellulidae,"Dythemis cannacrioides"
Insecta,Lepidoptera,Saturniidae,"Eacles barnesi"
Insecta,Lepidoptera,Saturniidae,"Eacles penelope"
Insecta,Diptera,Asilidae,"Eccritosia barbata"
Insecta,Lepidoptera,Erebidae,"Ecdemus hypoleucus"
Insecta,Hymenoptera,Formicidae,"Eciton hamatum"
Insecta,Hymenoptera,Formicidae,"Eciton rapax"
Insecta,Diptera,Asilidae,"Eicherax macularis"
Insecta,Lepidoptera,Erebidae,"Phoenicoprocta vacillans"
Insecta,Odonata,Libellulidae,"Nephepeltia flavifrons"
Insecta,Odonata,Libellulidae,"Nephepeltia leonardina"
Insecta,Odonata,Libellulidae,"Nephepeltia phryne"
Insecta,Odonata,Aeshnidae,"Neuraeschna calverti"
Insecta,Odonata,Aeshnidae,"Neuraeschna mina"
Insecta,Odonata,Coenagrionidae,"Ischnura capreola"
Insecta,Lepidoptera,Erebidae,"Andrenimorpha lucens"
Insecta,Diptera,Asilidae,"Andrenosoma phoenicogaster"
Insecta,Diptera,Asilidae,"Andrenosoma sarcophaga"
Insecta,Lepidoptera,Erebidae,"Isanthrene porphyria"
Insecta,Lepidoptera,Erebidae,"Epanycles imperialis"
Insecta,Diptera,Tabanidae,"Philipotabanus tenuifasciatus"
Insecta,Diptera,Tabanidae,"Philipotabanus stigmaticalis"
Insecta,Lepidoptera,Erebidae,"Pheia proteria"
Insecta,Lepidoptera,Erebidae,"Pheia albisigna"
Insecta,Lepidoptera,Erebidae,"Epidesma aurimaculata"
Insecta,Lepidoptera,Erebidae,"Epidesma hoffmannsi"
Insecta,Lepidoptera,Erebidae,"Epidesma klagesi"
Insecta,Lepidoptera,Erebidae,"Epidesma oblicua"
Insecta,Lepidoptera,Erebidae,"Epidesma similis"
Insecta,Coleoptera,Scarabaeidae,"Anisocanthon villosus"
Insecta,Lepidoptera,Erebidae,"Epidesma ursula"
Insecta,Odonata,Gomphidae,"Epigomphus gracilis"
Insecta,Coleoptera,Carabidae,"Iresia binotata peruviana"
Insecta,Lepidoptera,Sphingidae,"Erinnyis alope alope"
Insecta,Lepidoptera,Sphingidae,"Erinnyis crameri"
Insecta,Odonata,Libellulidae,"Erythemys attala"
Insecta,Odonata,Libellulidae,"Erythemys haemathogastra"
Insecta,Odonata,Libellulidae,"Erythemys mithroides"
Insecta,Odonata,Libellulidae,"Erythemys peruviana"
Insecta,Odonata,Libellulidae,"Erythemys vesiculosa"
Insecta,Diptera,Tabanidae,"Phaeotabanus phaeopterus"
Insecta,Diptera,Tabanidae,"Phaeotabanus inotescens"
Insecta,Diptera,Tabanidae,"Phaeotabanus fervens"
Insecta,Diptera,Tabanidae,"Phaeotabanus cajennensis"
Insecta,Lepidoptera,Erebidae,"Phaeosphecia opaca"
Insecta,Odonata,Libellulidae,"Erythodyplax angustipennis"
Insecta,Odonata,Libellulidae,"Erythodyplax attenuata"
Insecta,Odonata,Libellulidae,"Erythodyplax basalis"
Insecta,Odonata,Libellulidae,"Erythodyplax costanea"
Insecta,Odonata,Libellulidae,"Erythodyplax famula"
Insecta,Odonata,Libellulidae,"Erythodyplax fusca"
Insecta,Odonata,Libellulidae,"Erythodyplax lativittata"
Insecta,Odonata,Libellulidae,"Erythodyplax tenuis"
Insecta,Odonata,Libellulidae,"Erythodyplax umbrata"
Insecta,Odonata,Libellulidae,"Erythodyplax unimaculata"
Insecta,Odonata,Libellulidae,"Perithemis thais"
Insecta,Odonata,Libellulidae,"Perithemis lais"
Insecta,Odonata,Libellulidae,"Perithemis electra"
Insecta,Odonata,Libellulidae,"Perithemis bella"
Insecta,Diptera,Tabanidae,"Esenbeckia suturalis"
Insecta,Odonata,Perilestidae,"Perissolestes paprzyckii"
Insecta,Lepidoptera,Saturniidae,"Periphoba bircia"
Insecta,Lepidoptera,Saturniidae,"Periphoba afflata"
Insecta,Odonata,Perilestidae,"Perilestes attenuatus"
Insecta,Lepidoptera,Sphingidae,"Perigonia stulta"
Insecta,Lepidoptera,Erebidae,"Eucereon albitorna"
Insecta,Lepidoptera,Erebidae,"Eucereon amadis"
Insecta,Lepidoptera,Saturniidae,"Molippa nibasa nibasa"
Insecta,Lepidoptera,Erebidae,"Eucereon archias"
Insecta,Lepidoptera,Erebidae,"Eucereon atrigutta"
Insecta,Lepidoptera,Erebidae,"Eucereon facundum"
Insecta,Lepidoptera,Erebidae,"Eucereon latifascia"
Insecta,Lepidoptera,Saturniidae,"Molippa latemedia"
Insecta,Lepidoptera,Erebidae,"Eucereon leria"
Insecta,Lepidoptera,Erebidae,"Eucereon maia"
Insecta,Lepidoptera,Erebidae,"Eucereon marmoratum"
Insecta,Lepidoptera,Erebidae,"Eucereon obscurum"
Insecta,Lepidoptera,Erebidae,"Eucereon parascyton"
Insecta,Lepidoptera,Erebidae,"Eucereon pseudoarchias"
Insecta,Lepidoptera,Erebidae,"Eucereon punctatum"
Insecta,Lepidoptera,Erebidae,"Eucereon sarisa"
Insecta,Lepidoptera,Erebidae,"Eucereon scyton"
Insecta,Lepidoptera,Erebidae,"Eucereon taperinhae"
Insecta,Lepidoptera,Erebidae,"Euceron varium"
Insecta,Lepidoptera,Erebidae,"Euclera hoffmannsi"
Insecta,Hymenoptera,Apidae,"Eufriesea duckei"
Insecta,Hymenoptera,Apidae,"Eufriesea flaviventris"
Insecta,Hymenoptera,Apidae,"Eufriesea fragrocara"
Insecta,Hymenoptera,Formicidae,"Anochetus mayri"
Insecta,Hymenoptera,Apidae,"Eufriesea pulchra"
Insecta,Hymenoptera,Apidae,"Eufriesea purpurata"
Insecta,Hymenoptera,Apidae,"Eufriesea superba"
Insecta,Hymenoptera,Apidae,"Eufriesea xantha"
Insecta,Hymenoptera,Apidae,"Euglossa allosticta"
Insecta,Hymenoptera,Apidae,"Euglossa amazonica"
Insecta,Hymenoptera,Apidae,"Euglossa augaspis"
Insecta,Hymenoptera,Apidae,"Euglossa bidentata"
Insecta,Hymenoptera,Apidae,"Euglossa chalybeata"
Insecta,Hymenoptera,Apidae,"Euglossa chlorina"
Insecta,Hymenoptera,Apidae,"Euglossa cognata"
Insecta,Hymenoptera,Apidae,"Euglossa crassipunctata"
Insecta,Hymenoptera,Apidae,"Euglossa despecta"
Insecta,Hymenoptera,Apidae,"Euglossa gaianii"
Insecta,Hymenoptera,Apidae,"Euglossa ignita"
Insecta,Hymenoptera,Apidae,"Euglossa imperialis"
Insecta,Hymenoptera,Apidae,"Euglossa intersecta"
Insecta,Hymenoptera,Apidae,"Euglossa iophyrra"
Insecta,Hymenoptera,Apidae,"Euglossa mixta"
Insecta,Hymenoptera,Apidae,"Euglossa modestior"
Insecta,Hymenoptera,Apidae,"Euglossa mourei"
Insecta,Hymenoptera,Apidae,"Euglossa perviridis"
Insecta,Hymenoptera,Apidae,"Euglossa piliventris"
Insecta,Hymenoptera,Apidae,"Euglossa securigera"
Insecta,Hymenoptera,Apidae,"Euglossa singularis"
Insecta,Hymenoptera,Apidae,"Euglossa townsendi"
Insecta,Hymenoptera,Apidae,"Euglossa viridifrons"
Insecta,Hymenoptera,Apidae,"Eulaema bombiformis"
Insecta,Hymenoptera,Apidae,"Eulaema meriana"
Insecta,Hymenoptera,Apidae,"Eulaema mocsaryi"
Insecta,Hymenoptera,Apidae,"Eulaema nigrita"
Insecta,Hymenoptera,Apidae,"Eulaema polyzona"
Insecta,Hymenoptera,Apidae,"Eulaema seabrai"
Insecta,Hymenoptera,Apidae,"Eulaema singulata"
Insecta,Diptera,Asilidae,"Martinia schnusei"
Insecta,Diptera,Asilidae,"Martinia scalaris"
Insecta,Coleoptera,Carabidae,"Pentacomia lacordairei"
Insecta,Coleoptera,Carabidae,"Pentacomia egregia"
Insecta,Coleoptera,Carabidae,"Pentacomia cupriventris"
Insecta,Coleoptera,Carabidae,"Pentacomia cribata"
Insecta,Diptera,Tabanidae,"Eutabanus pictus"
Insecta,Odonata,Libellulidae,"Idiataphe amazonica"
Insecta,Odonata,Coenagrionidae,"Aeolagrion dorsale"
Insecta,Lepidoptera,Erebidae,"Patreliura capys"
Insecta,Odonata,Coenagrionidae,"Aeolagrion inca"
Insecta,Diptera,Tabanidae,"Fidena freemani"
Insecta,Diptera,Tabanidae,"Fidena kroeberi"
Insecta,Lepidoptera,Nymphalidae,"Morpho achilles"
Insecta,Lepidoptera,Nymphalidae,"Magneuptychia opima"
Insecta,Lepidoptera,Nymphalidae,"Magneuptychia monopunctata"
Insecta,Lepidoptera,Erebidae,"Loxophlebia ribripicta"
Insecta,Lepidoptera,Erebidae,"Isanthrene varia"
Insecta,Lepidoptera,Erebidae,"Isanthrene aterrima"
Insecta,Lepidoptera,Erebidae,"Heterodontia decisa"
Insecta,Coleoptera,Scarabaeidae,"Onthophagus coscineus"
Insecta,Lepidoptera,Nymphalidae,"Pareuptychia binocula"
Insecta,Lepidoptera,Nymphalidae,"Pareuptychia hesionides"
Insecta,Coleoptera,Scarabaeidae,"Eurysternus squamosus"
Insecta,Coleoptera,Scarabaeidae,"Eurysternus foedus"
Insecta,Lepidoptera,Nymphalidae,"Euptychia mollina"
Insecta,Lepidoptera,Nymphalidae,"Pierella astyoche"
Insecta,Lepidoptera,Nymphalidae,"Pierella hortona"
Insecta,Lepidoptera,Nymphalidae,"Pierella sumandosa"
Insecta,Hymenoptera,Ichneumonidae,"Pimpla croceiventris"
Insecta,Coleoptera,Scarabaeidae,"Dichotomius ohausi"
Insecta,Coleoptera,Scarabaeidae,"Dichotomius lucasi"
Insecta,Coleoptera,Scarabaeidae,"Dichotomius boreus"
Insecta,Coleoptera,Scarabaeidae,"Dichotomius batesi"
Insecta,Lepidoptera,Erebidae,"Pitane napravniki"
Insecta,Coleoptera,Scarabaeidae,"Coprophanaeus callegarii"
Insecta,Lepidoptera,Nymphalidae,"Cissia terrestris"
Insecta,Lepidoptera,Nymphalidae,"Cissia penelope"
Insecta,Hymenoptera,Formicidae,"Pseudomyrmex concolor"
Insecta,Hymenoptera,Formicidae,"Pseudomyrmex penetrator"
Insecta,Lepidoptera,Erebidae,"Pseudopompilia vespa"
Insecta,Lepidoptera,Nymphalidae,"Chloreuptychia hewitsonii"
Insecta,Coleoptera,Scarabaeidae,"Canthon subhyalinus"
Insecta,Coleoptera,Scarabaeidae,"Canthidium gerstaeckeri"
Insecta,Lepidoptera,Sphingidae,"Callionima parce parce"
Insecta,Lepidoptera,Nymphalidae,"Caligo idomeneus"
Insecta,Lepidoptera,Nymphalidae,"Caligo euphorbus"
Insecta,Lepidoptera,Nymphalidae,"Caeruleuptychia umbrosa"
Insecta,Lepidoptera,Erebidae,"Bodosa tina"
Insecta,Lepidoptera,Erebidae,"Aphyle onorei"
Insecta,Hymenoptera,Ichneumonidae,"Amazopimpla taunio"
Insecta,Lepidoptera,Erebidae,"Micragyrta diminuta"
Insecta,Lepidoptera,Erebidae,"Metastatia pyrrhorrhoea"
Insecta,Coleoptera,Scarabaeidae,"Tetramereia convexa"
Insecta,Lepidoptera,Erebidae,"Telioneura carmania"
Insecta,Lepidoptera,Erebidae,"Xanthida chalcosticta"
Insecta,Hymenoptera,Ichneumonidae,"Xanthopimpla allpahuaya"
Insecta,Hymenoptera,Ichneumonidae,"Xanthopimpla aurita"
Insecta,Hymenoptera,Ichneumonidae,"Xanthopimpla vidali"
Insecta,Lepidoptera,Sphingidae,"Xylophanes pluto"
Insecta,Lepidoptera,Sphingidae,"Xylophanes chiron nechus"
Insecta,Lepidoptera,Sphingidae,"Xylophanes ceratomioides"
Insecta,Lepidoptera,Sphingidae,"Eumorpha satellitia licaon"
Insecta,Lepidoptera,Saturniidae,"Hylesia annulata"
Insecta,Lepidoptera,Sphingidae,"Eumorphua vitis vitis"
Insecta,Lepidoptera,Saturniidae,"Hylesia umbrata"
Insecta,Lepidoptera,Saturniidae,"Leucanella memusoides"
Insecta,Lepidoptera,Sphingidae,"Aellopos tantalus"
Insecta,Lepidoptera,Sphingidae,"Manduca florestan florestan"
Insecta,Lepidoptera,Sphingidae,"Sphinx merops merops"
Insecta,Lepidoptera,Sphingidae,"Perigonia ilus"
Insecta,Lepidoptera,Sphingidae,"Manduca lichenea lichenea"
Insecta,Lepidoptera,Sphingidae,"Hyles lineata"
Insecta,Lepidoptera,Saturniidae,"Dirphiopsis flora"
Insecta,Lepidoptera,Sphingidae,"Madoryx oiclus"
Insecta,Lepidoptera,Saturniidae,"Automeris banus proxima"
Insecta,Lepidoptera,Saturniidae,"Molippa nibasa"
Insecta,Lepidoptera,Saturniidae,"Automeris andicola"
Insecta,Lepidoptera,Saturniidae,"Rothschildia lebeau lebeau"
Insecta,Lepidoptera,Saturniidae,"Rothschildia jorulloides"
Insecta,Lepidoptera,Sphingidae,"Erinnyis lassauxii"
Insecta,Lepidoptera,Sphingidae,"Erinnyis obscura obscura"
Insecta,Lepidoptera,Sphingidae,"Eumorpha drucei"
Insecta,Lepidoptera,Erebidae,"Amastus walkeri"
Insecta,Lepidoptera,Erebidae,"Amastus cellularis"
Insecta,Lepidoptera,Erebidae,"Utetheisa ornatrix ornatrix"
Insecta,Coleoptera,Scarabaeidae,"Trichillum adisi"
Insecta,Coleoptera,Scarabaeidae,"Trichillum cristatum"
Insecta,Coleoptera,Carabidae,"Blennidus foveatus"
Insecta,Coleoptera,Scarabaeidae,"Onthophagus acuminatus"
Insecta,Coleoptera,Scarabaeidae,"Onthophagus alcyon"
Insecta,Coleoptera,Scarabaeidae,"Onthophagus curvicomis"
Insecta,Coleoptera,Scarabaeidae,"Onthophagus taurus"
Insecta,Coleoptera,Dytiscidae,"Megadytes marginithorax"
Insecta,Coleoptera,Dytiscidae,"Meridiorhantus calidus"
Insecta,Coleoptera,Hydraenidae,"Hydraena quechua"
Insecta,Coleoptera,Hydraenidae,"Ochthebius batesoni"
Insecta,Coleoptera,Dytiscidae,"Desmopachria challeti"
Insecta,Coleoptera,Hydraenidae,"Gymnochthebius peruvianus"
Insecta,Coleoptera,Hydrophilidae,"Tropisternus lateralis"
Insecta,Hymenoptera,Ichneumonidae,"Enicospilus trilineatus"
Insecta,Lepidoptera,Nymphalidae,"Manerebia prattorum udima"
Insecta,Hymenoptera,Ichneumonidae,"Enicospilus cressoni"
Insecta,Hymenoptera,Ichneumonidae,"Enicospilus cubensis"
Insecta,Hymenoptera,Ichneumonidae,"Enicospilus dispilus"
Insecta,Hymenoptera,Ichneumonidae,"Enicospilus flavoscutellatus"
Insecta,Hymenoptera,Ichneumonidae,"Enicospilus flavus"
Insecta,Hymenoptera,Ichneumonidae,"Enicospilus glabratus"
Insecta,Hymenoptera,Ichneumonidae,"Enicospilus guatemalensis"
Insecta,Hymenoptera,Ichneumonidae,"Enicospilus mexicanus"
Insecta,Hymenoptera,Ichneumonidae,"Ophion polyhymniae"
Insecta,Hymenoptera,Ichneumonidae,"Alophophion atahualpai"
Insecta,Lepidoptera,Nymphalidae,"Hypomenitis adromica andania"
Insecta,Lepidoptera,Erebidae,"Hypomolis ockendeni"
Insecta,Lepidoptera,Erebidae,"Hypomolis viridoides"
Insecta,Lepidoptera,Lycaenidae,"Ocaria aholiba"
Insecta,Lepidoptera,Erebidae,"Aemilia rubriplaga"
Insecta,Lepidoptera,Erebidae,"Aemilia mincosa"
Insecta,Lepidoptera,Sphingidae,"Aellopos titan"
Insecta,Lepidoptera,Nymphalidae,"Pedaliodes amafania"
Insecta,Lepidoptera,Nymphalidae,"Pedaliodes hopfferi"
Insecta,Lepidoptera,Nymphalidae,"Pedaliodes manis"
Insecta,Lepidoptera,Nymphalidae,"Pedaliodes montagna"
Insecta,Lepidoptera,Nymphalidae,"Pedaliodes paleopolis"
Insecta,Lepidoptera,Nymphalidae,"Pedaliodes parma"
Insecta,Lepidoptera,Nymphalidae,"Pedaliodes pausia"
Insecta,Lepidoptera,Nymphalidae,"Pedaliodes peruviana"
Insecta,Lepidoptera,Erebidae,"Pelochyta arontes"
Insecta,Lepidoptera,Lycaenidae,"Penaincisalia muela"
Insecta,Lepidoptera,Hesperiidae,"Anisochoria albida albida"
Insecta,Lepidoptera,Sphingidae,"Euryglotis aper"
Insecta,Lepidoptera,Pieridae,"Eurema clathea obsoleta"
Insecta,Lepidoptera,Erebidae,"Mesothen petosiris"
Insecta,Lepidoptera,Erebidae,"Mesothen ockendeni"
Insecta,Lepidoptera,Erebidae,"Mesothen nomia"
Insecta,Lepidoptera,Sphingidae,"Nyceryx hiposticta"
Insecta,Lepidoptera,Nymphalidae,"Morpho lympharis descimokeonigi"
Insecta,Lepidoptera,Erebidae,"Eucereon vestalis"
Insecta,Lepidoptera,Erebidae,"Eucereon pseudocasca"
Insecta,Lepidoptera,Pieridae,"Pereute callinira callinira"
Insecta,Lepidoptera,Erebidae,"Eucereon nebulosum"
Insecta,Lepidoptera,Erebidae,"Eucereon myrtusa"
Insecta,Lepidoptera,Erebidae,"Eucereon davidi"
Insecta,Lepidoptera,Erebidae,"Eucereon confinis"
Insecta,Lepidoptera,Erebidae,"Eucereon carabayana"
Insecta,Lepidoptera,Sphingidae,"Eucereon arpi"
Insecta,Lepidoptera,Nymphalidae,"Perisama humboldtii tringa"
Insecta,Lepidoptera,Nymphalidae,"Perisama lebassi hilaria"
Insecta,Lepidoptera,Nymphalidae,"Perisama pjilinus saussurei"
Insecta,Lepidoptera,Nymphalidae,"Perisama yerba alicia"
Insecta,Lepidoptera,Hesperiidae,"Moeris cusillunia"
Insecta,Lepidoptera,Erebidae,"Phaegoptera decrepidiodes"
Insecta,Lepidoptera,Nymphalidae,"Eryphanis zolzivora"
Insecta,Lepidoptera,Lycaenidae,"Erora senta"
Insecta,Lepidoptera,Lycaenidae,"Erora nana"
Insecta,Lepidoptera,Erebidae,"Andrenimorpha jordani"
Insecta,Lepidoptera,Nymphalidae,"Eresia polina"
Insecta,Lepidoptera,Hesperiidae,"Moeris padus"
Insecta,Lepidoptera,Nymphalidae,"Noreppa chromus chromus"
Insecta,Lepidoptera,Erebidae,"Phaio coeruleonigra"
Insecta,Lepidoptera,Erebidae,"Phaio quadriguttata"
Insecta,Lepidoptera,Nymphalidae,"Epiphile epicaste latifasciata"
Insecta,Lepidoptera,Nymphalidae,"Epiphile boliviana"
Insecta,Lepidoptera,Hesperiidae,"Phanes monastica"
Insecta,Lepidoptera,Nymphalidae,"Pherepedaliodes pheretiades"
Insecta,Lepidoptera,Hesperiidae,"Noctuana haematospila"
Insecta,Lepidoptera,Hesperiidae,"Epargyreus barisses barisses"
Insecta,Lepidoptera,Hesperiidae,"Enosis aphilos"
Insecta,Lepidoptera,Erebidae,"Ischnocampa nubilosa"
Insecta,Lepidoptera,Hesperiidae,"Niconiades viridis viridis"
Insecta,Lepidoptera,Erebidae,"Anaxita sannionis"
Insecta,Lepidoptera,Erebidae,"Elysius terraoides"
Insecta,Lepidoptera,Erebidae,"Elysius atrata"
Insecta,Lepidoptera,Nymphalidae,"Ithomia eleonora"
Insecta,Lepidoptera,Erebidae,"Dysschema sacrifica"
Insecta,Lepidoptera,Erebidae,"Dysschema imitata"
Insecta,Lepidoptera,Erebidae,"Dysschema hypoxantha"
Insecta,Lepidoptera,Erebidae,"Dysschema eurocilia staudingeri"
Insecta,Lepidoptera,Lycaenidae,"Johnsonita pardoa"
Insecta,Lepidoptera,Pieridae,"Dismorphia thermesina themesina"
Insecta,Lepidoptera,Pieridae,"Dismorphia teresa"
Insecta,Lepidoptera,Nymphalidae,"Dircenna paradoxa catenara"
Insecta,Lepidoptera,Erebidae,"Pionia oberthuri"
Insecta,Lepidoptera,Nymphalidae,"Steremnia umbracina"
Insecta,Lepidoptera,Hesperiidae,"Staphylus perforatus"
Insecta,Lepidoptera,Nymphalidae,"Agraulis vanillae maculosa"
Insecta,Lepidoptera,Sphingidae,"Adhemarius sexoculata"
Insecta,Lepidoptera,Sphingidae,"Adhemarius gannascus gannascus"
Insecta,Lepidoptera,Erebidae,"Dasysphinx flavibasis"
Insecta,Lepidoptera,Nymphalidae,"Danaus plexippus nigrippus"
Insecta,Lepidoptera,Hesperiidae,"Dalla ticidas"
Insecta,Lepidoptera,Hesperiidae,"Dalla polycrates lania"
Insecta,Lepidoptera,Hesperiidae,"Dalla genes nona"
Insecta,Lepidoptera,Hesperiidae,"Dalla cypselus evages"
Insecta,Lepidoptera,Hesperiidae,"Dalla cupavia cupavia"
Insecta,Lepidoptera,Hesperiidae,"Dalla carnis carnis"
Insecta,Lepidoptera,Nymphalidae,"Dagon catula"
Insecta,Lepidoptera,Nymphalidae,"Daedalma dinias boliviana"
Insecta,Lepidoptera,Hesperiidae,"Cynea anthracinus luctatius"
Insecta,Lepidoptera,Hesperiidae,"Cymaenes psyllus"
Insecta,Lepidoptera,Hesperiidae,"Cymaenes olilia miqua"
Insecta,Lepidoptera,Nymphalidae,"""Megoleria"" susiana polymacula"
Insecta,Lepidoptera,Erebidae,"Cyanopepla sanguicincta"
Insecta,Lepidoptera,Erebidae,"Cyanopepla hurama"
Insecta,Lepidoptera,Nymphalidae,"Podotricha telesiphe telesiphe"
Insecta,Lepidoptera,Hesperiidae,"Nastra chao"
Insecta,Lepidoptera,Erebidae,"Crocomela imperialis"
Insecta,Lepidoptera,Erebidae,"Crocomela flammifera"
Insecta,Lepidoptera,Hesperiidae,"Polites vibex catilina"
Insecta,Lepidoptera,Nymphalidae,"Lasiophila zapatoza orbifera"
Insecta,Lepidoptera,Erebidae,"Amastus persimilis"
Insecta,Lepidoptera,Erebidae,"Amastus hyalina"
Insecta,Lepidoptera,Erebidae,"Amastus ferrera"
Insecta,Lepidoptera,Erebidae,"Amastus coccinator"
Insecta,Lepidoptera,Hesperiidae,"Cortices corticea"
Insecta,Lepidoptera,Hesperiidae,"Corticea mendica mendica"
Insecta,Lepidoptera,Pieridae,"Leodonta tagaste"
Insecta,Lepidoptera,Pieridae,"Leodonta zenobina"
Insecta,Lepidoptera,Erebidae,"Napata sanguicincta"
Insecta,Lepidoptera,Nymphalidae,"Altinote thalia crassinia"
Insecta,Lepidoptera,Hesperiidae,"Potamanaxas laoma cosna"
Insecta,Lepidoptera,Nymphalidae,"Altinote rufina"
Insecta,Lepidoptera,Nymphalidae,"Altinote pellenea epiphaea"
Insecta,Lepidoptera,Nymphalidae,"Adelpha coryneta"
Insecta,Lepidoptera,Nymphalidae,"Altinote monima"
Insecta,Lepidoptera,Nymphalidae,"Altinote hilaris hilaris"
Insecta,Lepidoptera,Nymphalidae,"Altinote eresia binghamae"
Insecta,Lepidoptera,Nymphalidae,"Corades iduna"
Insecta,Lepidoptera,Nymphalidae,"Corades enyo almo"
Insecta,Lepidoptera,Nymphalidae,"Corades argentata"
Insecta,Lepidoptera,Nymphalidae,"Altinote anaxo comta"
Insecta,Lepidoptera,Nymphalidae,"Adelpha aricia aricia"
Insecta,Lepidoptera,Nymphalidae,"Adelpha alala negra"
Insecta,Lepidoptera,Pieridae,"Colias lesbia verhulsti"
Insecta,Lepidoptera,Nymphalidae,"Pronophila cordillera variabilis"
Insecta,Lepidoptera,Nymphalidae,"Pronophila thelebe"
Insecta,Lepidoptera,Sphingidae,"Protambulyx euryalus"
Insecta,Lepidoptera,Lycaenidae,"Leptotes callanga"
Insecta,Lepidoptera,Lycaenidae,"Leptotes lamasi"
Insecta,Lepidoptera,Erebidae,"Chrysocale corax"
Insecta,Lepidoptera,Erebidae,"Chrostosoma joavana"
Insecta,Lepidoptera,Erebidae,"Chrostosoma auge"
Insecta,Lepidoptera,Riodinidae,"Chorinea sylphina"
Insecta,Lepidoptera,Hesperiidae,"Lerema viridis"
Insecta,Lepidoptera,Hesperiidae,"Lerodea xenos"
Insecta,Lepidoptera,Lycaenidae,"Chlorostrymon simaethis"
Insecta,Lepidoptera,Erebidae,"Leucanopsis apicepunctata"
Insecta,Lepidoptera,Riodinidae,"Leucochimona metata subalbata"
Insecta,Lepidoptera,Hesperiidae,"Chioides concinnus"
Insecta,Lepidoptera,Hesperiidae,"Chioides catillus catillus"
Insecta,Lepidoptera,Pieridae,"Leutophobia aripa clodina"
Insecta,Lepidoptera,Pieridae,"Leutophobia cleone luca"
Insecta,Lepidoptera,Pieridae,"Leutophobia diaguita"
Insecta,Lepidoptera,Pieridae,"Leutophobia helena"
Insecta,Lepidoptera,Pieridae,"Leutophobia nephthis"
Insecta,Lepidoptera,Pieridae,"Leutophobia olympia potonici"
Insecta,Lepidoptera,Pieridae,"Leutophobia philoma subargentea"
Insecta,Lepidoptera,Pieridae,"Leutophobia tovaria gina"
Insecta,Lepidoptera,Nymphalidae,"Pteronymia zerlina"
Insecta,Lepidoptera,Papilionidae,"Pterourus menatius eurotas"
Insecta,Lepidoptera,Hesperiidae,"Pyrgus communis titicaca"
Insecta,Lepidoptera,Pieridae,"Pyristina nise floscula"
Insecta,Lepidoptera,Hesperiidae,"Celaenorrhinus songoensis songoensis"
Insecta,Lepidoptera,Nymphalidae,"Catonephele chromis chromis"
Insecta,Lepidoptera,Pieridae,"Catasticta toca toca"
Insecta,Lepidoptera,Pieridae,"Catasticta pinava"
Insecta,Lepidoptera,Pieridae,"Catasticta philais leucophaca"
Insecta,Lepidoptera,Pieridae,"Catasticta modesta modesta"
Insecta,Lepidoptera,Pieridae,"Catasticta manco manco"
Insecta,Lepidoptera,Pieridae,"Catasticta eurigania straminea"
Insecta,Lepidoptera,Pieridae,"Catasticta collina collina"
Insecta,Lepidoptera,Pieridae,"Catasticta aureomaculata"
Insecta,Lepidoptera,Erebidae,"Lophocampa distincta"
Insecta,Lepidoptera,Erebidae,"Lophocampa modesta"
Insecta,Lepidoptera,Hesperiidae,"Mylon zephus albodiscus"
Insecta,Lepidoptera,Lycaenidae,"Rekoa palegon"
Insecta,Lepidoptera,Lycaenidae,"Rhamma familiaris"
Insecta,Lepidoptera,Lycaenidae,"Rhamma nigrasarotina"
Insecta,Lepidoptera,Lycaenidae,"Rhamma oxida"
Insecta,Lepidoptera,Lycaenidae,"Calycopis gizela"
Insecta,Lepidoptera,Hesperiidae,"Lucida lucia leoardus"
Insecta,Lepidoptera,Erebidae,"Rhynchopyga bicolor"
Insecta,Lepidoptera,Erebidae,"Rhynchopyga elongatus"
Insecta,Lepidoptera,Erebidae,"Rhynchopyga xanthospila"
Insecta,Lepidoptera,Nymphalidae,"Menphis alberta"
Insecta,Lepidoptera,Nymphalidae,"Caligo oileus umbralis"
Insecta,Lepidoptera,Nymphalidae,"Caligo illioneus praxsiodus"
Insecta,Lepidoptera,Riodinidae,"Calephelis aymaran"
Insecta,Lepidoptera,Hesperiidae,"Lychnuchus victa"
Insecta,Lepidoptera,Nymphalidae,"Lymanopoda galactea shefteli"
Insecta,Lepidoptera,Hesperiidae,"Bolla boliviensis"
Insecta,Lepidoptera,Erebidae,"Sarosa notata"
Insecta,Lepidoptera,Erebidae,"Bertholdia specularis"
Insecta,Lepidoptera,Nymphalidae,"Scada reckia octygia"
Insecta,Lepidoptera,Erebidae,"Bertholdia grisescens"
Insecta,Lepidoptera,Erebidae,"Bertholdia flavidorsata"
Insecta,Lepidoptera,Erebidae,"Bertholdia crocea"
Insecta,Lepidoptera,Papilionidae,"Battus madyes montebanus"
Insecta,Lepidoptera,Erebidae,"Macrocneme immanis"
Insecta,Lepidoptera,Nymphalidae,"Magneuptychia mimas"
Insecta,Lepidoptera,Nymphalidae,"Mygona prochyta chyprota"
Insecta,Lepidoptera,Lycaenidae,"Atlides habila"
Insecta,Lepidoptera,Hesperiidae,"Astraptes galesus galesus"
Insecta,Lepidoptera,Sphingidae,"Manduca lichenea"
Insecta,Lepidoptera,Nymphalidae,"Manerebia reducta"
Insecta,Lepidoptera,Hesperiidae,"Serdis statius dives"
Insecta,Lepidoptera,Lycaenidae,"Micandra dignota"
Insecta,Lepidoptera,Hesperiidae,"Mnestheus ittona"
Insecta,Lepidoptera,Nymphalidae,"Higginsius fasciatus"
Insecta,Lepidoptera,Nymphalidae,"Oleria padilla"
Insecta,Lepidoptera,Nymphalidae,"Oleria mekrena"
Insecta,Lepidoptera,Pieridae,"Hesperocharis nereina"
Insecta,Lepidoptera,Nymphalidae,"Oleria derondina"
Insecta,Lepidoptera,Erebidae,"Opharus procroides"
Insecta,Lepidoptera,Papilionidae,"Heraclides paeon paeon"
Insecta,Lepidoptera,Nymphalidae,"Opoptera arsippe arsippe"
Insecta,Lepidoptera,Erebidae,"Hemihyalea watkinsi"
Insecta,Lepidoptera,Erebidae,"Hemihyalea fulvizonata"
Insecta,Lepidoptera,Lycaenidae,"Hemiargus hanno bogotanus"
Insecta,Lepidoptera,Hesperiidae,"Heliopetes omrina"
Insecta,Lepidoptera,Hesperiidae,"Heliopetes laviana libra"
Insecta,Lepidoptera,Hesperiidae,"Heliopetes arsalte arsalte"
Insecta,Lepidoptera,Nymphalidae,"Oressinoma sorata sorata"
Insecta,Lepidoptera,Riodinidae,"Siseme neurodes caudalis"
Insecta,Lepidoptera,Nymphalidae,"Orophila diotima"
Insecta,Lepidoptera,Nymphalidae,"Antopedaliodes antoniaquincedis"
Insecta,Lepidoptera,Erebidae,"Halysidota intensa"
Insecta,Lepidoptera,Erebidae,"Hyaleucerea morosa"
Insecta,Lepidoptera,Nymphalidae,"Hyalyris latilimbata fassli"
Insecta,Lepidoptera,Nymphalidae,"Hyalyris ocna atagalpa"
Insecta,Lepidoptera,Nymphalidae,"Oxeoschistus pronax pronax"
Insecta,Lepidoptera,Erebidae,"Pachydota nervosa"
Insecta,Lepidoptera,Erebidae,"Pachydota striata"
Insecta,Lepidoptera,Erebidae,"Agaraea ockendeni"
Insecta,Lepidoptera,Hesperiidae,"Hylephila phyleus anca"
Insecta,Lepidoptera,Nymphalidae,"Greta hermana"
Insecta,Lepidoptera,Nymphalidae,"Hypanartia bella"
Insecta,Lepidoptera,Erebidae,"Hypercompe cuninguda"
Insecta,Lepidoptera,Erebidae,"Hypercompe nemophila"
Insecta,Lepidoptera,Erebidae,"Hypercompe peruviensis"
Insecta,Lepidoptera,Nymphalidae,"Panyapedaliodes mara"
Insecta,Lepidoptera,Nymphalidae,"Panyapedaliodes silpa"
Insecta,Lepidoptera,Riodinidae,"Styx infernalis"
Insecta,Lepidoptera,Erebidae,"Virbia elisca"
Insecta,Lepidoptera,Erebidae,"Virbia catama"
Insecta,Lepidoptera,Hesperiidae,"Thespieus argentina"
Insecta,Lepidoptera,Hesperiidae,"Theagenes alboplaga albiplaga"
Insecta,Lepidoptera,Pieridae,"Teriocolias zelia pacis"
Insecta,Lepidoptera,Hesperiidae,"Tigasis virdenex"
Insecta,Lepidoptera,Hesperiidae,"Vettius diversus donga"
Insecta,Lepidoptera,Hesperiidae,"Vettius coryna coryna"
Insecta,Lepidoptera,Pieridae,"Tatochila autodice ernestae"
Insecta,Lepidoptera,Sphingidae,"Xylophanes resta"
Insecta,Lepidoptera,Sphingidae,"Xylophanes pyrrhus"
Insecta,Lepidoptera,Hesperiidae,"Urbanus albimargo takuta"
Insecta,Lepidoptera,Sphingidae,"Xylophanes nabuchondonosor"
Insecta,Lepidoptera,Hesperiidae,"Urbanus dorantes dorantes"
Insecta,Lepidoptera,Sphingidae,"Xylophanes docilis"
Insecta,Lepidoptera,Sphingidae,"Xylophanes crotonis"
Insecta,Lepidoptera,Hesperiidae,"Urbanus elimina"
Insecta,Lepidoptera,Nymphalidae,"Velamysta pennina"
Insecta,Lepidoptera,Erebidae,"Telioneura rosada"
Insecta,Lepidoptera,Nymphalidae,"Telenassa delphua nana"
Insecta,Lepidoptera,Pieridae,"Zerene cesonia inca"
Insecta,Lepidoptera,Nymphalidae,"Telenassa berenice berenice"
Insecta,Lepidoptera,Nymphalidae,"Vanessa myrinna"
Insecta,Lepidoptera,Nymphalidae,"Vanessa braziliensis"
Insecta,Lepidoptera,Nymphalidae,"Vanessa altissina"
Insecta,Lepidoptera,Nymphalidae,"Yphthimoides leguialimai"
Insecta,Lepidoptera,Erebidae,"Symphlebia similis"
Insecta,Coleoptera,Scarabaeidae,"Eurysternus marmoreus"
Insecta,Coleoptera,Scarabaeidae,"Ontherus obliquus"
Insecta,Coleoptera,Scarabaeidae,"Ontherus howdeni"
Insecta,Coleoptera,Scarabaeidae,"Ontherus azteca"
Insecta,Coleoptera,Scarabaeidae,"Ontherus alexis"
Insecta,Coleoptera,Scarabaeidae,"Oxysternon aeneum"
Insecta,Coleoptera,Scarabaeidae,"Phanaeus meleagris"
Insecta,Lepidoptera,Nymphalidae,"Methona confusa"
Insecta,Coleoptera,Scarabaeidae,"Deltochilum burmeister"
Insecta,Coleoptera,Scarabaeidae,"Deltochilum laevigatum"
Insecta,Coleoptera,Scarabaeidae,"Coprophanaeus larseni"
Insecta,Coleoptera,Scarabaeidae,"Coprophanaeus ignecinctus"
Insecta,Coleoptera,Scarabaeidae,"Canthidium coerulescens"
Insecta,Coleoptera,Scarabaeidae,"Canthon aberrans"
Insecta,Coleoptera,Scarabaeidae,"Canthon brunneus"
Insecta,Coleoptera,Scarabaeidae,"Canthon fulgidus"
Insecta,Coleoptera,Scarabaeidae,"Eurysternus wittmerorum"
Insecta,Coleoptera,Scarabaeidae,"Dichotomius diabolicus"
Insecta,Coleoptera,Scarabaeidae,"Dichotomius planicollis"
Insecta,Hymenoptera,Ichneumonidae,"Meggoleus pampahermosensis"
Insecta,Hymenoptera,Ichneumonidae,"Meggoleus fuscatus"
Insecta,Hymenoptera,Ichneumonidae,"Hapsinotus yana"
Insecta,Hymenoptera,Ichneumonidae,"Hapsinotus lamasi"
Insecta,Lepidoptera,Nymphalidae,"Manerebia seducta"
Insecta,Lepidoptera,Nymphalidae,"Neopedaliodes entella"
Insecta,Lepidoptera,Nymphalidae,"Lymanopoda panacea panacea"
Insecta,Lepidoptera,Nymphalidae,"Neopedaliodes parrhoebia parrhoebia"
Insecta,Lepidoptera,Nymphalidae,"Pronophila epidipnis orchewitsoni"
Insecta,Lepidoptera,Nymphalidae,"Pronophila orcus orcus"
Insecta,Lepidoptera,Nymphalidae,"Neopedaliodes phoenicusa"
Insecta,Lepidoptera,Nymphalidae,"Pedaliodes transmontana"
Insecta,Lepidoptera,Nymphalidae,"Pedaliodes tabaconas"
Insecta,Lepidoptera,Nymphalidae,"Panyapedaliodes traceyannae"
Insecta,Lepidoptera,Nymphalidae,"Pedaliodes spina bifurcata"
Insecta,Lepidoptera,Nymphalidae,"Panyapedaliodes tomentosa"
Insecta,Lepidoptera,Nymphalidae,"Pherepedaliodes nubilia"
Insecta,Lepidoptera,Nymphalidae,"Pherepedaliodes naevia"
Insecta,Lepidoptera,Nymphalidae,"Pedaliodes puciula"
Insecta,Lepidoptera,Nymphalidae,"Pedaliodes praxithea"
Insecta,Lepidoptera,Nymphalidae,"Dynamine setabis"
Insecta,Lepidoptera,Nymphalidae,"Panyapedaliodes phila"
Insecta,Lepidoptera,Nymphalidae,"Pedaliodes praemontagna"
Insecta,Lepidoptera,Nymphalidae,"Panyapedaliodes muscosa muscosa"
Insecta,Lepidoptera,Nymphalidae,"Pedaliodes porcia pallantias"
Insecta,Lepidoptera,Nymphalidae,"Pedaliodes pomponia"
Insecta,Lepidoptera,Nymphalidae,"Pedaliodes polusa"
Insecta,Lepidoptera,Nymphalidae,"Panyapedaliodes drymaea drymaea"
Insecta,Lepidoptera,Nymphalidae,"Corades pannonia condorita"
Insecta,Lepidoptera,Nymphalidae,"Daedalma inconspicua petitia"
Insecta,Lepidoptera,Nymphalidae,"Corades ulema mirianae"
Insecta,Lepidoptera,Nymphalidae,"Pedaliodes poesia"
Insecta,Lepidoptera,Nymphalidae,"Eretris apuleja"
Insecta,Lepidoptera,Nymphalidae,"Eretris porphyria transmaraniona"
Insecta,Lepidoptera,Nymphalidae,"Manerebia inducta"
Insecta,Lepidoptera,Nymphalidae,"Corderopedaliodes corderoi corderoi"
Insecta,Lepidoptera,Nymphalidae,"Manerebia satura satura"
Insecta,Lepidoptera,Nymphalidae,"Pedaliodes phrasicla rufa"
Insecta,Lepidoptera,Nymphalidae,"Pedaliodes pheretias"
Insecta,Lepidoptera,Nymphalidae,"Memphis mora"
Insecta,Lepidoptera,Nymphalidae,"Altopedaliodes flavopunctata"
Insecta,Lepidoptera,Nymphalidae,"Altopedaliodes kurti"
Insecta,Lepidoptera,Nymphalidae,"Pedaliodes phaedra phaedra"
Insecta,Lepidoptera,Nymphalidae,"Pedaliodes petri petri"
Insecta,Lepidoptera,Nymphalidae,"Altopedaliodes perita sorda"
Insecta,Lepidoptera,Nymphalidae,"Altopedaliodes zsolti zsolti"
Insecta,Lepidoptera,Nymphalidae,"Pedaliodes pelinna"
Insecta,Coleoptera,Carabidae,"Notiobia (Anisotarsus) peruviana"
Insecta,Lepidoptera,Nymphalidae,"Pedaliodes namballe"
Insecta,Lepidoptera,Nymphalidae,"Pedaliodes montagna montagna"
Insecta,Lepidoptera,Nymphalidae,"Orophila cardeses"
Insecta,Lepidoptera,Nymphalidae,"Orophila cardeses cardeses"
Insecta,Lepidoptera,Nymphalidae,"Pedaliodes luperca"
Insecta,Lepidoptera,Nymphalidae,"Hypanartia cinderella"
Insecta,Lepidoptera,Nymphalidae,"Pedaliodes halli"
Insecta,Lepidoptera,Nymphalidae,"Pedaliodes garlaczi"
Insecta,Lepidoptera,Nymphalidae,"Pedaliodes dracula"
Insecta,Lepidoptera,Nymphalidae,"Pedaliodes balnearia"
Insecta,Lepidoptera,Nymphalidae,"Lasiophila palades limes"
Insecta,Lepidoptera,Nymphalidae,"Lasiophila orbifera"
Insecta,Lepidoptera,Nymphalidae,"Pedaliodes asconia"
Insecta,Coleoptera,Scarabaeidae,"Eurysternus ventricosus"
Insecta,Coleoptera,Scarabaeidae,"Eurysternus vastiorum"
Insecta,Coleoptera,Scarabaeidae,"Eurysternus strigilatus"
Insecta,Lepidoptera,Erebidae,"Isanthrene porphyrius"
Insecta,Lepidoptera,Erebidae,"Cosmosoma regia"
,,,
