Clase,Orden,Familia,Especie
Aves,Accipitriformes,Pandionidae,"Pandion haliaetus"
Equisetopsida,Fabales,Fabaceae,"Abarema auriculata"
Actinopterygii,Characiformes,Anostomidae,"Abramites hypselonotus"
Equisetopsida,Ranunculales,Menispermaceae,"Abuta grandifolia"
Equisetopsida,Ranunculales,Menispermaceae,"Abuta solimoesensis"
Equisetopsida,Malpighiales,Euphorbiaceae,"Acalypha stricta"
Aves,Accipitriformes,Accipitridae,"Accipiter superciliosus"
Actinopterygii,Characiformes,Acestrorhynchidae,"Acestrorhynchus abbreviatus"
Actinopterygii,Characiformes,Acestrorhynchidae,"Acestrorhynchus falcirostris"
Actinopterygii,Characiformes,Acestrorhynchidae,"Acestrorhynchus heterolepis"
Actinopterygii,Characiformes,Acestrorhynchidae,"Acestrorhynchus microlepis"
Equisetopsida,Myrtales,Melastomataceae,"Aciotis acuminifolia"
Equisetopsida,Myrtales,Melastomataceae,"Aciotis viscida"
Equisetopsida,Polypodiales,Pteridaceae,"Acrostichum aureum"
Aves,Charadriiformes,Scolopacidae,"Actitis macularius"
Equisetopsida,Myrtales,Melastomataceae,"Adelobotrys macrophylla"
Equisetopsida,Myrtales,Melastomataceae,"Adelobotrys marginatus"
Equisetopsida,Myrtales,Lythraceae,"Adenaria floribunda"
Equisetopsida,Lamiales,Bignoniaceae,"Adenocalymma apurense"
Equisetopsida,Lamiales,Bignoniaceae,"Adenocalymma cladotrichum"
Equisetopsida,Lamiales,Bignoniaceae,"Adenocalymma flaviflorum"
Equisetopsida,Polypodiales,Pteridaceae,"Adiantum tomentosum"
Equisetopsida,Sapindales,Rutaceae,"Adiscanthus fusciflorus"
Actinopterygii,Gymnotiformes,Apteronotidae,"Adontosternarchus balaenops"
Equisetopsida,Poales,Bromeliaceae,"Aechmea chantinii"
Equisetopsida,Poales,Bromeliaceae,"Aechmea corymbosa"
Equisetopsida,Poales,Bromeliaceae,"Aechmea longifolia"
Equisetopsida,Poales,Bromeliaceae,"Aechmea mertensii"
Equisetopsida,Poales,Bromeliaceae,"Aechmea strobilacea"
Equisetopsida,Poales,Bromeliaceae,"Aechmea tillandsioides"
Equisetopsida,Poales,Bromeliaceae,"Aechmea vallerandii"
Equisetopsida,Lamiales,Lamiaceae,"Aegiphila chrysantha"
Equisetopsida,Lamiales,Lamiaceae,"Aegiphila elegans"
Equisetopsida,Lamiales,Lamiaceae,"Aegiphila herzogii"
Equisetopsida,Lamiales,Lamiaceae,"Aegiphila peruviana"
Equisetopsida,Lamiales,Lamiaceae,"Aegiphila smithii"
Equisetopsida,Lamiales,Lamiaceae,"Aegiphila sufflava"
Actinopterygii,Perciformes,Cichlidae,"Aequidens tetramerus"
Equisetopsida,Fabales,Fabaceae,"Aeschynomene sensitiva var. amazonica"
Aves,Pelecaniformes,Ardeidae,"Agamia agami"
Actinopterygii,Siluriformes,Doradidae,"Agamyxis pectinifrons"
Actinopterygii,Siluriformes,Auchenipteridae,"Ageneiosus brevifilis"
Equisetopsida,Santalales,Opiliaceae,"Agonandra brasiliensis"
Actinopterygii,Characiformes,Characidae,"Agoniates anchovia"
Equisetopsida,Gentianales,Rubiaceae,"Agouticarpa curviflora"
Aves,Passeriformes,Thamnophilidae,"Akletos melanoceps"
Equisetopsida,Malpighiales,Euphorbiaceae,"Alchornea castaneifolia"
Equisetopsida,Malpighiales,Euphorbiaceae,"Alchornea discolor"
Equisetopsida,Malpighiales,Euphorbiaceae,"Alchornea latifolia"
Equisetopsida,Malpighiales,Euphorbiaceae,"Alchornea triplinervia"
Equisetopsida,Malpighiales,Euphorbiaceae,"Alchorneopsis floribunda"
Equisetopsida,Gentianales,Rubiaceae,"Alibertia bertierifolia"
Equisetopsida,Gentianales,Rubiaceae,"Alibertia curviflora"
Equisetopsida,Gentianales,Rubiaceae,"Alibertia edulis"
Equisetopsida,Gentianales,Rubiaceae,"Alibertia latifolia"
Equisetopsida,Gentianales,Rubiaceae,"Alibertia stenantha"
Equisetopsida,Gentianales,Rubiaceae,"Alibertia tessmannii"
Equisetopsida,Gentianales,Rubiaceae,"Alibertia verticillata var. stipularis"
Equisetopsida,Ericales,Lecythidaceae,"Allantoma decandra"
Equisetopsida,Sapindales,Sapindaceae,"Allophylus amazonicus"
Equisetopsida,Sapindales,Sapindaceae,"Allophylus divaricatus"
Equisetopsida,Sapindales,Sapindaceae,"Allophylus floribundus"
Equisetopsida,Sapindales,Sapindaceae,"Allophylus loretensis"
Mammalia,Primates,Atelidae,"Alouatta seniculus"
Equisetopsida,Gentianales,Rubiaceae,"Alseis reticulata"
Equisetopsida,Malpighiales,Phyllanthaceae,"Amanoa guianensis"
Aves,Psittaciformes,Psittacidae,"Amazona amazonica"
Aves,Psittaciformes,Psittacidae,"Amazona farinosa"
Aves,Psittaciformes,Psittacidae,"Amazona festiva"
Aves,Psittaciformes,Psittacidae,"Amazona ochrocephala"
Aves,Passeriformes,Passerellidae,"Ammodramus aurifrons"
Equisetopsida,Rosales,Ulmaceae,"Ampelocera edentula"
Equisetopsida,Sapindales,Anacardiaceae,"Anacardium occidentale"
Actinopterygii,Siluriformes,Doradidae,"Anadoras grypus"
Equisetopsida,Magnoliales,Annonaceae,"Anaxagorea brachycarpa"
Actinopterygii,Clupeiformes,Engraulididae,"Anchoviella alleni"
Actinopterygii,Clupeiformes,Engraulididae,"Anchoviella jamesi"
Equisetopsida,Fabales,Fabaceae,"Andira macrothyrsa"
Equisetopsida,Commelinales,Commelinaceae,"Aneilema umbrosum"
Equisetopsida,Lamiales,Bignoniaceae,"Anemopaegma chrysoleucum"
Equisetopsida,Lamiales,Bignoniaceae,"Anemopaegma paraense"
Equisetopsida,Polypodiales,Pteridaceae,"Anetium citrifolium"
Aves,Anseriformes,Anhimidae,"Anhima cornuta"
Aves,Suliformes,Anhingidae,"Anhinga anhinga"
Equisetopsida,Laurales,Lauraceae,"Aniba guianensis"
Equisetopsida,Laurales,Lauraceae,"Aniba megaphylla"
Equisetopsida,Laurales,Lauraceae,"Aniba puchury-minor"
Equisetopsida,Laurales,Lauraceae,"Aniba rosaeodora"
Equisetopsida,Magnoliales,Annonaceae,"Annona asplundiana"
Equisetopsida,Magnoliales,Annonaceae,"Annona cuspidata"
Equisetopsida,Magnoliales,Annonaceae,"Annona deminuta"
Equisetopsida,Magnoliales,Annonaceae,"Annona hypoglauca"
Equisetopsida,Magnoliales,Annonaceae,"Annona nitida"
Equisetopsida,Magnoliales,Annonaceae,"Annona papilionella"
Equisetopsida,Ranunculales,Menispermaceae,"Anomospermum bolivianum"
Equisetopsida,Ranunculales,Menispermaceae,"Anomospermum chloranthum"
Equisetopsida,Ranunculales,Menispermaceae,"Anomospermum reticulatum"
Actinopterygii,Characiformes,Anostomidae,"Anostomus longus"
Aves,Apodiformes,Trochilidae,"Anthracothorax nigricollis"
Equisetopsida,Alismatales,Araceae,"Anthurium atropurpureum var. arenicola"
Equisetopsida,Alismatales,Araceae,"Anthurium clavigerum"
Equisetopsida,Alismatales,Araceae,"Anthurium croatii"
Equisetopsida,Alismatales,Araceae,"Anthurium ernesti"
Equisetopsida,Alismatales,Araceae,"Anthurium gracile"
Equisetopsida,Alismatales,Araceae,"Anthurium kunthii"
Equisetopsida,Alismatales,Araceae,"Anthurium obtusum"
Equisetopsida,Alismatales,Araceae,"Anthurium pentaphyllum"
Equisetopsida,Alismatales,Araceae,"Anthurium sagittatum"
Equisetopsida,Alismatales,Araceae,"Anthurium sinuatum"
Equisetopsida,Alismatales,Araceae,"Anthurium uleanum"
Mammalia,Primates,Cebidae,"Aotus nancymaae"
Equisetopsida,Malpighiales,Euphorbiaceae,"Aparisthmium cordatum"
Equisetopsida,Malvales,Malvaceae,"Apeiba aspera"
Equisetopsida,Malvales,Malvaceae,"Apeiba membranacea"
Equisetopsida,Lamiales,Acanthaceae,"Aphelandra aurantiaca"
Actinopterygii,Characiformes,Characidae,"Aphyocharax alburnus"
Actinopterygii,Characiformes,Characidae,"Aphyocharax pusillus"
Actinopterygii,Perciformes,Cichlidae,"Apistogramma agassizii"
Actinopterygii,Perciformes,Cichlidae,"Apistogramma bitaeniata"
Actinopterygii,Cichliformes,Cichlidae,"Apistogramma cacatuoides"
Actinopterygii,Cichliformes,Cichlidae,"Apistogramma eunotus"
Actinopterygii,Cichliformes,Cichlidae,"Apistogrammoides pucallpaensis"
Actinopterygii,Gymnotiformes,Apteronotidae,"Apteronotus albifrons"
Aves,Psittaciformes,Psittacidae,"Ara ararauna"
Aves,Psittaciformes,Psittacidae,"Ara chloropterus"
Aves,Psittaciformes,Psittacidae,"Ara macao"
Aves,Gruiformes,Rallidae,"Aramides cajaneus"
Aves,Gruiformes,Aramidae,"Aramus guarauna"
Actinopterygii,Osteoglossiformes,Arapaimidae,"Arapaima gigas"
Aves,Psittaciformes,Psittacidae,"Ara severus"
Aves,Psittaciformes,Psittacidae,"Aratinga weddellii"
Aves,Pelecaniformes,Ardeidae,"Ardea alba"
Aves,Pelecaniformes,Ardeidae,"Ardea cocoi"
Equisetopsida,Piperales,Aristolochiaceae,"Aristolochia mishuyacensis"
Mammalia,Chiroptera,Phyllostomidae,"Artibeus aequatorialis"
Mammalia,Chiroptera,Phyllostomidae,"Artibeus anderseni"
Mammalia,Chiroptera,Phyllostomidae,"Artibeus lituratus"
Mammalia,Chiroptera,Phyllostomidae,"Artibeus obscurus"
Mammalia,Chiroptera,Phyllostomidae,"Artibeus planirostris"
Aves,Passeriformes,Tyrannidae,"Arundinicola leucocephala"
Equisetopsida,Asparagales,Orchidaceae,"Aspidogyne clavigera var. rhodostachys"
Equisetopsida,Gentianales,Apocynaceae,"Aspidosperma rigidum"
Equisetopsida,Polypodiales,Aspleniaceae,"Asplenium hallii"
Equisetopsida,Polypodiales,Aspleniaceae,"Asplenium serratum"
Equisetopsida,Pandanales,Cyclanthaceae,"Asplundia cabrerae"
Equisetopsida,Pandanales,Cyclanthaceae,"Asplundia gamotepala"
Equisetopsida,Pandanales,Cyclanthaceae,"Asplundia glandulosa"
Equisetopsida,Pandanales,Cyclanthaceae,"Asplundia schizotepala"
Equisetopsida,Arecales,Arecaceae,"Astrocaryum jauari"
Equisetopsida,Arecales,Arecaceae,"Astrocaryum murumuru"
Actinopterygii,Cichliformes,Cichlidae,"Astronotus ocellatus"
Actinopterygii,Characiformes,Characidae,"Astyanax abramis"
Actinopterygii,Characiformes,Characidae,"Astyanax bimaculatus"
Mammalia,Primates,Atelidae,"Ateles belzebuth"
Mammalia,Primates,Atelidae,"Ateles chamek"
Mammalia,Carnivora,Canidae,"Atelocynus microtis"
Equisetopsida,Arecales,Arecaceae,"Attalea butyracea"
Equisetopsida,Arecales,Arecaceae,"Attalea phalerata"
Equisetopsida,Arecales,Arecaceae,"Attalea salazarii"
Aves,Passeriformes,Hirundinidae,"Atticora fasciata"
Aves,Passeriformes,Tyrannidae,"Attila bolivianus"
Aves,Passeriformes,Tyrannidae,"Attila cinnamomeus"
Aves,Passeriformes,Tyrannidae,"Attila spadiceus"
Actinopterygii,Siluriformes,Auchenipteridae,"Auchenipterichthys coracoideus"
Aves,Passeriformes,Furnariidae,"Automolus rufipileatus"
Aves,Passeriformes,Furnariidae,"Automolus subulatus"
Equisetopsida,Arecales,Arecaceae,"Bactris brongniartii"
Equisetopsida,Arecales,Arecaceae,"Bactris concinna"
Equisetopsida,Arecales,Arecaceae,"Bactris macroacantha"
Equisetopsida,Arecales,Arecaceae,"Bactris maraja"
Equisetopsida,Fabales,Fabaceae,"Balizia pedicellaris"
Equisetopsida,Malpighiales,Salicaceae,"Banara arguta"
Equisetopsida,Malpighiales,Salicaceae,"Banara guianensis"
Equisetopsida,Malpighiales,Malpighiaceae,"Banisteriopsis martiniana var. subenervia"
Equisetopsida,Malpighiales,Malpighiaceae,"Banisteriopsis padifolia"
Aves,Coraciiformes,Momotidae,"Baryphthengus martii"
Equisetopsida,Fabales,Fabaceae,"Batesia floribunda"
Equisetopsida,Rosales,Moraceae,"Batocarpus amazonicus"
Actinopterygii,Siluriformes,Pseudopimelodidae,"Batrochoglanis raninus"
Equisetopsida,Fabales,Fabaceae,"Bauhinia tarapotensis"
Equisetopsida,Poales,Cyperaceae,"Becquerelia cymosa subsp. cymosa"
Equisetopsida,Cucurbitales,Begoniaceae,"Begonia fischeri"
Equisetopsida,Cucurbitales,Begoniaceae,"Begonia semiovata"
Equisetopsida,Myrtales,Melastomataceae,"Bellucia arborescens"
Equisetopsida,Myrtales,Melastomataceae,"Bellucia pentamera"
Equisetopsida,Gentianales,Rubiaceae,"Bertiera guianensis"
Equisetopsida,Lamiales,Gesneriaceae,"Besleria aggregata"
Equisetopsida,Lamiales,Gesneriaceae,"Besleria flavovirens"
Equisetopsida,Lamiales,Bignoniaceae,"Bignonia aequinoctialis"
Equisetopsida,Lamiales,Bignoniaceae,"Bignonia sciuripabulum"
Equisetopsida,Poales,Bromeliaceae,"Billbergia tessmannii"
Actinopterygii,Cichliformes,Cichlidae,"Biotodoma cupido"
Equisetopsida,Myrtales,Melastomataceae,"Blakea rosea"
Equisetopsida,Polypodiales,Blechnaceae,"Blechnum asplenioides"
Equisetopsida,Gentianales,Apocynaceae,"Blepharodon salicinum"
Equisetopsida,Magnoliales,Annonaceae,"Bocageopsis canescens"
Actinopterygii,Characiformes,Ctenoluciidae,"Boulengerella maculata"
Actinopterygii,Characiformes,Characidae,"Brachychalcinus copei"
Actinopterygii,Gymnotiformes,Hypopomidae,"Brachyhypopomus beebei"
Mammalia,Pilosa,Bradypodidae,"Bradypus variegatus"
Equisetopsida,Fabales,Polygalaceae,"Bredemeyera myrtifolia"
Actinopterygii,Siluriformes,Callichthyidae,"Brochis splendens"
Equisetopsida,Rosales,Moraceae,"Brosimum acutifolium"
Equisetopsida,Rosales,Moraceae,"Brosimum lactescens"
Equisetopsida,Rosales,Moraceae,"Brosimum rubescens"
Aves,Psittaciformes,Psittacidae,"Brotogeris cyanoptera"
Aves,Psittaciformes,Psittacidae,"Brotogeris sanctithomae"
Aves,Psittaciformes,Psittacidae,"Brotogeris versicolurus"
Equisetopsida,Solanales,Solanaceae,"Brunfelsia grandiflora"
Actinopterygii,Characiformes,Bryconidae,"Brycon melanopterus"
Actinopterygii,Characiformes,Characidae,"Bryconops alburnoides"
Actinopterygii,Characiformes,Characidae,"Bryconops caudomaculatus"
Actinopterygii,Characiformes,Characidae,"Bryconops melanurus"
Actinopterygii,Characiformes,Bryconidae,"Brycon pesu"
Aves,Pelecaniformes,Ardeidae,"Bubulcus ibis"
Aves,Galbuliformes,Bucconidae,"Bucco capensis"
Aves,Galbuliformes,Bucconidae,"Bucco macrodactylus"
Equisetopsida,Malpighiales,Malpighiaceae,"Bunchosia hookeriana"
Equisetopsida,Malpighiales,Malpighiaceae,"Bunchosia prismatocarpa"
Actinopterygii,Siluriformes,Aspredinidae,"Bunocephalus coracoideus"
Aves,Accipitriformes,Accipitridae,"Busarellus nigricollis"
Aves,Accipitriformes,Accipitridae,"Buteo albonotatus"
Aves,Accipitriformes,Accipitridae,"Buteo brachyurus"
Aves,Accipitriformes,Accipitridae,"Buteogallus schistaceus"
Aves,Accipitriformes,Accipitridae,"Buteogallus urubitinga"
Aves,Accipitriformes,Accipitridae,"Buteo nitidus"
Aves,Pelecaniformes,Ardeidae,"Butorides striata"
Equisetopsida,Malpighiales,Malpighiaceae,"Byrsonima arthropoda"
Equisetopsida,Malpighiales,Malpighiaceae,"Byrsonima japurensis"
Equisetopsida,Malpighiales,Malpighiaceae,"Byrsonima stipulina"
Equisetopsida,Malvales,Malvaceae,"Byttneria coriacea"
Equisetopsida,Malvales,Malvaceae,"Byttneria fulva"
Aves,Passeriformes,Icteridae,"Cacicus cela"
Aves,Passeriformes,Icteridae,"Cacicus latirostris"
Aves,Passeriformes,Icteridae,"Cacicus sclateri"
Aves,Passeriformes,Icteridae,"Cacicus solitarius"
Aves,Anseriformes,Anatidae,"Cairina moschata"
Equisetopsida,Zingiberales,Marantaceae,"Calathea lutea"
Equisetopsida,Zingiberales,Marantaceae,"Calathea majestica"
Equisetopsida,Zingiberales,Marantaceae,"Calathea micans"
Equisetopsida,Zingiberales,Marantaceae,"Calathea propinqua"
Aves,Charadriiformes,Scolopacidae,"Calidris melanotos"
Equisetopsida,Fabales,Fabaceae,"Calliandra surinamensis"
Mammalia,Primates,Pitheciidae,"Callicebus (Plecturocebus) cupreus"
Equisetopsida,Lamiales,Bignoniaceae,"Callichlamys latifolia"
Actinopterygii,Siluriformes,Callichthyidae,"Callichthys callichthys"
Equisetopsida,Malpighiales,Calophyllaceae,"Calophyllum brasiliense"
Actinopterygii,Siluriformes,Pimelodidae,"Calophysus macropterus"
Equisetopsida,Gentianales,Rubiaceae,"Calycophyllum spruceanum"
Equisetopsida,Malpighiales,Violaceae,"Calyptrion arboreum"
Equisetopsida,Poales,Cyperaceae,"Calyptrocarya bicolor"
Equisetopsida,Poales,Cyperaceae,"Calyptrocarya poeppigiana"
Aves,Piciformes,Picidae,"Campephilus melanoleucos"
Aves,Piciformes,Picidae,"Campephilus rubricollis"
Equisetopsida,Fabales,Fabaceae,"Campsiandra angustifolia"
Aves,Passeriformes,Tyrannidae,"Camptostoma obsoletum"
Equisetopsida,Polypodiales,Polypodiaceae,"Campyloneurum angustifolium"
Equisetopsida,Polypodiales,Polypodiaceae,"Campyloneurum occultum"
Aves,Apodiformes,Trochilidae,"Campylopterus largipennis"
Aves,Passeriformes,Troglodytidae,"Campylorhynchus turdinus"
Aves,Passeriformes,Troglodytidae,"Cantorchilus leucotis"
Equisetopsida,Malpighiales,Euphorbiaceae,"Caperonia palustris"
Aves,Piciformes,Capitonidae,"Capito auratus"
Aves,Piciformes,Capitonidae,"Capito aurovirens"
Equisetopsida,Malpighiales,Calophyllaceae,"Caraipa densifolia"
Equisetopsida,Gentianales,Rubiaceae,"Carapichea adinantha"
Equisetopsida,Gentianales,Rubiaceae,"Carapichea affinis"
Equisetopsida,Pandanales,Cyclanthaceae,"Carludovica palmata"
Actinopterygii,Characiformes,Gasteropelecidae,"Carnegiella myersi"
Actinopterygii,Characiformes,Gasteropelecidae,"Carnegiella strigata"
Mammalia,Chiroptera,Phyllostomidae,"Carollia brevicauda"
Mammalia,Chiroptera,Phyllostomidae,"Carollia castanea"
Mammalia,Chiroptera,Phyllostomidae,"Carollia perspicillata"
Equisetopsida,Malpighiales,Achariaceae,"Carpotroche longifolia"
Equisetopsida,Malpighiales,Caryocaraceae,"Caryocar glabrum"
Equisetopsida,Malpighiales,Caryocaraceae,"Caryocar harlingii"
Equisetopsida,Malpighiales,Caryocaraceae,"Caryocar microcarpum"
Equisetopsida,Malpighiales,Salicaceae,"Casearia arborea"
Equisetopsida,Malpighiales,Salicaceae,"Casearia fasciculata"
Equisetopsida,Malpighiales,Salicaceae,"Casearia obovalis"
Equisetopsida,Malpighiales,Salicaceae,"Casearia pitumba"
Equisetopsida,Malpighiales,Salicaceae,"Casearia prunifolia"
Equisetopsida,Malpighiales,Salicaceae,"Casearia resinifera"
Equisetopsida,Malpighiales,Salicaceae,"Casearia sylvestris"
Equisetopsida,Malpighiales,Salicaceae,"Casearia uleana"
Equisetopsida,Asterales,Asteraceae,"Cassipourea peruviana"
Aves,Cathartiformes,Cathartidae,"Cathartes aura"
Aves,Cathartiformes,Cathartidae,"Cathartes burrovianus"
Aves,Cathartiformes,Cathartidae,"Cathartes melambrotus"
Aves,Passeriformes,Turdidae,"Catharus ustulatus"
Equisetopsida,Cucurbitales,Cucurbitaceae,"Cayaponia amazonica"
Equisetopsida,Cucurbitales,Cucurbitaceae,"Cayaponia glandulosa"
Equisetopsida,Cucurbitales,Cucurbitaceae,"Cayaponia granatensis"
Mammalia,Primates,Cebidae,"Cebuella pygmaea"
Mammalia,Primates,Cebidae,"Cebus (Cebus) albifrons"
Mammalia,Primates,Cebidae,"Cebus (Sapajus) apella"
Equisetopsida,Rosales,Urticaceae,"Cecropia engleriana"
Equisetopsida,Rosales,Urticaceae,"Cecropia ficifolia"
Equisetopsida,Rosales,Urticaceae,"Cecropia latiloba"
Equisetopsida,Rosales,Urticaceae,"Cecropia litoralis"
Equisetopsida,Rosales,Urticaceae,"Cecropia membranacea"
Equisetopsida,Sapindales,Meliaceae,"Cedrela odorata"
Equisetopsida,Malvales,Malvaceae,"Ceiba pentandra"
Equisetopsida,Malvales,Malvaceae,"Ceiba samauma"
Aves,Piciformes,Picidae,"Celeus elegans"
Aves,Piciformes,Picidae,"Celeus flavus"
Aves,Piciformes,Picidae,"Celeus grammicus"
Aves,Piciformes,Picidae,"Celeus torquatus"
Equisetopsida,Rosales,Cannabaceae,"Celtis iguanaea"
Actinopterygii,Siluriformes,Auchenipteridae,"Centromochlus existimatus"
Equisetopsida,Asterales,Campanulaceae,"Centropogon cornutus"
Aves,Passeriformes,Cotingidae,"Cephalopterus ornatus"
Aves,Passeriformes,Thamnophilidae,"Cercomacra cinerascens"
Aves,Passeriformes,Thamnophilidae,"Cercomacroides nigrescens"
Aves,Passeriformes,Furnariidae,"Certhiasomus stictolaemus"
Aves,Passeriformes,Furnariidae,"Certhiaxis mustelinus"
Equisetopsida,Malpighiales,Ochnaceae,"Cespedesia spathulata"
Equisetopsida,Solanales,Solanaceae,"Cestrum loretense"
Equisetopsida,Solanales,Solanaceae,"Cestrum microcalyx"
Actinopterygii,Siluriformes,Cetopsidae,"Cetopsis coecutiens"
Actinopterygii,Siluriformes,Cetopsidae,"Cetopsis oliveirai"
Actinopterygii,Cichliformes,Cichlidae,"Chaetobranchus flavescens"
Aves,Apodiformes,Apodidae,"Chaetura brachyura"
Aves,Apodiformes,Apodidae,"Chaetura cinereiventris"
Actinopterygii,Characiformes,Chalceidae,"Chalceus erythrurus"
Equisetopsida,Arecales,Arecaceae,"Chamaedorea pinnatifrons"
Equisetopsida,Caryophyllales,Amaranthaceae,"Chamissoa altissima"
Aves,Charadriiformes,Charadriidae,"Charadrius collaris"
Actinopterygii,Characiformes,Characidae,"Charax gibbosus"
Actinopterygii,Characiformes,Characidae,"Charax michaeli"
Equisetopsida,Celastrales,Celastraceae,"Cheiloclinium hippocrateoides"
Actinopterygii,Siluriformes,Pimelodidae,"Cheirocerus goeldii"
Aves,Galbuliformes,Bucconidae,"Chelidoptera tenebrosa"
Aves,Apodiformes,Trochilidae,"Chionomesa fimbriata"
Aves,Apodiformes,Trochilidae,"Chionomesa lactea"
Mammalia,Chiroptera,Phyllostomidae,"Chiroderma trinitatum"
Mammalia,Chiroptera,Phyllostomidae,"Chiroderma villosum"
Aves,Apodiformes,Trochilidae,"Chlorestes cyanus"
Aves,Apodiformes,Trochilidae,"Chlorestes notata"
Aves,Coraciiformes,Alcedinidae,"Chloroceryle aenea"
Aves,Coraciiformes,Alcedinidae,"Chloroceryle amazona"
Aves,Coraciiformes,Alcedinidae,"Chloroceryle americana"
Aves,Coraciiformes,Alcedinidae,"Chloroceryle inda"
Aves,Passeriformes,Thraupidae,"Chlorophanes spiza"
Aves,Apodiformes,Trochilidae,"Chlorostilbon mellisugus"
Equisetopsida,Gentianales,Rubiaceae,"Chomelia tenuiflora"
Equisetopsida,Ranunculales,Menispermaceae,"Chondrodendron tomentosum"
Aves,Accipitriformes,Accipitridae,"Chondrohierax uncinatus"
Aves,Caprimulgiformes,Caprimulgidae,"Chordeiles rupestris"
Mammalia,Chiroptera,Phyllostomidae,"Chrotopterus auritus"
Aves,Passeriformes,Icteridae,"Chrysomus icterocephalus"
Equisetopsida,Ericales,Sapotaceae,"Chrysophyllum argenteum"
Equisetopsida,Ericales,Sapotaceae,"Chrysophyllum manaosense"
Equisetopsida,Ericales,Sapotaceae,"Chrysophyllum sanguinolentum subsp. spurium"
Actinopterygii,Cichliformes,Cichlidae,"Cichla monoculus"
Actinopterygii,Cichliformes,Cichlidae,"Cichlasoma amazonarum"
Equisetopsida,Gentianales,Rubiaceae,"Ciliosemina pedunculata"
Equisetopsida,Ranunculales,Menispermaceae,"Cissampelos andromorpha"
Aves,Passeriformes,Thraupidae,"Cissopis leverianus"
Equisetopsida,Vitales,Vitaceae,"Cissus erosa"
Equisetopsida,Vitales,Vitaceae,"Cissus microcarpa"
Equisetopsida,Vitales,Vitaceae,"Cissus verticillata subsp. verticillata"
Equisetopsida,Lamiales,Verbenaceae,"Citharexylum poeppigii"
Aves,Columbiformes,Columbidae,"Claravis pretiosa"
Equisetopsida,Rosales,Moraceae,"Clarisia biflora"
Equisetopsida,Rosales,Moraceae,"Clarisia ilicifolia"
Equisetopsida,Rosales,Moraceae,"Clarisia racemosa"
Equisetopsida,Ericales,Primulaceae,"Clavija elliptica"
Equisetopsida,Ericales,Primulaceae,"Clavija weberbaueri"
Equisetopsida,Brassicales,Cleomaceae,"Cleome longipes"
Equisetopsida,Fabales,Fabaceae,"Clitoria arborea var. arborea"
Equisetopsida,Fabales,Fabaceae,"Clitoria javitensis var. grandifolia"
Equisetopsida,Malpighiales,Clusiaceae,"Clusia flavida"
Equisetopsida,Malpighiales,Clusiaceae,"Clusia hammeliana"
Equisetopsida,Malpighiales,Clusiaceae,"Clusia martiana"
Equisetopsida,Malpighiales,Clusiaceae,"Clusia penduliflora"
Equisetopsida,Malpighiales,Clusiaceae,"Clusia sipapoana"
Equisetopsida,Malpighiales,Calophyllaceae,"Clusiella axillaris"
Aves,Passeriformes,Tyrannidae,"Cnipodectes subbrunneus"
Equisetopsida,Caryophyllales,Polygonaceae,"Coccoloba acuminata"
Equisetopsida,Caryophyllales,Polygonaceae,"Coccoloba ascendens"
Equisetopsida,Caryophyllales,Polygonaceae,"Coccoloba densifrons"
Equisetopsida,Caryophyllales,Polygonaceae,"Coccoloba mollis"
Equisetopsida,Caryophyllales,Polygonaceae,"Coccoloba nutans"
Equisetopsida,Caryophyllales,Polygonaceae,"Coccoloba padiformis"
Equisetopsida,Caryophyllales,Polygonaceae,"Coccoloba peruviana"
Aves,Cuculiformes,Cuculidae,"Coccycua minuta"
Aves,Cuculiformes,Cuculidae,"Coccyzus americanus"
Aves,Cuculiformes,Cuculidae,"Coccyzus melacoryphus"
Aves,Pelecaniformes,Ardeidae,"Cochlearius cochlearius"
Equisetopsida,Lamiales,Gesneriaceae,"Codonanthe uleana"
Mammalia,Rodentia,Erethizontidae,"Coendou bicolor"
Mammalia,Rodentia,Erethizontidae,"Coendou prehensilis"
Aves,Passeriformes,Thraupidae,"Coereba flaveola"
Aves,Piciformes,Picidae,"Colaptes punctigula"
Actinopterygii,Tetraodontiformes,Tetraodontidae,"Colomesus asellus"
Actinopterygii,Characiformes,Serrasalmidae,"Colossoma macropomum"
Aves,Columbiformes,Columbidae,"Columbina talpacoti"
Equisetopsida,Myrtales,Combretaceae,"Combretum fruticosum"
Equisetopsida,Myrtales,Combretaceae,"Combretum laxum"
Equisetopsida,Myrtales,Combretaceae,"Combretum llewelynii"
Equisetopsida,Myrtales,Combretaceae,"Combretum paraguariense"
Equisetopsida,Commelinales,Commelinaceae,"Commelina rufipes var. rufipes"
Equisetopsida,Malpighiales,Euphorbiaceae,"Conceveiba guianensis"
Equisetopsida,Malpighiales,Euphorbiaceae,"Conceveiba rhytidocarpa"
Equisetopsida,Malpighiales,Euphorbiaceae,"Conceveiba terminalis"
Equisetopsida,Sapindales,Rutaceae,"Conchocarpus acuminatus"
Equisetopsida,Oxalidales,Connaraceae,"Connarus fasciculatus subsp. pachyneurus"
Equisetopsida,Oxalidales,Connaraceae,"Connarus wurdackii"
Aves,Passeriformes,Conopophagidae,"Conopophaga peruviana"
Aves,Passeriformes,Tyrannidae,"Contopus virens"
Equisetopsida,Fabales,Fabaceae,"Copaifera paupera"
Actinopterygii,Characiformes,Lebiasinidae,"Copeina guttata"
Actinopterygii,Characiformes,Lebiasinidae,"Copeina osgoodi"
Aves,Cathartiformes,Cathartidae,"Coragyps atratus"
Equisetopsida,Lamiales,Cordiaceae,"Cordia collococca"
Equisetopsida,Lamiales,Cordiaceae,"Cordia kingstoniana"
Equisetopsida,Lamiales,Cordiaceae,"Cordia lutea"
Equisetopsida,Lamiales,Cordiaceae,"Cordia nodosa"
Equisetopsida,Lamiales,Cordiaceae,"Cordia ucayaliensis"
Equisetopsida,Gentianales,Rubiaceae,"Cordiera killipii"
Actinopterygii,Siluriformes,Callichthyidae,"Corydoras ambiacus"
Actinopterygii,Siluriformes,Callichthyidae,"Corydoras leucomelas"
Actinopterygii,Siluriformes,Callichthyidae,"Corydoras pygmaeus"
Actinopterygii,Siluriformes,Callichthyidae,"Corydoras stenocephalus"
Equisetopsida,Zingiberales,Costaceae,"Costus arabicus"
Equisetopsida,Zingiberales,Costaceae,"Costus guanaiensis var. guanaiensis"
Equisetopsida,Zingiberales,Costaceae,"Costus guanaiensis var. macrostrobilus"
Equisetopsida,Zingiberales,Costaceae,"Costus scaber"
Equisetopsida,Zingiberales,Costaceae,"Costus varzearum"
Aves,Passeriformes,Cotingidae,"Cotinga cayana"
Aves,Passeriformes,Cotingidae,"Cotinga maynana"
Equisetopsida,Malpighiales,Chrysobalanaceae,"Couepia bernardii"
Equisetopsida,Malpighiales,Chrysobalanaceae,"Couepia paraensis subsp. glaucescens"
Equisetopsida,Malpighiales,Chrysobalanaceae,"Couepia subcordata"
Equisetopsida,Malpighiales,Chrysobalanaceae,"Couepia ulei"
Equisetopsida,Ericales,Lecythidaceae,"Couroupita guianensis"
Equisetopsida,Ericales,Lecythidaceae,"Couroupita subsessilis"
Equisetopsida,Rosales,Urticaceae,"Coussapoa asperifolia"
Equisetopsida,Rosales,Urticaceae,"Coussapoa trinervia"
Equisetopsida,Gentianales,Rubiaceae,"Coussarea brevicaulis"
Equisetopsida,Gentianales,Rubiaceae,"Coussarea hirticalyx"
Equisetopsida,Gentianales,Rubiaceae,"Coussarea longiflora"
Equisetopsida,Gentianales,Rubiaceae,"Coussarea paniculata"
Aves,Passeriformes,Furnariidae,"Cranioleuca gutturata"
Equisetopsida,Brassicales,Capparaceae,"Crateva tapia"
Aves,Galliformes,Cracidae,"Crax globulosa"
Equisetopsida,Magnoliales,Annonaceae,"Cremastosperma cauliflorum"
Equisetopsida,Magnoliales,Annonaceae,"Cremastosperma gracilipes"
Equisetopsida,Magnoliales,Annonaceae,"Cremastosperma megalophyllum"
Equisetopsida,Magnoliales,Annonaceae,"Cremastosperma microcarpum"
Actinopterygii,Cichliformes,Cichlidae,"Crenicichla cincta"
Actinopterygii,Cichliformes,Cichlidae,"Crenicichla cyanonotus"
Actinopterygii,Cichliformes,Cichlidae,"Crenicichla lucius"
Actinopterygii,Cichliformes,Cichlidae,"Crenicichla proteus"
Equisetopsida,Lamiales,Bignoniaceae,"Crescentia amazonica"
Equisetopsida,Fabales,Fabaceae,"Crotalaria retusa"
Equisetopsida,Malpighiales,Euphorbiaceae,"Croton cuneatus"
Equisetopsida,Malpighiales,Euphorbiaceae,"Croton palanostigma"
Equisetopsida,Malpighiales,Euphorbiaceae,"Croton trinitatis"
Aves,Cuculiformes,Cuculidae,"Crotophaga ani"
Aves,Cuculiformes,Cuculidae,"Crotophaga major"
Equisetopsida,Fabales,Fabaceae,"Crudia glaberrima"
Aves,Tinamiformes,Tinamidae,"Crypturellus cinereus"
Aves,Tinamiformes,Tinamidae,"Crypturellus soui"
Aves,Tinamiformes,Tinamidae,"Crypturellus undulatus"
Actinopterygii,Characiformes,Characidae,"Ctenobrycon hauxwellianus"
Actinopterygii,Characiformes,Characidae,"Ctenobrycon spilurus"
Mammalia,Rodentia,Cuniculidae,"Cuniculus paca"
Equisetopsida,Sapindales,Sapindaceae,"Cupania latifolia"
Equisetopsida,Myrtales,Lythraceae,"Cuphea melvilla"
Equisetopsida,Ranunculales,Menispermaceae,"Curarea tecunarum"
Equisetopsida,Ranunculales,Menispermaceae,"Curarea toxicofera"
Actinopterygii,Characiformes,Curimatidae,"Curimata aspera"
Actinopterygii,Characiformes,Curimatidae,"Curimata cisandina"
Actinopterygii,Characiformes,Curimatidae,"Curimata roseni"
Actinopterygii,Characiformes,Curimatidae,"Curimata vittata"
Actinopterygii,Characiformes,Curimatidae,"Curimatella meyeri"
Actinopterygii,Characiformes,Curimatidae,"Curimatopsis macrolepis"
Aves,Passeriformes,Thraupidae,"Cyanerpes caeruleus"
Aves,Passeriformes,Thraupidae,"Cyanerpes nitidus"
Aves,Passeriformes,Corvidae,"Cyanocorax violaceus"
Aves,Passeriformes,Cardinalidae,"Cyanoloxia rothschildii"
Equisetopsida,Cyatheales,Cyatheaceae,"Cyathea lasiosora"
Equisetopsida,Cyatheales,Cyatheaceae,"Cyathea microdonta"
Equisetopsida,Caryophyllales,Amaranthaceae,"Cyathula prostrata"
Equisetopsida,Ericales,Primulaceae,"Cybianthus occigranatensis"
Equisetopsida,Ericales,Primulaceae,"Cybianthus peruvianus"
Equisetopsida,Ericales,Primulaceae,"Cybianthus reticulatus"
Equisetopsida,Ericales,Myrsinaceae,"Cybianthus spichigeri"
Equisetopsida,Ericales,Primulaceae,"Cyclanthus bipartitus"
Aves,Passeriformes,Vireonidae,"Cyclarhis gujanensis"
Equisetopsida,Fabales,Fabaceae,"Cymbosema roseum"
Equisetopsida,Fabales,Fabaceae,"Cynometra bauhiniifolia"
Equisetopsida,Poales,Cyperaceae,"Cyperus involucratus"
Equisetopsida,Poales,Cyperaceae,"Cyperus odoratus"
Actinopterygii,Characiformes,Curimatidae,"Cyphocharax festivus"
Actinopterygii,Characiformes,Curimatidae,"Cyphocharax spiluropsis"
Aves,Passeriformes,Troglodytidae,"Cyphorhinus arada"
Aves,Passeriformes,Thraupidae,"Dacnis cayana"
Aves,Passeriformes,Thraupidae,"Dacnis flaviventer"
Aves,Passeriformes,Thraupidae,"Dacnis lineata"
Mammalia,Rodentia,Echimyidae,"Dactylomys dactylinus"
Equisetopsida,Fabales,Fabaceae,"Dalbergia frutescens"
Equisetopsida,Fabales,Fabaceae,"Dalbergia monetaria"
Equisetopsida,Fabales,Fabaceae,"Dalbergia riedelii"
Equisetopsida,Malpighiales,Euphorbiaceae,"Dalechampia gentryi"
Equisetopsida,Malpighiales,Euphorbiaceae,"Dalechampia micrantha"
Aves,Falconiformes,Falconidae,"Daptrius ater"
Mammalia,Rodentia,Dasyproctidae,"Dasyprocta fuliginosa"
Mammalia,Cingulata,Dasypodidae,"Dasypus novemcinctus"
Mammalia,Cingulata,Dasypodidae,"Dasypus pastasae"
Equisetopsida,Dilleniales,Dilleniaceae,"Davilla nitida"
Aves,Passeriformes,Furnariidae,"Deconychura longicauda"
Equisetopsida,Fabales,Fabaceae,"Deguelia densiflora"
Aves,Passeriformes,Furnariidae,"Dendrexetastes rufigula"
Equisetopsida,Apiales,Araliaceae,"Dendrobangia boliviana"
Aves,Passeriformes,Furnariidae,"Dendrocincla fuliginosa"
Aves,Passeriformes,Furnariidae,"Dendrocolaptes certhia"
Aves,Passeriformes,Furnariidae,"Dendrocolaptes picumnus"
Aves,Anseriformes,Anatidae,"Dendrocygna autumnalis"
Aves,Anseriformes,Anatidae,"Dendrocygna bicolor"
Equisetopsida,Apiales,Araliaceae,"Dendropanax arboreus"
Equisetopsida,Apiales,Araliaceae,"Dendropanax macropodus"
Equisetopsida,Apiales,Araliaceae,"Dendropanax tessmannii"
Aves,Passeriformes,Furnariidae,"Dendroplex picus"
Equisetopsida,Fabales,Fabaceae,"Desmodium purpusii"
Mammalia,Chiroptera,Phyllostomidae,"Desmodus rotundus"
Equisetopsida,Arecales,Arecaceae,"Desmoncus polyacanthos"
Actinopterygii,Siluriformes,Callichthyidae,"Dianema longibarbis"
Equisetopsida,Commelinales,Commelinaceae,"Dichorisandra hexandra"
Equisetopsida,Commelinales,Commelinaceae,"Dichorisandra ulei"
Equisetopsida,Fabales,Polygalaceae,"Diclidanthera penduliflora"
Equisetopsida,Magnoliales,Annonaceae,"Diclinanona tessmannii"
Mammalia,Cetartiodactyla,Tayassuidae,"Dicotyles tajacu"
Equisetopsida,Solanales,Convolvulaceae,"Dicranostyles ampla"
Equisetopsida,Solanales,Convolvulaceae,"Dicranostyles holostyla"
Mammalia,Didelphimorphia,Didelphidae,"Didelphis marsupialis"
Equisetopsida,Malpighiales,Phyllanthaceae,"Didymocistus chrysadenius"
Equisetopsida,Apiales,Araliaceae,"Didymopanax confusus"
Equisetopsida,Zingiberales,Costaceae,"Dimerocostus strobilaceus"
Equisetopsida,Fabales,Fabaceae,"Dimorphandra caudata"
Equisetopsida,Dioscoreales,Dioscoreaceae,"Dioscorea altissima"
Equisetopsida,Dioscoreales,Dioscoreaceae,"Dioscorea meridensis"
Equisetopsida,Ericales,Ebenaceae,"Diospyros artanthifolia"
Equisetopsida,Ericales,Ebenaceae,"Diospyros manu"
Equisetopsida,Ericales,Ebenaceae,"Diospyros nanay"
Equisetopsida,Ericales,Ebenaceae,"Diospyros poeppigiana"
Equisetopsida,Poales,Cyperaceae,"Diplasia karatifolia"
Equisetopsida,Malpighiales,Malpighiaceae,"Diplopterys lucida"
Equisetopsida,Ranunculales,Menispermaceae,"Disciphania dioscoreoides"
Equisetopsida,Ranunculales,Menispermaceae,"Disciphania tessmannii"
Equisetopsida,Aquifoliales,Stemonuraceae,"Discophora guianensis"
Equisetopsida,Malpighiales,Euphorbiaceae,"Dodecastigma amazonicum"
Equisetopsida,Dilleniales,Dilleniaceae,"Doliocarpus brevipedicellatus"
Equisetopsida,Dilleniales,Dilleniaceae,"Doliocarpus dentatus"
Equisetopsida,Dilleniales,Dilleniaceae,"Doliocarpus olivaceus"
Aves,Passeriformes,Donacobiidae,"Donacobius atricapilla"
Actinopterygii,Siluriformes,Doradidae,"Doras punctatus"
Equisetopsida,Lamiales,Gesneriaceae,"Drymonia coccinea"
Equisetopsida,Lamiales,Gesneriaceae,"Drymonia doratostyla"
Equisetopsida,Lamiales,Gesneriaceae,"Drymonia semicordata"
Equisetopsida,Lamiales,Gesneriaceae,"Drymonia serrulata"
Equisetopsida,Lamiales,Gesneriaceae,"Drymonia warszewicziana"
Aves,Piciformes,Picidae,"Dryobates affinis"
Aves,Piciformes,Picidae,"Dryobates passerinus"
Aves,Piciformes,Picidae,"Dryocopus lineatus"
Equisetopsida,Rosales,Cannabaceae,"Drypetes amazonica"
Equisetopsida,Magnoliales,Annonaceae,"Duguetia macrophylla"
Equisetopsida,Magnoliales,Annonaceae,"Duguetia odorata"
Equisetopsida,Magnoliales,Annonaceae,"Duguetia quitarensis"
Equisetopsida,Magnoliales,Annonaceae,"Duguetia spixiana"
Actinopterygii,Siluriformes,Pimelodidae,"Duopalatinus peruanus"
Equisetopsida,Gentianales,Rubiaceae,"Duroia duckei"
Equisetopsida,Gentianales,Rubiaceae,"Duroia fusifera"
Equisetopsida,Gentianales,Rubiaceae,"Duroia hirsuta"
Equisetopsida,Gentianales,Rubiaceae,"Duroia micrantha"
Equisetopsida,Gentianales,Rubiaceae,"Duroia saccifera"
Equisetopsida,Ericales,Sapotaceae,"Ecclinusa lanceolata"
Equisetopsida,Ericales,Sapotaceae,"Ecclinusa ramiflora"
Equisetopsida,Alismatales,Alismataceae,"Echinodorus longipetalus"
Equisetopsida,Asterales,Asteraceae,"Eclipta prostrata"
Aves,Pelecaniformes,Ardeidae,"Egretta thula"
Equisetopsida,Commelinales,Pontederiaceae,"Eichhornia crassipes"
Actinopterygii,Gymnotiformes,Sternopygidae,"Eigenmannia macrops"
Actinopterygii,Gymnotiformes,Sternopygidae,"Eigenmannia virescens"
Mammalia,Carnivora,Mustelidae,"Eira barbara"
Actinopterygii,Characiformes,Crenuchidae,"Elachocharax pulcher"
Equisetopsida,Ericales,Sapotaceae,"Elaeoluma glabrescens"
Aves,Accipitriformes,Accipitridae,"Elanoides forficatus"
Equisetopsida,Polypodiales,Dryopteridaceae,"Elaphoglossum obovatum"
Aves,Coraciiformes,Momotidae,"Electron platyrhynchum"
Actinopterygii,Gymnotiformes,Gymnotidae,"Electrophorus electricus"
Equisetopsida,Metteniusales,Metteniusaceae,"Emmotum floribundum"
Aves,Passeriformes,Tyrannidae,"Empidonomus aurantioatrocristatus"
Aves,Passeriformes,Tyrannidae,"Empidonomus varius"
Equisetopsida,Laurales,Lauraceae,"Endlicheria acuminata"
Equisetopsida,Laurales,Lauraceae,"Endlicheria anomala"
Equisetopsida,Laurales,Lauraceae,"Endlicheria arachnocome"
Equisetopsida,Laurales,Lauraceae,"Endlicheria bracteata"
Equisetopsida,Laurales,Lauraceae,"Endlicheria citriodora"
Equisetopsida,Laurales,Lauraceae,"Endlicheria directonervia"
Equisetopsida,Laurales,Lauraceae,"Endlicheria formosa"
Equisetopsida,Laurales,Lauraceae,"Endlicheria krukovii"
Equisetopsida,Laurales,Lauraceae,"Endlicheria paniculata"
Equisetopsida,Laurales,Lauraceae,"Endlicheria robusta"
Equisetopsida,Laurales,Lauraceae,"Endlicheria verticillata"
Equisetopsida,Asparagales,Orchidaceae,"Epidendrum anceps"
Equisetopsida,Asparagales,Orchidaceae,"Epidendrum flexuosum"
Equisetopsida,Asparagales,Orchidaceae,"Epidendrum macrocarpum"
Equisetopsida,Asparagales,Orchidaceae,"Epidendrum microphyllum"
Equisetopsida,Asparagales,Orchidaceae,"Epidendrum nocturnum"
Equisetopsida,Asparagales,Orchidaceae,"Epidendrum orchidiflorum"
Equisetopsida,Asparagales,Orchidaceae,"Epidendrum rigidum"
Aves,Passeriformes,Thamnophilidae,"Epinecrophylla haematonota"
Equisetopsida,Caryophyllales,Cactaceae,"Epiphyllum phyllanthus"
Equisetopsida,Asparagales,Orchidaceae,"Epistephium parviflorum"
Equisetopsida,Asterales,Asteraceae,"Erechtites hieraciifolius"
Equisetopsida,Myrtales,Vochysiaceae,"Erisma bicolor"
Equisetopsida,Asparagales,Orchidaceae,"Erycina pusilla"
Equisetopsida,Fabales,Fabaceae,"Erythrina amazonica"
Equisetopsida,Fabales,Fabaceae,"Erythrina fusca"
Actinopterygii,Characiformes,Erythrinidae,"Erythrinus erythrinus"
Equisetopsida,Malpighiales,Erythroxylaceae,"Erythroxylum macrophyllum"
Equisetopsida,Malpighiales,Erythroxylaceae,"Erythroxylum spruceanum"
Equisetopsida,Malpighiales,Erythroxylaceae,"Erythroxylum vasquezii"
Equisetopsida,Ericales,Lecythidaceae,"Eschweilera albiflora"
Equisetopsida,Ericales,Lecythidaceae,"Eschweilera coriacea"
Equisetopsida,Ericales,Lecythidaceae,"Eschweilera juruensis"
Equisetopsida,Ericales,Lecythidaceae,"Eschweilera ovalifolia"
Equisetopsida,Ericales,Lecythidaceae,"Eschweilera parviflora"
Equisetopsida,Ericales,Lecythidaceae,"Eschweilera tenuifolia"
Equisetopsida,Ericales,Lecythidaceae,"Eschweilera tessmannii"
Aves,Piciformes,Capitonidae,"Eubucco richardsoni"
Aves,Passeriformes,Thraupidae,"Eucometis penicillata"
Equisetopsida,Cornales,Myrtaceae,"Eugenia biflora"
Equisetopsida,Cornales,Myrtaceae,"Eugenia dibrachiata"
Equisetopsida,Cornales,Myrtaceae,"Eugenia discreta"
Equisetopsida,Cornales,Myrtaceae,"Eugenia dittocrepis"
Equisetopsida,Myrtales,Myrtaceae,"Eugenia egensis"
Equisetopsida,Myrtales,Myrtaceae,"Eugenia feijoi"
Equisetopsida,Cornales,Myrtaceae,"Eugenia florida"
Equisetopsida,Cornales,Myrtaceae,"Eugenia heterochroma"
Equisetopsida,Cornales,Myrtaceae,"Eugenia inundata"
Equisetopsida,Cornales,Myrtaceae,"Eugenia lambertiana"
Equisetopsida,Cornales,Myrtaceae,"Eugenia marowynensis"
Equisetopsida,Cornales,Myrtaceae,"Eugenia multirimosa"
Equisetopsida,Cornales,Myrtaceae,"Eugenia muricata"
Equisetopsida,Cornales,Myrtaceae,"Eugenia patrisii"
Equisetopsida,Myrtales,Myrtaceae,"Eugenia polystachya"
Equisetopsida,Cornales,Myrtaceae,"Eugenia scalariformis"
Equisetopsida,Myrtales,Myrtaceae,"Eugenia schunkei"
Equisetopsida,Gentianales,Rubiaceae,"Eumachia albert-smithii"
Equisetopsida,Gentianales,Rubiaceae,"Eumachia huallagae"
Equisetopsida,Gentianales,Rubiaceae,"Eumachia podocephala"
Aves,Passeriformes,Fringillidae,"Euphonia chrysopasta"
Aves,Passeriformes,Fringillidae,"Euphonia laniirostris"
Aves,Passeriformes,Fringillidae,"Euphonia minuta"
Aves,Passeriformes,Fringillidae,"Euphonia rufiventris"
Aves,Passeriformes,Fringillidae,"Euphonia xanthogaster"
Aves,Eurypygiformes,Eurypygidae,"Eurypyga helias"
Equisetopsida,Arecales,Arecaceae,"Euterpe precatoria"
Equisetopsida,Pandanales,Cyclanthaceae,"Evodianthus funifer"
Aves,Falconiformes,Falconidae,"Falco rufigularis"
Equisetopsida,Gentianales,Rubiaceae,"Faramea cuencana"
Equisetopsida,Gentianales,Rubiaceae,"Faramea multiflora"
Equisetopsida,Gentianales,Rubiaceae,"Faramea quinqueflora"
Equisetopsida,Gentianales,Rubiaceae,"Faramea tamberlikiana"
Actinopterygii,Siluriformes,Loricariidae,"Farlowella amazona"
Equisetopsida,Cucurbitales,Cucurbitaceae,"Fevillea cordifolia"
Equisetopsida,Rosales,Moraceae,"Ficus americana"
Equisetopsida,Rosales,Moraceae,"Ficus americana subsp. guianensis"
Equisetopsida,Rosales,Moraceae,"Ficus caballina"
Equisetopsida,Rosales,Moraceae,"Ficus citrifolia"
Equisetopsida,Rosales,Moraceae,"Ficus eximia"
Equisetopsida,Rosales,Moraceae,"Ficus gomelleira"
Equisetopsida,Rosales,Moraceae,"Ficus insipida"
Equisetopsida,Rosales,Moraceae,"Ficus maxima"
Equisetopsida,Rosales,Moraceae,"Ficus obtusifolia"
Equisetopsida,Rosales,Moraceae,"Ficus pallida"
Equisetopsida,Rosales,Moraceae,"Ficus paludica"
Equisetopsida,Rosales,Moraceae,"Ficus paraensis"
Equisetopsida,Rosales,Moraceae,"Ficus pertusa"
Equisetopsida,Rosales,Moraceae,"Ficus piresiana"
Equisetopsida,Rosales,Moraceae,"Ficus popenoei"
Equisetopsida,Rosales,Moraceae,"Ficus sphenophylla"
Equisetopsida,Rosales,Moraceae,"Ficus trigona"
Equisetopsida,Rosales,Moraceae,"Ficus ypsilophlebia"
Equisetopsida,Gentianales,Apocynaceae,"Fischeria stellata"
Equisetopsida,Lamiales,Acanthaceae,"Fittonia albivenis"
Aves,Apodiformes,Trochilidae,"Florisuga mellivora"
Equisetopsida,Commelinales,Commelinaceae,"Floscopa elegans"
Equisetopsida,Commelinales,Commelinaceae,"Floscopa peruviana"
Equisetopsida,Commelinales,Commelinaceae,"Floscopa robusta var. robusta"
Aves,Passeriformes,Formicariidae,"Formicarius analis"
Aves,Passeriformes,Formicariidae,"Formicarius colma"
Aves,Psittaciformes,Psittacidae,"Forpus modestus"
Aves,Psittaciformes,Psittacidae,"Forpus xanthopterygius"
Equisetopsida,Gentianales,Apocynaceae,"Forsteronia brevifolia"
Equisetopsida,Lamiales,Bignoniaceae,"Fridericia bracteolata"
Equisetopsida,Lamiales,Bignoniaceae,"Fridericia florida"
Equisetopsida,Lamiales,Bignoniaceae,"Fridericia spicata"
Equisetopsida,Malpighiales,Ochnaceae,"Froesia diffusa"
Equisetopsida,Gentianales,Apocynaceae,"Funastrum clausum"
Aves,Passeriformes,Furnariidae,"Furnarius leucopus"
Aves,Passeriformes,Furnariidae,"Furnarius minor"
Aves,Passeriformes,Furnariidae,"Furnarius torridus"
Equisetopsida,Magnoliales,Annonaceae,"Fusaea longifolia"
Aves,Galbuliformes,Galbulidae,"Galbalcyrhynchus leucotis"
Aves,Galbuliformes,Galbulidae,"Galbula albirostris"
Aves,Galbuliformes,Galbulidae,"Galbula cyanescens"
Aves,Galbuliformes,Galbulidae,"Galbula cyanicollis"
Aves,Galbuliformes,Galbulidae,"Galbula tombacea"
Actinopterygii,Characiformes,Characidae,"Galeocharax gulo"
Equisetopsida,Ericales,Sapotaceae,"Gambeya boiviniana"
Equisetopsida,Malpighiales,Clusiaceae,"Garcinia brasiliensis"
Equisetopsida,Malpighiales,Clusiaceae,"Garcinia gardneriana"
Equisetopsida,Malpighiales,Clusiaceae,"Garcinia guacopary"
Equisetopsida,Malpighiales,Clusiaceae,"Garcinia intermedia"
Equisetopsida,Malpighiales,Clusiaceae,"Garcinia macrophylla"
Equisetopsida,Malpighiales,Clusiaceae,"Garcinia madruno"
Equisetopsida,Gentianales,Rubiaceae,"Genipa americana"
Equisetopsida,Gentianales,Rubiaceae,"Genipa spruceana"
Equisetopsida,Arecales,Arecaceae,"Geonoma baculifera"
Equisetopsida,Arecales,Arecaceae,"Geonoma brongniartii"
Equisetopsida,Arecales,Arecaceae,"Geonoma laxiflora"
Equisetopsida,Arecales,Arecaceae,"Geonoma leptospadix"
Equisetopsida,Arecales,Arecaceae,"Geonoma macrostachys"
Equisetopsida,Arecales,Arecaceae,"Geonoma maxima"
Equisetopsida,Arecales,Arecaceae,"Geonoma orbignyana"
Equisetopsida,Arecales,Arecaceae,"Geonoma poeppigiana"
Equisetopsida,Arecales,Arecaceae,"Geonoma poiteauana"
Equisetopsida,Gentianales,Rubiaceae,"Geophila cordifolia var. peruviana"
Equisetopsida,Gentianales,Rubiaceae,"Geophila repens"
Aves,Columbiformes,Columbidae,"Geotrygon montana"
Aves,Accipitriformes,Accipitridae,"Geranospiza caerulescens"
Equisetopsida,Malpighiales,Euphorbiaceae,"Gitara nicaraguensis"
Aves,Strigiformes,Strigidae,"Glaucidium brasilianum"
Aves,Apodiformes,Trochilidae,"Glaucis hirsutus"
Equisetopsida,Gleicheniales,Gleicheniaceae,"Gleichenella pectinata"
Equisetopsida,Malpighiales,Violaceae,"Gloeospermum equatoriense"
Equisetopsida,Malpighiales,Violaceae,"Gloeospermum sphaerocarpum"
Equisetopsida,Malpighiales,Euphorbiaceae,"Glycydendron amazonicum"
Aves,Passeriformes,Furnariidae,"Glyphorynchus spirurus"
Actinopterygii,Characiformes,Acestrorhynchidae,"Gnathocharax steindachneri"
Equisetopsida,Gnetales,Gnetaceae,"Gnetum leyboldii"
Equisetopsida,Gnetales,Gnetaceae,"Gnetum nodiflorum"
Equisetopsida,Zingiberales,Marantaceae,"Goeppertia altissima"
Equisetopsida,Zingiberales,Marantaceae,"Goeppertia capitata"
Equisetopsida,Zingiberales,Marantaceae,"Goeppertia loeseneri"
Equisetopsida,Zingiberales,Marantaceae,"Goeppertia microcephalum"
Equisetopsida,Zingiberales,Marantaceae,"Goeppertia poeppigiana"
Equisetopsida,Zingiberales,Marantaceae,"Goeppertia straminea"
Equisetopsida,Rosales,Rhamnaceae,"Gouania trichodonta"
Equisetopsida,Rosales,Rhamnaceae,"Goupia glabra"
Aves,Psittaciformes,Psittacidae,"Graydidascalus brachyurus"
Equisetopsida,Ericales,Lecythidaceae,"Grias neuberthii"
Equisetopsida,Ericales,Lecythidaceae,"Grias peruviana"
Equisetopsida,Poales,Poaceae,"Guadua superba"
Equisetopsida,Sapindales,Meliaceae,"Guarea cinnamomea"
Equisetopsida,Sapindales,Meliaceae,"Guarea glabra"
Equisetopsida,Sapindales,Meliaceae,"Guarea gomma"
Equisetopsida,Sapindales,Meliaceae,"Guarea guidonia"
Equisetopsida,Sapindales,Meliaceae,"Guarea juglandiformis"
Equisetopsida,Sapindales,Meliaceae,"Guarea kunthiana"
Equisetopsida,Sapindales,Meliaceae,"Guarea macrophylla"
Equisetopsida,Sapindales,Meliaceae,"Guarea purusana"
Equisetopsida,Sapindales,Meliaceae,"Guarea silvatica"
Equisetopsida,Sapindales,Meliaceae,"Guarea vasquezii"
Equisetopsida,Magnoliales,Annonaceae,"Guatteria blepharophylla"
Equisetopsida,Magnoliales,Annonaceae,"Guatteria elata"
Equisetopsida,Magnoliales,Annonaceae,"Guatteria guianensis"
Equisetopsida,Magnoliales,Annonaceae,"Guatteria hirsuta"
Equisetopsida,Magnoliales,Annonaceae,"Guatteria inundata"
Equisetopsida,Magnoliales,Annonaceae,"Guatteria megalophylla"
Equisetopsida,Magnoliales,Annonaceae,"Guatteria meliodora"
Equisetopsida,Magnoliales,Annonaceae,"Guatteria modesta"
Equisetopsida,Magnoliales,Annonaceae,"Guatteria scalarinervia"
Equisetopsida,Magnoliales,Annonaceae,"Guatteria spectabilis"
Equisetopsida,Magnoliales,Annonaceae,"Guatteria stipitata"
Equisetopsida,Malvales,Malvaceae,"Guazuma crinita"
Equisetopsida,Malvales,Malvaceae,"Guazuma ulmifolia"
Equisetopsida,Gentianales,Rubiaceae,"Guettarda aromatica"
Equisetopsida,Cucurbitales,Cucurbitaceae,"Gurania acuminata"
Equisetopsida,Cucurbitales,Cucurbitaceae,"Gurania eriantha"
Equisetopsida,Cucurbitales,Cucurbitaceae,"Gurania lobata"
Equisetopsida,Ericales,Lecythidaceae,"Gustavia augusta"
Equisetopsida,Ericales,Lecythidaceae,"Gustavia longifolia"
Actinopterygii,Characiformes,Characidae,"Gymnocorymbus thayeri"
Aves,Passeriformes,Cotingidae,"Gymnoderus foetidus"
Aves,Passeriformes,Icteridae,"Gymnomystax mexicanus"
Actinopterygii,Gymnotiformes,Gymnotidae,"Gymnotus carapo"
Actinopterygii,Gymnotiformes,Gymnotidae,"Gymnotus jonasi"
Actinopterygii,Gymnotiformes,Gymnotidae,"Gymnotus ucamara"
Actinopterygii,Gymnotiformes,Gymnotidae,"Gymnotus varzea"
Mammalia,Rodentia,Sciuridae,"Hadrosciurus ignitus"
Mammalia,Rodentia,Sciuridae,"Hadrosciurus spadiceus"
Equisetopsida,Malpighiales,Calophyllaceae,"Haploclathra cordata"
Aves,Accipitriformes,Accipitridae,"Harpagus bidentatus"
Aves,Accipitriformes,Accipitridae,"Harpia harpyja"
Equisetopsida,Malpighiales,Salicaceae,"Hasseltia floribunda"
Equisetopsida,Solanales,Solanaceae,"Hawkesiophyton ochraceum"
Equisetopsida,Solanales,Solanaceae,"Hawkesiophyton ulei"
Equisetopsida,Malpighiales,Linaceae,"Hebepetalum humiriifolium"
Equisetopsida,Santalales,Olacaceae,"Heisteria acuminata"
Equisetopsida,Santalales,Olacaceae,"Heisteria duckei"
Equisetopsida,Santalales,Olacaceae,"Heisteria insculpta"
Equisetopsida,Santalales,Olacaceae,"Heisteria spruceana"
Equisetopsida,Gentianales,Gentianaceae,"Helia acutangula"
Aves,Accipitriformes,Accipitridae,"Helicolestes hamatus"
Equisetopsida,Zingiberales,Heliconiaceae,"Heliconia chartacea"
Equisetopsida,Zingiberales,Heliconiaceae,"Heliconia episcopalis"
Equisetopsida,Zingiberales,Heliconiaceae,"Heliconia hirsuta"
Equisetopsida,Zingiberales,Heliconiaceae,"Heliconia juruana"
Equisetopsida,Zingiberales,Heliconiaceae,"Heliconia lasiorachis"
Equisetopsida,Zingiberales,Heliconiaceae,"Heliconia stricta"
Equisetopsida,Rosales,Moraceae,"Helicostylis scabra"
Aves,Apodiformes,Trochilidae,"Heliodoxa aurescens"
Aves,Apodiformes,Trochilidae,"Heliomaster longirostris"
Aves,Gruiformes,Heliornithidae,"Heliornis fulica"
Equisetopsida,Boraginales,Heliotropiaceae,"Heliotropium indicum"
Equisetopsida,Santalales,Balanophoraceae,"Helosis cayanensis"
Actinopterygii,Siluriformes,Doradidae,"Hemidoras stenopeltis"
Actinopterygii,Characiformes,Characidae,"Hemigrammus belottii"
Actinopterygii,Characiformes,Characidae,"Hemigrammus haraldi"
Actinopterygii,Characiformes,Characidae,"Hemigrammus lunatus"
Actinopterygii,Characiformes,Characidae,"Hemigrammus megaceps"
Actinopterygii,Characiformes,Characidae,"Hemigrammus microstomus"
Actinopterygii,Characiformes,Characidae,"Hemigrammus newboldi"
Actinopterygii,Characiformes,Characidae,"Hemigrammus ocellifer"
Actinopterygii,Characiformes,Characidae,"Hemigrammus unilineatus"
Actinopterygii,Siluriformes,Loricariidae,"Hemiodontichthys acipenserinus"
Actinopterygii,Characiformes,Hemiodontidae,"Hemiodus argenteus"
Actinopterygii,Characiformes,Hemiodontidae,"Hemiodus microlepis"
Aves,Passeriformes,Thraupidae,"Hemithraupis guira"
Aves,Passeriformes,Tyrannidae,"Hemitriccus iohannis"
Aves,Passeriformes,Tyrannidae,"Hemitriccus zosterops"
Actinopterygii,Siluriformes,Trichomycteridae,"Henonemus punctatus"
Equisetopsida,Myrtales,Melastomataceae,"Henriettea stellaris"
Actinopterygii,Cichliformes,Cichlidae,"Heros appendiculatus"
Actinopterygii,Cichliformes,Cichlidae,"Heros efasciatus"
Aves,Falconiformes,Falconidae,"Herpetotheres cachinnans"
Aves,Passeriformes,Thamnophilidae,"Herpsilochmus frater"
Equisetopsida,Malvales,Malvaceae,"Herrania nitida"
Equisetopsida,Malvales,Malvaceae,"Herrania nycterodendron"
Equisetopsida,Alismatales,Araceae,"Heteropsis robusta"
Equisetopsida,Alismatales,Araceae,"Heteropsis vasquezii"
Equisetopsida,Malpighiales,Malpighiaceae,"Heteropterys cristata"
Equisetopsida,Malpighiales,Euphorbiaceae,"Hevea guianensis"
Equisetopsida,Malpighiales,Euphorbiaceae,"Hevea nitida"
Equisetopsida,Malvales,Malvaceae,"Hibiscus peruvianus"
Equisetopsida,Malvales,Malvaceae,"Hibiscus sororius"
Equisetopsida,Malpighiales,Phyllanthaceae,"Hieronyma alchorneoides"
Equisetopsida,Malpighiales,Phyllanthaceae,"Hieronyma oblonga"
Equisetopsida,Gentianales,Rubiaceae,"Hillia illustris"
Equisetopsida,Gentianales,Rubiaceae,"Hillia ulei"
Aves,Charadriiformes,Recurvirostridae,"Himantopus mexicanus"
Equisetopsida,Gentianales,Apocynaceae,"Himatanthus sucuuba"
Equisetopsida,Gentianales,Apocynaceae,"Himatanthus tarapotensis"
Equisetopsida,Asparagales,Amaryllidaceae,"Hippeastrum aulicum"
Equisetopsida,Celastrales,Celastraceae,"Hippocratea volubilis"
Equisetopsida,Gentianales,Rubiaceae,"Hippotis brevipes"
Equisetopsida,Malpighiales,Malpighiaceae,"Hiraea affinis"
Equisetopsida,Malpighiales,Chrysobalanaceae,"Hirtella elongata"
Equisetopsida,Malpighiales,Chrysobalanaceae,"Hirtella guainiae"
Equisetopsida,Malpighiales,Chrysobalanaceae,"Hirtella magnifolia"
Equisetopsida,Malpighiales,Chrysobalanaceae,"Hirtella racemosa"
Equisetopsida,Malpighiales,Chrysobalanaceae,"Hirtella triandra"
Aves,Passeriformes,Hirundinidae,"Hirundo rustica"
Equisetopsida,Malpighiales,Salicaceae,"Homalium guianense"
Equisetopsida,Malpighiales,Salicaceae,"Homalium racemosum"
Equisetopsida,Poales,Poaceae,"Homolepis aturensis"
Actinopterygii,Characiformes,Erythrinidae,"Hoplias malabaricus"
Actinopterygii,Siluriformes,Callichthyidae,"Hoplosternum littorale"
Equisetopsida,Malpighiales,Humiriaceae,"Humiriastrum excelsum"
Equisetopsida,Malpighiales,Euphorbiaceae,"Hura crepitans"
Mammalia,Rodentia,Caviidae,"Hydrochoerus hydrochaeris"
Equisetopsida,Fabales,Fabaceae,"Hydrochorea corymbosa"
Actinopterygii,Characiformes,Cynodontidae,"Hydrolycus scomberoides"
Aves,Caprimulgiformes,Caprimulgidae,"Hydropsalis climacocerca"
Equisetopsida,Lamiales,Acanthaceae,"Hygrophila guianensis"
Equisetopsida,Celastrales,Celastraceae,"Hylenaea praecelsa"
Aves,Passeriformes,Vireonidae,"Hylophilus thoracicus"
Aves,Passeriformes,Thamnophilidae,"Hylophylax naevius"
Aves,Passeriformes,Thamnophilidae,"Hylophylax punctulatus"
Equisetopsida,Poales,Poaceae,"Hymenachne donacifolia"
Equisetopsida,Fabales,Fabaceae,"Hymenaea reticulata"
Equisetopsida,Malpighiales,Chrysobalanaceae,"Hymenopus macrophyllus"
Equisetopsida,Arecales,Arecaceae,"Hyospathe elegans subsp. elegans"
Actinopterygii,Characiformes,Characidae,"Hyphessobrycon bentosi"
Actinopterygii,Carangiformes,Achiridae,"Hypoclinemus mentalis"
Aves,Passeriformes,Thamnophilidae,"Hypocnemis peruviana"
Aves,Passeriformes,Thamnophilidae,"Hypocnemoides maculicauda"
Aves,Passeriformes,Thamnophilidae,"Hypocnemoides melanopogon"
Actinopterygii,Siluriformes,Loricariidae,"Hypoptopoma gulare"
Actinopterygii,Siluriformes,Loricariidae,"Hypoptopoma thoracatum"
Actinopterygii,Siluriformes,Loricariidae,"Hypostomus emarginatus"
Actinopterygii,Cichliformes,Cichlidae,"Hypselecara temporalis"
Equisetopsida,Lamiales,Lamiaceae,"Hyptis obtusiflora"
Aves,Falconiformes,Falconidae,"Ibycter americanus"
Equisetopsida,Poales,Poaceae,"Ichnanthus pallens var. major"
Equisetopsida,Poales,Poaceae,"Ichnanthus panicoides"
Equisetopsida,Poales,Poaceae,"Ichnanthus tenuis"
Aves,Passeriformes,Icteridae,"Icterus croconotus"
Aves,Accipitriformes,Accipitridae,"Ictinia plumbea"
Actinopterygii,Characiformes,Iguanodectidae,"Iguanodectes purusii"
Actinopterygii,Characiformes,Characidae,"Iguanodectes spilurus"
Equisetopsida,Aquifoliales,Aquifoliaceae,"Ilex inundata"
Equisetopsida,Aquifoliales,Aquifoliaceae,"Ilex laureola"
Equisetopsida,Aquifoliales,Aquifoliaceae,"Ilex nayana"
Equisetopsida,Aquifoliales,Aquifoliaceae,"Ilex vismiifolia"
Equisetopsida,Fabales,Fabaceae,"Inga adenophylla"
Equisetopsida,Fabales,Fabaceae,"Inga bourgonii"
Equisetopsida,Fabales,Fabaceae,"Inga cayennensis"
Equisetopsida,Fabales,Fabaceae,"Inga chartacea"
Equisetopsida,Fabales,Fabaceae,"Inga cinnamomea"
Equisetopsida,Fabales,Fabaceae,"Inga cordatoalata"
Equisetopsida,Fabales,Fabaceae,"Inga duckei"
Equisetopsida,Fabales,Fabaceae,"Inga edulis"
Equisetopsida,Fabales,Fabaceae,"Inga gereauana"
Equisetopsida,Fabales,Fabaceae,"Inga gracilior"
Equisetopsida,Fabales,Fabaceae,"Inga ingoides"
Equisetopsida,Fabales,Fabaceae,"Inga laurina"
Equisetopsida,Fabales,Fabaceae,"Inga leiocalycina"
Equisetopsida,Fabales,Fabaceae,"Inga marginata"
Equisetopsida,Fabales,Fabaceae,"Inga megaphylla"
Equisetopsida,Fabales,Fabaceae,"Inga microcoma"
Equisetopsida,Fabales,Fabaceae,"Inga nobilis"
Equisetopsida,Fabales,Fabaceae,"Inga poeppigiana"
Equisetopsida,Fabales,Fabaceae,"Inga pruriens"
Equisetopsida,Fabales,Fabaceae,"Inga psittacorum"
Equisetopsida,Fabales,Fabaceae,"Inga punctata"
Equisetopsida,Fabales,Fabaceae,"Inga ruiziana"
Equisetopsida,Fabales,Fabaceae,"Inga sapindoides"
Equisetopsida,Fabales,Fabaceae,"Inga sertulifera"
Equisetopsida,Fabales,Fabaceae,"Inga stenoptera"
Equisetopsida,Fabales,Fabaceae,"Inga tenuistipula"
Equisetopsida,Fabales,Fabaceae,"Inga thibaudiana"
Equisetopsida,Fabales,Fabaceae,"Inga vera"
Equisetopsida,Fabales,Fabaceae,"Inga vismiifolia"
Mammalia,Cetartiodactyla,Iniidae,"Inia geoffrensis"
Equisetopsida,Solanales,Convolvulaceae,"Ipomoea clavata"
Equisetopsida,Solanales,Convolvulaceae,"Ipomoea reticulata"
Equisetopsida,Solanales,Convolvulaceae,"Ipomoea rubens"
Equisetopsida,Caryophyllales,Amaranthaceae,"Iresine argentata"
Equisetopsida,Arecales,Arecaceae,"Iriartella stenocarpa"
Equisetopsida,Magnoliales,Myristicaceae,"Iryanthera crassifolia"
Equisetopsida,Magnoliales,Myristicaceae,"Iryanthera elliptica"
Equisetopsida,Magnoliales,Myristicaceae,"Iryanthera juruensis"
Equisetopsida,Magnoliales,Myristicaceae,"Iryanthera laevis"
Equisetopsida,Magnoliales,Myristicaceae,"Iryanthera lancifolia"
Equisetopsida,Magnoliales,Myristicaceae,"Iryanthera macrophylla"
Equisetopsida,Magnoliales,Myristicaceae,"Iryanthera olacoides"
Equisetopsida,Magnoliales,Myristicaceae,"Iryanthera paradoxa"
Equisetopsida,Magnoliales,Myristicaceae,"Iryanthera paraensis"
Equisetopsida,Magnoliales,Myristicaceae,"Iryanthera tessmannii"
Equisetopsida,Magnoliales,Myristicaceae,"Iryanthera tricornis"
Equisetopsida,Zingiberales,Marantaceae,"Ischnosiphon arouma"
Equisetopsida,Zingiberales,Marantaceae,"Ischnosiphon leucophaeus subsp. leucophaeus"
Equisetopsida,Gentianales,Rubiaceae,"Isertia haenkeana"
Equisetopsida,Gentianales,Rubiaceae,"Isertia rosea"
Aves,Passeriformes,Thamnophilidae,"Isleria hauxwelli"
Mammalia,Rodentia,Echimyidae,"Isothrix bistriata"
Aves,Pelecaniformes,Ardeidae,"Ixobrychus involucris"
Equisetopsida,Gentianales,Rubiaceae,"Ixora intensa"
Aves,Ciconiiformes,Ciconiidae,"Jabiru mycteria"
Aves,Galbuliformes,Galbulidae,"Jacamerops aureus"
Aves,Charadriiformes,Jacanidae,"Jacana jacana"
Equisetopsida,Lamiales,Bignoniaceae,"Jacaranda obtusifolia"
Equisetopsida,Solanales,Solanaceae,"Juanulloa parasitica"
Actinopterygii,Characiformes,Characidae,"Jupiaba asymmetrica"
Equisetopsida,Magnoliales,Annonaceae,"Klarobelia inundata"
Actinopterygii,Characiformes,Characidae,"Knodus beta"
Actinopterygii,Characiformes,Characidae,"Knodus breviceps"
Equisetopsida,Gentianales,Rubiaceae,"Kutchubaea urophylla"
Equisetopsida,Malpighiales,Lacistemataceae,"Lacistema aggregatum"
Equisetopsida,Malpighiales,Lacistemataceae,"Lacistema nena"
Actinopterygii,Characiformes,Anostomidae,"Laemolyta garmani"
Actinopterygii,Characiformes,Anostomidae,"Laemolyta proxima"
Equisetopsida,Malpighiales,Salicaceae,"Laetia corymbulosa"
Mammalia,Primates,Atelidae,"Lagothrix lagothricha"
Aves,Passeriformes,Icteridae,"Lampropsar tanagrinus"
Aves,Passeriformes,Tityridae,"Laniocera hypopyrra"
Equisetopsida,Lamiales,Verbenaceae,"Lantana trifolia"
Aves,Gruiformes,Rallidae,"Laterallus exilis"
Aves,Gruiformes,Rallidae,"Laterallus melanophaius"
Aves,Passeriformes,Tyrannidae,"Lathrotriccus euleri"
Equisetopsida,Fabales,Fabaceae,"Lecointea amazonica"
Aves,Passeriformes,Tyrannidae,"Legatus leucophaius"
Actinopterygii,Siluriformes,Pimelodidae,"Leiarius marmoratus"
Equisetopsida,Malpighiales,Violaceae,"Leonia crassa"
Equisetopsida,Malpighiales,Violaceae,"Leonia cymosa"
Equisetopsida,Malpighiales,Violaceae,"Leonia glycycarpa"
Equisetopsida,Malpighiales,Violaceae,"Leonia racemosa"
Mammalia,Carnivora,Felidae,"Leopardus pardalis"
Equisetopsida,Arecales,Arecaceae,"Lepidocaryum tenue"
Actinopterygii,Ceratodontiformes,Lepidosirenidae,"Lepidosiren paradoxa"
Actinopterygii,Characiformes,Anostomidae,"Leporellus vittatus"
Actinopterygii,Characiformes,Anostomidae,"Leporinus agassizi"
Actinopterygii,Characiformes,Anostomidae,"Leporinus amazonicus"
Actinopterygii,Characiformes,Anostomidae,"Leporinus fasciatus"
Actinopterygii,Characiformes,Anostomidae,"Leporinus friderici"
Actinopterygii,Characiformes,Anostomidae,"Leporinus niceforoi"
Actinopterygii,Characiformes,Anostomidae,"Leporinus trifasciatus"
Actinopterygii,Characiformes,Characidae,"Leptagoniates steindachneri"
Actinopterygii,Siluriformes,Callichthyidae,"Lepthoplosternum altamazonicum"
Actinopterygii,Siluriformes,Callichthyidae,"Lepthoplosternum ucamara"
Equisetopsida,Malpighiales,Chrysobalanaceae,"Leptobalanus apetalus"
Equisetopsida,Malpighiales,Chrysobalanaceae,"Leptobalanus latus"
Equisetopsida,Malpighiales,Chrysobalanaceae,"Leptobalanus longistylus"
Aves,Accipitriformes,Accipitridae,"Leptodon cayanensis"
Equisetopsida,Sapindales,Rutaceae,"Leptothyrsa sprucei"
Aves,Columbiformes,Columbidae,"Leptotila rufaxilla"
Equisetopsida,Lamiales,Gesneriaceae,"Lesia savannarum"
Equisetopsida,Malpighiales,Chrysobalanaceae,"Licania micrantha"
Equisetopsida,Laurales,Lauraceae,"Licaria armeniaca"
Equisetopsida,Laurales,Lauraceae,"Licaria cannella"
Equisetopsida,Laurales,Lauraceae,"Licaria guianensis"
Equisetopsida,Laurales,Lauraceae,"Licaria triandra"
Equisetopsida,Alismatales,Alismataceae,"Limnocharis flava"
Equisetopsida,Malpighiales,Achariaceae,"Lindackeria paludosa"
Equisetopsida,Polypodiales,Lindsaeaceae,"Lindsaea lancea"
Equisetopsida,Polypodiales,Lindsaeaceae,"Lindsaea stricta"
Aves,Passeriformes,Cotingidae,"Lipaugus vociferans"
Equisetopsida,Lamiales,Verbenaceae,"Lippia alba"
Equisetopsida,Polypodiales,Dryopteridaceae,"Lomagramma guianensis"
Equisetopsida,Polypodiales,Lomariopsidaceae,"Lomariopsis japurensis"
Mammalia,Carnivora,Mustelidae,"Lontra longicaudis"
Mammalia,Chiroptera,Phyllostomidae,"Lophostoma silvicolum"
Aves,Passeriformes,Tyrannidae,"Lophotriccus vitiosus"
Actinopterygii,Siluriformes,Loricariidae,"Loricaria simillima"
Actinopterygii,Siluriformes,Loricariidae,"Loricariichthys acutus"
Actinopterygii,Siluriformes,Loricariidae,"Loricariichthys hauxwelli"
Actinopterygii,Siluriformes,Loricariidae,"Loricariichthys maculatus"
Actinopterygii,Siluriformes,Loricariidae,"Loricariichthys nudirostris"
Actinopterygii,Siluriformes,Loricariidae,"Loricariichthys ucayalensis"
Aves,Passeriformes,Thraupidae,"Loriotus luctuosus"
Aves,Passeriformes,Thraupidae,"Loriotus rufiventer"
Equisetopsida,Malpighiales,Lacistemataceae,"Lozania klugii"
Equisetopsida,Myrtales,Onagraceae,"Ludwigia affinis"
Equisetopsida,Myrtales,Onagraceae,"Ludwigia decurrens"
Equisetopsida,Myrtales,Onagraceae,"Ludwigia hyssopifolia"
Equisetopsida,Myrtales,Onagraceae,"Ludwigia latifolia"
Equisetopsida,Myrtales,Onagraceae,"Ludwigia leptocarpa"
Equisetopsida,Myrtales,Onagraceae,"Ludwigia nervosa"
Equisetopsida,Myrtales,Onagraceae,"Ludwigia octovalvis"
Equisetopsida,Malvales,Malvaceae,"Luehea cymulosa"
Equisetopsida,Malvales,Malvaceae,"Lueheopsis hoehnei"
Equisetopsida,Cucurbitales,Cucurbitaceae,"Luffa sepium"
Equisetopsida,Lamiales,Bignoniaceae,"Lundia densiflora"
Aves,Caprimulgiformes,Caprimulgidae,"Lurocalis semitorquatus"
Actinopterygii,Clupeiformes,Engraulididae,"Lycengraulis batesii"
Equisetopsida,Solanales,Solanaceae,"Lycianthes pauciflora"
Equisetopsida,Lycopodiales,Lycopodiaceae,"Lycopodiella cernua"
Equisetopsida,Malpighiales,Euphorbiaceae,"Mabea angularis"
Equisetopsida,Malpighiales,Euphorbiaceae,"Mabea piriri"
Equisetopsida,Malpighiales,Euphorbiaceae,"Mabea pulcherrima"
Equisetopsida,Malpighiales,Euphorbiaceae,"Mabea speciosa  subsp. speciosa"
Equisetopsida,Malpighiales,Euphorbiaceae,"Mabea subsessilis"
Equisetopsida,Fabales,Fabaceae,"Machaerium inundatum"
Equisetopsida,Fabales,Fabaceae,"Machaerium macrophyllum"
Equisetopsida,Fabales,Fabaceae,"Machaerium mutisii"
Equisetopsida,Rosales,Moraceae,"Maclura tinctoria"
Equisetopsida,Fabales,Fabaceae,"Macrolobium acaciifolium"
Equisetopsida,Fabales,Fabaceae,"Macrolobium limbatum"
Equisetopsida,Fabales,Fabaceae,"Macrolobium microcalyx"
Equisetopsida,Fabales,Fabaceae,"Macrolobium multijugum"
Equisetopsida,Fabales,Fabaceae,"Macropsychanthus macrocarpus"
Equisetopsida,Fabales,Fabaceae,"Macrosamanea spruceana"
Equisetopsida,Malvales,Malvaceae,"Malachra radiata"
Aves,Galbuliformes,Bucconidae,"Malacoptila rufa"
Equisetopsida,Gentianales,Rubiaceae,"Malanea boliviana"
Equisetopsida,Gentianales,Rubiaceae,"Malanea erecta"
Equisetopsida,Gentianales,Apocynaceae,"Malouetia flavescens"
Equisetopsida,Gentianales,Apocynaceae,"Malouetia tamaquarina"
Equisetopsida,Gentianales,Apocynaceae,"Malouetia tamaquarina var. tamaquarina"
Equisetopsida,Malvales,Malvaceae,"Malvaviscus arboreus"
Equisetopsida,Gentianales,Apocynaceae,"Mandevilla pavonii"
Equisetopsida,Gentianales,Rubiaceae,"Manettia divaricata"
Equisetopsida,Ericales,Sapotaceae,"Manilkara zapota"
Equisetopsida,Lamiales,Bignoniaceae,"Mansoa alliacea"
Equisetopsida,Lamiales,Bignoniaceae,"Mansoa standleyi"
Equisetopsida,Rosales,Moraceae,"Maquira coriacea"
Equisetopsida,Ericales,Marcgraviaceae,"Marcgravia crenata"
Equisetopsida,Ericales,Marcgraviaceae,"Marcgravia longifolia"
Equisetopsida,Malpighiales,Phyllanthaceae,"Margaritaria nobilis"
Equisetopsida,Solanales,Convolvulaceae,"Maripa axilliflora"
Equisetopsida,Solanales,Convolvulaceae,"Maripa peruviana"
Equisetopsida,Solanales,Solanaceae,"Markea formicarum"
Mammalia,Didelphimorphia,Didelphidae,"Marmosops (Marmosops) noctivagus"
Equisetopsida,Gentianales,Apocynaceae,"Marsdenia rubrofusca"
Equisetopsida,Malpighiales,Malpighiaceae,"Mascagnia conformis"
Equisetopsida,Sapindales,Sapindaceae,"Matayba adenanthera"
Equisetopsida,Sapindales,Sapindaceae,"Matayba inelegans"
Equisetopsida,Malvales,Malvaceae,"Matisia lecythicarpa"
Equisetopsida,Malvales,Malvaceae,"Matisia malacocalyx"
Equisetopsida,Arecales,Arecaceae,"Mauritia flexuosa"
Equisetopsida,Arecales,Arecaceae,"Mauritiella armata"
Equisetopsida,Asparagales,Orchidaceae,"Maxillaria equitans"
Equisetopsida,Asparagales,Orchidaceae,"Maxillaria rufescens"
Equisetopsida,Asparagales,Orchidaceae,"Maxillaria uncata"
Equisetopsida,Asparagales,Orchidaceae,"Maxillaria violaceopunctata"
Equisetopsida,Malpighiales,Achariaceae,"Mayna odorata"
Equisetopsida,Celastrales,Celastraceae,"Maytenus ebenifolia"
Mammalia,Cetartiodactyla,Cervidae,"Mazama americana"
Equisetopsida,Lamiales,Plantaginaceae,"Mecardonia procumbens"
Aves,Coraciiformes,Alcedinidae,"Megaceryle torquata"
Actinopterygii,Siluriformes,Callichthyidae,"Megalechis thoracata"
Aves,Passeriformes,Tyrannidae,"Megarynchus pitangua"
Aves,Strigiformes,Strigidae,"Megascops choliba"
Aves,Strigiformes,Strigidae,"Megascops watsonii"
Aves,Piciformes,Picidae,"Melanerpes cruentatus"
Equisetopsida,Lamiales,Acanthaceae,"Mendoncia aspera"
Equisetopsida,Lamiales,Acanthaceae,"Mendoncia gigas"
Equisetopsida,Lamiales,Acanthaceae,"Mendoncia glabra"
Equisetopsida,Lamiales,Acanthaceae,"Mendoncia pedunculata"
Equisetopsida,Lamiales,Acanthaceae,"Mendoncia smithii"
Aves,Pelecaniformes,Threskiornithidae,"Mesembrinibis cayennensis"
Mammalia,Rodentia,Echimyidae,"Mesomys hispidus"
Actinopterygii,Cichliformes,Cichlidae,"Mesonauta  insignis"
Actinopterygii,Cichliformes,Cichlidae,"Mesonauta mirificus"
Mammalia,Chiroptera,Phyllostomidae,"Mesophylla macconnelli"
Mammalia,Didelphimorphia,Didelphidae,"Metachirus myosuros"
Aves,Passeriformes,Furnariidae,"Metopothrix aurantiaca"
Actinopterygii,Characiformes,Serrasalmidae,"Metynnis lippincottianus"
Equisetopsida,Laurales,Lauraceae,"Mezilaurus sprucei"
Equisetopsida,Myrtales,Melastomataceae,"Miconia alternidomatia"
Equisetopsida,Myrtales,Melastomataceae,"Miconia amazonica"
Equisetopsida,Myrtales,Melastomataceae,"Miconia araneifera"
Equisetopsida,Myrtales,Melastomataceae,"Miconia aristigera"
Equisetopsida,Myrtales,Melastomataceae,"Miconia asperiuscula"
Equisetopsida,Myrtales,Melastomataceae,"Miconia calvescens"
Equisetopsida,Myrtales,Melastomataceae,"Miconia carassana"
Equisetopsida,Myrtales,Melastomataceae,"Miconia crenata"
Equisetopsida,Myrtales,Melastomataceae,"Miconia cucullata"
Equisetopsida,Myrtales,Melastomataceae,"Miconia decurrens"
Equisetopsida,Myrtales,Melastomataceae,"Miconia dentata"
Equisetopsida,Myrtales,Melastomataceae,"Miconia dispar"
Equisetopsida,Myrtales,Melastomataceae,"Miconia dolichorrhyncha"
Equisetopsida,Myrtales,Melastomataceae,"Miconia duckei"
Equisetopsida,Myrtales,Melastomataceae,"Miconia gonoptera"
Equisetopsida,Myrtales,Melastomataceae,"Miconia juruensis"
Equisetopsida,Myrtales,Melastomataceae,"Miconia lamprophylla"
Equisetopsida,Myrtales,Melastomataceae,"Miconia longicoma"
Equisetopsida,Myrtales,Melastomataceae,"Miconia longifolia"
Equisetopsida,Myrtales,Melastomataceae,"Miconia lourteigiana"
Equisetopsida,Myrtales,Melastomataceae,"Miconia mayeta"
Equisetopsida,Myrtales,Melastomataceae,"Miconia microphysca"
Equisetopsida,Myrtales,Melastomataceae,"Miconia neosecunda"
Equisetopsida,Myrtales,Melastomataceae,"Miconia nervosa"
Equisetopsida,Myrtales,Melastomataceae,"Miconia paleacea"
Equisetopsida,Myrtales,Melastomataceae,"Miconia phaeophylla"
Equisetopsida,Myrtales,Melastomataceae,"Miconia phanerostila"
Equisetopsida,Myrtales,Melastomataceae,"Miconia poeppigii"
Equisetopsida,Myrtales,Melastomataceae,"Miconia prasina"
Equisetopsida,Myrtales,Melastomataceae,"Miconia pyrifolia"
Equisetopsida,Myrtales,Melastomataceae,"Miconia rimachii"
Equisetopsida,Myrtales,Melastomataceae,"Miconia rimbachii"
Equisetopsida,Myrtales,Melastomataceae,"Miconia rubra"
Equisetopsida,Myrtales,Melastomataceae,"Miconia serrulata"
Equisetopsida,Myrtales,Melastomataceae,"Miconia solenifera"
Equisetopsida,Myrtales,Melastomataceae,"Miconia splendens"
Equisetopsida,Myrtales,Melastomataceae,"Miconia stelligera"
Equisetopsida,Myrtales,Melastomataceae,"Miconia symplectocaulos"
Equisetopsida,Myrtales,Melastomataceae,"Miconia ternatifolia"
Equisetopsida,Myrtales,Melastomataceae,"Miconia tetragona"
Equisetopsida,Myrtales,Melastomataceae,"Miconia tetrasperma"
Equisetopsida,Myrtales,Melastomataceae,"Miconia tococa"
Equisetopsida,Myrtales,Melastomataceae,"Miconia tococapitata"
Equisetopsida,Myrtales,Melastomataceae,"Miconia tococaudata"
Equisetopsida,Myrtales,Melastomataceae,"Miconia tococoronata"
Equisetopsida,Myrtales,Melastomataceae,"Miconia tomentosa"
Equisetopsida,Myrtales,Melastomataceae,"Miconia trichocalyx"
Equisetopsida,Myrtales,Melastomataceae,"Miconia trinervia"
Equisetopsida,Myrtales,Melastomataceae,"Miconia triplinervis"
Equisetopsida,Malpighiales,Euphorbiaceae,"Micrandra spruceana"
Aves,Falconiformes,Falconidae,"Micrastur mirandollei"
Aves,Falconiformes,Falconidae,"Micrastur ruficollis"
Aves,Falconiformes,Falconidae,"Micrastur semitorquatus"
Equisetopsida,Polypodiales,Polypodiaceae,"Microgramma baldwinii"
Equisetopsida,Polypodiales,Polypodiaceae,"Microgramma megalophylla"
Equisetopsida,Polypodiales,Polypodiaceae,"Microgramma percussa"
Equisetopsida,Polypodiales,Polypodiaceae,"Microgramma reptans"
Equisetopsida,Ericales,Sapotaceae,"Micropholis cylindrocarpa"
Equisetopsida,Ericales,Sapotaceae,"Micropholis egensis"
Equisetopsida,Ericales,Sapotaceae,"Micropholis guyanensis"
Equisetopsida,Ericales,Sapotaceae,"Micropholis guyanensis subsp. duckeana"
Equisetopsida,Ericales,Sapotaceae,"Micropholis guyanensis subsp. guyanensis"
Equisetopsida,Ericales,Sapotaceae,"Micropholis madeirensis"
Equisetopsida,Ericales,Sapotaceae,"Micropholis porphyrocarpa"
Equisetopsida,Ericales,Sapotaceae,"Micropholis venulosa"
Mammalia,Rodentia,Sciuridae,"Microsciurus flaviventer"
Aves,Passeriformes,Furnariidae,"Microxenops milleri"
Equisetopsida,Asterales,Asteraceae,"Mikania banisteriae"
Equisetopsida,Asterales,Asteraceae,"Mikania congesta"
Equisetopsida,Asterales,Asteraceae,"Mikania guaco"
Equisetopsida,Asterales,Asteraceae,"Mikania micrantha"
Equisetopsida,Asterales,Asteraceae,"Mikania parviflora"
Aves,Falconiformes,Falconidae,"Milvago chimachima"
Equisetopsida,Fabales,Fabaceae,"Mimosa rufescens"
Equisetopsida,Santalales,Olacaceae,"Minquartia guianensis"
Aves,Passeriformes,Tyrannidae,"Mionectes oleagineus"
Actinopterygii,Characiformes,Characidae,"Moenkhausia chrysargyrea"
Actinopterygii,Characiformes,Characidae,"Moenkhausia collettii"
Actinopterygii,Characiformes,Characidae,"Moenkhausia copei"
Actinopterygii,Characiformes,Characidae,"Moenkhausia cotinho"
Actinopterygii,Characiformes,Characidae,"Moenkhausia dichroura"
Actinopterygii,Characiformes,Characidae,"Moenkhausia intermedia"
Actinopterygii,Characiformes,Characidae,"Moenkhausia lepidura"
Actinopterygii,Characiformes,Characidae,"Moenkhausia oligolepis"
Equisetopsida,Malvales,Malvaceae,"Mollia lepidota subsp. lepidota"
Mammalia,Chiroptera,Molossidae,"Molossus molossus"
Aves,Passeriformes,Icteridae,"Molothrus bonariensis"
Aves,Passeriformes,Icteridae,"Molothrus oryzivorus"
Aves,Coraciiformes,Momotidae,"Momotus momota"
Aves,Galbuliformes,Bucconidae,"Monasa flavirostris"
Aves,Galbuliformes,Bucconidae,"Monasa morphoeus"
Aves,Galbuliformes,Bucconidae,"Monasa nigrifrons"
Equisetopsida,Zingiberales,Marantaceae,"Monotagma angustissimum"
Equisetopsida,Zingiberales,Marantaceae,"Monotagma juruanum"
Equisetopsida,Zingiberales,Marantaceae,"Monotagma laxum"
Equisetopsida,Zingiberales,Marantaceae,"Monotagma tomentosum"
Equisetopsida,Alismatales,Araceae,"Monstera obliqua"
Equisetopsida,Alismatales,Araceae,"Montrichardia arborescens"
Equisetopsida,Alismatales,Araceae,"Montrichardia linifera"
Equisetopsida,Malpighiales,Chrysobalanaceae,"Moquilea brittoniana"
Equisetopsida,Malpighiales,Chrysobalanaceae,"Moquilea guianensis"
Equisetopsida,Malpighiales,Chrysobalanaceae,"Moquilea longipetala"
Aves,Accipitriformes,Accipitridae,"Morphnus guianensis"
Equisetopsida,Myrtales,Melastomataceae,"Mouriri acutiflora"
Equisetopsida,Myrtales,Melastomataceae,"Mouriri cauliflora"
Equisetopsida,Myrtales,Melastomataceae,"Mouriri grandiflora"
Equisetopsida,Myrtales,Melastomataceae,"Mouriri sideroxylon"
Equisetopsida,Fabales,Fabaceae,"Mucuna rostrata"
Equisetopsida,Fabales,Fabaceae,"Muellera amazonica"
Equisetopsida,Malvales,Muntingiaceae,"Muntingia calabura"
Aves,Ciconiiformes,Ciconiidae,"Mycteria americana"
Aves,Passeriformes,Tyrannidae,"Myiarchus cephalotes"
Aves,Passeriformes,Tyrannidae,"Myiarchus ferox"
Aves,Passeriformes,Tyrannidae,"Myiarchus swainsoni"
Aves,Passeriformes,Tyrannidae,"Myiarchus tuberculifer"
Aves,Passeriformes,Onychorhynchidae,"Myiobius atricaudus"
Aves,Passeriformes,Onychorhynchidae,"Myiobius barbatus"
Aves,Passeriformes,Tyrannidae,"Myiodynastes maculatus"
Aves,Passeriformes,Tyrannidae,"Myiopagis gaimardii"
Aves,Passeriformes,Tyrannidae,"Myiophobus fasciatus"
Aves,Passeriformes,Tyrannidae,"Myiornis ecaudatus"
Aves,Passeriformes,Tyrannidae,"Myiozetetes cayanensis"
Aves,Passeriformes,Tyrannidae,"Myiozetetes granadensis"
Aves,Passeriformes,Tyrannidae,"Myiozetetes luteiventris"
Aves,Passeriformes,Tyrannidae,"Myiozetetes similis"
Actinopterygii,Characiformes,Serrasalmidae,"Mylossoma aureum"
Mammalia,Chiroptera,Vespertilionidae,"Myotis albescens"
Mammalia,Chiroptera,Vespertilionidae,"Myotis nigricans"
Equisetopsida,Cornales,Myrtaceae,"Myrcia aliena"
Equisetopsida,Cornales,Myrtaceae,"Myrcia bracteata"
Equisetopsida,Myrtales,Myrtaceae,"Myrcia crassimarginata"
Equisetopsida,Myrtales,Myrtaceae,"Myrcia dichasialis"
Equisetopsida,Myrtales,Myrtaceae,"Myrcia guianensis"
Equisetopsida,Cornales,Myrtaceae,"Myrcia hylobates"
Equisetopsida,Cornales,Myrtaceae,"Myrcia maxima"
Equisetopsida,Myrtales,Myrtaceae,"Myrciaria dubia"
Equisetopsida,Myrtales,Myrtaceae,"Myrciaria floribunda"
Equisetopsida,Cornales,Myrtaceae,"Myrcia telephylla"
Equisetopsida,Cornales,Myrtaceae,"Myrcia tessmannii"
Mammalia,Pilosa,Myrmecophagidae,"Myrmecophaga tridactyla"
Aves,Passeriformes,Thamnophilidae,"Myrmelastes hyperythrus"
Aves,Passeriformes,Thamnophilidae,"Myrmelastes schistaceus"
Aves,Passeriformes,Thamnophilidae,"Myrmoborus melanurus"
Aves,Passeriformes,Thamnophilidae,"Myrmoborus myotherinus"
Aves,Passeriformes,Thamnophilidae,"Myrmophylax atrothorax"
Aves,Passeriformes,Grallariidae,"Myrmothera campanisona"
Aves,Passeriformes,Thamnophilidae,"Myrmotherula assimilis"
Aves,Passeriformes,Thamnophilidae,"Myrmotherula axillaris"
Aves,Passeriformes,Thamnophilidae,"Myrmotherula brachyura"
Aves,Passeriformes,Thamnophilidae,"Myrmotherula longicauda"
Aves,Passeriformes,Thamnophilidae,"Myrmotherula multostriata"
Aves,Passeriformes,Thamnophilidae,"Myrmotherula sunensis"
Actinopterygii,Characiformes,Lebiasinidae,"Nannostomus eques"
Aves,Passeriformes,Furnariidae,"Nasica longirostris"
Mammalia,Carnivora,Procyonidae,"Nasua nasua"
Equisetopsida,Rosales,Moraceae,"Naucleopsis glabra"
Equisetopsida,Rosales,Moraceae,"Naucleopsis imitans"
Equisetopsida,Rosales,Moraceae,"Naucleopsis oblongifolia"
Equisetopsida,Rosales,Moraceae,"Naucleopsis pseudonaga"
Equisetopsida,Rosales,Moraceae,"Naucleopsis ulei"
Equisetopsida,Rosales,Moraceae,"Naucleopsis velutina"
Equisetopsida,Malpighiales,Euphorbiaceae,"Nealchornea yapurensis"
Equisetopsida,Laurales,Lauraceae,"Nectandra cuneatocordata"
Equisetopsida,Laurales,Lauraceae,"Nectandra hihua"
Equisetopsida,Laurales,Lauraceae,"Nectandra oppositifolia"
Equisetopsida,Caryophyllales,Nyctaginaceae,"Neea divaricata"
Equisetopsida,Caryophyllales,Nyctaginaceae,"Neea floribunda"
Equisetopsida,Caryophyllales,Nyctaginaceae,"Neea macrophylla"
Equisetopsida,Caryophyllales,Nyctaginaceae,"Neea parviflora"
Equisetopsida,Caryophyllales,Nyctaginaceae,"Neea spruceana"
Equisetopsida,Caryophyllales,Nyctaginaceae,"Neea virens"
Actinopterygii,Siluriformes,Doradidae,"Nemadoras hemipeltis"
Actinopterygii,Siluriformes,Doradidae,"Nemadoras humeralis"
Aves,Passeriformes,Thraupidae,"Nemosia pileata"
Actinopterygii,Siluriformes,Heptapteridae,"Nemuroglanis lanceolatus"
Aves,Passeriformes,Thamnophilidae,"Neoctantes niger"
Aves,Passeriformes,Tyrannidae,"Neopipo cinnamomea"
Equisetopsida,Poales,Bromeliaceae,"Neoregelia stolonifera"
Equisetopsida,Polypodiales,Nephrolepidaceae,"Nephrolepis biserrata"
Equisetopsida,Polypodiales,Nephrolepidaceae,"Nephrolepis rivularis"
Equisetopsida,Polypodiales,Polypodiaceae,"Niphidium crassifolium"
Mammalia,Chiroptera,Noctilionidae,"Noctilio albiventris"
Mammalia,Chiroptera,Noctilionidae,"Noctilio leporinus"
Aves,Galbuliformes,Bucconidae,"Nonnula ruficapilla"
Equisetopsida,Gentianales,Rubiaceae,"Notopleura parasiggersiana"
Aves,Nyctibiiformes,Nyctibiidae,"Nyctibius grandis"
Aves,Nyctibiiformes,Nyctibiidae,"Nyctibius griseus"
Aves,Pelecaniformes,Ardeidae,"Nycticorax nycticorax"
Aves,Caprimulgiformes,Caprimulgidae,"Nyctidromus albicollis"
Aves,Caprimulgiformes,Caprimulgidae,"Nyctiprogne leucopyga"
Equisetopsida,Nymphaeales,Nymphaeaceae,"Nymphaea glandulifera"
Aves,Passeriformes,Tyrannidae,"Ochthornis littoralis"
Equisetopsida,Laurales,Lauraceae,"Ocotea aciphylla"
Equisetopsida,Laurales,Lauraceae,"Ocotea alaris"
Equisetopsida,Laurales,Lauraceae,"Ocotea gracilis"
Equisetopsida,Laurales,Lauraceae,"Ocotea immersa"
Equisetopsida,Laurales,Lauraceae,"Ocotea leptobotra"
Equisetopsida,Laurales,Lauraceae,"Ocotea oblonga"
Equisetopsida,Laurales,Lauraceae,"Ocotea pauciflora"
Equisetopsida,Laurales,Lauraceae,"Ocotea rhodophylla"
Equisetopsida,Asparagales,Orchidaceae,"Octomeria longifolia"
Equisetopsida,Gentianales,Apocynaceae,"Odontadenia geminata"
Equisetopsida,Gentianales,Apocynaceae,"Odontadenia stemmadeniifolia"
Equisetopsida,Ranunculales,Menispermaceae,"Odontocarya diplobotrya"
Equisetopsida,Ranunculales,Menispermaceae,"Odontocarya klugii"
Equisetopsida,Ranunculales,Menispermaceae,"Odontocarya tripetala"
Aves,Galliformes,Odontophoridae,"Odontophorus gujanensis"
Actinopterygii,Characiformes,Characidae,"Odontostilbe fugitiva"
Mammalia,Rodentia,Cricetidae,"Oecomys bicolor"
Equisetopsida,Arecales,Arecaceae,"Oenocarpus balickii"
Equisetopsida,Arecales,Arecaceae,"Oenocarpus mapora"
Equisetopsida,Arecales,Arecaceae,"Oenocarpus minor"
Mammalia,Rodentia,Cricetidae,"Oligoryzomys microtis"
Equisetopsida,Poales,Poaceae,"Olyra latifolia"
Equisetopsida,Malpighiales,Euphorbiaceae,"Omphalea diandra"
Equisetopsida,Asparagales,Orchidaceae,"Oncidium amazonicum"
Aves,Passeriformes,Thamnophilidae,"Oneillornis lunulatus"
Aves,Passeriformes,Thamnophilidae,"Oneillornis salvini"
Aves,Passeriformes,Onychorhynchidae,"Onychorhynchus coronatus"
Equisetopsida,Proteales,Sabiaceae,"Ophiocaryon klugii"
Equisetopsida,Proteales,Sabiaceae,"Ophiocaryon manausense"
Aves,Opisthocomiformes,Opisthocomidae,"Opisthocomus hoazin"
Equisetopsida,Poales,Poaceae,"Oplismenus hirtellus"
Actinopterygii,Siluriformes,Doradidae,"Opsodoras stuebelii"
Equisetopsida,Fabales,Fabaceae,"Ormosia discolor"
Equisetopsida,Fabales,Fabaceae,"Ormosia macrocalyx"
Equisetopsida,Poales,Poaceae,"Orthoclada laxa"
Aves,Psittaciformes,Psittacidae,"Orthopsittaca manilatus"
Equisetopsida,Santalales,Loranthaceae,"Oryctanthus alveolatus"
Equisetopsida,Santalales,Loranthaceae,"Oryctanthus florulentus"
Equisetopsida,Poales,Poaceae,"Oryza grandiglumis"
Actinopterygii,Osteoglossiformes,Osteoglossidae,"Osteoglossum bicirrhosum"
Equisetopsida,Magnoliales,Myristicaceae,"Otoba parvifolia"
Equisetopsida,Malpighiales,Ochnaceae,"Ouratea aromatica"
Equisetopsida,Malpighiales,Ochnaceae,"Ouratea iquitosensis"
Equisetopsida,Malpighiales,Ochnaceae,"Ouratea oleosa"
Equisetopsida,Malpighiales,Ochnaceae,"Ouratea weberbaueri"
Equisetopsida,Malpighiales,Ochnaceae,"Ouratea williamsii"
Equisetopsida,Magnoliales,Annonaceae,"Oxandra mediocris"
Equisetopsida,Magnoliales,Annonaceae,"Oxandra sphaerocarpa"
Equisetopsida,Magnoliales,Annonaceae,"Oxycaryum cubense"
Actinopterygii,Siluriformes,Doradidae,"Oxydoras niger"
Actinopterygii,Siluriformes,Loricariidae,"Oxyropsis wrightiana"
Equisetopsida,Malvales,Malvaceae,"Pachira aquatica"
Equisetopsida,Malvales,Malvaceae,"Pachira insignis"
Equisetopsida,Malvales,Malvaceae,"Pachira nitida"
Equisetopsida,Lamiales,Bignoniaceae,"Pachyptera kerere"
Aves,Passeriformes,Tityridae,"Pachyramphus castaneus"
Aves,Passeriformes,Tityridae,"Pachyramphus marginatus"
Aves,Passeriformes,Tityridae,"Pachyramphus polychopterus"
Equisetopsida,Gentianales,Rubiaceae,"Pagamea guianensis"
Equisetopsida,Gentianales,Rubiaceae,"Palicourea corymbifera"
Equisetopsida,Gentianales,Rubiaceae,"Palicourea crocea"
Equisetopsida,Gentianales,Rubiaceae,"Palicourea fastigiata"
Equisetopsida,Gentianales,Rubiaceae,"Palicourea guianensis"
Equisetopsida,Gentianales,Rubiaceae,"Palicourea hypochlorina"
Equisetopsida,Gentianales,Rubiaceae,"Palicourea iquitoensis"
Equisetopsida,Gentianales,Rubiaceae,"Palicourea jenaro-herrerana"
Equisetopsida,Gentianales,Rubiaceae,"Palicourea justiciifolia"
Equisetopsida,Gentianales,Rubiaceae,"Palicourea longicuspis"
Equisetopsida,Gentianales,Rubiaceae,"Palicourea nautensis"
Equisetopsida,Gentianales,Rubiaceae,"Palicourea nigricans"
Equisetopsida,Gentianales,Rubiaceae,"Palicourea paraensis"
Equisetopsida,Gentianales,Rubiaceae,"Palicourea racemosa"
Equisetopsida,Gentianales,Rubiaceae,"Palicourea schunkei"
Equisetopsida,Gentianales,Rubiaceae,"Palicourea stenostachya"
Equisetopsida,Gentianales,Rubiaceae,"Palicourea subcuspidata"
Equisetopsida,Gentianales,Rubiaceae,"Palicourea subfusca"
Equisetopsida,Gentianales,Rubiaceae,"Palicourea subspicata"
Equisetopsida,Gentianales,Rubiaceae,"Palicourea tenerior"
Equisetopsida,Gentianales,Rubiaceae,"Palicourea tomentosa"
Equisetopsida,Gentianales,Rubiaceae,"Palicourea violacea"
Equisetopsida,Gentianales,Rubiaceae,"Palicourea winkleri"
Equisetopsida,Poales,Poaceae,"Panicum rudgei"
Mammalia,Carnivora,Felidae,"Panthera onca"
Aves,Apodiformes,Apodidae,"Panyptila cayennensis"
Equisetopsida,Lamiales,Gesneriaceae,"Paradrymonia ciliosa"
Actinopterygii,Characiformes,Characidae,"Paragoniates alburnus"
Equisetopsida,Gentianales,Apocynaceae,"Parahancornia peruviana"
Actinopterygii,Gymnotiformes,Apteronotidae,"Parapteronotus hasemani"
Actinopterygii,Characiformes,Characidae,"Parecbasis cyclolepis"
Actinopterygii,Siluriformes,Trichomycteridae,"Pareiodon microps"
Equisetopsida,Poales,Poaceae,"Pariana obtusa"
Equisetopsida,Poales,Poaceae,"Pariana pallida"
Equisetopsida,Poales,Poaceae,"Pariana sociata"
Equisetopsida,Poales,Poaceae,"Pariana trichosticha"
Equisetopsida,Poales,Poaceae,"Parinari excelsa"
Equisetopsida,Malpighiales,Chrysobalanaceae,"Parinari klugii"
Equisetopsida,Malpighiales,Chrysobalanaceae,"Parinariopsis licaniiflora"
Equisetopsida,Malpighiales,Chrysobalanaceae,"Parinari parilis"
Equisetopsida,Fabales,Fabaceae,"Parkia nitida"
Aves,Passeriformes,Thraupidae,"Paroaria gularis"
Actinopterygii,Characiformes,Parodontidae,"Parodon pongoensis"
Equisetopsida,Malpighiales,Passifloraceae,"Passiflora foetida"
Equisetopsida,Malpighiales,Passifloraceae,"Passiflora involucrata"
Equisetopsida,Malpighiales,Passifloraceae,"Passiflora nitida"
Equisetopsida,Malpighiales,Passifloraceae,"Passiflora pyrrhantha"
Equisetopsida,Malpighiales,Passifloraceae,"Passiflora quadrangularis"
Equisetopsida,Malpighiales,Passifloraceae,"Passiflora spinosa"
Equisetopsida,Santalales,Loranthaceae,"Passovia pedunculata"
Equisetopsida,Santalales,Loranthaceae,"Passovia pyrifolia"
Aves,Columbiformes,Columbidae,"Patagioenas cayennensis"
Aves,Columbiformes,Columbidae,"Patagioenas plumbea"
Aves,Columbiformes,Columbidae,"Patagioenas subvinacea"
Equisetopsida,Malvales,Malvaceae,"Patinoa paraensis"
Equisetopsida,Sapindales,Sapindaceae,"Paullinia acutangula"
Equisetopsida,Sapindales,Sapindaceae,"Paullinia alata"
Equisetopsida,Sapindales,Sapindaceae,"Paullinia bracteosa"
Equisetopsida,Sapindales,Sapindaceae,"Paullinia capreolata"
Equisetopsida,Sapindales,Sapindaceae,"Paullinia clathrata"
Equisetopsida,Sapindales,Sapindaceae,"Paullinia clavigera var. clavigera"
Equisetopsida,Sapindales,Sapindaceae,"Paullinia dasystachya"
Equisetopsida,Sapindales,Sapindaceae,"Paullinia exalata"
Equisetopsida,Sapindales,Sapindaceae,"Paullinia gigantea"
Equisetopsida,Sapindales,Sapindaceae,"Paullinia glomerulosa"
Equisetopsida,Sapindales,Sapindaceae,"Paullinia grandifolia"
Equisetopsida,Sapindales,Sapindaceae,"Paullinia hystrix"
Equisetopsida,Sapindales,Sapindaceae,"Paullinia josecuatrii"
Equisetopsida,Sapindales,Sapindaceae,"Paullinia obovata"
Equisetopsida,Sapindales,Sapindaceae,"Paullinia pachycarpa"
Equisetopsida,Sapindales,Sapindaceae,"Paullinia pterocarpa"
Equisetopsida,Sapindales,Sapindaceae,"Paullinia spicata"
Equisetopsida,Malvales,Malvaceae,"Pavonia fruticosa"
Equisetopsida,Malvales,Malvaceae,"Pavonia leucantha"
Equisetopsida,Malvales,Malvaceae,"Pavonia paniculata"
Actinopterygii,Siluriformes,Loricariidae,"Peckoltia brevis"
Equisetopsida,Polypodiales,Polypodiaceae,"Pecluma plumula"
Actinopterygii,Clupeiformes,Pristigasteridae,"Pellona altamazonica"
Actinopterygii,Clupeiformes,Pristigasteridae,"Pellona castelnaeana"
Actinopterygii,Clupeiformes,Pristigasteridae,"Pellona flavipinnis"
Aves,Galliformes,Cracidae,"Penelope jacquacu"
Equisetopsida,Gentianales,Rubiaceae,"Pentagonia macrophylla"
Equisetopsida,Gentianales,Rubiaceae,"Pentagonia parvifolia"
Equisetopsida,Gentianales,Rubiaceae,"Pentagonia spathicalyx"
Equisetopsida,Piperales,Piperaceae,"Peperomia macrostachya"
Equisetopsida,Piperales,Piperaceae,"Peperomia macrostachyos"
Equisetopsida,Piperales,Piperaceae,"Peperomia obtusifolia"
Equisetopsida,Piperales,Piperaceae,"Peperomia rotundifolia"
Equisetopsida,Rosales,Moraceae,"Perebea longipedunculata"
Equisetopsida,Rosales,Moraceae,"Perebea xanthochyma"
Equisetopsida,Celastrales,Celastraceae,"Peritassa dulcis"
Equisetopsida,Caryophyllales,Polygonaceae,"Persicaria ferruginea"
Equisetopsida,Caryophyllales,Polygonaceae,"Persicaria glabra"
Equisetopsida,Lamiales,Verbenaceae,"Petrea bracteata"
Aves,Apodiformes,Trochilidae,"Phaethornis bourcieri"
Aves,Apodiformes,Trochilidae,"Phaethornis hispidus"
Aves,Apodiformes,Trochilidae,"Phaethornis malaris"
Aves,Apodiformes,Trochilidae,"Phaethornis philippii"
Aves,Apodiformes,Trochilidae,"Phaethornis ruber"
Aves,Charadriiformes,Laridae,"Phaetusa simplex"
Aves,Suliformes,Phalacrocoracidae,"Phalacrocorax brasilianus"
Equisetopsida,Poales,Poaceae,"Pharus latifolius"
Actinopterygii,Characiformes,Characidae,"Phenacogaster pectinatus"
Equisetopsida,Zingiberales,Strelitziaceae,"Phenakospermum guyannense"
Aves,Passeriformes,Troglodytidae,"Pheugopedius coraya"
Mammalia,Didelphimorphia,Didelphidae,"Philander andersoni"
Equisetopsida,Alismatales,Araceae,"Philodendron asplundii"
Equisetopsida,Alismatales,Araceae,"Philodendron brandtianum"
Equisetopsida,Alismatales,Araceae,"Philodendron deflexum"
Equisetopsida,Alismatales,Araceae,"Philodendron ernestii"
Equisetopsida,Alismatales,Araceae,"Philodendron hylaeae"
Equisetopsida,Alismatales,Araceae,"Philodendron linnaei"
Equisetopsida,Alismatales,Araceae,"Philodendron muricatum"
Equisetopsida,Alismatales,Araceae,"Philodendron ornatum"
Equisetopsida,Alismatales,Araceae,"Philodendron pulchrum"
Equisetopsida,Alismatales,Araceae,"Philodendron wittianum"
Aves,Passeriformes,Furnariidae,"Philydor pyrrhodes"
Equisetopsida,Polypodiales,Polypodiaceae,"Phlebodium aureum"
Equisetopsida,Polypodiales,Polypodiaceae,"Phlebodium decumanum"
Aves,Passeriformes,Thamnophilidae,"Phlegopsis nigromaculata"
Equisetopsida,Arecales,Arecaceae,"Pholidostachys synanthera"
Equisetopsida,Santalales,Loranthaceae,"Phoradendron crassifolium"
Equisetopsida,Santalales,Loranthaceae,"Phoradendron piperoides"
Equisetopsida,Santalales,Santalaceae,"Phoradendron semivenosum"
Equisetopsida,Malvales,Malvaceae,"Phragmotheca amazonica"
Equisetopsida,Malpighiales,Phyllanthaceae,"Phyllanthus ventricosus"
Equisetopsida,Malpighiales,Phyllanthaceae,"Phyllanthus vincentae"
Mammalia,Chiroptera,Phyllostomidae,"Phylloderma stenops"
Mammalia,Chiroptera,Phyllostomidae,"Phyllostomus discolor"
Mammalia,Chiroptera,Phyllostomidae,"Phyllostomus elongatus"
Mammalia,Chiroptera,Phyllostomidae,"Phyllostomus hastatus"
Equisetopsida,Solanales,Solanaceae,"Physalis angulata"
Equisetopsida,Solanales,Solanaceae,"Physalis pubescens"
Equisetopsida,Arecales,Arecaceae,"Phytelephas macrocarpa"
Equisetopsida,Malpighiales,Phytolaccaceae,"Phytolacca rivinoides"
Actinopterygii,Characiformes,Characidae,"Piabucus melanostomus"
Aves,Cuculiformes,Cuculidae,"Piaya cayana"
Aves,Cuculiformes,Cuculidae,"Piaya melanogaster"
Equisetopsida,Picramniales,Picramniaceae,"Picramnia latifolia"
Equisetopsida,Picramniales,Picramniaceae,"Picramnia spruceana"
Aves,Piciformes,Picidae,"Piculus flavigula"
Aves,Piciformes,Picidae,"Picumnus aurifrons"
Aves,Piciformes,Picidae,"Picumnus castelnau"
Equisetopsida,Rosales,Urticaceae,"Pilea imparifolia"
Aves,Pelecaniformes,Ardeidae,"Pilherodius pileatus"
Actinopterygii,Siluriformes,Heptapteridae,"Pimelodella cristata"
Actinopterygii,Siluriformes,Heptapteridae,"Pimelodella gracilis"
Actinopterygii,Siluriformes,Heptapteridae,"Pimelodella serrata"
Actinopterygii,Siluriformes,Pimelodidae,"Pimelodus blochii"
Actinopterygii,Siluriformes,Pimelodidae,"Pimelodus ornatus"
Actinopterygii,Siluriformes,Pimelodidae,"Pimelodus pictus"
Actinopterygii,Siluriformes,Pimelodidae,"Pinirampus pirinampu"
Aves,Psittaciformes,Psittacidae,"Pionites melanocephalus"
Aves,Psittaciformes,Psittacidae,"Pionus menstruus"
Equisetopsida,Malpighiales,Salicaceae,"Piparea multiflora"
Equisetopsida,Piperales,Piperaceae,"Piper aduncum"
Equisetopsida,Piperales,Piperaceae,"Piper arboreum"
Equisetopsida,Piperales,Piperaceae,"Piper asterotrichum"
Equisetopsida,Piperales,Piperaceae,"Piper augustum"
Equisetopsida,Piperales,Piperaceae,"Piper bartlingianum"
Equisetopsida,Piperales,Piperaceae,"Piper brasiliense"
Equisetopsida,Piperales,Piperaceae,"Piper casapiense"
Equisetopsida,Piperales,Piperaceae,"Piper coruscans"
Equisetopsida,Piperales,Piperaceae,"Piper cumbotianum"
Equisetopsida,Piperales,Piperaceae,"Piper cyrtopodon"
Equisetopsida,Piperales,Piperaceae,"Piper hispidum"
Equisetopsida,Piperales,Piperaceae,"Piper laevigatum"
Equisetopsida,Piperales,Piperaceae,"Piper maranyonense"
Equisetopsida,Piperales,Piperaceae,"Piper nematanthera"
Equisetopsida,Piperales,Piperaceae,"Piper obtusilimbum"
Equisetopsida,Piperales,Piperaceae,"Piper peltatum"
Equisetopsida,Piperales,Piperaceae,"Piper poiteanum"
Equisetopsida,Piperales,Piperaceae,"Piper soledadense"
Equisetopsida,Piperales,Piperaceae,"Piper vitaceum"
Aves,Galliformes,Cracidae,"Pipile cumanensis"
Aves,Passeriformes,Pipridae,"Pipra fasciicauda"
Aves,Passeriformes,Pipridae,"Pipra filicauda"
Aves,Passeriformes,Tyrannidae,"Piprites chloris"
Equisetopsida,Fabales,Fabaceae,"Piptadenia pteroclada"
Equisetopsida,Asterales,Asteraceae,"Piptocarpha opaca"
Equisetopsida,Poales,Poaceae,"Piresia macrophylla"
Equisetopsida,Alismatales,Araceae,"Pistia stratiotes"
Aves,Passeriformes,Tyrannidae,"Pitangus lictor"
Aves,Passeriformes,Tyrannidae,"Pitangus sulphuratus"
Equisetopsida,Poales,Bromeliaceae,"Pitcairnia sprucei"
Mammalia,Primates,Pitheciidae,"Pithecia monachus"
Equisetopsida,Polypodiales,Pteridaceae,"Pityrogramma calomelanos"
Actinopterygii,Siluriformes,Loricariidae,"Planiloricaria cryptodon"
Aves,Pelecaniformes,Threskiornithidae,"Platalea ajaja"
Equisetopsida,Fabales,Fabaceae,"Platymiscium pinnatum"
Equisetopsida,Fabales,Fabaceae,"Platymiscium pinnatum var. ulei"
Equisetopsida,Fabales,Fabaceae,"Platymiscium stipulare"
Aves,Passeriformes,Tyrannidae,"Platyrinchus platyrhynchos"
Mammalia,Chiroptera,Phyllostomidae,"Platyrrhinus brachycephalus"
Equisetopsida,Laurales,Lauraceae,"Pleurothyrium parviflorum"
Equisetopsida,Malpighiales,Euphorbiaceae,"Plukenetia loretensis"
Aves,Passeriformes,Tyrannidae,"Poecilotriccus latirostris"
Aves,Passeriformes,Polioptilidae,"Polioptila plumbea"
Equisetopsida,Polypodiales,Dryopteridaceae,"Polybotrya crassirhizoma"
Equisetopsida,Commelinales,Pontederiaceae,"Pontederia rotundifolia"
Actinopterygii,Characiformes,Characidae,"Poptella compressa"
Equisetopsida,Metteniusales,Metteniusaceae,"Poraqueiba sericea"
Actinopterygii,Gymnotiformes,Apteronotidae,"Porotergus duende"
Aves,Passeriformes,Cotingidae,"Porphyrolaema porphyrolaema"
Equisetopsida,Caryophyllales,Portulacaceae,"Portulaca oleracea"
Equisetopsida,Caryophyllales,Portulacaceae,"Portulaca pilosa"
Equisetopsida,Gentianales,Rubiaceae,"Posoqueria latifolia"
Equisetopsida,Gentianales,Rubiaceae,"Posoqueria longiflora"
Equisetopsida,Gentianales,Gentianaceae,"Potalia amara"
Equisetopsida,Gentianales,Gentianaceae,"Potalia coronata"
Equisetopsida,Gentianales,Gentianaceae,"Potalia yanamonoensis"
Actinopterygii,Characiformes,Curimatidae,"Potamorhina altamazonica"
Actinopterygii,Characiformes,Curimatidae,"Potamorhina latior"
Actinopterygii,Characiformes,Curimatidae,"Potamorhina pristigaster"
Actinopterygii,Beloniformes,Belonidae,"Potamorrhaphis guianensis"
Elasmobranchii,Myliobatiformes,Potamotrygonidae,"Potamotrygon motoro"
Mammalia,Carnivora,Procyonidae,"Potos flavus"
Equisetopsida,Rosales,Urticaceae,"Pourouma acuminata"
Equisetopsida,Rosales,Urticaceae,"Pourouma guianensis subsp. guianensis"
Equisetopsida,Rosales,Urticaceae,"Pourouma minor"
Equisetopsida,Rosales,Urticaceae,"Pourouma myrmecophila"
Equisetopsida,Rosales,Urticaceae,"Pourouma ovata"
Equisetopsida,Rosales,Urticaceae,"Pourouma phaeotricha"
Equisetopsida,Ericales,Sapotaceae,"Pouteria bilocularis"
Equisetopsida,Ericales,Sapotaceae,"Pouteria cuspidata"
Equisetopsida,Ericales,Sapotaceae,"Pouteria glomerata"
Equisetopsida,Ericales,Sapotaceae,"Pouteria gomphiifolia"
Equisetopsida,Ericales,Sapotaceae,"Pouteria longifolia"
Equisetopsida,Ericales,Sapotaceae,"Pouteria oblanceolata"
Equisetopsida,Ericales,Sapotaceae,"Pouteria procera"
Equisetopsida,Ericales,Sapotaceae,"Pouteria reticulata"
Equisetopsida,Ericales,Sapotaceae,"Pouteria torta"
Equisetopsida,Rosales,Urticaceae,"Pouzolzia formicaria"
Equisetopsida,Gentianales,Apocynaceae,"Prestonia annularis"
Equisetopsida,Gentianales,Apocynaceae,"Prestonia rotundifolia"
Equisetopsida,Gentianales,Apocynaceae,"Prestonia trifida"
Mammalia,Cingulata,Chlamyphoridae,"Priodontes maximus"
Actinopterygii,Characiformes,Characidae,"Prionobrama filigera"
Actinopterygii,Clupeiformes,Pristigasteridae,"Pristigaster cayana"
Mammalia,Carnivora,Procyonidae,"Procyon cancrivorus"
Actinopterygii,Characiformes,Characidae,"Prodontocharax alleni"
Mammalia,Rodentia,Echimyidae,"Proechimys brevicauda"
Mammalia,Rodentia,Echimyidae,"Proechimys steerei"
Aves,Passeriformes,Hirundinidae,"Progne chalybea"
Aves,Passeriformes,Hirundinidae,"Progne subis"
Aves,Passeriformes,Hirundinidae,"Progne tapera"
Equisetopsida,Sapindales,Burseraceae,"Protium calendulinum"
Equisetopsida,Sapindales,Burseraceae,"Protium decandrum"
Equisetopsida,Sapindales,Burseraceae,"Protium divaricatum subsp. divaricatum"
Equisetopsida,Sapindales,Burseraceae,"Protium gallosum"
Equisetopsida,Sapindales,Burseraceae,"Protium glabrescens"
Equisetopsida,Sapindales,Burseraceae,"Protium hebetatum"
Equisetopsida,Sapindales,Burseraceae,"Protium klugii"
Equisetopsida,Sapindales,Burseraceae,"Protium meridionale"
Equisetopsida,Sapindales,Burseraceae,"Protium nitidifolium"
Equisetopsida,Sapindales,Burseraceae,"Protium nodulosum"
Equisetopsida,Sapindales,Burseraceae,"Protium paniculatum var. paniculatum"
Equisetopsida,Sapindales,Burseraceae,"Protium prancei"
Equisetopsida,Sapindales,Burseraceae,"Protium trifoliolatum"
Aves,Passeriformes,Icteridae,"Psarocolius angustifrons"
Aves,Passeriformes,Icteridae,"Psarocolius decumanus"
Actinopterygii,Characiformes,Curimatidae,"Psectrogaster amazonica"
Actinopterygii,Characiformes,Curimatidae,"Psectrogaster essequibensis"
Actinopterygii,Characiformes,Curimatidae,"Psectrogaster rutiloides"
Equisetopsida,Malvales,Malvaceae,"Pseudobombax munguba"
Equisetopsida,Magnoliales,Annonaceae,"Pseudoconnarus macrophyllus"
Equisetopsida,Magnoliales,Annonaceae,"Pseudomalmea diclina"
Actinopterygii,Siluriformes,Pimelodidae,"Pseudoplatystoma fasciatum"
Actinopterygii,Siluriformes,Pimelodidae,"Pseudoplatystoma punctifer"
Actinopterygii,Siluriformes,Pimelodidae,"Pseudoplatystoma tigrinum"
Equisetopsida,Caryophyllales,Cactaceae,"Pseudorhipsalis amazonica"
Actinopterygii,Siluriformes,Loricariidae,"Pseudorinelepis genibarbis"
Equisetopsida,Malpighiales,Euphorbiaceae,"Pseudosenefeldera inclinata"
Actinopterygii,Siluriformes,Trichomycteridae,"Pseudostegophilus nemurus"
Equisetopsida,Magnoliales,Annonaceae,"Pseudoxandra lucida"
Equisetopsida,Magnoliales,Annonaceae,"Pseudoxandra polyphleba"
Equisetopsida,Myrtales,Myrtaceae,"Psidium acutangulum"
Equisetopsida,Santalales,Loranthaceae,"Psittacanthus acinarius"
Equisetopsida,Santalales,Loranthaceae,"Psittacanthus baguensis"
Equisetopsida,Santalales,Loranthaceae,"Psittacanthus cucullaris"
Aves,Psittaciformes,Psittacidae,"Psittacara leucophthalmus"
Aves,Gruiformes,Psophiidae,"Psophia leucoptera"
Equisetopsida,Gentianales,Rubiaceae,"Psychotria acreana"
Equisetopsida,Gentianales,Rubiaceae,"Psychotria anceps"
Equisetopsida,Gentianales,Rubiaceae,"Psychotria carthagenensis"
Equisetopsida,Gentianales,Rubiaceae,"Psychotria guianensis"
Equisetopsida,Gentianales,Rubiaceae,"Psychotria marginata"
Equisetopsida,Gentianales,Rubiaceae,"Psychotria maynasana"
Equisetopsida,Gentianales,Rubiaceae,"Psychotria micrantha"
Equisetopsida,Gentianales,Rubiaceae,"Psychotria pichisensis"
Equisetopsida,Gentianales,Rubiaceae,"Psychotria remota"
Equisetopsida,Gentianales,Rubiaceae,"Psychotria trivialis"
Equisetopsida,Gentianales,Rubiaceae,"Psychotria viridis"
Equisetopsida,Fabales,Fabaceae,"Pterocarpus amazonum"
Equisetopsida,Fabales,Fabaceae,"Pterocarpus rohrii"
Equisetopsida,Fabales,Fabaceae,"Pterocarpus santalinoides"
Actinopterygii,Siluriformes,Doradidae,"Pterodoras granulosus"
Aves,Piciformes,Ramphastidae,"Pteroglossus azara"
Aves,Piciformes,Ramphastidae,"Pteroglossus castanotis"
Aves,Piciformes,Ramphastidae,"Pteroglossus inscriptus"
Aves,Piciformes,Ramphastidae,"Pteroglossus pluricinctus"
Mammalia,Carnivora,Mustelidae,"Pteronura brasiliensis"
Actinopterygii,Cichliformes,Cichlidae,"Pterophyllum scalare"
Actinopterygii,Siluriformes,Loricariidae,"Pterygoplichthys pardalis"
Actinopterygii,Siluriformes,Loricariidae,"Pterygoplichthys scrophus"
Aves,Strigiformes,Strigidae,"Pulsatrix perspicillata"
Mammalia,Carnivora,Felidae,"Puma concolor"
Mammalia,Carnivora,Felidae,"Puma yagouaroundi"
Aves,Passeriformes,Thamnophilidae,"Pygiptila stellaris"
Actinopterygii,Characiformes,Characidae,"Pygocentrus nattereri"
Aves,Passeriformes,Hirundinidae,"Pygochelidon cyanoleuca"
Aves,Passeriformes,Thamnophilidae,"Pyriglena maura"
Aves,Psittaciformes,Psittacidae,"Pyrilia barrabandi"
Aves,Passeriformes,Tyrannidae,"Pyrocephalus rubinus"
Actinopterygii,Characiformes,Lebiasinidae,"Pyrrhulina eleanorae"
Actinopterygii,Characiformes,Lebiasinidae,"Pyrrhulina zigzag"
Equisetopsida,Myrtales,Vochysiaceae,"Qualea amoena"
Equisetopsida,Myrtales,Vochysiaceae,"Qualea paraensis"
Equisetopsida,Malvales,Malvaceae,"Quararibea amazonica"
Equisetopsida,Malvales,Malvaceae,"Quararibea guianensis"
Equisetopsida,Malvales,Malvaceae,"Quararibea wittii"
Aves,Passeriformes,Cotingidae,"Querula purpurata"
Equisetopsida,Malpighiales,Ochnaceae,"Quiina amazonica"
Equisetopsida,Malpighiales,Ochnaceae,"Quiina blackii"
Equisetopsida,Malpighiales,Ochnaceae,"Quiina florida"
Aves,Piciformes,Ramphastidae,"Ramphastos tucanus"
Aves,Piciformes,Ramphastidae,"Ramphastos vitellinus"
Aves,Passeriformes,Thraupidae,"Ramphocelus carbo"
Aves,Passeriformes,Thraupidae,"Ramphocelus nigrogularis"
Aves,Passeriformes,Tyrannidae,"Ramphotrigon ruficauda"
Equisetopsida,Gentianales,Rubiaceae,"Randia armata"
Equisetopsida,Poales,Rapateaceae,"Rapatea ulei"
Equisetopsida,Sapindales,Rutaceae,"Raputia hirsuta"
Equisetopsida,Sapindales,Rutaceae,"Raputiarana heptaphylla"
Equisetopsida,Sapindales,Rutaceae,"Raputiarana subsigmoidea"
Equisetopsida,Sapindales,Rutaceae,"Rauia prancei"
Equisetopsida,Gentianales,Apocynaceae,"Rauvolfia andina"
Equisetopsida,Gentianales,Apocynaceae,"Rauvolfia leptophylla"
Equisetopsida,Gentianales,Apocynaceae,"Rauvolfia macrantha"
Equisetopsida,Gentianales,Apocynaceae,"Rauvolfia sprucei"
Equisetopsida,Gentianales,Rubiaceae,"Remijia pacimonica"
Equisetopsida,Zingiberales,Zingiberaceae,"Renealmia alpinia"
Equisetopsida,Zingiberales,Zingiberaceae,"Renealmia cernua"
Equisetopsida,Zingiberales,Zingiberaceae,"Renealmia krukovii"
Equisetopsida,Zingiberales,Zingiberaceae,"Renealmia thyrsoidea subsp. thyrsoidea"
Equisetopsida,Zingiberales,Zingiberaceae,"Renealmia urbaniana"
Equisetopsida,Gentianales,Apocynaceae,"Rhabdadenia madida"
Actinopterygii,Siluriformes,Heptapteridae,"Rhamdia quelen"
Actinopterygii,Gymnotiformes,Rhamphichthyidae,"Rhamphichthys marmoratus"
Actinopterygii,Characiformes,Cynodontidae,"Rhaphiodon vulpinus"
Aves,Passeriformes,Thamnophilidae,"Rhegmatorhina melanosticta"
Equisetopsida,Gentianales,Apocynaceae,"Rhigospira quadrangularis"
Mammalia,Chiroptera,Phyllostomidae,"Rhinophylla pumilio"
Equisetopsida,Caryophyllales,Cactaceae,"Rhipsalis baccifera"
Equisetopsida,Alismatales,Araceae,"Rhodospatha oblongata"
Equisetopsida,Laurales,Lauraceae,"Rhodostemonodaphne crenaticupula"
Aves,Passeriformes,Tyrannidae,"Rhynchocyclus olivaceus"
Actinopterygii,Siluriformes,Doradidae,"Rhynchodoras woodsi"
Mammalia,Chiroptera,Emballonuridae,"Rhynchonycteris naso"
Equisetopsida,Poales,Cyperaceae,"Rhynchospora amazonica"
Actinopterygii,Characiformes,Anostomidae,"Rhytiodus argenteofuscus"
Actinopterygii,Characiformes,Anostomidae,"Rhytiodus microlepis"
Aves,Passeriformes,Tyrannidae,"Rhytipterna simplex"
Equisetopsida,Malpighiales,Phyllanthaceae,"Richeria grandis"
Actinopterygii,Siluriformes,Loricariidae,"Rineloricaria lanceolata"
Actinopterygii,Siluriformes,Loricariidae,"Rineloricaria morrowi"
Actinopterygii,Siluriformes,Loricariidae,"Rineloricaria wolfei"
Equisetopsida,Malpighiales,Violaceae,"Rinorea falcata"
Equisetopsida,Malpighiales,Violaceae,"Rinorea flavescens"
Equisetopsida,Malpighiales,Violaceae,"Rinorea lindeniana"
Equisetopsida,Malpighiales,Violaceae,"Rinorea racemosa"
Actinopterygii,Cyprinodontiformes,Rivulidae,"Rivulus iridescens"
Actinopterygii,Cyprinodontiformes,Rivulidae,"Rivulus rubrolineatus"
Actinopterygii,Characiformes,Characidae,"Roeboides affinis"
Actinopterygii,Characiformes,Characidae,"Roeboides biserialis"
Actinopterygii,Characiformes,Characidae,"Roeboides myersii"
Equisetopsida,Gentianales,Rubiaceae,"Rosenbergiodendron longiflorum"
Aves,Accipitriformes,Accipitridae,"Rostrhamus sociabilis"
Equisetopsida,Gentianales,Rubiaceae,"Rothmannia hispida"
Equisetopsida,Oxalidales,Connaraceae,"Rourea amazonica"
Equisetopsida,Oxalidales,Connaraceae,"Rourea camptoneura"
Equisetopsida,Oxalidales,Connaraceae,"Rourea cuspidata"
Equisetopsida,Oxalidales,Connaraceae,"Rourea puberula"
Equisetopsida,Gentianales,Rubiaceae,"Rudgea cornifolia"
Equisetopsida,Gentianales,Rubiaceae,"Rudgea lanceifolia"
Equisetopsida,Gentianales,Rubiaceae,"Rudgea loretensis"
Equisetopsida,Gentianales,Rubiaceae,"Rudgea panurensis"
Equisetopsida,Asparagales,Orchidaceae,"Rudolfiella floribunda"
Equisetopsida,Poales,Poaceae,"Rugoloa pilosa"
Equisetopsida,Myrtales,Vochysiaceae,"Ruizterania trichanthera"
Aves,Accipitriformes,Accipitridae,"Rupornis magnirostris"
Equisetopsida,Caryophyllales,Polygonaceae,"Ruprechtia maracensis"
Equisetopsida,Celastrales,Lepidobotryaceae,"Ruptiliocarpon caracolito"
Equisetopsida,Malpighiales,Salicaceae,"Ryania speciosa"
Equisetopsida,Malpighiales,Salicaceae,"Ryania spruceana"
Aves,Charadriiformes,Rhynchopidae,"Rynchops niger"
Equisetopsida,Gentianales,Rubiaceae,"Sabicea panamensis var. panamensis"
Equisetopsida,Gentianales,Rubiaceae,"Sabicea villosa var. villosa"
Equisetopsida,Polypodiales,Saccolomataceae,"Saccoloma inaequale"
Equisetopsida,Alismatales,Alismataceae,"Sagittaria sprucei"
Equisetopsida,Malpighiales,Euphorbiaceae,"Sagotia brachysepala"
Mammalia,Primates,Cebidae,"Saimiri boliviensis"
Aves,Passeriformes,Thamnophilidae,"Sakesphorus canadensis"
Equisetopsida,Celastrales,Celastraceae,"Salacia cordata"
Equisetopsida,Celastrales,Celastraceae,"Salacia elliptica"
Equisetopsida,Celastrales,Celastraceae,"Salacia gigantea"
Equisetopsida,Celastrales,Celastraceae,"Salacia impressifolia"
Equisetopsida,Celastrales,Celastraceae,"Salacia macrantha"
Equisetopsida,Celastrales,Celastraceae,"Salacia opacifolia"
Equisetopsida,Celastrales,Celastraceae,"Salacia ulei"
Equisetopsida,Myrtales,Melastomataceae,"Salpinga secunda"
Aves,Passeriformes,Thraupidae,"Saltator coerulescens"
Aves,Passeriformes,Thraupidae,"Saltator grossus"
Aves,Passeriformes,Thraupidae,"Saltator maximus"
Equisetopsida,Lamiales,Acanthaceae,"Sanchezia oblonga"
Equisetopsida,Lamiales,Acanthaceae,"Sanchezia stenantha"
Equisetopsida,Malpighiales,Euphorbiaceae,"Sapium glandulosum"
Equisetopsida,Ericales,Sapotaceae,"Sarcaulus brasiliensis"
Aves,Cathartiformes,Cathartidae,"Sarcoramphus papa"
Aves,Anseriformes,Anatidae,"Sarkidiornis sylvicola"
Actinopterygii,Cichliformes,Cichlidae,"Satanoperca jurupari"
Equisetopsida,Arecales,Arecaceae,"Scheelea salazarii"
Aves,Passeriformes,Tityridae,"Schiffornis major"
Actinopterygii,Characiformes,Anostomidae,"Schizodon fasciatus"
Equisetopsida,Fabales,Fabaceae,"Schizolobium parahyba"
Equisetopsida,Lamiales,Schlegeliaceae,"Schlegelia scandens"
Equisetopsida,Fabales,Fabaceae,"Schnella glabra"
Equisetopsida,Fabales,Fabaceae,"Schnella guianensis"
Equisetopsida,Malvales,Thymelaeaceae,"Schoenobiblus peruvianus"
Equisetopsida,Pandanales,Cyclanthaceae,"Schultesiophytum chorianthum"
Equisetopsida,Ranunculales,Menispermaceae,"Sciadotenia toxifera"
Equisetopsida,Pandanales,Triuridaceae,"Sciaphila purpurea"
Aves,Passeriformes,Thamnophilidae,"Sclateria naevia"
Equisetopsida,Poales,Cyperaceae,"Scleria gaertneri"
Equisetopsida,Poales,Cyperaceae,"Scleria microcarpa"
Equisetopsida,Fabales,Polygalaceae,"Securidaca divaricata"
Equisetopsida,Fabales,Polygalaceae,"Securidaca inappendiculata subsp. inappendiculata"
Equisetopsida,Fabales,Polygalaceae,"Securidaca paniculata"
Equisetopsida,Selaginellales,Selaginellaceae,"Selaginella haematodes"
Equisetopsida,Selaginellales,Selaginellaceae,"Selaginella parkeri"
Aves,Piciformes,Ramphastidae,"Selenidera reinwardtii"
Actinopterygii,Characiformes,Prochilodontidae,"Semaprochilodus insignis"
Equisetopsida,Fabales,Fabaceae,"Senegalia amazonica"
Equisetopsida,Fabales,Fabaceae,"Senegalia loretensis"
Equisetopsida,Fabales,Fabaceae,"Senna latifolia"
Equisetopsida,Fabales,Fabaceae,"Senna pendula"
Equisetopsida,Fabales,Fabaceae,"Senna reticulata"
Actinopterygii,Characiformes,Serrasalmidae,"Serrasalmus elongatus"
Actinopterygii,Characiformes,Serrasalmidae,"Serrasalmus humeralis"
Actinopterygii,Characiformes,Serrasalmidae,"Serrasalmus rhombeus"
Equisetopsida,Fabales,Fabaceae,"Sesbania exasperata"
Equisetopsida,Poales,Poaceae,"Setaria parviflora"
Aves,Passeriformes,Parulidae,"Setophaga pitiayumi"
Equisetopsida,Cucurbitales,Cucurbitaceae,"Sicydium tamnifolium"
Equisetopsida,Sapindales,Simaroubaceae,"Simaba orinocensis"
Equisetopsida,Sapindales,Simaroubaceae,"Simarouba amara"
Equisetopsida,Cucurbitales,Cucurbitaceae,"Siolmatra brasiliensis"
Equisetopsida,Laurales,Siparunaceae,"Siparuna cristata"
Equisetopsida,Laurales,Monimiaceae,"Siparuna decipiens"
Equisetopsida,Laurales,Siparunaceae,"Siparuna guianensis"
Equisetopsida,Laurales,Siparunaceae,"Siparuna obstipa"
Equisetopsida,Laurales,Siparunaceae,"Siparuna reginae"
Equisetopsida,Laurales,Siparunaceae,"Siparuna thecaphora"
Aves,Passeriformes,Furnariidae,"Sittasomus griseicapillus"
Equisetopsida,Oxalidales,Elaeocarpaceae,"Sloanea brachytepala"
Equisetopsida,Oxalidales,Elaeocarpaceae,"Sloanea brevipes"
Equisetopsida,Oxalidales,Elaeocarpaceae,"Sloanea durissima"
Equisetopsida,Oxalidales,Elaeocarpaceae,"Sloanea grandezii"
Equisetopsida,Oxalidales,Elaeocarpaceae,"Sloanea guianensis"
Equisetopsida,Oxalidales,Elaeocarpaceae,"Sloanea picapica"
Equisetopsida,Oxalidales,Elaeocarpaceae,"Sloanea rojasiae"
Equisetopsida,Oxalidales,Elaeocarpaceae,"Sloanea terniflora"
Equisetopsida,Liliales,Smilacaceae,"Smilax domingensis"
Equisetopsida,Liliales,Smilacaceae,"Smilax purhampuy"
Equisetopsida,Liliales,Smilacaceae,"Smilax siphilitica"
Equisetopsida,Arecales,Arecaceae,"Socratea exorrhiza"
Equisetopsida,Solanales,Solanaceae,"Solanum acuminatum"
Equisetopsida,Solanales,Solanaceae,"Solanum anceps"
Equisetopsida,Solanales,Solanaceae,"Solanum asarifolium"
Equisetopsida,Solanales,Solanaceae,"Solanum kioniotrichum"
Equisetopsida,Solanales,Solanaceae,"Solanum leptopodum"
Equisetopsida,Solanales,Solanaceae,"Solanum leucopogon"
Equisetopsida,Solanales,Solanaceae,"Solanum mammosum"
Equisetopsida,Solanales,Solanaceae,"Solanum nemorosum"
Equisetopsida,Solanales,Solanaceae,"Solanum occultum"
Equisetopsida,Solanales,Solanaceae,"Solanum oppositifolium"
Equisetopsida,Solanales,Solanaceae,"Solanum proteanthum"
Equisetopsida,Solanales,Solanaceae,"Solanum quaesitum"
Equisetopsida,Solanales,Solanaceae,"Solanum sessile"
Equisetopsida,Solanales,Solanaceae,"Solanum splendens"
Equisetopsida,Solanales,Solanaceae,"Solanum stramoniifolium"
Equisetopsida,Gentianales,Rubiaceae,"Sommera sabiceoides"
Equisetopsida,Rosales,Moraceae,"Sorocea duckei"
Equisetopsida,Rosales,Moraceae,"Sorocea muriculata subsp. muriculata"
Equisetopsida,Rosales,Moraceae,"Sorocea pubivena"
Equisetopsida,Rosales,Moraceae,"Sorocea pubivena subsp. Hirtella"
Equisetopsida,Rosales,Moraceae,"Sorocea steinbachii"
Actinopterygii,Siluriformes,Pimelodidae,"Sorubim elongatus"
Actinopterygii,Siluriformes,Pimelodidae,"Sorubim lima"
Actinopterygii,Siluriformes,Pimelodidae,"Sorubim maniradii"
Mammalia,Cetartiodactyla,Delphinidae,"Sotalia fluviatilis"
Aves,Anseriformes,Anatidae,"Spatula discors"
Mammalia,Carnivora,Canidae,"Speothos venaticus"
Equisetopsida,Solanales,Sphenocleaceae,"Sphenoclea zeylanica"
Aves,Accipitriformes,Accipitridae,"Spizaetus melanoleucus"
Aves,Accipitriformes,Accipitridae,"Spizaetus ornatus"
Aves,Accipitriformes,Accipitridae,"Spizaetus tyrannus"
Equisetopsida,Sapindales,Anacardiaceae,"Spondias globosa"
Equisetopsida,Sapindales,Anacardiaceae,"Spondias mombin"
Aves,Passeriformes,Thraupidae,"Sporophila angolensis"
Aves,Passeriformes,Thraupidae,"Sporophila bouvronides"
Aves,Passeriformes,Thraupidae,"Sporophila castaneiventris"
Aves,Passeriformes,Thraupidae,"Sporophila lineola"
Aves,Passeriformes,Thraupidae,"Sporophila luctuosa"
Aves,Passeriformes,Thraupidae,"Sporophila murallae"
Actinopterygii,Characiformes,Curimatidae,"Steindachnerina bimaculata"
Actinopterygii,Characiformes,Curimatidae,"Steindachnerina hypostoma"
Actinopterygii,Characiformes,Curimatidae,"Steindachnerina leucisca"
Aves,Passeriformes,Hirundinidae,"Stelgidopteryx ruficollis"
Equisetopsida,Poales,Poaceae,"Stephostachys mertensii"
Equisetopsida,Malvales,Malvaceae,"Sterculia apeibophylla"
Equisetopsida,Malvales,Malvaceae,"Sterculia rebeccae"
Equisetopsida,Gentianales,Rubiaceae,"Warszewiczia coccinea"
Equisetopsida,Rosales,Urticaceae,"Urera caracasana"
Equisetopsida,Malvales,Malvaceae,"Urera capitata"
Equisetopsida,Malvales,Malvaceae,"Theobroma obovatum"
Equisetopsida,Celastrales,Celastraceae,"Tontelea passiflora"
Equisetopsida,Malvales,Malvaceae,"Theobroma cacao"
Equisetopsida,Malvales,Malvaceae,"Urera baccifera"
Equisetopsida,Malvales,Malvaceae,"Urena lobata"
Equisetopsida,Asparagales,Amaryllidaceae,"Urceolina ulei"
Equisetopsida,Gentianales,Rubiaceae,"Uncaria guianensis"
Equisetopsida,Asparagales,Amaryllidaceae,"Urceolina cyaneosperma"
Aves,Passeriformes,Tyrannidae,"Tolmomyias assimilis"
Equisetopsida,Gentianales,Rubiaceae,"Uncaria tomentosa"
Equisetopsida,Polypodiales,Thelypteridaceae,"Thelypteris serrata"
Equisetopsida,Fabales,Fabaceae,"Zygia macbridei"
Equisetopsida,Magnoliales,Annonaceae,"Unonopsis floribunda"
Equisetopsida,Magnoliales,Annonaceae,"Unonopsis guatterioides"
Equisetopsida,Polypodiales,Thelypteridaceae,"Thelypteris opulenta"
Equisetopsida,Polypodiales,Thelypteridaceae,"Thelypteris longifolia"
Equisetopsida,Fabales,Fabaceae,"Swartzia obscura"
Equisetopsida,Magnoliales,Annonaceae,"Unonopsis stipitata"
Aves,Passeriformes,Thraupidae,"Tangara callophrys"
Equisetopsida,Polypodiales,Thelypteridaceae,"Thelypteris arborescens"
Equisetopsida,Fabales,Fabaceae,"Swartzia polyphylla"
Equisetopsida,Fabales,Fabaceae,"Swartzia schunkei"
Aves,Apodiformes,Apodidae,"Tachornis squamata"
Aves,Passeriformes,Tyrannidae,"Todirostrum maculatum"
Aves,Passeriformes,Tyrannidae,"Todirostrum cinereum"
Aves,Passeriformes,Thraupidae,"Tangara chilensis"
Aves,Passeriformes,Furnariidae,"Synallaxis albigularis"
Equisetopsida,Gentianales,Gentianaceae,"Tachia occidentalis"
Equisetopsida,Dioscoreales,Taccaceae,"Tacca parkeri"
Aves,Passeriformes,Thraupidae,"Tangara mexicana"
Equisetopsida,Malpighiales,Clusiaceae,"Tovomita longicuneata"
Aves,Passeriformes,Tyrannidae,"Todirostrum chrysocrotaphum"
Mammalia,Sirenia,Trichechidae,"Trichechus inunguis"
Equisetopsida,Malpighiales,Clusiaceae,"Tovomita laurina"
Equisetopsida,Gentianales,Apocynaceae,"Tabernaemontana siphilitica"
Equisetopsida,Gentianales,Rubiaceae,"Tocoyena williamsii"
Equisetopsida,Gentianales,Rubiaceae,"Tocoyena megistantha"
Aves,Passeriformes,Furnariidae,"Xiphorhynchus ocellatus"
Equisetopsida,Gentianales,Apocynaceae,"Tabernaemontana sananho"
Equisetopsida,Gentianales,Apocynaceae,"Tabernaemontana markgrafiana"
Mammalia,Chiroptera,Phyllostomidae,"Trachops cirrhosus"
Aves,Passeriformes,Tityridae,"Tityra semifasciata"
Aves,Passeriformes,Thraupidae,"Tangara schrankii"
Equisetopsida,Sapindales,Meliaceae,"Trichilia inaequilatera"
Equisetopsida,Sapindales,Meliaceae,"Trichilia maynasiana"
Equisetopsida,Lamiales,Bignoniaceae,"Tabebuia obscura"
Equisetopsida,Lamiales,Bignoniaceae,"Tabebuia insignis"
Equisetopsida,Sapindales,Meliaceae,"Trichilia mazanensis"
Aves,Psittaciformes,Psittacidae,"Touit purpuratus"
Equisetopsida,Sapindales,Meliaceae,"Trichilia micrantha"
Aves,Passeriformes,Tityridae,"Tityra inquisitor"
Aves,Passeriformes,Tityridae,"Tityra cayana"
Equisetopsida,Sapindales,Meliaceae,"Trichilia pallida"
Equisetopsida,Ericales,Primulaceae,"Stylogyne ardisioides"
Equisetopsida,Sapindales,Meliaceae,"Trichilia pleeana"
Equisetopsida,Sapindales,Meliaceae,"Trichilia rubra"
Equisetopsida,Sapindales,Meliaceae,"Trichilia septentrionalis"
Aves,Tinamiformes,Tinamidae,"Tinamus tao"
Equisetopsida,Sapindales,Meliaceae,"Trichilia singularis"
Equisetopsida,Alismatales,Araceae,"Syngonium podophyllum"
Mammalia,Rodentia,Echimyidae,"Toromys rhipidurus"
Equisetopsida,Fabales,Fabaceae,"Zygia cataractae"
Equisetopsida,Celastrales,Celastraceae,"Tontelea mauritioides"
Aves,Tinamiformes,Tinamidae,"Tinamus major"
Equisetopsida,Gentianales,Gentianaceae,"Syngonanthus trichophyllus"
Aves,Cuculiformes,Cuculidae,"Tapera naevia"
Equisetopsida,Boraginales,Heliotropiaceae,"Tournefortia bicolor"
Aves,Passeriformes,Furnariidae,"Xiphorhynchus guttatus"
Actinopterygii,Synbranchiformes,Synbranchidae,"Synbranchus marmoratus"
Actinopterygii,Synbranchiformes,Synbranchidae,"Synbranchus madeirae"
Equisetopsida,Fabales,Fabaceae,"Zygia basijuga"
Equisetopsida,Sapindales,Anacardiaceae,"Tapirira guianensis"
Equisetopsida,Hymenophyllales,Hymenophyllaceae,"Trichomanes elegans"
Aves,Passeriformes,Tyrannidae,"Tolmomyias sulphurescens"
Equisetopsida,Hymenophyllales,Hymenophyllaceae,"Trichomanes humboldtii"
Equisetopsida,Hymenophyllales,Hymenophyllaceae,"Trichomanes martiusii"
Equisetopsida,Ericales,Styracaceae,"Styrax guyanensis"
Aves,Passeriformes,Furnariidae,"Synallaxis rutilans"
Mammalia,Perissodactyla,Tapiridae,"Tapirus terrestris"
Aves,Passeriformes,Furnariidae,"Synallaxis gujanensis"
Mammalia,Pilosa,Myrmecophagidae,"Tamandua tetradactyla"
Mammalia,Chiroptera,Phyllostomidae,"Sturnira tildae"
Aves,Passeriformes,Furnariidae,"Xiphorhynchus elegans"
Equisetopsida,Malpighiales,Malpighiaceae,"Stigmaphyllon adenodon"
Aves,Passeriformes,Furnariidae,"Xiphocolaptes promeropirhynchus"
Equisetopsida,Malpighiales,Dichapetalaceae,"Tapura acreana"
Equisetopsida,Commelinales,Haemodoraceae,"Xiphidium caeruleum"
Equisetopsida,Malpighiales,Dichapetalaceae,"Tapura amazonica"
Equisetopsida,Asparagales,Orchidaceae,"Xerorchis amazonica"
Equisetopsida,Malpighiales,Dichapetalaceae,"Tapura juruana"
Equisetopsida,Caryophyllales,Phytolaccaceae,"Trichostigma octandrum"
Equisetopsida,Poales,Bromeliaceae,"Tillandsia paraensis"
Actinopterygii,Characiformes,Characidae,"Stethaprion erythrops"
Aves,Passeriformes,Thamnophilidae,"Taraba major"
Aves,Passeriformes,Furnariidae,"Xenops minutus"
Equisetopsida,Malpighiales,Trigoniaceae,"Trigonia prancei"
Equisetopsida,Malpighiales,Trigoniaceae,"Trigonia rugosa"
Aves,Passeriformes,Thraupidae,"Tachyphonus surinamus"
Aves,Passeriformes,Furnariidae,"Xiphorhynchus obsoletus"
Aves,Charadriiformes,Scolopacidae,"Tringa flavipes"
Equisetopsida,Malpighiales,Malpighiaceae,"Stigmaphyllon sinuatum"
Equisetopsida,Gentianales,Apocynaceae,"Tassadia milanezii"
Equisetopsida,Gentianales,Apocynaceae,"Tassadia ovalifolia"
Aves,Charadriiformes,Scolopacidae,"Tringa melanoleuca"
Mammalia,Cetartiodactyla,Tayassuidae,"Tayassu pecari"
Equisetopsida,Fabales,Fabaceae,"Zygia latifolia"
Equisetopsida,Sapindales,Sapindaceae,"Talisia pinnata"
Aves,Charadriiformes,Scolopacidae,"Tringa solitaria"
Equisetopsida,Malpighiales,Clusiaceae,"Symphonia globulifera"
Equisetopsida,Arecales,Arecaceae,"Wettinia augusta"
Aves,Passeriformes,Tyrannidae,"Tolmomyias poliocephalus"
Equisetopsida,Myrtales,Melastomataceae,"Triolena amazonica"
Equisetopsida,Caryophyllales,Polygonaceae,"Symmeria paniculata"
Equisetopsida,Caryophyllales,Polygonaceae,"Triplaris americana"
Equisetopsida,Caryophyllales,Polygonaceae,"Triplaris cumingiana"
Equisetopsida,Caryophyllales,Polygonaceae,"Triplaris peruviana"
Equisetopsida,Asterales,Asteraceae,"Tilesia baccata var. discoidea"
Equisetopsida,Caryophyllales,Polygonaceae,"Triplaris weigeltiana"
Equisetopsida,Polypodiales,Blechnaceae,"Telmatoblechnum serrulatum"
Equisetopsida,Commelinales,Commelinaceae,"Tripogandra serrulata"
Actinopterygii,Characiformes,Characidae,"Triportheus albus"
Aves,Pelecaniformes,Ardeidae,"Tigrisoma lineatum"
Actinopterygii,Characiformes,Triportheidae,"Triportheus angulatus"
Equisetopsida,Asterales,Asteraceae,"Wedelia calycina"
Actinopterygii,Characiformes,Characidae,"Triportheus culter"
Actinopterygii,Characiformes,Characidae,"Triportheus curtus"
Aves,Passeriformes,Onychorhynchidae,"Terenotriccus erythrurus"
Equisetopsida,Myrtales,Combretaceae,"Terminalia dichotoma"
Equisetopsida,Pandanales,Triuridaceae,"Triuris hexophthalma"
Equisetopsida,Myrtales,Combretaceae,"Terminalia macrophylla"
Equisetopsida,Gentianales,Gentianaceae,"Voyria flavescens"
Equisetopsida,Myrtales,Combretaceae,"Terminalia oblonga"
Equisetopsida,Myrtales,Combretaceae,"Terminalia oxycarpa"
Equisetopsida,Myrtales,Melastomataceae,"Votomita pubescens"
Equisetopsida,Gentianales,Gentianaceae,"Symbolanthus calygonus"
Equisetopsida,Myrtales,Combretaceae,"Terminalia viridiflora"
Equisetopsida,Myrtales,Vochysiaceae,"Vochysia vismiifolia"
Equisetopsida,Magnoliales,Annonaceae,"Xylopia benthamii"
Equisetopsida,Myrtales,Vochysiaceae,"Vochysia diversa"
Aves,Passeriformes,Thraupidae,"Tersina viridis"
Aves,Passeriformes,Troglodytidae,"Troglodytes aedon"
Aves,Charadriiformes,Laridae,"Sternula superciliaris"
Equisetopsida,Malpighiales,Hypericaceae,"Vismia sprucei"
Equisetopsida,Malpighiales,Hypericaceae,"Vismia pozuzoensis"
Equisetopsida,Sapindales,Rutaceae,"Zanthoxylum riedelianum"
Equisetopsida,Malpighiales,Hypericaceae,"Vismia minutiflora"
Equisetopsida,Malpighiales,Hypericaceae,"Vismia lauriformis"
Equisetopsida,Dilleniales,Dilleniaceae,"Tetracera volubilis subsp. volubilis"
Equisetopsida,Malpighiales,Hypericaceae,"Vismia floribunda"
Equisetopsida,Malpighiales,Hypericaceae,"Vismia baccifera"
Aves,Trogoniformes,Trogonidae,"Trogon caligatus"
Equisetopsida,Magnoliales,Myristicaceae,"Virola surinamensis"
Aves,Passeriformes,Furnariidae,"Thripophaga fusciceps"
Aves,Trogoniformes,Trogonidae,"Trogon collaris"
Actinopterygii,Characiformes,Characidae,"Tetragonopterus chalceus"
Equisetopsida,Magnoliales,Myristicaceae,"Virola sebifera"
Equisetopsida,Magnoliales,Myristicaceae,"Virola pavonis"
Equisetopsida,Malpighiales,Malpighiaceae,"Tetrapterys styloptera"
Equisetopsida,Santalales,Olacaceae,"Tetrastylidium peruvianum"
Equisetopsida,Malpighiales,Salicaceae,"Tetrathylacium macrophyllum"
Aves,Apodiformes,Trochilidae,"Threnetes leucurus"
Aves,Trogoniformes,Trogonidae,"Trogon curucui"
Equisetopsida,Magnoliales,Myristicaceae,"Virola marleneae"
Equisetopsida,Magnoliales,Myristicaceae,"Virola loretensis"
Aves,Trogoniformes,Trogonidae,"Trogon melanurus"
Equisetopsida,Magnoliales,Myristicaceae,"Virola elongata"
Equisetopsida,Magnoliales,Myristicaceae,"Virola divergens"
Aves,Passeriformes,Thraupidae,"Thraupis palmarum"
Equisetopsida,Magnoliales,Myristicaceae,"Virola decorticans"
Equisetopsida,Magnoliales,Myristicaceae,"Virola calophylloidea"
Equisetopsida,Magnoliales,Myristicaceae,"Virola calophylla"
Equisetopsida,Magnoliales,Myristicaceae,"Virola albidiflora"
Aves,Passeriformes,Vireonidae,"Vireo olivaceus"
Actinopterygii,Siluriformes,Loricariidae,"Sturisoma nigrirostrum"
Aves,Apodiformes,Trochilidae,"Thalurania furcata"
Aves,Passeriformes,Thraupidae,"Thraupis episcopus"
Aves,Trogoniformes,Trogonidae,"Trogon viridis"
Aves,Passeriformes,Thamnophilidae,"Thamnomanes ardesiacus"
Equisetopsida,Rosales,Moraceae,"Trophis racemosa"
Aves,Passeriformes,Thamnophilidae,"Thamnomanes saturninus"
Equisetopsida,Rosales,Moraceae,"Trymatococcus amazonicus"
Equisetopsida,Lamiales,Bignoniaceae,"Tanaecium pyramidatum"
Aves,Passeriformes,Thamnophilidae,"Thamnomanes schistogynus"
Actinopterygii,Characiformes,Gasteropelecidae,"Thoracocharax stellatus"
Actinopterygii,Characiformes,Gasteropelecidae,"Thoracocharax securis"
Equisetopsida,Pandanales,Cyclanthaceae,"Thoracocarpus bissectus"
Aves,Passeriformes,Thamnophilidae,"Thamnophilus aethiops"
Aves,Apodiformes,Trochilidae,"Talaphorus chlorocercus"
Aves,Passeriformes,Turdidae,"Turdus albicollis"
Equisetopsida,Fabales,Fabaceae,"Zygia juruana"
Equisetopsida,Asterales,Asteraceae,"Vernonanthura patens"
Equisetopsida,Fabales,Fabaceae,"Zygia longifolia"
Aves,Passeriformes,Thamnophilidae,"Thamnophilus amazonicus"
Equisetopsida,Fabales,Fabaceae,"Vatairea guianensis"
Equisetopsida,Malvales,Malvaceae,"Vasivaea podocarpa"
Equisetopsida,Brassicales,Caricaceae,"Vasconcellea microcarpa"
Equisetopsida,Lamiales,Cordiaceae,"Varronia dichotoma"
Aves,Passeriformes,Turdidae,"Turdus hauxwelli"
Equisetopsida,Fabales,Fabaceae,"Zygia inaequalis"
Aves,Psittaciformes,Psittacidae,"Touit huetii"
Aves,Passeriformes,Thamnophilidae,"Thamnophilus cryptoleucus"
Equisetopsida,Malpighiales,Humiriaceae,"Vantanea spichigeri"
Equisetopsida,Malpighiales,Humiriaceae,"Vantanea parviflora"
Aves,Passeriformes,Thamnophilidae,"Thamnophilus doliatus"
Aves,Passeriformes,Turdidae,"Turdus ignobilis"
Aves,Passeriformes,Thraupidae,"Thlypopsis sordida"
Aves,Passeriformes,Thamnophilidae,"Thamnophilus murinus"
Equisetopsida,Sapindales,Rutaceae,"Zanthoxylum compactum"
Aves,Charadriiformes,Charadriidae,"Vanellus cayanus"
Equisetopsida,Sapindales,Sapindaceae,"Talisia cerasina"
Aves,Passeriformes,Thamnophilidae,"Thamnophilus schistaceus"
Equisetopsida,Fabales,Fabaceae,"Swartzia auriculata"
Aves,Passeriformes,Turdidae,"Turdus obsoletus"
Mammalia,Chiroptera,Phyllostomidae,"Vampyriscus bidens"
Equisetopsida,Dioscoreales,Thismiaceae,"Thismia hyalina"
Actinopterygii,Siluriformes,Auchenipteridae,"Trachelyopterus galeatus"
Aves,Pelecaniformes,Ardeidae,"Zebrilus undulatus"
Aves,Passeriformes,Tyrannidae,"Zimmerius gracilipes"
Equisetopsida,Fabales,Fabaceae,"Swartzia simplex"
Equisetopsida,Alismatales,Araceae,"Thaumatophyllum solimoesense"
Equisetopsida,Alismatales,Araceae,"Thaumatophyllum spruceanum"
Actinopterygii,Characiformes,Characidae,"Thayeria obliqua"
Equisetopsida,Magnoliales,Annonaceae,"Xylopia ligustrifolia"
Equisetopsida,Fabales,Fabaceae,"Swartzia calophylla"
Aves,Passeriformes,Pipridae,"Tyranneutes stolzmanni"
Equisetopsida,Fabales,Fabaceae,"Swartzia cardiosperma"
Equisetopsida,Magnoliales,Annonaceae,"Xylopia micans"
Aves,Passeriformes,Tyrannidae,"Tolmomyias flaviventris"
Equisetopsida,Asterales,Asteraceae,"Struchium sparganophorum"
Aves,Passeriformes,Tyrannidae,"Tyrannopsis sulphurea"
Equisetopsida,Magnoliales,Annonaceae,"Xylopia neglecta"
Aves,Passeriformes,Tyrannidae,"Tyrannulus elatus"
Equisetopsida,Gentianales,Loganiaceae,"Strychnos poeppigii"
Equisetopsida,Lamiales,Lentibulariaceae,"Utricularia gibba"
Equisetopsida,Lamiales,Lentibulariaceae,"Utricularia foliosa"
Aves,Passeriformes,Tyrannidae,"Tyrannus albogularis"
Equisetopsida,Alismatales,Araceae,"Urospatha sagittifolia"
Equisetopsida,Malpighiales,Salicaceae,"Xylosma benthamii"
Equisetopsida,Malpighiales,Salicaceae,"Xylosma intermedia"
Equisetopsida,Fabales,Fabaceae,"Swartzia gracilis"
Equisetopsida,Gentianales,Loganiaceae,"Strychnos panamensis"
Mammalia,Chiroptera,Phyllostomidae,"Uroderma magnirostrum"
Aves,Passeriformes,Tyrannidae,"Tyrannus melancholicus"
Equisetopsida,Malpighiales,Salicaceae,"Xylosma tessmannii"
Equisetopsida,Gentianales,Loganiaceae,"Strychnos mattogrossensis"
Aves,Passeriformes,Tyrannidae,"Tyrannus savana"
Aves,Passeriformes,Hirundinidae,"Tachycineta albiventer"
Equisetopsida,Malvales,Malvaceae,"Theobroma subincanum"
Mammalia,Chiroptera,Phyllostomidae,"Uroderma bilobatum"
Aves,Passeriformes,Tyrannidae,"Tyrannus tyrannus"
,,,
