Clase,Orden,Familia,Especie,endemica,amenazada
Aves,Accipitriformes,Pandionidae,Pandion haliaetus,FALSE,FALSE
Equisetopsida,Fabales,Fabaceae,Abarema auriculata,FALSE,FALSE
Actinopterygii,Characiformes,Anostomidae,Abramites hypselonotus,FALSE,FALSE
Equisetopsida,Ranunculales,Menispermaceae,Abuta grandifolia,FALSE,FALSE
Equisetopsida,Ranunculales,Menispermaceae,Abuta solimoesensis,FALSE,FALSE
Equisetopsida,Malpighiales,Euphorbiaceae,Acalypha stricta,FALSE,FALSE
Aves,Accipitriformes,Accipitridae,Accipiter superciliosus,FALSE,FALSE
Actinopterygii,Characiformes,Acestrorhynchidae,Acestrorhynchus abbreviatus,FALSE,FALSE
Actinopterygii,Characiformes,Acestrorhynchidae,Acestrorhynchus falcirostris,FALSE,FALSE
Actinopterygii,Characiformes,Acestrorhynchidae,Acestrorhynchus heterolepis,FALSE,FALSE
Actinopterygii,Characiformes,Acestrorhynchidae,Acestrorhynchus microlepis,FALSE,FALSE
Equisetopsida,Myrtales,Melastomataceae,Aciotis acuminifolia,FALSE,FALSE
Equisetopsida,Myrtales,Melastomataceae,Aciotis viscida,FALSE,FALSE
Equisetopsida,Polypodiales,Pteridaceae,Acrostichum aureum,FALSE,FALSE
Aves,Charadriiformes,Scolopacidae,Actitis macularius,FALSE,FALSE
Equisetopsida,Myrtales,Melastomataceae,Adelobotrys macrophylla,FALSE,FALSE
Equisetopsida,Myrtales,Melastomataceae,Adelobotrys marginatus,FALSE,FALSE
Equisetopsida,Myrtales,Lythraceae,Adenaria floribunda,FALSE,FALSE
Equisetopsida,Lamiales,Bignoniaceae,Adenocalymma apurense,FALSE,FALSE
Equisetopsida,Lamiales,Bignoniaceae,Adenocalymma cladotrichum,FALSE,FALSE
Equisetopsida,Lamiales,Bignoniaceae,Adenocalymma flaviflorum,FALSE,FALSE
Equisetopsida,Polypodiales,Pteridaceae,Adiantum tomentosum,FALSE,FALSE
Equisetopsida,Sapindales,Rutaceae,Adiscanthus fusciflorus,FALSE,FALSE
Actinopterygii,Gymnotiformes,Apteronotidae,Adontosternarchus balaenops,FALSE,FALSE
Equisetopsida,Poales,Bromeliaceae,Aechmea chantinii,FALSE,FALSE
Equisetopsida,Poales,Bromeliaceae,Aechmea corymbosa,FALSE,FALSE
Equisetopsida,Poales,Bromeliaceae,Aechmea longifolia,FALSE,FALSE
Equisetopsida,Poales,Bromeliaceae,Aechmea mertensii,FALSE,FALSE
Equisetopsida,Poales,Bromeliaceae,Aechmea strobilacea,FALSE,FALSE
Equisetopsida,Poales,Bromeliaceae,Aechmea tillandsioides,FALSE,FALSE
Equisetopsida,Poales,Bromeliaceae,Aechmea vallerandii,FALSE,FALSE
Equisetopsida,Lamiales,Lamiaceae,Aegiphila chrysantha,FALSE,FALSE
Equisetopsida,Lamiales,Lamiaceae,Aegiphila elegans,FALSE,FALSE
Equisetopsida,Lamiales,Lamiaceae,Aegiphila herzogii,FALSE,FALSE
Equisetopsida,Lamiales,Lamiaceae,Aegiphila peruviana,FALSE,FALSE
Equisetopsida,Lamiales,Lamiaceae,Aegiphila smithii,FALSE,FALSE
Equisetopsida,Lamiales,Lamiaceae,Aegiphila sufflava,FALSE,FALSE
Actinopterygii,Perciformes,Cichlidae,Aequidens tetramerus,FALSE,FALSE
Equisetopsida,Fabales,Fabaceae,Aeschynomene sensitiva var. amazonica,FALSE,FALSE
Aves,Pelecaniformes,Ardeidae,Agamia agami,FALSE,FALSE
Actinopterygii,Siluriformes,Doradidae,Agamyxis pectinifrons,FALSE,FALSE
Actinopterygii,Siluriformes,Auchenipteridae,Ageneiosus brevifilis,FALSE,FALSE
Equisetopsida,Santalales,Opiliaceae,Agonandra brasiliensis,FALSE,FALSE
Actinopterygii,Characiformes,Characidae,Agoniates anchovia,FALSE,FALSE
Equisetopsida,Gentianales,Rubiaceae,Agouticarpa curviflora,FALSE,FALSE
Aves,Passeriformes,Thamnophilidae,Akletos melanoceps,FALSE,FALSE
Equisetopsida,Malpighiales,Euphorbiaceae,Alchornea castaneifolia,FALSE,FALSE
Equisetopsida,Malpighiales,Euphorbiaceae,Alchornea discolor,FALSE,FALSE
Equisetopsida,Malpighiales,Euphorbiaceae,Alchornea latifolia,FALSE,FALSE
Equisetopsida,Malpighiales,Euphorbiaceae,Alchornea triplinervia,FALSE,FALSE
Equisetopsida,Malpighiales,Euphorbiaceae,Alchorneopsis floribunda,FALSE,FALSE
Equisetopsida,Gentianales,Rubiaceae,Alibertia bertierifolia,FALSE,FALSE
Equisetopsida,Gentianales,Rubiaceae,Alibertia curviflora,FALSE,FALSE
Equisetopsida,Gentianales,Rubiaceae,Alibertia edulis,FALSE,FALSE
Equisetopsida,Gentianales,Rubiaceae,Alibertia latifolia,FALSE,FALSE
Equisetopsida,Gentianales,Rubiaceae,Alibertia stenantha,FALSE,FALSE
Equisetopsida,Gentianales,Rubiaceae,Alibertia tessmannii,FALSE,FALSE
Equisetopsida,Gentianales,Rubiaceae,Alibertia verticillata var. stipularis,FALSE,FALSE
Equisetopsida,Ericales,Lecythidaceae,Allantoma decandra,FALSE,FALSE
Equisetopsida,Sapindales,Sapindaceae,Allophylus amazonicus,FALSE,FALSE
Equisetopsida,Sapindales,Sapindaceae,Allophylus divaricatus,FALSE,FALSE
Equisetopsida,Sapindales,Sapindaceae,Allophylus floribundus,FALSE,FALSE
Equisetopsida,Sapindales,Sapindaceae,Allophylus loretensis,FALSE,FALSE
Mammalia,Primates,Atelidae,Alouatta seniculus,FALSE,TRUE
Equisetopsida,Gentianales,Rubiaceae,Alseis reticulata,FALSE,FALSE
Equisetopsida,Malpighiales,Phyllanthaceae,Amanoa guianensis,FALSE,FALSE
Aves,Psittaciformes,Psittacidae,Amazona amazonica,FALSE,FALSE
Aves,Psittaciformes,Psittacidae,Amazona farinosa,FALSE,FALSE
Aves,Psittaciformes,Psittacidae,Amazona festiva,FALSE,FALSE
Aves,Psittaciformes,Psittacidae,Amazona ochrocephala,FALSE,FALSE
Aves,Passeriformes,Passerellidae,Ammodramus aurifrons,FALSE,FALSE
Equisetopsida,Rosales,Ulmaceae,Ampelocera edentula,FALSE,FALSE
Equisetopsida,Sapindales,Anacardiaceae,Anacardium occidentale,FALSE,FALSE
Actinopterygii,Siluriformes,Doradidae,Anadoras grypus,FALSE,FALSE
Equisetopsida,Magnoliales,Annonaceae,Anaxagorea brachycarpa,FALSE,FALSE
Actinopterygii,Clupeiformes,Engraulididae,Anchoviella alleni,FALSE,FALSE
Actinopterygii,Clupeiformes,Engraulididae,Anchoviella jamesi,FALSE,FALSE
Equisetopsida,Fabales,Fabaceae,Andira macrothyrsa,FALSE,FALSE
Equisetopsida,Commelinales,Commelinaceae,Aneilema umbrosum,FALSE,FALSE
Equisetopsida,Lamiales,Bignoniaceae,Anemopaegma chrysoleucum,FALSE,FALSE
Equisetopsida,Lamiales,Bignoniaceae,Anemopaegma paraense,FALSE,FALSE
Equisetopsida,Polypodiales,Pteridaceae,Anetium citrifolium,FALSE,FALSE
Aves,Anseriformes,Anhimidae,Anhima cornuta,FALSE,FALSE
Aves,Suliformes,Anhingidae,Anhinga anhinga,FALSE,FALSE
Equisetopsida,Laurales,Lauraceae,Aniba guianensis,FALSE,FALSE
Equisetopsida,Laurales,Lauraceae,Aniba megaphylla,FALSE,FALSE
Equisetopsida,Laurales,Lauraceae,Aniba puchury-minor,FALSE,FALSE
Equisetopsida,Laurales,Lauraceae,Aniba rosaeodora,FALSE,TRUE
Equisetopsida,Magnoliales,Annonaceae,Annona asplundiana,TRUE,FALSE
Equisetopsida,Magnoliales,Annonaceae,Annona cuspidata,FALSE,FALSE
Equisetopsida,Magnoliales,Annonaceae,Annona deminuta,TRUE,FALSE
Equisetopsida,Magnoliales,Annonaceae,Annona hypoglauca,FALSE,FALSE
Equisetopsida,Magnoliales,Annonaceae,Annona nitida,FALSE,FALSE
Equisetopsida,Magnoliales,Annonaceae,Annona papilionella,FALSE,FALSE
Equisetopsida,Ranunculales,Menispermaceae,Anomospermum bolivianum,FALSE,FALSE
Equisetopsida,Ranunculales,Menispermaceae,Anomospermum chloranthum,FALSE,FALSE
Equisetopsida,Ranunculales,Menispermaceae,Anomospermum reticulatum,FALSE,FALSE
Actinopterygii,Characiformes,Anostomidae,Anostomus longus,FALSE,FALSE
Aves,Apodiformes,Trochilidae,Anthracothorax nigricollis,FALSE,FALSE
Equisetopsida,Alismatales,Araceae,Anthurium atropurpureum var. arenicola,FALSE,FALSE
Equisetopsida,Alismatales,Araceae,Anthurium clavigerum,FALSE,FALSE
Equisetopsida,Alismatales,Araceae,Anthurium croatii,FALSE,FALSE
Equisetopsida,Alismatales,Araceae,Anthurium ernesti,FALSE,FALSE
Equisetopsida,Alismatales,Araceae,Anthurium gracile,FALSE,FALSE
Equisetopsida,Alismatales,Araceae,Anthurium kunthii,FALSE,FALSE
Equisetopsida,Alismatales,Araceae,Anthurium obtusum,FALSE,FALSE
Equisetopsida,Alismatales,Araceae,Anthurium pentaphyllum,FALSE,FALSE
Equisetopsida,Alismatales,Araceae,Anthurium sagittatum,FALSE,FALSE
Equisetopsida,Alismatales,Araceae,Anthurium sinuatum,FALSE,FALSE
Equisetopsida,Alismatales,Araceae,Anthurium uleanum,FALSE,FALSE
Mammalia,Primates,Cebidae,Aotus nancymaae,FALSE,FALSE
Equisetopsida,Malpighiales,Euphorbiaceae,Aparisthmium cordatum,FALSE,FALSE
Equisetopsida,Malvales,Malvaceae,Apeiba aspera,FALSE,FALSE
Equisetopsida,Malvales,Malvaceae,Apeiba membranacea,FALSE,FALSE
Equisetopsida,Lamiales,Acanthaceae,Aphelandra aurantiaca,FALSE,FALSE
Actinopterygii,Characiformes,Characidae,Aphyocharax alburnus,FALSE,FALSE
Actinopterygii,Characiformes,Characidae,Aphyocharax pusillus,FALSE,FALSE
Actinopterygii,Perciformes,Cichlidae,Apistogramma agassizii,FALSE,FALSE
Actinopterygii,Perciformes,Cichlidae,Apistogramma bitaeniata,FALSE,FALSE
Actinopterygii,Cichliformes,Cichlidae,Apistogramma cacatuoides,FALSE,FALSE
Actinopterygii,Cichliformes,Cichlidae,Apistogramma eunotus,FALSE,FALSE
Actinopterygii,Cichliformes,Cichlidae,Apistogrammoides pucallpaensis,FALSE,FALSE
Actinopterygii,Gymnotiformes,Apteronotidae,Apteronotus albifrons,FALSE,FALSE
Aves,Psittaciformes,Psittacidae,Ara ararauna,FALSE,FALSE
Aves,Psittaciformes,Psittacidae,Ara chloropterus,FALSE,FALSE
Aves,Psittaciformes,Psittacidae,Ara macao,FALSE,FALSE
Aves,Gruiformes,Rallidae,Aramides cajaneus,FALSE,FALSE
Aves,Gruiformes,Aramidae,Aramus guarauna,FALSE,FALSE
Actinopterygii,Osteoglossiformes,Arapaimidae,Arapaima gigas,FALSE,FALSE
Aves,Psittaciformes,Psittacidae,Ara severus,FALSE,FALSE
Aves,Psittaciformes,Psittacidae,Aratinga weddellii,FALSE,FALSE
Aves,Pelecaniformes,Ardeidae,Ardea alba,FALSE,FALSE
Aves,Pelecaniformes,Ardeidae,Ardea cocoi,FALSE,FALSE
Equisetopsida,Piperales,Aristolochiaceae,Aristolochia mishuyacensis,FALSE,FALSE
Mammalia,Chiroptera,Phyllostomidae,Artibeus aequatorialis,FALSE,FALSE
Mammalia,Chiroptera,Phyllostomidae,Artibeus anderseni,FALSE,FALSE
Mammalia,Chiroptera,Phyllostomidae,Artibeus lituratus,FALSE,FALSE
Mammalia,Chiroptera,Phyllostomidae,Artibeus obscurus,FALSE,FALSE
Mammalia,Chiroptera,Phyllostomidae,Artibeus planirostris,FALSE,FALSE
Aves,Passeriformes,Tyrannidae,Arundinicola leucocephala,FALSE,FALSE
Equisetopsida,Asparagales,Orchidaceae,Aspidogyne clavigera var. rhodostachys,FALSE,FALSE
Equisetopsida,Gentianales,Apocynaceae,Aspidosperma rigidum,FALSE,FALSE
Equisetopsida,Polypodiales,Aspleniaceae,Asplenium hallii,FALSE,FALSE
Equisetopsida,Polypodiales,Aspleniaceae,Asplenium serratum,FALSE,FALSE
Equisetopsida,Pandanales,Cyclanthaceae,Asplundia cabrerae,FALSE,FALSE
Equisetopsida,Pandanales,Cyclanthaceae,Asplundia gamotepala,FALSE,FALSE
Equisetopsida,Pandanales,Cyclanthaceae,Asplundia glandulosa,FALSE,FALSE
Equisetopsida,Pandanales,Cyclanthaceae,Asplundia schizotepala,FALSE,FALSE
Equisetopsida,Arecales,Arecaceae,Astrocaryum jauari,FALSE,FALSE
Equisetopsida,Arecales,Arecaceae,Astrocaryum murumuru,FALSE,FALSE
Actinopterygii,Cichliformes,Cichlidae,Astronotus ocellatus,FALSE,FALSE
Actinopterygii,Characiformes,Characidae,Astyanax abramis,FALSE,FALSE
Actinopterygii,Characiformes,Characidae,Astyanax bimaculatus,FALSE,FALSE
Mammalia,Primates,Atelidae,Ateles belzebuth,FALSE,TRUE
Mammalia,Primates,Atelidae,Ateles chamek,FALSE,TRUE
Mammalia,Carnivora,Canidae,Atelocynus microtis,FALSE,TRUE
Equisetopsida,Arecales,Arecaceae,Attalea butyracea,FALSE,FALSE
Equisetopsida,Arecales,Arecaceae,Attalea phalerata,FALSE,FALSE
Equisetopsida,Arecales,Arecaceae,Attalea salazarii,FALSE,FALSE
Aves,Passeriformes,Hirundinidae,Atticora fasciata,FALSE,FALSE
Aves,Passeriformes,Tyrannidae,Attila bolivianus,FALSE,FALSE
Aves,Passeriformes,Tyrannidae,Attila cinnamomeus,FALSE,FALSE
Aves,Passeriformes,Tyrannidae,Attila spadiceus,FALSE,FALSE
Actinopterygii,Siluriformes,Auchenipteridae,Auchenipterichthys coracoideus,FALSE,FALSE
Aves,Passeriformes,Furnariidae,Automolus rufipileatus,FALSE,FALSE
Aves,Passeriformes,Furnariidae,Automolus subulatus,FALSE,FALSE
Equisetopsida,Arecales,Arecaceae,Bactris brongniartii,FALSE,FALSE
Equisetopsida,Arecales,Arecaceae,Bactris concinna,FALSE,FALSE
Equisetopsida,Arecales,Arecaceae,Bactris macroacantha,FALSE,FALSE
Equisetopsida,Arecales,Arecaceae,Bactris maraja,FALSE,FALSE
Equisetopsida,Fabales,Fabaceae,Balizia pedicellaris,FALSE,FALSE
Equisetopsida,Malpighiales,Salicaceae,Banara arguta,FALSE,FALSE
Equisetopsida,Malpighiales,Salicaceae,Banara guianensis,FALSE,FALSE
Equisetopsida,Malpighiales,Malpighiaceae,Banisteriopsis martiniana var. subenervia,FALSE,FALSE
Equisetopsida,Malpighiales,Malpighiaceae,Banisteriopsis padifolia,FALSE,FALSE
Aves,Coraciiformes,Momotidae,Baryphthengus martii,FALSE,FALSE
Equisetopsida,Fabales,Fabaceae,Batesia floribunda,FALSE,FALSE
Equisetopsida,Rosales,Moraceae,Batocarpus amazonicus,FALSE,FALSE
Actinopterygii,Siluriformes,Pseudopimelodidae,Batrochoglanis raninus,FALSE,FALSE
Equisetopsida,Fabales,Fabaceae,Bauhinia tarapotensis,FALSE,FALSE
Equisetopsida,Poales,Cyperaceae,Becquerelia cymosa subsp. cymosa,FALSE,FALSE
Equisetopsida,Cucurbitales,Begoniaceae,Begonia fischeri,FALSE,FALSE
Equisetopsida,Cucurbitales,Begoniaceae,Begonia semiovata,FALSE,FALSE
Equisetopsida,Myrtales,Melastomataceae,Bellucia arborescens,FALSE,FALSE
Equisetopsida,Myrtales,Melastomataceae,Bellucia pentamera,FALSE,FALSE
Equisetopsida,Gentianales,Rubiaceae,Bertiera guianensis,FALSE,FALSE
Equisetopsida,Lamiales,Gesneriaceae,Besleria aggregata,FALSE,FALSE
Equisetopsida,Lamiales,Gesneriaceae,Besleria flavovirens,FALSE,FALSE
Equisetopsida,Lamiales,Bignoniaceae,Bignonia aequinoctialis,FALSE,FALSE
Equisetopsida,Lamiales,Bignoniaceae,Bignonia sciuripabulum,FALSE,FALSE
Equisetopsida,Poales,Bromeliaceae,Billbergia tessmannii,TRUE,FALSE
Actinopterygii,Cichliformes,Cichlidae,Biotodoma cupido,FALSE,FALSE
Equisetopsida,Myrtales,Melastomataceae,Blakea rosea,FALSE,FALSE
Equisetopsida,Polypodiales,Blechnaceae,Blechnum asplenioides,FALSE,FALSE
Equisetopsida,Gentianales,Apocynaceae,Blepharodon salicinum,FALSE,FALSE
Equisetopsida,Magnoliales,Annonaceae,Bocageopsis canescens,FALSE,FALSE
Actinopterygii,Characiformes,Ctenoluciidae,Boulengerella maculata,FALSE,FALSE
Actinopterygii,Characiformes,Characidae,Brachychalcinus copei,FALSE,FALSE
Actinopterygii,Gymnotiformes,Hypopomidae,Brachyhypopomus beebei,FALSE,FALSE
Mammalia,Pilosa,Bradypodidae,Bradypus variegatus,FALSE,FALSE
Equisetopsida,Fabales,Polygalaceae,Bredemeyera myrtifolia,FALSE,FALSE
Actinopterygii,Siluriformes,Callichthyidae,Brochis splendens,FALSE,FALSE
Equisetopsida,Rosales,Moraceae,Brosimum acutifolium,FALSE,FALSE
Equisetopsida,Rosales,Moraceae,Brosimum lactescens,FALSE,FALSE
Equisetopsida,Rosales,Moraceae,Brosimum rubescens,FALSE,FALSE
Aves,Psittaciformes,Psittacidae,Brotogeris cyanoptera,FALSE,FALSE
Aves,Psittaciformes,Psittacidae,Brotogeris sanctithomae,FALSE,FALSE
Aves,Psittaciformes,Psittacidae,Brotogeris versicolurus,FALSE,FALSE
Equisetopsida,Solanales,Solanaceae,Brunfelsia grandiflora,FALSE,FALSE
Actinopterygii,Characiformes,Bryconidae,Brycon melanopterus,FALSE,FALSE
Actinopterygii,Characiformes,Characidae,Bryconops alburnoides,FALSE,FALSE
Actinopterygii,Characiformes,Characidae,Bryconops caudomaculatus,FALSE,FALSE
Actinopterygii,Characiformes,Characidae,Bryconops melanurus,FALSE,FALSE
Actinopterygii,Characiformes,Bryconidae,Brycon pesu,FALSE,FALSE
Aves,Pelecaniformes,Ardeidae,Bubulcus ibis,FALSE,FALSE
Aves,Galbuliformes,Bucconidae,Bucco capensis,FALSE,FALSE
Aves,Galbuliformes,Bucconidae,Bucco macrodactylus,FALSE,FALSE
Equisetopsida,Malpighiales,Malpighiaceae,Bunchosia hookeriana,FALSE,FALSE
Equisetopsida,Malpighiales,Malpighiaceae,Bunchosia prismatocarpa,FALSE,FALSE
Actinopterygii,Siluriformes,Aspredinidae,Bunocephalus coracoideus,FALSE,FALSE
Aves,Accipitriformes,Accipitridae,Busarellus nigricollis,FALSE,FALSE
Aves,Accipitriformes,Accipitridae,Buteo albonotatus,FALSE,FALSE
Aves,Accipitriformes,Accipitridae,Buteo brachyurus,FALSE,FALSE
Aves,Accipitriformes,Accipitridae,Buteogallus schistaceus,FALSE,FALSE
Aves,Accipitriformes,Accipitridae,Buteogallus urubitinga,FALSE,FALSE
Aves,Accipitriformes,Accipitridae,Buteo nitidus,FALSE,FALSE
Aves,Pelecaniformes,Ardeidae,Butorides striata,FALSE,FALSE
Equisetopsida,Malpighiales,Malpighiaceae,Byrsonima arthropoda,FALSE,FALSE
Equisetopsida,Malpighiales,Malpighiaceae,Byrsonima japurensis,FALSE,FALSE
Equisetopsida,Malpighiales,Malpighiaceae,Byrsonima stipulina,FALSE,FALSE
Equisetopsida,Malvales,Malvaceae,Byttneria coriacea,FALSE,FALSE
Equisetopsida,Malvales,Malvaceae,Byttneria fulva,FALSE,FALSE
Aves,Passeriformes,Icteridae,Cacicus cela,FALSE,FALSE
Aves,Passeriformes,Icteridae,Cacicus latirostris,FALSE,FALSE
Aves,Passeriformes,Icteridae,Cacicus sclateri,FALSE,FALSE
Aves,Passeriformes,Icteridae,Cacicus solitarius,FALSE,FALSE
Aves,Anseriformes,Anatidae,Cairina moschata,FALSE,FALSE
Equisetopsida,Zingiberales,Marantaceae,Calathea lutea,FALSE,FALSE
Equisetopsida,Zingiberales,Marantaceae,Calathea majestica,FALSE,FALSE
Equisetopsida,Zingiberales,Marantaceae,Calathea micans,FALSE,FALSE
Equisetopsida,Zingiberales,Marantaceae,Calathea propinqua,FALSE,FALSE
Aves,Charadriiformes,Scolopacidae,Calidris melanotos,FALSE,FALSE
Equisetopsida,Fabales,Fabaceae,Calliandra surinamensis,FALSE,FALSE
Mammalia,Primates,Pitheciidae,Callicebus (Plecturocebus) cupreus,FALSE,FALSE
Equisetopsida,Lamiales,Bignoniaceae,Callichlamys latifolia,FALSE,FALSE
Actinopterygii,Siluriformes,Callichthyidae,Callichthys callichthys,FALSE,FALSE
Equisetopsida,Malpighiales,Calophyllaceae,Calophyllum brasiliense,FALSE,FALSE
Actinopterygii,Siluriformes,Pimelodidae,Calophysus macropterus,FALSE,FALSE
Equisetopsida,Gentianales,Rubiaceae,Calycophyllum spruceanum,FALSE,FALSE
Equisetopsida,Malpighiales,Violaceae,Calyptrion arboreum,FALSE,FALSE
Equisetopsida,Poales,Cyperaceae,Calyptrocarya bicolor,FALSE,FALSE
Equisetopsida,Poales,Cyperaceae,Calyptrocarya poeppigiana,FALSE,FALSE
Aves,Piciformes,Picidae,Campephilus melanoleucos,FALSE,FALSE
Aves,Piciformes,Picidae,Campephilus rubricollis,FALSE,FALSE
Equisetopsida,Fabales,Fabaceae,Campsiandra angustifolia,FALSE,FALSE
Aves,Passeriformes,Tyrannidae,Camptostoma obsoletum,FALSE,FALSE
Equisetopsida,Polypodiales,Polypodiaceae,Campyloneurum angustifolium,FALSE,FALSE
Equisetopsida,Polypodiales,Polypodiaceae,Campyloneurum occultum,FALSE,FALSE
Aves,Apodiformes,Trochilidae,Campylopterus largipennis,FALSE,FALSE
Aves,Passeriformes,Troglodytidae,Campylorhynchus turdinus,FALSE,FALSE
Aves,Passeriformes,Troglodytidae,Cantorchilus leucotis,FALSE,FALSE
Equisetopsida,Malpighiales,Euphorbiaceae,Caperonia palustris,FALSE,FALSE
Aves,Piciformes,Capitonidae,Capito auratus,FALSE,FALSE
Aves,Piciformes,Capitonidae,Capito aurovirens,FALSE,FALSE
Equisetopsida,Malpighiales,Calophyllaceae,Caraipa densifolia,FALSE,FALSE
Equisetopsida,Gentianales,Rubiaceae,Carapichea adinantha,FALSE,FALSE
Equisetopsida,Gentianales,Rubiaceae,Carapichea affinis,FALSE,FALSE
Equisetopsida,Pandanales,Cyclanthaceae,Carludovica palmata,FALSE,FALSE
Actinopterygii,Characiformes,Gasteropelecidae,Carnegiella myersi,FALSE,FALSE
Actinopterygii,Characiformes,Gasteropelecidae,Carnegiella strigata,FALSE,FALSE
Mammalia,Chiroptera,Phyllostomidae,Carollia brevicauda,FALSE,FALSE
Mammalia,Chiroptera,Phyllostomidae,Carollia castanea,FALSE,FALSE
Mammalia,Chiroptera,Phyllostomidae,Carollia perspicillata,FALSE,FALSE
Equisetopsida,Malpighiales,Achariaceae,Carpotroche longifolia,FALSE,FALSE
Equisetopsida,Malpighiales,Caryocaraceae,Caryocar glabrum,FALSE,FALSE
Equisetopsida,Malpighiales,Caryocaraceae,Caryocar harlingii,FALSE,FALSE
Equisetopsida,Malpighiales,Caryocaraceae,Caryocar microcarpum,FALSE,FALSE
Equisetopsida,Malpighiales,Salicaceae,Casearia arborea,FALSE,FALSE
Equisetopsida,Malpighiales,Salicaceae,Casearia fasciculata,FALSE,FALSE
Equisetopsida,Malpighiales,Salicaceae,Casearia obovalis,FALSE,FALSE
Equisetopsida,Malpighiales,Salicaceae,Casearia pitumba,FALSE,FALSE
Equisetopsida,Malpighiales,Salicaceae,Casearia prunifolia,FALSE,FALSE
Equisetopsida,Malpighiales,Salicaceae,Casearia resinifera,FALSE,FALSE
Equisetopsida,Malpighiales,Salicaceae,Casearia sylvestris,FALSE,FALSE
Equisetopsida,Malpighiales,Salicaceae,Casearia uleana,FALSE,FALSE
Equisetopsida,Asterales,Asteraceae,Cassipourea peruviana,FALSE,FALSE
Aves,Cathartiformes,Cathartidae,Cathartes aura,FALSE,FALSE
Aves,Cathartiformes,Cathartidae,Cathartes burrovianus,FALSE,FALSE
Aves,Cathartiformes,Cathartidae,Cathartes melambrotus,FALSE,FALSE
Aves,Passeriformes,Turdidae,Catharus ustulatus,FALSE,FALSE
Equisetopsida,Cucurbitales,Cucurbitaceae,Cayaponia amazonica,FALSE,FALSE
Equisetopsida,Cucurbitales,Cucurbitaceae,Cayaponia glandulosa,FALSE,FALSE
Equisetopsida,Cucurbitales,Cucurbitaceae,Cayaponia granatensis,FALSE,FALSE
Mammalia,Primates,Cebidae,Cebuella pygmaea,FALSE,FALSE
Mammalia,Primates,Cebidae,Cebus (Cebus) albifrons,FALSE,FALSE
Mammalia,Primates,Cebidae,Cebus (Sapajus) apella,FALSE,FALSE
Equisetopsida,Rosales,Urticaceae,Cecropia engleriana,FALSE,FALSE
Equisetopsida,Rosales,Urticaceae,Cecropia ficifolia,FALSE,FALSE
Equisetopsida,Rosales,Urticaceae,Cecropia latiloba,FALSE,FALSE
Equisetopsida,Rosales,Urticaceae,Cecropia litoralis,FALSE,FALSE
Equisetopsida,Rosales,Urticaceae,Cecropia membranacea,FALSE,FALSE
Equisetopsida,Sapindales,Meliaceae,Cedrela odorata,FALSE,TRUE
Equisetopsida,Malvales,Malvaceae,Ceiba pentandra,FALSE,FALSE
Equisetopsida,Malvales,Malvaceae,Ceiba samauma,FALSE,FALSE
Aves,Piciformes,Picidae,Celeus elegans,FALSE,FALSE
Aves,Piciformes,Picidae,Celeus flavus,FALSE,FALSE
Aves,Piciformes,Picidae,Celeus grammicus,FALSE,FALSE
Aves,Piciformes,Picidae,Celeus torquatus,FALSE,FALSE
Equisetopsida,Rosales,Cannabaceae,Celtis iguanaea,FALSE,TRUE
Actinopterygii,Siluriformes,Auchenipteridae,Centromochlus existimatus,FALSE,FALSE
Equisetopsida,Asterales,Campanulaceae,Centropogon cornutus,FALSE,FALSE
Aves,Passeriformes,Cotingidae,Cephalopterus ornatus,FALSE,FALSE
Aves,Passeriformes,Thamnophilidae,Cercomacra cinerascens,FALSE,FALSE
Aves,Passeriformes,Thamnophilidae,Cercomacroides nigrescens,FALSE,FALSE
Aves,Passeriformes,Furnariidae,Certhiasomus stictolaemus,FALSE,FALSE
Aves,Passeriformes,Furnariidae,Certhiaxis mustelinus,FALSE,FALSE
Equisetopsida,Malpighiales,Ochnaceae,Cespedesia spathulata,FALSE,FALSE
Equisetopsida,Solanales,Solanaceae,Cestrum loretense,FALSE,FALSE
Equisetopsida,Solanales,Solanaceae,Cestrum microcalyx,FALSE,FALSE
Actinopterygii,Siluriformes,Cetopsidae,Cetopsis coecutiens,FALSE,FALSE
Actinopterygii,Siluriformes,Cetopsidae,Cetopsis oliveirai,FALSE,FALSE
Actinopterygii,Cichliformes,Cichlidae,Chaetobranchus flavescens,FALSE,FALSE
Aves,Apodiformes,Apodidae,Chaetura brachyura,FALSE,FALSE
Aves,Apodiformes,Apodidae,Chaetura cinereiventris,FALSE,FALSE
Actinopterygii,Characiformes,Chalceidae,Chalceus erythrurus,FALSE,FALSE
Equisetopsida,Arecales,Arecaceae,Chamaedorea pinnatifrons,FALSE,FALSE
Equisetopsida,Caryophyllales,Amaranthaceae,Chamissoa altissima,FALSE,FALSE
Aves,Charadriiformes,Charadriidae,Charadrius collaris,FALSE,FALSE
Actinopterygii,Characiformes,Characidae,Charax gibbosus,FALSE,FALSE
Actinopterygii,Characiformes,Characidae,Charax michaeli,FALSE,FALSE
Equisetopsida,Celastrales,Celastraceae,Cheiloclinium hippocrateoides,FALSE,FALSE
Actinopterygii,Siluriformes,Pimelodidae,Cheirocerus goeldii,FALSE,FALSE
Aves,Galbuliformes,Bucconidae,Chelidoptera tenebrosa,FALSE,FALSE
Aves,Apodiformes,Trochilidae,Chionomesa fimbriata,FALSE,FALSE
Aves,Apodiformes,Trochilidae,Chionomesa lactea,FALSE,FALSE
Mammalia,Chiroptera,Phyllostomidae,Chiroderma trinitatum,FALSE,FALSE
Mammalia,Chiroptera,Phyllostomidae,Chiroderma villosum,FALSE,FALSE
Aves,Apodiformes,Trochilidae,Chlorestes cyanus,FALSE,FALSE
Aves,Apodiformes,Trochilidae,Chlorestes notata,FALSE,FALSE
Aves,Coraciiformes,Alcedinidae,Chloroceryle aenea,FALSE,FALSE
Aves,Coraciiformes,Alcedinidae,Chloroceryle amazona,FALSE,FALSE
Aves,Coraciiformes,Alcedinidae,Chloroceryle americana,FALSE,FALSE
Aves,Coraciiformes,Alcedinidae,Chloroceryle inda,FALSE,FALSE
Aves,Passeriformes,Thraupidae,Chlorophanes spiza,FALSE,FALSE
Aves,Apodiformes,Trochilidae,Chlorostilbon mellisugus,FALSE,FALSE
Equisetopsida,Gentianales,Rubiaceae,Chomelia tenuiflora,FALSE,FALSE
Equisetopsida,Ranunculales,Menispermaceae,Chondrodendron tomentosum,FALSE,FALSE
Aves,Accipitriformes,Accipitridae,Chondrohierax uncinatus,FALSE,FALSE
Aves,Caprimulgiformes,Caprimulgidae,Chordeiles rupestris,FALSE,FALSE
Mammalia,Chiroptera,Phyllostomidae,Chrotopterus auritus,FALSE,FALSE
Aves,Passeriformes,Icteridae,Chrysomus icterocephalus,FALSE,FALSE
Equisetopsida,Ericales,Sapotaceae,Chrysophyllum argenteum,FALSE,FALSE
Equisetopsida,Ericales,Sapotaceae,Chrysophyllum manaosense,FALSE,FALSE
Equisetopsida,Ericales,Sapotaceae,Chrysophyllum sanguinolentum subsp. spurium,FALSE,FALSE
Actinopterygii,Cichliformes,Cichlidae,Cichla monoculus,FALSE,FALSE
Actinopterygii,Cichliformes,Cichlidae,Cichlasoma amazonarum,FALSE,FALSE
Equisetopsida,Gentianales,Rubiaceae,Ciliosemina pedunculata,FALSE,FALSE
Equisetopsida,Ranunculales,Menispermaceae,Cissampelos andromorpha,FALSE,FALSE
Aves,Passeriformes,Thraupidae,Cissopis leverianus,FALSE,FALSE
Equisetopsida,Vitales,Vitaceae,Cissus erosa,FALSE,FALSE
Equisetopsida,Vitales,Vitaceae,Cissus microcarpa,FALSE,FALSE
Equisetopsida,Vitales,Vitaceae,Cissus verticillata subsp. verticillata,FALSE,FALSE
Equisetopsida,Lamiales,Verbenaceae,Citharexylum poeppigii,FALSE,FALSE
Aves,Columbiformes,Columbidae,Claravis pretiosa,FALSE,FALSE
Equisetopsida,Rosales,Moraceae,Clarisia biflora,FALSE,FALSE
Equisetopsida,Rosales,Moraceae,Clarisia ilicifolia,FALSE,FALSE
Equisetopsida,Rosales,Moraceae,Clarisia racemosa,FALSE,FALSE
Equisetopsida,Ericales,Primulaceae,Clavija elliptica,FALSE,FALSE
Equisetopsida,Ericales,Primulaceae,Clavija weberbaueri,FALSE,FALSE
Equisetopsida,Brassicales,Cleomaceae,Cleome longipes,FALSE,FALSE
Equisetopsida,Fabales,Fabaceae,Clitoria arborea var. arborea,FALSE,FALSE
Equisetopsida,Fabales,Fabaceae,Clitoria javitensis var. grandifolia,FALSE,FALSE
Equisetopsida,Malpighiales,Clusiaceae,Clusia flavida,FALSE,FALSE
Equisetopsida,Malpighiales,Clusiaceae,Clusia hammeliana,FALSE,FALSE
Equisetopsida,Malpighiales,Clusiaceae,Clusia martiana,FALSE,FALSE
Equisetopsida,Malpighiales,Clusiaceae,Clusia penduliflora,FALSE,FALSE
Equisetopsida,Malpighiales,Clusiaceae,Clusia sipapoana,FALSE,FALSE
Equisetopsida,Malpighiales,Calophyllaceae,Clusiella axillaris,FALSE,FALSE
Aves,Passeriformes,Tyrannidae,Cnipodectes subbrunneus,FALSE,FALSE
Equisetopsida,Caryophyllales,Polygonaceae,Coccoloba acuminata,FALSE,FALSE
Equisetopsida,Caryophyllales,Polygonaceae,Coccoloba ascendens,FALSE,FALSE
Equisetopsida,Caryophyllales,Polygonaceae,Coccoloba densifrons,FALSE,FALSE
Equisetopsida,Caryophyllales,Polygonaceae,Coccoloba mollis,FALSE,FALSE
Equisetopsida,Caryophyllales,Polygonaceae,Coccoloba nutans,FALSE,FALSE
Equisetopsida,Caryophyllales,Polygonaceae,Coccoloba padiformis,FALSE,FALSE
Equisetopsida,Caryophyllales,Polygonaceae,Coccoloba peruviana,FALSE,FALSE
Aves,Cuculiformes,Cuculidae,Coccycua minuta,FALSE,FALSE
Aves,Cuculiformes,Cuculidae,Coccyzus americanus,FALSE,FALSE
Aves,Cuculiformes,Cuculidae,Coccyzus melacoryphus,FALSE,FALSE
Aves,Pelecaniformes,Ardeidae,Cochlearius cochlearius,FALSE,FALSE
Equisetopsida,Lamiales,Gesneriaceae,Codonanthe uleana,FALSE,FALSE
Mammalia,Rodentia,Erethizontidae,Coendou bicolor,FALSE,FALSE
Mammalia,Rodentia,Erethizontidae,Coendou prehensilis,FALSE,FALSE
Aves,Passeriformes,Thraupidae,Coereba flaveola,FALSE,FALSE
Aves,Piciformes,Picidae,Colaptes punctigula,FALSE,FALSE
Actinopterygii,Tetraodontiformes,Tetraodontidae,Colomesus asellus,FALSE,FALSE
Actinopterygii,Characiformes,Serrasalmidae,Colossoma macropomum,FALSE,FALSE
Aves,Columbiformes,Columbidae,Columbina talpacoti,FALSE,FALSE
Equisetopsida,Myrtales,Combretaceae,Combretum fruticosum,FALSE,FALSE
Equisetopsida,Myrtales,Combretaceae,Combretum laxum,FALSE,FALSE
Equisetopsida,Myrtales,Combretaceae,Combretum llewelynii,FALSE,FALSE
Equisetopsida,Myrtales,Combretaceae,Combretum paraguariense,FALSE,FALSE
Equisetopsida,Commelinales,Commelinaceae,Commelina rufipes var. rufipes,FALSE,FALSE
Equisetopsida,Malpighiales,Euphorbiaceae,Conceveiba guianensis,FALSE,FALSE
Equisetopsida,Malpighiales,Euphorbiaceae,Conceveiba rhytidocarpa,FALSE,FALSE
Equisetopsida,Malpighiales,Euphorbiaceae,Conceveiba terminalis,FALSE,FALSE
Equisetopsida,Sapindales,Rutaceae,Conchocarpus acuminatus,FALSE,FALSE
Equisetopsida,Oxalidales,Connaraceae,Connarus fasciculatus subsp. pachyneurus,FALSE,FALSE
Equisetopsida,Oxalidales,Connaraceae,Connarus wurdackii,FALSE,FALSE
Aves,Passeriformes,Conopophagidae,Conopophaga peruviana,FALSE,FALSE
Aves,Passeriformes,Tyrannidae,Contopus virens,FALSE,FALSE
Equisetopsida,Fabales,Fabaceae,Copaifera paupera,FALSE,TRUE
Actinopterygii,Characiformes,Lebiasinidae,Copeina guttata,FALSE,FALSE
Actinopterygii,Characiformes,Lebiasinidae,Copeina osgoodi,FALSE,FALSE
Aves,Cathartiformes,Cathartidae,Coragyps atratus,FALSE,FALSE
Equisetopsida,Lamiales,Cordiaceae,Cordia collococca,FALSE,FALSE
Equisetopsida,Lamiales,Cordiaceae,Cordia kingstoniana,FALSE,FALSE
Equisetopsida,Lamiales,Cordiaceae,Cordia lutea,FALSE,FALSE
Equisetopsida,Lamiales,Cordiaceae,Cordia nodosa,FALSE,FALSE
Equisetopsida,Lamiales,Cordiaceae,Cordia ucayaliensis,FALSE,FALSE
Equisetopsida,Gentianales,Rubiaceae,Cordiera killipii,FALSE,FALSE
Actinopterygii,Siluriformes,Callichthyidae,Corydoras ambiacus,FALSE,FALSE
Actinopterygii,Siluriformes,Callichthyidae,Corydoras leucomelas,FALSE,FALSE
Actinopterygii,Siluriformes,Callichthyidae,Corydoras pygmaeus,FALSE,FALSE
Actinopterygii,Siluriformes,Callichthyidae,Corydoras stenocephalus,FALSE,FALSE
Equisetopsida,Zingiberales,Costaceae,Costus arabicus,FALSE,FALSE
Equisetopsida,Zingiberales,Costaceae,Costus guanaiensis var. guanaiensis,FALSE,FALSE
Equisetopsida,Zingiberales,Costaceae,Costus guanaiensis var. macrostrobilus,FALSE,FALSE
Equisetopsida,Zingiberales,Costaceae,Costus scaber,FALSE,FALSE
Equisetopsida,Zingiberales,Costaceae,Costus varzearum,FALSE,FALSE
Aves,Passeriformes,Cotingidae,Cotinga cayana,FALSE,FALSE
Aves,Passeriformes,Cotingidae,Cotinga maynana,FALSE,FALSE
Equisetopsida,Malpighiales,Chrysobalanaceae,Couepia bernardii,FALSE,FALSE
Equisetopsida,Malpighiales,Chrysobalanaceae,Couepia paraensis subsp. glaucescens,FALSE,FALSE
Equisetopsida,Malpighiales,Chrysobalanaceae,Couepia subcordata,FALSE,FALSE
Equisetopsida,Malpighiales,Chrysobalanaceae,Couepia ulei,FALSE,FALSE
Equisetopsida,Ericales,Lecythidaceae,Couroupita guianensis,FALSE,FALSE
Equisetopsida,Ericales,Lecythidaceae,Couroupita subsessilis,FALSE,FALSE
Equisetopsida,Rosales,Urticaceae,Coussapoa asperifolia,FALSE,FALSE
Equisetopsida,Rosales,Urticaceae,Coussapoa trinervia,FALSE,FALSE
Equisetopsida,Gentianales,Rubiaceae,Coussarea brevicaulis,FALSE,FALSE
Equisetopsida,Gentianales,Rubiaceae,Coussarea hirticalyx,FALSE,FALSE
Equisetopsida,Gentianales,Rubiaceae,Coussarea longiflora,FALSE,FALSE
Equisetopsida,Gentianales,Rubiaceae,Coussarea paniculata,FALSE,FALSE
Aves,Passeriformes,Furnariidae,Cranioleuca gutturata,FALSE,FALSE
Equisetopsida,Brassicales,Capparaceae,Crateva tapia,FALSE,FALSE
Aves,Galliformes,Cracidae,Crax globulosa,FALSE,TRUE
Equisetopsida,Magnoliales,Annonaceae,Cremastosperma cauliflorum,FALSE,FALSE
Equisetopsida,Magnoliales,Annonaceae,Cremastosperma gracilipes,FALSE,FALSE
Equisetopsida,Magnoliales,Annonaceae,Cremastosperma megalophyllum,FALSE,FALSE
Equisetopsida,Magnoliales,Annonaceae,Cremastosperma microcarpum,FALSE,FALSE
Actinopterygii,Cichliformes,Cichlidae,Crenicichla cincta,FALSE,FALSE
Actinopterygii,Cichliformes,Cichlidae,Crenicichla cyanonotus,FALSE,FALSE
Actinopterygii,Cichliformes,Cichlidae,Crenicichla lucius,FALSE,FALSE
Actinopterygii,Cichliformes,Cichlidae,Crenicichla proteus,FALSE,FALSE
Equisetopsida,Lamiales,Bignoniaceae,Crescentia amazonica,FALSE,FALSE
Equisetopsida,Fabales,Fabaceae,Crotalaria retusa,FALSE,FALSE
Equisetopsida,Malpighiales,Euphorbiaceae,Croton cuneatus,FALSE,FALSE
Equisetopsida,Malpighiales,Euphorbiaceae,Croton palanostigma,FALSE,FALSE
Equisetopsida,Malpighiales,Euphorbiaceae,Croton trinitatis,FALSE,FALSE
Aves,Cuculiformes,Cuculidae,Crotophaga ani,FALSE,FALSE
Aves,Cuculiformes,Cuculidae,Crotophaga major,FALSE,FALSE
Equisetopsida,Fabales,Fabaceae,Crudia glaberrima,FALSE,FALSE
Aves,Tinamiformes,Tinamidae,Crypturellus cinereus,FALSE,FALSE
Aves,Tinamiformes,Tinamidae,Crypturellus soui,FALSE,FALSE
Aves,Tinamiformes,Tinamidae,Crypturellus undulatus,FALSE,FALSE
Actinopterygii,Characiformes,Characidae,Ctenobrycon hauxwellianus,FALSE,FALSE
Actinopterygii,Characiformes,Characidae,Ctenobrycon spilurus,FALSE,FALSE
Mammalia,Rodentia,Cuniculidae,Cuniculus paca,FALSE,FALSE
Equisetopsida,Sapindales,Sapindaceae,Cupania latifolia,FALSE,FALSE
Equisetopsida,Myrtales,Lythraceae,Cuphea melvilla,FALSE,FALSE
Equisetopsida,Ranunculales,Menispermaceae,Curarea tecunarum,FALSE,FALSE
Equisetopsida,Ranunculales,Menispermaceae,Curarea toxicofera,FALSE,FALSE
Actinopterygii,Characiformes,Curimatidae,Curimata aspera,FALSE,FALSE
Actinopterygii,Characiformes,Curimatidae,Curimata cisandina,FALSE,FALSE
Actinopterygii,Characiformes,Curimatidae,Curimata roseni,FALSE,FALSE
Actinopterygii,Characiformes,Curimatidae,Curimata vittata,FALSE,FALSE
Actinopterygii,Characiformes,Curimatidae,Curimatella meyeri,FALSE,FALSE
Actinopterygii,Characiformes,Curimatidae,Curimatopsis macrolepis,FALSE,FALSE
Aves,Passeriformes,Thraupidae,Cyanerpes caeruleus,FALSE,FALSE
Aves,Passeriformes,Thraupidae,Cyanerpes nitidus,FALSE,FALSE
Aves,Passeriformes,Corvidae,Cyanocorax violaceus,FALSE,FALSE
Aves,Passeriformes,Cardinalidae,Cyanoloxia rothschildii,FALSE,FALSE
Equisetopsida,Cyatheales,Cyatheaceae,Cyathea lasiosora,FALSE,FALSE
Equisetopsida,Cyatheales,Cyatheaceae,Cyathea microdonta,FALSE,FALSE
Equisetopsida,Caryophyllales,Amaranthaceae,Cyathula prostrata,FALSE,FALSE
Equisetopsida,Ericales,Primulaceae,Cybianthus occigranatensis,FALSE,FALSE
Equisetopsida,Ericales,Primulaceae,Cybianthus peruvianus,FALSE,FALSE
Equisetopsida,Ericales,Primulaceae,Cybianthus reticulatus,FALSE,FALSE
Equisetopsida,Ericales,Myrsinaceae,Cybianthus spichigeri,FALSE,FALSE
Equisetopsida,Ericales,Primulaceae,Cyclanthus bipartitus,FALSE,FALSE
Aves,Passeriformes,Vireonidae,Cyclarhis gujanensis,FALSE,FALSE
Equisetopsida,Fabales,Fabaceae,Cymbosema roseum,FALSE,FALSE
Equisetopsida,Fabales,Fabaceae,Cynometra bauhiniifolia,FALSE,FALSE
Equisetopsida,Poales,Cyperaceae,Cyperus involucratus,FALSE,FALSE
Equisetopsida,Poales,Cyperaceae,Cyperus odoratus,FALSE,FALSE
Actinopterygii,Characiformes,Curimatidae,Cyphocharax festivus,TRUE,FALSE
Actinopterygii,Characiformes,Curimatidae,Cyphocharax spiluropsis,FALSE,FALSE
Aves,Passeriformes,Troglodytidae,Cyphorhinus arada,FALSE,FALSE
Aves,Passeriformes,Thraupidae,Dacnis cayana,FALSE,FALSE
Aves,Passeriformes,Thraupidae,Dacnis flaviventer,FALSE,FALSE
Aves,Passeriformes,Thraupidae,Dacnis lineata,FALSE,FALSE
Mammalia,Rodentia,Echimyidae,Dactylomys dactylinus,FALSE,FALSE
Equisetopsida,Fabales,Fabaceae,Dalbergia frutescens,FALSE,FALSE
Equisetopsida,Fabales,Fabaceae,Dalbergia monetaria,FALSE,FALSE
Equisetopsida,Fabales,Fabaceae,Dalbergia riedelii,FALSE,FALSE
Equisetopsida,Malpighiales,Euphorbiaceae,Dalechampia gentryi,FALSE,FALSE
Equisetopsida,Malpighiales,Euphorbiaceae,Dalechampia micrantha,FALSE,FALSE
Aves,Falconiformes,Falconidae,Daptrius ater,FALSE,FALSE
Mammalia,Rodentia,Dasyproctidae,Dasyprocta fuliginosa,FALSE,FALSE
Mammalia,Cingulata,Dasypodidae,Dasypus novemcinctus,FALSE,FALSE
Mammalia,Cingulata,Dasypodidae,Dasypus pastasae,FALSE,FALSE
Equisetopsida,Dilleniales,Dilleniaceae,Davilla nitida,FALSE,FALSE
Aves,Passeriformes,Furnariidae,Deconychura longicauda,FALSE,FALSE
Equisetopsida,Fabales,Fabaceae,Deguelia densiflora,FALSE,FALSE
Aves,Passeriformes,Furnariidae,Dendrexetastes rufigula,FALSE,FALSE
Equisetopsida,Apiales,Araliaceae,Dendrobangia boliviana,FALSE,FALSE
Aves,Passeriformes,Furnariidae,Dendrocincla fuliginosa,FALSE,FALSE
Aves,Passeriformes,Furnariidae,Dendrocolaptes certhia,FALSE,FALSE
Aves,Passeriformes,Furnariidae,Dendrocolaptes picumnus,FALSE,FALSE
Aves,Anseriformes,Anatidae,Dendrocygna autumnalis,FALSE,FALSE
Aves,Anseriformes,Anatidae,Dendrocygna bicolor,FALSE,FALSE
Equisetopsida,Apiales,Araliaceae,Dendropanax arboreus,FALSE,FALSE
Equisetopsida,Apiales,Araliaceae,Dendropanax macropodus,FALSE,FALSE
Equisetopsida,Apiales,Araliaceae,Dendropanax tessmannii,FALSE,FALSE
Aves,Passeriformes,Furnariidae,Dendroplex picus,FALSE,FALSE
Equisetopsida,Fabales,Fabaceae,Desmodium purpusii,FALSE,FALSE
Mammalia,Chiroptera,Phyllostomidae,Desmodus rotundus,FALSE,FALSE
Equisetopsida,Arecales,Arecaceae,Desmoncus polyacanthos,FALSE,FALSE
Actinopterygii,Siluriformes,Callichthyidae,Dianema longibarbis,FALSE,FALSE
Equisetopsida,Commelinales,Commelinaceae,Dichorisandra hexandra,FALSE,FALSE
Equisetopsida,Commelinales,Commelinaceae,Dichorisandra ulei,FALSE,FALSE
Equisetopsida,Fabales,Polygalaceae,Diclidanthera penduliflora,FALSE,FALSE
Equisetopsida,Magnoliales,Annonaceae,Diclinanona tessmannii,TRUE,FALSE
Mammalia,Cetartiodactyla,Tayassuidae,Dicotyles tajacu,FALSE,FALSE
Equisetopsida,Solanales,Convolvulaceae,Dicranostyles ampla,FALSE,FALSE
Equisetopsida,Solanales,Convolvulaceae,Dicranostyles holostyla,FALSE,FALSE
Mammalia,Didelphimorphia,Didelphidae,Didelphis marsupialis,FALSE,FALSE
Equisetopsida,Malpighiales,Phyllanthaceae,Didymocistus chrysadenius,FALSE,FALSE
Equisetopsida,Apiales,Araliaceae,Didymopanax confusus,FALSE,FALSE
Equisetopsida,Zingiberales,Costaceae,Dimerocostus strobilaceus,FALSE,FALSE
Equisetopsida,Fabales,Fabaceae,Dimorphandra caudata,FALSE,FALSE
Equisetopsida,Dioscoreales,Dioscoreaceae,Dioscorea altissima,FALSE,FALSE
Equisetopsida,Dioscoreales,Dioscoreaceae,Dioscorea meridensis,FALSE,FALSE
Equisetopsida,Ericales,Ebenaceae,Diospyros artanthifolia,FALSE,FALSE
Equisetopsida,Ericales,Ebenaceae,Diospyros manu,TRUE,FALSE
Equisetopsida,Ericales,Ebenaceae,Diospyros nanay,FALSE,FALSE
Equisetopsida,Ericales,Ebenaceae,Diospyros poeppigiana,FALSE,FALSE
Equisetopsida,Poales,Cyperaceae,Diplasia karatifolia,FALSE,FALSE
Equisetopsida,Malpighiales,Malpighiaceae,Diplopterys lucida,FALSE,FALSE
Equisetopsida,Ranunculales,Menispermaceae,Disciphania dioscoreoides,FALSE,FALSE
Equisetopsida,Ranunculales,Menispermaceae,Disciphania tessmannii,FALSE,FALSE
Equisetopsida,Aquifoliales,Stemonuraceae,Discophora guianensis,FALSE,FALSE
Equisetopsida,Malpighiales,Euphorbiaceae,Dodecastigma amazonicum,FALSE,FALSE
Equisetopsida,Dilleniales,Dilleniaceae,Doliocarpus brevipedicellatus,FALSE,FALSE
Equisetopsida,Dilleniales,Dilleniaceae,Doliocarpus dentatus,FALSE,FALSE
Equisetopsida,Dilleniales,Dilleniaceae,Doliocarpus olivaceus,FALSE,FALSE
Aves,Passeriformes,Donacobiidae,Donacobius atricapilla,FALSE,FALSE
Actinopterygii,Siluriformes,Doradidae,Doras punctatus,FALSE,FALSE
Equisetopsida,Lamiales,Gesneriaceae,Drymonia coccinea,FALSE,FALSE
Equisetopsida,Lamiales,Gesneriaceae,Drymonia doratostyla,FALSE,FALSE
Equisetopsida,Lamiales,Gesneriaceae,Drymonia semicordata,FALSE,FALSE
Equisetopsida,Lamiales,Gesneriaceae,Drymonia serrulata,FALSE,FALSE
Equisetopsida,Lamiales,Gesneriaceae,Drymonia warszewicziana,FALSE,FALSE
Aves,Piciformes,Picidae,Dryobates affinis,FALSE,FALSE
Aves,Piciformes,Picidae,Dryobates passerinus,FALSE,FALSE
Aves,Piciformes,Picidae,Dryocopus lineatus,FALSE,FALSE
Equisetopsida,Rosales,Cannabaceae,Drypetes amazonica,FALSE,FALSE
Equisetopsida,Magnoliales,Annonaceae,Duguetia macrophylla,FALSE,FALSE
Equisetopsida,Magnoliales,Annonaceae,Duguetia odorata,FALSE,FALSE
Equisetopsida,Magnoliales,Annonaceae,Duguetia quitarensis,FALSE,FALSE
Equisetopsida,Magnoliales,Annonaceae,Duguetia spixiana,FALSE,FALSE
Actinopterygii,Siluriformes,Pimelodidae,Duopalatinus peruanus,FALSE,FALSE
Equisetopsida,Gentianales,Rubiaceae,Duroia duckei,FALSE,FALSE
Equisetopsida,Gentianales,Rubiaceae,Duroia fusifera,FALSE,FALSE
Equisetopsida,Gentianales,Rubiaceae,Duroia hirsuta,FALSE,FALSE
Equisetopsida,Gentianales,Rubiaceae,Duroia micrantha,FALSE,FALSE
Equisetopsida,Gentianales,Rubiaceae,Duroia saccifera,FALSE,FALSE
Equisetopsida,Ericales,Sapotaceae,Ecclinusa lanceolata,FALSE,FALSE
Equisetopsida,Ericales,Sapotaceae,Ecclinusa ramiflora,FALSE,FALSE
Equisetopsida,Alismatales,Alismataceae,Echinodorus longipetalus,FALSE,FALSE
Equisetopsida,Asterales,Asteraceae,Eclipta prostrata,FALSE,FALSE
Aves,Pelecaniformes,Ardeidae,Egretta thula,FALSE,FALSE
Equisetopsida,Commelinales,Pontederiaceae,Eichhornia crassipes,FALSE,FALSE
Actinopterygii,Gymnotiformes,Sternopygidae,Eigenmannia macrops,FALSE,FALSE
Actinopterygii,Gymnotiformes,Sternopygidae,Eigenmannia virescens,FALSE,FALSE
Mammalia,Carnivora,Mustelidae,Eira barbara,FALSE,FALSE
Actinopterygii,Characiformes,Crenuchidae,Elachocharax pulcher,FALSE,FALSE
Equisetopsida,Ericales,Sapotaceae,Elaeoluma glabrescens,FALSE,FALSE
Aves,Accipitriformes,Accipitridae,Elanoides forficatus,FALSE,FALSE
Equisetopsida,Polypodiales,Dryopteridaceae,Elaphoglossum obovatum,FALSE,FALSE
Aves,Coraciiformes,Momotidae,Electron platyrhynchum,FALSE,FALSE
Actinopterygii,Gymnotiformes,Gymnotidae,Electrophorus electricus,FALSE,FALSE
Equisetopsida,Metteniusales,Metteniusaceae,Emmotum floribundum,FALSE,FALSE
Aves,Passeriformes,Tyrannidae,Empidonomus aurantioatrocristatus,FALSE,FALSE
Aves,Passeriformes,Tyrannidae,Empidonomus varius,FALSE,FALSE
Equisetopsida,Laurales,Lauraceae,Endlicheria acuminata,FALSE,FALSE
Equisetopsida,Laurales,Lauraceae,Endlicheria anomala,FALSE,FALSE
Equisetopsida,Laurales,Lauraceae,Endlicheria arachnocome,TRUE,FALSE
Equisetopsida,Laurales,Lauraceae,Endlicheria bracteata,FALSE,FALSE
Equisetopsida,Laurales,Lauraceae,Endlicheria citriodora,FALSE,FALSE
Equisetopsida,Laurales,Lauraceae,Endlicheria directonervia,FALSE,FALSE
Equisetopsida,Laurales,Lauraceae,Endlicheria formosa,FALSE,FALSE
Equisetopsida,Laurales,Lauraceae,Endlicheria krukovii,FALSE,FALSE
Equisetopsida,Laurales,Lauraceae,Endlicheria paniculata,FALSE,FALSE
Equisetopsida,Laurales,Lauraceae,Endlicheria robusta,FALSE,FALSE
Equisetopsida,Laurales,Lauraceae,Endlicheria verticillata,FALSE,FALSE
Equisetopsida,Asparagales,Orchidaceae,Epidendrum anceps,FALSE,FALSE
Equisetopsida,Asparagales,Orchidaceae,Epidendrum flexuosum,FALSE,FALSE
Equisetopsida,Asparagales,Orchidaceae,Epidendrum macrocarpum,FALSE,FALSE
Equisetopsida,Asparagales,Orchidaceae,Epidendrum microphyllum,FALSE,FALSE
Equisetopsida,Asparagales,Orchidaceae,Epidendrum nocturnum,FALSE,FALSE
Equisetopsida,Asparagales,Orchidaceae,Epidendrum orchidiflorum,FALSE,FALSE
Equisetopsida,Asparagales,Orchidaceae,Epidendrum rigidum,FALSE,FALSE
Aves,Passeriformes,Thamnophilidae,Epinecrophylla haematonota,FALSE,FALSE
Equisetopsida,Caryophyllales,Cactaceae,Epiphyllum phyllanthus,FALSE,FALSE
Equisetopsida,Asparagales,Orchidaceae,Epistephium parviflorum,FALSE,TRUE
Equisetopsida,Asterales,Asteraceae,Erechtites hieraciifolius,FALSE,FALSE
Equisetopsida,Myrtales,Vochysiaceae,Erisma bicolor,FALSE,FALSE
Equisetopsida,Asparagales,Orchidaceae,Erycina pusilla,FALSE,FALSE
Equisetopsida,Fabales,Fabaceae,Erythrina amazonica,FALSE,FALSE
Equisetopsida,Fabales,Fabaceae,Erythrina fusca,FALSE,FALSE
Actinopterygii,Characiformes,Erythrinidae,Erythrinus erythrinus,FALSE,FALSE
Equisetopsida,Malpighiales,Erythroxylaceae,Erythroxylum macrophyllum,FALSE,FALSE
Equisetopsida,Malpighiales,Erythroxylaceae,Erythroxylum spruceanum,FALSE,FALSE
Equisetopsida,Malpighiales,Erythroxylaceae,Erythroxylum vasquezii,TRUE,FALSE
Equisetopsida,Ericales,Lecythidaceae,Eschweilera albiflora,FALSE,FALSE
Equisetopsida,Ericales,Lecythidaceae,Eschweilera coriacea,FALSE,FALSE
Equisetopsida,Ericales,Lecythidaceae,Eschweilera juruensis,FALSE,FALSE
Equisetopsida,Ericales,Lecythidaceae,Eschweilera ovalifolia,FALSE,FALSE
Equisetopsida,Ericales,Lecythidaceae,Eschweilera parviflora,FALSE,FALSE
Equisetopsida,Ericales,Lecythidaceae,Eschweilera tenuifolia,FALSE,FALSE
Equisetopsida,Ericales,Lecythidaceae,Eschweilera tessmannii,FALSE,FALSE
Aves,Piciformes,Capitonidae,Eubucco richardsoni,FALSE,FALSE
Aves,Passeriformes,Thraupidae,Eucometis penicillata,FALSE,FALSE
Equisetopsida,Cornales,Myrtaceae,Eugenia biflora,FALSE,FALSE
Equisetopsida,Cornales,Myrtaceae,Eugenia dibrachiata,FALSE,FALSE
Equisetopsida,Cornales,Myrtaceae,Eugenia discreta,FALSE,FALSE
Equisetopsida,Cornales,Myrtaceae,Eugenia dittocrepis,FALSE,FALSE
Equisetopsida,Myrtales,Myrtaceae,Eugenia egensis,FALSE,FALSE
Equisetopsida,Myrtales,Myrtaceae,Eugenia feijoi,FALSE,FALSE
Equisetopsida,Cornales,Myrtaceae,Eugenia florida,FALSE,FALSE
Equisetopsida,Cornales,Myrtaceae,Eugenia heterochroma,FALSE,FALSE
Equisetopsida,Cornales,Myrtaceae,Eugenia inundata,FALSE,FALSE
Equisetopsida,Cornales,Myrtaceae,Eugenia lambertiana,FALSE,FALSE
Equisetopsida,Cornales,Myrtaceae,Eugenia marowynensis,FALSE,FALSE
Equisetopsida,Cornales,Myrtaceae,Eugenia multirimosa,FALSE,FALSE
Equisetopsida,Cornales,Myrtaceae,Eugenia muricata,FALSE,FALSE
Equisetopsida,Cornales,Myrtaceae,Eugenia patrisii,FALSE,FALSE
Equisetopsida,Myrtales,Myrtaceae,Eugenia polystachya,FALSE,FALSE
Equisetopsida,Cornales,Myrtaceae,Eugenia scalariformis,TRUE,FALSE
Equisetopsida,Myrtales,Myrtaceae,Eugenia schunkei,FALSE,FALSE
Equisetopsida,Gentianales,Rubiaceae,Eumachia albert-smithii,FALSE,FALSE
Equisetopsida,Gentianales,Rubiaceae,Eumachia huallagae,FALSE,FALSE
Equisetopsida,Gentianales,Rubiaceae,Eumachia podocephala,FALSE,FALSE
Aves,Passeriformes,Fringillidae,Euphonia chrysopasta,FALSE,FALSE
Aves,Passeriformes,Fringillidae,Euphonia laniirostris,FALSE,FALSE
Aves,Passeriformes,Fringillidae,Euphonia minuta,FALSE,FALSE
Aves,Passeriformes,Fringillidae,Euphonia rufiventris,FALSE,FALSE
Aves,Passeriformes,Fringillidae,Euphonia xanthogaster,FALSE,FALSE
Aves,Eurypygiformes,Eurypygidae,Eurypyga helias,FALSE,FALSE
Equisetopsida,Arecales,Arecaceae,Euterpe precatoria,FALSE,FALSE
Equisetopsida,Pandanales,Cyclanthaceae,Evodianthus funifer,FALSE,FALSE
Aves,Falconiformes,Falconidae,Falco rufigularis,FALSE,FALSE
Equisetopsida,Gentianales,Rubiaceae,Faramea cuencana,FALSE,FALSE
Equisetopsida,Gentianales,Rubiaceae,Faramea multiflora,FALSE,FALSE
Equisetopsida,Gentianales,Rubiaceae,Faramea quinqueflora,FALSE,FALSE
Equisetopsida,Gentianales,Rubiaceae,Faramea tamberlikiana,FALSE,FALSE
Actinopterygii,Siluriformes,Loricariidae,Farlowella amazona,FALSE,FALSE
Equisetopsida,Cucurbitales,Cucurbitaceae,Fevillea cordifolia,FALSE,FALSE
Equisetopsida,Rosales,Moraceae,Ficus americana,FALSE,FALSE
Equisetopsida,Rosales,Moraceae,Ficus americana subsp. guianensis,FALSE,FALSE
Equisetopsida,Rosales,Moraceae,Ficus caballina,FALSE,FALSE
Equisetopsida,Rosales,Moraceae,Ficus citrifolia,FALSE,FALSE
Equisetopsida,Rosales,Moraceae,Ficus eximia,FALSE,FALSE
Equisetopsida,Rosales,Moraceae,Ficus gomelleira,FALSE,FALSE
Equisetopsida,Rosales,Moraceae,Ficus insipida,FALSE,FALSE
Equisetopsida,Rosales,Moraceae,Ficus maxima,FALSE,FALSE
Equisetopsida,Rosales,Moraceae,Ficus obtusifolia,FALSE,FALSE
Equisetopsida,Rosales,Moraceae,Ficus pallida,FALSE,FALSE
Equisetopsida,Rosales,Moraceae,Ficus paludica,FALSE,FALSE
Equisetopsida,Rosales,Moraceae,Ficus paraensis,FALSE,FALSE
Equisetopsida,Rosales,Moraceae,Ficus pertusa,FALSE,FALSE
Equisetopsida,Rosales,Moraceae,Ficus piresiana,FALSE,FALSE
Equisetopsida,Rosales,Moraceae,Ficus popenoei,FALSE,FALSE
Equisetopsida,Rosales,Moraceae,Ficus sphenophylla,FALSE,FALSE
Equisetopsida,Rosales,Moraceae,Ficus trigona,FALSE,FALSE
Equisetopsida,Rosales,Moraceae,Ficus ypsilophlebia,FALSE,FALSE
Equisetopsida,Gentianales,Apocynaceae,Fischeria stellata,FALSE,FALSE
Equisetopsida,Lamiales,Acanthaceae,Fittonia albivenis,FALSE,FALSE
Aves,Apodiformes,Trochilidae,Florisuga mellivora,FALSE,FALSE
Equisetopsida,Commelinales,Commelinaceae,Floscopa elegans,FALSE,FALSE
Equisetopsida,Commelinales,Commelinaceae,Floscopa peruviana,FALSE,FALSE
Equisetopsida,Commelinales,Commelinaceae,Floscopa robusta var. robusta,FALSE,FALSE
Aves,Passeriformes,Formicariidae,Formicarius analis,FALSE,FALSE
Aves,Passeriformes,Formicariidae,Formicarius colma,FALSE,FALSE
Aves,Psittaciformes,Psittacidae,Forpus modestus,FALSE,FALSE
Aves,Psittaciformes,Psittacidae,Forpus xanthopterygius,FALSE,FALSE
Equisetopsida,Gentianales,Apocynaceae,Forsteronia brevifolia,FALSE,FALSE
Equisetopsida,Lamiales,Bignoniaceae,Fridericia bracteolata,FALSE,FALSE
Equisetopsida,Lamiales,Bignoniaceae,Fridericia florida,FALSE,FALSE
Equisetopsida,Lamiales,Bignoniaceae,Fridericia spicata,FALSE,FALSE
Equisetopsida,Malpighiales,Ochnaceae,Froesia diffusa,FALSE,FALSE
Equisetopsida,Gentianales,Apocynaceae,Funastrum clausum,FALSE,FALSE
Aves,Passeriformes,Furnariidae,Furnarius leucopus,FALSE,FALSE
Aves,Passeriformes,Furnariidae,Furnarius minor,FALSE,FALSE
Aves,Passeriformes,Furnariidae,Furnarius torridus,FALSE,FALSE
Equisetopsida,Magnoliales,Annonaceae,Fusaea longifolia,FALSE,FALSE
Aves,Galbuliformes,Galbulidae,Galbalcyrhynchus leucotis,FALSE,FALSE
Aves,Galbuliformes,Galbulidae,Galbula albirostris,FALSE,FALSE
Aves,Galbuliformes,Galbulidae,Galbula cyanescens,FALSE,FALSE
Aves,Galbuliformes,Galbulidae,Galbula cyanicollis,FALSE,FALSE
Aves,Galbuliformes,Galbulidae,Galbula tombacea,FALSE,FALSE
Actinopterygii,Characiformes,Characidae,Galeocharax gulo,FALSE,FALSE
Equisetopsida,Ericales,Sapotaceae,Gambeya boiviniana,FALSE,FALSE
Equisetopsida,Malpighiales,Clusiaceae,Garcinia brasiliensis,FALSE,FALSE
Equisetopsida,Malpighiales,Clusiaceae,Garcinia gardneriana,FALSE,FALSE
Equisetopsida,Malpighiales,Clusiaceae,Garcinia guacopary,FALSE,FALSE
Equisetopsida,Malpighiales,Clusiaceae,Garcinia intermedia,FALSE,FALSE
Equisetopsida,Malpighiales,Clusiaceae,Garcinia macrophylla,FALSE,FALSE
Equisetopsida,Malpighiales,Clusiaceae,Garcinia madruno,FALSE,FALSE
Equisetopsida,Gentianales,Rubiaceae,Genipa americana,FALSE,FALSE
Equisetopsida,Gentianales,Rubiaceae,Genipa spruceana,FALSE,FALSE
Equisetopsida,Arecales,Arecaceae,Geonoma baculifera,FALSE,FALSE
Equisetopsida,Arecales,Arecaceae,Geonoma brongniartii,FALSE,FALSE
Equisetopsida,Arecales,Arecaceae,Geonoma laxiflora,FALSE,FALSE
Equisetopsida,Arecales,Arecaceae,Geonoma leptospadix,FALSE,FALSE
Equisetopsida,Arecales,Arecaceae,Geonoma macrostachys,FALSE,FALSE
Equisetopsida,Arecales,Arecaceae,Geonoma maxima,FALSE,FALSE
Equisetopsida,Arecales,Arecaceae,Geonoma orbignyana,FALSE,FALSE
Equisetopsida,Arecales,Arecaceae,Geonoma poeppigiana,FALSE,FALSE
Equisetopsida,Arecales,Arecaceae,Geonoma poiteauana,FALSE,FALSE
Equisetopsida,Gentianales,Rubiaceae,Geophila cordifolia var. peruviana,FALSE,FALSE
Equisetopsida,Gentianales,Rubiaceae,Geophila repens,FALSE,FALSE
Aves,Columbiformes,Columbidae,Geotrygon montana,FALSE,FALSE
Aves,Accipitriformes,Accipitridae,Geranospiza caerulescens,FALSE,FALSE
Equisetopsida,Malpighiales,Euphorbiaceae,Gitara nicaraguensis,FALSE,FALSE
Aves,Strigiformes,Strigidae,Glaucidium brasilianum,FALSE,FALSE
Aves,Apodiformes,Trochilidae,Glaucis hirsutus,FALSE,FALSE
Equisetopsida,Gleicheniales,Gleicheniaceae,Gleichenella pectinata,FALSE,FALSE
Equisetopsida,Malpighiales,Violaceae,Gloeospermum equatoriense,FALSE,FALSE
Equisetopsida,Malpighiales,Violaceae,Gloeospermum sphaerocarpum,FALSE,FALSE
Equisetopsida,Malpighiales,Euphorbiaceae,Glycydendron amazonicum,FALSE,FALSE
Aves,Passeriformes,Furnariidae,Glyphorynchus spirurus,FALSE,FALSE
Actinopterygii,Characiformes,Acestrorhynchidae,Gnathocharax steindachneri,FALSE,FALSE
Equisetopsida,Gnetales,Gnetaceae,Gnetum leyboldii,FALSE,FALSE
Equisetopsida,Gnetales,Gnetaceae,Gnetum nodiflorum,FALSE,FALSE
Equisetopsida,Zingiberales,Marantaceae,Goeppertia altissima,FALSE,FALSE
Equisetopsida,Zingiberales,Marantaceae,Goeppertia capitata,FALSE,FALSE
Equisetopsida,Zingiberales,Marantaceae,Goeppertia loeseneri,FALSE,FALSE
Equisetopsida,Zingiberales,Marantaceae,Goeppertia microcephalum,FALSE,FALSE
Equisetopsida,Zingiberales,Marantaceae,Goeppertia poeppigiana,FALSE,FALSE
Equisetopsida,Zingiberales,Marantaceae,Goeppertia straminea,FALSE,FALSE
Equisetopsida,Rosales,Rhamnaceae,Gouania trichodonta,FALSE,FALSE
Equisetopsida,Rosales,Rhamnaceae,Goupia glabra,FALSE,FALSE
Aves,Psittaciformes,Psittacidae,Graydidascalus brachyurus,FALSE,FALSE
Equisetopsida,Ericales,Lecythidaceae,Grias neuberthii,FALSE,FALSE
Equisetopsida,Ericales,Lecythidaceae,Grias peruviana,FALSE,FALSE
Equisetopsida,Poales,Poaceae,Guadua superba,FALSE,FALSE
Equisetopsida,Sapindales,Meliaceae,Guarea cinnamomea,FALSE,FALSE
Equisetopsida,Sapindales,Meliaceae,Guarea glabra,FALSE,FALSE
Equisetopsida,Sapindales,Meliaceae,Guarea gomma,FALSE,FALSE
Equisetopsida,Sapindales,Meliaceae,Guarea guidonia,FALSE,FALSE
Equisetopsida,Sapindales,Meliaceae,Guarea juglandiformis,FALSE,FALSE
Equisetopsida,Sapindales,Meliaceae,Guarea kunthiana,FALSE,FALSE
Equisetopsida,Sapindales,Meliaceae,Guarea macrophylla,FALSE,FALSE
Equisetopsida,Sapindales,Meliaceae,Guarea purusana,FALSE,FALSE
Equisetopsida,Sapindales,Meliaceae,Guarea silvatica,FALSE,FALSE
Equisetopsida,Sapindales,Meliaceae,Guarea vasquezii,FALSE,FALSE
Equisetopsida,Magnoliales,Annonaceae,Guatteria blepharophylla,FALSE,FALSE
Equisetopsida,Magnoliales,Annonaceae,Guatteria elata,FALSE,FALSE
Equisetopsida,Magnoliales,Annonaceae,Guatteria guianensis,FALSE,FALSE
Equisetopsida,Magnoliales,Annonaceae,Guatteria hirsuta,FALSE,FALSE
Equisetopsida,Magnoliales,Annonaceae,Guatteria inundata,FALSE,FALSE
Equisetopsida,Magnoliales,Annonaceae,Guatteria megalophylla,FALSE,FALSE
Equisetopsida,Magnoliales,Annonaceae,Guatteria meliodora,FALSE,FALSE
Equisetopsida,Magnoliales,Annonaceae,Guatteria modesta,TRUE,FALSE
Equisetopsida,Magnoliales,Annonaceae,Guatteria scalarinervia,TRUE,FALSE
Equisetopsida,Magnoliales,Annonaceae,Guatteria spectabilis,FALSE,FALSE
Equisetopsida,Magnoliales,Annonaceae,Guatteria stipitata,FALSE,FALSE
Equisetopsida,Malvales,Malvaceae,Guazuma crinita,FALSE,FALSE
Equisetopsida,Malvales,Malvaceae,Guazuma ulmifolia,FALSE,FALSE
Equisetopsida,Gentianales,Rubiaceae,Guettarda aromatica,FALSE,FALSE
Equisetopsida,Cucurbitales,Cucurbitaceae,Gurania acuminata,FALSE,FALSE
Equisetopsida,Cucurbitales,Cucurbitaceae,Gurania eriantha,FALSE,FALSE
Equisetopsida,Cucurbitales,Cucurbitaceae,Gurania lobata,FALSE,FALSE
Equisetopsida,Ericales,Lecythidaceae,Gustavia augusta,FALSE,FALSE
Equisetopsida,Ericales,Lecythidaceae,Gustavia longifolia,FALSE,FALSE
Actinopterygii,Characiformes,Characidae,Gymnocorymbus thayeri,FALSE,FALSE
Aves,Passeriformes,Cotingidae,Gymnoderus foetidus,FALSE,FALSE
Aves,Passeriformes,Icteridae,Gymnomystax mexicanus,FALSE,FALSE
Actinopterygii,Gymnotiformes,Gymnotidae,Gymnotus carapo,FALSE,FALSE
Actinopterygii,Gymnotiformes,Gymnotidae,Gymnotus jonasi,FALSE,FALSE
Actinopterygii,Gymnotiformes,Gymnotidae,Gymnotus ucamara,FALSE,FALSE
Actinopterygii,Gymnotiformes,Gymnotidae,Gymnotus varzea,FALSE,FALSE
Mammalia,Rodentia,Sciuridae,Hadrosciurus ignitus,FALSE,FALSE
Mammalia,Rodentia,Sciuridae,Hadrosciurus spadiceus,FALSE,FALSE
Equisetopsida,Malpighiales,Calophyllaceae,Haploclathra cordata,TRUE,TRUE
Aves,Accipitriformes,Accipitridae,Harpagus bidentatus,FALSE,FALSE
Aves,Accipitriformes,Accipitridae,Harpia harpyja,FALSE,TRUE
Equisetopsida,Malpighiales,Salicaceae,Hasseltia floribunda,FALSE,FALSE
Equisetopsida,Solanales,Solanaceae,Hawkesiophyton ochraceum,FALSE,FALSE
Equisetopsida,Solanales,Solanaceae,Hawkesiophyton ulei,FALSE,FALSE
Equisetopsida,Malpighiales,Linaceae,Hebepetalum humiriifolium,FALSE,FALSE
Equisetopsida,Santalales,Olacaceae,Heisteria acuminata,FALSE,FALSE
Equisetopsida,Santalales,Olacaceae,Heisteria duckei,FALSE,FALSE
Equisetopsida,Santalales,Olacaceae,Heisteria insculpta,FALSE,FALSE
Equisetopsida,Santalales,Olacaceae,Heisteria spruceana,FALSE,FALSE
Equisetopsida,Gentianales,Gentianaceae,Helia acutangula,FALSE,FALSE
Aves,Accipitriformes,Accipitridae,Helicolestes hamatus,FALSE,FALSE
Equisetopsida,Zingiberales,Heliconiaceae,Heliconia chartacea,FALSE,FALSE
Equisetopsida,Zingiberales,Heliconiaceae,Heliconia episcopalis,FALSE,FALSE
Equisetopsida,Zingiberales,Heliconiaceae,Heliconia hirsuta,FALSE,FALSE
Equisetopsida,Zingiberales,Heliconiaceae,Heliconia juruana,FALSE,FALSE
Equisetopsida,Zingiberales,Heliconiaceae,Heliconia lasiorachis,FALSE,FALSE
Equisetopsida,Zingiberales,Heliconiaceae,Heliconia stricta,FALSE,FALSE
Equisetopsida,Rosales,Moraceae,Helicostylis scabra,FALSE,FALSE
Aves,Apodiformes,Trochilidae,Heliodoxa aurescens,FALSE,FALSE
Aves,Apodiformes,Trochilidae,Heliomaster longirostris,FALSE,FALSE
Aves,Gruiformes,Heliornithidae,Heliornis fulica,FALSE,FALSE
Equisetopsida,Boraginales,Heliotropiaceae,Heliotropium indicum,FALSE,FALSE
Equisetopsida,Santalales,Balanophoraceae,Helosis cayanensis,FALSE,FALSE
Actinopterygii,Siluriformes,Doradidae,Hemidoras stenopeltis,FALSE,FALSE
Actinopterygii,Characiformes,Characidae,Hemigrammus belottii,FALSE,FALSE
Actinopterygii,Characiformes,Characidae,Hemigrammus haraldi,FALSE,FALSE
Actinopterygii,Characiformes,Characidae,Hemigrammus lunatus,FALSE,FALSE
Actinopterygii,Characiformes,Characidae,Hemigrammus megaceps,FALSE,FALSE
Actinopterygii,Characiformes,Characidae,Hemigrammus microstomus,FALSE,FALSE
Actinopterygii,Characiformes,Characidae,Hemigrammus newboldi,FALSE,FALSE
Actinopterygii,Characiformes,Characidae,Hemigrammus ocellifer,FALSE,FALSE
Actinopterygii,Characiformes,Characidae,Hemigrammus unilineatus,FALSE,FALSE
Actinopterygii,Siluriformes,Loricariidae,Hemiodontichthys acipenserinus,FALSE,FALSE
Actinopterygii,Characiformes,Hemiodontidae,Hemiodus argenteus,FALSE,FALSE
Actinopterygii,Characiformes,Hemiodontidae,Hemiodus microlepis,FALSE,FALSE
Aves,Passeriformes,Thraupidae,Hemithraupis guira,FALSE,FALSE
Aves,Passeriformes,Tyrannidae,Hemitriccus iohannis,FALSE,FALSE
Aves,Passeriformes,Tyrannidae,Hemitriccus zosterops,FALSE,FALSE
Actinopterygii,Siluriformes,Trichomycteridae,Henonemus punctatus,FALSE,FALSE
Equisetopsida,Myrtales,Melastomataceae,Henriettea stellaris,FALSE,FALSE
Actinopterygii,Cichliformes,Cichlidae,Heros appendiculatus,FALSE,FALSE
Actinopterygii,Cichliformes,Cichlidae,Heros efasciatus,FALSE,FALSE
Aves,Falconiformes,Falconidae,Herpetotheres cachinnans,FALSE,FALSE
Aves,Passeriformes,Thamnophilidae,Herpsilochmus frater,FALSE,FALSE
Equisetopsida,Malvales,Malvaceae,Herrania nitida,FALSE,FALSE
Equisetopsida,Malvales,Malvaceae,Herrania nycterodendron,FALSE,FALSE
Equisetopsida,Alismatales,Araceae,Heteropsis robusta,FALSE,FALSE
Equisetopsida,Alismatales,Araceae,Heteropsis vasquezii,FALSE,FALSE
Equisetopsida,Malpighiales,Malpighiaceae,Heteropterys cristata,FALSE,FALSE
Equisetopsida,Malpighiales,Euphorbiaceae,Hevea guianensis,FALSE,FALSE
Equisetopsida,Malpighiales,Euphorbiaceae,Hevea nitida,FALSE,FALSE
Equisetopsida,Malvales,Malvaceae,Hibiscus peruvianus,FALSE,FALSE
Equisetopsida,Malvales,Malvaceae,Hibiscus sororius,FALSE,FALSE
Equisetopsida,Malpighiales,Phyllanthaceae,Hieronyma alchorneoides,FALSE,FALSE
Equisetopsida,Malpighiales,Phyllanthaceae,Hieronyma oblonga,FALSE,FALSE
Equisetopsida,Gentianales,Rubiaceae,Hillia illustris,FALSE,FALSE
Equisetopsida,Gentianales,Rubiaceae,Hillia ulei,FALSE,FALSE
Aves,Charadriiformes,Recurvirostridae,Himantopus mexicanus,FALSE,FALSE
Equisetopsida,Gentianales,Apocynaceae,Himatanthus sucuuba,FALSE,FALSE
Equisetopsida,Gentianales,Apocynaceae,Himatanthus tarapotensis,FALSE,FALSE
Equisetopsida,Asparagales,Amaryllidaceae,Hippeastrum aulicum,FALSE,FALSE
Equisetopsida,Celastrales,Celastraceae,Hippocratea volubilis,FALSE,FALSE
Equisetopsida,Gentianales,Rubiaceae,Hippotis brevipes,FALSE,FALSE
Equisetopsida,Malpighiales,Malpighiaceae,Hiraea affinis,FALSE,FALSE
Equisetopsida,Malpighiales,Chrysobalanaceae,Hirtella elongata,FALSE,FALSE
Equisetopsida,Malpighiales,Chrysobalanaceae,Hirtella guainiae,FALSE,FALSE
Equisetopsida,Malpighiales,Chrysobalanaceae,Hirtella magnifolia,FALSE,FALSE
Equisetopsida,Malpighiales,Chrysobalanaceae,Hirtella racemosa,FALSE,FALSE
Equisetopsida,Malpighiales,Chrysobalanaceae,Hirtella triandra,FALSE,FALSE
Aves,Passeriformes,Hirundinidae,Hirundo rustica,FALSE,FALSE
Equisetopsida,Malpighiales,Salicaceae,Homalium guianense,FALSE,FALSE
Equisetopsida,Malpighiales,Salicaceae,Homalium racemosum,FALSE,FALSE
Equisetopsida,Poales,Poaceae,Homolepis aturensis,FALSE,FALSE
Actinopterygii,Characiformes,Erythrinidae,Hoplias malabaricus,FALSE,FALSE
Actinopterygii,Siluriformes,Callichthyidae,Hoplosternum littorale,FALSE,FALSE
Equisetopsida,Malpighiales,Humiriaceae,Humiriastrum excelsum,FALSE,FALSE
Equisetopsida,Malpighiales,Euphorbiaceae,Hura crepitans,FALSE,FALSE
Mammalia,Rodentia,Caviidae,Hydrochoerus hydrochaeris,FALSE,FALSE
Equisetopsida,Fabales,Fabaceae,Hydrochorea corymbosa,FALSE,FALSE
Actinopterygii,Characiformes,Cynodontidae,Hydrolycus scomberoides,FALSE,FALSE
Aves,Caprimulgiformes,Caprimulgidae,Hydropsalis climacocerca,FALSE,FALSE
Equisetopsida,Lamiales,Acanthaceae,Hygrophila guianensis,FALSE,FALSE
Equisetopsida,Celastrales,Celastraceae,Hylenaea praecelsa,FALSE,FALSE
Aves,Passeriformes,Vireonidae,Hylophilus thoracicus,FALSE,FALSE
Aves,Passeriformes,Thamnophilidae,Hylophylax naevius,FALSE,FALSE
Aves,Passeriformes,Thamnophilidae,Hylophylax punctulatus,FALSE,FALSE
Equisetopsida,Poales,Poaceae,Hymenachne donacifolia,FALSE,FALSE
Equisetopsida,Fabales,Fabaceae,Hymenaea reticulata,FALSE,FALSE
Equisetopsida,Malpighiales,Chrysobalanaceae,Hymenopus macrophyllus,FALSE,FALSE
Equisetopsida,Arecales,Arecaceae,Hyospathe elegans subsp. elegans,FALSE,FALSE
Actinopterygii,Characiformes,Characidae,Hyphessobrycon bentosi,FALSE,FALSE
Actinopterygii,Carangiformes,Achiridae,Hypoclinemus mentalis,FALSE,FALSE
Aves,Passeriformes,Thamnophilidae,Hypocnemis peruviana,FALSE,FALSE
Aves,Passeriformes,Thamnophilidae,Hypocnemoides maculicauda,FALSE,FALSE
Aves,Passeriformes,Thamnophilidae,Hypocnemoides melanopogon,FALSE,FALSE
Actinopterygii,Siluriformes,Loricariidae,Hypoptopoma gulare,FALSE,FALSE
Actinopterygii,Siluriformes,Loricariidae,Hypoptopoma thoracatum,FALSE,FALSE
Actinopterygii,Siluriformes,Loricariidae,Hypostomus emarginatus,FALSE,FALSE
Actinopterygii,Cichliformes,Cichlidae,Hypselecara temporalis,FALSE,FALSE
Equisetopsida,Lamiales,Lamiaceae,Hyptis obtusiflora,FALSE,FALSE
Aves,Falconiformes,Falconidae,Ibycter americanus,FALSE,FALSE
Equisetopsida,Poales,Poaceae,Ichnanthus pallens var. major,FALSE,FALSE
Equisetopsida,Poales,Poaceae,Ichnanthus panicoides,FALSE,FALSE
Equisetopsida,Poales,Poaceae,Ichnanthus tenuis,FALSE,FALSE
Aves,Passeriformes,Icteridae,Icterus croconotus,FALSE,FALSE
Aves,Accipitriformes,Accipitridae,Ictinia plumbea,FALSE,FALSE
Actinopterygii,Characiformes,Iguanodectidae,Iguanodectes purusii,FALSE,FALSE
Actinopterygii,Characiformes,Characidae,Iguanodectes spilurus,FALSE,FALSE
Equisetopsida,Aquifoliales,Aquifoliaceae,Ilex inundata,FALSE,FALSE
Equisetopsida,Aquifoliales,Aquifoliaceae,Ilex laureola,FALSE,FALSE
Equisetopsida,Aquifoliales,Aquifoliaceae,Ilex nayana,FALSE,FALSE
Equisetopsida,Aquifoliales,Aquifoliaceae,Ilex vismiifolia,FALSE,FALSE
Equisetopsida,Fabales,Fabaceae,Inga adenophylla,FALSE,FALSE
Equisetopsida,Fabales,Fabaceae,Inga bourgonii,FALSE,FALSE
Equisetopsida,Fabales,Fabaceae,Inga cayennensis,FALSE,FALSE
Equisetopsida,Fabales,Fabaceae,Inga chartacea,FALSE,FALSE
Equisetopsida,Fabales,Fabaceae,Inga cinnamomea,FALSE,FALSE
Equisetopsida,Fabales,Fabaceae,Inga cordatoalata,FALSE,FALSE
Equisetopsida,Fabales,Fabaceae,Inga duckei,FALSE,FALSE
Equisetopsida,Fabales,Fabaceae,Inga edulis,FALSE,FALSE
Equisetopsida,Fabales,Fabaceae,Inga gereauana,TRUE,FALSE
Equisetopsida,Fabales,Fabaceae,Inga gracilior,FALSE,FALSE
Equisetopsida,Fabales,Fabaceae,Inga ingoides,FALSE,FALSE
Equisetopsida,Fabales,Fabaceae,Inga laurina,FALSE,FALSE
Equisetopsida,Fabales,Fabaceae,Inga leiocalycina,FALSE,FALSE
Equisetopsida,Fabales,Fabaceae,Inga marginata,FALSE,FALSE
Equisetopsida,Fabales,Fabaceae,Inga megaphylla,FALSE,FALSE
Equisetopsida,Fabales,Fabaceae,Inga microcoma,FALSE,FALSE
Equisetopsida,Fabales,Fabaceae,Inga nobilis,FALSE,FALSE
Equisetopsida,Fabales,Fabaceae,Inga poeppigiana,FALSE,FALSE
Equisetopsida,Fabales,Fabaceae,Inga pruriens,FALSE,FALSE
Equisetopsida,Fabales,Fabaceae,Inga psittacorum,FALSE,FALSE
Equisetopsida,Fabales,Fabaceae,Inga punctata,FALSE,FALSE
Equisetopsida,Fabales,Fabaceae,Inga ruiziana,FALSE,FALSE
Equisetopsida,Fabales,Fabaceae,Inga sapindoides,FALSE,FALSE
Equisetopsida,Fabales,Fabaceae,Inga sertulifera,FALSE,FALSE
Equisetopsida,Fabales,Fabaceae,Inga stenoptera,FALSE,FALSE
Equisetopsida,Fabales,Fabaceae,Inga tenuistipula,FALSE,FALSE
Equisetopsida,Fabales,Fabaceae,Inga thibaudiana,FALSE,FALSE
Equisetopsida,Fabales,Fabaceae,Inga vera,FALSE,FALSE
Equisetopsida,Fabales,Fabaceae,Inga vismiifolia,FALSE,FALSE
Mammalia,Cetartiodactyla,Iniidae,Inia geoffrensis,FALSE,FALSE
Equisetopsida,Solanales,Convolvulaceae,Ipomoea clavata,FALSE,FALSE
Equisetopsida,Solanales,Convolvulaceae,Ipomoea reticulata,FALSE,FALSE
Equisetopsida,Solanales,Convolvulaceae,Ipomoea rubens,FALSE,FALSE
Equisetopsida,Caryophyllales,Amaranthaceae,Iresine argentata,FALSE,FALSE
Equisetopsida,Arecales,Arecaceae,Iriartella stenocarpa,FALSE,FALSE
Equisetopsida,Magnoliales,Myristicaceae,Iryanthera crassifolia,FALSE,FALSE
Equisetopsida,Magnoliales,Myristicaceae,Iryanthera elliptica,FALSE,FALSE
Equisetopsida,Magnoliales,Myristicaceae,Iryanthera juruensis,FALSE,FALSE
Equisetopsida,Magnoliales,Myristicaceae,Iryanthera laevis,FALSE,FALSE
Equisetopsida,Magnoliales,Myristicaceae,Iryanthera lancifolia,FALSE,FALSE
Equisetopsida,Magnoliales,Myristicaceae,Iryanthera macrophylla,FALSE,FALSE
Equisetopsida,Magnoliales,Myristicaceae,Iryanthera olacoides,FALSE,FALSE
Equisetopsida,Magnoliales,Myristicaceae,Iryanthera paradoxa,FALSE,FALSE
Equisetopsida,Magnoliales,Myristicaceae,Iryanthera paraensis,FALSE,FALSE
Equisetopsida,Magnoliales,Myristicaceae,Iryanthera tessmannii,FALSE,FALSE
Equisetopsida,Magnoliales,Myristicaceae,Iryanthera tricornis,FALSE,FALSE
Equisetopsida,Zingiberales,Marantaceae,Ischnosiphon arouma,FALSE,FALSE
Equisetopsida,Zingiberales,Marantaceae,Ischnosiphon leucophaeus subsp. leucophaeus,FALSE,FALSE
Equisetopsida,Gentianales,Rubiaceae,Isertia haenkeana,FALSE,FALSE
Equisetopsida,Gentianales,Rubiaceae,Isertia rosea,FALSE,FALSE
Aves,Passeriformes,Thamnophilidae,Isleria hauxwelli,FALSE,FALSE
Mammalia,Rodentia,Echimyidae,Isothrix bistriata,FALSE,FALSE
Aves,Pelecaniformes,Ardeidae,Ixobrychus involucris,FALSE,FALSE
Equisetopsida,Gentianales,Rubiaceae,Ixora intensa,FALSE,FALSE
Aves,Ciconiiformes,Ciconiidae,Jabiru mycteria,FALSE,FALSE
Aves,Galbuliformes,Galbulidae,Jacamerops aureus,FALSE,FALSE
Aves,Charadriiformes,Jacanidae,Jacana jacana,FALSE,FALSE
Equisetopsida,Lamiales,Bignoniaceae,Jacaranda obtusifolia,FALSE,FALSE
Equisetopsida,Solanales,Solanaceae,Juanulloa parasitica,FALSE,FALSE
Actinopterygii,Characiformes,Characidae,Jupiaba asymmetrica,FALSE,FALSE
Equisetopsida,Magnoliales,Annonaceae,Klarobelia inundata,FALSE,FALSE
Actinopterygii,Characiformes,Characidae,Knodus beta,FALSE,FALSE
Actinopterygii,Characiformes,Characidae,Knodus breviceps,FALSE,FALSE
Equisetopsida,Gentianales,Rubiaceae,Kutchubaea urophylla,TRUE,FALSE
Equisetopsida,Malpighiales,Lacistemataceae,Lacistema aggregatum,FALSE,FALSE
Equisetopsida,Malpighiales,Lacistemataceae,Lacistema nena,FALSE,FALSE
Actinopterygii,Characiformes,Anostomidae,Laemolyta garmani,FALSE,FALSE
Actinopterygii,Characiformes,Anostomidae,Laemolyta proxima,FALSE,FALSE
Equisetopsida,Malpighiales,Salicaceae,Laetia corymbulosa,FALSE,FALSE
Mammalia,Primates,Atelidae,Lagothrix lagothricha,FALSE,TRUE
Aves,Passeriformes,Icteridae,Lampropsar tanagrinus,FALSE,FALSE
Aves,Passeriformes,Tityridae,Laniocera hypopyrra,FALSE,FALSE
Equisetopsida,Lamiales,Verbenaceae,Lantana trifolia,FALSE,FALSE
Aves,Gruiformes,Rallidae,Laterallus exilis,FALSE,FALSE
Aves,Gruiformes,Rallidae,Laterallus melanophaius,FALSE,FALSE
Aves,Passeriformes,Tyrannidae,Lathrotriccus euleri,FALSE,FALSE
Equisetopsida,Fabales,Fabaceae,Lecointea amazonica,FALSE,FALSE
Aves,Passeriformes,Tyrannidae,Legatus leucophaius,FALSE,FALSE
Actinopterygii,Siluriformes,Pimelodidae,Leiarius marmoratus,FALSE,FALSE
Equisetopsida,Malpighiales,Violaceae,Leonia crassa,FALSE,FALSE
Equisetopsida,Malpighiales,Violaceae,Leonia cymosa,FALSE,FALSE
Equisetopsida,Malpighiales,Violaceae,Leonia glycycarpa,FALSE,FALSE
Equisetopsida,Malpighiales,Violaceae,Leonia racemosa,FALSE,FALSE
Mammalia,Carnivora,Felidae,Leopardus pardalis,FALSE,FALSE
Equisetopsida,Arecales,Arecaceae,Lepidocaryum tenue,FALSE,FALSE
Actinopterygii,Ceratodontiformes,Lepidosirenidae,Lepidosiren paradoxa,FALSE,FALSE
Actinopterygii,Characiformes,Anostomidae,Leporellus vittatus,FALSE,FALSE
Actinopterygii,Characiformes,Anostomidae,Leporinus agassizi,FALSE,FALSE
Actinopterygii,Characiformes,Anostomidae,Leporinus amazonicus,FALSE,FALSE
Actinopterygii,Characiformes,Anostomidae,Leporinus fasciatus,FALSE,FALSE
Actinopterygii,Characiformes,Anostomidae,Leporinus friderici,FALSE,FALSE
Actinopterygii,Characiformes,Anostomidae,Leporinus niceforoi,FALSE,FALSE
Actinopterygii,Characiformes,Anostomidae,Leporinus trifasciatus,FALSE,FALSE
Actinopterygii,Characiformes,Characidae,Leptagoniates steindachneri,FALSE,FALSE
Actinopterygii,Siluriformes,Callichthyidae,Lepthoplosternum altamazonicum,FALSE,FALSE
Actinopterygii,Siluriformes,Callichthyidae,Lepthoplosternum ucamara,FALSE,FALSE
Equisetopsida,Malpighiales,Chrysobalanaceae,Leptobalanus apetalus,FALSE,FALSE
Equisetopsida,Malpighiales,Chrysobalanaceae,Leptobalanus latus,FALSE,FALSE
Equisetopsida,Malpighiales,Chrysobalanaceae,Leptobalanus longistylus,FALSE,FALSE
Aves,Accipitriformes,Accipitridae,Leptodon cayanensis,FALSE,FALSE
Equisetopsida,Sapindales,Rutaceae,Leptothyrsa sprucei,FALSE,FALSE
Aves,Columbiformes,Columbidae,Leptotila rufaxilla,FALSE,FALSE
Equisetopsida,Lamiales,Gesneriaceae,Lesia savannarum,FALSE,FALSE
Equisetopsida,Malpighiales,Chrysobalanaceae,Licania micrantha,FALSE,FALSE
Equisetopsida,Laurales,Lauraceae,Licaria armeniaca,FALSE,FALSE
Equisetopsida,Laurales,Lauraceae,Licaria cannella,FALSE,FALSE
Equisetopsida,Laurales,Lauraceae,Licaria guianensis,FALSE,FALSE
Equisetopsida,Laurales,Lauraceae,Licaria triandra,FALSE,FALSE
Equisetopsida,Alismatales,Alismataceae,Limnocharis flava,FALSE,FALSE
Equisetopsida,Malpighiales,Achariaceae,Lindackeria paludosa,FALSE,FALSE
Equisetopsida,Polypodiales,Lindsaeaceae,Lindsaea lancea,FALSE,FALSE
Equisetopsida,Polypodiales,Lindsaeaceae,Lindsaea stricta,FALSE,FALSE
Aves,Passeriformes,Cotingidae,Lipaugus vociferans,FALSE,FALSE
Equisetopsida,Lamiales,Verbenaceae,Lippia alba,FALSE,FALSE
Equisetopsida,Polypodiales,Dryopteridaceae,Lomagramma guianensis,FALSE,FALSE
Equisetopsida,Polypodiales,Lomariopsidaceae,Lomariopsis japurensis,FALSE,FALSE
Mammalia,Carnivora,Mustelidae,Lontra longicaudis,FALSE,FALSE
Mammalia,Chiroptera,Phyllostomidae,Lophostoma silvicolum,FALSE,FALSE
Aves,Passeriformes,Tyrannidae,Lophotriccus vitiosus,FALSE,FALSE
Actinopterygii,Siluriformes,Loricariidae,Loricaria simillima,FALSE,FALSE
Actinopterygii,Siluriformes,Loricariidae,Loricariichthys acutus,FALSE,FALSE
Actinopterygii,Siluriformes,Loricariidae,Loricariichthys hauxwelli,FALSE,FALSE
Actinopterygii,Siluriformes,Loricariidae,Loricariichthys maculatus,FALSE,FALSE
Actinopterygii,Siluriformes,Loricariidae,Loricariichthys nudirostris,FALSE,FALSE
Actinopterygii,Siluriformes,Loricariidae,Loricariichthys ucayalensis,FALSE,FALSE
Aves,Passeriformes,Thraupidae,Loriotus luctuosus,FALSE,FALSE
Aves,Passeriformes,Thraupidae,Loriotus rufiventer,FALSE,FALSE
Equisetopsida,Malpighiales,Lacistemataceae,Lozania klugii,FALSE,FALSE
Equisetopsida,Myrtales,Onagraceae,Ludwigia affinis,FALSE,FALSE
Equisetopsida,Myrtales,Onagraceae,Ludwigia decurrens,FALSE,FALSE
Equisetopsida,Myrtales,Onagraceae,Ludwigia hyssopifolia,FALSE,FALSE
Equisetopsida,Myrtales,Onagraceae,Ludwigia latifolia,FALSE,FALSE
Equisetopsida,Myrtales,Onagraceae,Ludwigia leptocarpa,FALSE,FALSE
Equisetopsida,Myrtales,Onagraceae,Ludwigia nervosa,FALSE,FALSE
Equisetopsida,Myrtales,Onagraceae,Ludwigia octovalvis,FALSE,FALSE
Equisetopsida,Malvales,Malvaceae,Luehea cymulosa,FALSE,FALSE
Equisetopsida,Malvales,Malvaceae,Lueheopsis hoehnei,FALSE,FALSE
Equisetopsida,Cucurbitales,Cucurbitaceae,Luffa sepium,FALSE,FALSE
Equisetopsida,Lamiales,Bignoniaceae,Lundia densiflora,FALSE,FALSE
Aves,Caprimulgiformes,Caprimulgidae,Lurocalis semitorquatus,FALSE,FALSE
Actinopterygii,Clupeiformes,Engraulididae,Lycengraulis batesii,FALSE,FALSE
Equisetopsida,Solanales,Solanaceae,Lycianthes pauciflora,FALSE,FALSE
Equisetopsida,Lycopodiales,Lycopodiaceae,Lycopodiella cernua,FALSE,FALSE
Equisetopsida,Malpighiales,Euphorbiaceae,Mabea angularis,FALSE,FALSE
Equisetopsida,Malpighiales,Euphorbiaceae,Mabea piriri,FALSE,FALSE
Equisetopsida,Malpighiales,Euphorbiaceae,Mabea pulcherrima,FALSE,FALSE
Equisetopsida,Malpighiales,Euphorbiaceae,Mabea speciosa subsp. speciosa,FALSE,FALSE
Equisetopsida,Malpighiales,Euphorbiaceae,Mabea subsessilis,FALSE,FALSE
Equisetopsida,Fabales,Fabaceae,Machaerium inundatum,FALSE,FALSE
Equisetopsida,Fabales,Fabaceae,Machaerium macrophyllum,FALSE,FALSE
Equisetopsida,Fabales,Fabaceae,Machaerium mutisii,FALSE,FALSE
Equisetopsida,Rosales,Moraceae,Maclura tinctoria,FALSE,FALSE
Equisetopsida,Fabales,Fabaceae,Macrolobium acaciifolium,FALSE,FALSE
Equisetopsida,Fabales,Fabaceae,Macrolobium limbatum,FALSE,FALSE
Equisetopsida,Fabales,Fabaceae,Macrolobium microcalyx,FALSE,FALSE
Equisetopsida,Fabales,Fabaceae,Macrolobium multijugum,FALSE,FALSE
Equisetopsida,Fabales,Fabaceae,Macropsychanthus macrocarpus,FALSE,FALSE
Equisetopsida,Fabales,Fabaceae,Macrosamanea spruceana,FALSE,FALSE
Equisetopsida,Malvales,Malvaceae,Malachra radiata,FALSE,FALSE
Aves,Galbuliformes,Bucconidae,Malacoptila rufa,FALSE,FALSE
Equisetopsida,Gentianales,Rubiaceae,Malanea boliviana,FALSE,FALSE
Equisetopsida,Gentianales,Rubiaceae,Malanea erecta,FALSE,FALSE
Equisetopsida,Gentianales,Apocynaceae,Malouetia flavescens,FALSE,FALSE
Equisetopsida,Gentianales,Apocynaceae,Malouetia tamaquarina,FALSE,FALSE
Equisetopsida,Gentianales,Apocynaceae,Malouetia tamaquarina var. tamaquarina,FALSE,FALSE
Equisetopsida,Malvales,Malvaceae,Malvaviscus arboreus,FALSE,FALSE
Equisetopsida,Gentianales,Apocynaceae,Mandevilla pavonii,FALSE,FALSE
Equisetopsida,Gentianales,Rubiaceae,Manettia divaricata,FALSE,FALSE
Equisetopsida,Ericales,Sapotaceae,Manilkara zapota,FALSE,FALSE
Equisetopsida,Lamiales,Bignoniaceae,Mansoa alliacea,FALSE,FALSE
Equisetopsida,Lamiales,Bignoniaceae,Mansoa standleyi,FALSE,FALSE
Equisetopsida,Rosales,Moraceae,Maquira coriacea,FALSE,FALSE
Equisetopsida,Ericales,Marcgraviaceae,Marcgravia crenata,FALSE,FALSE
Equisetopsida,Ericales,Marcgraviaceae,Marcgravia longifolia,FALSE,FALSE
Equisetopsida,Malpighiales,Phyllanthaceae,Margaritaria nobilis,FALSE,FALSE
Equisetopsida,Solanales,Convolvulaceae,Maripa axilliflora,FALSE,FALSE
Equisetopsida,Solanales,Convolvulaceae,Maripa peruviana,FALSE,FALSE
Equisetopsida,Solanales,Solanaceae,Markea formicarum,FALSE,FALSE
Mammalia,Didelphimorphia,Didelphidae,Marmosops (Marmosops) noctivagus,FALSE,FALSE
Equisetopsida,Gentianales,Apocynaceae,Marsdenia rubrofusca,FALSE,FALSE
Equisetopsida,Malpighiales,Malpighiaceae,Mascagnia conformis,FALSE,FALSE
Equisetopsida,Sapindales,Sapindaceae,Matayba adenanthera,FALSE,FALSE
Equisetopsida,Sapindales,Sapindaceae,Matayba inelegans,FALSE,FALSE
Equisetopsida,Malvales,Malvaceae,Matisia lecythicarpa,FALSE,FALSE
Equisetopsida,Malvales,Malvaceae,Matisia malacocalyx,FALSE,FALSE
Equisetopsida,Arecales,Arecaceae,Mauritia flexuosa,FALSE,FALSE
Equisetopsida,Arecales,Arecaceae,Mauritiella armata,FALSE,FALSE
Equisetopsida,Asparagales,Orchidaceae,Maxillaria equitans,FALSE,FALSE
Equisetopsida,Asparagales,Orchidaceae,Maxillaria rufescens,FALSE,FALSE
Equisetopsida,Asparagales,Orchidaceae,Maxillaria uncata,FALSE,FALSE
Equisetopsida,Asparagales,Orchidaceae,Maxillaria violaceopunctata,FALSE,FALSE
Equisetopsida,Malpighiales,Achariaceae,Mayna odorata,FALSE,FALSE
Equisetopsida,Celastrales,Celastraceae,Maytenus ebenifolia,FALSE,FALSE
Mammalia,Cetartiodactyla,Cervidae,Mazama americana,FALSE,FALSE
Equisetopsida,Lamiales,Plantaginaceae,Mecardonia procumbens,FALSE,FALSE
Aves,Coraciiformes,Alcedinidae,Megaceryle torquata,FALSE,FALSE
Actinopterygii,Siluriformes,Callichthyidae,Megalechis thoracata,FALSE,FALSE
Aves,Passeriformes,Tyrannidae,Megarynchus pitangua,FALSE,FALSE
Aves,Strigiformes,Strigidae,Megascops choliba,FALSE,FALSE
Aves,Strigiformes,Strigidae,Megascops watsonii,FALSE,FALSE
Aves,Piciformes,Picidae,Melanerpes cruentatus,FALSE,FALSE
Equisetopsida,Lamiales,Acanthaceae,Mendoncia aspera,FALSE,FALSE
Equisetopsida,Lamiales,Acanthaceae,Mendoncia gigas,FALSE,FALSE
Equisetopsida,Lamiales,Acanthaceae,Mendoncia glabra,FALSE,FALSE
Equisetopsida,Lamiales,Acanthaceae,Mendoncia pedunculata,FALSE,FALSE
Equisetopsida,Lamiales,Acanthaceae,Mendoncia smithii,FALSE,FALSE
Aves,Pelecaniformes,Threskiornithidae,Mesembrinibis cayennensis,FALSE,FALSE
Mammalia,Rodentia,Echimyidae,Mesomys hispidus,FALSE,FALSE
Actinopterygii,Cichliformes,Cichlidae,Mesonauta insignis,FALSE,FALSE
Actinopterygii,Cichliformes,Cichlidae,Mesonauta mirificus,FALSE,FALSE
Mammalia,Chiroptera,Phyllostomidae,Mesophylla macconnelli,FALSE,FALSE
Mammalia,Didelphimorphia,Didelphidae,Metachirus myosuros,FALSE,FALSE
Aves,Passeriformes,Furnariidae,Metopothrix aurantiaca,FALSE,FALSE
Actinopterygii,Characiformes,Serrasalmidae,Metynnis lippincottianus,FALSE,FALSE
Equisetopsida,Laurales,Lauraceae,Mezilaurus sprucei,FALSE,FALSE
Equisetopsida,Myrtales,Melastomataceae,Miconia alternidomatia,FALSE,FALSE
Equisetopsida,Myrtales,Melastomataceae,Miconia amazonica,FALSE,FALSE
Equisetopsida,Myrtales,Melastomataceae,Miconia araneifera,FALSE,FALSE
Equisetopsida,Myrtales,Melastomataceae,Miconia aristigera,FALSE,FALSE
Equisetopsida,Myrtales,Melastomataceae,Miconia asperiuscula,FALSE,FALSE
Equisetopsida,Myrtales,Melastomataceae,Miconia calvescens,FALSE,FALSE
Equisetopsida,Myrtales,Melastomataceae,Miconia carassana,FALSE,FALSE
Equisetopsida,Myrtales,Melastomataceae,Miconia crenata,FALSE,FALSE
Equisetopsida,Myrtales,Melastomataceae,Miconia cucullata,FALSE,FALSE
Equisetopsida,Myrtales,Melastomataceae,Miconia decurrens,FALSE,FALSE
Equisetopsida,Myrtales,Melastomataceae,Miconia dentata,FALSE,FALSE
Equisetopsida,Myrtales,Melastomataceae,Miconia dispar,FALSE,FALSE
Equisetopsida,Myrtales,Melastomataceae,Miconia dolichorrhyncha,FALSE,FALSE
Equisetopsida,Myrtales,Melastomataceae,Miconia duckei,FALSE,FALSE
Equisetopsida,Myrtales,Melastomataceae,Miconia gonoptera,TRUE,FALSE
Equisetopsida,Myrtales,Melastomataceae,Miconia juruensis,FALSE,FALSE
Equisetopsida,Myrtales,Melastomataceae,Miconia lamprophylla,FALSE,FALSE
Equisetopsida,Myrtales,Melastomataceae,Miconia longicoma,FALSE,FALSE
Equisetopsida,Myrtales,Melastomataceae,Miconia longifolia,FALSE,FALSE
Equisetopsida,Myrtales,Melastomataceae,Miconia lourteigiana,FALSE,FALSE
Equisetopsida,Myrtales,Melastomataceae,Miconia mayeta,FALSE,FALSE
Equisetopsida,Myrtales,Melastomataceae,Miconia microphysca,FALSE,FALSE
Equisetopsida,Myrtales,Melastomataceae,Miconia neosecunda,FALSE,FALSE
Equisetopsida,Myrtales,Melastomataceae,Miconia nervosa,FALSE,FALSE
Equisetopsida,Myrtales,Melastomataceae,Miconia paleacea,FALSE,FALSE
Equisetopsida,Myrtales,Melastomataceae,Miconia phaeophylla,FALSE,FALSE
Equisetopsida,Myrtales,Melastomataceae,Miconia phanerostila,FALSE,FALSE
Equisetopsida,Myrtales,Melastomataceae,Miconia poeppigii,FALSE,FALSE
Equisetopsida,Myrtales,Melastomataceae,Miconia prasina,FALSE,FALSE
Equisetopsida,Myrtales,Melastomataceae,Miconia pyrifolia,FALSE,FALSE
Equisetopsida,Myrtales,Melastomataceae,Miconia rimachii,FALSE,FALSE
Equisetopsida,Myrtales,Melastomataceae,Miconia rimbachii,FALSE,FALSE
Equisetopsida,Myrtales,Melastomataceae,Miconia rubra,FALSE,FALSE
Equisetopsida,Myrtales,Melastomataceae,Miconia serrulata,FALSE,FALSE
Equisetopsida,Myrtales,Melastomataceae,Miconia solenifera,FALSE,FALSE
Equisetopsida,Myrtales,Melastomataceae,Miconia splendens,FALSE,FALSE
Equisetopsida,Myrtales,Melastomataceae,Miconia stelligera,FALSE,FALSE
Equisetopsida,Myrtales,Melastomataceae,Miconia symplectocaulos,FALSE,FALSE
Equisetopsida,Myrtales,Melastomataceae,Miconia ternatifolia,FALSE,FALSE
Equisetopsida,Myrtales,Melastomataceae,Miconia tetragona,FALSE,FALSE
Equisetopsida,Myrtales,Melastomataceae,Miconia tetrasperma,FALSE,FALSE
Equisetopsida,Myrtales,Melastomataceae,Miconia tococa,FALSE,FALSE
Equisetopsida,Myrtales,Melastomataceae,Miconia tococapitata,FALSE,FALSE
Equisetopsida,Myrtales,Melastomataceae,Miconia tococaudata,FALSE,FALSE
Equisetopsida,Myrtales,Melastomataceae,Miconia tococoronata,FALSE,FALSE
Equisetopsida,Myrtales,Melastomataceae,Miconia tomentosa,FALSE,FALSE
Equisetopsida,Myrtales,Melastomataceae,Miconia trichocalyx,FALSE,FALSE
Equisetopsida,Myrtales,Melastomataceae,Miconia trinervia,FALSE,FALSE
Equisetopsida,Myrtales,Melastomataceae,Miconia triplinervis,FALSE,FALSE
Equisetopsida,Malpighiales,Euphorbiaceae,Micrandra spruceana,FALSE,FALSE
Aves,Falconiformes,Falconidae,Micrastur mirandollei,FALSE,FALSE
Aves,Falconiformes,Falconidae,Micrastur ruficollis,FALSE,FALSE
Aves,Falconiformes,Falconidae,Micrastur semitorquatus,FALSE,FALSE
Equisetopsida,Polypodiales,Polypodiaceae,Microgramma baldwinii,FALSE,FALSE
Equisetopsida,Polypodiales,Polypodiaceae,Microgramma megalophylla,FALSE,FALSE
Equisetopsida,Polypodiales,Polypodiaceae,Microgramma percussa,FALSE,FALSE
Equisetopsida,Polypodiales,Polypodiaceae,Microgramma reptans,FALSE,FALSE
Equisetopsida,Ericales,Sapotaceae,Micropholis cylindrocarpa,FALSE,FALSE
Equisetopsida,Ericales,Sapotaceae,Micropholis egensis,FALSE,FALSE
Equisetopsida,Ericales,Sapotaceae,Micropholis guyanensis,FALSE,FALSE
Equisetopsida,Ericales,Sapotaceae,Micropholis guyanensis subsp. duckeana,FALSE,FALSE
Equisetopsida,Ericales,Sapotaceae,Micropholis guyanensis subsp. guyanensis,FALSE,FALSE
Equisetopsida,Ericales,Sapotaceae,Micropholis madeirensis,FALSE,FALSE
Equisetopsida,Ericales,Sapotaceae,Micropholis porphyrocarpa,FALSE,FALSE
Equisetopsida,Ericales,Sapotaceae,Micropholis venulosa,FALSE,FALSE
Mammalia,Rodentia,Sciuridae,Microsciurus flaviventer,FALSE,FALSE
Aves,Passeriformes,Furnariidae,Microxenops milleri,FALSE,FALSE
Equisetopsida,Asterales,Asteraceae,Mikania banisteriae,FALSE,FALSE
Equisetopsida,Asterales,Asteraceae,Mikania congesta,FALSE,FALSE
Equisetopsida,Asterales,Asteraceae,Mikania guaco,FALSE,FALSE
Equisetopsida,Asterales,Asteraceae,Mikania micrantha,FALSE,FALSE
Equisetopsida,Asterales,Asteraceae,Mikania parviflora,TRUE,FALSE
Aves,Falconiformes,Falconidae,Milvago chimachima,FALSE,FALSE
Equisetopsida,Fabales,Fabaceae,Mimosa rufescens,FALSE,FALSE
Equisetopsida,Santalales,Olacaceae,Minquartia guianensis,FALSE,FALSE
Aves,Passeriformes,Tyrannidae,Mionectes oleagineus,FALSE,FALSE
Actinopterygii,Characiformes,Characidae,Moenkhausia chrysargyrea,FALSE,FALSE
Actinopterygii,Characiformes,Characidae,Moenkhausia collettii,FALSE,FALSE
Actinopterygii,Characiformes,Characidae,Moenkhausia copei,FALSE,FALSE
Actinopterygii,Characiformes,Characidae,Moenkhausia cotinho,FALSE,FALSE
Actinopterygii,Characiformes,Characidae,Moenkhausia dichroura,FALSE,FALSE
Actinopterygii,Characiformes,Characidae,Moenkhausia intermedia,FALSE,FALSE
Actinopterygii,Characiformes,Characidae,Moenkhausia lepidura,FALSE,FALSE
Actinopterygii,Characiformes,Characidae,Moenkhausia oligolepis,FALSE,FALSE
Equisetopsida,Malvales,Malvaceae,Mollia lepidota subsp. lepidota,FALSE,FALSE
Mammalia,Chiroptera,Molossidae,Molossus molossus,FALSE,FALSE
Aves,Passeriformes,Icteridae,Molothrus bonariensis,FALSE,FALSE
Aves,Passeriformes,Icteridae,Molothrus oryzivorus,FALSE,FALSE
Aves,Coraciiformes,Momotidae,Momotus momota,FALSE,FALSE
Aves,Galbuliformes,Bucconidae,Monasa flavirostris,FALSE,FALSE
Aves,Galbuliformes,Bucconidae,Monasa morphoeus,FALSE,FALSE
Aves,Galbuliformes,Bucconidae,Monasa nigrifrons,FALSE,FALSE
Equisetopsida,Zingiberales,Marantaceae,Monotagma angustissimum,FALSE,FALSE
Equisetopsida,Zingiberales,Marantaceae,Monotagma juruanum,FALSE,FALSE
Equisetopsida,Zingiberales,Marantaceae,Monotagma laxum,FALSE,FALSE
Equisetopsida,Zingiberales,Marantaceae,Monotagma tomentosum,FALSE,FALSE
Equisetopsida,Alismatales,Araceae,Monstera obliqua,FALSE,FALSE
Equisetopsida,Alismatales,Araceae,Montrichardia arborescens,FALSE,FALSE
Equisetopsida,Alismatales,Araceae,Montrichardia linifera,FALSE,FALSE
Equisetopsida,Malpighiales,Chrysobalanaceae,Moquilea brittoniana,FALSE,FALSE
Equisetopsida,Malpighiales,Chrysobalanaceae,Moquilea guianensis,FALSE,FALSE
Equisetopsida,Malpighiales,Chrysobalanaceae,Moquilea longipetala,FALSE,FALSE
Aves,Accipitriformes,Accipitridae,Morphnus guianensis,FALSE,TRUE
Equisetopsida,Myrtales,Melastomataceae,Mouriri acutiflora,FALSE,FALSE
Equisetopsida,Myrtales,Melastomataceae,Mouriri cauliflora,FALSE,FALSE
Equisetopsida,Myrtales,Melastomataceae,Mouriri grandiflora,FALSE,FALSE
Equisetopsida,Myrtales,Melastomataceae,Mouriri sideroxylon,FALSE,FALSE
Equisetopsida,Fabales,Fabaceae,Mucuna rostrata,FALSE,FALSE
Equisetopsida,Fabales,Fabaceae,Muellera amazonica,FALSE,FALSE
Equisetopsida,Malvales,Muntingiaceae,Muntingia calabura,FALSE,FALSE
Aves,Ciconiiformes,Ciconiidae,Mycteria americana,FALSE,FALSE
Aves,Passeriformes,Tyrannidae,Myiarchus cephalotes,FALSE,FALSE
Aves,Passeriformes,Tyrannidae,Myiarchus ferox,FALSE,FALSE
Aves,Passeriformes,Tyrannidae,Myiarchus swainsoni,FALSE,FALSE
Aves,Passeriformes,Tyrannidae,Myiarchus tuberculifer,FALSE,FALSE
Aves,Passeriformes,Onychorhynchidae,Myiobius atricaudus,FALSE,FALSE
Aves,Passeriformes,Onychorhynchidae,Myiobius barbatus,FALSE,FALSE
Aves,Passeriformes,Tyrannidae,Myiodynastes maculatus,FALSE,FALSE
Aves,Passeriformes,Tyrannidae,Myiopagis gaimardii,FALSE,FALSE
Aves,Passeriformes,Tyrannidae,Myiophobus fasciatus,FALSE,FALSE
Aves,Passeriformes,Tyrannidae,Myiornis ecaudatus,FALSE,FALSE
Aves,Passeriformes,Tyrannidae,Myiozetetes cayanensis,FALSE,FALSE
Aves,Passeriformes,Tyrannidae,Myiozetetes granadensis,FALSE,FALSE
Aves,Passeriformes,Tyrannidae,Myiozetetes luteiventris,FALSE,FALSE
Aves,Passeriformes,Tyrannidae,Myiozetetes similis,FALSE,FALSE
Actinopterygii,Characiformes,Serrasalmidae,Mylossoma aureum,FALSE,FALSE
Mammalia,Chiroptera,Vespertilionidae,Myotis albescens,FALSE,FALSE
Mammalia,Chiroptera,Vespertilionidae,Myotis nigricans,FALSE,FALSE
Equisetopsida,Cornales,Myrtaceae,Myrcia aliena,FALSE,FALSE
Equisetopsida,Cornales,Myrtaceae,Myrcia bracteata,FALSE,FALSE
Equisetopsida,Myrtales,Myrtaceae,Myrcia crassimarginata,TRUE,FALSE
Equisetopsida,Myrtales,Myrtaceae,Myrcia dichasialis,FALSE,FALSE
Equisetopsida,Myrtales,Myrtaceae,Myrcia guianensis,FALSE,FALSE
Equisetopsida,Cornales,Myrtaceae,Myrcia hylobates,FALSE,FALSE
Equisetopsida,Cornales,Myrtaceae,Myrcia maxima,FALSE,FALSE
Equisetopsida,Myrtales,Myrtaceae,Myrciaria dubia,FALSE,FALSE
Equisetopsida,Myrtales,Myrtaceae,Myrciaria floribunda,FALSE,FALSE
Equisetopsida,Cornales,Myrtaceae,Myrcia telephylla,FALSE,FALSE
Equisetopsida,Cornales,Myrtaceae,Myrcia tessmannii,FALSE,FALSE
Mammalia,Pilosa,Myrmecophagidae,Myrmecophaga tridactyla,FALSE,TRUE
Aves,Passeriformes,Thamnophilidae,Myrmelastes hyperythrus,FALSE,FALSE
Aves,Passeriformes,Thamnophilidae,Myrmelastes schistaceus,FALSE,FALSE
Aves,Passeriformes,Thamnophilidae,Myrmoborus melanurus,FALSE,FALSE
Aves,Passeriformes,Thamnophilidae,Myrmoborus myotherinus,FALSE,FALSE
Aves,Passeriformes,Thamnophilidae,Myrmophylax atrothorax,FALSE,FALSE
Aves,Passeriformes,Grallariidae,Myrmothera campanisona,FALSE,FALSE
Aves,Passeriformes,Thamnophilidae,Myrmotherula assimilis,FALSE,FALSE
Aves,Passeriformes,Thamnophilidae,Myrmotherula axillaris,FALSE,FALSE
Aves,Passeriformes,Thamnophilidae,Myrmotherula brachyura,FALSE,FALSE
Aves,Passeriformes,Thamnophilidae,Myrmotherula longicauda,FALSE,FALSE
Aves,Passeriformes,Thamnophilidae,Myrmotherula multostriata,FALSE,FALSE
Aves,Passeriformes,Thamnophilidae,Myrmotherula sunensis,FALSE,FALSE
Actinopterygii,Characiformes,Lebiasinidae,Nannostomus eques,FALSE,FALSE
Aves,Passeriformes,Furnariidae,Nasica longirostris,FALSE,FALSE
Mammalia,Carnivora,Procyonidae,Nasua nasua,FALSE,FALSE
Equisetopsida,Rosales,Moraceae,Naucleopsis glabra,FALSE,FALSE
Equisetopsida,Rosales,Moraceae,Naucleopsis imitans,FALSE,FALSE
Equisetopsida,Rosales,Moraceae,Naucleopsis oblongifolia,FALSE,FALSE
Equisetopsida,Rosales,Moraceae,Naucleopsis pseudonaga,FALSE,FALSE
Equisetopsida,Rosales,Moraceae,Naucleopsis ulei,FALSE,FALSE
Equisetopsida,Rosales,Moraceae,Naucleopsis velutina,TRUE,FALSE
Equisetopsida,Malpighiales,Euphorbiaceae,Nealchornea yapurensis,FALSE,FALSE
Equisetopsida,Laurales,Lauraceae,Nectandra cuneatocordata,FALSE,FALSE
Equisetopsida,Laurales,Lauraceae,Nectandra hihua,FALSE,FALSE
Equisetopsida,Laurales,Lauraceae,Nectandra oppositifolia,FALSE,FALSE
Equisetopsida,Caryophyllales,Nyctaginaceae,Neea divaricata,FALSE,FALSE
Equisetopsida,Caryophyllales,Nyctaginaceae,Neea floribunda,FALSE,FALSE
Equisetopsida,Caryophyllales,Nyctaginaceae,Neea macrophylla,FALSE,FALSE
Equisetopsida,Caryophyllales,Nyctaginaceae,Neea parviflora,FALSE,FALSE
Equisetopsida,Caryophyllales,Nyctaginaceae,Neea spruceana,FALSE,FALSE
Equisetopsida,Caryophyllales,Nyctaginaceae,Neea virens,FALSE,FALSE
Actinopterygii,Siluriformes,Doradidae,Nemadoras hemipeltis,FALSE,FALSE
Actinopterygii,Siluriformes,Doradidae,Nemadoras humeralis,FALSE,FALSE
Aves,Passeriformes,Thraupidae,Nemosia pileata,FALSE,FALSE
Actinopterygii,Siluriformes,Heptapteridae,Nemuroglanis lanceolatus,FALSE,FALSE
Aves,Passeriformes,Thamnophilidae,Neoctantes niger,FALSE,FALSE
Aves,Passeriformes,Tyrannidae,Neopipo cinnamomea,FALSE,FALSE
Equisetopsida,Poales,Bromeliaceae,Neoregelia stolonifera,FALSE,FALSE
Equisetopsida,Polypodiales,Nephrolepidaceae,Nephrolepis biserrata,FALSE,FALSE
Equisetopsida,Polypodiales,Nephrolepidaceae,Nephrolepis rivularis,FALSE,FALSE
Equisetopsida,Polypodiales,Polypodiaceae,Niphidium crassifolium,FALSE,FALSE
Mammalia,Chiroptera,Noctilionidae,Noctilio albiventris,FALSE,FALSE
Mammalia,Chiroptera,Noctilionidae,Noctilio leporinus,FALSE,FALSE
Aves,Galbuliformes,Bucconidae,Nonnula ruficapilla,FALSE,FALSE
Equisetopsida,Gentianales,Rubiaceae,Notopleura parasiggersiana,FALSE,FALSE
Aves,Nyctibiiformes,Nyctibiidae,Nyctibius grandis,FALSE,FALSE
Aves,Nyctibiiformes,Nyctibiidae,Nyctibius griseus,FALSE,FALSE
Aves,Pelecaniformes,Ardeidae,Nycticorax nycticorax,FALSE,FALSE
Aves,Caprimulgiformes,Caprimulgidae,Nyctidromus albicollis,FALSE,FALSE
Aves,Caprimulgiformes,Caprimulgidae,Nyctiprogne leucopyga,FALSE,FALSE
Equisetopsida,Nymphaeales,Nymphaeaceae,Nymphaea glandulifera,FALSE,FALSE
Aves,Passeriformes,Tyrannidae,Ochthornis littoralis,FALSE,FALSE
Equisetopsida,Laurales,Lauraceae,Ocotea aciphylla,FALSE,FALSE
Equisetopsida,Laurales,Lauraceae,Ocotea alaris,FALSE,FALSE
Equisetopsida,Laurales,Lauraceae,Ocotea gracilis,FALSE,FALSE
Equisetopsida,Laurales,Lauraceae,Ocotea immersa,FALSE,FALSE
Equisetopsida,Laurales,Lauraceae,Ocotea leptobotra,FALSE,FALSE
Equisetopsida,Laurales,Lauraceae,Ocotea oblonga,FALSE,FALSE
Equisetopsida,Laurales,Lauraceae,Ocotea pauciflora,FALSE,FALSE
Equisetopsida,Laurales,Lauraceae,Ocotea rhodophylla,FALSE,FALSE
Equisetopsida,Asparagales,Orchidaceae,Octomeria longifolia,FALSE,FALSE
Equisetopsida,Gentianales,Apocynaceae,Odontadenia geminata,FALSE,FALSE
Equisetopsida,Gentianales,Apocynaceae,Odontadenia stemmadeniifolia,FALSE,FALSE
Equisetopsida,Ranunculales,Menispermaceae,Odontocarya diplobotrya,FALSE,FALSE
Equisetopsida,Ranunculales,Menispermaceae,Odontocarya klugii,FALSE,FALSE
Equisetopsida,Ranunculales,Menispermaceae,Odontocarya tripetala,FALSE,FALSE
Aves,Galliformes,Odontophoridae,Odontophorus gujanensis,FALSE,FALSE
Actinopterygii,Characiformes,Characidae,Odontostilbe fugitiva,FALSE,FALSE
Mammalia,Rodentia,Cricetidae,Oecomys bicolor,FALSE,FALSE
Equisetopsida,Arecales,Arecaceae,Oenocarpus balickii,FALSE,FALSE
Equisetopsida,Arecales,Arecaceae,Oenocarpus mapora,FALSE,FALSE
Equisetopsida,Arecales,Arecaceae,Oenocarpus minor,FALSE,FALSE
Mammalia,Rodentia,Cricetidae,Oligoryzomys microtis,FALSE,FALSE
Equisetopsida,Poales,Poaceae,Olyra latifolia,FALSE,FALSE
Equisetopsida,Malpighiales,Euphorbiaceae,Omphalea diandra,FALSE,FALSE
Equisetopsida,Asparagales,Orchidaceae,Oncidium amazonicum,FALSE,FALSE
Aves,Passeriformes,Thamnophilidae,Oneillornis lunulatus,FALSE,FALSE
Aves,Passeriformes,Thamnophilidae,Oneillornis salvini,FALSE,FALSE
Aves,Passeriformes,Onychorhynchidae,Onychorhynchus coronatus,FALSE,TRUE
Equisetopsida,Proteales,Sabiaceae,Ophiocaryon klugii,FALSE,FALSE
Equisetopsida,Proteales,Sabiaceae,Ophiocaryon manausense,FALSE,FALSE
Aves,Opisthocomiformes,Opisthocomidae,Opisthocomus hoazin,FALSE,FALSE
Equisetopsida,Poales,Poaceae,Oplismenus hirtellus,FALSE,FALSE
Actinopterygii,Siluriformes,Doradidae,Opsodoras stuebelii,FALSE,FALSE
Equisetopsida,Fabales,Fabaceae,Ormosia discolor,FALSE,FALSE
Equisetopsida,Fabales,Fabaceae,Ormosia macrocalyx,FALSE,FALSE
Equisetopsida,Poales,Poaceae,Orthoclada laxa,FALSE,FALSE
Aves,Psittaciformes,Psittacidae,Orthopsittaca manilatus,FALSE,FALSE
Equisetopsida,Santalales,Loranthaceae,Oryctanthus alveolatus,FALSE,FALSE
Equisetopsida,Santalales,Loranthaceae,Oryctanthus florulentus,FALSE,FALSE
Equisetopsida,Poales,Poaceae,Oryza grandiglumis,FALSE,FALSE
Actinopterygii,Osteoglossiformes,Osteoglossidae,Osteoglossum bicirrhosum,FALSE,FALSE
Equisetopsida,Magnoliales,Myristicaceae,Otoba parvifolia,FALSE,FALSE
Equisetopsida,Malpighiales,Ochnaceae,Ouratea aromatica,FALSE,FALSE
Equisetopsida,Malpighiales,Ochnaceae,Ouratea iquitosensis,FALSE,FALSE
Equisetopsida,Malpighiales,Ochnaceae,Ouratea oleosa,FALSE,FALSE
Equisetopsida,Malpighiales,Ochnaceae,Ouratea weberbaueri,FALSE,FALSE
Equisetopsida,Malpighiales,Ochnaceae,Ouratea williamsii,FALSE,FALSE
Equisetopsida,Magnoliales,Annonaceae,Oxandra mediocris,FALSE,FALSE
Equisetopsida,Magnoliales,Annonaceae,Oxandra sphaerocarpa,FALSE,FALSE
Equisetopsida,Magnoliales,Annonaceae,Oxycaryum cubense,FALSE,FALSE
Actinopterygii,Siluriformes,Doradidae,Oxydoras niger,FALSE,FALSE
Actinopterygii,Siluriformes,Loricariidae,Oxyropsis wrightiana,FALSE,FALSE
Equisetopsida,Malvales,Malvaceae,Pachira aquatica,FALSE,FALSE
Equisetopsida,Malvales,Malvaceae,Pachira insignis,FALSE,FALSE
Equisetopsida,Malvales,Malvaceae,Pachira nitida,FALSE,FALSE
Equisetopsida,Lamiales,Bignoniaceae,Pachyptera kerere,FALSE,FALSE
Aves,Passeriformes,Tityridae,Pachyramphus castaneus,FALSE,FALSE
Aves,Passeriformes,Tityridae,Pachyramphus marginatus,FALSE,FALSE
Aves,Passeriformes,Tityridae,Pachyramphus polychopterus,FALSE,FALSE
Equisetopsida,Gentianales,Rubiaceae,Pagamea guianensis,FALSE,FALSE
Equisetopsida,Gentianales,Rubiaceae,Palicourea corymbifera,FALSE,FALSE
Equisetopsida,Gentianales,Rubiaceae,Palicourea crocea,FALSE,FALSE
Equisetopsida,Gentianales,Rubiaceae,Palicourea fastigiata,FALSE,FALSE
Equisetopsida,Gentianales,Rubiaceae,Palicourea guianensis,FALSE,FALSE
Equisetopsida,Gentianales,Rubiaceae,Palicourea hypochlorina,FALSE,FALSE
Equisetopsida,Gentianales,Rubiaceae,Palicourea iquitoensis,FALSE,FALSE
Equisetopsida,Gentianales,Rubiaceae,Palicourea jenaro-herrerana,FALSE,FALSE
Equisetopsida,Gentianales,Rubiaceae,Palicourea justiciifolia,FALSE,FALSE
Equisetopsida,Gentianales,Rubiaceae,Palicourea longicuspis,FALSE,FALSE
Equisetopsida,Gentianales,Rubiaceae,Palicourea nautensis,FALSE,FALSE
Equisetopsida,Gentianales,Rubiaceae,Palicourea nigricans,FALSE,FALSE
Equisetopsida,Gentianales,Rubiaceae,Palicourea paraensis,FALSE,FALSE
Equisetopsida,Gentianales,Rubiaceae,Palicourea racemosa,FALSE,FALSE
Equisetopsida,Gentianales,Rubiaceae,Palicourea schunkei,FALSE,FALSE
Equisetopsida,Gentianales,Rubiaceae,Palicourea stenostachya,FALSE,FALSE
Equisetopsida,Gentianales,Rubiaceae,Palicourea subcuspidata,FALSE,FALSE
Equisetopsida,Gentianales,Rubiaceae,Palicourea subfusca,FALSE,FALSE
Equisetopsida,Gentianales,Rubiaceae,Palicourea subspicata,FALSE,FALSE
Equisetopsida,Gentianales,Rubiaceae,Palicourea tenerior,FALSE,FALSE
Equisetopsida,Gentianales,Rubiaceae,Palicourea tomentosa,FALSE,FALSE
Equisetopsida,Gentianales,Rubiaceae,Palicourea violacea,FALSE,FALSE
Equisetopsida,Gentianales,Rubiaceae,Palicourea winkleri,FALSE,FALSE
Equisetopsida,Poales,Poaceae,Panicum rudgei,FALSE,FALSE
Mammalia,Carnivora,Felidae,Panthera onca,FALSE,FALSE
Aves,Apodiformes,Apodidae,Panyptila cayennensis,FALSE,FALSE
Equisetopsida,Lamiales,Gesneriaceae,Paradrymonia ciliosa,FALSE,FALSE
Actinopterygii,Characiformes,Characidae,Paragoniates alburnus,FALSE,FALSE
Equisetopsida,Gentianales,Apocynaceae,Parahancornia peruviana,FALSE,TRUE
Actinopterygii,Gymnotiformes,Apteronotidae,Parapteronotus hasemani,FALSE,FALSE
Actinopterygii,Characiformes,Characidae,Parecbasis cyclolepis,FALSE,FALSE
Actinopterygii,Siluriformes,Trichomycteridae,Pareiodon microps,FALSE,FALSE
Equisetopsida,Poales,Poaceae,Pariana obtusa,FALSE,FALSE
Equisetopsida,Poales,Poaceae,Pariana pallida,FALSE,FALSE
Equisetopsida,Poales,Poaceae,Pariana sociata,FALSE,FALSE
Equisetopsida,Poales,Poaceae,Pariana trichosticha,FALSE,FALSE
Equisetopsida,Poales,Poaceae,Parinari excelsa,FALSE,FALSE
Equisetopsida,Malpighiales,Chrysobalanaceae,Parinari klugii,FALSE,FALSE
Equisetopsida,Malpighiales,Chrysobalanaceae,Parinariopsis licaniiflora,FALSE,FALSE
Equisetopsida,Malpighiales,Chrysobalanaceae,Parinari parilis,FALSE,FALSE
Equisetopsida,Fabales,Fabaceae,Parkia nitida,FALSE,FALSE
Aves,Passeriformes,Thraupidae,Paroaria gularis,FALSE,FALSE
Actinopterygii,Characiformes,Parodontidae,Parodon pongoensis,FALSE,FALSE
Equisetopsida,Malpighiales,Passifloraceae,Passiflora foetida,FALSE,FALSE
Equisetopsida,Malpighiales,Passifloraceae,Passiflora involucrata,FALSE,FALSE
Equisetopsida,Malpighiales,Passifloraceae,Passiflora nitida,FALSE,FALSE
Equisetopsida,Malpighiales,Passifloraceae,Passiflora pyrrhantha,FALSE,FALSE
Equisetopsida,Malpighiales,Passifloraceae,Passiflora quadrangularis,FALSE,FALSE
Equisetopsida,Malpighiales,Passifloraceae,Passiflora spinosa,FALSE,FALSE
Equisetopsida,Santalales,Loranthaceae,Passovia pedunculata,FALSE,FALSE
Equisetopsida,Santalales,Loranthaceae,Passovia pyrifolia,FALSE,FALSE
Aves,Columbiformes,Columbidae,Patagioenas cayennensis,FALSE,FALSE
Aves,Columbiformes,Columbidae,Patagioenas plumbea,FALSE,FALSE
Aves,Columbiformes,Columbidae,Patagioenas subvinacea,FALSE,FALSE
Equisetopsida,Malvales,Malvaceae,Patinoa paraensis,FALSE,FALSE
Equisetopsida,Sapindales,Sapindaceae,Paullinia acutangula,FALSE,FALSE
Equisetopsida,Sapindales,Sapindaceae,Paullinia alata,FALSE,FALSE
Equisetopsida,Sapindales,Sapindaceae,Paullinia bracteosa,FALSE,FALSE
Equisetopsida,Sapindales,Sapindaceae,Paullinia capreolata,FALSE,FALSE
Equisetopsida,Sapindales,Sapindaceae,Paullinia clathrata,FALSE,FALSE
Equisetopsida,Sapindales,Sapindaceae,Paullinia clavigera var. clavigera,FALSE,FALSE
Equisetopsida,Sapindales,Sapindaceae,Paullinia dasystachya,FALSE,FALSE
Equisetopsida,Sapindales,Sapindaceae,Paullinia exalata,FALSE,FALSE
Equisetopsida,Sapindales,Sapindaceae,Paullinia gigantea,FALSE,FALSE
Equisetopsida,Sapindales,Sapindaceae,Paullinia glomerulosa,FALSE,FALSE
Equisetopsida,Sapindales,Sapindaceae,Paullinia grandifolia,FALSE,FALSE
Equisetopsida,Sapindales,Sapindaceae,Paullinia hystrix,FALSE,FALSE
Equisetopsida,Sapindales,Sapindaceae,Paullinia josecuatrii,FALSE,FALSE
Equisetopsida,Sapindales,Sapindaceae,Paullinia obovata,FALSE,FALSE
Equisetopsida,Sapindales,Sapindaceae,Paullinia pachycarpa,FALSE,FALSE
Equisetopsida,Sapindales,Sapindaceae,Paullinia pterocarpa,FALSE,FALSE
Equisetopsida,Sapindales,Sapindaceae,Paullinia spicata,FALSE,FALSE
Equisetopsida,Malvales,Malvaceae,Pavonia fruticosa,FALSE,FALSE
Equisetopsida,Malvales,Malvaceae,Pavonia leucantha,FALSE,FALSE
Equisetopsida,Malvales,Malvaceae,Pavonia paniculata,FALSE,FALSE
Actinopterygii,Siluriformes,Loricariidae,Peckoltia brevis,FALSE,FALSE
Equisetopsida,Polypodiales,Polypodiaceae,Pecluma plumula,FALSE,FALSE
Actinopterygii,Clupeiformes,Pristigasteridae,Pellona altamazonica,FALSE,FALSE
Actinopterygii,Clupeiformes,Pristigasteridae,Pellona castelnaeana,FALSE,FALSE
Actinopterygii,Clupeiformes,Pristigasteridae,Pellona flavipinnis,FALSE,FALSE
Aves,Galliformes,Cracidae,Penelope jacquacu,FALSE,FALSE
Equisetopsida,Gentianales,Rubiaceae,Pentagonia macrophylla,FALSE,FALSE
Equisetopsida,Gentianales,Rubiaceae,Pentagonia parvifolia,FALSE,FALSE
Equisetopsida,Gentianales,Rubiaceae,Pentagonia spathicalyx,FALSE,FALSE
Equisetopsida,Piperales,Piperaceae,Peperomia macrostachya,FALSE,FALSE
Equisetopsida,Piperales,Piperaceae,Peperomia macrostachyos,FALSE,FALSE
Equisetopsida,Piperales,Piperaceae,Peperomia obtusifolia,FALSE,FALSE
Equisetopsida,Piperales,Piperaceae,Peperomia rotundifolia,FALSE,FALSE
Equisetopsida,Rosales,Moraceae,Perebea longipedunculata,TRUE,FALSE
Equisetopsida,Rosales,Moraceae,Perebea xanthochyma,FALSE,FALSE
Equisetopsida,Celastrales,Celastraceae,Peritassa dulcis,FALSE,FALSE
Equisetopsida,Caryophyllales,Polygonaceae,Persicaria ferruginea,FALSE,FALSE
Equisetopsida,Caryophyllales,Polygonaceae,Persicaria glabra,FALSE,FALSE
Equisetopsida,Lamiales,Verbenaceae,Petrea bracteata,FALSE,FALSE
Aves,Apodiformes,Trochilidae,Phaethornis bourcieri,FALSE,FALSE
Aves,Apodiformes,Trochilidae,Phaethornis hispidus,FALSE,FALSE
Aves,Apodiformes,Trochilidae,Phaethornis malaris,FALSE,FALSE
Aves,Apodiformes,Trochilidae,Phaethornis philippii,FALSE,FALSE
Aves,Apodiformes,Trochilidae,Phaethornis ruber,FALSE,FALSE
Aves,Charadriiformes,Laridae,Phaetusa simplex,FALSE,FALSE
Aves,Suliformes,Phalacrocoracidae,Phalacrocorax brasilianus,FALSE,FALSE
Equisetopsida,Poales,Poaceae,Pharus latifolius,FALSE,FALSE
Actinopterygii,Characiformes,Characidae,Phenacogaster pectinatus,FALSE,FALSE
Equisetopsida,Zingiberales,Strelitziaceae,Phenakospermum guyannense,FALSE,FALSE
Aves,Passeriformes,Troglodytidae,Pheugopedius coraya,FALSE,FALSE
Mammalia,Didelphimorphia,Didelphidae,Philander andersoni,FALSE,FALSE
Equisetopsida,Alismatales,Araceae,Philodendron asplundii,FALSE,FALSE
Equisetopsida,Alismatales,Araceae,Philodendron brandtianum,FALSE,FALSE
Equisetopsida,Alismatales,Araceae,Philodendron deflexum,FALSE,FALSE
Equisetopsida,Alismatales,Araceae,Philodendron ernestii,FALSE,FALSE
Equisetopsida,Alismatales,Araceae,Philodendron hylaeae,FALSE,FALSE
Equisetopsida,Alismatales,Araceae,Philodendron linnaei,FALSE,FALSE
Equisetopsida,Alismatales,Araceae,Philodendron muricatum,FALSE,FALSE
Equisetopsida,Alismatales,Araceae,Philodendron ornatum,FALSE,FALSE
Equisetopsida,Alismatales,Araceae,Philodendron pulchrum,FALSE,FALSE
Equisetopsida,Alismatales,Araceae,Philodendron wittianum,FALSE,FALSE
Aves,Passeriformes,Furnariidae,Philydor pyrrhodes,FALSE,FALSE
Equisetopsida,Polypodiales,Polypodiaceae,Phlebodium aureum,FALSE,FALSE
Equisetopsida,Polypodiales,Polypodiaceae,Phlebodium decumanum,FALSE,FALSE
Aves,Passeriformes,Thamnophilidae,Phlegopsis nigromaculata,FALSE,FALSE
Equisetopsida,Arecales,Arecaceae,Pholidostachys synanthera,FALSE,FALSE
Equisetopsida,Santalales,Loranthaceae,Phoradendron crassifolium,FALSE,FALSE
Equisetopsida,Santalales,Loranthaceae,Phoradendron piperoides,FALSE,FALSE
Equisetopsida,Santalales,Santalaceae,Phoradendron semivenosum,FALSE,FALSE
Equisetopsida,Malvales,Malvaceae,Phragmotheca amazonica,FALSE,FALSE
Equisetopsida,Malpighiales,Phyllanthaceae,Phyllanthus ventricosus,FALSE,FALSE
Equisetopsida,Malpighiales,Phyllanthaceae,Phyllanthus vincentae,FALSE,FALSE
Mammalia,Chiroptera,Phyllostomidae,Phylloderma stenops,FALSE,FALSE
Mammalia,Chiroptera,Phyllostomidae,Phyllostomus discolor,FALSE,FALSE
Mammalia,Chiroptera,Phyllostomidae,Phyllostomus elongatus,FALSE,FALSE
Mammalia,Chiroptera,Phyllostomidae,Phyllostomus hastatus,FALSE,FALSE
Equisetopsida,Solanales,Solanaceae,Physalis angulata,FALSE,FALSE
Equisetopsida,Solanales,Solanaceae,Physalis pubescens,FALSE,FALSE
Equisetopsida,Arecales,Arecaceae,Phytelephas macrocarpa,FALSE,FALSE
Equisetopsida,Malpighiales,Phytolaccaceae,Phytolacca rivinoides,FALSE,FALSE
Actinopterygii,Characiformes,Characidae,Piabucus melanostomus,FALSE,FALSE
Aves,Cuculiformes,Cuculidae,Piaya cayana,FALSE,FALSE
Aves,Cuculiformes,Cuculidae,Piaya melanogaster,FALSE,FALSE
Equisetopsida,Picramniales,Picramniaceae,Picramnia latifolia,FALSE,FALSE
Equisetopsida,Picramniales,Picramniaceae,Picramnia spruceana,FALSE,FALSE
Aves,Piciformes,Picidae,Piculus flavigula,FALSE,FALSE
Aves,Piciformes,Picidae,Picumnus aurifrons,FALSE,FALSE
Aves,Piciformes,Picidae,Picumnus castelnau,FALSE,FALSE
Equisetopsida,Rosales,Urticaceae,Pilea imparifolia,FALSE,FALSE
Aves,Pelecaniformes,Ardeidae,Pilherodius pileatus,FALSE,FALSE
Actinopterygii,Siluriformes,Heptapteridae,Pimelodella cristata,FALSE,FALSE
Actinopterygii,Siluriformes,Heptapteridae,Pimelodella gracilis,FALSE,FALSE
Actinopterygii,Siluriformes,Heptapteridae,Pimelodella serrata,FALSE,FALSE
Actinopterygii,Siluriformes,Pimelodidae,Pimelodus blochii,FALSE,FALSE
Actinopterygii,Siluriformes,Pimelodidae,Pimelodus ornatus,FALSE,FALSE
Actinopterygii,Siluriformes,Pimelodidae,Pimelodus pictus,FALSE,FALSE
Actinopterygii,Siluriformes,Pimelodidae,Pinirampus pirinampu,FALSE,FALSE
Aves,Psittaciformes,Psittacidae,Pionites melanocephalus,FALSE,FALSE
Aves,Psittaciformes,Psittacidae,Pionus menstruus,FALSE,FALSE
Equisetopsida,Malpighiales,Salicaceae,Piparea multiflora,FALSE,FALSE
Equisetopsida,Piperales,Piperaceae,Piper aduncum,FALSE,FALSE
Equisetopsida,Piperales,Piperaceae,Piper arboreum,FALSE,FALSE
Equisetopsida,Piperales,Piperaceae,Piper asterotrichum,FALSE,FALSE
Equisetopsida,Piperales,Piperaceae,Piper augustum,FALSE,FALSE
Equisetopsida,Piperales,Piperaceae,Piper bartlingianum,FALSE,FALSE
Equisetopsida,Piperales,Piperaceae,Piper brasiliense,FALSE,FALSE
Equisetopsida,Piperales,Piperaceae,Piper casapiense,FALSE,FALSE
Equisetopsida,Piperales,Piperaceae,Piper coruscans,FALSE,FALSE
Equisetopsida,Piperales,Piperaceae,Piper cumbotianum,FALSE,FALSE
Equisetopsida,Piperales,Piperaceae,Piper cyrtopodon,FALSE,FALSE
Equisetopsida,Piperales,Piperaceae,Piper hispidum,FALSE,FALSE
Equisetopsida,Piperales,Piperaceae,Piper laevigatum,FALSE,FALSE
Equisetopsida,Piperales,Piperaceae,Piper maranyonense,FALSE,FALSE
Equisetopsida,Piperales,Piperaceae,Piper nematanthera,FALSE,FALSE
Equisetopsida,Piperales,Piperaceae,Piper obtusilimbum,FALSE,FALSE
Equisetopsida,Piperales,Piperaceae,Piper peltatum,FALSE,FALSE
Equisetopsida,Piperales,Piperaceae,Piper poiteanum,FALSE,FALSE
Equisetopsida,Piperales,Piperaceae,Piper soledadense,FALSE,FALSE
Equisetopsida,Piperales,Piperaceae,Piper vitaceum,FALSE,FALSE
Aves,Galliformes,Cracidae,Pipile cumanensis,FALSE,FALSE
Aves,Passeriformes,Pipridae,Pipra fasciicauda,FALSE,FALSE
Aves,Passeriformes,Pipridae,Pipra filicauda,FALSE,FALSE
Aves,Passeriformes,Tyrannidae,Piprites chloris,FALSE,FALSE
Equisetopsida,Fabales,Fabaceae,Piptadenia pteroclada,FALSE,FALSE
Equisetopsida,Asterales,Asteraceae,Piptocarpha opaca,FALSE,FALSE
Equisetopsida,Poales,Poaceae,Piresia macrophylla,FALSE,FALSE
Equisetopsida,Alismatales,Araceae,Pistia stratiotes,FALSE,FALSE
Aves,Passeriformes,Tyrannidae,Pitangus lictor,FALSE,FALSE
Aves,Passeriformes,Tyrannidae,Pitangus sulphuratus,FALSE,FALSE
Equisetopsida,Poales,Bromeliaceae,Pitcairnia sprucei,FALSE,FALSE
Mammalia,Primates,Pitheciidae,Pithecia monachus,FALSE,FALSE
Equisetopsida,Polypodiales,Pteridaceae,Pityrogramma calomelanos,FALSE,FALSE
Actinopterygii,Siluriformes,Loricariidae,Planiloricaria cryptodon,FALSE,FALSE
Aves,Pelecaniformes,Threskiornithidae,Platalea ajaja,FALSE,FALSE
Equisetopsida,Fabales,Fabaceae,Platymiscium pinnatum,FALSE,FALSE
Equisetopsida,Fabales,Fabaceae,Platymiscium pinnatum var. ulei,FALSE,FALSE
Equisetopsida,Fabales,Fabaceae,Platymiscium stipulare,FALSE,FALSE
Aves,Passeriformes,Tyrannidae,Platyrinchus platyrhynchos,FALSE,FALSE
Mammalia,Chiroptera,Phyllostomidae,Platyrrhinus brachycephalus,FALSE,FALSE
Equisetopsida,Laurales,Lauraceae,Pleurothyrium parviflorum,FALSE,FALSE
Equisetopsida,Malpighiales,Euphorbiaceae,Plukenetia loretensis,FALSE,FALSE
Aves,Passeriformes,Tyrannidae,Poecilotriccus latirostris,FALSE,FALSE
Aves,Passeriformes,Polioptilidae,Polioptila plumbea,FALSE,FALSE
Equisetopsida,Polypodiales,Dryopteridaceae,Polybotrya crassirhizoma,FALSE,FALSE
Equisetopsida,Commelinales,Pontederiaceae,Pontederia rotundifolia,FALSE,FALSE
Actinopterygii,Characiformes,Characidae,Poptella compressa,FALSE,FALSE
Equisetopsida,Metteniusales,Metteniusaceae,Poraqueiba sericea,FALSE,FALSE
Actinopterygii,Gymnotiformes,Apteronotidae,Porotergus duende,FALSE,FALSE
Aves,Passeriformes,Cotingidae,Porphyrolaema porphyrolaema,FALSE,FALSE
Equisetopsida,Caryophyllales,Portulacaceae,Portulaca oleracea,FALSE,FALSE
Equisetopsida,Caryophyllales,Portulacaceae,Portulaca pilosa,FALSE,FALSE
Equisetopsida,Gentianales,Rubiaceae,Posoqueria latifolia,FALSE,FALSE
Equisetopsida,Gentianales,Rubiaceae,Posoqueria longiflora,FALSE,FALSE
Equisetopsida,Gentianales,Gentianaceae,Potalia amara,FALSE,FALSE
Equisetopsida,Gentianales,Gentianaceae,Potalia coronata,FALSE,FALSE
Equisetopsida,Gentianales,Gentianaceae,Potalia yanamonoensis,TRUE,FALSE
Actinopterygii,Characiformes,Curimatidae,Potamorhina altamazonica,FALSE,FALSE
Actinopterygii,Characiformes,Curimatidae,Potamorhina latior,FALSE,FALSE
Actinopterygii,Characiformes,Curimatidae,Potamorhina pristigaster,FALSE,FALSE
Actinopterygii,Beloniformes,Belonidae,Potamorrhaphis guianensis,FALSE,FALSE
Elasmobranchii,Myliobatiformes,Potamotrygonidae,Potamotrygon motoro,FALSE,FALSE
Mammalia,Carnivora,Procyonidae,Potos flavus,FALSE,FALSE
Equisetopsida,Rosales,Urticaceae,Pourouma acuminata,FALSE,FALSE
Equisetopsida,Rosales,Urticaceae,Pourouma guianensis subsp. guianensis,FALSE,FALSE
Equisetopsida,Rosales,Urticaceae,Pourouma minor,FALSE,FALSE
Equisetopsida,Rosales,Urticaceae,Pourouma myrmecophila,FALSE,FALSE
Equisetopsida,Rosales,Urticaceae,Pourouma ovata,FALSE,FALSE
Equisetopsida,Rosales,Urticaceae,Pourouma phaeotricha,FALSE,FALSE
Equisetopsida,Ericales,Sapotaceae,Pouteria bilocularis,FALSE,FALSE
Equisetopsida,Ericales,Sapotaceae,Pouteria cuspidata,FALSE,FALSE
Equisetopsida,Ericales,Sapotaceae,Pouteria glomerata,FALSE,FALSE
Equisetopsida,Ericales,Sapotaceae,Pouteria gomphiifolia,FALSE,FALSE
Equisetopsida,Ericales,Sapotaceae,Pouteria longifolia,FALSE,FALSE
Equisetopsida,Ericales,Sapotaceae,Pouteria oblanceolata,FALSE,FALSE
Equisetopsida,Ericales,Sapotaceae,Pouteria procera,FALSE,FALSE
Equisetopsida,Ericales,Sapotaceae,Pouteria reticulata,FALSE,FALSE
Equisetopsida,Ericales,Sapotaceae,Pouteria torta,FALSE,FALSE
Equisetopsida,Rosales,Urticaceae,Pouzolzia formicaria,FALSE,FALSE
Equisetopsida,Gentianales,Apocynaceae,Prestonia annularis,FALSE,FALSE
Equisetopsida,Gentianales,Apocynaceae,Prestonia rotundifolia,FALSE,FALSE
Equisetopsida,Gentianales,Apocynaceae,Prestonia trifida,FALSE,FALSE
Mammalia,Cingulata,Chlamyphoridae,Priodontes maximus,FALSE,TRUE
Actinopterygii,Characiformes,Characidae,Prionobrama filigera,FALSE,FALSE
Actinopterygii,Clupeiformes,Pristigasteridae,Pristigaster cayana,FALSE,FALSE
Mammalia,Carnivora,Procyonidae,Procyon cancrivorus,FALSE,FALSE
Actinopterygii,Characiformes,Characidae,Prodontocharax alleni,FALSE,FALSE
Mammalia,Rodentia,Echimyidae,Proechimys brevicauda,FALSE,FALSE
Mammalia,Rodentia,Echimyidae,Proechimys steerei,FALSE,FALSE
Aves,Passeriformes,Hirundinidae,Progne chalybea,FALSE,FALSE
Aves,Passeriformes,Hirundinidae,Progne subis,FALSE,FALSE
Aves,Passeriformes,Hirundinidae,Progne tapera,FALSE,FALSE
Equisetopsida,Sapindales,Burseraceae,Protium calendulinum,FALSE,FALSE
Equisetopsida,Sapindales,Burseraceae,Protium decandrum,FALSE,FALSE
Equisetopsida,Sapindales,Burseraceae,Protium divaricatum subsp. divaricatum,FALSE,FALSE
Equisetopsida,Sapindales,Burseraceae,Protium gallosum,FALSE,FALSE
Equisetopsida,Sapindales,Burseraceae,Protium glabrescens,FALSE,FALSE
Equisetopsida,Sapindales,Burseraceae,Protium hebetatum,FALSE,FALSE
Equisetopsida,Sapindales,Burseraceae,Protium klugii,FALSE,FALSE
Equisetopsida,Sapindales,Burseraceae,Protium meridionale,FALSE,FALSE
Equisetopsida,Sapindales,Burseraceae,Protium nitidifolium,FALSE,FALSE
Equisetopsida,Sapindales,Burseraceae,Protium nodulosum,FALSE,FALSE
Equisetopsida,Sapindales,Burseraceae,Protium paniculatum var. paniculatum,FALSE,FALSE
Equisetopsida,Sapindales,Burseraceae,Protium prancei,FALSE,FALSE
Equisetopsida,Sapindales,Burseraceae,Protium trifoliolatum,FALSE,FALSE
Aves,Passeriformes,Icteridae,Psarocolius angustifrons,FALSE,FALSE
Aves,Passeriformes,Icteridae,Psarocolius decumanus,FALSE,FALSE
Actinopterygii,Characiformes,Curimatidae,Psectrogaster amazonica,FALSE,FALSE
Actinopterygii,Characiformes,Curimatidae,Psectrogaster essequibensis,FALSE,FALSE
Actinopterygii,Characiformes,Curimatidae,Psectrogaster rutiloides,FALSE,FALSE
Equisetopsida,Malvales,Malvaceae,Pseudobombax munguba,FALSE,FALSE
Equisetopsida,Magnoliales,Annonaceae,Pseudoconnarus macrophyllus,FALSE,FALSE
Equisetopsida,Magnoliales,Annonaceae,Pseudomalmea diclina,FALSE,FALSE
Actinopterygii,Siluriformes,Pimelodidae,Pseudoplatystoma fasciatum,FALSE,FALSE
Actinopterygii,Siluriformes,Pimelodidae,Pseudoplatystoma punctifer,FALSE,FALSE
Actinopterygii,Siluriformes,Pimelodidae,Pseudoplatystoma tigrinum,FALSE,FALSE
Equisetopsida,Caryophyllales,Cactaceae,Pseudorhipsalis amazonica,FALSE,FALSE
Actinopterygii,Siluriformes,Loricariidae,Pseudorinelepis genibarbis,FALSE,FALSE
Equisetopsida,Malpighiales,Euphorbiaceae,Pseudosenefeldera inclinata,FALSE,FALSE
Actinopterygii,Siluriformes,Trichomycteridae,Pseudostegophilus nemurus,FALSE,FALSE
Equisetopsida,Magnoliales,Annonaceae,Pseudoxandra lucida,FALSE,FALSE
Equisetopsida,Magnoliales,Annonaceae,Pseudoxandra polyphleba,FALSE,FALSE
Equisetopsida,Myrtales,Myrtaceae,Psidium acutangulum,FALSE,FALSE
Equisetopsida,Santalales,Loranthaceae,Psittacanthus acinarius,FALSE,FALSE
Equisetopsida,Santalales,Loranthaceae,Psittacanthus baguensis,FALSE,FALSE
Equisetopsida,Santalales,Loranthaceae,Psittacanthus cucullaris,FALSE,FALSE
Aves,Psittaciformes,Psittacidae,Psittacara leucophthalmus,FALSE,FALSE
Aves,Gruiformes,Psophiidae,Psophia leucoptera,FALSE,FALSE
Equisetopsida,Gentianales,Rubiaceae,Psychotria acreana,FALSE,FALSE
Equisetopsida,Gentianales,Rubiaceae,Psychotria anceps,FALSE,FALSE
Equisetopsida,Gentianales,Rubiaceae,Psychotria carthagenensis,FALSE,FALSE
Equisetopsida,Gentianales,Rubiaceae,Psychotria guianensis,FALSE,FALSE
Equisetopsida,Gentianales,Rubiaceae,Psychotria marginata,FALSE,FALSE
Equisetopsida,Gentianales,Rubiaceae,Psychotria maynasana,FALSE,FALSE
Equisetopsida,Gentianales,Rubiaceae,Psychotria micrantha,FALSE,FALSE
Equisetopsida,Gentianales,Rubiaceae,Psychotria pichisensis,FALSE,FALSE
Equisetopsida,Gentianales,Rubiaceae,Psychotria remota,FALSE,FALSE
Equisetopsida,Gentianales,Rubiaceae,Psychotria trivialis,FALSE,FALSE
Equisetopsida,Gentianales,Rubiaceae,Psychotria viridis,FALSE,FALSE
Equisetopsida,Fabales,Fabaceae,Pterocarpus amazonum,FALSE,FALSE
Equisetopsida,Fabales,Fabaceae,Pterocarpus rohrii,FALSE,FALSE
Equisetopsida,Fabales,Fabaceae,Pterocarpus santalinoides,FALSE,FALSE
Actinopterygii,Siluriformes,Doradidae,Pterodoras granulosus,FALSE,FALSE
Aves,Piciformes,Ramphastidae,Pteroglossus azara,FALSE,FALSE
Aves,Piciformes,Ramphastidae,Pteroglossus castanotis,FALSE,FALSE
Aves,Piciformes,Ramphastidae,Pteroglossus inscriptus,FALSE,FALSE
Aves,Piciformes,Ramphastidae,Pteroglossus pluricinctus,FALSE,FALSE
Mammalia,Carnivora,Mustelidae,Pteronura brasiliensis,FALSE,TRUE
Actinopterygii,Cichliformes,Cichlidae,Pterophyllum scalare,FALSE,FALSE
Actinopterygii,Siluriformes,Loricariidae,Pterygoplichthys pardalis,FALSE,FALSE
Actinopterygii,Siluriformes,Loricariidae,Pterygoplichthys scrophus,FALSE,FALSE
Aves,Strigiformes,Strigidae,Pulsatrix perspicillata,FALSE,FALSE
Mammalia,Carnivora,Felidae,Puma concolor,FALSE,FALSE
Mammalia,Carnivora,Felidae,Puma yagouaroundi,FALSE,FALSE
Aves,Passeriformes,Thamnophilidae,Pygiptila stellaris,FALSE,FALSE
Actinopterygii,Characiformes,Characidae,Pygocentrus nattereri,FALSE,FALSE
Aves,Passeriformes,Hirundinidae,Pygochelidon cyanoleuca,FALSE,FALSE
Aves,Passeriformes,Thamnophilidae,Pyriglena maura,FALSE,FALSE
Aves,Psittaciformes,Psittacidae,Pyrilia barrabandi,FALSE,FALSE
Aves,Passeriformes,Tyrannidae,Pyrocephalus rubinus,FALSE,FALSE
Actinopterygii,Characiformes,Lebiasinidae,Pyrrhulina eleanorae,FALSE,FALSE
Actinopterygii,Characiformes,Lebiasinidae,Pyrrhulina zigzag,FALSE,FALSE
Equisetopsida,Myrtales,Vochysiaceae,Qualea amoena,FALSE,FALSE
Equisetopsida,Myrtales,Vochysiaceae,Qualea paraensis,FALSE,FALSE
Equisetopsida,Malvales,Malvaceae,Quararibea amazonica,FALSE,FALSE
Equisetopsida,Malvales,Malvaceae,Quararibea guianensis,FALSE,FALSE
Equisetopsida,Malvales,Malvaceae,Quararibea wittii,FALSE,FALSE
Aves,Passeriformes,Cotingidae,Querula purpurata,FALSE,FALSE
Equisetopsida,Malpighiales,Ochnaceae,Quiina amazonica,FALSE,FALSE
Equisetopsida,Malpighiales,Ochnaceae,Quiina blackii,FALSE,FALSE
Equisetopsida,Malpighiales,Ochnaceae,Quiina florida,FALSE,FALSE
Aves,Piciformes,Ramphastidae,Ramphastos tucanus,FALSE,FALSE
Aves,Piciformes,Ramphastidae,Ramphastos vitellinus,FALSE,FALSE
Aves,Passeriformes,Thraupidae,Ramphocelus carbo,FALSE,FALSE
Aves,Passeriformes,Thraupidae,Ramphocelus nigrogularis,FALSE,FALSE
Aves,Passeriformes,Tyrannidae,Ramphotrigon ruficauda,FALSE,FALSE
Equisetopsida,Gentianales,Rubiaceae,Randia armata,FALSE,FALSE
Equisetopsida,Poales,Rapateaceae,Rapatea ulei,FALSE,FALSE
Equisetopsida,Sapindales,Rutaceae,Raputia hirsuta,FALSE,FALSE
Equisetopsida,Sapindales,Rutaceae,Raputiarana heptaphylla,FALSE,FALSE
Equisetopsida,Sapindales,Rutaceae,Raputiarana subsigmoidea,FALSE,FALSE
Equisetopsida,Sapindales,Rutaceae,Rauia prancei,FALSE,FALSE
Equisetopsida,Gentianales,Apocynaceae,Rauvolfia andina,FALSE,FALSE
Equisetopsida,Gentianales,Apocynaceae,Rauvolfia leptophylla,FALSE,FALSE
Equisetopsida,Gentianales,Apocynaceae,Rauvolfia macrantha,FALSE,FALSE
Equisetopsida,Gentianales,Apocynaceae,Rauvolfia sprucei,FALSE,FALSE
Equisetopsida,Gentianales,Rubiaceae,Remijia pacimonica,FALSE,FALSE
Equisetopsida,Zingiberales,Zingiberaceae,Renealmia alpinia,FALSE,FALSE
Equisetopsida,Zingiberales,Zingiberaceae,Renealmia cernua,FALSE,FALSE
Equisetopsida,Zingiberales,Zingiberaceae,Renealmia krukovii,FALSE,FALSE
Equisetopsida,Zingiberales,Zingiberaceae,Renealmia thyrsoidea subsp. thyrsoidea,FALSE,FALSE
Equisetopsida,Zingiberales,Zingiberaceae,Renealmia urbaniana,FALSE,FALSE
Equisetopsida,Gentianales,Apocynaceae,Rhabdadenia madida,FALSE,FALSE
Actinopterygii,Siluriformes,Heptapteridae,Rhamdia quelen,FALSE,FALSE
Actinopterygii,Gymnotiformes,Rhamphichthyidae,Rhamphichthys marmoratus,FALSE,FALSE
Actinopterygii,Characiformes,Cynodontidae,Rhaphiodon vulpinus,FALSE,FALSE
Aves,Passeriformes,Thamnophilidae,Rhegmatorhina melanosticta,FALSE,FALSE
Equisetopsida,Gentianales,Apocynaceae,Rhigospira quadrangularis,FALSE,FALSE
Mammalia,Chiroptera,Phyllostomidae,Rhinophylla pumilio,FALSE,FALSE
Equisetopsida,Caryophyllales,Cactaceae,Rhipsalis baccifera,FALSE,FALSE
Equisetopsida,Alismatales,Araceae,Rhodospatha oblongata,FALSE,FALSE
Equisetopsida,Laurales,Lauraceae,Rhodostemonodaphne crenaticupula,FALSE,FALSE
Aves,Passeriformes,Tyrannidae,Rhynchocyclus olivaceus,FALSE,FALSE
Actinopterygii,Siluriformes,Doradidae,Rhynchodoras woodsi,FALSE,FALSE
Mammalia,Chiroptera,Emballonuridae,Rhynchonycteris naso,FALSE,FALSE
Equisetopsida,Poales,Cyperaceae,Rhynchospora amazonica,FALSE,FALSE
Actinopterygii,Characiformes,Anostomidae,Rhytiodus argenteofuscus,FALSE,FALSE
Actinopterygii,Characiformes,Anostomidae,Rhytiodus microlepis,FALSE,FALSE
Aves,Passeriformes,Tyrannidae,Rhytipterna simplex,FALSE,FALSE
Equisetopsida,Malpighiales,Phyllanthaceae,Richeria grandis,FALSE,FALSE
Actinopterygii,Siluriformes,Loricariidae,Rineloricaria lanceolata,FALSE,FALSE
Actinopterygii,Siluriformes,Loricariidae,Rineloricaria morrowi,FALSE,FALSE
Actinopterygii,Siluriformes,Loricariidae,Rineloricaria wolfei,FALSE,FALSE
Equisetopsida,Malpighiales,Violaceae,Rinorea falcata,FALSE,FALSE
Equisetopsida,Malpighiales,Violaceae,Rinorea flavescens,FALSE,FALSE
Equisetopsida,Malpighiales,Violaceae,Rinorea lindeniana,FALSE,FALSE
Equisetopsida,Malpighiales,Violaceae,Rinorea racemosa,FALSE,FALSE
Actinopterygii,Cyprinodontiformes,Rivulidae,Rivulus iridescens,FALSE,FALSE
Actinopterygii,Cyprinodontiformes,Rivulidae,Rivulus rubrolineatus,FALSE,FALSE
Actinopterygii,Characiformes,Characidae,Roeboides affinis,FALSE,FALSE
Actinopterygii,Characiformes,Characidae,Roeboides biserialis,FALSE,FALSE
Actinopterygii,Characiformes,Characidae,Roeboides myersii,FALSE,FALSE
Equisetopsida,Gentianales,Rubiaceae,Rosenbergiodendron longiflorum,FALSE,FALSE
Aves,Accipitriformes,Accipitridae,Rostrhamus sociabilis,FALSE,FALSE
Equisetopsida,Gentianales,Rubiaceae,Rothmannia hispida,FALSE,FALSE
Equisetopsida,Oxalidales,Connaraceae,Rourea amazonica,FALSE,FALSE
Equisetopsida,Oxalidales,Connaraceae,Rourea camptoneura,FALSE,FALSE
Equisetopsida,Oxalidales,Connaraceae,Rourea cuspidata,FALSE,FALSE
Equisetopsida,Oxalidales,Connaraceae,Rourea puberula,FALSE,FALSE
Equisetopsida,Gentianales,Rubiaceae,Rudgea cornifolia,FALSE,FALSE
Equisetopsida,Gentianales,Rubiaceae,Rudgea lanceifolia,FALSE,FALSE
Equisetopsida,Gentianales,Rubiaceae,Rudgea loretensis,FALSE,FALSE
Equisetopsida,Gentianales,Rubiaceae,Rudgea panurensis,FALSE,FALSE
Equisetopsida,Asparagales,Orchidaceae,Rudolfiella floribunda,FALSE,FALSE
Equisetopsida,Poales,Poaceae,Rugoloa pilosa,FALSE,FALSE
Equisetopsida,Myrtales,Vochysiaceae,Ruizterania trichanthera,FALSE,FALSE
Aves,Accipitriformes,Accipitridae,Rupornis magnirostris,FALSE,FALSE
Equisetopsida,Caryophyllales,Polygonaceae,Ruprechtia maracensis,FALSE,FALSE
Equisetopsida,Celastrales,Lepidobotryaceae,Ruptiliocarpon caracolito,FALSE,FALSE
Equisetopsida,Malpighiales,Salicaceae,Ryania speciosa,FALSE,FALSE
Equisetopsida,Malpighiales,Salicaceae,Ryania spruceana,FALSE,FALSE
Aves,Charadriiformes,Rhynchopidae,Rynchops niger,FALSE,FALSE
Equisetopsida,Gentianales,Rubiaceae,Sabicea panamensis var. panamensis,FALSE,FALSE
Equisetopsida,Gentianales,Rubiaceae,Sabicea villosa var. villosa,FALSE,FALSE
Equisetopsida,Polypodiales,Saccolomataceae,Saccoloma inaequale,FALSE,FALSE
Equisetopsida,Alismatales,Alismataceae,Sagittaria sprucei,FALSE,FALSE
Equisetopsida,Malpighiales,Euphorbiaceae,Sagotia brachysepala,FALSE,FALSE
Mammalia,Primates,Cebidae,Saimiri boliviensis,FALSE,FALSE
Aves,Passeriformes,Thamnophilidae,Sakesphorus canadensis,FALSE,FALSE
Equisetopsida,Celastrales,Celastraceae,Salacia cordata,FALSE,FALSE
Equisetopsida,Celastrales,Celastraceae,Salacia elliptica,FALSE,FALSE
Equisetopsida,Celastrales,Celastraceae,Salacia gigantea,FALSE,FALSE
Equisetopsida,Celastrales,Celastraceae,Salacia impressifolia,FALSE,FALSE
Equisetopsida,Celastrales,Celastraceae,Salacia macrantha,FALSE,FALSE
Equisetopsida,Celastrales,Celastraceae,Salacia opacifolia,FALSE,FALSE
Equisetopsida,Celastrales,Celastraceae,Salacia ulei,FALSE,FALSE
Equisetopsida,Myrtales,Melastomataceae,Salpinga secunda,FALSE,FALSE
Aves,Passeriformes,Thraupidae,Saltator coerulescens,FALSE,FALSE
Aves,Passeriformes,Thraupidae,Saltator grossus,FALSE,FALSE
Aves,Passeriformes,Thraupidae,Saltator maximus,FALSE,FALSE
Equisetopsida,Lamiales,Acanthaceae,Sanchezia oblonga,FALSE,FALSE
Equisetopsida,Lamiales,Acanthaceae,Sanchezia stenantha,FALSE,FALSE
Equisetopsida,Malpighiales,Euphorbiaceae,Sapium glandulosum,FALSE,FALSE
Equisetopsida,Ericales,Sapotaceae,Sarcaulus brasiliensis,FALSE,FALSE
Aves,Cathartiformes,Cathartidae,Sarcoramphus papa,FALSE,FALSE
Aves,Anseriformes,Anatidae,Sarkidiornis sylvicola,FALSE,FALSE
Actinopterygii,Cichliformes,Cichlidae,Satanoperca jurupari,FALSE,FALSE
Equisetopsida,Arecales,Arecaceae,Scheelea salazarii,FALSE,FALSE
Aves,Passeriformes,Tityridae,Schiffornis major,FALSE,FALSE
Actinopterygii,Characiformes,Anostomidae,Schizodon fasciatus,FALSE,FALSE
Equisetopsida,Fabales,Fabaceae,Schizolobium parahyba,FALSE,FALSE
Equisetopsida,Lamiales,Schlegeliaceae,Schlegelia scandens,FALSE,FALSE
Equisetopsida,Fabales,Fabaceae,Schnella glabra,FALSE,FALSE
Equisetopsida,Fabales,Fabaceae,Schnella guianensis,FALSE,FALSE
Equisetopsida,Malvales,Thymelaeaceae,Schoenobiblus peruvianus,FALSE,FALSE
Equisetopsida,Pandanales,Cyclanthaceae,Schultesiophytum chorianthum,FALSE,FALSE
Equisetopsida,Ranunculales,Menispermaceae,Sciadotenia toxifera,FALSE,FALSE
Equisetopsida,Pandanales,Triuridaceae,Sciaphila purpurea,FALSE,FALSE
Aves,Passeriformes,Thamnophilidae,Sclateria naevia,FALSE,FALSE
Equisetopsida,Poales,Cyperaceae,Scleria gaertneri,FALSE,FALSE
Equisetopsida,Poales,Cyperaceae,Scleria microcarpa,FALSE,FALSE
Equisetopsida,Fabales,Polygalaceae,Securidaca divaricata,FALSE,FALSE
Equisetopsida,Fabales,Polygalaceae,Securidaca inappendiculata subsp. inappendiculata,FALSE,FALSE
Equisetopsida,Fabales,Polygalaceae,Securidaca paniculata,FALSE,FALSE
Equisetopsida,Selaginellales,Selaginellaceae,Selaginella haematodes,FALSE,FALSE
Equisetopsida,Selaginellales,Selaginellaceae,Selaginella parkeri,FALSE,FALSE
Aves,Piciformes,Ramphastidae,Selenidera reinwardtii,FALSE,FALSE
Actinopterygii,Characiformes,Prochilodontidae,Semaprochilodus insignis,FALSE,FALSE
Equisetopsida,Fabales,Fabaceae,Senegalia amazonica,FALSE,FALSE
Equisetopsida,Fabales,Fabaceae,Senegalia loretensis,FALSE,FALSE
Equisetopsida,Fabales,Fabaceae,Senna latifolia,FALSE,FALSE
Equisetopsida,Fabales,Fabaceae,Senna pendula,FALSE,FALSE
Equisetopsida,Fabales,Fabaceae,Senna reticulata,FALSE,FALSE
Actinopterygii,Characiformes,Serrasalmidae,Serrasalmus elongatus,FALSE,FALSE
Actinopterygii,Characiformes,Serrasalmidae,Serrasalmus humeralis,FALSE,FALSE
Actinopterygii,Characiformes,Serrasalmidae,Serrasalmus rhombeus,FALSE,FALSE
Equisetopsida,Fabales,Fabaceae,Sesbania exasperata,FALSE,FALSE
Equisetopsida,Poales,Poaceae,Setaria parviflora,FALSE,FALSE
Aves,Passeriformes,Parulidae,Setophaga pitiayumi,FALSE,FALSE
Equisetopsida,Cucurbitales,Cucurbitaceae,Sicydium tamnifolium,FALSE,FALSE
Equisetopsida,Sapindales,Simaroubaceae,Simaba orinocensis,FALSE,FALSE
Equisetopsida,Sapindales,Simaroubaceae,Simarouba amara,FALSE,FALSE
Equisetopsida,Cucurbitales,Cucurbitaceae,Siolmatra brasiliensis,FALSE,FALSE
Equisetopsida,Laurales,Siparunaceae,Siparuna cristata,FALSE,FALSE
Equisetopsida,Laurales,Monimiaceae,Siparuna decipiens,FALSE,FALSE
Equisetopsida,Laurales,Siparunaceae,Siparuna guianensis,FALSE,FALSE
Equisetopsida,Laurales,Siparunaceae,Siparuna obstipa,FALSE,FALSE
Equisetopsida,Laurales,Siparunaceae,Siparuna reginae,FALSE,FALSE
Equisetopsida,Laurales,Siparunaceae,Siparuna thecaphora,FALSE,FALSE
Aves,Passeriformes,Furnariidae,Sittasomus griseicapillus,FALSE,FALSE
Equisetopsida,Oxalidales,Elaeocarpaceae,Sloanea brachytepala,FALSE,FALSE
Equisetopsida,Oxalidales,Elaeocarpaceae,Sloanea brevipes,FALSE,FALSE
Equisetopsida,Oxalidales,Elaeocarpaceae,Sloanea durissima,FALSE,FALSE
Equisetopsida,Oxalidales,Elaeocarpaceae,Sloanea grandezii,FALSE,FALSE
Equisetopsida,Oxalidales,Elaeocarpaceae,Sloanea guianensis,FALSE,FALSE
Equisetopsida,Oxalidales,Elaeocarpaceae,Sloanea picapica,FALSE,FALSE
Equisetopsida,Oxalidales,Elaeocarpaceae,Sloanea rojasiae,FALSE,FALSE
Equisetopsida,Oxalidales,Elaeocarpaceae,Sloanea terniflora,FALSE,FALSE
Equisetopsida,Liliales,Smilacaceae,Smilax domingensis,FALSE,FALSE
Equisetopsida,Liliales,Smilacaceae,Smilax purhampuy,FALSE,FALSE
Equisetopsida,Liliales,Smilacaceae,Smilax siphilitica,FALSE,FALSE
Equisetopsida,Arecales,Arecaceae,Socratea exorrhiza,FALSE,FALSE
Equisetopsida,Solanales,Solanaceae,Solanum acuminatum,FALSE,FALSE
Equisetopsida,Solanales,Solanaceae,Solanum anceps,FALSE,FALSE
Equisetopsida,Solanales,Solanaceae,Solanum asarifolium,FALSE,FALSE
Equisetopsida,Solanales,Solanaceae,Solanum kioniotrichum,FALSE,FALSE
Equisetopsida,Solanales,Solanaceae,Solanum leptopodum,FALSE,FALSE
Equisetopsida,Solanales,Solanaceae,Solanum leucopogon,FALSE,FALSE
Equisetopsida,Solanales,Solanaceae,Solanum mammosum,FALSE,FALSE
Equisetopsida,Solanales,Solanaceae,Solanum nemorosum,TRUE,FALSE
Equisetopsida,Solanales,Solanaceae,Solanum occultum,FALSE,FALSE
Equisetopsida,Solanales,Solanaceae,Solanum oppositifolium,FALSE,FALSE
Equisetopsida,Solanales,Solanaceae,Solanum proteanthum,FALSE,FALSE
Equisetopsida,Solanales,Solanaceae,Solanum quaesitum,FALSE,FALSE
Equisetopsida,Solanales,Solanaceae,Solanum sessile,FALSE,FALSE
Equisetopsida,Solanales,Solanaceae,Solanum splendens,FALSE,FALSE
Equisetopsida,Solanales,Solanaceae,Solanum stramoniifolium,FALSE,FALSE
Equisetopsida,Gentianales,Rubiaceae,Sommera sabiceoides,FALSE,FALSE
Equisetopsida,Rosales,Moraceae,Sorocea duckei,FALSE,FALSE
Equisetopsida,Rosales,Moraceae,Sorocea muriculata subsp. muriculata,FALSE,FALSE
Equisetopsida,Rosales,Moraceae,Sorocea pubivena,FALSE,FALSE
Equisetopsida,Rosales,Moraceae,Sorocea pubivena subsp. Hirtella,FALSE,FALSE
Equisetopsida,Rosales,Moraceae,Sorocea steinbachii,FALSE,FALSE
Actinopterygii,Siluriformes,Pimelodidae,Sorubim elongatus,FALSE,FALSE
Actinopterygii,Siluriformes,Pimelodidae,Sorubim lima,FALSE,FALSE
Actinopterygii,Siluriformes,Pimelodidae,Sorubim maniradii,FALSE,FALSE
Mammalia,Cetartiodactyla,Delphinidae,Sotalia fluviatilis,FALSE,FALSE
Aves,Anseriformes,Anatidae,Spatula discors,FALSE,FALSE
Mammalia,Carnivora,Canidae,Speothos venaticus,FALSE,FALSE
Equisetopsida,Solanales,Sphenocleaceae,Sphenoclea zeylanica,FALSE,FALSE
Aves,Accipitriformes,Accipitridae,Spizaetus melanoleucus,FALSE,FALSE
Aves,Accipitriformes,Accipitridae,Spizaetus ornatus,FALSE,FALSE
Aves,Accipitriformes,Accipitridae,Spizaetus tyrannus,FALSE,FALSE
Equisetopsida,Sapindales,Anacardiaceae,Spondias globosa,FALSE,FALSE
Equisetopsida,Sapindales,Anacardiaceae,Spondias mombin,FALSE,FALSE
Aves,Passeriformes,Thraupidae,Sporophila angolensis,FALSE,FALSE
Aves,Passeriformes,Thraupidae,Sporophila bouvronides,FALSE,FALSE
Aves,Passeriformes,Thraupidae,Sporophila castaneiventris,FALSE,FALSE
Aves,Passeriformes,Thraupidae,Sporophila lineola,FALSE,FALSE
Aves,Passeriformes,Thraupidae,Sporophila luctuosa,FALSE,FALSE
Aves,Passeriformes,Thraupidae,Sporophila murallae,FALSE,FALSE
Actinopterygii,Characiformes,Curimatidae,Steindachnerina bimaculata,FALSE,FALSE
Actinopterygii,Characiformes,Curimatidae,Steindachnerina hypostoma,FALSE,FALSE
Actinopterygii,Characiformes,Curimatidae,Steindachnerina leucisca,FALSE,FALSE
Aves,Passeriformes,Hirundinidae,Stelgidopteryx ruficollis,FALSE,FALSE
Equisetopsida,Poales,Poaceae,Stephostachys mertensii,FALSE,FALSE
Equisetopsida,Malvales,Malvaceae,Sterculia apeibophylla,FALSE,FALSE
Equisetopsida,Malvales,Malvaceae,Sterculia rebeccae,FALSE,FALSE
Equisetopsida,Gentianales,Rubiaceae,Warszewiczia coccinea,FALSE,FALSE
Equisetopsida,Rosales,Urticaceae,Urera caracasana,FALSE,FALSE
Equisetopsida,Malvales,Malvaceae,Urera capitata,FALSE,FALSE
Equisetopsida,Malvales,Malvaceae,Theobroma obovatum,FALSE,FALSE
Equisetopsida,Celastrales,Celastraceae,Tontelea passiflora,FALSE,FALSE
Equisetopsida,Malvales,Malvaceae,Theobroma cacao,FALSE,FALSE
Equisetopsida,Malvales,Malvaceae,Urera baccifera,FALSE,FALSE
Equisetopsida,Malvales,Malvaceae,Urena lobata,FALSE,FALSE
Equisetopsida,Asparagales,Amaryllidaceae,Urceolina ulei,FALSE,FALSE
Equisetopsida,Gentianales,Rubiaceae,Uncaria guianensis,FALSE,FALSE
Equisetopsida,Asparagales,Amaryllidaceae,Urceolina cyaneosperma,FALSE,FALSE
Aves,Passeriformes,Tyrannidae,Tolmomyias assimilis,FALSE,FALSE
Equisetopsida,Gentianales,Rubiaceae,Uncaria tomentosa,FALSE,FALSE
Equisetopsida,Polypodiales,Thelypteridaceae,Thelypteris serrata,FALSE,FALSE
Equisetopsida,Fabales,Fabaceae,Zygia macbridei,FALSE,FALSE
Equisetopsida,Magnoliales,Annonaceae,Unonopsis floribunda,FALSE,FALSE
Equisetopsida,Magnoliales,Annonaceae,Unonopsis guatterioides,FALSE,FALSE
Equisetopsida,Polypodiales,Thelypteridaceae,Thelypteris opulenta,FALSE,FALSE
Equisetopsida,Polypodiales,Thelypteridaceae,Thelypteris longifolia,FALSE,FALSE
Equisetopsida,Fabales,Fabaceae,Swartzia obscura,FALSE,FALSE
Equisetopsida,Magnoliales,Annonaceae,Unonopsis stipitata,FALSE,FALSE
Aves,Passeriformes,Thraupidae,Tangara callophrys,FALSE,FALSE
Equisetopsida,Polypodiales,Thelypteridaceae,Thelypteris arborescens,FALSE,FALSE
Equisetopsida,Fabales,Fabaceae,Swartzia polyphylla,FALSE,FALSE
Equisetopsida,Fabales,Fabaceae,Swartzia schunkei,FALSE,FALSE
Aves,Apodiformes,Apodidae,Tachornis squamata,FALSE,FALSE
Aves,Passeriformes,Tyrannidae,Todirostrum maculatum,FALSE,FALSE
Aves,Passeriformes,Tyrannidae,Todirostrum cinereum,FALSE,FALSE
Aves,Passeriformes,Thraupidae,Tangara chilensis,FALSE,FALSE
Aves,Passeriformes,Furnariidae,Synallaxis albigularis,FALSE,FALSE
Equisetopsida,Gentianales,Gentianaceae,Tachia occidentalis,FALSE,FALSE
Equisetopsida,Dioscoreales,Taccaceae,Tacca parkeri,FALSE,FALSE
Aves,Passeriformes,Thraupidae,Tangara mexicana,FALSE,FALSE
Equisetopsida,Malpighiales,Clusiaceae,Tovomita longicuneata,FALSE,FALSE
Aves,Passeriformes,Tyrannidae,Todirostrum chrysocrotaphum,FALSE,FALSE
Mammalia,Sirenia,Trichechidae,Trichechus inunguis,FALSE,TRUE
Equisetopsida,Malpighiales,Clusiaceae,Tovomita laurina,FALSE,FALSE
Equisetopsida,Gentianales,Apocynaceae,Tabernaemontana siphilitica,FALSE,FALSE
Equisetopsida,Gentianales,Rubiaceae,Tocoyena williamsii,FALSE,FALSE
Equisetopsida,Gentianales,Rubiaceae,Tocoyena megistantha,FALSE,FALSE
Aves,Passeriformes,Furnariidae,Xiphorhynchus ocellatus,FALSE,FALSE
Equisetopsida,Gentianales,Apocynaceae,Tabernaemontana sananho,FALSE,FALSE
Equisetopsida,Gentianales,Apocynaceae,Tabernaemontana markgrafiana,FALSE,FALSE
Mammalia,Chiroptera,Phyllostomidae,Trachops cirrhosus,FALSE,FALSE
Aves,Passeriformes,Tityridae,Tityra semifasciata,FALSE,FALSE
Aves,Passeriformes,Thraupidae,Tangara schrankii,FALSE,FALSE
Equisetopsida,Sapindales,Meliaceae,Trichilia inaequilatera,FALSE,FALSE
Equisetopsida,Sapindales,Meliaceae,Trichilia maynasiana,FALSE,FALSE
Equisetopsida,Lamiales,Bignoniaceae,Tabebuia obscura,FALSE,FALSE
Equisetopsida,Lamiales,Bignoniaceae,Tabebuia insignis,FALSE,FALSE
Equisetopsida,Sapindales,Meliaceae,Trichilia mazanensis,FALSE,FALSE
Aves,Psittaciformes,Psittacidae,Touit purpuratus,FALSE,FALSE
Equisetopsida,Sapindales,Meliaceae,Trichilia micrantha,FALSE,FALSE
Aves,Passeriformes,Tityridae,Tityra inquisitor,FALSE,FALSE
Aves,Passeriformes,Tityridae,Tityra cayana,FALSE,FALSE
Equisetopsida,Sapindales,Meliaceae,Trichilia pallida,FALSE,FALSE
Equisetopsida,Ericales,Primulaceae,Stylogyne ardisioides,FALSE,FALSE
Equisetopsida,Sapindales,Meliaceae,Trichilia pleeana,FALSE,FALSE
Equisetopsida,Sapindales,Meliaceae,Trichilia rubra,FALSE,FALSE
Equisetopsida,Sapindales,Meliaceae,Trichilia septentrionalis,FALSE,FALSE
Aves,Tinamiformes,Tinamidae,Tinamus tao,FALSE,FALSE
Equisetopsida,Sapindales,Meliaceae,Trichilia singularis,FALSE,FALSE
Equisetopsida,Alismatales,Araceae,Syngonium podophyllum,FALSE,FALSE
Mammalia,Rodentia,Echimyidae,Toromys rhipidurus,TRUE,FALSE
Equisetopsida,Fabales,Fabaceae,Zygia cataractae,FALSE,FALSE
Equisetopsida,Celastrales,Celastraceae,Tontelea mauritioides,FALSE,FALSE
Aves,Tinamiformes,Tinamidae,Tinamus major,FALSE,FALSE
Equisetopsida,Gentianales,Gentianaceae,Syngonanthus trichophyllus,FALSE,FALSE
Aves,Cuculiformes,Cuculidae,Tapera naevia,FALSE,FALSE
Equisetopsida,Boraginales,Heliotropiaceae,Tournefortia bicolor,FALSE,FALSE
Aves,Passeriformes,Furnariidae,Xiphorhynchus guttatus,FALSE,FALSE
Actinopterygii,Synbranchiformes,Synbranchidae,Synbranchus marmoratus,FALSE,FALSE
Actinopterygii,Synbranchiformes,Synbranchidae,Synbranchus madeirae,FALSE,FALSE
Equisetopsida,Fabales,Fabaceae,Zygia basijuga,FALSE,FALSE
Equisetopsida,Sapindales,Anacardiaceae,Tapirira guianensis,FALSE,FALSE
Equisetopsida,Hymenophyllales,Hymenophyllaceae,Trichomanes elegans,FALSE,FALSE
Aves,Passeriformes,Tyrannidae,Tolmomyias sulphurescens,FALSE,FALSE
Equisetopsida,Hymenophyllales,Hymenophyllaceae,Trichomanes humboldtii,FALSE,FALSE
Equisetopsida,Hymenophyllales,Hymenophyllaceae,Trichomanes martiusii,FALSE,FALSE
Equisetopsida,Ericales,Styracaceae,Styrax guyanensis,FALSE,FALSE
Aves,Passeriformes,Furnariidae,Synallaxis rutilans,FALSE,FALSE
Mammalia,Perissodactyla,Tapiridae,Tapirus terrestris,FALSE,FALSE
Aves,Passeriformes,Furnariidae,Synallaxis gujanensis,FALSE,FALSE
Mammalia,Pilosa,Myrmecophagidae,Tamandua tetradactyla,FALSE,FALSE
Mammalia,Chiroptera,Phyllostomidae,Sturnira tildae,FALSE,FALSE
Aves,Passeriformes,Furnariidae,Xiphorhynchus elegans,FALSE,FALSE
Equisetopsida,Malpighiales,Malpighiaceae,Stigmaphyllon adenodon,FALSE,FALSE
Aves,Passeriformes,Furnariidae,Xiphocolaptes promeropirhynchus,FALSE,FALSE
Equisetopsida,Malpighiales,Dichapetalaceae,Tapura acreana,FALSE,FALSE
Equisetopsida,Commelinales,Haemodoraceae,Xiphidium caeruleum,FALSE,FALSE
Equisetopsida,Malpighiales,Dichapetalaceae,Tapura amazonica,FALSE,FALSE
Equisetopsida,Asparagales,Orchidaceae,Xerorchis amazonica,FALSE,FALSE
Equisetopsida,Malpighiales,Dichapetalaceae,Tapura juruana,FALSE,FALSE
Equisetopsida,Caryophyllales,Phytolaccaceae,Trichostigma octandrum,FALSE,FALSE
Equisetopsida,Poales,Bromeliaceae,Tillandsia paraensis,FALSE,FALSE
Actinopterygii,Characiformes,Characidae,Stethaprion erythrops,FALSE,FALSE
Aves,Passeriformes,Thamnophilidae,Taraba major,FALSE,FALSE
Aves,Passeriformes,Furnariidae,Xenops minutus,FALSE,FALSE
Equisetopsida,Malpighiales,Trigoniaceae,Trigonia prancei,FALSE,FALSE
Equisetopsida,Malpighiales,Trigoniaceae,Trigonia rugosa,FALSE,FALSE
Aves,Passeriformes,Thraupidae,Tachyphonus surinamus,FALSE,FALSE
Aves,Passeriformes,Furnariidae,Xiphorhynchus obsoletus,FALSE,FALSE
Aves,Charadriiformes,Scolopacidae,Tringa flavipes,FALSE,FALSE
Equisetopsida,Malpighiales,Malpighiaceae,Stigmaphyllon sinuatum,FALSE,FALSE
Equisetopsida,Gentianales,Apocynaceae,Tassadia milanezii,FALSE,FALSE
Equisetopsida,Gentianales,Apocynaceae,Tassadia ovalifolia,FALSE,FALSE
Aves,Charadriiformes,Scolopacidae,Tringa melanoleuca,FALSE,FALSE
Mammalia,Cetartiodactyla,Tayassuidae,Tayassu pecari,FALSE,FALSE
Equisetopsida,Fabales,Fabaceae,Zygia latifolia,FALSE,FALSE
Equisetopsida,Sapindales,Sapindaceae,Talisia pinnata,TRUE,FALSE
Aves,Charadriiformes,Scolopacidae,Tringa solitaria,FALSE,FALSE
Equisetopsida,Malpighiales,Clusiaceae,Symphonia globulifera,FALSE,FALSE
Equisetopsida,Arecales,Arecaceae,Wettinia augusta,FALSE,FALSE
Aves,Passeriformes,Tyrannidae,Tolmomyias poliocephalus,FALSE,FALSE
Equisetopsida,Myrtales,Melastomataceae,Triolena amazonica,FALSE,FALSE
Equisetopsida,Caryophyllales,Polygonaceae,Symmeria paniculata,FALSE,FALSE
Equisetopsida,Caryophyllales,Polygonaceae,Triplaris americana,FALSE,FALSE
Equisetopsida,Caryophyllales,Polygonaceae,Triplaris cumingiana,FALSE,FALSE
Equisetopsida,Caryophyllales,Polygonaceae,Triplaris peruviana,FALSE,FALSE
Equisetopsida,Asterales,Asteraceae,Tilesia baccata var. discoidea,FALSE,FALSE
Equisetopsida,Caryophyllales,Polygonaceae,Triplaris weigeltiana,FALSE,FALSE
Equisetopsida,Polypodiales,Blechnaceae,Telmatoblechnum serrulatum,FALSE,FALSE
Equisetopsida,Commelinales,Commelinaceae,Tripogandra serrulata,FALSE,FALSE
Actinopterygii,Characiformes,Characidae,Triportheus albus,FALSE,FALSE
Aves,Pelecaniformes,Ardeidae,Tigrisoma lineatum,FALSE,FALSE
Actinopterygii,Characiformes,Triportheidae,Triportheus angulatus,FALSE,FALSE
Equisetopsida,Asterales,Asteraceae,Wedelia calycina,FALSE,FALSE
Actinopterygii,Characiformes,Characidae,Triportheus culter,FALSE,FALSE
Actinopterygii,Characiformes,Characidae,Triportheus curtus,FALSE,FALSE
Aves,Passeriformes,Onychorhynchidae,Terenotriccus erythrurus,FALSE,FALSE
Equisetopsida,Myrtales,Combretaceae,Terminalia dichotoma,FALSE,FALSE
Equisetopsida,Pandanales,Triuridaceae,Triuris hexophthalma,FALSE,FALSE
Equisetopsida,Myrtales,Combretaceae,Terminalia macrophylla,FALSE,FALSE
Equisetopsida,Gentianales,Gentianaceae,Voyria flavescens,FALSE,FALSE
Equisetopsida,Myrtales,Combretaceae,Terminalia oblonga,FALSE,FALSE
Equisetopsida,Myrtales,Combretaceae,Terminalia oxycarpa,FALSE,FALSE
Equisetopsida,Myrtales,Melastomataceae,Votomita pubescens,TRUE,FALSE
Equisetopsida,Gentianales,Gentianaceae,Symbolanthus calygonus,FALSE,FALSE
Equisetopsida,Myrtales,Combretaceae,Terminalia viridiflora,FALSE,FALSE
Equisetopsida,Myrtales,Vochysiaceae,Vochysia vismiifolia,FALSE,FALSE
Equisetopsida,Magnoliales,Annonaceae,Xylopia benthamii,FALSE,FALSE
Equisetopsida,Myrtales,Vochysiaceae,Vochysia diversa,FALSE,FALSE
Aves,Passeriformes,Thraupidae,Tersina viridis,FALSE,FALSE
Aves,Passeriformes,Troglodytidae,Troglodytes aedon,FALSE,FALSE
Aves,Charadriiformes,Laridae,Sternula superciliaris,FALSE,FALSE
Equisetopsida,Malpighiales,Hypericaceae,Vismia sprucei,FALSE,FALSE
Equisetopsida,Malpighiales,Hypericaceae,Vismia pozuzoensis,FALSE,FALSE
Equisetopsida,Sapindales,Rutaceae,Zanthoxylum riedelianum,FALSE,FALSE
Equisetopsida,Malpighiales,Hypericaceae,Vismia minutiflora,FALSE,FALSE
Equisetopsida,Malpighiales,Hypericaceae,Vismia lauriformis,FALSE,FALSE
Equisetopsida,Dilleniales,Dilleniaceae,Tetracera volubilis subsp. volubilis,FALSE,FALSE
Equisetopsida,Malpighiales,Hypericaceae,Vismia floribunda,FALSE,FALSE
Equisetopsida,Malpighiales,Hypericaceae,Vismia baccifera,FALSE,FALSE
Aves,Trogoniformes,Trogonidae,Trogon caligatus,FALSE,FALSE
Equisetopsida,Magnoliales,Myristicaceae,Virola surinamensis,FALSE,FALSE
Aves,Passeriformes,Furnariidae,Thripophaga fusciceps,FALSE,FALSE
Aves,Trogoniformes,Trogonidae,Trogon collaris,FALSE,FALSE
Actinopterygii,Characiformes,Characidae,Tetragonopterus chalceus,FALSE,FALSE
Equisetopsida,Magnoliales,Myristicaceae,Virola sebifera,FALSE,FALSE
Equisetopsida,Magnoliales,Myristicaceae,Virola pavonis,FALSE,FALSE
Equisetopsida,Malpighiales,Malpighiaceae,Tetrapterys styloptera,FALSE,FALSE
Equisetopsida,Santalales,Olacaceae,Tetrastylidium peruvianum,FALSE,FALSE
Equisetopsida,Malpighiales,Salicaceae,Tetrathylacium macrophyllum,FALSE,FALSE
Aves,Apodiformes,Trochilidae,Threnetes leucurus,FALSE,FALSE
Aves,Trogoniformes,Trogonidae,Trogon curucui,FALSE,FALSE
Equisetopsida,Magnoliales,Myristicaceae,Virola marleneae,FALSE,FALSE
Equisetopsida,Magnoliales,Myristicaceae,Virola loretensis,FALSE,FALSE
Aves,Trogoniformes,Trogonidae,Trogon melanurus,FALSE,FALSE
Equisetopsida,Magnoliales,Myristicaceae,Virola elongata,FALSE,FALSE
Equisetopsida,Magnoliales,Myristicaceae,Virola divergens,FALSE,FALSE
Aves,Passeriformes,Thraupidae,Thraupis palmarum,FALSE,FALSE
Equisetopsida,Magnoliales,Myristicaceae,Virola decorticans,FALSE,FALSE
Equisetopsida,Magnoliales,Myristicaceae,Virola calophylloidea,FALSE,FALSE
Equisetopsida,Magnoliales,Myristicaceae,Virola calophylla,FALSE,FALSE
Equisetopsida,Magnoliales,Myristicaceae,Virola albidiflora,FALSE,FALSE
Aves,Passeriformes,Vireonidae,Vireo olivaceus,FALSE,FALSE
Actinopterygii,Siluriformes,Loricariidae,Sturisoma nigrirostrum,FALSE,FALSE
Aves,Apodiformes,Trochilidae,Thalurania furcata,FALSE,FALSE
Aves,Passeriformes,Thraupidae,Thraupis episcopus,FALSE,FALSE
Aves,Trogoniformes,Trogonidae,Trogon viridis,FALSE,FALSE
Aves,Passeriformes,Thamnophilidae,Thamnomanes ardesiacus,FALSE,FALSE
Equisetopsida,Rosales,Moraceae,Trophis racemosa,FALSE,FALSE
Aves,Passeriformes,Thamnophilidae,Thamnomanes saturninus,FALSE,FALSE
Equisetopsida,Rosales,Moraceae,Trymatococcus amazonicus,FALSE,FALSE
Equisetopsida,Lamiales,Bignoniaceae,Tanaecium pyramidatum,FALSE,FALSE
Aves,Passeriformes,Thamnophilidae,Thamnomanes schistogynus,FALSE,FALSE
Actinopterygii,Characiformes,Gasteropelecidae,Thoracocharax stellatus,FALSE,FALSE
Actinopterygii,Characiformes,Gasteropelecidae,Thoracocharax securis,FALSE,FALSE
Equisetopsida,Pandanales,Cyclanthaceae,Thoracocarpus bissectus,FALSE,FALSE
Aves,Passeriformes,Thamnophilidae,Thamnophilus aethiops,FALSE,FALSE
Aves,Apodiformes,Trochilidae,Talaphorus chlorocercus,FALSE,FALSE
Aves,Passeriformes,Turdidae,Turdus albicollis,FALSE,FALSE
Equisetopsida,Fabales,Fabaceae,Zygia juruana,FALSE,FALSE
Equisetopsida,Asterales,Asteraceae,Vernonanthura patens,FALSE,FALSE
Equisetopsida,Fabales,Fabaceae,Zygia longifolia,FALSE,FALSE
Aves,Passeriformes,Thamnophilidae,Thamnophilus amazonicus,FALSE,FALSE
Equisetopsida,Fabales,Fabaceae,Vatairea guianensis,FALSE,FALSE
Equisetopsida,Malvales,Malvaceae,Vasivaea podocarpa,FALSE,FALSE
Equisetopsida,Brassicales,Caricaceae,Vasconcellea microcarpa,FALSE,FALSE
Equisetopsida,Lamiales,Cordiaceae,Varronia dichotoma,FALSE,FALSE
Aves,Passeriformes,Turdidae,Turdus hauxwelli,FALSE,FALSE
Equisetopsida,Fabales,Fabaceae,Zygia inaequalis,FALSE,FALSE
Aves,Psittaciformes,Psittacidae,Touit huetii,FALSE,FALSE
Aves,Passeriformes,Thamnophilidae,Thamnophilus cryptoleucus,FALSE,FALSE
Equisetopsida,Malpighiales,Humiriaceae,Vantanea spichigeri,TRUE,FALSE
Equisetopsida,Malpighiales,Humiriaceae,Vantanea parviflora,FALSE,FALSE
Aves,Passeriformes,Thamnophilidae,Thamnophilus doliatus,FALSE,FALSE
Aves,Passeriformes,Turdidae,Turdus ignobilis,FALSE,FALSE
Aves,Passeriformes,Thraupidae,Thlypopsis sordida,FALSE,FALSE
Aves,Passeriformes,Thamnophilidae,Thamnophilus murinus,FALSE,FALSE
Equisetopsida,Sapindales,Rutaceae,Zanthoxylum compactum,FALSE,FALSE
Aves,Charadriiformes,Charadriidae,Vanellus cayanus,FALSE,FALSE
Equisetopsida,Sapindales,Sapindaceae,Talisia cerasina,FALSE,FALSE
Aves,Passeriformes,Thamnophilidae,Thamnophilus schistaceus,FALSE,FALSE
Equisetopsida,Fabales,Fabaceae,Swartzia auriculata,FALSE,FALSE
Aves,Passeriformes,Turdidae,Turdus obsoletus,FALSE,FALSE
Mammalia,Chiroptera,Phyllostomidae,Vampyriscus bidens,FALSE,FALSE
Equisetopsida,Dioscoreales,Thismiaceae,Thismia hyalina,FALSE,FALSE
Actinopterygii,Siluriformes,Auchenipteridae,Trachelyopterus galeatus,FALSE,FALSE
Aves,Pelecaniformes,Ardeidae,Zebrilus undulatus,FALSE,FALSE
Aves,Passeriformes,Tyrannidae,Zimmerius gracilipes,FALSE,FALSE
Equisetopsida,Fabales,Fabaceae,Swartzia simplex,FALSE,FALSE
Equisetopsida,Alismatales,Araceae,Thaumatophyllum solimoesense,FALSE,FALSE
Equisetopsida,Alismatales,Araceae,Thaumatophyllum spruceanum,FALSE,FALSE
Actinopterygii,Characiformes,Characidae,Thayeria obliqua,FALSE,FALSE
Equisetopsida,Magnoliales,Annonaceae,Xylopia ligustrifolia,FALSE,FALSE
Equisetopsida,Fabales,Fabaceae,Swartzia calophylla,FALSE,FALSE
Aves,Passeriformes,Pipridae,Tyranneutes stolzmanni,FALSE,FALSE
Equisetopsida,Fabales,Fabaceae,Swartzia cardiosperma,FALSE,FALSE
Equisetopsida,Magnoliales,Annonaceae,Xylopia micans,FALSE,FALSE
Aves,Passeriformes,Tyrannidae,Tolmomyias flaviventris,FALSE,FALSE
Equisetopsida,Asterales,Asteraceae,Struchium sparganophorum,FALSE,FALSE
Aves,Passeriformes,Tyrannidae,Tyrannopsis sulphurea,FALSE,FALSE
Equisetopsida,Magnoliales,Annonaceae,Xylopia neglecta,FALSE,FALSE
Aves,Passeriformes,Tyrannidae,Tyrannulus elatus,FALSE,FALSE
Equisetopsida,Gentianales,Loganiaceae,Strychnos poeppigii,FALSE,FALSE
Equisetopsida,Lamiales,Lentibulariaceae,Utricularia gibba,FALSE,FALSE
Equisetopsida,Lamiales,Lentibulariaceae,Utricularia foliosa,FALSE,FALSE
Aves,Passeriformes,Tyrannidae,Tyrannus albogularis,FALSE,FALSE
Equisetopsida,Alismatales,Araceae,Urospatha sagittifolia,FALSE,FALSE
Equisetopsida,Malpighiales,Salicaceae,Xylosma benthamii,FALSE,FALSE
Equisetopsida,Malpighiales,Salicaceae,Xylosma intermedia,FALSE,FALSE
Equisetopsida,Fabales,Fabaceae,Swartzia gracilis,FALSE,FALSE
Equisetopsida,Gentianales,Loganiaceae,Strychnos panamensis,FALSE,FALSE
Mammalia,Chiroptera,Phyllostomidae,Uroderma magnirostrum,FALSE,FALSE
Aves,Passeriformes,Tyrannidae,Tyrannus melancholicus,FALSE,FALSE
Equisetopsida,Malpighiales,Salicaceae,Xylosma tessmannii,FALSE,FALSE
Equisetopsida,Gentianales,Loganiaceae,Strychnos mattogrossensis,FALSE,FALSE
Aves,Passeriformes,Tyrannidae,Tyrannus savana,FALSE,FALSE
Aves,Passeriformes,Hirundinidae,Tachycineta albiventer,FALSE,FALSE
Equisetopsida,Malvales,Malvaceae,Theobroma subincanum,FALSE,FALSE
Mammalia,Chiroptera,Phyllostomidae,Uroderma bilobatum,FALSE,FALSE
Aves,Passeriformes,Tyrannidae,Tyrannus tyrannus,FALSE,FALSE
