Clase,Orden,Familia,Especie,endemica,amenazada
Equisetopsida,Asterales,Asteraceae,Gamochaeta americana,FALSE,FALSE
Equisetopsida,Asterales,Asteraceae,Hypochaeris andina,FALSE,FALSE
Equisetopsida,Asterales,Asteraceae,Paranephelius ovatus,FALSE,FALSE
Aves,Gruiformes,Rallidae,Gallinula galeata,FALSE,FALSE
Aves,Apodiformes,Apodidae,Aeronautes andecolus,FALSE,FALSE
Aves,Charadriiformes,Scolopacidae,Gallinago jamesoni,FALSE,FALSE
Aves,Charadriiformes,Scolopacidae,Gallinago imperialis,FALSE,FALSE
Aves,Charadriiformes,Scolopacidae,Gallinago andina,FALSE,FALSE
Equisetopsida,Asterales,Asteraceae,Hypochaeris glabrata,FALSE,FALSE
Equisetopsida,Gentianales,Rubiaceae,Galium hypocarpium,FALSE,FALSE
Equisetopsida,Gentianales,Rubiaceae,Galium canescens,FALSE,FALSE
Aves,Gruiformes,Rallidae,Pardirallus sanguinolentus,FALSE,FALSE
Equisetopsida,Asterales,Asteraceae,Galinsoga quadriradiata,FALSE,FALSE
Equisetopsida,Asterales,Asteraceae,Galinsoga mandonii,FALSE,FALSE
Equisetopsida,Gentianales,Rubiaceae,Galianthe peruviana,FALSE,FALSE
Aves,Passeriformes,Thraupidae,Sporophila luctuosa,FALSE,FALSE
Equisetopsida,Proteales,Sabiaceae,Meliosma caldasii,FALSE,FALSE
Equisetopsida,Asparagales,Orchidaceae,Sobralia dichotoma,FALSE,FALSE
Aves,Passeriformes,Tyrannidae,Ochthoeca oenanthoides,FALSE,FALSE
Equisetopsida,Santalales,Loranthaceae,Gaiadendron punctatum,FALSE,FALSE
Equisetopsida,Asparagales,Orchidaceae,Masdevallia karineae,TRUE,TRUE
Equisetopsida,Asparagales,Asparagaceae,Furcraea andina,FALSE,FALSE
Equisetopsida,Funariales,Funariaceae,Funaria hygrometrica,FALSE,FALSE
Equisetopsida,Funariales,Funariaceae,Funaria calvescens,FALSE,FALSE
Aves,Passeriformes,Tyrannidae,Ochthoeca leucophrys,FALSE,FALSE
Equisetopsida,Asparagales,Orchidaceae,Sobralia scopulorum,FALSE,FALSE
Aves,Gruiformes,Rallidae,Fulica ardesiaca,FALSE,FALSE
Equisetopsida,Malvales,Malvaceae,Fuertesimalva peruviana,FALSE,FALSE
Equisetopsida,Myrtales,Onagraceae,Fuchsia vargasiana,TRUE,FALSE
Equisetopsida,Myrtales,Onagraceae,Fuchsia tincta,TRUE,FALSE
Equisetopsida,Myrtales,Onagraceae,Fuchsia sanctae-rosae,FALSE,FALSE
Equisetopsida,Myrtales,Onagraceae,Fuchsia inflata,TRUE,FALSE
Equisetopsida,Myrtales,Onagraceae,Fuchsia denticulata,FALSE,FALSE
Equisetopsida,Myrtales,Onagraceae,Fuchsia boliviana,FALSE,FALSE
Equisetopsida,Myrtales,Onagraceae,Fuchsia austromontana,TRUE,FALSE
Equisetopsida,Myrtales,Onagraceae,Fuchsia apetala,FALSE,FALSE
Equisetopsida,Porellales,Frullaniaceae,Frullania laxiflora,FALSE,FALSE
Equisetopsida,Asparagales,Orchidaceae,Frondaria caulescens,FALSE,FALSE
Equisetopsida,Caryophyllales,Caryophyllaceae,Paronychia andina,FALSE,FALSE
Aves,Passeriformes,Tyrannidae,Ochthoeca fumicolor,FALSE,FALSE
Equisetopsida,Ericales,Pentaphylacaceae,Freziera reticulata,FALSE,FALSE
Equisetopsida,Ericales,Pentaphylacaceae,Freziera lanata,FALSE,FALSE
Equisetopsida,Ericales,Pentaphylacaceae,Freziera alata,FALSE,FALSE
Aves,Passeriformes,Tyrannidae,Ochthoeca frontalis,FALSE,FALSE
Equisetopsida,Poales,Poaceae,Paspalum bonplandianum,FALSE,FALSE
Equisetopsida,Poales,Poaceae,Paspalum candidum,FALSE,FALSE
Equisetopsida,Asparagales,Iridaceae,Freesia refracta,FALSE,FALSE
Equisetopsida,Asparagales,Orchidaceae,Sobralia virginalis,FALSE,TRUE
Insecta,Lepidoptera,Nymphalidae,Hypomenitis adromica andania,FALSE,FALSE
Equisetopsida,Polypodiales,Pteridaceae,Anogramma leptophylla,FALSE,FALSE
Equisetopsida,Malvales,Malvaceae,Anoda cristata,FALSE,FALSE
Equisetopsida,Poales,Poaceae,Paspalum distichum,FALSE,FALSE
Insecta,Lepidoptera,Erebidae,Hypomolis ockendeni,FALSE,FALSE
Equisetopsida,Rosales,Rhamnaceae,Frangula sphaerosperma,FALSE,FALSE
Equisetopsida,Rosales,Rosaceae,Fragaria vesca,FALSE,FALSE
Equisetopsida,Poales,Poaceae,Paspalum humboldtianum,FALSE,FALSE
Insecta,Lepidoptera,Erebidae,Hypomolis viridoides,FALSE,FALSE
Equisetopsida,Poales,Poaceae,Paspalum paniculatum,FALSE,FALSE
Equisetopsida,Asparagales,Orchidaceae,Sobralia weberbaueriana,TRUE,FALSE
Insecta,Lepidoptera,Nymphalidae,Forsterinaria rustica rustica,FALSE,FALSE
Equisetopsida,Poales,Poaceae,Paspalum penicillatum,FALSE,FALSE
Equisetopsida,Poales,Poaceae,Paspalum prostratum,FALSE,FALSE
Equisetopsida,Poales,Poaceae,Paspalum pygmaeum,FALSE,FALSE
Equisetopsida,Asparagales,Orchidaceae,Masdevallia marizae,TRUE,TRUE
Equisetopsida,Poales,Poaceae,Paspalum vaginatum,FALSE,FALSE
Equisetopsida,Poales,Poaceae,Paspalum virgatum,FALSE,FALSE
Aves,Passeriformes,Formicariidae,Formicarius rufipectus,FALSE,FALSE
Equisetopsida,Asparagales,Orchidaceae,Masdevallia veitchiana,TRUE,TRUE
Aves,Passeriformes,Tyrannidae,Ochthoeca cinnamomeiventris,FALSE,FALSE
Equisetopsida,Apiales,Apiaceae,Foeniculum vulgare,FALSE,FALSE
Equisetopsida,Malvales,Malvaceae,Ochroma pyramidale,FALSE,FALSE
Equisetopsida,Asterales,Asteraceae,Fleischmannia vargasii,TRUE,FALSE
Equisetopsida,Asterales,Asteraceae,Fleischmannia rhodotephra,TRUE,FALSE
Equisetopsida,Dicranales,Fissidentaceae,Fissidens asplenioides,FALSE,FALSE
Equisetopsida,Brassicales,Cleomaceae,Melidiscus giganteus,FALSE,FALSE
Equisetopsida,Asparagales,Orchidaceae,Masdevallia welischii,TRUE,TRUE
Equisetopsida,Malpighiales,Passifloraceae,Passiflora gracilens,FALSE,FALSE
Equisetopsida,Malpighiales,Passifloraceae,Passiflora kermesina,FALSE,FALSE
Equisetopsida,Malpighiales,Passifloraceae,Passiflora ligularis,FALSE,FALSE
Equisetopsida,Rosales,Moraceae,Ficus trigona,FALSE,FALSE
Equisetopsida,Malpighiales,Passifloraceae,Passiflora menispermifolia,FALSE,FALSE
Equisetopsida,Rosales,Moraceae,Ficus tonduzii,FALSE,FALSE
Equisetopsida,Rosales,Moraceae,Ficus subandina,FALSE,FALSE
Equisetopsida,Rosales,Moraceae,Ficus sodiroi,FALSE,FALSE
Equisetopsida,Malpighiales,Passifloraceae,Passiflora mixta,FALSE,FALSE
Equisetopsida,Rosales,Moraceae,Ficus pertusa,FALSE,FALSE
Equisetopsida,Rosales,Moraceae,Ficus pallida,FALSE,FALSE
Equisetopsida,Rosales,Moraceae,Ficus obtusifolia,FALSE,FALSE
Equisetopsida,Rosales,Moraceae,Ficus mutisii,FALSE,FALSE
Equisetopsida,Malpighiales,Passifloraceae,Passiflora quadriflora,FALSE,FALSE
Equisetopsida,Rosales,Moraceae,Ficus maxima,FALSE,FALSE
Equisetopsida,Rosales,Moraceae,Ficus machupicchuensis,FALSE,FALSE
Equisetopsida,Malpighiales,Passifloraceae,Passiflora serratodigitata,FALSE,FALSE
Equisetopsida,Rosales,Moraceae,Ficus insipida,FALSE,FALSE
Insecta,Lepidoptera,Lycaenidae,Ocaria aholiba,FALSE,FALSE
Equisetopsida,Malpighiales,Passifloraceae,Passiflora tripartita,FALSE,FALSE
Equisetopsida,Rosales,Moraceae,Ficus gigantosyce,FALSE,FALSE
Equisetopsida,Malpighiales,Passifloraceae,Passiflora trisecta,FALSE,FALSE
Equisetopsida,Rosales,Moraceae,Ficus eximia,FALSE,FALSE
Equisetopsida,Rosales,Moraceae,Ficus cuatrecasasiana,FALSE,FALSE
Equisetopsida,Lamiales,Lamiaceae,Hyptidendron arboreum,FALSE,FALSE
Equisetopsida,Rosales,Moraceae,Ficus crassiuscula,FALSE,FALSE
Equisetopsida,Rosales,Moraceae,Ficus coerulescens,FALSE,FALSE
Equisetopsida,Lamiales,Lamiaceae,Hyptis mutabilis,FALSE,FALSE
Equisetopsida,Rosales,Moraceae,Ficus casapiensis,FALSE,FALSE
Equisetopsida,Rosales,Moraceae,Ficus carica,FALSE,FALSE
Equisetopsida,Lamiales,Lamiaceae,Hyptis odorata,FALSE,FALSE
Equisetopsida,Lamiales,Lamiaceae,Hyptis pectinata,FALSE,FALSE
Equisetopsida,Rosales,Moraceae,Ficus apollinaris,FALSE,FALSE
Aves,Columbiformes,Columbidae,Patagioenas cayennensis,FALSE,FALSE
Equisetopsida,Poales,Poaceae,Festuca ulochaeta,FALSE,FALSE
Equisetopsida,Poales,Poaceae,Festuca rigidifolia,TRUE,FALSE
Aves,Columbiformes,Columbidae,Patagioenas fasciata,FALSE,FALSE
Equisetopsida,Poales,Poaceae,Festuca myuros,FALSE,FALSE
Equisetopsida,Poales,Poaceae,Festuca lasiorrhachis,FALSE,FALSE
Equisetopsida,Poales,Poaceae,Festuca hieronymi,FALSE,FALSE
Equisetopsida,Poales,Poaceae,Festuca dolichophylla,FALSE,FALSE
Equisetopsida,Poales,Poaceae,Festuca dichoclada,FALSE,FALSE
Equisetopsida,Asterales,Asteraceae,Ferreyranthus verbascifolius,FALSE,FALSE
Aves,Columbiformes,Columbidae,Patagioenas maculosa,FALSE,FALSE
Equisetopsida,Asparagales,Orchidaceae,Fernandezia tortuosa,FALSE,FALSE
Equisetopsida,Asparagales,Orchidaceae,Fernandezia theodorii,FALSE,FALSE
Equisetopsida,Asparagales,Orchidaceae,Fernandezia pectinata,FALSE,FALSE
Equisetopsida,Asparagales,Orchidaceae,Fernandezia gracillima,FALSE,FALSE
Equisetopsida,Asparagales,Orchidaceae,Fernandezia distichoides,FALSE,FALSE
Equisetopsida,Asparagales,Orchidaceae,Fernandezia crystallina,FALSE,FALSE
Equisetopsida,Lamiales,Lamiaceae,Hyptis tafallae,FALSE,FALSE
Aves,Columbiformes,Columbidae,Patagioenas plumbea,FALSE,FALSE
Equisetopsida,Rosales,Rosaceae,Mespilus germanica,FALSE,FALSE
Equisetopsida,Fabales,Polygalaceae,Monnina pachycoma,TRUE,FALSE
Equisetopsida,Magnoliales,Annonaceae,Annona cherimola,FALSE,FALSE
Equisetopsida,Gentianales,Rubiaceae,Faramea occidentalis,FALSE,FALSE
Equisetopsida,Lamiales,Lamiaceae,Hyptis uncinata,FALSE,FALSE
Equisetopsida,Gentianales,Rubiaceae,Faramea multiflora,FALSE,FALSE
Equisetopsida,Asparagales,Orchidaceae,Aa rosei,FALSE,FALSE
Aves,Columbiformes,Columbidae,Patagioenas subvinacea,FALSE,FALSE
Insecta,Lepidoptera,Pieridae,Mathania agasicles agasicles,FALSE,FALSE
Equisetopsida,Gentianales,Rubiaceae,Faramea jasminoides,FALSE,FALSE
Equisetopsida,Gentianales,Rubiaceae,Faramea glandulosa,FALSE,FALSE
Equisetopsida,Gentianales,Rubiaceae,Faramea candelabrum,FALSE,FALSE
Aves,Apodiformes,Trochilidae,Patagona gigas,FALSE,FALSE
Amphibia,Anura,Centrolenidae,Nymphargus pluvialis,FALSE,TRUE
Aves,Falconiformes,Falconidae,Falco sparverius,FALSE,FALSE
Equisetopsida,Solanales,Solanaceae,Solanum acerifolium,FALSE,FALSE
Aves,Passeriformes,Thraupidae,Sporophila nigricollis,FALSE,FALSE
Insecta,Lepidoptera,Erebidae,Aemilia rubriplaga,FALSE,FALSE
Insecta,Lepidoptera,Erebidae,Aemilia mincosa,FALSE,FALSE
Insecta,Lepidoptera,Sphingidae,Aellopos titan,FALSE,FALSE
Aves,Falconiformes,Falconidae,Falco peregrinus,FALSE,FALSE
Equisetopsida,Poales,Poaceae,Aegopogon cenchroides,FALSE,FALSE
Equisetopsida,Solanales,Solanaceae,Solanum aloysiifolium,FALSE,FALSE
Aves,Passeriformes,Thraupidae,Anisognathus somptuosus,FALSE,FALSE
Aves,Falconiformes,Falconidae,Falco femoralis,FALSE,FALSE
Aves,Falconiformes,Falconidae,Falco deiroleucus,FALSE,FALSE
Aves,Passeriformes,Thraupidae,Anisognathus lacrymosus,FALSE,FALSE
Equisetopsida,Brassicales,Brassicaceae,Exhalimolobos hispidulus,FALSE,FALSE
Equisetopsida,Malvales,Malvaceae,Pavonia paniculata,FALSE,FALSE
Equisetopsida,Lamiales,Lamiaceae,Aegiphila mortoni,FALSE,FALSE
Aves,Passeriformes,Thraupidae,Anisognathus igniventris,FALSE,FALSE
Mammalia,Chiroptera,Molossidae,Nyctinomops laticaudatus,FALSE,FALSE
Equisetopsida,Asparagales,Orchidaceae,Ida maxibractea,TRUE,FALSE
Aves,Apodiformes,Trochilidae,Eutoxeres condamini,FALSE,FALSE
Equisetopsida,Polypodiales,Polypodiaceae,Pecluma camptophyllaria,FALSE,FALSE
Equisetopsida,Polypodiales,Polypodiaceae,Pecluma filicula,FALSE,FALSE
Aves,Passeriformes,Thraupidae,Idiopsar speculiger,FALSE,FALSE
Equisetopsida,Polypodiales,Polypodiaceae,Pecluma plumula,FALSE,FALSE
Equisetopsida,Asparagales,Amaryllidaceae,Eustephia darwinii,TRUE,FALSE
Equisetopsida,Aquifoliales,Aquifoliaceae,Ilex andicola,FALSE,FALSE
Insecta,Lepidoptera,Nymphalidae,Pedaliodes amafania,FALSE,FALSE
Equisetopsida,Aquifoliales,Aquifoliaceae,Ilex boliviana,FALSE,FALSE
Equisetopsida,Aquifoliales,Aquifoliaceae,Ilex cuzcoana,FALSE,FALSE
Equisetopsida,Aquifoliales,Aquifoliaceae,Ilex elliptica,FALSE,FALSE
Insecta,Lepidoptera,Nymphalidae,Pedaliodes ferratilis,FALSE,FALSE
Insecta,Lepidoptera,Nymphalidae,Pedaliodes hopfferi,FALSE,FALSE
Insecta,Lepidoptera,Nymphalidae,Pedaliodes manis,FALSE,FALSE
Equisetopsida,Aquifoliales,Aquifoliaceae,Ilex hippocrateoides,FALSE,FALSE
Insecta,Lepidoptera,Nymphalidae,Pedaliodes montagna,FALSE,FALSE
Insecta,Lepidoptera,Nymphalidae,Pedaliodes paleopolis,FALSE,FALSE
Insecta,Lepidoptera,Nymphalidae,Pedaliodes parma,FALSE,FALSE
Insecta,Lepidoptera,Nymphalidae,Pedaliodes pausia,FALSE,FALSE
Insecta,Lepidoptera,Nymphalidae,Pedaliodes peruviana,FALSE,FALSE
Equisetopsida,Geraniales,Geraniaceae,Pelargonium peltatum,FALSE,FALSE
Equisetopsida,Geraniales,Geraniaceae,Pelargonium zonale,FALSE,FALSE
Equisetopsida,Asparagales,Orchidaceae,Pelexia bonariensis,FALSE,FALSE
Equisetopsida,Asparagales,Orchidaceae,Pelexia laxa,FALSE,FALSE
Equisetopsida,Polypodiales,Pteridaceae,Pellaea ovata,FALSE,FALSE
Equisetopsida,Polypodiales,Pteridaceae,Pellaea sagittata,FALSE,FALSE
Equisetopsida,Polypodiales,Pteridaceae,Pellaea ternifolia,FALSE,FALSE
Equisetopsida,Aquifoliales,Aquifoliaceae,Ilex nervosa,FALSE,FALSE
Insecta,Lepidoptera,Erebidae,Pelochyta arontes,FALSE,FALSE
Insecta,Lepidoptera,Lycaenidae,Penaincisalia loxurina,FALSE,FALSE
Insecta,Lepidoptera,Lycaenidae,Penaincisalia muela,FALSE,FALSE
Equisetopsida,Asparagales,Orchidaceae,Pendusalpinx berlineri,FALSE,FALSE
Equisetopsida,Asparagales,Orchidaceae,Pendusalpinx dependens,FALSE,FALSE
Insecta,Lepidoptera,Hesperiidae,Anisochoria albida albida,FALSE,FALSE
Equisetopsida,Aquifoliales,Aquifoliaceae,Ilex uniflora,FALSE,FALSE
Aves,Eurypygiformes,Eurypygidae,Eurypyga helias,FALSE,FALSE
Mammalia,Rodentia,Cricetidae,Euryoryzomys nitidus,FALSE,FALSE
Equisetopsida,Rosales,Moraceae,Morus insignis,FALSE,FALSE
Insecta,Lepidoptera,Sphingidae,Euryglotis aper,FALSE,FALSE
Aves,Pelecaniformes,Ardeidae,Nycticorax nycticorax,FALSE,FALSE
Aves,Galliformes,Cracidae,Penelope montagnii,FALSE,FALSE
Insecta,Lepidoptera,Pieridae,Eurema reticulata,FALSE,FALSE
Insecta,Lepidoptera,Pieridae,Eurema clathea obsoleta,FALSE,FALSE
Equisetopsida,Poales,Poaceae,Pennisetum bambusiforme,FALSE,FALSE
Equisetopsida,Poales,Poaceae,Pennisetum clandestinum,FALSE,FALSE
Equisetopsida,Poales,Poaceae,Pennisetum latifolium,FALSE,FALSE
Equisetopsida,Poales,Poaceae,Pennisetum sagittatum,FALSE,FALSE
Equisetopsida,Poales,Poaceae,Pennisetum tristachyum,FALSE,FALSE
Equisetopsida,Asterales,Asteraceae,Pentacalia epiphytica,FALSE,FALSE
Equisetopsida,Asterales,Asteraceae,Pentacalia jelskii,FALSE,FALSE
Equisetopsida,Asterales,Asteraceae,Pentacalia nunezii,TRUE,TRUE
Equisetopsida,Asterales,Asteraceae,Pentacalia oronocensis,FALSE,FALSE
Equisetopsida,Malpighiales,Euphorbiaceae,Euphorbia pulcherrima,FALSE,FALSE
Equisetopsida,Malpighiales,Euphorbiaceae,Euphorbia poeppigii,FALSE,FALSE
Equisetopsida,Asterales,Asteraceae,Pentacalia reflexa,FALSE,FALSE
Equisetopsida,Asterales,Asteraceae,Pentacalia urubambensis,TRUE,FALSE
Equisetopsida,Solanales,Solanaceae,Solanum americanum,FALSE,FALSE
Equisetopsida,Ericales,Balsaminaceae,Impatiens balsamina,FALSE,FALSE
Equisetopsida,Malpighiales,Euphorbiaceae,Euphorbia peplus,FALSE,FALSE
Equisetopsida,Malpighiales,Euphorbiaceae,Euphorbia milii,FALSE,FALSE
Equisetopsida,Malpighiales,Euphorbiaceae,Euphorbia hyssopifolia,FALSE,FALSE
Equisetopsida,Malpighiales,Euphorbiaceae,Euphorbia huanchahana,FALSE,FALSE
Insecta,Lepidoptera,Erebidae,Mesothen petosiris,FALSE,FALSE
Equisetopsida,Piperales,Piperaceae,Peperomia acuminata,FALSE,FALSE
Aves,Passeriformes,Fringillidae,Euphonia xanthogaster,FALSE,FALSE
Insecta,Lepidoptera,Erebidae,Mesothen ockendeni,FALSE,FALSE
Equisetopsida,Piperales,Piperaceae,Peperomia chalhuapuquiana,FALSE,FALSE
Equisetopsida,Piperales,Piperaceae,Peperomia circinnata,FALSE,FALSE
Insecta,Lepidoptera,Erebidae,Mesothen nomia,FALSE,FALSE
Aves,Passeriformes,Fringillidae,Euphonia laniirostris,FALSE,FALSE
Equisetopsida,Piperales,Piperaceae,Peperomia galioides,FALSE,FALSE
Equisetopsida,Piperales,Piperaceae,Peperomia giliberti,TRUE,FALSE
Equisetopsida,Piperales,Piperaceae,Peperomia glabella,FALSE,FALSE
Equisetopsida,Asterales,Asteraceae,Eupatorium pintobambense,FALSE,FALSE
Equisetopsida,Piperales,Piperaceae,Peperomia herrerae,TRUE,FALSE
Equisetopsida,Piperales,Piperaceae,Peperomia heterophylla,FALSE,FALSE
Equisetopsida,Fabales,Fabaceae,Inga adenophylla,FALSE,FALSE
Equisetopsida,Piperales,Piperaceae,Peperomia macrostachya,FALSE,FALSE
Equisetopsida,Piperales,Piperaceae,Peperomia maransara,TRUE,FALSE
Equisetopsida,Piperales,Piperaceae,Peperomia ollantaitambona,TRUE,FALSE
Equisetopsida,Piperales,Piperaceae,Peperomia peruviana,TRUE,FALSE
Equisetopsida,Fabales,Fabaceae,Inga coerulescens,FALSE,FALSE
Insecta,Lepidoptera,Sphingidae,Nyceryx hiposticta,FALSE,FALSE
Aves,Strigiformes,Strigidae,Megascops choliba,FALSE,FALSE
Equisetopsida,Fabales,Fabaceae,Inga feuillei,FALSE,FALSE
Equisetopsida,Fabales,Fabaceae,Inga hirsutissima,FALSE,FALSE
Equisetopsida,Laurales,Lauraceae,Aniba guianensis,FALSE,FALSE
Equisetopsida,Fabales,Fabaceae,Inga marginata,FALSE,FALSE
Equisetopsida,Piperales,Piperaceae,Peperomia tetraphylla,FALSE,FALSE
Equisetopsida,Fabales,Fabaceae,Inga oerstediana,FALSE,FALSE
Insecta,Lepidoptera,Nymphalidae,Morpho lympharis descimokeonigi,FALSE,FALSE
Equisetopsida,Asparagales,Orchidaceae,Anguloa virginalis,FALSE,TRUE
Insecta,Lepidoptera,Nymphalidae,Eueides aliphera aliphera,FALSE,FALSE
Aves,Apodiformes,Trochilidae,Aglaiocercus kingi,FALSE,FALSE
Equisetopsida,Gentianales,Rubiaceae,Notopleura macrophylla,FALSE,FALSE
Insecta,Lepidoptera,Erebidae,Eucereon vestalis,FALSE,FALSE
Insecta,Lepidoptera,Erebidae,Eucereon pseudocasca,FALSE,FALSE
Insecta,Lepidoptera,Pieridae,Pereute callinira callinira,FALSE,FALSE
Insecta,Lepidoptera,Erebidae,Eucereon nebulosum,FALSE,FALSE
Insecta,Lepidoptera,Erebidae,Eucereon myrtusa,FALSE,FALSE
Equisetopsida,Asterales,Asteraceae,Noticastrum marginatum,FALSE,FALSE
Insecta,Lepidoptera,Erebidae,Eucereon davidi,FALSE,FALSE
Insecta,Lepidoptera,Erebidae,Eucereon confinis,FALSE,FALSE
Insecta,Lepidoptera,Erebidae,Eucereon carabayana,FALSE,FALSE
Insecta,Lepidoptera,Sphingidae,Eucereon arpi,FALSE,FALSE
Equisetopsida,Asparagales,Amaryllidaceae,Nothoscordum andicola,FALSE,FALSE
Aves,Tinamiformes,Tinamidae,Nothoprocta taczanowskii,FALSE,TRUE
Equisetopsida,Myrtales,Myrtaceae,Eucalyptus globulus,FALSE,FALSE
Aves,Piciformes,Capitonidae,Eubucco versicolor,FALSE,FALSE
Equisetopsida,Asterales,Asteraceae,Perezia pungens,FALSE,FALSE
Aves,Tinamiformes,Tinamidae,Nothoprocta pentlandii,FALSE,FALSE
Insecta,Lepidoptera,Sphingidae,Perigonia stulta,FALSE,FALSE
Insecta,Lepidoptera,Nymphalidae,Perisama humboldtii tringa,FALSE,FALSE
Insecta,Lepidoptera,Nymphalidae,Perisama lebassi hilaria,FALSE,FALSE
Insecta,Lepidoptera,Nymphalidae,Perisama pjilinus saussurei,FALSE,FALSE
Insecta,Lepidoptera,Nymphalidae,Perisama yerba alicia,FALSE,FALSE
Equisetopsida,Asterales,Asteraceae,Matricaria chamomilla,FALSE,FALSE
Equisetopsida,Solanales,Solanaceae,Solanum asperolanatum,FALSE,FALSE
Equisetopsida,Ranunculales,Ranunculaceae,Anemone helleborifolia,FALSE,FALSE
Equisetopsida,Schizaeales,Anemiaceae,Anemia phyllitidis,FALSE,FALSE
Equisetopsida,Schizaeales,Anemiaceae,Anemia pastinacaria,FALSE,FALSE
Equisetopsida,Schizaeales,Anemiaceae,Anemia flexuosa,FALSE,FALSE
Mammalia,Chiroptera,Emballonuridae,Peropteryx macrotis,FALSE,FALSE
Equisetopsida,Poales,Poaceae,Andropogon lateralis,FALSE,FALSE
Equisetopsida,Poales,Poaceae,Andropogon glaucescens,FALSE,FALSE
Equisetopsida,Poales,Poaceae,Andropogon bicornis,FALSE,FALSE
Equisetopsida,Ranunculales,Papaveraceae,Eschscholzia californica,FALSE,FALSE
Equisetopsida,Laurales,Lauraceae,Persea americana,FALSE,FALSE
Equisetopsida,Escalloniales,Escalloniaceae,Escallonia resinosa,FALSE,TRUE
Equisetopsida,Escalloniales,Escalloniaceae,Escallonia pendula,FALSE,TRUE
Equisetopsida,Laurales,Lauraceae,Persea caerulea,FALSE,FALSE
Equisetopsida,Escalloniales,Escalloniaceae,Escallonia paniculata,FALSE,FALSE
Equisetopsida,Escalloniales,Escalloniaceae,Escallonia myrtilloides,FALSE,TRUE
Equisetopsida,Escalloniales,Escalloniaceae,Escallonia herrerae,FALSE,FALSE
Equisetopsida,Solanales,Solanaceae,Solanum barbulatum,FALSE,FALSE
Equisetopsida,Laurales,Lauraceae,Persea peruviana,FALSE,FALSE
Insecta,Lepidoptera,Hesperiidae,Moeris cusillunia,FALSE,FALSE
Equisetopsida,Solanales,Solanaceae,Solanum betaceum,FALSE,FALSE
Equisetopsida,Brassicales,Brassicaceae,Matthiola incana,FALSE,FALSE
Reptilia,Serpentes,Dipsadidae,Erythrolamprus typhlus,FALSE,FALSE
Reptilia,Serpentes,Dipsadidae,Erythrolamprus taeniurus,FALSE,FALSE
Equisetopsida,Laurales,Lauraceae,Persea subcordata,FALSE,FALSE
Equisetopsida,Caryophyllales,Polygonaceae,Persicaria hydropiperoides,FALSE,FALSE
Equisetopsida,Solanales,Solanaceae,Solanum buesii,TRUE,TRUE
Aves,Passeriformes,Hirundinidae,Petrochelidon pyrrhonota,FALSE,FALSE
Equisetopsida,Apiales,Apiaceae,Petroselinum crispum,FALSE,FALSE
Equisetopsida,Fabales,Fabaceae,Erythrina falcata,FALSE,FALSE
Equisetopsida,Fabales,Fabaceae,Erythrina edulis,FALSE,FALSE
Aves,Passeriformes,Furnariidae,Phacellodomus striaticeps,FALSE,FALSE
Insecta,Lepidoptera,Erebidae,Phaegoptera decrepidiodes,FALSE,FALSE
Equisetopsida,Solanales,Convolvulaceae,Ipomoea alba,FALSE,FALSE
Aves,Tinamiformes,Tinamidae,Nothoprocta ornata,FALSE,FALSE
Aves,Tinamiformes,Tinamidae,Nothocercus nigrocapillus,FALSE,FALSE
Equisetopsida,Solanales,Convolvulaceae,Ipomoea dumetorum,FALSE,FALSE
Insecta,Lepidoptera,Nymphalidae,Eryphanis zolzivora,FALSE,FALSE
Equisetopsida,Apiales,Apiaceae,Eryngium weberbaueri,FALSE,FALSE
Equisetopsida,Apiales,Apiaceae,Eryngium paniculatum,FALSE,FALSE
Equisetopsida,Solanales,Solanaceae,Solanum callianthum,FALSE,FALSE
Insecta,Lepidoptera,Lycaenidae,Erora senta,FALSE,FALSE
Insecta,Lepidoptera,Lycaenidae,Erora nana,FALSE,FALSE
Equisetopsida,Geraniales,Geraniaceae,Erodium moschatum,FALSE,FALSE
Aves,Apodiformes,Trochilidae,Phaethornis guy,FALSE,FALSE
Equisetopsida,Geraniales,Geraniaceae,Erodium cicutarium,FALSE,FALSE
Equisetopsida,Myrtales,Melastomataceae,Ernestia quadriseta,FALSE,FALSE
Equisetopsida,Sapindales,Anacardiaceae,Mauria denticulata,TRUE,FALSE
Insecta,Lepidoptera,Erebidae,Andrenimorpha jordani,FALSE,FALSE
Equisetopsida,Sapindales,Anacardiaceae,Mauria ferruginea,FALSE,FALSE
Equisetopsida,Solanales,Convolvulaceae,Ipomoea nil,FALSE,FALSE
Equisetopsida,Sapindales,Anacardiaceae,Mauria heterophylla,FALSE,TRUE
Equisetopsida,Polypodiales,Pteridaceae,Eriosorus accrescens,TRUE,FALSE
Aves,Apodiformes,Trochilidae,Eriocnemis luciani,FALSE,FALSE
Insecta,Lepidoptera,Sphingidae,Erinnyis ello ello,FALSE,FALSE
Insecta,Lepidoptera,Sphingidae,Erinnyis alope alope,FALSE,FALSE
Equisetopsida,Solanales,Convolvulaceae,Ipomoea purpurea,FALSE,FALSE
Insecta,Lepidoptera,Nymphalidae,Eresia polina,FALSE,FALSE
Equisetopsida,Solanales,Convolvulaceae,Ipomoea rubriflora,FALSE,FALSE
Equisetopsida,Asterales,Asteraceae,Erechtites hieraciifolius,FALSE,FALSE
Insecta,Lepidoptera,Hesperiidae,Moeris padus,FALSE,FALSE
Equisetopsida,Poales,Poaceae,Eragrostis virescens,FALSE,FALSE
Equisetopsida,Poales,Poaceae,Eragrostis pectinacea,FALSE,FALSE
Equisetopsida,Poales,Poaceae,Eragrostis pastoensis,FALSE,FALSE
Equisetopsida,Poales,Poaceae,Eragrostis nigricans,FALSE,FALSE
Equisetopsida,Poales,Poaceae,Eragrostis lurida,FALSE,FALSE
Equisetopsida,Poales,Poaceae,Eragrostis lugens,FALSE,FALSE
Equisetopsida,Sapindales,Anacardiaceae,Mauria subserrata,FALSE,FALSE
Equisetopsida,Poales,Poaceae,Eragrostis cilianensis,FALSE,FALSE
Equisetopsida,Equisetales,Equisetaceae,Equisetum giganteum,FALSE,FALSE
Insecta,Lepidoptera,Nymphalidae,Noreppa chromus chromus,FALSE,FALSE
Insecta,Lepidoptera,Erebidae,Phaio coeruleonigra,FALSE,FALSE
Insecta,Lepidoptera,Erebidae,Phaio quadriguttata,FALSE,FALSE
Equisetopsida,Equisetales,Equisetaceae,Equisetum bogotense,FALSE,FALSE
Mammalia,Chiroptera,Vespertilionidae,Eptesicus (Histiotus) montanus,FALSE,FALSE
Aves,Suliformes,Phalacrocoracidae,Phalacrocorax brasilianus,FALSE,FALSE
Equisetopsida,Caryophyllales,Cactaceae,Epiphyllum phyllanthus,FALSE,FALSE
Insecta,Lepidoptera,Nymphalidae,Epiphile epicaste latifasciata,FALSE,FALSE
Insecta,Lepidoptera,Nymphalidae,Epiphile boliviana,FALSE,FALSE
Aves,Charadriiformes,Scolopacidae,Phalaropus tricolor,FALSE,FALSE
Equisetopsida,Asterales,Asteraceae,Nordenstamia repanda,FALSE,FALSE
Aves,Falconiformes,Falconidae,Phalcoboenus megalopterus,FALSE,FALSE
Equisetopsida,Myrtales,Onagraceae,Epilobium denticulatum,FALSE,FALSE
Equisetopsida,Solanales,Solanaceae,Solanum coelestispetalum,TRUE,FALSE
Equisetopsida,Asparagales,Orchidaceae,Andinia vestigipetala,FALSE,FALSE
Equisetopsida,Caryophyllales,Amaranthaceae,Iresine diffusa fo. herbstii,FALSE,FALSE
Insecta,Lepidoptera,Hesperiidae,Phanes monastica,FALSE,FALSE
Equisetopsida,Asparagales,Orchidaceae,Epidendrum urubambae,TRUE,FALSE
Aves,Trogoniformes,Trogonidae,Pharomachrus antisianus,FALSE,FALSE
Equisetopsida,Asparagales,Orchidaceae,Epidendrum trachysepalum,FALSE,FALSE
Equisetopsida,Asparagales,Orchidaceae,Epidendrum trachydipterum,FALSE,FALSE
Equisetopsida,Asparagales,Orchidaceae,Epidendrum syringothyrsis,FALSE,FALSE
Equisetopsida,Asparagales,Orchidaceae,Epidendrum subliberum,TRUE,FALSE
Equisetopsida,Asparagales,Orchidaceae,Epidendrum stenophyton,FALSE,FALSE
Equisetopsida,Asparagales,Orchidaceae,Epidendrum soratae,FALSE,FALSE
Equisetopsida,Asparagales,Orchidaceae,Epidendrum sophronitis,FALSE,FALSE
Equisetopsida,Asparagales,Orchidaceae,Epidendrum secundum,FALSE,FALSE
Aves,Trogoniformes,Trogonidae,Pharomachrus auriceps,FALSE,FALSE
Equisetopsida,Asparagales,Orchidaceae,Epidendrum scutella,TRUE,TRUE
Equisetopsida,Asparagales,Orchidaceae,Epidendrum schlimii,FALSE,FALSE
Equisetopsida,Asparagales,Orchidaceae,Epidendrum saxicola,FALSE,FALSE
Equisetopsida,Asparagales,Orchidaceae,Epidendrum rondosianum,TRUE,FALSE
Equisetopsida,Asparagales,Orchidaceae,Epidendrum roncanum,FALSE,FALSE
Equisetopsida,Asparagales,Orchidaceae,Epidendrum quispei,TRUE,FALSE
Equisetopsida,Asparagales,Orchidaceae,Epidendrum pseudogramineum,FALSE,FALSE
Equisetopsida,Asparagales,Orchidaceae,Epidendrum pleurobotrys,FALSE,FALSE
Equisetopsida,Asparagales,Orchidaceae,Epidendrum physopus,TRUE,FALSE
Equisetopsida,Asparagales,Orchidaceae,Epidendrum philippii,TRUE,FALSE
Equisetopsida,Asparagales,Orchidaceae,Epidendrum paniculatum,FALSE,FALSE
Equisetopsida,Fabales,Fabaceae,Phaseolus augusti,FALSE,FALSE
Equisetopsida,Asparagales,Orchidaceae,Epidendrum pachychilum,FALSE,FALSE
Equisetopsida,Asparagales,Orchidaceae,Epidendrum pachacutequianum,TRUE,FALSE
Equisetopsida,Asparagales,Orchidaceae,Epidendrum ochoae,TRUE,FALSE
Equisetopsida,Asparagales,Orchidaceae,Epidendrum mormontoyi,TRUE,FALSE
Aves,Charadriiformes,Charadriidae,Phegornis mitchellii,FALSE,FALSE
Equisetopsida,Asparagales,Orchidaceae,Epidendrum monzonense,TRUE,FALSE
Equisetopsida,Asparagales,Orchidaceae,Epidendrum modestum,TRUE,FALSE
Equisetopsida,Asparagales,Orchidaceae,Epidendrum mesomicron,FALSE,FALSE
Aves,Passeriformes,Thraupidae,Iridosornis analis,FALSE,FALSE
Equisetopsida,Asparagales,Orchidaceae,Epidendrum mancum,FALSE,FALSE
Aves,Piciformes,Ramphastidae,Andigena hypoglauca,FALSE,FALSE
Equisetopsida,Asparagales,Orchidaceae,Epidendrum lanioides,FALSE,FALSE
Equisetopsida,Asparagales,Orchidaceae,Epidendrum jajense,FALSE,FALSE
Equisetopsida,Asparagales,Orchidaceae,Epidendrum incahuamanii,TRUE,FALSE
Aves,Passeriformes,Thraupidae,Iridosornis jelskii,FALSE,FALSE
Equisetopsida,Rosales,Urticaceae,Phenax angustifolius,FALSE,FALSE
Equisetopsida,Rosales,Urticaceae,Phenax bullatus,FALSE,FALSE
Equisetopsida,Rosales,Urticaceae,Phenax hirtus,FALSE,FALSE
Equisetopsida,Asparagales,Orchidaceae,Epidendrum inamoenum,TRUE,FALSE
Equisetopsida,Rosales,Urticaceae,Phenax laevigatus,FALSE,FALSE
Equisetopsida,Asparagales,Orchidaceae,Epidendrum haenkeanum,TRUE,FALSE
Equisetopsida,Rosales,Urticaceae,Phenax rugosus,FALSE,FALSE
Equisetopsida,Asparagales,Orchidaceae,Epidendrum guislainae,FALSE,FALSE
Insecta,Lepidoptera,Nymphalidae,Pherepedaliodes pheretiades,FALSE,FALSE
Aves,Passeriformes,Cardinalidae,Pheucticus aureoventris,FALSE,FALSE
Aves,Passeriformes,Thraupidae,Iridosornis reinhardti,TRUE,FALSE
Equisetopsida,Asparagales,Orchidaceae,Epidendrum goodspeedianu,FALSE,FALSE
Aves,Passeriformes,Cardinalidae,Pheucticus chrysogaster,FALSE,FALSE
Equisetopsida,Asparagales,Orchidaceae,Epidendrum fruticulum,TRUE,FALSE
Equisetopsida,Asparagales,Orchidaceae,Epidendrum frigidum,FALSE,FALSE
Equisetopsida,Asparagales,Orchidaceae,Epidendrum excisum,FALSE,FALSE
Equisetopsida,Asparagales,Orchidaceae,Epidendrum exaltatum,TRUE,FALSE
Equisetopsida,Asparagales,Orchidaceae,Epidendrum difforme,FALSE,FALSE
Equisetopsida,Asparagales,Orchidaceae,Epidendrum colombianum,FALSE,FALSE
Equisetopsida,Asparagales,Orchidaceae,Epidendrum clavadista,TRUE,FALSE
Equisetopsida,Asparagales,Orchidaceae,Epidendrum ciliare,FALSE,FALSE
Equisetopsida,Asparagales,Orchidaceae,Epidendrum cardenasii,FALSE,FALSE
Equisetopsida,Asparagales,Orchidaceae,Epidendrum camilae,FALSE,FALSE
Aves,Passeriformes,Troglodytidae,Pheugopedius eisenmanni,TRUE,FALSE
Equisetopsida,Asparagales,Orchidaceae,Epidendrum blepharistes,FALSE,FALSE
Equisetopsida,Asparagales,Orchidaceae,Epidendrum birostratum,FALSE,TRUE
Equisetopsida,Asparagales,Orchidaceae,Epidendrum bambusiforme,TRUE,FALSE
Equisetopsida,Asparagales,Orchidaceae,Epidendrum avicule,FALSE,FALSE
Equisetopsida,Asparagales,Orchidaceae,Epidendrum astetei,TRUE,FALSE
Equisetopsida,Asparagales,Orchidaceae,Epidendrum ardens,TRUE,FALSE
Insecta,Lepidoptera,Hesperiidae,Noctuana haematospila,FALSE,FALSE
Equisetopsida,Asparagales,Orchidaceae,Epidendrum aquaticoides,FALSE,FALSE
Equisetopsida,Asparagales,Orchidaceae,Epidendrum ampliracemum,TRUE,FALSE
Equisetopsida,Asparagales,Orchidaceae,Epidendrum aggregatum,FALSE,FALSE
Equisetopsida,Solanales,Solanaceae,Solanum daphnophyllum,FALSE,FALSE
Reptilia,Serpentes,Leptotyphlopidae,Epictia diaplocia,FALSE,FALSE
Equisetopsida,Gentianales,Apocynaceae,Philibertia campanulata,FALSE,FALSE
Equisetopsida,Ephedrales,Ephedraceae,Ephedra rupestris,FALSE,TRUE
Equisetopsida,Ephedrales,Ephedraceae,Ephedra americana,FALSE,FALSE
Insecta,Lepidoptera,Hesperiidae,Epargyreus barisses barisses,FALSE,FALSE
Aves,Passeriformes,Turdidae,Entomodestes leucotis,FALSE,FALSE
Equisetopsida,Hypnales,Entodontaceae,Entodon platygyrioides,FALSE,FALSE
Equisetopsida,Hypnales,Entodontaceae,Entodon jamesonii,FALSE,FALSE
Aves,Apodiformes,Trochilidae,Ensifera ensifera,FALSE,FALSE
Equisetopsida,Malvales,Malvaceae,Andeimalva mandonii,FALSE,FALSE
Equisetopsida,Malvales,Malvaceae,Andeimalva machupicchensis,TRUE,FALSE
Equisetopsida,Poales,Poaceae,Isachne arundinacea,FALSE,FALSE
Equisetopsida,Poales,Poaceae,Isachne ligulata,FALSE,FALSE
Insecta,Lepidoptera,Hesperiidae,Enosis aphilos,FALSE,FALSE
Aves,Accipitriformes,Accipitridae,Spizaetus isidori,FALSE,TRUE
Insecta,Lepidoptera,Erebidae,Ischnocampa nubilosa,FALSE,FALSE
Equisetopsida,Solanales,Solanaceae,Nicotiana wigandioides,FALSE,FALSE
Equisetopsida,Solanales,Solanaceae,Nicotiana tomentosiformis,FALSE,FALSE
Equisetopsida,Solanales,Solanaceae,Nicotiana tomentosa,FALSE,FALSE
Equisetopsida,Laurales,Lauraceae,Endlicheria paniculata,FALSE,FALSE
Equisetopsida,Solanales,Solanaceae,Nicotiana tabacum,FALSE,FALSE
Equisetopsida,Solanales,Solanaceae,Nicotiana raimondii,TRUE,FALSE
Equisetopsida,Solanales,Solanaceae,Nicotiana glauca,FALSE,FALSE
Insecta,Lepidoptera,Hesperiidae,Niconiades viridis viridis,FALSE,FALSE
Equisetopsida,Solanales,Solanaceae,Nicandra tomentosa,FALSE,FALSE
Equisetopsida,Solanales,Solanaceae,Nicandra physalodes,FALSE,FALSE
Equisetopsida,Gentianales,Rubiaceae,Emmeorhiza umbellata,FALSE,FALSE
Insecta,Lepidoptera,Riodinidae,Emesis angularis,FALSE,FALSE
Insecta,Lepidoptera,Erebidae,Anaxita sannionis,FALSE,FALSE
Insecta,Lepidoptera,Erebidae,Elysius terraoides,FALSE,FALSE
Insecta,Lepidoptera,Erebidae,Elysius atrata,FALSE,FALSE
Aves,Apodiformes,Trochilidae,Elliotomyia viridicauda,TRUE,FALSE
Aves,Apodiformes,Trochilidae,Elliotomyia chionogaster,FALSE,FALSE
Equisetopsida,Asterales,Asteraceae,Ellenbergia glandulata,TRUE,FALSE
Equisetopsida,Asparagales,Orchidaceae,Elleanthus weberbauerianus,FALSE,FALSE
Equisetopsida,Asparagales,Orchidaceae,Elleanthus scopula,FALSE,FALSE
Equisetopsida,Asparagales,Orchidaceae,Elleanthus longibracteatus,FALSE,FALSE
Equisetopsida,Asparagales,Orchidaceae,Elleanthus conifer,FALSE,FALSE
Equisetopsida,Asparagales,Orchidaceae,Elleanthus capitatus,FALSE,FALSE
Equisetopsida,Asparagales,Orchidaceae,Elleanthus aurantiacus,FALSE,FALSE
Equisetopsida,Asparagales,Orchidaceae,Elleanthus amethystinus,FALSE,FALSE
Equisetopsida,Poales,Poaceae,Eleusine indica,FALSE,FALSE
Equisetopsida,Asterales,Asteraceae,Elephantopus mollis,FALSE,FALSE
Insecta,Lepidoptera,Nymphalidae,Ithomia eleonora,FALSE,FALSE
Equisetopsida,Polypodiales,Dryopteridaceae,Elaphoglossum tectum,FALSE,FALSE
Equisetopsida,Polypodiales,Dryopteridaceae,Elaphoglossum scolopendrifolium,FALSE,FALSE
Equisetopsida,Polypodiales,Dryopteridaceae,Elaphoglossum piloselloides,FALSE,FALSE
Equisetopsida,Polypodiales,Dryopteridaceae,Elaphoglossum paultonii,TRUE,FALSE
Equisetopsida,Polypodiales,Dryopteridaceae,Elaphoglossum nastukiae,TRUE,FALSE
Equisetopsida,Polypodiales,Dryopteridaceae,Elaphoglossum mathewsii,FALSE,FALSE
Equisetopsida,Polypodiales,Nephrolepidaceae,Nephrolepis pendula,FALSE,FALSE
Equisetopsida,Polypodiales,Polypodiaceae,Phlebodium aureum,FALSE,FALSE
Equisetopsida,Solanales,Solanaceae,Solanum iltisii,FALSE,FALSE
Equisetopsida,Fabales,Polygalaceae,Monnina connectisepala,FALSE,FALSE
Equisetopsida,Polypodiales,Dryopteridaceae,Elaphoglossum gayanum,FALSE,FALSE
Equisetopsida,Polypodiales,Dryopteridaceae,Elaphoglossum fonki,FALSE,FALSE
Equisetopsida,Polypodiales,Dryopteridaceae,Elaphoglossum denticulatum,FALSE,FALSE
Equisetopsida,Polypodiales,Dryopteridaceae,Elaphoglossum cuspidatum,FALSE,FALSE
Equisetopsida,Polypodiales,Dryopteridaceae,Elaphoglossum crassipes,FALSE,FALSE
Equisetopsida,Polypodiales,Dryopteridaceae,Elaphoglossum barbatum,FALSE,FALSE
Equisetopsida,Lycopodiales,Lycopodiaceae,Phlegmariurus saururus,FALSE,FALSE
Equisetopsida,Solanales,Solanaceae,Solanum incarceratum,FALSE,FALSE
Aves,Accipitriformes,Accipitridae,Elanoides forficatus,FALSE,FALSE
Equisetopsida,Solanales,Solanaceae,Solanum incasicum,TRUE,FALSE
Equisetopsida,Polypodiales,Nephrolepidaceae,Nephrolepis pectinata,FALSE,FALSE
Equisetopsida,Asparagales,Orchidaceae,Maxillaria alpestris,FALSE,FALSE
Aves,Passeriformes,Tyrannidae,Elaenia parvirostris,FALSE,FALSE
Aves,Passeriformes,Tyrannidae,Elaenia pallatangae,FALSE,FALSE
Aves,Passeriformes,Tyrannidae,Elaenia obscura,FALSE,FALSE
Aves,Passeriformes,Tyrannidae,Elaenia flavogaster,FALSE,FALSE
Aves,Passeriformes,Tyrannidae,Elaenia albiceps,FALSE,FALSE
Equisetopsida,Polypodiales,Nephrolepidaceae,Nephrolepis cordifolia,FALSE,FALSE
Equisetopsida,Polypodiales,Nephrolepidaceae,Nephrolepis biserrata,FALSE,FALSE
Equisetopsida,Asparagales,Orchidaceae,Anathallis sclerophylla,FALSE,FALSE
Insecta,Lepidoptera,Pieridae,Phoebis sennae marcellina,FALSE,FALSE
Equisetopsida,Asparagales,Orchidaceae,Anathallis rubens,FALSE,FALSE
Aves,Galliformes,Cracidae,Aburria aburri,FALSE,TRUE
Mammalia,Carnivora,Mustelidae,Eira barbara,FALSE,FALSE
Equisetopsida,Asparagales,Orchidaceae,Ixyophora aurantiaca,TRUE,FALSE
Equisetopsida,Arecales,Arecaceae,Phoenix dactylifera,FALSE,FALSE
Reptilia,Sauria,Gymnophthalmidae,Pholidobolus anomalus,TRUE,FALSE
Equisetopsida,Polypodiales,Pteridaceae,Adiantum raddianum,FALSE,FALSE
Equisetopsida,Asparagales,Orchidaceae,Anathallis obovata,FALSE,FALSE
Mammalia,Rodentia,Cricetidae,Nephelomys keaysi,FALSE,FALSE
Aves,Pelecaniformes,Ardeidae,Egretta thula,FALSE,FALSE
Equisetopsida,Asparagales,Orchidaceae,Anathallis mediocarinata,FALSE,FALSE
Equisetopsida,Asparagales,Orchidaceae,Anathallis lagarophyta,TRUE,FALSE
Equisetopsida,Solanales,Solanaceae,Solanum laxissimum,TRUE,FALSE
Equisetopsida,Lamiales,Lamiaceae,Stachys arvensis,FALSE,FALSE
Equisetopsida,Santalales,Santalaceae,Phoradendron quadrangulare,FALSE,FALSE
Mammalia,Rodentia,Cricetidae,Nephelomys albigularis,FALSE,FALSE
Equisetopsida,Asparagales,Orchidaceae,Phragmipedium caudatum,FALSE,TRUE
Aves,Ciconiiformes,Ciconiidae,Jabiru mycteria,FALSE,FALSE
Equisetopsida,Asparagales,Orchidaceae,Anathallis caudatipetala,FALSE,FALSE
Equisetopsida,Poales,Poaceae,Phragmites australis,FALSE,FALSE
Equisetopsida,Polypodiales,Pteridaceae,Adiantum polyphyllum,FALSE,FALSE
Equisetopsida,Asparagales,Orchidaceae,Anathallis carnosifolia,TRUE,FALSE
Equisetopsida,Caryophyllales,Cactaceae,Echinopsis cuzcoensis,TRUE,TRUE
Aves,Passeriformes,Thraupidae,Phrygilus punensis,FALSE,FALSE
Equisetopsida,Asparagales,Orchidaceae,Anathallis angustilabia,FALSE,FALSE
Equisetopsida,Poales,Poaceae,Echinochloa crus-galli,FALSE,FALSE
Aves,Passeriformes,Tyrannidae,Nephelomyias ochraceiventris,FALSE,FALSE
Equisetopsida,Lamiales,Bignoniaceae,Eccremocarpus viridis,FALSE,FALSE
Equisetopsida,Asparagales,Asphodelaceae,Eccremis coarctata,FALSE,FALSE
Equisetopsida,Asparagales,Orchidaceae,Anathallis acuminata,FALSE,FALSE
Equisetopsida,Lamiales,Bignoniaceae,Jacaranda acutifolia,FALSE,TRUE
Equisetopsida,Santalales,Loranthaceae,Phthirusa pyrifolia,FALSE,FALSE
Insecta,Lepidoptera,Erebidae,Dysschema sacrifica,FALSE,FALSE
Insecta,Lepidoptera,Erebidae,Dysschema imitata,FALSE,FALSE
Insecta,Lepidoptera,Erebidae,Dysschema hypoxantha,FALSE,FALSE
Insecta,Lepidoptera,Erebidae,Dysschema eurocilia staudingeri,FALSE,FALSE
Equisetopsida,Malpighiales,Phyllanthaceae,Phyllanthus acuminatus,FALSE,FALSE
Equisetopsida,Caryophyllales,Amaranthaceae,Dysphania ambrosioides,FALSE,FALSE
Mammalia,Chiroptera,Molossidae,Mormopterus phrudus,TRUE,TRUE
Equisetopsida,Malpighiales,Phyllanthaceae,Phyllanthus niruri,FALSE,FALSE
Equisetopsida,Lamiales,Lamiaceae,Stachys herrerae,FALSE,FALSE
Equisetopsida,Lamiales,Verbenaceae,Duranta sprucei,FALSE,FALSE
Equisetopsida,Lamiales,Verbenaceae,Duranta serratifolia,FALSE,FALSE
Equisetopsida,Lamiales,Verbenaceae,Duranta mutisii,FALSE,FALSE
Equisetopsida,Lamiales,Verbenaceae,Duranta mandonii,FALSE,FALSE
Equisetopsida,Lamiales,Verbenaceae,Duranta armata,FALSE,FALSE
Aves,Passeriformes,Tyrannidae,Phyllomyias cinereiceps,FALSE,FALSE
Equisetopsida,Solanales,Solanaceae,Dunalia spinosa,FALSE,FALSE
Equisetopsida,Solanales,Solanaceae,Dunalia obovata,FALSE,FALSE
Aves,Passeriformes,Tyrannidae,Phyllomyias nigrocapillus,FALSE,FALSE
Aves,Passeriformes,Tyrannidae,Phyllomyias plumbeiceps,FALSE,FALSE
Aves,Passeriformes,Tyrannidae,Phyllomyias sclateri,FALSE,FALSE
Aves,Anseriformes,Anatidae,Anas georgica,FALSE,FALSE
Aves,Passeriformes,Tyrannidae,Phyllomyias uropygialis,FALSE,FALSE
Equisetopsida,Aquifoliales,Phyllonomaceae,Phyllonoma weberbaueri,FALSE,FALSE
Equisetopsida,Solanales,Solanaceae,Solanum lignicaule,TRUE,TRUE
Equisetopsida,Asterales,Asteraceae,Jaegeria hirta,FALSE,FALSE
Aves,Passeriformes,Thraupidae,Dubusia taeniata,FALSE,FALSE
Aves,Passeriformes,Tyrannidae,Phylloscartes ophthalmicus,FALSE,FALSE
Aves,Passeriformes,Thraupidae,Dubusia castaneoventris,FALSE,FALSE
Equisetopsida,Solanales,Solanaceae,Jaltomata biflora,FALSE,TRUE
Equisetopsida,Polypodiales,Dryopteridaceae,Dryopteris wallichiana,FALSE,FALSE
Equisetopsida,Polypodiales,Dryopteridaceae,Dryopteris macrotis,FALSE,FALSE
Aves,Passeriformes,Tyrannidae,Phylloscartes ventralis,FALSE,FALSE
Equisetopsida,Apiales,Apiaceae,Neonelsonia acuminata,FALSE,FALSE
Aves,Piciformes,Picidae,Dryobates nigriceps,FALSE,FALSE
Equisetopsida,Solanales,Solanaceae,Jaltomata sinuosa,FALSE,FALSE
Equisetopsida,Polypodiales,Pteridaceae,Jamesonia alstonii,FALSE,FALSE
Aves,Passeriformes,Furnariidae,Drymotoxeres pucheranii,FALSE,FALSE
Mammalia,Chiroptera,Phyllostomidae,Phyllostomus hastatus,FALSE,FALSE
Aves,Passeriformes,Thamnophilidae,Drymophila striaticeps,FALSE,FALSE
Equisetopsida,Solanales,Solanaceae,Solanum maturecalvans,FALSE,FALSE
Mammalia,Rodentia,Cricetidae,Phyllotis osilae,FALSE,FALSE
Mammalia,Rodentia,Cricetidae,Phyllotis xanthopygus,FALSE,FALSE
Equisetopsida,Polypodiales,Polypodiaceae,Phymatosorus membranifolium,FALSE,FALSE
Equisetopsida,Polypodiales,Pteridaceae,Jamesonia elongata,FALSE,FALSE
Equisetopsida,Solanales,Solanaceae,Physalis peruviana,FALSE,FALSE
Equisetopsida,Polypodiales,Pteridaceae,Adiantum poiretii,FALSE,FALSE
Aves,Anseriformes,Anatidae,Anas flavirostris,FALSE,FALSE
Equisetopsida,Caryophyllales,Caryophyllaceae,Drymaria glandulosa,FALSE,FALSE
Equisetopsida,Caryophyllales,Caryophyllaceae,Drymaria cordata,FALSE,FALSE
Insecta,Lepidoptera,Nymphalidae,Dryas iulia alcionea,FALSE,FALSE
Equisetopsida,Polypodiales,Pteridaceae,Jamesonia imbricata,FALSE,FALSE
Equisetopsida,Caryophyllales,Phytolaccaceae,Phytolacca bogotensis,FALSE,FALSE
Equisetopsida,Polypodiales,Pteridaceae,Jamesonia rufescens,FALSE,FALSE
Mammalia,Carnivora,Mustelidae,Neogale frenata,FALSE,FALSE
Equisetopsida,Asparagales,Orchidaceae,Draconanthes aberrans,FALSE,FALSE
Equisetopsida,Lamiales,Verbenaceae,Stachytarpheta cayennensis,FALSE,FALSE
Insecta,Lepidoptera,Nymphalidae,Doxocopa cyane cyane,FALSE,FALSE
Equisetopsida,Polypodiales,Pteridaceae,Doryopteris pedata,FALSE,FALSE
Equisetopsida,Polypodiales,Pteridaceae,Doryopteris concolor,FALSE,FALSE
Aves,Apodiformes,Trochilidae,Doryfera ludovicae,FALSE,FALSE
Equisetopsida,Poales,Poaceae,Jarava ichu,FALSE,FALSE
Aves,Cuculiformes,Cuculidae,Piaya cayana,FALSE,FALSE
Aves,Passeriformes,Icteridae,Dolichonyx oryzivorus,FALSE,FALSE
Insecta,Lepidoptera,Lycaenidae,Johnsonita pardoa,FALSE,FALSE
Equisetopsida,Sapindales,Sapindaceae,Dodonaea viscosa,FALSE,FALSE
Equisetopsida,Polypodiales,Pteridaceae,Adiantum peruvianum,FALSE,FALSE
Equisetopsida,Fagales,Juglandaceae,Juglans boliviana,FALSE,FALSE
Equisetopsida,Picramniales,Picramniaceae,Picramnia sellowii,FALSE,FALSE
Equisetopsida,Asparagales,Orchidaceae,Maxillaria brachypetala,TRUE,FALSE
Equisetopsida,Polypodiales,Pteridaceae,Adiantum pectinatum,FALSE,FALSE
Equisetopsida,Asterales,Asteraceae,Picrosia longifolia,FALSE,FALSE
Equisetopsida,Polypodiales,Pteridaceae,Adiantum patens,FALSE,FALSE
Equisetopsida,Ericales,Ericaceae,Disterigma alaternoides,FALSE,FALSE
Equisetopsida,Ericales,Ericaceae,Disterigma acuminatum,FALSE,FALSE
Equisetopsida,Fagales,Juglandaceae,Juglans neotropica,FALSE,FALSE
Insecta,Lepidoptera,Pieridae,Dismorphia thermesina themesina,FALSE,FALSE
Insecta,Lepidoptera,Pieridae,Dismorphia teresa,FALSE,FALSE
Equisetopsida,Solanales,Solanaceae,Solanum multifidum,FALSE,FALSE
Equisetopsida,Polypodiales,Pteridaceae,Adiantum orbignyanum,FALSE,FALSE
Aves,Piciformes,Picidae,Picumnus dorbignyanus,FALSE,FALSE
Equisetopsida,Poales,Juncaceae,Juncus balticus,FALSE,FALSE
Insecta,Lepidoptera,Nymphalidae,Dircenna paradoxa catenara,FALSE,FALSE
Equisetopsida,Lamiales,Orobanchaceae,Neobartsia thiantha,FALSE,FALSE
Equisetopsida,Poales,Juncaceae,Juncus effusus,FALSE,FALSE
Equisetopsida,Poales,Juncaceae,Juncus pallescens,FALSE,FALSE
Equisetopsida,Poales,Juncaceae,Juncus rigidus,FALSE,FALSE
Reptilia,Serpentes,Dipsadidae,Dipsas peruana,FALSE,FALSE
Reptilia,Serpentes,Dipsadidae,Dipsas pavonina,FALSE,FALSE
Aves,Passeriformes,Tyrannidae,Anairetes parulus,FALSE,FALSE
Insecta,Lepidoptera,Nymphalidae,Junea dorinda whitelyi,FALSE,FALSE
Aves,Passeriformes,Tyrannidae,Anairetes flavirostris,FALSE,FALSE
Equisetopsida,Asterales,Asteraceae,Diplostephium lechleri,FALSE,FALSE
Equisetopsida,Malpighiales,Malpighiaceae,Diplopterys cristata,FALSE,FALSE
Equisetopsida,Asparagales,Orchidaceae,Maxillaria brevifolia,FALSE,FALSE
Equisetopsida,Asterales,Asteraceae,Jungia amplistipula,TRUE,FALSE
Equisetopsida,Rosales,Urticaceae,Pilea costata,FALSE,FALSE
Equisetopsida,Rosales,Urticaceae,Pilea haenkei,FALSE,FALSE
Equisetopsida,Rosales,Urticaceae,Pilea minutiflora,FALSE,FALSE
Equisetopsida,Rosales,Urticaceae,Pilea multiflora,FALSE,FALSE
Equisetopsida,Rosales,Urticaceae,Pilea nutans,FALSE,FALSE
Equisetopsida,Lamiales,Orobanchaceae,Neobartsia inaequalis,FALSE,FALSE
Equisetopsida,Lamiales,Orobanchaceae,Neobartsia fiebrigii,FALSE,FALSE
Equisetopsida,Solanales,Solanaceae,Solanum nutans,FALSE,FALSE
Equisetopsida,Asparagales,Orchidaceae,Stanhopea haseloviana,TRUE,FALSE
Aves,Passeriformes,Tyrannidae,Anairetes alpinus,FALSE,TRUE
Equisetopsida,Lamiales,Orobanchaceae,Neobartsia bartsioides,FALSE,FALSE
Equisetopsida,Dioscoreales,Dioscoreaceae,Dioscorea piperifolia,FALSE,FALSE
Equisetopsida,Asparagales,Orchidaceae,Stanhopea marizaiana,TRUE,FALSE
Equisetopsida,Dioscoreales,Dioscoreaceae,Dioscorea incayensis,TRUE,FALSE
Equisetopsida,Fabales,Fabaceae,Anadenanthera colubrina,FALSE,FALSE
Equisetopsida,Dioscoreales,Dioscoreaceae,Dioscorea coriacea,FALSE,FALSE
Insecta,Lepidoptera,Nymphalidae,Dione juno juno,FALSE,FALSE
Insecta,Lepidoptera,Nymphalidae,Dione glycera,FALSE,FALSE
Equisetopsida,Lamiales,Acanthaceae,Justicia alpina,TRUE,FALSE
Equisetopsida,Ericales,Ericaceae,Diogenesia vargasiana,TRUE,FALSE
Equisetopsida,Asparagales,Orchidaceae,Maxillaria calantha,FALSE,FALSE
Equisetopsida,Lamiales,Acanthaceae,Justicia cuzcoensis,FALSE,FALSE
Equisetopsida,Proteales,Sabiaceae,Meliosma boliviensis,FALSE,FALSE
Equisetopsida,Malpighiales,Salicaceae,Pineda incana,FALSE,FALSE
Equisetopsida,Pinales,Pinaceae,Pinus radiata,FALSE,FALSE
Aves,Passeriformes,Thraupidae,Diglossa sittoides,FALSE,FALSE
Insecta,Lepidoptera,Erebidae,Pionia oberthuri,FALSE,FALSE
Aves,Passeriformes,Thraupidae,Diglossa mystacalis,FALSE,FALSE
Equisetopsida,Solanales,Solanaceae,Solanum ochrophyllum,FALSE,FALSE
Aves,Passeriformes,Thraupidae,Diglossa cyanea,FALSE,FALSE
Aves,Passeriformes,Thraupidae,Diglossa caerulescens,FALSE,FALSE
Aves,Passeriformes,Thraupidae,Diglossa brunneiventris,FALSE,FALSE
Equisetopsida,Poales,Poaceae,Digitaria sanguinalis,FALSE,FALSE
Equisetopsida,Poales,Poaceae,Digitaria lanuginosa,FALSE,FALSE
Aves,Psittaciformes,Psittacidae,Pionus menstruus,FALSE,FALSE
Equisetopsida,Poales,Poaceae,Digitaria ciliaris,FALSE,FALSE
Equisetopsida,Poales,Poaceae,Dielsiochloa floribunda,FALSE,FALSE
Equisetopsida,Rosales,Rosaceae,Kageneckia lanceolata,FALSE,TRUE
Equisetopsida,Saxifragales,Crassulaceae,Kalanchoe blossfeldiana,FALSE,FALSE
Aves,Psittaciformes,Psittacidae,Pionus tumultuosus,FALSE,FALSE
Equisetopsida,Saxifragales,Crassulaceae,Kalanchoe delagoensis,FALSE,FALSE
Mammalia,Didelphimorphia,Didelphidae,Didelphis pernigra,FALSE,FALSE
Insecta,Lepidoptera,Nymphalidae,Steremnia umbracina,FALSE,FALSE
Equisetopsida,Piperales,Piperaceae,Piper acutifolium,FALSE,FALSE
Equisetopsida,Piperales,Piperaceae,Piper aduncum,FALSE,FALSE
Aves,Passeriformes,Furnariidae,Anabacerthia striaticollis,FALSE,TRUE
Equisetopsida,Polypodiales,Pteridaceae,Adiantopsis radiata,FALSE,FALSE
Equisetopsida,Asparagales,Orchidaceae,Maxillaria colorata,FALSE,FALSE
Equisetopsida,Asterales,Asteraceae,Kaunia longipetiolata,FALSE,FALSE
Equisetopsida,Asterales,Asteraceae,Kaunia uber,FALSE,FALSE
Equisetopsida,Porellales,Lejeuneaceae,Dicranolejeunea axillaris,FALSE,FALSE
Equisetopsida,Asparagales,Orchidaceae,Kefersteinia koechlinorum,TRUE,FALSE
Equisetopsida,Piperales,Piperaceae,Piper arboreum,FALSE,FALSE
Equisetopsida,Lamiales,Acanthaceae,Dicliptera squarrosa,FALSE,FALSE
Equisetopsida,Lamiales,Acanthaceae,Dicliptera rauhii,TRUE,FALSE
Equisetopsida,Lamiales,Acanthaceae,Dicliptera peruviana,FALSE,FALSE
Equisetopsida,Asparagales,Orchidaceae,Maxillaria cordyline,FALSE,FALSE
Insecta,Lepidoptera,Hesperiidae,Staphylus perforatus,FALSE,FALSE
Equisetopsida,Cyatheales,Dicksoniaceae,Dicksonia sellowiana,FALSE,FALSE
Insecta,Lepidoptera,Nymphalidae,Agraulis vanillae maculosa,FALSE,FALSE
Aves,Passeriformes,Thraupidae,Kleinothraupis atropileus,FALSE,FALSE
Aves,Passeriformes,Thraupidae,Kleinothraupis parodii,TRUE,FALSE
Equisetopsida,Piperales,Piperaceae,Piper bangii,FALSE,FALSE
Insecta,Lepidoptera,Sphingidae,Adhemarius sexoculata,FALSE,FALSE
Equisetopsida,Asparagales,Asphodelaceae,Kniphofia uvaria,FALSE,FALSE
Aves,Passeriformes,Tyrannidae,Knipolegus aterrimus,FALSE,FALSE
Aves,Passeriformes,Tyrannidae,Knipolegus cabanisi,FALSE,FALSE
Aves,Passeriformes,Tyrannidae,Knipolegus poecilurus,FALSE,FALSE
Insecta,Lepidoptera,Sphingidae,Adhemarius gannascus gannascus,FALSE,FALSE
Equisetopsida,Piperales,Piperaceae,Piper coruscans,FALSE,FALSE
Equisetopsida,Asparagales,Orchidaceae,Dichaea morrisii,FALSE,FALSE
Equisetopsida,Asparagales,Orchidaceae,Dichaea laxa,FALSE,FALSE
Aves,Passeriformes,Tyrannidae,Knipolegus signatus,FALSE,FALSE
Equisetopsida,Piperales,Piperaceae,Piper crassinervium,FALSE,FALSE
Equisetopsida,Caryophyllales,Caryophyllaceae,Dianthus plumarius,FALSE,FALSE
Insecta,Lepidoptera,Nymphalidae,Diaethria eluina lidwina,FALSE,FALSE
Equisetopsida,Laurales,Lauraceae,Nectandra villosa,FALSE,FALSE
Equisetopsida,Piperales,Piperaceae,Piper dumosum,FALSE,FALSE
Equisetopsida,Piperales,Piperaceae,Piper elongatum,TRUE,FALSE
Equisetopsida,Poales,Poaceae,Koeleria pyramidata,FALSE,FALSE
Equisetopsida,Laurales,Lauraceae,Nectandra utilis,TRUE,FALSE
Equisetopsida,Piperales,Piperaceae,Piper hispidum,FALSE,FALSE
Equisetopsida,Zygophyllales,Krameriaceae,Krameria lappacea,FALSE,TRUE
Equisetopsida,Asparagales,Orchidaceae,Kreodanthus simplex,TRUE,FALSE
Equisetopsida,Fabales,Fabaceae,Adesmia miraflorensis,FALSE,FALSE
Equisetopsida,Fabales,Fabaceae,Lablab purpureus,FALSE,FALSE
Equisetopsida,Asparagales,Orchidaceae,Maxillaria equitans,FALSE,FALSE
Equisetopsida,Piperales,Piperaceae,Piper lineatum,FALSE,FALSE
Equisetopsida,Asparagales,Orchidaceae,Maxillaria floribunda,FALSE,FALSE
Equisetopsida,Laurales,Lauraceae,Nectandra pulverulenta,FALSE,FALSE
Equisetopsida,Piperales,Piperaceae,Piper machupicchuense,TRUE,FALSE
Equisetopsida,Piperales,Piperaceae,Piper marequitense,FALSE,FALSE
Equisetopsida,Piperales,Piperaceae,Piper mercens,FALSE,FALSE
Equisetopsida,Piperales,Piperaceae,Piper moccomocco,FALSE,FALSE
Equisetopsida,Laurales,Lauraceae,Nectandra pearcei,FALSE,FALSE
Mammalia,Chiroptera,Phyllostomidae,Desmodus rotundus,FALSE,FALSE
Equisetopsida,Fabales,Fabaceae,Desmodium weberbaueri,FALSE,FALSE
Equisetopsida,Fabales,Fabaceae,Desmodium vargasianum,FALSE,FALSE
Equisetopsida,Fabales,Fabaceae,Desmodium molliculum,FALSE,FALSE
Equisetopsida,Fabales,Fabaceae,Desmodium intortum,FALSE,FALSE
Equisetopsida,Rosales,Rosaceae,Lachemilla erodiifolia,FALSE,FALSE
Equisetopsida,Fabales,Fabaceae,Desmodium campyloclados,FALSE,FALSE
Equisetopsida,Bruniales,Columelliaceae,Desfontainia spinosa,FALSE,FALSE
Equisetopsida,Piperales,Piperaceae,Piper ollantaitambanum,TRUE,TRUE
Equisetopsida,Poales,Poaceae,Deschampsia ovata,FALSE,FALSE
Equisetopsida,Polypodiales,Dennstaedtiaceae,Dennstaedtia arborescens,FALSE,FALSE
Equisetopsida,Piperales,Piperaceae,Piper santaritanum,TRUE,FALSE
Equisetopsida,Laurales,Lauraceae,Nectandra obtusata,FALSE,FALSE
Equisetopsida,Piperales,Piperaceae,Piper sinuclausum,TRUE,FALSE
Equisetopsida,Laurales,Lauraceae,Nectandra membranacea,FALSE,FALSE
Equisetopsida,Solanales,Solanaceae,Solanum raphanifolium,TRUE,FALSE
Equisetopsida,Piperales,Piperaceae,Piper sumpi,TRUE,FALSE
Equisetopsida,Solanales,Solanaceae,Solanum riparium,FALSE,FALSE
Equisetopsida,Asparagales,Orchidaceae,Maxillaria funicaulis,FALSE,FALSE
Equisetopsida,Piperales,Piperaceae,Piper urubambanum,TRUE,FALSE
Equisetopsida,Asparagales,Orchidaceae,Maxillaria graminifolia,FALSE,FALSE
Equisetopsida,Rosales,Ulmaceae,Ampelocera edentula,FALSE,FALSE
Equisetopsida,Santalales,Santalaceae,Dendrophthora mesembrianthemifolia,FALSE,FALSE
Equisetopsida,Santalales,Santalaceae,Dendrophthora hexasticha,FALSE,FALSE
Equisetopsida,Santalales,Santalaceae,Dendrophthora clavata,FALSE,FALSE
Equisetopsida,Asterales,Asteraceae,Dendrophorbium vargasii,FALSE,FALSE
Equisetopsida,Asterales,Asteraceae,Dendrophorbium multinerve,FALSE,FALSE
Equisetopsida,Asterales,Asteraceae,Dendrophorbium argutidentatum,TRUE,FALSE
Aves,Passeriformes,Thraupidae,Pipraeidea melanonota,FALSE,FALSE
Aves,Passeriformes,Cotingidae,Ampelion rufaxilla,FALSE,FALSE
Equisetopsida,Laurales,Lauraceae,Nectandra longifolia,FALSE,FALSE
Equisetopsida,Solanales,Solanaceae,Solanum sandianum,FALSE,FALSE
Equisetopsida,Solanales,Solanaceae,Solanum santolallae,TRUE,FALSE
Aves,Steatornithiformes,Steatornithidae,Steatornis caripensis,FALSE,FALSE
Aves,Passeriformes,Cotingidae,Pipreola arcuata,FALSE,FALSE
Equisetopsida,Asterales,Asteraceae,Lactuca sativa,FALSE,FALSE
Equisetopsida,Laurales,Lauraceae,Nectandra lineatifolia,FALSE,FALSE
Aves,Passeriformes,Cotingidae,Pipreola intermedia,FALSE,FALSE
Aves,Passeriformes,Cotingidae,Pipreola pulchra,TRUE,FALSE
Equisetopsida,Solanales,Solanaceae,Solanum saponaceum,FALSE,FALSE
Equisetopsida,Ericales,Ericaceae,Demosthenesia weberbaueri,TRUE,FALSE
Equisetopsida,Ericales,Ericaceae,Demosthenesia spectabilis,FALSE,FALSE
Equisetopsida,Ericales,Ericaceae,Demosthenesia pearcei,FALSE,FALSE
Equisetopsida,Ericales,Ericaceae,Demosthenesia microphylla,FALSE,FALSE
Equisetopsida,Ericales,Ericaceae,Demosthenesia mandonii,FALSE,FALSE
Equisetopsida,Laurales,Lauraceae,Nectandra laurel,FALSE,FALSE
Equisetopsida,Asparagales,Orchidaceae,Laelia weberbaueriana,FALSE,FALSE
Equisetopsida,Laurales,Lauraceae,Nectandra herrerae,TRUE,FALSE
Equisetopsida,Lamiales,Bignoniaceae,Delostoma integrifolium,FALSE,FALSE
Equisetopsida,Solanales,Solanaceae,Solanum scuticum,FALSE,FALSE
Aves,Passeriformes,Cotingidae,Ampelion rubrocristatus,FALSE,FALSE
Equisetopsida,Laurales,Lauraceae,Nectandra globosa,FALSE,FALSE
Equisetopsida,Laurales,Lauraceae,Nectandra furcata,TRUE,FALSE
Equisetopsida,Apiales,Apiaceae,Daucus montanus,FALSE,FALSE
Aves,Passeriformes,Cardinalidae,Piranga flava,FALSE,FALSE
Equisetopsida,Apiales,Apiaceae,Daucus carota,FALSE,FALSE
Equisetopsida,Solanales,Solanaceae,Datura stramonium,FALSE,FALSE
Insecta,Lepidoptera,Erebidae,Dasysphinx flavibasis,FALSE,FALSE
Equisetopsida,Solanales,Solanaceae,Solanum selachophyllum,FALSE,FALSE
Aves,Passeriformes,Cardinalidae,Piranga olivacea,FALSE,FALSE
Aves,Apodiformes,Trochilidae,Lafresnaya lafresnayi,FALSE,FALSE
Aves,Passeriformes,Cardinalidae,Piranga rubra,FALSE,FALSE
Mammalia,Rodentia,Dasyproctidae,Dasyprocta punctata,FALSE,FALSE
Mammalia,Rodentia,Dasyproctidae,Dasyprocta kalinowskii,TRUE,FALSE
Equisetopsida,Solanales,Solanaceae,Solanum sessile,FALSE,FALSE
Equisetopsida,Fabales,Fabaceae,Pisum sativum,FALSE,FALSE
Equisetopsida,Cucurbitales,Cucurbitaceae,Lagenaria siceraria,FALSE,FALSE
Equisetopsida,Laurales,Lauraceae,Nectandra cissiflora,FALSE,FALSE
Insecta,Lepidoptera,Nymphalidae,Danaus plexippus nigrippus,FALSE,FALSE
Insecta,Lepidoptera,Hesperiidae,Dalla ticidas,FALSE,FALSE
Insecta,Lepidoptera,Hesperiidae,Dalla polycrates lania,FALSE,FALSE
Aves,Passeriformes,Tyrannidae,Pitangus sulphuratus,FALSE,FALSE
Insecta,Lepidoptera,Hesperiidae,Dalla genes nona,FALSE,FALSE
Insecta,Lepidoptera,Hesperiidae,Dalla cypselus evages,FALSE,FALSE
Insecta,Lepidoptera,Hesperiidae,Dalla cupavia cupavia,FALSE,FALSE
Insecta,Lepidoptera,Hesperiidae,Dalla costala costala,FALSE,FALSE
Insecta,Lepidoptera,Hesperiidae,Dalla carnis carnis,FALSE,FALSE
Equisetopsida,Poales,Bromeliaceae,Pitcairnia ellenbergi,TRUE,FALSE
Equisetopsida,Fabales,Fabaceae,Dalea coerulea,FALSE,FALSE
Equisetopsida,Poales,Bromeliaceae,Pitcairnia pulverulenta,FALSE,FALSE
Equisetopsida,Poales,Bromeliaceae,Pitcairnia pungens,FALSE,FALSE
Equisetopsida,Fabales,Fabaceae,Dalea ayavacensis,FALSE,FALSE
Equisetopsida,Laurales,Lauraceae,Nectandra acutifolia,FALSE,FALSE
Equisetopsida,Poales,Bromeliaceae,Pitcairnia rigida,FALSE,FALSE
Aves,Passeriformes,Passerellidae,Ammodramus aurifrons,FALSE,FALSE
Equisetopsida,Asterales,Asteraceae,Dahlia pinnata,FALSE,FALSE
Insecta,Lepidoptera,Nymphalidae,Dagon catula,FALSE,FALSE
Insecta,Lepidoptera,Nymphalidae,Daedalma dinias boliviana,FALSE,FALSE
Mammalia,Rodentia,Echimyidae,Dactylomys peruanus,FALSE,FALSE
Equisetopsida,Malpighiales,Salicaceae,Abatia spicata,TRUE,FALSE
Equisetopsida,Fabales,Fabaceae,Amicia lobbiana,FALSE,FALSE
Aves,Passeriformes,Thraupidae,Dacnis cayana,FALSE,FALSE
Equisetopsida,Solanales,Solanaceae,Solanum sumacaspi,TRUE,FALSE
Equisetopsida,Asparagales,Orchidaceae,Cyrtopodium virescens,FALSE,FALSE
Equisetopsida,Polypodiales,Pteridaceae,Pityrogramma calomelanos,FALSE,FALSE
Equisetopsida,Polypodiales,Pteridaceae,Pityrogramma chrysoconia,FALSE,FALSE
Equisetopsida,Polypodiales,Pteridaceae,Pityrogramma ebenea,FALSE,FALSE
Equisetopsida,Asterales,Asteraceae,Cyrtocymura scorpioides,FALSE,FALSE
Equisetopsida,Asparagales,Orchidaceae,Cyrtochilum volubile,TRUE,FALSE
Equisetopsida,Asparagales,Orchidaceae,Cyrtochilum tetraplasium,FALSE,FALSE
Equisetopsida,Polypodiales,Pteridaceae,Pityrogramma ochracea,FALSE,FALSE
Equisetopsida,Asparagales,Orchidaceae,Cyrtochilum rhodoneurum,FALSE,FALSE
Equisetopsida,Asparagales,Orchidaceae,Cyrtochilum pusillum,TRUE,FALSE
Equisetopsida,Polypodiales,Pteridaceae,Pityrogramma trifoliata,FALSE,FALSE
Equisetopsida,Asparagales,Orchidaceae,Cyrtochilum parviflorum,FALSE,FALSE
Equisetopsida,Asparagales,Orchidaceae,Cyrtochilum mystacinum,FALSE,FALSE
Equisetopsida,Asparagales,Orchidaceae,Cyrtochilum myanthum,FALSE,FALSE
Equisetopsida,Asparagales,Orchidaceae,Cyrtochilum minax,TRUE,FALSE
Equisetopsida,Jungermanniales,Plagiochilaceae,Plagiochila alternans,FALSE,FALSE
Equisetopsida,Jungermanniales,Plagiochilaceae,Plagiochila andina,FALSE,FALSE
Equisetopsida,Jungermanniales,Plagiochilaceae,Plagiochila binghamiae,FALSE,FALSE
Equisetopsida,Jungermanniales,Plagiochilaceae,Plagiochila chinantlana,FALSE,FALSE
Equisetopsida,Jungermanniales,Plagiochilaceae,Plagiochila flavescens,FALSE,FALSE
Equisetopsida,Jungermanniales,Plagiochilaceae,Plagiochila footei,FALSE,FALSE
Equisetopsida,Asparagales,Orchidaceae,Cyrtochilum ligulatum,TRUE,FALSE
Equisetopsida,Asparagales,Orchidaceae,Cyrtochilum graminoides,FALSE,FALSE
Equisetopsida,Asparagales,Orchidaceae,Cyrtochilum gracile,TRUE,FALSE
Equisetopsida,Asparagales,Orchidaceae,Cyrtochilum cimiciferum,FALSE,FALSE
Equisetopsida,Asparagales,Orchidaceae,Cyrtochilum caespitosum,FALSE,FALSE
Equisetopsida,Asparagales,Orchidaceae,Cyrtochilum auropurpureum,FALSE,FALSE
Equisetopsida,Lamiales,Plantaginaceae,Plantago australis,FALSE,FALSE
Equisetopsida,Asparagales,Orchidaceae,Cyrtochilum aureum,FALSE,FALSE
Equisetopsida,Asparagales,Orchidaceae,Cyrtochilum angustatum,FALSE,FALSE
Equisetopsida,Lamiales,Plantaginaceae,Plantago lanceolata,FALSE,FALSE
Aves,Passeriformes,Troglodytidae,Cyphorhinus thoracicus,FALSE,FALSE
Equisetopsida,Lamiales,Plantaginaceae,Plantago major,FALSE,FALSE
Equisetopsida,Poales,Cyperaceae,Cyperus thyrsiflorus,FALSE,FALSE
Equisetopsida,Lamiales,Plantaginaceae,Plantago sericea,FALSE,FALSE
Equisetopsida,Poales,Cyperaceae,Cyperus hermaphroditus,FALSE,FALSE
Equisetopsida,Solanales,Solanaceae,Solanum tenuispinum,FALSE,FALSE
Equisetopsida,Boraginales,Boraginaceae,Cynoglossum microglochin var. Nervosum,FALSE,FALSE
Equisetopsida,Poales,Poaceae,Cynodon dactylon,FALSE,FALSE
Insecta,Lepidoptera,Hesperiidae,Cynea anthracinus luctatius,FALSE,FALSE
Mammalia,Rodentia,Cricetidae,Neacomys spinosus,FALSE,FALSE
Equisetopsida,Poales,Poaceae,Lamprothyrsus peruvianus,FALSE,FALSE
Insecta,Lepidoptera,Hesperiidae,Cymaenes psyllus,FALSE,FALSE
Insecta,Lepidoptera,Hesperiidae,Cymaenes olilia miqua,FALSE,FALSE
Equisetopsida,Rosales,Rosaceae,Cydonia oblonga,FALSE,FALSE
Equisetopsida,Apiales,Apiaceae,Cyclospermum leptophyllum,FALSE,FALSE
Equisetopsida,Asparagales,Orchidaceae,Cyclopogon peruvianus,FALSE,FALSE
Equisetopsida,Asparagales,Orchidaceae,Cyclopogon elatus,FALSE,FALSE
Insecta,Lepidoptera,Nymphalidae,Adelpha saundersii saundersii,FALSE,FALSE
Aves,Passeriformes,Vireonidae,Cyclarhis gujanensis,FALSE,FALSE
Mammalia,Chiroptera,Phyllostomidae,Platyrrhinus masu,FALSE,FALSE
Equisetopsida,Cucurbitales,Cucurbitaceae,Cyclanthera pedata,FALSE,FALSE
Equisetopsida,Asparagales,Orchidaceae,Platystele oxyglossa,FALSE,FALSE
Equisetopsida,Cucurbitales,Cucurbitaceae,Cyclanthera brachybotrys,FALSE,FALSE
Aves,Passeriformes,Icteridae,Amblycercus holosericeus,FALSE,FALSE
Equisetopsida,Asparagales,Orchidaceae,Maxillaria huancabambae,FALSE,FALSE
Equisetopsida,Lamiales,Lamiaceae,Plectranthus scutellarioides,FALSE,FALSE
Aves,Pelecaniformes,Threskiornithidae,Plegadis ridgwayi,FALSE,FALSE
Insecta,Lepidoptera,Nymphalidae,"""Megoleria"" susiana polymacula",FALSE,FALSE
Equisetopsida,Cyatheales,Cyatheaceae,Cyathea xenoxyla,FALSE,FALSE
Equisetopsida,Cyatheales,Cyatheaceae,Cyathea squamipes,FALSE,FALSE
Equisetopsida,Polypodiales,Polypodiaceae,Pleopeltis macrocarpa,FALSE,FALSE
Equisetopsida,Cyatheales,Cyatheaceae,Cyathea ruiziana,TRUE,FALSE
Equisetopsida,Cyatheales,Cyatheaceae,Cyathea pilosissima,FALSE,FALSE
Equisetopsida,Cyatheales,Cyatheaceae,Cyathea pallescens,FALSE,FALSE
Equisetopsida,Lamiales,Verbenaceae,Lantana camara,FALSE,FALSE
Equisetopsida,Solanales,Solanaceae,Solanum umbellatum,FALSE,FALSE
Equisetopsida,Cyatheales,Cyatheaceae,Cyathea divergens,FALSE,FALSE
Equisetopsida,Cyatheales,Cyatheaceae,Cyathea dintelmannii,FALSE,FALSE
Equisetopsida,Cyatheales,Cyatheaceae,Cyathea delgadii,FALSE,TRUE
Equisetopsida,Cyatheales,Cyatheaceae,Cyathea conjugata,FALSE,FALSE
Equisetopsida,Cyatheales,Cyatheaceae,Cyathea catacampta,FALSE,FALSE
Equisetopsida,Cyatheales,Cyatheaceae,Cyathea carolihenrici,FALSE,FALSE
Equisetopsida,Cyatheales,Cyatheaceae,Cyathea caracasana,FALSE,TRUE
Amphibia,Anura,Leptodactylidae,Pleurodema marmoratum,FALSE,FALSE
Insecta,Lepidoptera,Erebidae,Cyanopepla sanguicincta,FALSE,FALSE
Insecta,Lepidoptera,Erebidae,Cyanopepla hurama,FALSE,FALSE
Equisetopsida,Lamiales,Verbenaceae,Lantana canescens,FALSE,FALSE
Aves,Passeriformes,Corvidae,Cyanolyca viridicyanus,FALSE,FALSE
Equisetopsida,Asparagales,Orchidaceae,Pleurothallis bicornis,FALSE,FALSE
Equisetopsida,Asparagales,Orchidaceae,Pleurothallis candida,FALSE,FALSE
Equisetopsida,Asparagales,Orchidaceae,Pleurothallis cordata,FALSE,FALSE
Equisetopsida,Asparagales,Orchidaceae,Pleurothallis coriacardia,FALSE,FALSE
Equisetopsida,Asparagales,Orchidaceae,Pleurothallis divaricans,FALSE,FALSE
Aves,Passeriformes,Corvidae,Cyanocorax yncas,FALSE,FALSE
Equisetopsida,Asparagales,Orchidaceae,Pleurothallis hjertingii,TRUE,FALSE
Equisetopsida,Asparagales,Orchidaceae,Pleurothallis lamellaris,FALSE,FALSE
Equisetopsida,Asparagales,Orchidaceae,Pleurothallis lindenii,FALSE,FALSE
Equisetopsida,Asparagales,Orchidaceae,Pleurothallis linguifera,FALSE,FALSE
Equisetopsida,Asparagales,Orchidaceae,Pleurothallis phalangifera,FALSE,FALSE
Equisetopsida,Asparagales,Orchidaceae,Pleurothallis revoluta,FALSE,FALSE
Equisetopsida,Asparagales,Orchidaceae,Pleurothallis ruberrima,FALSE,FALSE
Equisetopsida,Lamiales,Verbenaceae,Lantana horrida,FALSE,FALSE
Aves,Psittaciformes,Psittacidae,Amazona mercenarius,FALSE,FALSE
Equisetopsida,Asparagales,Orchidaceae,Pleurothallis secunda,FALSE,FALSE
Equisetopsida,Lamiales,Verbenaceae,Lantana rugulosa,FALSE,FALSE
Equisetopsida,Solanales,Convolvulaceae,Cuscuta odorata,FALSE,FALSE
Equisetopsida,Solanales,Convolvulaceae,Cuscuta grandiflora,FALSE,FALSE
Equisetopsida,Asparagales,Orchidaceae,Pleurothallis xanthochlora,FALSE,FALSE
Mammalia,Rodentia,Abrocomidae,Cuscomys oblativus,TRUE,TRUE
Equisetopsida,Solanales,Solanaceae,Solanum urubambae,TRUE,TRUE
Equisetopsida,Solanales,Solanaceae,Solanum velutinum,FALSE,FALSE
Equisetopsida,Lamiales,Verbenaceae,Lantana trifolia,FALSE,FALSE
Equisetopsida,Cupressales,Cupressaceae,Cupressus macrocarpa,FALSE,FALSE
Equisetopsida,Myrtales,Lythraceae,Cuphea spruceana,FALSE,FALSE
Equisetopsida,Myrtales,Lythraceae,Cuphea cordata,FALSE,FALSE
Equisetopsida,Myrtales,Lythraceae,Cuphea ciliata,FALSE,FALSE
Equisetopsida,Sapindales,Sapindaceae,Cupania latifolia,FALSE,FALSE
Equisetopsida,Asparagales,Orchidaceae,Maxillaria infausta,FALSE,FALSE
Equisetopsida,Sapindales,Sapindaceae,Cupania americana,FALSE,FALSE
Mammalia,Rodentia,Cuniculidae,Cuniculus taczanowskii,FALSE,FALSE
Equisetopsida,Caryophyllales,Plumbaginaceae,Plumbago coerulea,FALSE,FALSE
Equisetopsida,Asterales,Asteraceae,Culcitium canescens,FALSE,FALSE
Equisetopsida,Cucurbitales,Cucurbitaceae,Cucumis sativus,FALSE,FALSE
Mammalia,Carnivora,Procyonidae,Nasuella olivacea,FALSE,TRUE
Equisetopsida,Poales,Poaceae,Poa annua,FALSE,FALSE
Equisetopsida,Poales,Poaceae,Poa candamoana,FALSE,FALSE
Aves,Tinamiformes,Tinamidae,Crypturellus obsoletus,FALSE,FALSE
Equisetopsida,Poales,Poaceae,Poa horridula,FALSE,FALSE
Equisetopsida,Poales,Poaceae,Poa pratensi,FALSE,FALSE
Equisetopsida,Poales,Poaceae,Poa rauhii,TRUE,FALSE
Equisetopsida,Poales,Poaceae,Poa scaberula,FALSE,FALSE
Equisetopsida,Brassicales,Cleomaceae,Podandrogyne mathewsii,FALSE,FALSE
Aves,Cuculiformes,Cuculidae,Crotophaga major,FALSE,FALSE
Aves,Podicipediformes,Podicipedidae,Podiceps occipitalis,FALSE,FALSE
Aves,Cuculiformes,Cuculidae,Crotophaga ani,FALSE,FALSE
Equisetopsida,Podocarpales,Podocarpaceae,Podocarpus glomeratus,FALSE,FALSE
Equisetopsida,Podocarpales,Podocarpaceae,Podocarpus ingensis,FALSE,FALSE
Equisetopsida,Podocarpales,Podocarpaceae,Podocarpus oleifolius,FALSE,TRUE
Mammalia,Carnivora,Procyonidae,Nasua nasua,FALSE,FALSE
Equisetopsida,Asterales,Asteraceae,Sonchus oleraceus,FALSE,FALSE
Equisetopsida,Poales,Poaceae,Sorghum bicolor,FALSE,FALSE
Equisetopsida,Podocarpales,Podocarpaceae,Podocarpus rusbyi,FALSE,FALSE
Equisetopsida,Malpighiales,Euphorbiaceae,Croton rehderianus,FALSE,FALSE
Equisetopsida,Malpighiales,Euphorbiaceae,Croton quadrisetosus,FALSE,FALSE
Equisetopsida,Malpighiales,Euphorbiaceae,Croton perspeciosus,FALSE,FALSE
Equisetopsida,Poales,Poaceae,Sorghum halepense,FALSE,FALSE
Equisetopsida,Malpighiales,Euphorbiaceae,Croton nitidulifolius,TRUE,FALSE
Equisetopsida,Malpighiales,Euphorbiaceae,Croton glabellus,FALSE,FALSE
Equisetopsida,Malpighiales,Euphorbiaceae,Croton fragrantulus,FALSE,FALSE
Equisetopsida,Malpighiales,Euphorbiaceae,Croton callicarpifolius,FALSE,FALSE
Equisetopsida,Malpighiales,Euphorbiaceae,Croton baillonianus,FALSE,FALSE
Insecta,Lepidoptera,Nymphalidae,Podotricha telesiphe telesiphe,FALSE,FALSE
Equisetopsida,Brassicales,Brassicaceae,Nasturtium officinale,FALSE,FALSE
Equisetopsida,Fabales,Fabaceae,Crotalaria sagittalis,FALSE,FALSE
Equisetopsida,Fabales,Fabaceae,Crotalaria pilosa,FALSE,FALSE
Equisetopsida,Fabales,Fabaceae,Crotalaria nitens,FALSE,FALSE
Equisetopsida,Fabales,Fabaceae,Crotalaria incana,FALSE,FALSE
Insecta,Lepidoptera,Hesperiidae,Nastra chao,FALSE,FALSE
Equisetopsida,Poales,Poaceae,Lasiacis divaricata,FALSE,FALSE
Equisetopsida,Poales,Poaceae,Nassella pubiflora,FALSE,FALSE
Equisetopsida,Asparagales,Iridaceae,Crocosmia x crocosmiiflora,FALSE,FALSE
Insecta,Lepidoptera,Erebidae,Crocomela imperialis,FALSE,FALSE
Insecta,Lepidoptera,Erebidae,Crocomela flammifera,FALSE,FALSE
Equisetopsida,Asterales,Asteraceae,Critoniopsis jelskii,FALSE,FALSE
Equisetopsida,Poales,Poaceae,Poidium monandrum,FALSE,FALSE
Aves,Passeriformes,Thraupidae,Creurgops verticalis,FALSE,FALSE
Aves,Passeriformes,Thraupidae,Creurgops dentatus,FALSE,FALSE
Insecta,Lepidoptera,Hesperiidae,Polites vibex catilina,FALSE,FALSE
Insecta,Lepidoptera,Nymphalidae,Lasiophila piscina,FALSE,FALSE
Insecta,Lepidoptera,Nymphalidae,Lasiophila zapatoza orbifera,FALSE,FALSE
Equisetopsida,Malpighiales,Salicaceae,Abatia parviflora,FALSE,FALSE
Equisetopsida,Fabales,Polygalaceae,Polygala paniculata,FALSE,FALSE
Equisetopsida,Fabales,Polygalaceae,Polygala pearcei,FALSE,FALSE
Equisetopsida,Caryophyllales,Polygonaceae,Polygonum aviculare,FALSE,FALSE
Equisetopsida,Rosales,Rosaceae,Polylepis argentea,FALSE,FALSE
Equisetopsida,Rosales,Rosaceae,Polylepis besseri,FALSE,TRUE
Equisetopsida,Rosales,Rosaceae,Polylepis lanata,FALSE,FALSE
Equisetopsida,Rosales,Rosaceae,Polylepis pauta,FALSE,FALSE
Equisetopsida,Rosales,Rosaceae,Polylepis pepei,FALSE,TRUE
Aves,Passeriformes,Furnariidae,Cranioleuca marcapatae,TRUE,FALSE
Equisetopsida,Rosales,Rosaceae,Polylepis racemosa,FALSE,TRUE
Equisetopsida,Fabales,Fabaceae,Lathyrus magellanicus,FALSE,FALSE
Equisetopsida,Rosales,Rosaceae,Polylepis sericea,FALSE,TRUE
Equisetopsida,Rosales,Rosaceae,Polylepis subsericans,FALSE,TRUE
Aves,Passeriformes,Furnariidae,Cranioleuca albicapilla,TRUE,FALSE
Equisetopsida,Asparagales,Orchidaceae,Cranichis ciliata,FALSE,FALSE
Equisetopsida,Polypodiales,Polypodiaceae,Polypodium buchtienii,FALSE,FALSE
Equisetopsida,Polypodiales,Polypodiaceae,Polypodium ecuadorense,FALSE,FALSE
Equisetopsida,Polypodiales,Polypodiaceae,Polypodium fraxinifolium,FALSE,FALSE
Equisetopsida,Polypodiales,Polypodiaceae,Polypodium loriceum,FALSE,FALSE
Equisetopsida,Polypodiales,Polypodiaceae,Polypodium polypodioides,FALSE,FALSE
Insecta,Lepidoptera,Erebidae,Amastus persimilis,FALSE,FALSE
Equisetopsida,Poales,Poaceae,Polypogon elongatus,FALSE,FALSE
Insecta,Lepidoptera,Erebidae,Amastus hyalina,FALSE,FALSE
Equisetopsida,Poales,Poaceae,Polypogon monspeliensis,FALSE,FALSE
Insecta,Lepidoptera,Erebidae,Amastus ferrera,FALSE,FALSE
Insecta,Lepidoptera,Erebidae,Amastus coccinator,FALSE,FALSE
Equisetopsida,Polypodiales,Dryopteridaceae,Polystichum montevidense,FALSE,FALSE
Equisetopsida,Myrtales,Melastomataceae,Leandra crenata,FALSE,FALSE
Equisetopsida,Polypodiales,Dryopteridaceae,Polystichum platyphyllum,FALSE,FALSE
Equisetopsida,Asparagales,Orchidaceae,Maxillaria laricina,FALSE,FALSE
Equisetopsida,Caryophyllales,Amaranthaceae,Amaranthus spinosus,FALSE,FALSE
Aves,Passeriformes,Tyrannidae,Legatus leucophaius,FALSE,FALSE
Equisetopsida,Asterales,Asteraceae,Cotula australis,FALSE,FALSE
Equisetopsida,Polytrichales,Polytrichaceae,Polytrichella viridis,FALSE,FALSE
Equisetopsida,Polytrichales,Polytrichaceae,Polytrichum antillarum,FALSE,FALSE
Equisetopsida,Polytrichales,Polytrichaceae,Polytrichum juniperinum,FALSE,FALSE
Equisetopsida,Cornales,Loasaceae,Nasa raimondii,FALSE,FALSE
Equisetopsida,Asparagales,Orchidaceae,Ponthieva collantesii,TRUE,FALSE
Equisetopsida,Asparagales,Orchidaceae,Ponthieva cornuta,FALSE,FALSE
Equisetopsida,Asparagales,Orchidaceae,Ponthieva diptera,FALSE,FALSE
Equisetopsida,Asparagales,Orchidaceae,Ponthieva fertilis,FALSE,FALSE
Equisetopsida,Asparagales,Orchidaceae,Ponthieva garayana,FALSE,FALSE
Equisetopsida,Cornales,Loasaceae,Nasa poissoniana,FALSE,FALSE
Equisetopsida,Asparagales,Orchidaceae,Ponthieva pubescens,FALSE,FALSE
Equisetopsida,Poales,Poaceae,Melinis minutiflora,FALSE,FALSE
Equisetopsida,Cornales,Loasaceae,Nasa picta,FALSE,FALSE
Equisetopsida,Asterales,Asteraceae,Cosmos peucedanifolius,FALSE,FALSE
Equisetopsida,Gentianales,Rubiaceae,Cosmibuena grandiflora,FALSE,FALSE
Aves,Passeriformes,Thraupidae,Poospizopsis caesar,TRUE,FALSE
Aves,Passeriformes,Thraupidae,Coryphospingus cucullatus,FALSE,FALSE
Equisetopsida,Porellales,Porellaceae,Porella arborea,FALSE,FALSE
Equisetopsida,Hypnales,Neckeraceae,Porotrichum longirostre,FALSE,FALSE
Equisetopsida,Hypnales,Neckeraceae,Porotrichum neckeraeforme,FALSE,FALSE
Equisetopsida,Asparagales,Orchidaceae,Maxillaria machupicchuensis,TRUE,FALSE
Insecta,Lepidoptera,Nymphalidae,Adelpha lycorias lara,FALSE,FALSE
Insecta,Lepidoptera,Hesperiidae,Cortices corticea,FALSE,FALSE
Insecta,Lepidoptera,Hesperiidae,Corticea mendica mendica,FALSE,FALSE
Equisetopsida,Caryophyllales,Portulacaceae,Portulaca oleracea,FALSE,FALSE
Equisetopsida,Poales,Poaceae,Cortaderia bifida,FALSE,FALSE
Equisetopsida,Caryophyllales,Portulacaceae,Portulaca pilosa,FALSE,FALSE
Equisetopsida,Caryophyllales,Cactaceae,Corryocactus erectus,TRUE,FALSE
Equisetopsida,Alismatales,Araceae,Lemna gibba,FALSE,FALSE
Equisetopsida,Cornales,Cornaceae,Cornus peruviana,FALSE,FALSE
Equisetopsida,Cucurbitales,Coriariaceae,Coriaria ruscifolia,FALSE,FALSE
Equisetopsida,Apiales,Apiaceae,Coriandrum sativum,FALSE,FALSE
Equisetopsida,Asparagales,Orchidaceae,Leochilus labiatus,TRUE,FALSE
Insecta,Lepidoptera,Pieridae,Leodonta tagaste,FALSE,FALSE
Insecta,Lepidoptera,Pieridae,Leodonta zenobina,FALSE,FALSE
Equisetopsida,Lamiales,Cordiaceae,Cordia vargasii,FALSE,FALSE
Insecta,Lepidoptera,Erebidae,Napata sanguicincta,FALSE,FALSE
Equisetopsida,Lamiales,Cordiaceae,Cordia scaberrima,FALSE,FALSE
Equisetopsida,Lamiales,Cordiaceae,Cordia rusbyi,FALSE,FALSE
Insecta,Lepidoptera,Nymphalidae,Altinote thalia crassinia,FALSE,FALSE
Insecta,Lepidoptera,Hesperiidae,Potamanaxas laoma cosna,FALSE,FALSE
Mammalia,Carnivora,Felidae,Leopardus garleppi,FALSE,FALSE
Insecta,Lepidoptera,Nymphalidae,Altinote rufina,FALSE,FALSE
Insecta,Lepidoptera,Nymphalidae,Altinote pellenea epiphaea,FALSE,FALSE
Insecta,Lepidoptera,Nymphalidae,Adelpha coryneta,FALSE,FALSE
Amphibia,Anura,Bufonidae,Nannophryne corynetes,TRUE,TRUE
Insecta,Lepidoptera,Nymphalidae,Altinote monima,FALSE,FALSE
Insecta,Lepidoptera,Nymphalidae,Altinote hilaris hilaris,FALSE,FALSE
Insecta,Lepidoptera,Nymphalidae,Altinote eresia binghamae,FALSE,FALSE
Aves,Cathartiformes,Cathartidae,Coragyps atratus,FALSE,FALSE
Equisetopsida,Asparagales,Orchidaceae,Maxillaria nasuta,FALSE,FALSE
Insecta,Lepidoptera,Nymphalidae,Corades medeba medeba,FALSE,FALSE
Insecta,Lepidoptera,Nymphalidae,Corades iduna,FALSE,FALSE
Insecta,Lepidoptera,Nymphalidae,Corades enyo almo,FALSE,FALSE
Insecta,Lepidoptera,Lycaenidae,Corades cistene generosa,FALSE,FALSE
Insecta,Lepidoptera,Nymphalidae,Corades argentata,FALSE,FALSE
Insecta,Lepidoptera,Nymphalidae,Altinote anaxo comta,FALSE,FALSE
Equisetopsida,Fagales,Myricaceae,Morella pubescens,FALSE,FALSE
Insecta,Lepidoptera,Nymphalidae,Adelpha aricia aricia,FALSE,FALSE
Insecta,Lepidoptera,Nymphalidae,Altinote alcione sodalis,FALSE,FALSE
Equisetopsida,Asterales,Asteraceae,Conyza canadensis,FALSE,FALSE
Equisetopsida,Solanales,Convolvulaceae,Convolvulus crenatifolius,FALSE,FALSE
Equisetopsida,Malvales,Malvaceae,Althaea officinalis,FALSE,FALSE
Aves,Passeriformes,Tyrannidae,Contopus fumigatus,FALSE,FALSE
Aves,Passeriformes,Tyrannidae,Contopus cooperi,FALSE,FALSE
Insecta,Lepidoptera,Nymphalidae,Adelpha alala negra,FALSE,FALSE
Mammalia,Carnivora,Felidae,Leopardus jacobitus,FALSE,TRUE
Equisetopsida,Caryophyllales,Amaranthaceae,Alternanthera pubiflora,FALSE,FALSE
Equisetopsida,Caryophyllales,Amaranthaceae,Alternanthera porrigens,FALSE,FALSE
Aves,Passeriformes,Tyrannidae,Conopias cinchoneti,FALSE,FALSE
Equisetopsida,Laurales,Monimiaceae,Mollinedia repanda,FALSE,FALSE
Equisetopsida,Apiales,Apiaceae,Conium maculatum,FALSE,FALSE
Aves,Passeriformes,Thraupidae,Conirostrum sitticolor,FALSE,FALSE
Aves,Passeriformes,Thraupidae,Conirostrum ferrugineiventre,FALSE,FALSE
Equisetopsida,Ericales,Sapotaceae,Pouteria bangii,FALSE,FALSE
Aves,Passeriformes,Hirundinidae,Stelgidopteryx ruficollis,FALSE,FALSE
Aves,Passeriformes,Thraupidae,Conirostrum cinereum,FALSE,FALSE
Equisetopsida,Caryophyllales,Amaranthaceae,Alternanthera mexicana,FALSE,FALSE
Equisetopsida,Ericales,Sapotaceae,Pouteria cinnamomea,TRUE,FALSE
Aves,Passeriformes,Thraupidae,Conirostrum binghami,FALSE,FALSE
Equisetopsida,Myrtales,Myrtaceae,Myrteola phylicoides,FALSE,FALSE
Aves,Passeriformes,Thraupidae,Conirostrum albifrons,FALSE,FALSE
Equisetopsida,Myrtales,Myrtaceae,Myrteola nummularia,FALSE,FALSE
Mammalia,Carnivora,Mephitidae,Conepatus chinga,FALSE,FALSE
Equisetopsida,Gentianales,Rubiaceae,Condaminea corymbosa,FALSE,FALSE
Equisetopsida,Asparagales,Orchidaceae,Maxillaria platypetala,TRUE,FALSE
Equisetopsida,Ericales,Sapotaceae,Pouteria lucuma,FALSE,FALSE
Equisetopsida,Fagales,Myricaceae,Morella pavonis,FALSE,FALSE
Equisetopsida,Ericales,Primulaceae,Myrsine sprucei,FALSE,FALSE
Equisetopsida,Fabales,Fabaceae,Spartium junceum,FALSE,FALSE
Equisetopsida,Alismatales,Araceae,Spathantheum orbignyanum,FALSE,FALSE
Equisetopsida,Ericales,Primulaceae,Myrsine pseudocrenata,FALSE,FALSE
Equisetopsida,Asparagales,Orchidaceae,Comparettia vallyana,TRUE,FALSE
Equisetopsida,Caryophyllales,Amaranthaceae,Alternanthera brasiliana,FALSE,FALSE
Equisetopsida,Asparagales,Orchidaceae,Comparettia serrilabia,TRUE,FALSE
Equisetopsida,Asparagales,Orchidaceae,Comparettia saccata,TRUE,FALSE
Equisetopsida,Asparagales,Orchidaceae,Comparettia rubriflora,TRUE,FALSE
Equisetopsida,Ericales,Primulaceae,Myrsine pellucida,FALSE,FALSE
Equisetopsida,Ericales,Primulaceae,Myrsine pearcei,FALSE,FALSE
Equisetopsida,Asparagales,Orchidaceae,Altensteinia fimbriata,FALSE,FALSE
Equisetopsida,Asparagales,Orchidaceae,Lepanthes caudatisepala,FALSE,FALSE
Equisetopsida,Commelinales,Commelinaceae,Commelina erecta,FALSE,FALSE
Equisetopsida,Asparagales,Orchidaceae,Lepanthes longipedicellata,FALSE,FALSE
Equisetopsida,Asparagales,Orchidaceae,Altensteinia boliviensis,FALSE,FALSE
Equisetopsida,Asparagales,Orchidaceae,Lepanthes miraculum,FALSE,FALSE
Equisetopsida,Cyatheales,Cyatheaceae,Alsophila incana,FALSE,FALSE
Equisetopsida,Ericales,Primulaceae,Myrsine latifolia,FALSE,FALSE
Equisetopsida,Asparagales,Orchidaceae,Lepanthes mucronata,FALSE,FALSE
Equisetopsida,Cyatheales,Cyatheaceae,Alsophila erinacea,FALSE,FALSE
Equisetopsida,Asparagales,Orchidaceae,Lepanthes pteropogon,FALSE,FALSE
Equisetopsida,Lamiales,Gesneriaceae,Columnea oblongifolia,FALSE,FALSE
Equisetopsida,Rosales,Urticaceae,Pouzolzia poeppigiana,FALSE,FALSE
Equisetopsida,Lamiales,Gesneriaceae,Columnea moesta,FALSE,FALSE
Equisetopsida,Lamiales,Gesneriaceae,Columnea lophophora,FALSE,FALSE
Equisetopsida,Asparagales,Orchidaceae,Maxillaria procurrens,FALSE,FALSE
Equisetopsida,Asterales,Asteraceae,Praxelis clematidea,FALSE,FALSE
Aves,Passeriformes,Furnariidae,Premnoplex brunnescens,FALSE,FALSE
Equisetopsida,Bruniales,Columelliaceae,Columellia obovata,FALSE,FALSE
Equisetopsida,Bruniales,Columelliaceae,Columellia oblonga,FALSE,FALSE
Equisetopsida,Asparagales,Orchidaceae,Lepanthes pubicaulis,TRUE,FALSE
Aves,Passeriformes,Furnariidae,Premnornis guttuliger,FALSE,FALSE
Equisetopsida,Asparagales,Orchidaceae,Lepanthopsis floripecten,FALSE,FALSE
Equisetopsida,Lamiales,Lamiaceae,Lepechinia bullata,FALSE,FALSE
Equisetopsida,Lamiales,Lamiaceae,Lepechinia codon,FALSE,FALSE
Equisetopsida,Asparagales,Orchidaceae,Prescottia oligantha,FALSE,FALSE
Equisetopsida,Lamiales,Lamiaceae,Lepechinia lancifolia,FALSE,FALSE
Aves,Columbiformes,Columbidae,Columba livia,FALSE,FALSE
Equisetopsida,Gentianales,Apocynaceae,Prestonia tomentosa,FALSE,FALSE
Equisetopsida,Fabales,Fabaceae,Cologania broussonetii,FALSE,FALSE
Equisetopsida,Asterales,Asteraceae,Lepidaploa canescens,FALSE,FALSE
Equisetopsida,Fabales,Fabaceae,Collaea speciosa,FALSE,FALSE
Equisetopsida,Caryophyllales,Nyctaginaceae,Colignonia parviflora,FALSE,FALSE
Equisetopsida,Caryophyllales,Nyctaginaceae,Colignonia ovalifolia,FALSE,FALSE
Aves,Apodiformes,Trochilidae,Colibri cyanotus,FALSE,FALSE
Equisetopsida,Asterales,Asteraceae,Lepidaploa mapirensis,FALSE,FALSE
Equisetopsida,Ericales,Primulaceae,Myrsine coriacea,FALSE,FALSE
Aves,Apodiformes,Trochilidae,Colibri coruscans,FALSE,FALSE
Equisetopsida,Hypnales,Prionodontaceae,Prionodon luteovirens,FALSE,FALSE
Equisetopsida,Lamiales,Verbenaceae,Aloysia virgata,FALSE,FALSE
Insecta,Lepidoptera,Pieridae,Colias lesbia verhulsti,FALSE,FALSE
Insecta,Lepidoptera,Pieridae,Colias euxanthe hermina,FALSE,FALSE
Aves,Piciformes,Picidae,Colaptes rupicola,FALSE,FALSE
Aves,Anseriformes,Anatidae,Spatula cyanoptera,FALSE,FALSE
Aves,Piciformes,Picidae,Colaptes rubiginosus,FALSE,FALSE
Aves,Piciformes,Picidae,Colaptes rivolii,FALSE,FALSE
Equisetopsida,Gentianales,Rubiaceae,Coffea arabica,FALSE,FALSE
Aves,Passeriformes,Thraupidae,Coereba flaveola,FALSE,FALSE
Aves,Apodiformes,Trochilidae,Coeligena violifer,FALSE,FALSE
Aves,Apodiformes,Trochilidae,Coeligena torquata,FALSE,FALSE
Aves,Apodiformes,Trochilidae,Coeligena coeligena,FALSE,FALSE
Aves,Cuculiformes,Cuculidae,Coccyzus melacoryphus,FALSE,FALSE
Reptilia,Sauria,Gymnophthalmidae,Proctoporus bolivianus,FALSE,FALSE
Reptilia,Sauria,Gymnophthalmidae,Proctoporus machupicchu,TRUE,FALSE
Equisetopsida,Ericales,Primulaceae,Myrsine andina,FALSE,FALSE
Aves,Cuculiformes,Cuculidae,Coccyzus americanus,FALSE,FALSE
Equisetopsida,Myrtales,Myrtaceae,Myrrhinium atropurpureum,FALSE,FALSE
Equisetopsida,Asparagales,Orchidaceae,Coccineorchis cernua,FALSE,FALSE
Equisetopsida,Asparagales,Orchidaceae,Myrosmodes paludosa,FALSE,FALSE
Equisetopsida,Ericales,Polemoniaceae,Cobaea scandens,FALSE,FALSE
Aves,Anseriformes,Anatidae,Spatula puna,FALSE,FALSE
Aves,Passeriformes,Furnariidae,Lepidocolaptes lacrymiger,FALSE,FALSE
Aves,Passeriformes,Thraupidae,Cnemoscopus rubrirostris,FALSE,FALSE
Aves,Passeriformes,Tyrannidae,Cnemarchus rufipennis,FALSE,FALSE
Aves,Passeriformes,Tyrannidae,Cnemarchus erythropygius,FALSE,FALSE
Equisetopsida,Asparagales,Orchidaceae,Myrosmodes gymnandra,TRUE,FALSE
Equisetopsida,Malpighiales,Clusiaceae,Clusia trochiformis,FALSE,FALSE
Equisetopsida,Malpighiales,Clusiaceae,Clusia thurifera,FALSE,FALSE
Equisetopsida,Malpighiales,Clusiaceae,Clusia sphaerocarpa,FALSE,FALSE
Equisetopsida,Asparagales,Orchidaceae,Specklinia semperflorens,FALSE,FALSE
Equisetopsida,Malpighiales,Clusiaceae,Clusia pavonii,FALSE,FALSE
Equisetopsida,Lamiales,Scrophulariaceae,Alonsoa meridionalis,FALSE,FALSE
Equisetopsida,Malpighiales,Clusiaceae,Clusia loretensis,FALSE,FALSE
Equisetopsida,Lamiales,Scrophulariaceae,Alonsoa caulialata,FALSE,FALSE
Equisetopsida,Lamiales,Scrophulariaceae,Alonsoa acutifolia,FALSE,FALSE
Mammalia,Chiroptera,Molossidae,Promops nasutus,FALSE,TRUE
Insecta,Lepidoptera,Nymphalidae,Pronophila cordillera variabilis,FALSE,FALSE
Insecta,Lepidoptera,Nymphalidae,Pronophila thelebe,FALSE,FALSE
Equisetopsida,Malpighiales,Clusiaceae,Clusia flaviflora,FALSE,FALSE
Equisetopsida,Asparagales,Orchidaceae,Prosthechea bennettii,TRUE,FALSE
Equisetopsida,Asparagales,Orchidaceae,Prosthechea farfanii,TRUE,FALSE
Equisetopsida,Asparagales,Orchidaceae,Prosthechea grammatoglossa,FALSE,FALSE
Equisetopsida,Asparagales,Orchidaceae,Prosthechea hartwegii,FALSE,TRUE
Equisetopsida,Asparagales,Orchidaceae,Prosthechea vespa,FALSE,FALSE
Insecta,Lepidoptera,Sphingidae,Protambulyx euryalus,FALSE,FALSE
Equisetopsida,Asparagales,Orchidaceae,Maxillaria rotundilabia,FALSE,FALSE
Aves,Passeriformes,Thamnophilidae,Myrmotherula schisticolor,FALSE,FALSE
Aves,Passeriformes,Pipridae,Lepidothrix coeruleocapilla,TRUE,FALSE
Equisetopsida,Asterales,Asteraceae,Clibadium surinamense,FALSE,FALSE
Equisetopsida,Ericales,Clethraceae,Clethra revoluta,FALSE,FALSE
Equisetopsida,Ericales,Clethraceae,Clethra peruviana,FALSE,FALSE
Equisetopsida,Ericales,Clethraceae,Clethra obovata,FALSE,FALSE
Equisetopsida,Ericales,Clethraceae,Clethra ferruginea,FALSE,FALSE
Equisetopsida,Ericales,Clethraceae,Clethra cuneata,FALSE,FALSE
Equisetopsida,Ericales,Clethraceae,Clethra castaneifolia,FALSE,FALSE
Equisetopsida,Asparagales,Asphodelaceae,Aloe vera,FALSE,FALSE
Equisetopsida,Brassicales,Cleomaceae,Cleome lechleri,FALSE,FALSE
Equisetopsida,Ranunculales,Ranunculaceae,Clematis seemannii,FALSE,FALSE
Equisetopsida,Ranunculales,Ranunculaceae,Clematis haenkeana,FALSE,FALSE
Equisetopsida,Fagales,Betulaceae,Alnus jorullensis,FALSE,FALSE
Equisetopsida,Ranunculales,Ranunculaceae,Clematis dioica,FALSE,FALSE
Equisetopsida,Ranunculales,Ranunculaceae,Clematis alborosea,FALSE,FALSE
Reptilia,Serpentes,Dipsadidae,Clelia clelia,FALSE,FALSE
Aves,Apodiformes,Trochilidae,Adelomyia melanogenys,FALSE,FALSE
Equisetopsida,Asparagales,Orchidaceae,Cleistes vargasii,TRUE,FALSE
Equisetopsida,Fagales,Betulaceae,Alnus acuminata,FALSE,TRUE
Equisetopsida,Gentianales,Rubiaceae,Spermacoce capitata,FALSE,FALSE
Equisetopsida,Asparagales,Orchidaceae,Maxillaria scandens,TRUE,TRUE
Equisetopsida,Rosales,Moraceae,Clarisia biflora,FALSE,FALSE
Equisetopsida,Sapindales,Sapindaceae,Allophylus peruvianus,FALSE,FALSE
Equisetopsida,Asparagales,Orchidaceae,Stelis antennata,FALSE,FALSE
Equisetopsida,Gentianales,Rubiaceae,Spermacoce verticillata,FALSE,FALSE
Equisetopsida,Lamiales,Lamiaceae,Sphacele codon,TRUE,FALSE
Equisetopsida,Sapindales,Burseraceae,Protium montanum,FALSE,FALSE
Aves,Charadriiformes,Scolopacidae,Actitis macularius,FALSE,FALSE
Equisetopsida,Sapindales,Rutaceae,Citrus reticulata,FALSE,FALSE
Equisetopsida,Sapindales,Rutaceae,Citrus paradisi,FALSE,FALSE
Equisetopsida,Sapindales,Rutaceae,Citrus medica,FALSE,FALSE
Equisetopsida,Sapindales,Rutaceae,Citrus maxima,FALSE,FALSE
Equisetopsida,Sapindales,Rutaceae,Citrus limon,FALSE,FALSE
Equisetopsida,Sapindales,Rutaceae,Citrus aurantium var. sinensis,FALSE,FALSE
Equisetopsida,Sapindales,Rutaceae,Citrus aurantiifolia,FALSE,FALSE
Equisetopsida,Aquifoliales,Cardiopteridaceae,Citronella incarum,FALSE,FALSE
Equisetopsida,Lamiales,Verbenaceae,Citharexylum quercifolium,FALSE,TRUE
Equisetopsida,Lamiales,Verbenaceae,Citharexylum punctatum,FALSE,FALSE
Equisetopsida,Lamiales,Verbenaceae,Citharexylum pachyphyllum,FALSE,FALSE
Equisetopsida,Lamiales,Verbenaceae,Citharexylum laurifolium,FALSE,FALSE
Equisetopsida,Lamiales,Verbenaceae,Citharexylum herrerae,FALSE,FALSE
Equisetopsida,Lamiales,Verbenaceae,Citharexylum dentatum,FALSE,FALSE
Equisetopsida,Lamiales,Verbenaceae,Citharexylum argutedentatum,FALSE,FALSE
Aves,Passeriformes,Troglodytidae,Cistothorus platensis,FALSE,FALSE
Equisetopsida,Vitales,Vitaceae,Cissus verticillata,FALSE,FALSE
Equisetopsida,Myrtales,Melastomataceae,Meriania weberbaueri,TRUE,FALSE
Equisetopsida,Myrtales,Melastomataceae,Meriania vargasii,TRUE,FALSE
Equisetopsida,Myrtales,Melastomataceae,Meriania tomentosa,FALSE,FALSE
Equisetopsida,Vitales,Vitaceae,Cissus microcarpa,FALSE,FALSE
Equisetopsida,Asparagales,Amaryllidaceae,Allium sativum,FALSE,FALSE
Equisetopsida,Asparagales,Amaryllidaceae,Allium fistulosum,FALSE,FALSE
Equisetopsida,Asparagales,Amaryllidaceae,Allium cepa,FALSE,FALSE
Equisetopsida,Asparagales,Amaryllidaceae,Allium ampeloprasum,FALSE,FALSE
Equisetopsida,Myrtales,Melastomataceae,Meriania sumatika,FALSE,FALSE
Equisetopsida,Asparagales,Orchidaceae,Stelis biserrula,FALSE,FALSE
Aves,Passeriformes,Thraupidae,Cissopis leverianus,FALSE,FALSE
Aves,Passeriformes,Furnariidae,Leptasthenura xenothorax,TRUE,TRUE
Equisetopsida,Sphagnales,Sphagnaceae,Sphagnum magellanicum,FALSE,FALSE
Equisetopsida,Sphagnales,Sphagnaceae,Sphagnum meridense,FALSE,FALSE
Equisetopsida,Podocarpales,Podocarpaceae,Prumnopitys harmsiana,FALSE,TRUE
Equisetopsida,Ranunculales,Menispermaceae,Cissampelos pareira,FALSE,FALSE
Equisetopsida,Podocarpales,Podocarpaceae,Prumnopitys montana,FALSE,FALSE
Equisetopsida,Asterales,Asteraceae,Cirsium vulgare,FALSE,FALSE
Equisetopsida,Rosales,Rosaceae,Prunus avium,FALSE,FALSE
Amphibia,Anura,Leptodactylidae,Leptodactylus rhodonotus,FALSE,FALSE
Equisetopsida,Rosales,Rosaceae,Prunus domestica,FALSE,FALSE
Aves,Accipitriformes,Accipitridae,Circus cinereus,FALSE,FALSE
Equisetopsida,Rosales,Rosaceae,Prunus integrifolia,FALSE,FALSE
Equisetopsida,Rosales,Rosaceae,Prunus persica,FALSE,FALSE
Aves,Passeriformes,Troglodytidae,Cinnycerthia fulva,FALSE,FALSE
Equisetopsida,Rosales,Rosaceae,Prunus pleiantha,FALSE,FALSE
Equisetopsida,Poales,Poaceae,Cinna poiformis,FALSE,FALSE
Equisetopsida,Rosales,Rosaceae,Prunus rigida,FALSE,FALSE
Equisetopsida,Rosales,Rosaceae,Prunus rotunda,FALSE,FALSE
Equisetopsida,Rosales,Rosaceae,Prunus serotina,FALSE,FALSE
Equisetopsida,Rosales,Rosaceae,Prunus stipulata,FALSE,FALSE
Equisetopsida,Rosales,Rosaceae,Prunus subcorymbosa,FALSE,FALSE
Equisetopsida,Poales,Poaceae,Cinnagrostis tarmensis,FALSE,FALSE
Equisetopsida,Poales,Poaceae,Cinnagrostis rupestris,FALSE,FALSE
Equisetopsida,Poales,Poaceae,Cinnagrostis rigida,FALSE,FALSE
Equisetopsida,Ericales,Ericaceae,Psammisia coarctata,FALSE,FALSE
Equisetopsida,Poales,Poaceae,Cinnagrostis heterophylla,FALSE,FALSE
Aves,Passeriformes,Cinclidae,Cinclus leucocephalus,FALSE,FALSE
Equisetopsida,Asparagales,Orchidaceae,Stelis bracteosa,TRUE,FALSE
Aves,Passeriformes,Icteridae,Psarocolius angustifrons,FALSE,FALSE
Aves,Passeriformes,Furnariidae,Cinclodes atacamensis,FALSE,FALSE
Aves,Passeriformes,Icteridae,Psarocolius atrovirens,FALSE,FALSE
Aves,Passeriformes,Furnariidae,Cinclodes aricomae,FALSE,TRUE
Reptilia,Serpentes,Dipsadidae,Leptodeira annulata,FALSE,FALSE
Aves,Passeriformes,Furnariidae,Cinclodes albidiventris,FALSE,FALSE
Equisetopsida,Asparagales,Orchidaceae,Stelis campanulifera,FALSE,FALSE
Equisetopsida,Gentianales,Rubiaceae,Cinchona pubescens,FALSE,FALSE
Equisetopsida,Gentianales,Rubiaceae,Cinchona officinalis,FALSE,FALSE
Equisetopsida,Gentianales,Rubiaceae,Cinchona micrantha,TRUE,FALSE
Equisetopsida,Gentianales,Rubiaceae,Cinchona hirsuta,FALSE,FALSE
Equisetopsida,Gentianales,Rubiaceae,Cinchona calisaya,TRUE,TRUE
Equisetopsida,Asterales,Asteraceae,Cichorium endivia,FALSE,FALSE
Aves,Passeriformes,Tyrannidae,Agriornis montanus,FALSE,FALSE
Aves,Strigiformes,Strigidae,Ciccaba albitarsis,FALSE,FALSE
Equisetopsida,Asterales,Asteraceae,Pseudelephantopus spicatus,FALSE,FALSE
Equisetopsida,Asterales,Asteraceae,Pseudelephantopus spiralis,FALSE,FALSE
Aves,Passeriformes,Thraupidae,Sphenopsis frontalis,FALSE,FALSE
Equisetopsida,Poales,Poaceae,Chusquea tessellata,FALSE,FALSE
Equisetopsida,Poales,Poaceae,Chusquea tarmensis,FALSE,FALSE
Equisetopsida,Poales,Poaceae,Chusquea scandens,FALSE,FALSE
Equisetopsida,Poales,Poaceae,Chusquea peruviana,FALSE,FALSE
Equisetopsida,Poales,Poaceae,Chusquea huantensis,FALSE,FALSE
Equisetopsida,Poales,Poaceae,Chusquea dombeyana,TRUE,FALSE
Equisetopsida,Poales,Poaceae,Chusquea depauperata,FALSE,FALSE
Aves,Passeriformes,Tyrannidae,Leptopogon superciliaris,FALSE,FALSE
Equisetopsida,Poales,Poaceae,Chusquea delicatula,FALSE,FALSE
Aves,Passeriformes,Tyrannidae,Leptopogon taczanowskii,TRUE,FALSE
Aves,Passeriformes,Furnariidae,Pseudocolaptes boissonneautii,FALSE,FALSE
Aves,Psittaciformes,Psittacidae,Leptosittaca branickii,FALSE,TRUE
Equisetopsida,Asparagales,Orchidaceae,Maxillaria trigona,TRUE,FALSE
Insecta,Lepidoptera,Lycaenidae,Leptotes callanga,FALSE,FALSE
Insecta,Lepidoptera,Lycaenidae,Leptotes lamasi,FALSE,FALSE
Equisetopsida,Myrtales,Melastomataceae,Meriania hernandoi,FALSE,FALSE
Equisetopsida,Polypodiales,Pteridaceae,Aleuritopteris farinosa,FALSE,FALSE
Equisetopsida,Asparagales,Orchidaceae,Maxillaria winaywaynaensis,TRUE,FALSE
Equisetopsida,Asterales,Asteraceae,Aldama helianthoides,FALSE,FALSE
Insecta,Lepidoptera,Erebidae,Chrysocale corax,FALSE,FALSE
Insecta,Lepidoptera,Sphingidae,Agrius cingulata,FALSE,FALSE
Insecta,Lepidoptera,Erebidae,Chrostosoma joavana,FALSE,FALSE
Insecta,Lepidoptera,Erebidae,Chrostosoma auge,FALSE,FALSE
Equisetopsida,Asterales,Asteraceae,Chromolaena odorata,FALSE,FALSE
Equisetopsida,Asterales,Asteraceae,Chromolaena leptocephala,FALSE,FALSE
Equisetopsida,Asterales,Asteraceae,Chromolaena laevigata,FALSE,FALSE
Aves,Charadriiformes,Laridae,Chroicocephalus serranus,FALSE,FALSE
Insecta,Lepidoptera,Riodinidae,Chorinea sylphina,FALSE,FALSE
Aves,Passeriformes,Thraupidae,Sphenopsis melanotis,FALSE,FALSE
Equisetopsida,Asparagales,Orchidaceae,Stelis convoluta,FALSE,FALSE
Aves,Columbiformes,Columbidae,Leptotila verreauxi,FALSE,FALSE
Equisetopsida,Myrtales,Melastomataceae,Meriania cuzcoana,FALSE,FALSE
Insecta,Lepidoptera,Hesperiidae,Lerema viridis,FALSE,FALSE
Aves,Accipitriformes,Accipitridae,Chondrohierax uncinatus,FALSE,FALSE
Insecta,Lepidoptera,Hesperiidae,Lerodea xenos,FALSE,FALSE
Aves,Apodiformes,Trochilidae,Lesbia nuna,FALSE,FALSE
Equisetopsida,Asparagales,Orchidaceae,Stelis dupliciformis,FALSE,FALSE
Aves,Apodiformes,Trochilidae,Lesbia victoriae,FALSE,FALSE
Equisetopsida,Ericales,Ericaceae,Sphyrospermum buxifolium,FALSE,FALSE
Insecta,Lepidoptera,Lycaenidae,Chlorostrymon simaethis,FALSE,FALSE
Aves,Passeriformes,Passerellidae,Chlorospingus parvirostris,FALSE,FALSE
Equisetopsida,Asparagales,Orchidaceae,Stelis hylophila,FALSE,FALSE
Aves,Passeriformes,Passerellidae,Chlorospingus flavopectus,FALSE,FALSE
Aves,Passeriformes,Passerellidae,Chlorospingus flavigularis,FALSE,FALSE
Aves,Passeriformes,Tyrannidae,Lessonia oreas,FALSE,FALSE
Mammalia,Paucituberculata,Caenolestidae,Lestoros inca,FALSE,FALSE
Insecta,Lepidoptera,Sphingidae,Pseudosphinx tetrio,FALSE,FALSE
Aves,Passeriformes,Thraupidae,Pseudospingus xanthophthalmus,FALSE,FALSE
Insecta,Lepidoptera,Erebidae,Leucanopsis apicepunctata,FALSE,FALSE
Aves,Passeriformes,Thraupidae,Chlorornis riefferii,FALSE,FALSE
Equisetopsida,Asterales,Asteraceae,Leucanthemum vulgare,FALSE,FALSE
Aves,Passeriformes,Fringillidae,Chlorophonia cyanea,FALSE,FALSE
Aves,Passeriformes,Tyrannidae,Pseudotriccus ruficeps,FALSE,FALSE
Equisetopsida,Malpighiales,Euphorbiaceae,Alchornea triplinervia,FALSE,FALSE
Equisetopsida,Asparagales,Orchidaceae,Maxillaria xanthorhoda,TRUE,FALSE
Equisetopsida,Ericales,Ericaceae,Sphyrospermum cordifolium,FALSE,FALSE
Equisetopsida,Myrtales,Myrtaceae,Psidium guajava,FALSE,FALSE
Aves,Passeriformes,Thraupidae,Chlorochrysa calliparaea,FALSE,FALSE
Equisetopsida,Asparagales,Orchidaceae,Psilochilus macrophyllus,FALSE,FALSE
Equisetopsida,Myrtales,Melastomataceae,Meriania almedae,FALSE,FALSE
Insecta,Lepidoptera,Riodinidae,Leucochimona metata subalbata,FALSE,FALSE
Equisetopsida,Caryophyllales,Amaranthaceae,Spinacia oleracea,FALSE,FALSE
Equisetopsida,Poales,Poaceae,Chloris radiata,FALSE,FALSE
Equisetopsida,Poales,Poaceae,Chloris gayana,FALSE,FALSE
Equisetopsida,Malpighiales,Euphorbiaceae,Alchornea grandis,FALSE,FALSE
Aves,Psittaciformes,Psittacidae,Psittacara mitratus,FALSE,FALSE
Aves,Psittaciformes,Psittacidae,Psittacara wagleri,FALSE,FALSE
Equisetopsida,Asparagales,Orchidaceae,Chloraea reticulata,FALSE,TRUE
Aves,Anseriformes,Anatidae,Merganetta armata,FALSE,FALSE
Aves,Passeriformes,Pipridae,Chiroxiphia boliviana,FALSE,FALSE
Equisetopsida,Malpighiales,Euphorbiaceae,Chiropetalum ruizianum,FALSE,FALSE
Reptilia,Serpentes,Colubridae,Chironius scurrulus,FALSE,FALSE
Equisetopsida,Asparagales,Orchidaceae,Stelis lamellata,FALSE,FALSE
Reptilia,Serpentes,Colubridae,Chironius monticola,FALSE,FALSE
Equisetopsida,Asparagales,Orchidaceae,Stelis loxensis,FALSE,FALSE
Equisetopsida,Asparagales,Orchidaceae,Stelis machupicchuensis,FALSE,FALSE
Equisetopsida,Gentianales,Rubiaceae,Psychotria carthagenensis,FALSE,FALSE
Aves,Passeriformes,Fringillidae,Spinus atratus,FALSE,FALSE
Aves,Passeriformes,Fringillidae,Spinus crassirostris,FALSE,FALSE
Equisetopsida,Malpighiales,Euphorbiaceae,Alchornea glandulosa,FALSE,FALSE
Equisetopsida,Asparagales,Orchidaceae,Stelis macra,TRUE,FALSE
Insecta,Lepidoptera,Hesperiidae,Chioides concinnus,FALSE,FALSE
Insecta,Lepidoptera,Hesperiidae,Chioides catillus catillus,FALSE,FALSE
Equisetopsida,Asparagales,Orchidaceae,Stelis oblonga,FALSE,FALSE
Equisetopsida,Gentianales,Rubiaceae,Psychotria officinalis,FALSE,FALSE
Equisetopsida,Caryophyllales,Amaranthaceae,Chenopodium album,FALSE,FALSE
Equisetopsida,Caryophyllales,Amaranthaceae,Chenopodiastrum murale,FALSE,FALSE
Equisetopsida,Asparagales,Orchidaceae,Stelis parviflora,TRUE,FALSE
Equisetopsida,Gentianales,Gentianaceae,Chelonanthus alatus,FALSE,FALSE
Equisetopsida,Gentianales,Rubiaceae,Psychotria reticulata,FALSE,FALSE
Aves,Passeriformes,Fringillidae,Spinus magellanicus,FALSE,FALSE
Equisetopsida,Polypodiales,Pteridaceae,Cheilanthes myriophylla,FALSE,FALSE
Equisetopsida,Polypodiales,Pteridaceae,Cheilanthes marginata,FALSE,FALSE
Equisetopsida,Gentianales,Rubiaceae,Psychotria tristis,FALSE,FALSE
Equisetopsida,Polypodiales,Pteridaceae,Cheilanthes fraseri,FALSE,FALSE
Equisetopsida,Polypodiales,Pteridaceae,Cheilanthes bonariensis,FALSE,FALSE
Insecta,Lepidoptera,Pieridae,Leutophobia aripa clodina,FALSE,FALSE
Insecta,Lepidoptera,Pieridae,Leutophobia cleone luca,FALSE,FALSE
Insecta,Lepidoptera,Pieridae,Leutophobia diaguita,FALSE,FALSE
Insecta,Lepidoptera,Pieridae,Leutophobia helena,FALSE,FALSE
Insecta,Lepidoptera,Pieridae,Leutophobia nephthis,FALSE,FALSE
Insecta,Lepidoptera,Pieridae,Leutophobia olympia potonici,FALSE,FALSE
Equisetopsida,Asparagales,Orchidaceae,Pterichis silvestris,FALSE,FALSE
Equisetopsida,Polypodiales,Dennstaedtiaceae,Pteridium aquilinum,FALSE,FALSE
Equisetopsida,Polypodiales,Dennstaedtiaceae,Pteridium esculentum subsp. Arachnoideum,FALSE,FALSE
Equisetopsida,Polypodiales,Pteridaceae,Pteris coriacea,FALSE,FALSE
Insecta,Lepidoptera,Pieridae,Leutophobia philoma subargentea,FALSE,FALSE
Aves,Charadriiformes,Charadriidae,Charadrius alticola,FALSE,FALSE
Equisetopsida,Polypodiales,Pteridaceae,Pteris muricata,FALSE,FALSE
Insecta,Lepidoptera,Pieridae,Leutophobia tovaria gina,FALSE,FALSE
Equisetopsida,Polypodiales,Pteridaceae,Pteris quadriaurita,FALSE,FALSE
Equisetopsida,Caryophyllales,Amaranthaceae,Chamissoa altissima,FALSE,FALSE
Equisetopsida,Asparagales,Orchidaceae,Stelis purdiei,FALSE,FALSE
Equisetopsida,Rosales,Urticaceae,Myriocarpa tatei,FALSE,FALSE
Aves,Passeriformes,Formicariidae,Chamaeza mollissima,FALSE,FALSE
Equisetopsida,Asparagales,Orchidaceae,Stelis purpurea,FALSE,FALSE
Equisetopsida,Rosales,Rosaceae,Alchemilla lechleriana,FALSE,FALSE
Equisetopsida,Asterales,Asteraceae,Acmella alba,FALSE,FALSE
Aves,Galliformes,Cracidae,Chamaepetes goudotii,FALSE,FALSE
Equisetopsida,Arecales,Arecaceae,Chamaedorea pinnatifrons,FALSE,FALSE
Equisetopsida,Asparagales,Orchidaceae,Stelis quinquenervia,FALSE,FALSE
Equisetopsida,Malvales,Malvaceae,Alcea rosea,FALSE,FALSE
Equisetopsida,Rosales,Urticaceae,Myriocarpa stipitata,FALSE,FALSE
Equisetopsida,Fabales,Fabaceae,Chamaecrista glandulosa,FALSE,FALSE
Equisetopsida,Asterales,Asteraceae,Liabum solidagineum,FALSE,FALSE
Equisetopsida,Asterales,Asteraceae,Liabum vargasii,TRUE,FALSE
Aves,Passeriformes,Thraupidae,Chalcothraupis ruficervix,FALSE,FALSE
Aves,Apodiformes,Trochilidae,Chalcostigma stanleyi,FALSE,FALSE
Aves,Apodiformes,Trochilidae,Chalcostigma ruficeps,FALSE,FALSE
Equisetopsida,Asparagales,Orchidaceae,Stelis retusiloba,FALSE,FALSE
Aves,Apodiformes,Trochilidae,Chalcostigma olivaceum,FALSE,FALSE
Equisetopsida,Malpighiales,Clusiaceae,Myriandra glauca,FALSE,FALSE
Equisetopsida,Poales,Poaceae,Agrostis imberbis,FALSE,FALSE
Equisetopsida,Asparagales,Orchidaceae,Stelis rhombilabia,TRUE,FALSE
Aves,Apodiformes,Apodidae,Chaetura pelagica,FALSE,FALSE
Equisetopsida,Poales,Poaceae,Agrostis mertensii,FALSE,FALSE
Equisetopsida,Myrtales,Myrtaceae,Myrcia splendens,FALSE,TRUE
Aves,Apodiformes,Apodidae,Chaetura cinereiventris,FALSE,FALSE
Equisetopsida,Poales,Poaceae,Agrostis perennans,FALSE,FALSE
Equisetopsida,Laurales,Lauraceae,Licaria pucheri,TRUE,FALSE
Aves,Accipitriformes,Accipitridae,Spizaetus ornatus,FALSE,FALSE
Insecta,Lepidoptera,Nymphalidae,Pteronymia zerlina,FALSE,FALSE
Aves,Apodiformes,Trochilidae,Pterophanes cyanopterus,FALSE,FALSE
Aves,Apodiformes,Trochilidae,Chaetocercus mulsant,FALSE,FALSE
Insecta,Lepidoptera,Papilionidae,Pterourus menatius eurotas,FALSE,FALSE
Equisetopsida,Asparagales,Orchidaceae,Stelis simplicilabia,FALSE,FALSE
Equisetopsida,Solanales,Solanaceae,Cestrum strigilatum,FALSE,FALSE
Equisetopsida,Solanales,Solanaceae,Cestrum schlechtendalii,FALSE,FALSE
Equisetopsida,Solanales,Solanaceae,Cestrum racemosum,FALSE,FALSE
Mammalia,Cetartiodactyla,Cervidae,Pudu mephistophiles,FALSE,TRUE
Aves,Strigiformes,Strigidae,Pulsatrix melanota,FALSE,FALSE
Equisetopsida,Solanales,Solanaceae,Cestrum humboldtii,FALSE,FALSE
Equisetopsida,Solanales,Solanaceae,Cestrum falcatum,TRUE,FALSE
Equisetopsida,Solanales,Solanaceae,Cestrum conglomeratum,FALSE,FALSE
Equisetopsida,Santalales,Santalaceae,Cervantesia tomentosa,FALSE,FALSE
Equisetopsida,Myrtales,Myrtaceae,Myrcianthes rhopaloides,FALSE,FALSE
Insecta,Lepidoptera,Pieridae,Lieinix nemesis nemesis,FALSE,FALSE
Equisetopsida,Arecales,Arecaceae,Ceroxylon pityrophyllum,FALSE,FALSE
Equisetopsida,Asparagales,Orchidaceae,Stelis tenuicaulis,FALSE,FALSE
Equisetopsida,Myrtales,Myrtaceae,Myrcianthes oreophila,TRUE,FALSE
Equisetopsida,Santalales,Loranthaceae,Ligaria cuneifolia,FALSE,FALSE
Equisetopsida,Caryophyllales,Cactaceae,Cereus vargasianus,TRUE,FALSE
Mammalia,Rodentia,Cricetidae,Akodon torques,TRUE,FALSE
Mammalia,Carnivora,Felidae,Puma concolor,FALSE,FALSE
Mammalia,Carnivora,Felidae,Puma yagouaroundi,FALSE,FALSE
Equisetopsida,Myrtales,Myrtaceae,Myrcianthes indifferens,FALSE,FALSE
Equisetopsida,Asparagales,Orchidaceae,Stelis tricardium,FALSE,FALSE
Equisetopsida,Myrtales,Myrtaceae,Myrcianthes hallii,FALSE,FALSE
Equisetopsida,Liliales,Liliaceae,Lilium candidum,FALSE,FALSE
Equisetopsida,Caryophyllales,Caryophyllaceae,Cerastium subspicatum,FALSE,FALSE
Equisetopsida,Poales,Bromeliaceae,Puya densiflora,TRUE,FALSE
Equisetopsida,Poales,Bromeliaceae,Puya ferruginea,FALSE,FALSE
Equisetopsida,Caryophyllales,Caryophyllaceae,Cerastium mollissimum,FALSE,FALSE
Equisetopsida,Poales,Bromeliaceae,Puya herrerae,FALSE,TRUE
Equisetopsida,Caryophyllales,Caryophyllaceae,Cerastium fontanum subsp. Vulgare,FALSE,FALSE
Equisetopsida,Liliales,Liliaceae,Lilium longiflorum,FALSE,FALSE
Equisetopsida,Poales,Bromeliaceae,Puya weberbaueri,FALSE,FALSE
Equisetopsida,Fabales,Fabaceae,Centrosema virginianum,FALSE,FALSE
Equisetopsida,Asterales,Campanulaceae,Centropogon yungasensis,FALSE,FALSE
Equisetopsida,Asterales,Campanulaceae,Centropogon viriduliflorus,FALSE,FALSE
Equisetopsida,Poales,Cyperaceae,Pycreus niger,FALSE,FALSE
Equisetopsida,Asterales,Campanulaceae,Centropogon urubambae,FALSE,FALSE
Equisetopsida,Asterales,Campanulaceae,Centropogon scabiosus,FALSE,FALSE
Equisetopsida,Asterales,Campanulaceae,Centropogon nervosus,FALSE,FALSE
Equisetopsida,Asterales,Campanulaceae,Centropogon isahellinus,TRUE,FALSE
Equisetopsida,Asterales,Campanulaceae,Centropogon brittonianus,FALSE,FALSE
Equisetopsida,Asparagales,Orchidaceae,Stelis vargasii,FALSE,FALSE
Equisetopsida,Poales,Poaceae,Cenchrus echinatus,FALSE,FALSE
Aves,Passeriformes,Hirundinidae,Pygochelidon cyanoleuca,FALSE,FALSE
Insecta,Lepidoptera,Hesperiidae,Pyrgus communis titicaca,FALSE,FALSE
Equisetopsida,Rosales,Cannabaceae,Celtis iguanaea,FALSE,TRUE
Equisetopsida,Malpighiales,Linaceae,Linum usitatissimum,FALSE,FALSE
Equisetopsida,Poales,Poaceae,Agrostis tolucensis,FALSE,FALSE
Equisetopsida,Asparagales,Orchidaceae,Stelis velaticaulis,FALSE,FALSE
Insecta,Lepidoptera,Pieridae,Pyristina nise floscula,FALSE,FALSE
Aves,Passeriformes,Tyrannidae,Pyrocephalus rubinus,FALSE,FALSE
Equisetopsida,Celastrales,Celastraceae,Maytenus alaternoides,FALSE,FALSE
Insecta,Lepidoptera,Hesperiidae,Celaenorrhinus songoensis songoensis,FALSE,FALSE
Reptilia,Sauria,Liolaemidae,Liolaemus ortizii,TRUE,FALSE
Equisetopsida,Malvales,Malvaceae,Ceiba salmonea,FALSE,FALSE
Equisetopsida,Malvales,Malvaceae,Ceiba pubiflora,FALSE,FALSE
Equisetopsida,Myrtales,Myrtaceae,Myrcia hylobates,FALSE,FALSE
Equisetopsida,Sapindales,Meliaceae,Cedrela saltensis,FALSE,FALSE
Aves,Passeriformes,Tyrannidae,Pyrrhomyias cinnamomeus,FALSE,FALSE
Equisetopsida,Sapindales,Meliaceae,Cedrela angustifolia,FALSE,TRUE
Equisetopsida,Rosales,Urticaceae,Cecropia tacuna,FALSE,FALSE
Equisetopsida,Rosales,Urticaceae,Cecropia strigosa,FALSE,FALSE
Equisetopsida,Asparagales,Orchidaceae,Liparis laticuneata,FALSE,FALSE
Equisetopsida,Asparagales,Orchidaceae,Liparis neuroglossa,FALSE,FALSE
Equisetopsida,Asparagales,Orchidaceae,Liparis ramosa,FALSE,FALSE
Equisetopsida,Rosales,Urticaceae,Cecropia polystachya,FALSE,FALSE
Equisetopsida,Asparagales,Orchidaceae,Liparis retusa,FALSE,FALSE
Equisetopsida,Asparagales,Orchidaceae,Liparis rusbyi,FALSE,FALSE
Equisetopsida,Rosales,Urticaceae,Cecropia membranacea,FALSE,FALSE
Equisetopsida,Rosales,Urticaceae,Cecropia latiloba,FALSE,FALSE
Equisetopsida,Celastrales,Celastraceae,Maytenus apurimacensis,FALSE,FALSE
Equisetopsida,Rosales,Urticaceae,Cecropia angustifolia,FALSE,FALSE
Equisetopsida,Rosales,Rosaceae,Pyrus bourgaeana,FALSE,FALSE
Equisetopsida,Sapindales,Sapindaceae,Llagunoa nitida,FALSE,FALSE
Amphibia,Anura,Craugastoridae,Qoscophryne gymnotis,TRUE,TRUE
Amphibia,Anura,Craugastoridae,Qosqophryne mancoinca,TRUE,FALSE
Equisetopsida,Asparagales,Orchidaceae,Myoxanthus serripetalus,FALSE,FALSE
Equisetopsida,Asparagales,Orchidaceae,Myoxanthus monophyllus,FALSE,FALSE
Equisetopsida,Asparagales,Orchidaceae,Myoxanthus frutex,FALSE,FALSE
Mammalia,Rodentia,Cricetidae,Akodon surdus,TRUE,TRUE
Equisetopsida,Asterales,Campanulaceae,Lobelia tenera,FALSE,FALSE
Equisetopsida,Cucurbitales,Cucurbitaceae,Cayaponia citrullifolia,FALSE,FALSE
Aves,Passeriformes,Furnariidae,Lochmias nematura,FALSE,FALSE
Mammalia,Rodentia,Caviidae,Cavia tschudii,FALSE,FALSE
Equisetopsida,Caryophyllales,Caryophyllaceae,Stellaria cuspidata,FALSE,FALSE
Equisetopsida,Ericales,Ericaceae,Cavendishia martii,FALSE,FALSE
Equisetopsida,Ericales,Ericaceae,Cavendishia bracteata,FALSE,FALSE
Equisetopsida,Asterales,Asteraceae,Quechualia fulta,FALSE,FALSE
Equisetopsida,Gentianales,Rubiaceae,Catunaregam spinosa,FALSE,FALSE
Insecta,Lepidoptera,Nymphalidae,Catonephele chromis chromis,FALSE,FALSE
Equisetopsida,Poales,Poaceae,Lolium perenne,FALSE,FALSE
Equisetopsida,Polypodiales,Blechnaceae,Lomariocycas aurata,FALSE,FALSE
Aves,Passeriformes,Turdidae,Catharus ustulatus,FALSE,FALSE
Equisetopsida,Caryophyllales,Caryophyllaceae,Stellaria media,FALSE,FALSE
Mammalia,Rodentia,Cricetidae,Akodon subfuscus,FALSE,FALSE
Equisetopsida,Asparagales,Orchidaceae,Acianthera tunguraguae,FALSE,FALSE
Mammalia,Chiroptera,Vespertilionidae,Myotis oxyotus,FALSE,FALSE
Aves,Passeriformes,Turdidae,Catharus fuscater,FALSE,FALSE
Equisetopsida,Santalales,Schoepfiaceae,Quinchamalium procumbens,FALSE,FALSE
Mammalia,Chiroptera,Vespertilionidae,Myotis nigricans,FALSE,FALSE
Equisetopsida,Poales,Bromeliaceae,Racinaea penduliflora,TRUE,FALSE
Equisetopsida,Poales,Bromeliaceae,Racinaea pseudotetrantha,FALSE,FALSE
Equisetopsida,Poales,Bromeliaceae,Racinaea schumanniana,FALSE,FALSE
Equisetopsida,Hypnodendrales,Racopilaceae,Racopilum tomentosum,FALSE,FALSE
Aves,Cathartiformes,Cathartidae,Cathartes aura,FALSE,FALSE
Equisetopsida,Porellales,Radulaceae,Radula andicola,FALSE,FALSE
Equisetopsida,Porellales,Radulaceae,Radula ramulina,FALSE,FALSE
Equisetopsida,Gentianales,Apocynaceae,Catharanthus roseus,FALSE,FALSE
Insecta,Lepidoptera,Pieridae,Catasticta toca toca,FALSE,FALSE
Insecta,Lepidoptera,Pieridae,Catasticta sisamnus telasco,FALSE,FALSE
Insecta,Lepidoptera,Pieridae,Catasticta pinava,FALSE,FALSE
Insecta,Lepidoptera,Pieridae,Catasticta philais leucophaca,FALSE,FALSE
Insecta,Lepidoptera,Pieridae,Catasticta modesta modesta,FALSE,FALSE
Insecta,Lepidoptera,Pieridae,Catasticta marcapita marcapita,FALSE,FALSE
Insecta,Lepidoptera,Pieridae,Catasticta manco manco,FALSE,FALSE
Insecta,Lepidoptera,Pieridae,Catasticta eurigania straminea,FALSE,FALSE
Insecta,Lepidoptera,Pieridae,Catasticta collina collina,FALSE,FALSE
Insecta,Lepidoptera,Pieridae,Catasticta cinerea coerulescens,FALSE,FALSE
Insecta,Lepidoptera,Pieridae,Catasticta aureomaculata,FALSE,FALSE
Equisetopsida,Dipsacales,Caprifoliaceae,Lonicera japonica,FALSE,FALSE
Aves,Passeriformes,Thraupidae,Catamenia inornata,FALSE,FALSE
Aves,Passeriformes,Thraupidae,Catamenia homochroa,FALSE,FALSE
Equisetopsida,Celastrales,Celastraceae,Maytenus conferta,FALSE,FALSE
Equisetopsida,Celastrales,Celastraceae,Maytenus cuzcoina,FALSE,FALSE
Aves,Passeriformes,Thraupidae,Catamenia analis,FALSE,FALSE
Aves,Passeriformes,Thraupidae,Catamblyrhynchus diadema,FALSE,FALSE
Equisetopsida,Lamiales,Orobanchaceae,Castilleja scorzonerifolia,FALSE,FALSE
Aves,Passeriformes,Tyrannidae,Casiornis rufus,FALSE,FALSE
Equisetopsida,Malpighiales,Salicaceae,Casearia zahlbruckneri,FALSE,FALSE
Mammalia,Chiroptera,Vespertilionidae,Myotis keaysi,FALSE,FALSE
Aves,Passeriformes,Thraupidae,Ramphocelus carbo,FALSE,FALSE
Aves,Gruiformes,Rallidae,Micropygia schomburgkii,FALSE,FALSE
Equisetopsida,Malpighiales,Salicaceae,Casearia sylvestris,FALSE,FALSE
Equisetopsida,Asparagales,Orchidaceae,Microchilus ovatus,TRUE,FALSE
Equisetopsida,Asparagales,Orchidaceae,Microchilus major,TRUE,FALSE
Equisetopsida,Asparagales,Orchidaceae,Microchilus capitatus,TRUE,FALSE
Equisetopsida,Asparagales,Orchidaceae,Microchilus anchoriferus,FALSE,FALSE
Equisetopsida,Asparagales,Orchidaceae,Acianthera casapensis,FALSE,FALSE
Equisetopsida,Malpighiales,Salicaceae,Casearia decandra,FALSE,FALSE
Aves,Apodiformes,Trochilidae,Ramphomicron microrhynchum,FALSE,FALSE
Equisetopsida,Malpighiales,Salicaceae,Casearia aculeata,FALSE,FALSE
Mammalia,Carnivora,Mustelidae,Lontra longicaudis,FALSE,FALSE
Insecta,Lepidoptera,Erebidae,Lophocampa distincta,FALSE,FALSE
Equisetopsida,Boraginales,Boraginaceae,Myosotis arvensis,FALSE,FALSE
Insecta,Lepidoptera,Erebidae,Lophocampa modesta,FALSE,FALSE
Equisetopsida,Gentianales,Rubiaceae,Randia armata,FALSE,FALSE
Equisetopsida,Jungermanniales,Lophocoleaceae,Lophocolea diaphana,FALSE,FALSE
Equisetopsida,Asparagales,Orchidaceae,Acianthera aphthosa,FALSE,FALSE
Equisetopsida,Gentianales,Rubiaceae,Randia boliviana,FALSE,FALSE
Mammalia,Rodentia,Cricetidae,Microryzomys minutus,FALSE,FALSE
Aves,Anseriformes,Anatidae,Lophonetta specularioides,FALSE,FALSE
Equisetopsida,Celastrales,Celastraceae,Maytenus jelskii,FALSE,FALSE
Mammalia,Chiroptera,Phyllostomidae,Carollia perspicillata,FALSE,FALSE
Mammalia,Chiroptera,Phyllostomidae,Carollia brevicauda,FALSE,FALSE
Equisetopsida,Ranunculales,Ranunculaceae,Ranunculus praemorsus,FALSE,FALSE
Equisetopsida,Pandanales,Cyclanthaceae,Carludovica palmata,FALSE,FALSE
Equisetopsida,Celastrales,Celastraceae,Maytenus macrocarpa,FALSE,FALSE
Equisetopsida,Brassicales,Brassicaceae,Raphanus raphanistrum,FALSE,FALSE
Equisetopsida,Poales,Cyperaceae,Carex polystachya,FALSE,FALSE
Equisetopsida,Celastrales,Celastraceae,Maytenus peruana,FALSE,FALSE
Equisetopsida,Poales,Cyperaceae,Carex pichinchensis,FALSE,FALSE
Insecta,Lepidoptera,Hesperiidae,Mylon zephus albodiscus,FALSE,FALSE
Equisetopsida,Poales,Cyperaceae,Carex fecunda,FALSE,FALSE
Equisetopsida,Gentianales,Rubiaceae,Raritebe palicoureoides,FALSE,FALSE
Equisetopsida,Sapindales,Sapindaceae,Cardiospermum corindum,FALSE,FALSE
Aves,Passeriformes,Thraupidae,Rauenia bonariensis,FALSE,FALSE
Equisetopsida,Asterales,Asteraceae,Raulinoreitzia crenulata,FALSE,FALSE
Equisetopsida,Celastrales,Celastraceae,Maytenus theoides,FALSE,FALSE
Aves,Passeriformes,Parulidae,Cardellina canadensis,FALSE,FALSE
Equisetopsida,Brassicales,Brassicaceae,Cardamine bonariensis,FALSE,FALSE
Equisetopsida,Celastrales,Celastraceae,Maytenus verticillata,FALSE,FALSE
Equisetopsida,Asterales,Asteraceae,Achyrocline tomentosa,FALSE,FALSE
Insecta,Lepidoptera,Lycaenidae,Rekoa palegon,FALSE,FALSE
Aves,Passeriformes,Thraupidae,Microspingus trifasciatus,FALSE,FALSE
Equisetopsida,Lamiales,Acanthaceae,Stenandrium dulce,FALSE,FALSE
Aves,Falconiformes,Falconidae,Micrastur ruficollis,FALSE,FALSE
Equisetopsida,Solanales,Solanaceae,Capsicum pubescens,FALSE,FALSE
Equisetopsida,Asterales,Asteraceae,Achyrocline satureioides,FALSE,FALSE
Equisetopsida,Brassicales,Brassicaceae,Capsella bursa-pastoris,FALSE,FALSE
Equisetopsida,Lamiales,Lamiaceae,Mentha spicata,FALSE,FALSE
Equisetopsida,Asparagales,Orchidaceae,Stenia angustilabia,TRUE,FALSE
Equisetopsida,Hedwigiales,Hedwigiaceae,Rhacocarpus purpurascens,FALSE,FALSE
Aves,Passeriformes,Tyrannidae,Lophotriccus pileatus,FALSE,FALSE
Mammalia,Rodentia,Cricetidae,Rhagomys longilingua,FALSE,FALSE
Aves,Falconiformes,Falconidae,Micrastur gilvicollis,FALSE,FALSE
Equisetopsida,Asterales,Asteraceae,Achyrocline ramosissima,FALSE,FALSE
Insecta,Lepidoptera,Lycaenidae,Rhamma familiaris,FALSE,FALSE
Insecta,Lepidoptera,Lycaenidae,Rhamma nigrasarotina,FALSE,FALSE
Insecta,Lepidoptera,Lycaenidae,Rhamma oxida,FALSE,FALSE
Aves,Passeriformes,Tyrannidae,Myiozetetes similis,FALSE,FALSE
Equisetopsida,Rosales,Rosaceae,Rhaphiolepis bibas,FALSE,FALSE
Equisetopsida,Zingiberales,Cannaceae,Canna iridiflora,FALSE,FALSE
Equisetopsida,Zingiberales,Cannaceae,Canna indica,FALSE,FALSE
Equisetopsida,Zingiberales,Cannaceae,Canna bangii,FALSE,FALSE
Equisetopsida,Caryophyllales,Polygonaceae,Rheum rhaponticum,FALSE,FALSE
Equisetopsida,Asterales,Asteraceae,Achyrocline alata,FALSE,FALSE
Amphibia,Anura,Bufonidae,Rhinella inca,TRUE,FALSE
Equisetopsida,Polypodiales,Polypodiaceae,Campyloneurum ophiocaulon,FALSE,FALSE
Equisetopsida,Polypodiales,Polypodiaceae,Campyloneurum crassifolium,FALSE,FALSE
Equisetopsida,Polypodiales,Polypodiaceae,Campyloneurum angustifolium,FALSE,FALSE
Amphibia,Anura,Bufonidae,Rhinella poeppigii,FALSE,FALSE
Equisetopsida,Polypodiales,Polypodiaceae,Campyloneurum amphostenon,FALSE,FALSE
Amphibia,Anura,Bufonidae,Rhinella spinulosa,FALSE,FALSE
Equisetopsida,Lamiales,Lamiaceae,Mentha × piperita,FALSE,FALSE
Equisetopsida,Bryales,Bryaceae,Mielichhoferia minutissima,FALSE,FALSE
Mammalia,Cetartiodactyla,Cervidae,Mazama chunyi,FALSE,TRUE
Mammalia,Rodentia,Cricetidae,Rhipidomys leucodactylus,FALSE,FALSE
Aves,Piciformes,Picidae,Campephilus melanoleucos,FALSE,FALSE
Aves,Passeriformes,Thraupidae,Rhipospina fruticeti,FALSE,FALSE
Reptilia,Sauria,Tropiduridae,Stenocercus crassicaudatus,TRUE,FALSE
Aves,Piciformes,Picidae,Campephilus haematogaster,FALSE,FALSE
Equisetopsida,Ericales,Theaceae,Camellia sinensis,FALSE,FALSE
Equisetopsida,Myrtales,Melastomataceae,Miconia vargasii,TRUE,FALSE
Equisetopsida,Cyatheales,Cyatheaceae,Losophoria quadripinnata,FALSE,FALSE
Equisetopsida,Rosales,Cannabaceae,Lozanella permollis,FALSE,FALSE
Insecta,Lepidoptera,Lycaenidae,Calycopis gizela,FALSE,FALSE
Insecta,Lepidoptera,Hesperiidae,Lucida lucia leoardus,FALSE,FALSE
Aves,Passeriformes,Parulidae,Myiothlypis signata,FALSE,FALSE
Aves,Passeriformes,Parulidae,Myiothlypis luteoviridis,FALSE,FALSE
Mammalia,Didelphimorphia,Didelphidae,Caluromys lanatus,FALSE,FALSE
Aves,Passeriformes,Parulidae,Myiothlypis fulvicauda,FALSE,FALSE
Aves,Passeriformes,Fringillidae,Spinus olivaceus,FALSE,FALSE
Equisetopsida,Myrtales,Onagraceae,Ludwigia peruviana,FALSE,FALSE
Insecta,Lepidoptera,Hesperiidae,Achlyodes pallida,FALSE,FALSE
Equisetopsida,Asparagales,Orchidaceae,Lueddemannia pescatorei,FALSE,FALSE
Mammalia,Rodentia,Cricetidae,Calomys sorellus,TRUE,FALSE
Insecta,Lepidoptera,Erebidae,Rhynchopyga bicolor,FALSE,FALSE
Insecta,Lepidoptera,Erebidae,Rhynchopyga elongatus,FALSE,FALSE
Insecta,Lepidoptera,Erebidae,Rhynchopyga xanthospila,FALSE,FALSE
Equisetopsida,Cucurbitales,Cucurbitaceae,Luffa acutangula,FALSE,FALSE
Equisetopsida,Commelinales,Commelinaceae,Callisia repens,FALSE,FALSE
Equisetopsida,Poales,Cyperaceae,Rhynchospora aristata,FALSE,FALSE
Equisetopsida,Poales,Cyperaceae,Rhynchospora locuples,FALSE,FALSE
Insecta,Lepidoptera,Nymphalidae,Menphis alberta,FALSE,FALSE
Reptilia,Sauria,Tropiduridae,Stenocercus ochoai,TRUE,FALSE
Equisetopsida,Malvales,Malvaceae,Callianthe sylvatica,FALSE,FALSE
Equisetopsida,Malvales,Malvaceae,Callianthe picta,FALSE,FALSE
Equisetopsida,Malvales,Malvaceae,Callianthe peruviana,FALSE,TRUE
Aves,Passeriformes,Parulidae,Myiothlypis coronata,FALSE,FALSE
Equisetopsida,Saxifragales,Grossulariaceae,Ribes albifolium,FALSE,FALSE
Equisetopsida,Saxifragales,Grossulariaceae,Ribes brachybotrys,FALSE,FALSE
Equisetopsida,Asterales,Asteraceae,Mikania filicifolia,TRUE,TRUE
Equisetopsida,Saxifragales,Grossulariaceae,Ribes incarnatum,FALSE,FALSE
Insecta,Lepidoptera,Nymphalidae,Caligo oileus umbralis,FALSE,FALSE
Insecta,Lepidoptera,Nymphalidae,Caligo illioneus praxsiodus,FALSE,FALSE
Equisetopsida,Fabales,Fabaceae,Lupinus ballianus,FALSE,FALSE
Equisetopsida,Fabales,Fabaceae,Melilotus officinalis,FALSE,FALSE
Equisetopsida,Fabales,Fabaceae,Lupinus cookianus,TRUE,FALSE
Equisetopsida,Malpighiales,Euphorbiaceae,Ricinus communis,FALSE,FALSE
Equisetopsida,Fabales,Fabaceae,Lupinus dorae,FALSE,FALSE
Aves,Charadriiformes,Scolopacidae,Calidris melanotos,FALSE,FALSE
Equisetopsida,Myrtales,Melastomataceae,Miconia theaezans,FALSE,FALSE
Equisetopsida,Myrtales,Melastomataceae,Miconia terera,FALSE,FALSE
Aves,Charadriiformes,Scolopacidae,Calidris bairdii,FALSE,FALSE
Aves,Passeriformes,Hirundinidae,Riparia riparia,FALSE,FALSE
Aves,Passeriformes,Tyrannidae,Myiotheretes striaticollis,FALSE,FALSE
Equisetopsida,Fabales,Fabaceae,Melilotus indicus,FALSE,FALSE
Equisetopsida,Asparagales,Amaryllidaceae,Stenomesson pearcei,FALSE,FALSE
Insecta,Lepidoptera,Riodinidae,Calephelis aymaran,FALSE,FALSE
Equisetopsida,Asterales,Asteraceae,Calendula officinalis,FALSE,FALSE
Equisetopsida,Asterales,Asteraceae,Mikania micrantha,FALSE,FALSE
Equisetopsida,Asparagales,Orchidaceae,Stenoptera acuta,FALSE,FALSE
Equisetopsida,Asparagales,Orchidaceae,Stenoptera ciliaris,TRUE,FALSE
Aves,Podicipediformes,Podicipedidae,Rollandia rolland,FALSE,FALSE
Equisetopsida,Lamiales,Calceolariaceae,Calceolaria tripartita,FALSE,FALSE
Equisetopsida,Lamiales,Calceolariaceae,Calceolaria trilobata,FALSE,FALSE
Equisetopsida,Lamiales,Calceolariaceae,Calceolaria speciosa,TRUE,FALSE
Equisetopsida,Lamiales,Calceolariaceae,Calceolaria pulverulenta,FALSE,FALSE
Equisetopsida,Lamiales,Calceolariaceae,Calceolaria procera,TRUE,FALSE
Equisetopsida,Lamiales,Calceolariaceae,Calceolaria pavonii,FALSE,FALSE
Equisetopsida,Rosales,Rosaceae,Rosa canina,FALSE,FALSE
Equisetopsida,Rosales,Rosaceae,Rosa centifolia,FALSE,FALSE
Equisetopsida,Lamiales,Calceolariaceae,Calceolaria myriophylla,FALSE,FALSE
Equisetopsida,Lamiales,Lamiaceae,Rosmarinus officinalis,FALSE,FALSE
Equisetopsida,Lamiales,Calceolariaceae,Calceolaria inflexa,FALSE,FALSE
Equisetopsida,Bryales,Bryaceae,Rosulabryum billarderi,FALSE,FALSE
Mammalia,Rodentia,Cricetidae,Akodon orophilus,TRUE,TRUE
Equisetopsida,Lamiales,Calceolariaceae,Calceolaria flexuosa,FALSE,FALSE
Equisetopsida,Lamiales,Calceolariaceae,Calceolaria engleriana,FALSE,FALSE
Equisetopsida,Lamiales,Calceolariaceae,Calceolaria cypripediiflora,FALSE,FALSE
Equisetopsida,Proteales,Proteaceae,Roupala meisneri,FALSE,FALSE
Equisetopsida,Proteales,Proteaceae,Roupala monosperma,FALSE,FALSE
Equisetopsida,Lamiales,Calceolariaceae,Calceolaria conocarpa,FALSE,FALSE
Equisetopsida,Lamiales,Calceolariaceae,Calceolaria chrysosphaera,FALSE,FALSE
Equisetopsida,Lamiales,Calceolariaceae,Calceolaria chelidonioides,FALSE,FALSE
Equisetopsida,Proteales,Proteaceae,Roupala montana,FALSE,FALSE
Equisetopsida,Lamiales,Calceolariaceae,Calceolaria boliviana,FALSE,FALSE
Equisetopsida,Myrtales,Melastomataceae,Miconia setulosa,FALSE,FALSE
Equisetopsida,Fabales,Fabaceae,Lupinus paniculatus,FALSE,FALSE
Equisetopsida,Lamiales,Calceolariaceae,Calceolaria aurea,FALSE,FALSE
Aves,Passeriformes,Tyrannidae,Myiotheretes fuscorufus,FALSE,FALSE
Equisetopsida,Lamiales,Calceolariaceae,Calceolaria atahualpae,FALSE,FALSE
Equisetopsida,Sapindales,Meliaceae,Ruagea glabra,FALSE,TRUE
Equisetopsida,Sapindales,Meliaceae,Ruagea hirsuta,FALSE,FALSE
Aves,Passeriformes,Tyrannidae,Myiotheretes fumigatus,FALSE,FALSE
Equisetopsida,Rosales,Rosaceae,Rubus acanthophyllos,FALSE,FALSE
Equisetopsida,Rosales,Rosaceae,Rubus adenothallus,FALSE,FALSE
Equisetopsida,Rosales,Rosaceae,Rubus bogotensis,FALSE,FALSE
Equisetopsida,Asterales,Asteraceae,Mikania speciosa,FALSE,FALSE
Equisetopsida,Myrtales,Melastomataceae,Miconia sclerophylla,FALSE,FALSE
Equisetopsida,Rosales,Rosaceae,Rubus megalococcus,FALSE,FALSE
Equisetopsida,Poales,Poaceae,Calamagrostis viridiflavescens,FALSE,FALSE
Equisetopsida,Rosales,Rosaceae,Rubus robustus,FALSE,FALSE
Equisetopsida,Rosales,Rosaceae,Rubus roseus,FALSE,FALSE
Equisetopsida,Rosales,Rosaceae,Rubus urticifolius,FALSE,FALSE
Equisetopsida,Gentianales,Rubiaceae,Rudgea ciliata,FALSE,FALSE
Equisetopsida,Myrtales,Melastomataceae,Miconia salicifolia,FALSE,FALSE
Equisetopsida,Fabales,Fabaceae,Lupinus platyptenus,TRUE,FALSE
Equisetopsida,Cornales,Loasaceae,Caiophora madrequisa,TRUE,FALSE
Equisetopsida,Cornales,Loasaceae,Caiophora cirsiifolia,TRUE,FALSE
Equisetopsida,Fabales,Fabaceae,Lupinus puyupatensis,TRUE,FALSE
Equisetopsida,Cornales,Loasaceae,Caiophora chuquitensis,FALSE,FALSE
Equisetopsida,Gentianales,Rubiaceae,Rudgea hospes,FALSE,FALSE
Equisetopsida,Cornales,Loasaceae,Caiophora canarinoides,FALSE,FALSE
Equisetopsida,Myrtales,Melastomataceae,Miconia rugifolia,FALSE,FALSE
Equisetopsida,Fabales,Fabaceae,Lupinus ramosissimus,FALSE,FALSE
Equisetopsida,Fabales,Fabaceae,Lupinus urubambensis,TRUE,FALSE
Equisetopsida,Fabales,Fabaceae,Lupinus vargasianus,TRUE,FALSE
Equisetopsida,Fabales,Fabaceae,Lupinus ynesiae,TRUE,FALSE
Aves,Passeriformes,Tyrannidae,Mecocerculus leucophrys,FALSE,FALSE
Equisetopsida,Myrtales,Melastomataceae,Miconia pusilliflora,FALSE,FALSE
Aves,Caprimulgiformes,Caprimulgidae,Lurocalis rufiventris,FALSE,FALSE
Aves,Passeriformes,Icteridae,Cacicus koepckeae,TRUE,FALSE
Equisetopsida,Myrtales,Melastomataceae,Miconia pulverulenta,FALSE,FALSE
Aves,Passeriformes,Icteridae,Cacicus chrysonotus,FALSE,FALSE
Equisetopsida,Lamiales,Acanthaceae,Ruellia macrophylla,FALSE,FALSE
Equisetopsida,Myrtales,Melastomataceae,Miconia peruviana,FALSE,FALSE
Aves,Pelecaniformes,Ardeidae,Butorides striata,FALSE,FALSE
Equisetopsida,Poales,Juncaceae,Luzula gigantea,FALSE,FALSE
Equisetopsida,Myrtales,Melastomataceae,Miconia pavoniana,FALSE,FALSE
Equisetopsida,Caryophyllales,Polygonaceae,Rumex acetosella,FALSE,FALSE
Equisetopsida,Caryophyllales,Polygonaceae,Rumex crispus,FALSE,FALSE
Equisetopsida,Caryophyllales,Polygonaceae,Rumex frutescens,FALSE,FALSE
Aves,Passeriformes,Thraupidae,Buthraupis montana,FALSE,FALSE
Aves,Accipitriformes,Accipitridae,Buteo platypterus,FALSE,FALSE
Aves,Passeriformes,Cotingidae,Rupicola peruvianus,FALSE,FALSE
Aves,Accipitriformes,Accipitridae,Buteogallus solitarius,FALSE,FALSE
Equisetopsida,Poales,Juncaceae,Luzula racemosa,FALSE,FALSE
Aves,Passeriformes,Tyrannidae,Mecocerculus poecilocercus,FALSE,FALSE
Aves,Accipitriformes,Accipitridae,Rupornis magnirostris,FALSE,FALSE
Insecta,Lepidoptera,Papilionidae,Mimoides xeniades signatus,FALSE,FALSE
Aves,Accipitriformes,Accipitridae,Buteo albigula,FALSE,FALSE
Equisetopsida,Sapindales,Rutaceae,Ruta chalepensis,FALSE,FALSE
Aves,Passeriformes,Tyrannidae,Mecocerculus stictopterus,FALSE,FALSE
Aves,Accipitriformes,Accipitridae,Accipiter striatus,FALSE,FALSE
Equisetopsida,Malpighiales,Malpighiaceae,Bunchosia berlinii,FALSE,FALSE
Equisetopsida,Poales,Cyperaceae,Bulbostylis juncoides,FALSE,FALSE
Equisetopsida,Asparagales,Orchidaceae,Bulbophyllum machupicchuense,TRUE,TRUE
Aves,Accipitriformes,Accipitridae,Accipiter collaris,FALSE,TRUE
Mammalia,Carnivora,Canidae,Lycalopex (Pseudalopex) culpaeus,FALSE,FALSE
Equisetopsida,Poales,Poaceae,Saccharum officinarum,FALSE,FALSE
Equisetopsida,Lamiales,Scrophulariaceae,Buddleja montana,FALSE,TRUE
Equisetopsida,Lamiales,Scrophulariaceae,Buddleja longifolia,FALSE,TRUE
Equisetopsida,Lamiales,Scrophulariaceae,Buddleja incana,FALSE,TRUE
Equisetopsida,Lamiales,Scrophulariaceae,Buddleja diffusa,FALSE,FALSE
Equisetopsida,Lamiales,Scrophulariaceae,Buddleja coriacea,FALSE,TRUE
Equisetopsida,Lamiales,Scrophulariaceae,Buddleja americana,FALSE,FALSE
Equisetopsida,Asparagales,Orchidaceae,Buchtienia rosea,TRUE,FALSE
Equisetopsida,Fabales,Fabaceae,Mimosa cuzcoana,TRUE,FALSE
Mammalia,Chiroptera,Emballonuridae,Saccopteryx leptura,FALSE,FALSE
Equisetopsida,Fabales,Fabaceae,Mimosa insidiosa,FALSE,FALSE
Aves,Passeriformes,Tyrannidae,Myiophobus fasciatus,FALSE,FALSE
Equisetopsida,Myrtales,Melastomataceae,Miconia media,FALSE,FALSE
Equisetopsida,Asparagales,Orchidaceae,Sacoila lanceolata,FALSE,FALSE
Aves,Pelecaniformes,Ardeidae,Bubulcus ibis,FALSE,FALSE
Aves,Strigiformes,Strigidae,Bubo virginianus,FALSE,FALSE
Equisetopsida,Bryales,Bryaceae,Bryum leptotorquescens,FALSE,FALSE
Amphibia,Anura,Craugastoridae,Bryophryne cophites,TRUE,TRUE
Amphibia,Anura,Craugastoridae,Bryophryne bustamantei,TRUE,TRUE
Amphibia,Anura,Craugastoridae,Bryophryne abramalagae,TRUE,TRUE
Equisetopsida,Fabales,Fabaceae,Mimosa revoluta,FALSE,FALSE
Equisetopsida,Asparagales,Orchidaceae,Lycaste macrophylla,FALSE,TRUE
Equisetopsida,Oxalidales,Brunelliaceae,Brunellia cuzcoensis,TRUE,FALSE
Equisetopsida,Oxalidales,Brunelliaceae,Brunellia cutervensis,FALSE,FALSE
Equisetopsida,Solanales,Solanaceae,Brugmansia sanguinea,FALSE,FALSE
Equisetopsida,Malvales,Malvaceae,Acaulimalva rhizantha,TRUE,FALSE
Insecta,Lepidoptera,Hesperiidae,Lychnuchus victa,FALSE,FALSE
Equisetopsida,Fabales,Fabaceae,Medicago lupulina,FALSE,FALSE
Equisetopsida,Solanales,Solanaceae,Brugmansia arborea,FALSE,FALSE
Equisetopsida,Solanales,Solanaceae,Lycianthes acutifolia,FALSE,FALSE
Equisetopsida,Solanales,Solanaceae,Browallia americana,FALSE,FALSE
Equisetopsida,Solanales,Solanaceae,Lycianthes amatitlanensis,FALSE,FALSE
Equisetopsida,Solanales,Solanaceae,Lycianthes chrysothrix,FALSE,FALSE
Equisetopsida,Solanales,Solanaceae,Lycianthes poeppigii,FALSE,FALSE
Equisetopsida,Fabales,Fabaceae,Medicago polymorpha,FALSE,FALSE
Equisetopsida,Malpighiales,Salicaceae,Salix babylonica,FALSE,FALSE
Equisetopsida,Myrtales,Melastomataceae,Miconia latifolia,FALSE,FALSE
Equisetopsida,Malpighiales,Salicaceae,Salix humboldtiana,FALSE,FALSE
Equisetopsida,Solanales,Solanaceae,Salpichroa didierana,TRUE,FALSE
Equisetopsida,Poales,Poaceae,Bromus pitensis,FALSE,FALSE
Aves,Passeriformes,Thraupidae,Saltator aurantiirostris,FALSE,FALSE
Equisetopsida,Poales,Poaceae,Bromus catharticus,FALSE,FALSE
Equisetopsida,Bartramiales,Bartramiaceae,Breutelia tomentosa,FALSE,FALSE
Equisetopsida,Brassicales,Brassicaceae,Brassica rapa,FALSE,FALSE
Equisetopsida,Brassicales,Brassicaceae,Brassica oleracea,FALSE,FALSE
Equisetopsida,Brassicales,Brassicaceae,Brassica nigra,FALSE,FALSE
Equisetopsida,Asparagales,Orchidaceae,Brassia thyrsodes,FALSE,FALSE
Equisetopsida,Asparagales,Orchidaceae,Brassia brachypus,FALSE,FALSE
Equisetopsida,Asparagales,Orchidaceae,Brassia aurorae,TRUE,TRUE
Equisetopsida,Lycopodiales,Lycopodiaceae,Lycopodium clavatum,FALSE,FALSE
Equisetopsida,Myrtales,Melastomataceae,Miconia hygrophila,FALSE,FALSE
Equisetopsida,Hypnales,Brachytheciaceae,Brachythecium ruderale,FALSE,FALSE
Equisetopsida,Asparagales,Orchidaceae,Brachystele dilatata,FALSE,FALSE
Equisetopsida,Poales,Poaceae,Brachypodium mexicanum,FALSE,FALSE
Equisetopsida,Myrtales,Melastomataceae,Brachyotum sanguinolentum,FALSE,FALSE
Equisetopsida,Myrtales,Melastomataceae,Brachyotum rostratum,FALSE,FALSE
Equisetopsida,Fabales,Fabaceae,Medicago sativa,FALSE,FALSE
Equisetopsida,Lycopodiales,Lycopodiaceae,Lycopodium complanatum,FALSE,FALSE
Aves,Passeriformes,Thraupidae,Saltator maximus,FALSE,FALSE
Equisetopsida,Myrtales,Melastomataceae,Brachyotum grisebachii,FALSE,FALSE
Equisetopsida,Lycopodiales,Lycopodiaceae,Lycopodium jussiaei,FALSE,FALSE
Equisetopsida,Asparagales,Orchidaceae,Brachionidium serratum,FALSE,FALSE
Equisetopsida,Asparagales,Orchidaceae,Brachionidium phalangiferum,FALSE,FALSE
Equisetopsida,Asparagales,Orchidaceae,Brachionidium machupicchuense,TRUE,TRUE
Equisetopsida,Lamiales,Lamiaceae,Salvia herrerae,FALSE,FALSE
Equisetopsida,Lamiales,Lamiaceae,Salvia leucantha,FALSE,FALSE
Equisetopsida,Lamiales,Lamiaceae,Salvia loxensis,FALSE,FALSE
Equisetopsida,Apiales,Apiaceae,Bowlesia lobata,FALSE,FALSE
Equisetopsida,Lamiales,Lamiaceae,Salvia penduliflora,FALSE,FALSE
Equisetopsida,Poales,Poaceae,Bouteloua aristidoides,FALSE,FALSE
Equisetopsida,Myrtales,Melastomataceae,Miconia herrerae,FALSE,FALSE
Equisetopsida,Caryophyllales,Nyctaginaceae,Bougainvillea spectabilis,FALSE,FALSE
Equisetopsida,Lamiales,Lamiaceae,Salvia splendens,FALSE,FALSE
Equisetopsida,Ophioglossales,Ophioglossaceae,Botrychium virginianum,FALSE,FALSE
Equisetopsida,Lamiales,Lamiaceae,Salvia verbenaca,FALSE,FALSE
Equisetopsida,Lamiales,Lamiaceae,Salvia viridis,FALSE,FALSE
Equisetopsida,Dipsacales,Viburnaceae,Sambucus nigra subsp. peruviana,FALSE,FALSE
Reptilia,Serpentes,Viperidae,Bothrocophias andianus,FALSE,TRUE
Equisetopsida,Poales,Poaceae,Bothriochloa saccharoides,FALSE,FALSE
Equisetopsida,Lamiales,Acanthaceae,Sanchezia oblonga,FALSE,FALSE
Equisetopsida,Liliales,Alstroemeriaceae,Bomarea superba,FALSE,FALSE
Equisetopsida,Liliales,Alstroemeriaceae,Bomarea purpurea,FALSE,FALSE
Equisetopsida,Liliales,Alstroemeriaceae,Bomarea pumila,FALSE,FALSE
Equisetopsida,Liliales,Alstroemeriaceae,Bomarea ovata,FALSE,FALSE
Equisetopsida,Sapindales,Sapindaceae,Sapindus saponaria,FALSE,FALSE
Equisetopsida,Liliales,Alstroemeriaceae,Bomarea macrocephala,FALSE,FALSE
Equisetopsida,Liliales,Alstroemeriaceae,Bomarea formosissima,FALSE,FALSE
Equisetopsida,Polypodiales,Polypodiaceae,Melpomene peruviana,FALSE,FALSE
Aves,Passeriformes,Tyrannidae,Myiodynastes maculatus,FALSE,FALSE
Equisetopsida,Liliales,Alstroemeriaceae,Bomarea dulcis,FALSE,FALSE
Equisetopsida,Liliales,Alstroemeriaceae,Bomarea distichophylla,FALSE,FALSE
Equisetopsida,Malpighiales,Euphorbiaceae,Sapium glandulosum,FALSE,FALSE
Equisetopsida,Schizaeales,Lygodiaceae,Lygodium venustum,FALSE,FALSE
Equisetopsida,Liliales,Alstroemeriaceae,Bomarea coccinea,FALSE,FALSE
Equisetopsida,Liliales,Alstroemeriaceae,Bomarea brevis,FALSE,FALSE
Equisetopsida,Liliales,Alstroemeriaceae,Bomarea aurantiaca,FALSE,FALSE
Equisetopsida,Liliales,Alstroemeriaceae,Bomarea andimarcana,FALSE,FALSE
Equisetopsida,Malpighiales,Euphorbiaceae,Sapium laurifolium,FALSE,FALSE
Insecta,Lepidoptera,Nymphalidae,Lymanopoda acraeida malia,FALSE,FALSE
Insecta,Lepidoptera,Nymphalidae,Lymanopoda eubagioides,FALSE,FALSE
Insecta,Lepidoptera,Nymphalidae,Lymanopoda galactea shefteli,FALSE,FALSE
Insecta,Lepidoptera,Hesperiidae,Bolla boliviensis,FALSE,FALSE
Equisetopsida,Myrtales,Melastomataceae,Miconia galactantha,FALSE,FALSE
Aves,Psittaciformes,Psittacidae,Bolborhynchus orbygnesius,FALSE,FALSE
Equisetopsida,Solanales,Solanaceae,Saracha punctata,FALSE,FALSE
Aves,Psittaciformes,Psittacidae,Bolborhynchus lineola,FALSE,FALSE
Equisetopsida,Solanales,Solanaceae,Saracha spinosa,FALSE,FALSE
Insecta,Lepidoptera,Nymphalidae,Lymanopoda obsoleta,FALSE,FALSE
Aves,Apodiformes,Trochilidae,Boissonneaua matthewsii,FALSE,FALSE
Equisetopsida,Rosales,Urticaceae,Boehmeria ulmifolia,FALSE,FALSE
Equisetopsida,Rosales,Urticaceae,Boehmeria pavonii,FALSE,FALSE
Equisetopsida,Rosales,Urticaceae,Boehmeria celtidifolia,FALSE,FALSE
Equisetopsida,Rosales,Urticaceae,Boehmeria caudata,FALSE,FALSE
Equisetopsida,Rosales,Urticaceae,Boehmeria brevirostris,FALSE,FALSE
Equisetopsida,Rosales,Urticaceae,Boehmeria anomala,FALSE,FALSE
Aves,Coraciiformes,Momotidae,Momotus aequatorialis,FALSE,FALSE
Equisetopsida,Ranunculales,Papaveraceae,Bocconia integrifolia,FALSE,FALSE
Equisetopsida,Ranunculales,Papaveraceae,Bocconia frutescens,FALSE,FALSE
Equisetopsida,Asparagales,Orchidaceae,Bletia catenulata,FALSE,FALSE
Equisetopsida,Asparagales,Orchidaceae,Bletia campanulata,FALSE,FALSE
Equisetopsida,Myrtales,Melastomataceae,Miconia ferruginea,FALSE,FALSE
Equisetopsida,Myrtales,Myrtaceae,Blepharocalyx salicifolius,FALSE,FALSE
Aves,Passeriformes,Tyrannidae,Myiodynastes chrysocephalus,FALSE,FALSE
Equisetopsida,Polypodiales,Blechnaceae,Blechnum schomburgkii,FALSE,FALSE
Insecta,Lepidoptera,Erebidae,Sarosa notata,FALSE,FALSE
Equisetopsida,Polypodiales,Blechnaceae,Blechnum occidentale,FALSE,FALSE
Equisetopsida,Polypodiales,Blechnaceae,Blechnum meridense,FALSE,FALSE
Equisetopsida,Polypodiales,Blechnaceae,Blechnum loxense,FALSE,FALSE
Equisetopsida,Polypodiales,Blechnaceae,Blechnum glandulosum,FALSE,FALSE
Equisetopsida,Polypodiales,Blechnaceae,Blechnum cordatum,FALSE,FALSE
Equisetopsida,Ericales,Primulaceae,Lysimachia arvensis,FALSE,FALSE
Equisetopsida,Polypodiales,Blechnaceae,Blechnum asplenioides,FALSE,FALSE
Equisetopsida,Ericales,Ericaceae,Satyria boliviana,FALSE,FALSE
Equisetopsida,Malvales,Bixaceae,Bixa orellana,FALSE,FALSE
Aves,Passeriformes,Parulidae,Myioborus miniatus,FALSE,FALSE
Equisetopsida,Ericales,Ericaceae,Satyria polyantha,TRUE,FALSE
Equisetopsida,Ericales,Ericaceae,Satyria vargasii,FALSE,FALSE
Equisetopsida,Myrtales,Melastomataceae,Miconia dumetosa,FALSE,FALSE
Equisetopsida,Ericales,Actinidiaceae,Saurauia biserrata,FALSE,FALSE
Equisetopsida,Ericales,Actinidiaceae,Saurauia natalicia,FALSE,FALSE
Equisetopsida,Asterales,Campanulaceae,Lysipomia laciniata,FALSE,FALSE
Equisetopsida,Ericales,Actinidiaceae,Saurauia prainiana,FALSE,FALSE
Equisetopsida,Asparagales,Orchidaceae,Sauroglossum aurantiacum,FALSE,FALSE
Equisetopsida,Asparagales,Orchidaceae,Sauroglossum corymbosum,FALSE,FALSE
Equisetopsida,Asterales,Asteraceae,Bidens triplinervia,FALSE,FALSE
Equisetopsida,Asterales,Asteraceae,Bidens rubifolia,FALSE,FALSE
Equisetopsida,Asterales,Asteraceae,Bidens reptans,FALSE,FALSE
Equisetopsida,Asterales,Asteraceae,Bidens pilosa,FALSE,FALSE
Equisetopsida,Saxifragales,Saxifragaceae,Saxifraga magellanica,FALSE,FALSE
Equisetopsida,Asterales,Asteraceae,Bidens andicola var. andicola,FALSE,FALSE
Equisetopsida,Caryophyllales,Amaranthaceae,Beta vulgaris,FALSE,FALSE
Aves,Passeriformes,Tyrannidae,Sayornis nigricans,FALSE,FALSE
Insecta,Lepidoptera,Erebidae,Bertholdia specularis,FALSE,FALSE
Insecta,Lepidoptera,Nymphalidae,Scada reckia octygia,FALSE,FALSE
Insecta,Lepidoptera,Erebidae,Bertholdia grisescens,FALSE,FALSE
Insecta,Lepidoptera,Erebidae,Bertholdia flavidorsata,FALSE,FALSE
Insecta,Lepidoptera,Erebidae,Bertholdia crocea,FALSE,FALSE
Equisetopsida,Ranunculales,Berberidaceae,Berberis humbertiana,TRUE,FALSE
Equisetopsida,Ranunculales,Berberidaceae,Berberis dryandriphylla,TRUE,FALSE
Equisetopsida,Ranunculales,Berberidaceae,Berberis commutata,FALSE,FALSE
Equisetopsida,Asparagales,Orchidaceae,Scaphyglottis summersii,FALSE,FALSE
Equisetopsida,Ranunculales,Berberidaceae,Berberis boliviana,FALSE,FALSE
Equisetopsida,Celastrales,Celastraceae,Schaefferia argentinensis,FALSE,FALSE
Equisetopsida,Celastrales,Celastraceae,Schaefferia dietheri,FALSE,FALSE
Aves,Passeriformes,Parulidae,Myioborus melanocephalus,FALSE,FALSE
Equisetopsida,Asterales,Asteraceae,Bellis perennis,FALSE,FALSE
Equisetopsida,Ericales,Ericaceae,Bejaria aestuans,FALSE,FALSE
Equisetopsida,Lamiales,Lamiaceae,Minthostachys verticillata,FALSE,FALSE
Equisetopsida,Laurales,Lauraceae,Beilschmiedia tovarensis,FALSE,FALSE
Equisetopsida,Cucurbitales,Begoniaceae,Begonia veitchii,FALSE,TRUE
Equisetopsida,Caryophyllales,Petiveriaceae,Schindleria densiflora,FALSE,FALSE
Equisetopsida,Caryophyllales,Petiveriaceae,Schindleria tomentosa,FALSE,FALSE
Equisetopsida,Sapindales,Anacardiaceae,Schinus microphyllus,FALSE,FALSE
Equisetopsida,Sapindales,Anacardiaceae,Schinus molle,FALSE,FALSE
Equisetopsida,Sapindales,Anacardiaceae,Schinus pearcei,FALSE,TRUE
Equisetopsida,Cucurbitales,Begoniaceae,Begonia prionophylla,FALSE,FALSE
Equisetopsida,Cucurbitales,Begoniaceae,Begonia pleiopetala,FALSE,FALSE
Equisetopsida,Cucurbitales,Begoniaceae,Begonia peruviana,FALSE,FALSE
Equisetopsida,Cucurbitales,Begoniaceae,Begonia parviflora,FALSE,FALSE
Equisetopsida,Cucurbitales,Begoniaceae,Begonia octopetala,FALSE,TRUE
Equisetopsida,Cucurbitales,Begoniaceae,Begonia glabra,FALSE,FALSE
Equisetopsida,Cucurbitales,Begoniaceae,Begonia erythrocarpa,FALSE,FALSE
Equisetopsida,Poales,Poaceae,Schizachyrium condensatum,FALSE,FALSE
Equisetopsida,Cucurbitales,Begoniaceae,Begonia cyathophora,FALSE,FALSE
Equisetopsida,Cucurbitales,Begoniaceae,Begonia cucullata,FALSE,FALSE
Equisetopsida,Cucurbitales,Begoniaceae,Begonia bracteosa,FALSE,FALSE
Equisetopsida,Asparagales,Orchidaceae,Beclardia macrostachys,FALSE,FALSE
Equisetopsida,Poales,Poaceae,Schizachyrium tenerum,FALSE,FALSE
Equisetopsida,Myrtales,Melastomataceae,Miconia dipsacea,FALSE,FALSE
Equisetopsida,Gentianales,Gentianaceae,Macrocarpaea corymbosa,FALSE,FALSE
Insecta,Lepidoptera,Papilionidae,Battus madyes montebanus,FALSE,FALSE
Equisetopsida,Rosales,Moraceae,Batocarpus orinocensis,FALSE,FALSE
Insecta,Lepidoptera,Erebidae,Macrocneme immanis,FALSE,FALSE
Equisetopsida,Asparagales,Orchidaceae,Baskervilla machupicchuensis,TRUE,FALSE
Aves,Passeriformes,Parulidae,Basileuterus tristriatus,FALSE,FALSE
Equisetopsida,Myrtales,Melastomataceae,Miconia densifolia,FALSE,FALSE
Equisetopsida,Caryophyllales,Basellaceae,Basella alba,FALSE,FALSE
Equisetopsida,Myrtales,Melastomataceae,Miconia demissifolia,TRUE,FALSE
Aves,Coraciiformes,Momotidae,Baryphthengus martii,FALSE,FALSE
Equisetopsida,Myrtales,Melastomataceae,Miconia cyanocarpa,FALSE,FALSE
Equisetopsida,Asterales,Asteraceae,Barnadesia polyacantha,FALSE,FALSE
Equisetopsida,Asterales,Asteraceae,Barnadesia horrida,FALSE,FALSE
Equisetopsida,Asterales,Asteraceae,Barnadesia corymbosa,FALSE,FALSE
Equisetopsida,Santalales,Schoepfiaceae,Schoepfia flexuosa,FALSE,FALSE
Equisetopsida,Asparagales,Orchidaceae,Barbosella cucullata,FALSE,FALSE
Equisetopsida,Ericales,Marcgraviaceae,Schwartzia magnifica,TRUE,FALSE
Equisetopsida,Ericales,Marcgraviaceae,Schwartzia weddelliana,FALSE,FALSE
Equisetopsida,Malpighiales,Salicaceae,Banara guianensis,FALSE,FALSE
Equisetopsida,Myrtales,Melastomataceae,Miconia cookii,FALSE,FALSE
Equisetopsida,Orthotrichales,Orthotrichaceae,Macromitrium longifolium,FALSE,FALSE
Equisetopsida,Malvales,Malvaceae,Melochia pilosa,FALSE,FALSE
Equisetopsida,Myrtales,Melastomataceae,Miconia chionophila,FALSE,FALSE
Equisetopsida,Myrtales,Melastomataceae,Miconia calvescens,FALSE,FALSE
Equisetopsida,Myrtales,Melastomataceae,Miconia caerulea,FALSE,FALSE
Equisetopsida,Myrtales,Melastomataceae,Miconia bullata,FALSE,FALSE
Equisetopsida,Fabales,Fabaceae,Macroptilium erythroloma,FALSE,FALSE
Equisetopsida,Apiales,Araliaceae,Sciodaphyllum herzogii,FALSE,FALSE
Equisetopsida,Asterales,Asteraceae,Baccharis venosa,FALSE,FALSE
Aves,Passeriformes,Tyrannidae,Myiarchus tuberculifer,FALSE,FALSE
Equisetopsida,Asterales,Asteraceae,Baccharis rufidula,FALSE,FALSE
Equisetopsida,Asterales,Asteraceae,Baccharis rhexioides,FALSE,FALSE
Equisetopsida,Asterales,Asteraceae,Baccharis quitensis,FALSE,FALSE
Equisetopsida,Asterales,Asteraceae,Baccharis papillosa,FALSE,FALSE
Equisetopsida,Asterales,Asteraceae,Baccharis nitida,FALSE,FALSE
Equisetopsida,Asterales,Asteraceae,Baccharis linearifolia,FALSE,FALSE
Equisetopsida,Asterales,Asteraceae,Baccharis latifolia,FALSE,FALSE
Equisetopsida,Asterales,Asteraceae,Baccharis johnwurdackiana,TRUE,FALSE
Insecta,Lepidoptera,Nymphalidae,Magneuptychia mimas,FALSE,FALSE
Equisetopsida,Asterales,Asteraceae,Baccharis cinerea,FALSE,FALSE
Equisetopsida,Asterales,Asteraceae,Baccharis caespitosa,FALSE,FALSE
Equisetopsida,Asterales,Asteraceae,Baccharis buxifolia,FALSE,FALSE
Equisetopsida,Asterales,Asteraceae,Baccharis boliviensis,FALSE,FALSE
Equisetopsida,Apiales,Apiaceae,Azorella crenata,FALSE,FALSE
Equisetopsida,Asterales,Asteraceae,Ayapanopsis andina,FALSE,FALSE
Equisetopsida,Poales,Poaceae,Axonopus scoparius,FALSE,FALSE
Equisetopsida,Poales,Poaceae,Axonopus mathewsii,FALSE,FALSE
Equisetopsida,Poales,Poaceae,Axonopus elegantulus,FALSE,FALSE
Equisetopsida,Myrtales,Melastomataceae,Axinaea weberbaueri,FALSE,FALSE
Equisetopsida,Myrtales,Melastomataceae,Axinaea lanceolata,FALSE,FALSE
Equisetopsida,Myrtales,Melastomataceae,Axinaea dependens,FALSE,FALSE
Equisetopsida,Myrtales,Melastomataceae,Miconia barbeyana,FALSE,FALSE
Equisetopsida,Poales,Poaceae,Avena sterilis,FALSE,FALSE
Equisetopsida,Lamiales,Plantaginaceae,Scoparia dulcis,FALSE,FALSE
Equisetopsida,Poales,Poaceae,Avena sativa,FALSE,FALSE
Equisetopsida,Myrtales,Melastomataceae,Miconia aurea,FALSE,FALSE
Aves,Passeriformes,Rhinocryptidae,Scytalopus atratus,FALSE,FALSE
Aves,Galbuliformes,Bucconidae,Malacoptila fulvogularis,FALSE,FALSE
Aves,Passeriformes,Rhinocryptidae,Scytalopus parvirostris,FALSE,FALSE
Aves,Passeriformes,Tyrannidae,Myiarchus cephalotes,FALSE,FALSE
Aves,Passeriformes,Rhinocryptidae,Scytalopus schulenbergi,FALSE,FALSE
Insecta,Lepidoptera,Nymphalidae,Mygona prochyta chyprota,FALSE,FALSE
Aves,Passeriformes,Rhinocryptidae,Scytalopus simonsi,FALSE,FALSE
Aves,Passeriformes,Rhinocryptidae,Scytalopus urubambae,TRUE,FALSE
Equisetopsida,Malpighiales,Euphorbiaceae,Sebastiania obtusifolia,FALSE,FALSE
Equisetopsida,Asterales,Asteraceae,Austroeupatorium inulaefolium,FALSE,FALSE
Equisetopsida,Caryophyllales,Cactaceae,Austrocylindropuntia subulata,FALSE,FALSE
Equisetopsida,Asparagales,Orchidaceae,Aa mathewsii,FALSE,FALSE
Equisetopsida,Polypodiales,Blechnaceae,Austroblechnum andinum,FALSE,FALSE
Equisetopsida,Poales,Poaceae,Aulonemia longiaristata,FALSE,FALSE
Equisetopsida,Poales,Poaceae,Aulonemia humillima,FALSE,FALSE
Equisetopsida,Poales,Poaceae,Aulonemia hirtula,FALSE,FALSE
Equisetopsida,Lamiales,Gesneriaceae,Seemannia sylvatica,FALSE,FALSE
Equisetopsida,Poales,Poaceae,Aulonemia haenkei,FALSE,FALSE
Aves,Piciformes,Ramphastidae,Aulacorhynchus coeruleicinctis,FALSE,FALSE
Equisetopsida,Lamiales,Lamiaceae,Melissa officinalis,FALSE,FALSE
Aves,Piciformes,Ramphastidae,Aulacorhynchus albivitta,FALSE,FALSE
Equisetopsida,Asparagales,Orchidaceae,Malaxis andicola,FALSE,FALSE
Equisetopsida,Asparagales,Orchidaceae,Malaxis excavata,FALSE,FALSE
Equisetopsida,Asparagales,Orchidaceae,Malaxis fastigiata,FALSE,FALSE
Equisetopsida,Selaginellales,Selaginellaceae,Selaginella hartwegiana,FALSE,FALSE
Aves,Passeriformes,Tyrannidae,Mionectes striaticollis,FALSE,FALSE
Equisetopsida,Selaginellales,Selaginellaceae,Selaginella novae-hollandiae,FALSE,FALSE
Equisetopsida,Myrtales,Melastomataceae,Miconia alpina,TRUE,FALSE
Equisetopsida,Selaginellales,Selaginellaceae,Selaginella poeppigiana,FALSE,FALSE
Equisetopsida,Selaginellales,Selaginellaceae,Selaginella radiata,FALSE,FALSE
Equisetopsida,Selaginellales,Selaginellaceae,Selaginella trisulcata,FALSE,FALSE
Equisetopsida,Laurales,Lauraceae,Aiouea montana,FALSE,FALSE
Equisetopsida,Myrtales,Melastomataceae,Miconia adinantha,TRUE,FALSE
Equisetopsida,Caryophyllales,Nyctaginaceae,Mirabilis prostrata,FALSE,FALSE
Aves,Passeriformes,Turdidae,Myadestes ralloides,FALSE,FALSE
Aves,Charadriiformes,Thinocoridae,Attagis gayi,FALSE,FALSE
Equisetopsida,Myrtales,Melastomataceae,Miconia acantifolia,FALSE,FALSE
Equisetopsida,Hypnales,Sematophyllaceae,Sematophyllum cuspidiferum,FALSE,FALSE
Equisetopsida,Hypnales,Sematophyllaceae,Sematophyllum subpinnatum,FALSE,FALSE
Reptilia,Serpentes,Dipsadidae,Atractus occipitoalbus,FALSE,FALSE
Reptilia,Serpentes,Dipsadidae,Atractus emmeli,FALSE,FALSE
Equisetopsida,Rosales,Rosaceae,Malus domestica,FALSE,FALSE
Equisetopsida,Asterales,Asteraceae,Mutisia venusta,TRUE,FALSE
Reptilia,Serpentes,Dipsadidae,Atractus crassicaudatus,FALSE,FALSE
Equisetopsida,Malvales,Malvaceae,Malva parviflora,FALSE,FALSE
Insecta,Lepidoptera,Lycaenidae,Atlides habila,FALSE,FALSE
Aves,Passeriformes,Passerellidae,Atlapetes tricolor,FALSE,FALSE
Aves,Passeriformes,Passerellidae,Atlapetes schistaceus,FALSE,FALSE
Equisetopsida,Asterales,Asteraceae,Senecio castanaefolius,FALSE,FALSE
Aves,Passeriformes,Passerellidae,Atlapetes canigenis,TRUE,FALSE
Aves,Strigiformes,Strigidae,Athene cunicularia,FALSE,FALSE
Equisetopsida,Asterales,Asteraceae,Mutisia lanata,FALSE,FALSE
Equisetopsida,Asterales,Asteraceae,Mutisia cochabambensis,FALSE,FALSE
Equisetopsida,Asterales,Asteraceae,Senecio sailapatensis,FALSE,FALSE
Mammalia,Didelphimorphia,Didelphidae,Monodelphis (Mygalodelphys) peruviana,FALSE,FALSE
Equisetopsida,Asterales,Asteraceae,Senecio tephrosioides,FALSE,FALSE
Equisetopsida,Gentianales,Apocynaceae,Mandevilla cuspidata,FALSE,FALSE
Insecta,Lepidoptera,Hesperiidae,Astraptes galesus galesus,FALSE,FALSE
Aves,Passeriformes,Tyrannidae,Muscisaxicola rufivertex,FALSE,FALSE
Equisetopsida,Asterales,Asteraceae,Senecio vulgaris,FALSE,FALSE
Equisetopsida,Asterales,Asteraceae,Senecio yalusay,FALSE,FALSE
Equisetopsida,Malpighiales,Euphorbiaceae,Acalypha peruviana,FALSE,FALSE
Equisetopsida,Gentianales,Apocynaceae,Mandevilla sandemanii,FALSE,FALSE
Equisetopsida,Fabales,Fabaceae,Astragalus garbancillo,FALSE,FALSE
Equisetopsida,Malpighiales,Euphorbiaceae,Acalypha macrostachya,FALSE,FALSE
Insecta,Lepidoptera,Sphingidae,Manduca lichenea,FALSE,FALSE
Aves,Passeriformes,Furnariidae,Asthenes wyatti,FALSE,FALSE
Equisetopsida,Fabales,Fabaceae,Senna birostris,TRUE,FALSE
Aves,Passeriformes,Furnariidae,Asthenes virgata,TRUE,FALSE
Aves,Passeriformes,Furnariidae,Asthenes urubambensis,FALSE,FALSE
Equisetopsida,Fabales,Fabaceae,Senna mandonii,FALSE,FALSE
Equisetopsida,Fabales,Fabaceae,Senna multiglandulosa,FALSE,FALSE
Equisetopsida,Fabales,Fabaceae,Senna multijuga,FALSE,FALSE
Aves,Passeriformes,Furnariidae,Asthenes ottonis,TRUE,FALSE
Mammalia,Didelphimorphia,Didelphidae,Monodelphis (Mygalodelphys) osgoodi,FALSE,TRUE
Aves,Passeriformes,Furnariidae,Asthenes modesta,FALSE,FALSE
Insecta,Lepidoptera,Nymphalidae,Manerebia cyclopella,FALSE,FALSE
Aves,Passeriformes,Furnariidae,Asthenes humilis,FALSE,FALSE
Aves,Passeriformes,Furnariidae,Asthenes helleri,FALSE,FALSE
Equisetopsida,Fabales,Fabaceae,Senna vargasii,TRUE,FALSE
Insecta,Lepidoptera,Nymphalidae,Manerebia reducta,FALSE,FALSE
Aves,Passeriformes,Tyrannidae,Muscisaxicola maculirostris,FALSE,FALSE
Insecta,Lepidoptera,Hesperiidae,Serdis statius dives,FALSE,FALSE
Insecta,Lepidoptera,Lycaenidae,Micandra dignota,FALSE,FALSE
Equisetopsida,Asterales,Asteraceae,Asplundianthus trachyphyllus,TRUE,FALSE
Aves,Passeriformes,Tyrannidae,Muscisaxicola juninensis,FALSE,FALSE
Equisetopsida,Sapindales,Sapindaceae,Serjania inflata,FALSE,FALSE
Equisetopsida,Sapindales,Sapindaceae,Serjania inscripta,FALSE,FALSE
Aves,Passeriformes,Tyrannidae,Mitrephanes olivaceus,FALSE,FALSE
Equisetopsida,Polypodiales,Aspleniaceae,Asplenium triphyllum,FALSE,FALSE
Equisetopsida,Polypodiales,Aspleniaceae,Asplenium sulcatum,FALSE,FALSE
Equisetopsida,Gentianales,Rubiaceae,Manettia peruviana,FALSE,FALSE
Equisetopsida,Sapindales,Sapindaceae,Serjania sufferruginea,FALSE,FALSE
Equisetopsida,Gentianales,Rubiaceae,Manettia poliodes,FALSE,FALSE
Equisetopsida,Polypodiales,Aspleniaceae,Asplenium myriophyllum,FALSE,FALSE
Equisetopsida,Polypodiales,Aspleniaceae,Asplenium monanthes,FALSE,FALSE
Equisetopsida,Polypodiales,Aspleniaceae,Asplenium laetum,FALSE,FALSE
Equisetopsida,Polypodiales,Aspleniaceae,Asplenium dimidiatum,FALSE,FALSE
Equisetopsida,Polypodiales,Aspleniaceae,Asplenium cuspidatum,FALSE,FALSE
Equisetopsida,Polypodiales,Aspleniaceae,Asplenium cristatum,FALSE,FALSE
Equisetopsida,Proteales,Sabiaceae,Meliosma peytonii,FALSE,FALSE
Equisetopsida,Polypodiales,Aspleniaceae,Asplenium aethiopicum,FALSE,FALSE
Equisetopsida,Sapindales,Anacardiaceae,Mangifera indica,FALSE,FALSE
Equisetopsida,Malpighiales,Euphorbiaceae,Manihot esculenta,FALSE,FALSE
Equisetopsida,Hypnales,Hypnaceae,Mittenothamnium reptans,FALSE,FALSE
Aves,Passeriformes,Tyrannidae,Muscisaxicola griseus,FALSE,FALSE
Aves,Passeriformes,Tyrannidae,Serpophaga cinerea,FALSE,FALSE
Equisetopsida,Asparagales,Orchidaceae,Aspidogyne repens,TRUE,FALSE
Aves,Passeriformes,Thraupidae,Asemospiza obscura,FALSE,FALSE
Equisetopsida,Gentianales,Apocynaceae,Asclepias curassavica,FALSE,FALSE
Aves,Passeriformes,Tyrannidae,Muscisaxicola flavinucha,FALSE,FALSE
Equisetopsida,Brassicales,Brassicaceae,Aschersoniodoxa pilosa,TRUE,FALSE
Equisetopsida,Poales,Poaceae,Arundo donax,FALSE,FALSE
Aves,Passeriformes,Tyrannidae,Muscisaxicola cinereus,FALSE,FALSE
Equisetopsida,Malpighiales,Euphorbiaceae,Acalypha bullata,TRUE,FALSE
Equisetopsida,Solanales,Solanaceae,Sessea dependens,FALSE,FALSE
Equisetopsida,Solanales,Solanaceae,Sessea weberbaueri,FALSE,FALSE
Aves,Passeriformes,Tyrannidae,Muscisaxicola alpinus,FALSE,FALSE
Mammalia,Chiroptera,Phyllostomidae,Artibeus glaucus,FALSE,FALSE
Equisetopsida,Poales,Poaceae,Setaria parviflora,FALSE,FALSE
Mammalia,Chiroptera,Phyllostomidae,Artibeus anderseni,FALSE,FALSE
Aves,Passeriformes,Parulidae,Setophaga cerulea,FALSE,TRUE
Aves,Passeriformes,Tyrannidae,Muscisaxicola albilora,FALSE,FALSE
Aves,Passeriformes,Passerellidae,Arremon torquatus,FALSE,FALSE
Aves,Passeriformes,Parulidae,Setophaga fusca,FALSE,FALSE
Aves,Passeriformes,Passerellidae,Arremon brunneinucha,FALSE,FALSE
Aves,Passeriformes,Parulidae,Setophaga pitiayumi,FALSE,FALSE
Aves,Passeriformes,Passerellidae,Arremon assimilis,FALSE,FALSE
Aves,Columbiformes,Columbidae,Metriopelia melanoptera,FALSE,FALSE
Equisetopsida,Apiales,Apiaceae,Arracacia xanthorrhiza,FALSE,FALSE
Aves,Passeriformes,Tyrannidae,Muscisaxicola albifrons,FALSE,FALSE
Equisetopsida,Piperales,Aristolochiaceae,Aristolochia killipiana,TRUE,FALSE
Aves,Passeriformes,Thraupidae,Sicalis olivascens,FALSE,FALSE
Equisetopsida,Poales,Poaceae,Aristida adscensionis,FALSE,FALSE
Equisetopsida,Asterales,Asteraceae,Aristeguietia discolor,FALSE,FALSE
Aves,Passeriformes,Thraupidae,Sicalis uropygialis,FALSE,FALSE
Equisetopsida,Polypodiales,Pteridaceae,Argyrochosma nivea,FALSE,TRUE
Equisetopsida,Caryophyllales,Caryophyllaceae,Arenaria lanuginosa,FALSE,FALSE
Equisetopsida,Malvales,Malvaceae,Sida rhombifolia,FALSE,FALSE
Equisetopsida,Ericales,Primulaceae,Ardisia ambigua,FALSE,FALSE
Equisetopsida,Malvales,Malvaceae,Sidastrum paniculatum,FALSE,FALSE
Aves,Pelecaniformes,Ardeidae,Ardea cocoi,FALSE,FALSE
Equisetopsida,Porellales,Lejeuneaceae,Marchesinia brachiata,FALSE,FALSE
Equisetopsida,Asterales,Asteraceae,Sigesbeckia serrata,FALSE,FALSE
Aves,Passeriformes,Tyrannidae,Megarynchus pitangua,FALSE,FALSE
Aves,Pelecaniformes,Ardeidae,Ardea alba,FALSE,FALSE
Aves,Columbiformes,Columbidae,Metriopelia ceciliae,FALSE,FALSE
Equisetopsida,Rosales,Rosaceae,Acaena elongata,FALSE,FALSE
Equisetopsida,Gentianales,Rubiaceae,Arcytophyllum thymifolium,FALSE,FALSE
Equisetopsida,Gentianales,Rubiaceae,Arcytophyllum setosum,FALSE,FALSE
Equisetopsida,Gentianales,Rubiaceae,Arcytophyllum peruvianum,FALSE,FALSE
Equisetopsida,Zingiberales,Musaceae,Musa paradisiaca,FALSE,FALSE
Equisetopsida,Zingiberales,Musaceae,Musa acuminata,FALSE,FALSE
Aves,Passeriformes,Furnariidae,Margarornis squamiger,FALSE,FALSE
Equisetopsida,Malvales,Muntingiaceae,Muntingia calabura,FALSE,FALSE
Equisetopsida,Asterales,Asteraceae,Munnozia venosissima,FALSE,FALSE
Equisetopsida,Asterales,Asteraceae,Munnozia trinervis,TRUE,FALSE
Equisetopsida,Laurales,Siparunaceae,Siparuna aspera,FALSE,FALSE
Equisetopsida,Laurales,Siparunaceae,Siparuna cuspidata,FALSE,FALSE
Equisetopsida,Asterales,Asteraceae,Munnozia senecionidis,FALSE,FALSE
Equisetopsida,Apiales,Araliaceae,Aralia soratensis,FALSE,TRUE
Equisetopsida,Laurales,Siparunaceae,Siparuna decipiens,FALSE,FALSE
Equisetopsida,Laurales,Siparunaceae,Siparuna echinata,FALSE,FALSE
Equisetopsida,Fabales,Fabaceae,Arachis prostrata,FALSE,FALSE
Equisetopsida,Fabales,Fabaceae,Arachis hypogaea,FALSE,FALSE
Equisetopsida,Malvales,Malvaceae,Abutilon grandifolium,FALSE,FALSE
Equisetopsida,Laurales,Siparunaceae,Siparuna lepidota,FALSE,FALSE
Insecta,Lepidoptera,Hesperiidae,Mnestheus ittona,FALSE,FALSE
Equisetopsida,Laurales,Siparunaceae,Siparuna muricata,FALSE,FALSE
Equisetopsida,Laurales,Siparunaceae,Siparuna petiolaris,FALSE,FALSE
Equisetopsida,Asterales,Asteraceae,Munnozia herrerae,TRUE,FALSE
Equisetopsida,Laurales,Siparunaceae,Siparuna subinodora,FALSE,FALSE
Equisetopsida,Asterales,Asteraceae,Munnozia hastifolia,FALSE,FALSE
Equisetopsida,Laurales,Siparunaceae,Siparuna thecaphora,FALSE,FALSE
Equisetopsida,Cucurbitales,Cucurbitaceae,Apodanthera mandonii,FALSE,FALSE
Equisetopsida,Apiales,Apiaceae,Apium graveolens,FALSE,FALSE
Equisetopsida,Asterales,Asteraceae,Munnozia foliosa,FALSE,FALSE
Equisetopsida,Asterales,Asteraceae,Munnozia angusta,TRUE,FALSE
Equisetopsida,Poales,Poaceae,Muhlenbergia tenuissima,FALSE,FALSE
Equisetopsida,Laurales,Siparunaceae,Siparuna tomentosa,FALSE,FALSE
Equisetopsida,Fabales,Polygalaceae,Monnina salicifolia,FALSE,FALSE
Equisetopsida,Hypnales,Meteoriaceae,Meteoriopsis remotifolia,FALSE,FALSE
Equisetopsida,Poales,Poaceae,Muhlenbergia rigida,FALSE,FALSE
Equisetopsida,Asterales,Campanulaceae,Siphocampylus actinothrix,TRUE,FALSE
Equisetopsida,Poales,Poaceae,Muhlenbergia peruviana,FALSE,FALSE
Mammalia,Rodentia,Cricetidae,Oligoryzomys destructor,FALSE,FALSE
Equisetopsida,Asterales,Campanulaceae,Siphocampylus boliviensis,FALSE,FALSE
Equisetopsida,Malpighiales,Phyllanthaceae,Hieronyma oblonga,FALSE,FALSE
Equisetopsida,Malpighiales,Phyllanthaceae,Hieronyma andina,FALSE,FALSE
Insecta,Lepidoptera,Nymphalidae,Ollantaya canilla,FALSE,FALSE
Equisetopsida,Asterales,Asteraceae,Hieracium neoherrerae,FALSE,FALSE
Equisetopsida,Malvales,Malvaceae,Hibiscus rosa-sinensis,FALSE,FALSE
Equisetopsida,Porellales,Lejeuneaceae,Omphalanthus filiformis,FALSE,FALSE
Equisetopsida,Asterales,Campanulaceae,Siphocampylus corynoides,FALSE,FALSE
Equisetopsida,Malpighiales,Phyllanthaceae,Hieronyma scabra,FALSE,FALSE
Equisetopsida,Malpighiales,Phyllanthaceae,Hieronyma scabrida,FALSE,FALSE
Equisetopsida,Asterales,Campanulaceae,Siphocampylus dependens,FALSE,FALSE
Equisetopsida,Lamiales,Acanthaceae,Aphelandra eurystoma,FALSE,FALSE
Insecta,Lepidoptera,Nymphalidae,Higginsius fasciatus,FALSE,FALSE
Equisetopsida,Asterales,Campanulaceae,Siphocampylus krauseanus,FALSE,FALSE
Insecta,Lepidoptera,Nymphalidae,Oleria padilla,FALSE,FALSE
Equisetopsida,Poales,Poaceae,Heteropogon melanocarpus,FALSE,FALSE
Equisetopsida,Asparagales,Orchidaceae,Oncidium auroincarum,TRUE,FALSE
Equisetopsida,Poales,Poaceae,Heteropogon contortus,FALSE,FALSE
Equisetopsida,Caryophyllales,Petiveriaceae,Hilleria longifolia,FALSE,FALSE
Mammalia,Didelphimorphia,Didelphidae,Marmosa (Marmosa) macrotarsus,TRUE,FALSE
Insecta,Lepidoptera,Nymphalidae,Oleria mekrena,FALSE,FALSE
Equisetopsida,Asparagales,Iridaceae,Hesperoxiphion peruvianum,FALSE,FALSE
Equisetopsida,Asparagales,Orchidaceae,Oncidium epidendroides,FALSE,FALSE
Equisetopsida,Rosales,Rosaceae,Hesperomeles pernettyoides,FALSE,FALSE
Equisetopsida,Rosales,Rosaceae,Hesperomeles palcensis,FALSE,FALSE
Equisetopsida,Rosales,Rosaceae,Hesperomeles obtusifolia,FALSE,FALSE
Equisetopsida,Rosales,Rosaceae,Hesperomeles latifolia,FALSE,FALSE
Equisetopsida,Asparagales,Orchidaceae,Oncidium koechlinianum,TRUE,FALSE
Equisetopsida,Rosales,Rosaceae,Hesperomeles lanuginosa,FALSE,FALSE
Equisetopsida,Asparagales,Orchidaceae,Oncidium machupicchuense,TRUE,TRUE
Equisetopsida,Rosales,Rosaceae,Hesperomeles heterophylla,FALSE,TRUE
Equisetopsida,Rosales,Rosaceae,Hesperomeles gayana,FALSE,FALSE
Equisetopsida,Asparagales,Orchidaceae,Oncidium pentadactylon,FALSE,FALSE
Equisetopsida,Asparagales,Orchidaceae,Oncidium praestanoides,FALSE,FALSE
Equisetopsida,Asparagales,Orchidaceae,Oncidium retusum,TRUE,FALSE
Equisetopsida,Rosales,Rosaceae,Hesperomeles escalloniifolia,FALSE,FALSE
Insecta,Lepidoptera,Pieridae,Hesperocharis nereina,FALSE,FALSE
Insecta,Lepidoptera,Pieridae,Hesperocharis marchali,FALSE,FALSE
Equisetopsida,Asterales,Campanulaceae,Siphocampylus stenolobus,FALSE,FALSE
Insecta,Lepidoptera,Nymphalidae,Oleria derondina,FALSE,FALSE
Insecta,Lepidoptera,Erebidae,Opharus procroides,FALSE,FALSE
Equisetopsida,Asterales,Campanulaceae,Siphocampylus tupaeformis var. tupaeformis,FALSE,FALSE
Insecta,Lepidoptera,Nymphalidae,Hermeuptychia atalanta,FALSE,FALSE
Equisetopsida,Ericales,Ericaceae,Siphonandra elliptica,FALSE,FALSE
Aves,Charadriiformes,Recurvirostridae,Himantopus mexicanus,FALSE,FALSE
Insecta,Lepidoptera,Papilionidae,Heraclides paeon paeon,FALSE,FALSE
Equisetopsida,Ophioglossales,Ophioglossaceae,Ophioglossum reticulatum,FALSE,FALSE
Equisetopsida,Asterales,Asteraceae,Ophryosporus macrodon,FALSE,FALSE
Aves,Passeriformes,Troglodytidae,Henicorhina leucophrys,FALSE,FALSE
Equisetopsida,Asparagales,Amaryllidaceae,Hippeastrum cuzcoense,TRUE,TRUE
Equisetopsida,Asparagales,Amaryllidaceae,Hippeastrum forgetii,TRUE,FALSE
Equisetopsida,Myrtales,Myrtaceae,Siphoneugena dussii,FALSE,FALSE
Equisetopsida,Asparagales,Amaryllidaceae,Hippeastrum machupijchense,TRUE,TRUE
Aves,Passeriformes,Tyrannidae,Hemitriccus granadensis,FALSE,FALSE
Equisetopsida,Myrtales,Onagraceae,Oenothera versicolor,FALSE,FALSE
Equisetopsida,Asterales,Asteraceae,Ageratina gloeoclada,FALSE,FALSE
Equisetopsida,Poales,Poaceae,Oplismenus hirtellus,FALSE,FALSE
Equisetopsida,Asparagales,Amaryllidaceae,Hippeastrum puniceum,FALSE,FALSE
Insecta,Lepidoptera,Nymphalidae,Opoptera arsippe arsippe,FALSE,FALSE
Equisetopsida,Myrtales,Onagraceae,Oenothera rosea,FALSE,FALSE
Mammalia,Cetartiodactyla,Cervidae,Hippocamelus antisensis,FALSE,TRUE
Equisetopsida,Polypodiales,Pteridaceae,Hemionitis poeppigiana,FALSE,FALSE
Equisetopsida,Polypodiales,Pteridaceae,Hemionitis chlorophylla,FALSE,FALSE
Equisetopsida,Caryophyllales,Cactaceae,Opuntia ficus-indica,FALSE,FALSE
Insecta,Lepidoptera,Erebidae,Hemihyalea watkinsi,FALSE,FALSE
Insecta,Lepidoptera,Erebidae,Hemihyalea fulvizonata,FALSE,FALSE
Insecta,Lepidoptera,Nymphalidae,Siproeta epaphus epaphus,FALSE,FALSE
Mammalia,Didelphimorphia,Didelphidae,Marmosa (Stegomarmosa) andersoni,TRUE,TRUE
Insecta,Lepidoptera,Lycaenidae,Hemiargus hanno bogotanus,FALSE,FALSE
Equisetopsida,Myrtales,Onagraceae,Oenothera multicaulis,FALSE,FALSE
Equisetopsida,Proteales,Proteaceae,Oreocallis grandiflora,FALSE,FALSE
Equisetopsida,Celastrales,Celastraceae,Hippocratea volubilis,FALSE,FALSE
Equisetopsida,Poales,Poaceae,Sporobolus indicus,FALSE,FALSE
Equisetopsida,Boraginales,Boraginaceae,Heliotropium pilosum,FALSE,FALSE
Equisetopsida,Apiales,Apiaceae,Oreomyrrhis andicola,FALSE,FALSE
Aves,Apodiformes,Trochilidae,Oreonympha nobilis,TRUE,FALSE
Equisetopsida,Boraginales,Heliotropiaceae,Heliotropium mandonii,FALSE,FALSE
Equisetopsida,Apiales,Araliaceae,Oreopanax apurimacensis,FALSE,FALSE
Equisetopsida,Apiales,Araliaceae,Oreopanax artocarpoides,FALSE,FALSE
Equisetopsida,Apiales,Araliaceae,Oreopanax capitatus,FALSE,FALSE
Equisetopsida,Apiales,Araliaceae,Oreopanax cuspidatus,FALSE,FALSE
Equisetopsida,Apiales,Araliaceae,Oreopanax incisus,FALSE,FALSE
Equisetopsida,Apiales,Araliaceae,Oreopanax ischnolobus,FALSE,FALSE
Equisetopsida,Apiales,Araliaceae,Oreopanax ruizii,FALSE,FALSE
Equisetopsida,Apiales,Araliaceae,Oreopanax stenophyllus,TRUE,FALSE
Equisetopsida,Apiales,Araliaceae,Oreopanax urubambanus,TRUE,FALSE
Equisetopsida,Apiales,Araliaceae,Oreopanax weberbaueri,FALSE,FALSE
Aves,Apodiformes,Trochilidae,Oreotrochilus estella,FALSE,FALSE
Insecta,Lepidoptera,Hesperiidae,Heliopetes omrina,FALSE,FALSE
Insecta,Lepidoptera,Hesperiidae,Heliopetes laviana libra,FALSE,FALSE
Insecta,Lepidoptera,Hesperiidae,Heliopetes arsalte arsalte,FALSE,FALSE
Insecta,Lepidoptera,Nymphalidae,Oressinoma sorata sorata,FALSE,FALSE
Aves,Anseriformes,Anatidae,Oressochen melanopterus,FALSE,FALSE
Equisetopsida,Lamiales,Lamiaceae,Origanum vulgare,FALSE,FALSE
Equisetopsida,Malvales,Malvaceae,Heliocarpus americanus,FALSE,FALSE
Equisetopsida,Asterales,Asteraceae,Oritrophium peruvianum,FALSE,FALSE
Insecta,Lepidoptera,Nymphalidae,Heliconius telesiphe telesiphe,FALSE,FALSE
Aves,Passeriformes,Tyrannidae,Hirundinea ferruginea,FALSE,FALSE
Equisetopsida,Zingiberales,Heliconiaceae,Heliconia subulata,FALSE,FALSE
Insecta,Lepidoptera,Riodinidae,Siseme neurodes caudalis,FALSE,FALSE
Aves,Passeriformes,Hirundinidae,Orochelidon andecola,FALSE,FALSE
Equisetopsida,Zingiberales,Heliconiaceae,Heliconia psittacorum,FALSE,FALSE
Aves,Passeriformes,Hirundinidae,Hirundo rustica,FALSE,FALSE
Aves,Passeriformes,Hirundinidae,Orochelidon flavipes,FALSE,FALSE
Equisetopsida,Brassicales,Brassicaceae,Sisymbrium orientale,FALSE,FALSE
Aves,Passeriformes,Hirundinidae,Orochelidon murina,FALSE,FALSE
Equisetopsida,Asparagales,Iridaceae,Sisyrinchium brevipes,FALSE,FALSE
Equisetopsida,Asparagales,Orchidaceae,Oeceoclades maculata,FALSE,FALSE
Insecta,Lepidoptera,Nymphalidae,Orophila diotima,FALSE,FALSE
Equisetopsida,Asterales,Asteraceae,Ageratum conyzoides,FALSE,FALSE
Equisetopsida,Gentianales,Rubiaceae,Hoffmannia latifolia,FALSE,FALSE
Equisetopsida,Zingiberales,Heliconiaceae,Heliconia acuminata,FALSE,FALSE
Equisetopsida,Asterales,Asteraceae,Helianthus annuus,FALSE,FALSE
Aves,Apodiformes,Trochilidae,Heliangelus amethysticollis,FALSE,FALSE
Aves,Passeriformes,Troglodytidae,Odontorchilus branickii,FALSE,FALSE
Equisetopsida,Ericales,Ericaceae,Orthaea ignea,FALSE,FALSE
Equisetopsida,Ericales,Ericaceae,Orthaea weberbauerii,FALSE,FALSE
Equisetopsida,Asterales,Asteraceae,Ageratina glechonophylla,FALSE,FALSE
Equisetopsida,Asparagales,Orchidaceae,Hofmeisterella eumicroscopica,FALSE,FALSE
Equisetopsida,Chloranthales,Chloranthaceae,Hedyosmum tepuiense,FALSE,FALSE
Equisetopsida,Chloranthales,Chloranthaceae,Hedyosmum scabrum,FALSE,FALSE
Equisetopsida,Asterales,Asteraceae,Orthopappus angustifolius,FALSE,FALSE
Equisetopsida,Asparagales,Iridaceae,Sisyrinchium chilense,FALSE,FALSE
Equisetopsida,Chloranthales,Chloranthaceae,Hedyosmum racemosum,FALSE,FALSE
Equisetopsida,Chloranthales,Chloranthaceae,Hedyosmum maximum,FALSE,FALSE
Equisetopsida,Chloranthales,Chloranthaceae,Hedyosmum cuatrecazanum,FALSE,FALSE
Aves,Galliformes,Odontophoridae,Odontophorus speciosus,FALSE,FALSE
Equisetopsida,Chloranthales,Chloranthaceae,Hedyosmum angustifolium,FALSE,FALSE
Equisetopsida,Zingiberales,Zingiberaceae,Hedychium coronarium,FALSE,FALSE
Equisetopsida,Apiales,Araliaceae,Hedera helix,FALSE,FALSE
Equisetopsida,Asparagales,Iridaceae,Sisyrinchium convolutum,FALSE,FALSE
Insecta,Lepidoptera,Nymphalidae,Ortilia gentina,FALSE,FALSE
Equisetopsida,Asterales,Asteraceae,Ageratina gilbertii,FALSE,FALSE
Equisetopsida,Asparagales,Iridaceae,Sisyrinchium palmifolium,FALSE,FALSE
Equisetopsida,Asterales,Asteraceae,Ageratina cuzcoensis,FALSE,FALSE
Equisetopsida,Poales,Poaceae,Hordeum vulgare,FALSE,FALSE
Equisetopsida,Poales,Poaceae,Muhlenbergia diversiglumis,FALSE,FALSE
Equisetopsida,Asparagales,Iridaceae,Sisyrinchium pusillum,FALSE,FALSE
Insecta,Lepidoptera,Nymphalidae,Antopedaliodes antoniaquincedis,FALSE,FALSE
Equisetopsida,Poales,Poaceae,Muhlenbergia bryophilus,FALSE,FALSE
Equisetopsida,Lamiales,Plantaginaceae,Antirrhinum majus,FALSE,FALSE
Mammalia,Didelphimorphia,Didelphidae,Marmosops (Marmosops) noctivagus,FALSE,FALSE
Aves,Apodiformes,Trochilidae,Aglaeactis castelnaudii,TRUE,FALSE
Aves,Passeriformes,Thraupidae,Haplospiza rustica,FALSE,FALSE
Aves,Apodiformes,Trochilidae,Haplophaedia assimilis,FALSE,FALSE
Aves,Galliformes,Odontophoridae,Odontophorus balliviani,FALSE,FALSE
Equisetopsida,Magnoliales,Myristicaceae,Osteophloeum platyspermum,FALSE,FALSE
Equisetopsida,Fabales,Fabaceae,Otholobium glandulosum,FALSE,FALSE
Equisetopsida,Gentianales,Rubiaceae,Hamelia patens,FALSE,FALSE
Equisetopsida,Fabales,Fabaceae,Otholobium munyense,FALSE,TRUE
Equisetopsida,Fabales,Fabaceae,Otholobium pubescens,FALSE,FALSE
Equisetopsida,Ranunculales,Menispermaceae,Odontocarya rusbyi,FALSE,FALSE
Insecta,Lepidoptera,Erebidae,Halysidota intensa,FALSE,FALSE
Equisetopsida,Gentianales,Gentianaceae,Halenia weddelliana,FALSE,FALSE
Equisetopsida,Gentianales,Gentianaceae,Halenia umbellata,FALSE,FALSE
Aves,Passeriformes,Thraupidae,Sporathraupis cyanocephala,FALSE,FALSE
Equisetopsida,Asparagales,Orchidaceae,Otoglossum scansor,FALSE,FALSE
Aves,Passeriformes,Motacillidae,Anthus furcatus,FALSE,FALSE
Aves,Apodiformes,Trochilidae,Aglaeactis cupripennis,FALSE,FALSE
Aves,Passeriformes,Motacillidae,Anthus correndera,FALSE,FALSE
Insecta,Lepidoptera,Erebidae,Hyaleucerea morosa,FALSE,FALSE
Equisetopsida,Lamiales,Plantaginaceae,Ourisia chamaedrifolia,FALSE,FALSE
Equisetopsida,Oxalidales,Oxalidaceae,Oxalis boliviana,FALSE,FALSE
Equisetopsida,Oxalidales,Oxalidaceae,Oxalis corniculata,FALSE,FALSE
Insecta,Lepidoptera,Nymphalidae,Hyalyris latilimbata fassli,FALSE,FALSE
Insecta,Lepidoptera,Nymphalidae,Hyalyris ocna atagalpa,FALSE,FALSE
Equisetopsida,Oxalidales,Oxalidaceae,Oxalis medicaginea,FALSE,FALSE
Equisetopsida,Asparagales,Orchidaceae,Habenaria uncatiloba,TRUE,FALSE
Equisetopsida,Asparagales,Orchidaceae,Habenaria repens,FALSE,FALSE
Equisetopsida,Asparagales,Orchidaceae,Habenaria parvidens,FALSE,FALSE
Equisetopsida,Asparagales,Orchidaceae,Habenaria obtusa,FALSE,FALSE
Equisetopsida,Oxalidales,Oxalidaceae,Oxalis peduncularis,FALSE,FALSE
Equisetopsida,Asparagales,Orchidaceae,Habenaria monorrhiza,FALSE,FALSE
Equisetopsida,Asparagales,Orchidaceae,Habenaria ligulata,FALSE,FALSE
Equisetopsida,Asparagales,Orchidaceae,Habenaria hexaptera,FALSE,FALSE
Equisetopsida,Oxalidales,Oxalidaceae,Oxalis phaeotricha,FALSE,FALSE
Equisetopsida,Oxalidales,Oxalidaceae,Oxalis ptychoclada,FALSE,FALSE
Equisetopsida,Oxalidales,Oxalidaceae,Oxalis sanmiguelii,FALSE,FALSE
Equisetopsida,Asparagales,Orchidaceae,Habenaria guentheriana,FALSE,FALSE
Equisetopsida,Oxalidales,Oxalidaceae,Oxalis sanmiguelii subsp. san-miguelii,TRUE,FALSE
Equisetopsida,Oxalidales,Oxalidaceae,Oxalis sanmiguelii subsp. urubambensis,TRUE,FALSE
Equisetopsida,Asparagales,Orchidaceae,Habenaria corydophora,FALSE,FALSE
Equisetopsida,Oxalidales,Oxalidaceae,Oxalis spiralis,FALSE,FALSE
Equisetopsida,Oxalidales,Oxalidaceae,Oxalis teneriensis,FALSE,FALSE
Equisetopsida,Asterales,Asteraceae,Gynoxys rugulosa,FALSE,FALSE
Equisetopsida,Asterales,Asteraceae,Gynoxys poggeana,FALSE,FALSE
Equisetopsida,Asterales,Asteraceae,Gynoxys pillahuatensis,TRUE,FALSE
Equisetopsida,Oxalidales,Oxalidaceae,Oxalis urubambensis,FALSE,FALSE
Equisetopsida,Asterales,Asteraceae,Gynoxys oleifolia,FALSE,FALSE
Equisetopsida,Asterales,Asteraceae,Gynoxys nitida,FALSE,FALSE
Equisetopsida,Asterales,Asteraceae,Gynoxys marcapatana,FALSE,FALSE
Equisetopsida,Asterales,Asteraceae,Gynoxys longifolia,FALSE,FALSE
Equisetopsida,Asterales,Asteraceae,Gynoxys infralanata,FALSE,FALSE
Equisetopsida,Asterales,Asteraceae,Gynoxys cuzcoensis,TRUE,TRUE
Equisetopsida,Asterales,Asteraceae,Gynoxys cusilluyocana,TRUE,FALSE
Equisetopsida,Asterales,Asteraceae,Gynoxys baccharoides,FALSE,FALSE
Equisetopsida,Poales,Poaceae,Gynerium sagittatum,FALSE,FALSE
Equisetopsida,Cornales,Hydrangeaceae,Hydrangea macrophylla,FALSE,FALSE
Mammalia,Cetartiodactyla,Cervidae,Odocoileus peruvianus,FALSE,FALSE
Insecta,Lepidoptera,Nymphalidae,Oxeoschistus pronax pronax,FALSE,FALSE
Equisetopsida,Gentianales,Apocynaceae,Oxypetalum appendiculatum,FALSE,FALSE
Insecta,Lepidoptera,Hesperiidae,Metardaris cosinga catana,FALSE,FALSE
Reptilia,Serpentes,Dipsadidae,Oxyrhopus erdisii,TRUE,FALSE
Aves,Passeriformes,Motacillidae,Anthus bogotensis,FALSE,FALSE
Reptilia,Serpentes,Dipsadidae,Oxyrhopus marcapatae,TRUE,FALSE
Equisetopsida,Poales,Bromeliaceae,Guzmania morreniana,FALSE,FALSE
Aves,Apodiformes,Trochilidae,Ocreatus underwoodii,FALSE,FALSE
Equisetopsida,Poales,Bromeliaceae,Guzmania inkaterrae,TRUE,FALSE
Equisetopsida,Poales,Bromeliaceae,Guzmania cuzcoensis,TRUE,FALSE
Aves,Anseriformes,Anatidae,Oxyura jamaicensis,FALSE,FALSE
Equisetopsida,Apiales,Araliaceae,Hydrocotyle acutifolia,FALSE,FALSE
Equisetopsida,Apiales,Araliaceae,Hydrocotyle alchemilloides,FALSE,FALSE
Equisetopsida,Apiales,Araliaceae,Hydrocotyle bonariensis,FALSE,FALSE
Equisetopsida,Cucurbitales,Cucurbitaceae,Gurania lobata,FALSE,FALSE
Equisetopsida,Asparagales,Asparagaceae,Agave americana,FALSE,FALSE
Equisetopsida,Alismatales,Araceae,Anthurium sagittatum,FALSE,FALSE
Equisetopsida,Gentianales,Rubiaceae,Guettarda ochreata,FALSE,FALSE
Equisetopsida,Gentianales,Rubiaceae,Guettarda fontanesii,FALSE,FALSE
Equisetopsida,Gentianales,Rubiaceae,Guettarda boliviana,FALSE,FALSE
Insecta,Lepidoptera,Erebidae,Pachydota nervosa,FALSE,FALSE
Insecta,Lepidoptera,Erebidae,Pachydota striata,FALSE,FALSE
Equisetopsida,Apiales,Araliaceae,Hydrocotyle filipes,FALSE,FALSE
Equisetopsida,Apiales,Araliaceae,Hydrocotyle palmata,FALSE,FALSE
Equisetopsida,Apiales,Araliaceae,Hydrocotyle pusilla,FALSE,FALSE
Insecta,Lepidoptera,Erebidae,Agaraea ockendeni,FALSE,FALSE
Equisetopsida,Apiales,Araliaceae,Hydrocotyle ranunculoides,FALSE,FALSE
Equisetopsida,Magnoliales,Annonaceae,Guatteria punctata,FALSE,FALSE
Equisetopsida,Asparagales,Amaryllidaceae,Agapanthus africanus,FALSE,FALSE
Equisetopsida,Caryophyllales,Polygonaceae,Muehlenbeckia tamnifolia,FALSE,FALSE
Aves,Apodiformes,Trochilidae,Metallura tyrianthina,FALSE,FALSE
Mammalia,Rodentia,Cricetidae,Akodon boliviensis,FALSE,FALSE
Equisetopsida,Alismatales,Araceae,Anthurium huanucense,TRUE,FALSE
Equisetopsida,Laurales,Lauraceae,Ocotea oblonga,FALSE,FALSE
Insecta,Lepidoptera,Hesperiidae,Hylephila phyleus anca,FALSE,FALSE
Aves,Passeriformes,Tityridae,Pachyramphus polychopterus,FALSE,FALSE
Insecta,Lepidoptera,Nymphalidae,Marpesia corinna,FALSE,FALSE
Equisetopsida,Laurales,Lauraceae,Ocotea munacensis,TRUE,FALSE
Equisetopsida,Laurales,Lauraceae,Ocotea minarum,FALSE,FALSE
Equisetopsida,Sapindales,Meliaceae,Guarea kunthiana,FALSE,FALSE
Equisetopsida,Laurales,Lauraceae,Ocotea magnifolia,FALSE,FALSE
Aves,Passeriformes,Tityridae,Pachyramphus validus,FALSE,FALSE
Equisetopsida,Caryophyllales,Polygonaceae,Muehlenbeckia fruticulosa,FALSE,FALSE
Aves,Passeriformes,Tityridae,Pachyramphus versicolor,FALSE,FALSE
Equisetopsida,Alismatales,Araceae,Anthurium dombeyanum,FALSE,FALSE
Mammalia,Rodentia,Cricetidae,Akodon aerosus,FALSE,FALSE
Equisetopsida,Laurales,Lauraceae,Ocotea leptobotra,FALSE,FALSE
Equisetopsida,Grimmiales,Grimmiaceae,Grimmia longirostris,FALSE,FALSE
Insecta,Lepidoptera,Nymphalidae,Greta hermana,FALSE,FALSE
Equisetopsida,Poales,Poaceae,Greeneochloa coarctata,FALSE,FALSE
Aves,Passeriformes,Grallariidae,Grallaricula leymebambae,FALSE,FALSE
Equisetopsida,Gentianales,Rubiaceae,Paederia brasiliensis,FALSE,FALSE
Aves,Passeriformes,Grallariidae,Grallaria squamigera,FALSE,FALSE
Aves,Passeriformes,Grallariidae,Grallaria rufula,FALSE,FALSE
Aves,Passeriformes,Grallariidae,Grallaria guatimalensis,FALSE,FALSE
Aves,Passeriformes,Grallariidae,Grallaria erythroleuca,TRUE,FALSE
Insecta,Lepidoptera,Nymphalidae,Marpesia themistocles norica,FALSE,FALSE
Aves,Passeriformes,Grallariidae,Grallaria andicolus,FALSE,FALSE
Equisetopsida,Gentianales,Rubiaceae,Palicourea amethystina,FALSE,FALSE
Equisetopsida,Myrtales,Melastomataceae,Graffenrieda cucullata,FALSE,FALSE
Equisetopsida,Asparagales,Orchidaceae,Govenia tingens,TRUE,FALSE
Equisetopsida,Gentianales,Rubiaceae,Palicourea attenuata,FALSE,FALSE
Equisetopsida,Alismatales,Araceae,Gorgonidium intermedium,TRUE,FALSE
Equisetopsida,Ericales,Theaceae,Gordonia fruticosa,FALSE,FALSE
Equisetopsida,Gentianales,Rubiaceae,Gonzalagunia dependens,FALSE,FALSE
Equisetopsida,Gentianales,Apocynaceae,Gonolobus parviflorus,FALSE,FALSE
Equisetopsida,Asparagales,Orchidaceae,Gomphichis plantaginifolia,FALSE,FALSE
Equisetopsida,Asparagales,Orchidaceae,Gomesa ramosa,FALSE,FALSE
Equisetopsida,Asparagales,Orchidaceae,Gomesa bifolia,FALSE,FALSE
Equisetopsida,Gentianales,Rubiaceae,Palicourea crocea,FALSE,FALSE
Equisetopsida,Lamiales,Lamiaceae,Marrubium vulgare,FALSE,FALSE
Equisetopsida,Asterales,Asteraceae,Gnaphalium pulchrum,FALSE,FALSE
Equisetopsida,Asterales,Asteraceae,Gnaphalium dombeyanum,FALSE,FALSE
Aves,Passeriformes,Furnariidae,Glyphorynchus spirurus,FALSE,FALSE
Equisetopsida,Laurales,Lauraceae,Ocotea bofa,FALSE,FALSE
Equisetopsida,Proteales,Sabiaceae,Meliosma frondosa,FALSE,FALSE
Equisetopsida,Gentianales,Rubiaceae,Palicourea herrerae,FALSE,FALSE
Equisetopsida,Hymenophyllales,Hymenophyllaceae,Hymenophyllum amabile,FALSE,FALSE
Equisetopsida,Hymenophyllales,Hymenophyllaceae,Hymenophyllum antillense,FALSE,FALSE
Aves,Strigiformes,Strigidae,Glaucidium peruanum,FALSE,FALSE
Equisetopsida,Asterales,Asteraceae,Smallanthus glabratus,FALSE,TRUE
Equisetopsida,Laurales,Lauraceae,Ocotea balanocarpa,FALSE,FALSE
Equisetopsida,Lamiales,Orobanchaceae,Agalinis lanceolata,FALSE,FALSE
Equisetopsida,Hymenophyllales,Hymenophyllaceae,Hymenophyllum apiculatum,FALSE,FALSE
Aves,Strigiformes,Strigidae,Glaucidium bolivianum,FALSE,FALSE
Equisetopsida,Hymenophyllales,Hymenophyllaceae,Hymenophyllum axillare,FALSE,FALSE
Equisetopsida,Asparagales,Iridaceae,Gladiolus communis,FALSE,FALSE
Equisetopsida,Gentianales,Rubiaceae,Palicourea macrobotrys,FALSE,FALSE
Equisetopsida,Hymenophyllales,Hymenophyllaceae,Hymenophyllum crispum,TRUE,FALSE
Equisetopsida,Hymenophyllales,Hymenophyllaceae,Hymenophyllum myriocarpum,FALSE,FALSE
Equisetopsida,Gentianales,Rubiaceae,Palicourea microcarpa,FALSE,FALSE
Equisetopsida,Lamiales,Orobanchaceae,Agalinis fiebrigii,FALSE,FALSE
Equisetopsida,Lamiales,Lamiaceae,Marsypianthes chamaedrys,FALSE,FALSE
Equisetopsida,Asterales,Asteraceae,Smallanthus parviceps,FALSE,FALSE
Equisetopsida,Hymenophyllales,Hymenophyllaceae,Hymenophyllum polyanthos,FALSE,FALSE
Aves,Accipitriformes,Accipitridae,Geranoaetus polyosoma,FALSE,FALSE
Equisetopsida,Asparagales,Orchidaceae,Masdevallia antonii,TRUE,FALSE
Aves,Accipitriformes,Accipitridae,Geranoaetus melanoleucus,FALSE,FALSE
Aves,Apodiformes,Trochilidae,Metallura aeneocauda,FALSE,FALSE
Equisetopsida,Geraniales,Geraniaceae,Geranium filipes,FALSE,FALSE
Equisetopsida,Geraniales,Geraniaceae,Geranium berteroanum,FALSE,FALSE
Equisetopsida,Hymenophyllales,Hymenophyllaceae,Hymenophyllum ruizianum,FALSE,FALSE
Equisetopsida,Hymenophyllales,Hymenophyllaceae,Hymenophyllum speciosum,FALSE,FALSE
Aves,Columbiformes,Columbidae,Geotrygon montana,FALSE,FALSE
Equisetopsida,Hymenophyllales,Hymenophyllaceae,Hymenophyllum trichophyllum,FALSE,FALSE
Aves,Passeriformes,Parulidae,Geothlypis aequinoctialis,FALSE,FALSE
Aves,Passeriformes,Thraupidae,Geospizopsis unicolor,FALSE,FALSE
Equisetopsida,Laurales,Lauraceae,Ocotea andina,FALSE,FALSE
Aves,Passeriformes,Thraupidae,Geospizopsis plebejus,FALSE,FALSE
Aves,Apodiformes,Apodidae,Aeronautes montivagus,FALSE,FALSE
Equisetopsida,Asparagales,Orchidaceae,Masdevallia barlaeana,TRUE,TRUE
Equisetopsida,Gentianales,Rubiaceae,Palicourea subtomentosa,FALSE,FALSE
Aves,Passeriformes,Furnariidae,Geositta tenuirostris,FALSE,FALSE
Equisetopsida,Gentianales,Rubiaceae,Palicourea thyrsiflora,FALSE,FALSE
Aves,Passeriformes,Furnariidae,Geositta cunicularia,FALSE,FALSE
Equisetopsida,Arecales,Arecaceae,Geonoma undata,FALSE,FALSE
Insecta,Lepidoptera,Nymphalidae,Hypanartia bella,FALSE,FALSE
Insecta,Lepidoptera,Nymphalidae,Hypanartia dione dione,FALSE,FALSE
Aves,Strigiformes,Strigidae,Megascops albogularis,FALSE,FALSE
Insecta,Lepidoptera,Nymphalidae,Hypanartia lethe,FALSE,FALSE
Equisetopsida,Poales,Poaceae,Panicum maximum,FALSE,FALSE
Insecta,Lepidoptera,Erebidae,Hypercompe cuninguda,FALSE,FALSE
Insecta,Lepidoptera,Erebidae,Hypercompe nemophila,FALSE,FALSE
Equisetopsida,Gentianales,Gentianaceae,Gentianella umbellata,FALSE,FALSE
Insecta,Lepidoptera,Erebidae,Hypercompe peruviensis,FALSE,FALSE
Equisetopsida,Gentianales,Gentianaceae,Gentianella scarlatiflora,FALSE,FALSE
Equisetopsida,Gentianales,Gentianaceae,Gentianella luteomarginata,TRUE,FALSE
Equisetopsida,Gentianales,Gentianaceae,Gentianella ericoides,FALSE,FALSE
Equisetopsida,Gentianales,Gentianaceae,Gentiana prostrata,FALSE,FALSE
Equisetopsida,Fabales,Fabaceae,Genista monspessulana,FALSE,FALSE
Equisetopsida,Asparagales,Orchidaceae,Masdevallia davisii,TRUE,TRUE
Mammalia,Chiroptera,Phyllostomidae,Anoura geoffroyi,FALSE,FALSE
Insecta,Lepidoptera,Nymphalidae,Panyapedaliodes mara,FALSE,FALSE
Insecta,Lepidoptera,Nymphalidae,Panyapedaliodes phila phila,FALSE,FALSE
Insecta,Lepidoptera,Nymphalidae,Panyapedaliodes silpa,FALSE,FALSE
Equisetopsida,Ericales,Primulaceae,Geissanthus boliviana,FALSE,FALSE
Equisetopsida,Ericales,Ericaceae,Gaultheria vaccinioides,FALSE,FALSE
Equisetopsida,Ericales,Ericaceae,Gaultheria reticulata,FALSE,FALSE
Equisetopsida,Malpighiales,Hypericaceae,Hypericum silenoides,FALSE,FALSE
Equisetopsida,Ericales,Ericaceae,Gaultheria myrsinoides,FALSE,FALSE
Equisetopsida,Ericales,Ericaceae,Gaultheria glomerata,FALSE,FALSE
Equisetopsida,Ericales,Ericaceae,Gaultheria foliolosa,FALSE,FALSE
Equisetopsida,Ericales,Ericaceae,Gaultheria eriophylla,FALSE,FALSE
Equisetopsida,Ericales,Ericaceae,Gaultheria erecta,FALSE,FALSE
Equisetopsida,Ericales,Ericaceae,Gaultheria buxifolia,FALSE,FALSE
Equisetopsida,Ericales,Ericaceae,Gaultheria bracteata,FALSE,FALSE
Amphibia,Anura,Hemiphractidae,Gastrotheca ochoai,TRUE,TRUE
Amphibia,Anura,Hemiphractidae,Gastrotheca marsupiata,FALSE,FALSE
Amphibia,Anura,Hemiphractidae,Gastrotheca excubitor,TRUE,FALSE
Aves,Accipitriformes,Accipitridae,Parabuteo leucorrhous,FALSE,FALSE
Mammalia,Chiroptera,Phyllostomidae,Gardnerycteris koepckeae,TRUE,TRUE
Aves,Columbiformes,Columbidae,Paraclaravis mondetoura,FALSE,FALSE
Aves,Passeriformes,Tyrannidae,Ochthoeca rufipectoralis,FALSE,FALSE
Equisetopsida,Asterales,Asteraceae,Gamochaeta purpurea,FALSE,FALSE
Aves,Passeriformes,Tyrannidae,Ochthoeca pulchella,FALSE,FALSE
Mammalia,Chiroptera,Phyllostomidae,Anoura caudifer,FALSE,FALSE
Equisetopsida,Malpighiales,Euphorbiaceae,Tetrorchidium macrophyllum,FALSE,FALSE
Equisetopsida,Buxales,Buxaceae,Styloceras columnare,FALSE,TRUE
Equisetopsida,Ericales,Ericaceae,Thibaudia regularis,FALSE,FALSE
Equisetopsida,Malpighiales,Euphorbiaceae,Tetrorchidium rubrivenium,FALSE,FALSE
Equisetopsida,Ericales,Styracaceae,Styrax foveolaria,FALSE,FALSE
Aves,Passeriformes,Tyrannidae,Tachuris rubrigastra,FALSE,FALSE
Mammalia,Carnivora,Ursidae,Tremarctos ornatus,FALSE,TRUE
Equisetopsida,Asparagales,Orchidaceae,Sudamerlycaste locusta,TRUE,TRUE
Equisetopsida,Ericales,Symplocaceae,Symplocos venulosa,FALSE,FALSE
Equisetopsida,Asparagales,Orchidaceae,Sudamerlycaste ciliata,FALSE,FALSE
Aves,Trogoniformes,Trogonidae,Trogon personatus,FALSE,FALSE
Equisetopsida,Sapindales,Anacardiaceae,Toxicodendron striatum,FALSE,FALSE
Equisetopsida,Lamiales,Bignoniaceae,Tabebuia ochracea,FALSE,FALSE
Equisetopsida,Sapindales,Rutaceae,Zanthoxylum mantaro,FALSE,TRUE
Aves,Passeriformes,Furnariidae,Synallaxis azarae,FALSE,FALSE
Equisetopsida,Ericales,Ericaceae,Thibaudia biflora,FALSE,FALSE
Equisetopsida,Ericales,Styracaceae,Styrax argenteus,FALSE,FALSE
Aves,Columbiformes,Columbidae,Zenaida auriculata,FALSE,FALSE
Equisetopsida,Ericales,Symplocaceae,Symplocos weberbaueri,FALSE,FALSE
Aves,Passeriformes,Vireonidae,Vireo olivaceus,FALSE,FALSE
Equisetopsida,Fabales,Fabaceae,Vachellia macracantha,FALSE,FALSE
Equisetopsida,Porellales,Lejeuneaceae,Trocholejeunea densifolia,FALSE,FALSE
Equisetopsida,Ericales,Symplocaceae,Symplocos arechea,FALSE,FALSE
Equisetopsida,Dipsacales,Caprifoliaceae,Valeriana cephalantha,TRUE,FALSE
Equisetopsida,Ericales,Symplocaceae,Symplocos melanochroa,FALSE,FALSE
Aves,Passeriformes,Thraupidae,Xenodacnis parina,FALSE,FALSE
Aves,Passeriformes,Thraupidae,Tangara parzudakii,FALSE,FALSE
Equisetopsida,Ericales,Symplocaceae,Symplocos nana,FALSE,FALSE
Reptilia,Serpentes,Dipsadidae,Tachymenis peruviana,FALSE,FALSE
Aves,Passeriformes,Tyrannidae,Tolmomyias sulphurescens,FALSE,FALSE
Equisetopsida,Myrtales,Melastomataceae,Tibouchina calycina,FALSE,FALSE
Aves,Passeriformes,Vireonidae,Vireo leucophrys,FALSE,FALSE
Aves,Passeriformes,Thraupidae,Tangara nigroviridis,FALSE,FALSE
Equisetopsida,Ericales,Symplocaceae,Symplocos nuda,FALSE,FALSE
Aves,Passeriformes,Thraupidae,Thraupis palmarum,FALSE,FALSE
Equisetopsida,Poales,Bromeliaceae,Vriesea rubra,FALSE,FALSE
Equisetopsida,Myrtales,Melastomataceae,Tibouchina gayana,FALSE,FALSE
Aves,Apodiformes,Apodidae,Streptoprocne rutila,FALSE,FALSE
Equisetopsida,Myrtales,Melastomataceae,Tibouchina incarum,TRUE,FALSE
Equisetopsida,Myrtales,Melastomataceae,Tibouchina longifolia,FALSE,FALSE
Insecta,Lepidoptera,Riodinidae,Styx infernalis,FALSE,FALSE
Equisetopsida,Ericales,Styracaceae,Styrax pavonii,FALSE,FALSE
Insecta,Lepidoptera,Erebidae,Virbia elisca,FALSE,FALSE
Insecta,Lepidoptera,Erebidae,Virbia catama,FALSE,FALSE
Aves,Passeriformes,Furnariidae,Xiphocolaptes promeropirhynchus,FALSE,FALSE
Equisetopsida,Malvales,Malvaceae,Triumfetta bogotensis,FALSE,FALSE
Equisetopsida,Commelinales,Commelinaceae,Tradescantia fluminensis,FALSE,FALSE
Equisetopsida,Malpighiales,Violaceae,Viola thymifolia,FALSE,FALSE
Equisetopsida,Boraginales,Boraginaceae,Symphytum officinale,FALSE,FALSE
Equisetopsida,Malvales,Malvaceae,Triumfetta acuminata,FALSE,FALSE
Equisetopsida,Malpighiales,Violaceae,Viola steinbachii,FALSE,FALSE
Equisetopsida,Brassicales,Tropaeolaceae,Tropaeolum crenatiflorum,FALSE,FALSE
Equisetopsida,Brassicales,Tropaeolaceae,Tropaeolum dipetalum,FALSE,FALSE
Aves,Cathartiformes,Cathartidae,Vultur gryphus,FALSE,TRUE
Equisetopsida,Malvales,Malvaceae,Triumfetta abutiloides,FALSE,FALSE
Equisetopsida,Poales,Poaceae,Triticum aestivum,FALSE,FALSE
Equisetopsida,Poales,Bromeliaceae,Tillandsia streptocarpa,FALSE,FALSE
Equisetopsida,Malpighiales,Violaceae,Viola hillii,FALSE,FALSE
Equisetopsida,Myrtales,Melastomataceae,Tibouchina mollis,FALSE,FALSE
Equisetopsida,Asparagales,Orchidaceae,Trichopilia fragrans,FALSE,FALSE
Equisetopsida,Malpighiales,Violaceae,Viola boliviana,FALSE,FALSE
Aves,Passeriformes,Thraupidae,Stilpnia viridicollis,FALSE,FALSE
Equisetopsida,Malpighiales,Violaceae,Viola bangiana,FALSE,FALSE
Aves,Passeriformes,Tyrannidae,Todirostrum cinereum,FALSE,FALSE
Aves,Charadriiformes,Scolopacidae,Tringa melanoleuca,FALSE,FALSE
Equisetopsida,Gentianales,Apocynaceae,Vinca major,FALSE,FALSE
Equisetopsida,Santalales,Loranthaceae,Tristerix peytonii,TRUE,FALSE
Equisetopsida,Myrtales,Melastomataceae,Tibouchina pleromoides,FALSE,FALSE
Equisetopsida,Ericales,Symplocaceae,Symplocos psiloclada,TRUE,FALSE
Equisetopsida,Porellales,Lejeuneaceae,Taxilejeunea pterigonia,FALSE,FALSE
Equisetopsida,Brassicales,Tropaeolaceae,Tropaeolum peregrinum,FALSE,FALSE
Equisetopsida,Asterales,Asteraceae,Viguiera lanceolata,FALSE,FALSE
Equisetopsida,Asterales,Asteraceae,Viguiera ellenbergii,TRUE,FALSE
Aves,Passeriformes,Thraupidae,Thlypopsis superciliaris,FALSE,FALSE
Equisetopsida,Ericales,Symplocaceae,Symplocos reflexa,FALSE,FALSE
Equisetopsida,Buxales,Buxaceae,Styloceras laurifolium,FALSE,TRUE
Mammalia,Chiroptera,Phyllostomidae,Sturnira erythromos,FALSE,FALSE
Aves,Passeriformes,Tyrannidae,Syrtidicola fluviatilis,FALSE,FALSE
Equisetopsida,Asparagales,Orchidaceae,Sudamerlycaste gigantea,FALSE,TRUE
Equisetopsida,Fabales,Fabaceae,Stylosanthes leiocarpa,FALSE,FALSE
Equisetopsida,Hypnales,Thuidiaceae,Thuidium delicatulum,FALSE,FALSE
Equisetopsida,Polypodiales,Grammitidaceae,Terpsichore immixta,TRUE,FALSE
Aves,Passeriformes,Thraupidae,Tangara vassorii,FALSE,FALSE
Equisetopsida,Asparagales,Orchidaceae,Sudamerlycaste fimbriata,FALSE,TRUE
Equisetopsida,Asterales,Asteraceae,Tagetes terniflora,FALSE,FALSE
Equisetopsida,Rosales,Cannabaceae,Trema micranthum,FALSE,FALSE
Equisetopsida,Ericales,Symplocaceae,Symplocos incahuasensis,TRUE,FALSE
Equisetopsida,Asterales,Asteraceae,Tagetes mandonii,FALSE,FALSE
Equisetopsida,Malpighiales,Malpighiaceae,Tetrapterys calophylla,FALSE,FALSE
Aves,Passeriformes,Furnariidae,Thripadectes scrutator,FALSE,FALSE
Equisetopsida,Asparagales,Orchidaceae,Sudamerlycaste cobbiana,FALSE,FALSE
Equisetopsida,Commelinales,Commelinaceae,Tinantia erecta,FALSE,FALSE
Aves,Passeriformes,Furnariidae,Sylviorthorhynchus yanacensis,FALSE,FALSE
Equisetopsida,Ericales,Pentaphylacaceae,Ternstroemia jelskii,FALSE,FALSE
Equisetopsida,Commelinales,Commelinaceae,Tinantia standleyi,FALSE,FALSE
Aves,Caprimulgiformes,Caprimulgidae,Systellura longirostris,FALSE,FALSE
Equisetopsida,Malpighiales,Salicaceae,Tetrathylacium macrophyllum,FALSE,FALSE
Equisetopsida,Ericales,Symplocaceae,Symplocos baehnii,TRUE,FALSE
Equisetopsida,Myrtales,Myrtaceae,Syzygium jambos,FALSE,FALSE
Equisetopsida,Ericales,Ericaceae,Vaccinium dependens,FALSE,FALSE
Aves,Passeriformes,Furnariidae,Thripadectes holostictus,FALSE,FALSE
Equisetopsida,Ericales,Ericaceae,Vaccinium floribundum,FALSE,FALSE
Equisetopsida,Poales,Poaceae,Stipa hans-meyeri,FALSE,FALSE
Equisetopsida,Gentianales,Rubiaceae,Tournefortiopsis crispiflora,FALSE,FALSE
Aves,Charadriiformes,Scolopacidae,Tringa solitaria,FALSE,FALSE
Aves,Passeriformes,Tyrannidae,Uromyias agraphia,TRUE,FALSE
Aves,Caprimulgiformes,Caprimulgidae,Uropsalis lyra,FALSE,FALSE
Aves,Caprimulgiformes,Caprimulgidae,Uropsalis segmentata,FALSE,FALSE
Equisetopsida,Poales,Bromeliaceae,Tillandsia latifolia,FALSE,FALSE
Equisetopsida,Alismatales,Araceae,Zantedeschia aethiopica,FALSE,FALSE
Equisetopsida,Poales,Bromeliaceae,Tillandsia fendleri,FALSE,FALSE
Equisetopsida,Asparagales,Orchidaceae,Xylobium elatum,TRUE,FALSE
Aves,Passeriformes,Turdidae,Turdus serranus,FALSE,FALSE
Aves,Apodiformes,Apodidae,Streptoprocne zonaris,FALSE,FALSE
Equisetopsida,Oxalidales,Elaeocarpaceae,Vallea stipularis,FALSE,FALSE
Aves,Passeriformes,Tyrannidae,Tyrannus melancholicus,FALSE,FALSE
Equisetopsida,Oxalidales,Elaeocarpaceae,Vallea ecuadorensis,FALSE,FALSE
Aves,Pelecaniformes,Threskiornithidae,Theristicus branickii,FALSE,FALSE
Equisetopsida,Dipsacales,Caprifoliaceae,Valeriana warburgii,FALSE,FALSE
Aves,Charadriiformes,Scolopacidae,Tringa flavipes,FALSE,FALSE
Equisetopsida,Fabales,Fabaceae,Zornia diphylla,FALSE,FALSE
Insecta,Lepidoptera,Hesperiidae,Thespieus argentina,FALSE,FALSE
Equisetopsida,Asparagales,Orchidaceae,Xylobium bractescens,FALSE,FALSE
Equisetopsida,Ericales,Ericaceae,Thibaudia herrerae,FALSE,FALSE
Equisetopsida,Dipsacales,Caprifoliaceae,Valeriana urticifolia,FALSE,FALSE
Equisetopsida,Fabales,Fabaceae,Tara spinosa,FALSE,TRUE
Equisetopsida,Asterales,Asteraceae,Taraxacum campylodes,FALSE,FALSE
Equisetopsida,Crossosomatales,Staphyleaceae,Turpinia occidentalis,FALSE,FALSE
Equisetopsida,Dipsacales,Caprifoliaceae,Valeriana micropterina,FALSE,FALSE
Equisetopsida,Rosales,Urticaceae,Urtica urens,FALSE,FALSE
Equisetopsida,Malpighiales,Malpighiaceae,Stigmaphyllon puberum,FALSE,FALSE
Equisetopsida,Dipsacales,Caprifoliaceae,Valeriana jasminoides,FALSE,FALSE
Insecta,Lepidoptera,Erebidae,Utetheisa ornatrix ornatrix,FALSE,FALSE
Aves,Charadriiformes,Thinocoridae,Thinocorus orbignyianus,FALSE,FALSE
Equisetopsida,Ericales,Styracaceae,Styrax pentlandianus,FALSE,FALSE
Equisetopsida,Malpighiales,Hypericaceae,Vismia tomentosa,FALSE,FALSE
Equisetopsida,Asparagales,Orchidaceae,Trichoceros antennifer,FALSE,FALSE
Aves,Passeriformes,Troglodytidae,Troglodytes aedon,FALSE,FALSE
Equisetopsida,Ericales,Symplocaceae,Symplocos cuscoensis,FALSE,FALSE
Equisetopsida,Ericales,Symplocaceae,Symplocos dolichopoda,FALSE,FALSE
Equisetopsida,Ericales,Symplocaceae,Symplocos sandiae,FALSE,FALSE
Aves,Passeriformes,Thraupidae,Tangara xanthocephala,FALSE,FALSE
Insecta,Lepidoptera,Hesperiidae,Theagenes alboplaga albiplaga,FALSE,FALSE
Equisetopsida,Malpighiales,Hypericaceae,Vismia mandurr,FALSE,FALSE
Equisetopsida,Asterales,Asteraceae,Stevia cuzcoensis,FALSE,FALSE
Equisetopsida,Asterales,Asteraceae,Tessaria integrifolia,FALSE,FALSE
Equisetopsida,Ericales,Symplocaceae,Symplocos fimbriata,FALSE,FALSE
Equisetopsida,Asterales,Asteraceae,Tagetes filifolia,FALSE,FALSE
Equisetopsida,Dipsacales,Caprifoliaceae,Valeriana decussata,FALSE,FALSE
Equisetopsida,Poales,Poaceae,Stipa plumosa,FALSE,FALSE
Aves,Passeriformes,Troglodytidae,Troglodytes solstitialis,FALSE,FALSE
Insecta,Lepidoptera,Pieridae,Teriocolias zelia pacis,FALSE,FALSE
Aves,Passeriformes,Thraupidae,Thraupis episcopus,FALSE,FALSE
Equisetopsida,Brassicales,Tovariaceae,Tovaria pendula,FALSE,FALSE
Equisetopsida,Asparagales,Orchidaceae,Trichosalpinx arbuscula,FALSE,FALSE
Equisetopsida,Myrtales,Melastomataceae,Tibouchina saxosa,TRUE,FALSE
Equisetopsida,Poales,Bromeliaceae,Tillandsia rubella,FALSE,FALSE
Equisetopsida,Poales,Poaceae,Trachypogon spicatus,FALSE,FALSE
Aves,Passeriformes,Passerellidae,Zonotrichia capensis,FALSE,FALSE
Aves,Passeriformes,Thraupidae,Tangara gyrola,FALSE,FALSE
Equisetopsida,Fabales,Fabaceae,Vicia faba,FALSE,FALSE
Equisetopsida,Ericales,Symplocaceae,Symplocos quitensis,FALSE,FALSE
Equisetopsida,Dipsacales,Viburnaceae,Viburnum witteanum,FALSE,FALSE
Equisetopsida,Myrtales,Melastomataceae,Tibouchina solmsii,FALSE,FALSE
Equisetopsida,Poales,Bromeliaceae,Tillandsia recurvata,FALSE,FALSE
Aves,Passeriformes,Thraupidae,Tachyphonus rufus,FALSE,FALSE
Equisetopsida,Dipsacales,Viburnaceae,Viburnum triphyllum,FALSE,FALSE
Equisetopsida,Santalales,Loranthaceae,Tristerix corymbosus,FALSE,FALSE
Equisetopsida,Dipsacales,Viburnaceae,Viburnum seemannii,FALSE,FALSE
Aves,Passeriformes,Furnariidae,Upucerthia validirostris,FALSE,FALSE
Equisetopsida,Myrtales,Melastomataceae,Tibouchina weberbaueri,FALSE,FALSE
Equisetopsida,Dipsacales,Viburnaceae,Viburnum jelskii,FALSE,FALSE
Insecta,Lepidoptera,Hesperiidae,Tigasis virdenex,FALSE,FALSE
Aves,Passeriformes,Tyrannidae,Zimmerius bolivianus,FALSE,FALSE
Equisetopsida,Asparagales,Iridaceae,Tigridia pavonia,FALSE,FALSE
Equisetopsida,Dipsacales,Viburnaceae,Viburnum incarum,FALSE,FALSE
Equisetopsida,Dipsacales,Viburnaceae,Viburnum hallii,FALSE,FALSE
Equisetopsida,Dipsacales,Viburnaceae,Viburnum ayavacense,FALSE,FALSE
Equisetopsida,Brassicales,Brassicaceae,Weberbauera peruviana,FALSE,FALSE
Equisetopsida,Sapindales,Rutaceae,Zanthoxylum lepidopteriphilum,FALSE,FALSE
Insecta,Lepidoptera,Hesperiidae,Vettius diversus donga,FALSE,FALSE
Insecta,Lepidoptera,Hesperiidae,Vettius coryna coryna,FALSE,FALSE
Equisetopsida,Asterales,Asteraceae,Zinnia peruviana,FALSE,FALSE
Equisetopsida,Ericales,Styracaceae,Styrax obovatus,FALSE,FALSE
Equisetopsida,Lamiales,Plantaginaceae,Veronica persica,FALSE,FALSE
Equisetopsida,Lamiales,Plantaginaceae,Veronica peregrina,FALSE,FALSE
Equisetopsida,Lamiales,Plantaginaceae,Veronica anagallis-aquatica,FALSE,FALSE
Equisetopsida,Asparagales,Orchidaceae,Trichosalpinx ciliaris,FALSE,FALSE
Aves,Pelecaniformes,Ardeidae,Tigrisoma fasciatum,FALSE,FALSE
Equisetopsida,Asterales,Asteraceae,Tagetes erecta,FALSE,FALSE
Equisetopsida,Asparagales,Orchidaceae,Trichosalpinx memor,FALSE,FALSE
Equisetopsida,Oxalidales,Cunoniaceae,Weinmannia auriculata,FALSE,FALSE
Aves,Passeriformes,Turdidae,Turdus chiguanco,FALSE,FALSE
Equisetopsida,Oxalidales,Cunoniaceae,Weinmannia balbisiana,FALSE,FALSE
Equisetopsida,Asterales,Asteraceae,Vernonia argyropappa,FALSE,FALSE
Equisetopsida,Asterales,Asteraceae,Vernonia arborescens,FALSE,FALSE
Insecta,Lepidoptera,Pieridae,Tatochila autodice ernestae,FALSE,FALSE
Equisetopsida,Asterales,Asteraceae,Vernonanthura yurimaguasensis,FALSE,FALSE
Equisetopsida,Oxalidales,Cunoniaceae,Weinmannia bangii,FALSE,FALSE
Equisetopsida,Oxalidales,Cunoniaceae,Weinmannia brachystachya,FALSE,FALSE
Equisetopsida,Asterales,Asteraceae,Vernonanthura phosphorica,FALSE,FALSE
Equisetopsida,Gentianales,Gentianaceae,Symbolanthus pauciflorus,FALSE,FALSE
Equisetopsida,Ericales,Ericaceae,Thibaudia crenulata,FALSE,FALSE
Equisetopsida,Oxalidales,Cunoniaceae,Weinmannia cochensis,FALSE,FALSE
Equisetopsida,Oxalidales,Cunoniaceae,Weinmannia crassifolia,FALSE,FALSE
Insecta,Lepidoptera,Sphingidae,Xylophanes resta,FALSE,FALSE
Insecta,Lepidoptera,Sphingidae,Xylophanes pyrrhus,FALSE,FALSE
Amphibia,Anura,Telmatobiidae,Telmatobius marmoratus,FALSE,TRUE
Insecta,Lepidoptera,Pieridae,Tatochila xanthodice paucar,FALSE,FALSE
Equisetopsida,Asterales,Asteraceae,Vernonanthura patens,FALSE,FALSE
Insecta,Lepidoptera,Hesperiidae,Urbanus albimargo takuta,FALSE,FALSE
Equisetopsida,Polypodiales,Pteridaceae,Trachypteris pinnata,FALSE,FALSE
Equisetopsida,Asterales,Asteraceae,Verbesina semidecurrens,FALSE,FALSE
Equisetopsida,Poales,Poaceae,Zeugites americanus,FALSE,FALSE
Equisetopsida,Poales,Bromeliaceae,Tillandsia pohliana,FALSE,FALSE
Equisetopsida,Asterales,Asteraceae,Verbesina minuticeps,FALSE,FALSE
Equisetopsida,Asterales,Asteraceae,Verbesina leucactinota,FALSE,FALSE
Insecta,Lepidoptera,Lycaenidae,Strymon davara,FALSE,FALSE
Equisetopsida,Oxalidales,Cunoniaceae,Weinmannia glomerata,FALSE,FALSE
Equisetopsida,Asterales,Asteraceae,Stevia andina,FALSE,FALSE
Equisetopsida,Asparagales,Orchidaceae,Telipogon venustus,FALSE,FALSE
Equisetopsida,Oxalidales,Cunoniaceae,Weinmannia heterophylla,FALSE,FALSE
Equisetopsida,Malpighiales,Malpighiaceae,Stigmaphyllon cuzcanum,TRUE,FALSE
Equisetopsida,Asterales,Asteraceae,Verbesina cabrerae,TRUE,FALSE
Equisetopsida,Oxalidales,Cunoniaceae,Weinmannia latifolia,FALSE,FALSE
Insecta,Lepidoptera,Sphingidae,Xylophanes nabuchondonosor,FALSE,FALSE
Equisetopsida,Asparagales,Orchidaceae,Telipogon semipictus,FALSE,FALSE
Equisetopsida,Asparagales,Orchidaceae,Telipogon selbyanus,TRUE,FALSE
Equisetopsida,Poales,Bromeliaceae,Tillandsia pallidoflavens,FALSE,FALSE
Equisetopsida,Asparagales,Orchidaceae,Telipogon pseudobulbosus,TRUE,FALSE
Equisetopsida,Oxalidales,Cunoniaceae,Weinmannia lentiscifolia,FALSE,FALSE
Equisetopsida,Asterales,Asteraceae,Verbesina auriculigera,TRUE,FALSE
Equisetopsida,Asparagales,Orchidaceae,Telipogon pogonostalix,FALSE,FALSE
Equisetopsida,Oxalidales,Cunoniaceae,Weinmannia machupicchuensis,FALSE,FALSE
Equisetopsida,Asparagales,Orchidaceae,Telipogon phuyupatamarcensis,TRUE,FALSE
Equisetopsida,Oxalidales,Cunoniaceae,Weinmannia microphylla,FALSE,FALSE
Equisetopsida,Asparagales,Orchidaceae,Telipogon phalaenopsis,TRUE,FALSE
Equisetopsida,Asterales,Asteraceae,Verbesina arborea,FALSE,FALSE
Equisetopsida,Asparagales,Orchidaceae,Telipogon papilio,FALSE,TRUE
Insecta,Lepidoptera,Hesperiidae,Urbanus dorantes dorantes,FALSE,FALSE
Insecta,Lepidoptera,Sphingidae,Xylophanes docilis,FALSE,FALSE
Equisetopsida,Oxalidales,Cunoniaceae,Weinmannia ovata,FALSE,FALSE
Equisetopsida,Lamiales,Verbenaceae,Verbena litoralis,FALSE,FALSE
Insecta,Lepidoptera,Sphingidae,Xylophanes crotonis,FALSE,FALSE
Equisetopsida,Asparagales,Orchidaceae,Telipogon marleneae,TRUE,FALSE
Equisetopsida,Oxalidales,Cunoniaceae,Weinmannia pentaphylla,FALSE,FALSE
Equisetopsida,Asparagales,Orchidaceae,Telipogon machupicchuensis,TRUE,FALSE
Equisetopsida,Polypodiales,Thelypteridaceae,Thelypteris peruviana,FALSE,FALSE
Equisetopsida,Asparagales,Orchidaceae,Telipogon koechlinorum,FALSE,FALSE
Insecta,Lepidoptera,Sphingidae,Xylophanes ceratomioides,FALSE,FALSE
Equisetopsida,Asparagales,Orchidaceae,Telipogon farfanii,TRUE,FALSE
Equisetopsida,Oxalidales,Cunoniaceae,Weinmannia pinnata,FALSE,FALSE
Aves,Passeriformes,Furnariidae,Xenops rutilans,FALSE,FALSE
Insecta,Lepidoptera,Hesperiidae,Urbanus elimina,FALSE,FALSE
Equisetopsida,Polypodiales,Thelypteridaceae,Thelypteris rudis,FALSE,FALSE
Equisetopsida,Poales,Bromeliaceae,Tillandsia paleacea,FALSE,FALSE
Insecta,Lepidoptera,Nymphalidae,Velamysta pennina,FALSE,FALSE
Equisetopsida,Fabales,Fabaceae,Trifolium amabile,FALSE,FALSE
Equisetopsida,Asparagales,Orchidaceae,Telipogon bowmanii,FALSE,FALSE
Equisetopsida,Asparagales,Orchidaceae,Telipogon boissierianus,FALSE,FALSE
Equisetopsida,Asparagales,Orchidaceae,Telipogon bennettii,TRUE,FALSE
Equisetopsida,Oxalidales,Cunoniaceae,Weinmannia pubescens,FALSE,FALSE
Equisetopsida,Asparagales,Orchidaceae,Telipogon benedicti,FALSE,FALSE
Equisetopsida,Polypodiales,Thelypteridaceae,Thelypteris rusbyi,FALSE,FALSE
Equisetopsida,Oxalidales,Cunoniaceae,Weinmannia reticulata,FALSE,FALSE
Insecta,Lepidoptera,Erebidae,Telioneura rosada,FALSE,FALSE
Equisetopsida,Ericales,Styracaceae,Styrax cordatus,FALSE,FALSE
Equisetopsida,Oxalidales,Cunoniaceae,Weinmannia sorbifolia,FALSE,FALSE
Equisetopsida,Poales,Cyperaceae,Uncinia hamata,FALSE,FALSE
Insecta,Lepidoptera,Nymphalidae,Telenassa delphua nana,FALSE,FALSE
Insecta,Lepidoptera,Pieridae,Zerene cesonia inca,FALSE,FALSE
Equisetopsida,Oxalidales,Cunoniaceae,Weinmannia spruceana,FALSE,FALSE
Equisetopsida,Solanales,Solanaceae,Vassobia dichotoma,FALSE,FALSE
Equisetopsida,Oxalidales,Cunoniaceae,Weinmannia trichosperma,FALSE,FALSE
Insecta,Lepidoptera,Nymphalidae,Telenassa berenice berenice,FALSE,FALSE
Equisetopsida,Poales,Bromeliaceae,Tillandsia biflora,FALSE,FALSE
Equisetopsida,Brassicales,Caricaceae,Vasconcellea pubescens,FALSE,FALSE
Aves,Passeriformes,Thraupidae,Stilpnia cyanicollis,FALSE,FALSE
Equisetopsida,Fabales,Fabaceae,Trifolium repens,FALSE,FALSE
Equisetopsida,Brassicales,Caricaceae,Vasconcellea parviflora,FALSE,FALSE
Aves,Passeriformes,Thamnophilidae,Thamnophilus caerulescens,FALSE,FALSE
Aves,Passeriformes,Turdidae,Turdus fuscater,FALSE,FALSE
Mammalia,Rodentia,Cricetidae,Thomasomys notatus,TRUE,FALSE
Equisetopsida,Brassicales,Caricaceae,Vasconcellea glandulosa,FALSE,FALSE
Insecta,Lepidoptera,Hesperiidae,Zalomes illimanensis,FALSE,FALSE
Equisetopsida,Poales,Bromeliaceae,Tillandsia nana,FALSE,FALSE
Equisetopsida,Lamiales,Cordiaceae,Varronia cylindrostachya,FALSE,FALSE
Mammalia,Rodentia,Cricetidae,Thomasomys gracilis,TRUE,FALSE
Equisetopsida,Poales,Bromeliaceae,Tillandsia ionochroma,FALSE,FALSE
Equisetopsida,Rosales,Urticaceae,Urera baccifera,FALSE,FALSE
Equisetopsida,Asparagales,Asparagaceae,Yucca gloriosa,FALSE,FALSE
Equisetopsida,Rosales,Urticaceae,Urera caracasana,FALSE,FALSE
Mammalia,Rodentia,Cricetidae,Thomasomys aureus,FALSE,FALSE
Insecta,Lepidoptera,Nymphalidae,Vanessa myrinna,FALSE,FALSE
Equisetopsida,Asterales,Asteraceae,Werneria nubigena,FALSE,FALSE
Insecta,Lepidoptera,Nymphalidae,Vanessa carye,FALSE,FALSE
Equisetopsida,Asterales,Asteraceae,Tanacetum parthenium,FALSE,FALSE
Equisetopsida,Asparagales,Orchidaceae,Xylobium subintegrum,FALSE,FALSE
Insecta,Lepidoptera,Nymphalidae,Vanessa braziliensis,FALSE,FALSE
Insecta,Lepidoptera,Nymphalidae,Vanessa altissina,FALSE,FALSE
Equisetopsida,Asparagales,Orchidaceae,Sudamerlycaste heynderycxii,FALSE,FALSE
Mammalia,Chiroptera,Molossidae,Tadarida brasiliensis,FALSE,FALSE
Insecta,Lepidoptera,Lycaenidae,Steroma bega andensis,FALSE,FALSE
Equisetopsida,Asparagales,Amaryllidaceae,Zephyranthes carinata,FALSE,FALSE
Equisetopsida,Ericales,Primulaceae,Stylogyne micrantha,FALSE,FALSE
Equisetopsida,Poales,Bromeliaceae,Tillandsia complanata,FALSE,FALSE
Aves,Passeriformes,Turdidae,Turdus ignobilis,FALSE,FALSE
Aves,Charadriiformes,Charadriidae,Vanellus resplendens,FALSE,FALSE
Equisetopsida,Malvales,Malvaceae,Tarasa machupicchensis,FALSE,TRUE
Equisetopsida,Poales,Bromeliaceae,Tillandsia confinis,FALSE,FALSE
Mammalia,Chiroptera,Phyllostomidae,Sturnira oporaphilum,FALSE,FALSE
Equisetopsida,Porellales,Lejeuneaceae,Taxilejeunea debilis,FALSE,FALSE
Aves,Passeriformes,Thraupidae,Thlypopsis ruficeps,FALSE,FALSE
Equisetopsida,Poales,Bromeliaceae,Tillandsia machupicchuensis,TRUE,FALSE
Insecta,Lepidoptera,Nymphalidae,Yphthimoides leguialimai,FALSE,FALSE
Equisetopsida,Poales,Bromeliaceae,Tillandsia deppeana,FALSE,FALSE
Insecta,Lepidoptera,Erebidae,Symphlebia similis,FALSE,FALSE
Equisetopsida,Commelinales,Commelinaceae,Tradescantia cymbispatha,FALSE,FALSE
Aves,Strigiformes,Tytonidae,Tyto alba,FALSE,FALSE
Equisetopsida,Rosales,Urticaceae,Urera simplex,FALSE,FALSE
Equisetopsida,Polypodiales,Tectariaceae,Tectaria incisa,FALSE,FALSE
Equisetopsida,Asparagales,Asparagaceae,Trihesperus glaucus,TRUE,FALSE
Equisetopsida,Poales,Poaceae,Triniochloa stipoides,FALSE,FALSE
Aves,Passeriformes,Turdidae,Turdus leucops,FALSE,FALSE
Aves,Columbiformes,Columbidae,Zentrygon frenata,FALSE,FALSE
Equisetopsida,Ericales,Styracaceae,Styrax acuminatus,FALSE,FALSE
Aves,Passeriformes,Thraupidae,Thlypopsis ornata,FALSE,FALSE
Equisetopsida,Asterales,Asteraceae,Stevia herrerae,TRUE,FALSE
Equisetopsida,Lamiales,Bignoniaceae,Tecoma stans,FALSE,FALSE
Equisetopsida,Santalales,Loranthaceae,Struthanthus sarmentosus,FALSE,FALSE
Aves,Passeriformes,Turdidae,Turdus nigriceps,FALSE,FALSE
Equisetopsida,Ericales,Ericaceae,Thibaudia floribunda,FALSE,FALSE
