Clase,Orden,Familia,Especie
Equisetopsida,Asterales,Asteraceae,"Gamochaeta americana"
Equisetopsida,Asterales,Asteraceae,"Hypochaeris andina"
Equisetopsida,Asterales,Asteraceae,"Paranephelius ovatus"
Aves,Gruiformes,Rallidae,"Gallinula galeata"
Aves,Apodiformes,Apodidae,"Aeronautes andecolus"
Aves,Charadriiformes,Scolopacidae,"Gallinago jamesoni"
Aves,Charadriiformes,Scolopacidae,"Gallinago imperialis"
Aves,Charadriiformes,Scolopacidae,"Gallinago andina"
Equisetopsida,Asterales,Asteraceae,"Hypochaeris glabrata"
Equisetopsida,Gentianales,Rubiaceae,"Galium hypocarpium"
Equisetopsida,Gentianales,Rubiaceae,"Galium canescens"
Aves,Gruiformes,Rallidae,"Pardirallus sanguinolentus"
Equisetopsida,Asterales,Asteraceae,"Galinsoga quadriradiata"
Equisetopsida,Asterales,Asteraceae,"Galinsoga mandonii"
Equisetopsida,Gentianales,Rubiaceae,"Galianthe peruviana"
Aves,Passeriformes,Thraupidae,"Sporophila luctuosa"
Equisetopsida,Proteales,Sabiaceae,"Meliosma caldasii"
Equisetopsida,Asparagales,Orchidaceae,"Sobralia dichotoma"
Aves,Passeriformes,Tyrannidae,"Ochthoeca oenanthoides"
Equisetopsida,Santalales,Loranthaceae,"Gaiadendron punctatum"
Equisetopsida,Asparagales,Orchidaceae,"Masdevallia karineae"
Equisetopsida,Asparagales,Asparagaceae,"Furcraea andina"
Equisetopsida,Funariales,Funariaceae,"Funaria hygrometrica"
Equisetopsida,Funariales,Funariaceae,"Funaria calvescens"
Aves,Passeriformes,Tyrannidae,"Ochthoeca leucophrys"
Equisetopsida,Asparagales,Orchidaceae,"Sobralia scopulorum"
Aves,Gruiformes,Rallidae,"Fulica ardesiaca"
Equisetopsida,Malvales,Malvaceae,"Fuertesimalva peruviana"
Equisetopsida,Myrtales,Onagraceae,"Fuchsia vargasiana"
Equisetopsida,Myrtales,Onagraceae,"Fuchsia tincta"
Equisetopsida,Myrtales,Onagraceae,"Fuchsia sanctae-rosae"
Equisetopsida,Myrtales,Onagraceae,"Fuchsia inflata"
Equisetopsida,Myrtales,Onagraceae,"Fuchsia denticulata"
Equisetopsida,Myrtales,Onagraceae,"Fuchsia boliviana"
Equisetopsida,Myrtales,Onagraceae,"Fuchsia austromontana"
Equisetopsida,Myrtales,Onagraceae,"Fuchsia apetala"
Equisetopsida,Porellales,Frullaniaceae,"Frullania laxiflora"
Equisetopsida,Asparagales,Orchidaceae,"Frondaria caulescens"
Equisetopsida,Caryophyllales,Caryophyllaceae,"Paronychia andina"
Aves,Passeriformes,Tyrannidae,"Ochthoeca fumicolor"
Equisetopsida,Ericales,Pentaphylacaceae,"Freziera reticulata"
Equisetopsida,Ericales,Pentaphylacaceae,"Freziera lanata"
Equisetopsida,Ericales,Pentaphylacaceae,"Freziera alata"
Aves,Passeriformes,Tyrannidae,"Ochthoeca frontalis"
Equisetopsida,Poales,Poaceae,"Paspalum bonplandianum"
Equisetopsida,Poales,Poaceae,"Paspalum candidum"
Equisetopsida,Asparagales,Iridaceae,"Freesia refracta"
Equisetopsida,Asparagales,Orchidaceae,"Sobralia virginalis"
Insecta,Lepidoptera,Nymphalidae,"Hypomenitis adromica andania"
Equisetopsida,Polypodiales,Pteridaceae,"Anogramma leptophylla"
Equisetopsida,Malvales,Malvaceae,"Anoda cristata"
Equisetopsida,Poales,Poaceae,"Paspalum distichum"
Insecta,Lepidoptera,Erebidae,"Hypomolis ockendeni"
Equisetopsida,Rosales,Rhamnaceae,"Frangula sphaerosperma"
Equisetopsida,Rosales,Rosaceae,"Fragaria vesca"
Equisetopsida,Poales,Poaceae,"Paspalum humboldtianum"
Insecta,Lepidoptera,Erebidae,"Hypomolis viridoides"
Equisetopsida,Poales,Poaceae,"Paspalum paniculatum"
Equisetopsida,Asparagales,Orchidaceae,"Sobralia weberbaueriana"
Insecta,Lepidoptera,Nymphalidae,"Forsterinaria rustica rustica"
Equisetopsida,Poales,Poaceae,"Paspalum penicillatum"
Equisetopsida,Poales,Poaceae,"Paspalum prostratum"
Equisetopsida,Poales,Poaceae,"Paspalum pygmaeum"
Equisetopsida,Asparagales,Orchidaceae,"Masdevallia marizae"
Equisetopsida,Poales,Poaceae,"Paspalum vaginatum"
Equisetopsida,Poales,Poaceae,"Paspalum virgatum"
Aves,Passeriformes,Formicariidae,"Formicarius rufipectus"
Equisetopsida,Asparagales,Orchidaceae,"Masdevallia veitchiana"
Aves,Passeriformes,Tyrannidae,"Ochthoeca cinnamomeiventris"
Equisetopsida,Apiales,Apiaceae,"Foeniculum vulgare"
Equisetopsida,Malvales,Malvaceae,"Ochroma pyramidale"
Equisetopsida,Asterales,Asteraceae,"Fleischmannia vargasii"
Equisetopsida,Asterales,Asteraceae,"Fleischmannia rhodotephra"
Equisetopsida,Dicranales,Fissidentaceae,"Fissidens asplenioides"
Equisetopsida,Brassicales,Cleomaceae,"Melidiscus giganteus"
Equisetopsida,Asparagales,Orchidaceae,"Masdevallia welischii"
Equisetopsida,Malpighiales,Passifloraceae,"Passiflora gracilens"
Equisetopsida,Malpighiales,Passifloraceae,"Passiflora kermesina"
Equisetopsida,Malpighiales,Passifloraceae,"Passiflora ligularis"
Equisetopsida,Rosales,Moraceae,"Ficus trigona"
Equisetopsida,Malpighiales,Passifloraceae,"Passiflora menispermifolia"
Equisetopsida,Rosales,Moraceae,"Ficus tonduzii"
Equisetopsida,Rosales,Moraceae,"Ficus subandina"
Equisetopsida,Rosales,Moraceae,"Ficus sodiroi"
Equisetopsida,Malpighiales,Passifloraceae,"Passiflora mixta"
Equisetopsida,Rosales,Moraceae,"Ficus pertusa"
Equisetopsida,Rosales,Moraceae,"Ficus pallida"
Equisetopsida,Rosales,Moraceae,"Ficus obtusifolia"
Equisetopsida,Rosales,Moraceae,"Ficus mutisii"
Equisetopsida,Malpighiales,Passifloraceae,"Passiflora quadriflora"
Equisetopsida,Rosales,Moraceae,"Ficus maxima"
Equisetopsida,Rosales,Moraceae,"Ficus machupicchuensis"
Equisetopsida,Malpighiales,Passifloraceae,"Passiflora serratodigitata"
Equisetopsida,Rosales,Moraceae,"Ficus insipida"
Insecta,Lepidoptera,Lycaenidae,"Ocaria aholiba"
Equisetopsida,Malpighiales,Passifloraceae,"Passiflora tripartita"
Equisetopsida,Rosales,Moraceae,"Ficus gigantosyce"
Equisetopsida,Malpighiales,Passifloraceae,"Passiflora trisecta"
Equisetopsida,Rosales,Moraceae,"Ficus eximia"
Equisetopsida,Rosales,Moraceae,"Ficus cuatrecasasiana"
Equisetopsida,Lamiales,Lamiaceae,"Hyptidendron arboreum"
Equisetopsida,Rosales,Moraceae,"Ficus crassiuscula"
Equisetopsida,Rosales,Moraceae,"Ficus coerulescens"
Equisetopsida,Lamiales,Lamiaceae,"Hyptis mutabilis"
Equisetopsida,Rosales,Moraceae,"Ficus casapiensis"
Equisetopsida,Rosales,Moraceae,"Ficus carica"
Equisetopsida,Lamiales,Lamiaceae,"Hyptis odorata"
Equisetopsida,Lamiales,Lamiaceae,"Hyptis pectinata"
Equisetopsida,Rosales,Moraceae,"Ficus apollinaris"
Aves,Columbiformes,Columbidae,"Patagioenas cayennensis"
Equisetopsida,Poales,Poaceae,"Festuca ulochaeta"
Equisetopsida,Poales,Poaceae,"Festuca rigidifolia"
Aves,Columbiformes,Columbidae,"Patagioenas fasciata"
Equisetopsida,Poales,Poaceae,"Festuca myuros"
Equisetopsida,Poales,Poaceae,"Festuca lasiorrhachis"
Equisetopsida,Poales,Poaceae,"Festuca hieronymi"
Equisetopsida,Poales,Poaceae,"Festuca dolichophylla"
Equisetopsida,Poales,Poaceae,"Festuca dichoclada"
Equisetopsida,Asterales,Asteraceae,"Ferreyranthus verbascifolius"
Aves,Columbiformes,Columbidae,"Patagioenas maculosa"
Equisetopsida,Asparagales,Orchidaceae,"Fernandezia tortuosa"
Equisetopsida,Asparagales,Orchidaceae,"Fernandezia theodorii"
Equisetopsida,Asparagales,Orchidaceae,"Fernandezia pectinata"
Equisetopsida,Asparagales,Orchidaceae,"Fernandezia gracillima"
Equisetopsida,Asparagales,Orchidaceae,"Fernandezia distichoides"
Equisetopsida,Asparagales,Orchidaceae,"Fernandezia crystallina"
Equisetopsida,Lamiales,Lamiaceae,"Hyptis tafallae"
Aves,Columbiformes,Columbidae,"Patagioenas plumbea"
Equisetopsida,Rosales,Rosaceae,"Mespilus germanica"
Equisetopsida,Fabales,Polygalaceae,"Monnina pachycoma"
Equisetopsida,Magnoliales,Annonaceae,"Annona cherimola"
Equisetopsida,Gentianales,Rubiaceae,"Faramea occidentalis"
Equisetopsida,Lamiales,Lamiaceae,"Hyptis uncinata"
Equisetopsida,Gentianales,Rubiaceae,"Faramea multiflora"
Equisetopsida,Asparagales,Orchidaceae,"Aa rosei"
Aves,Columbiformes,Columbidae,"Patagioenas subvinacea"
Insecta,Lepidoptera,Pieridae,"Mathania agasicles agasicles"
Equisetopsida,Gentianales,Rubiaceae,"Faramea jasminoides"
Equisetopsida,Gentianales,Rubiaceae,"Faramea glandulosa"
Equisetopsida,Gentianales,Rubiaceae,"Faramea candelabrum"
Aves,Apodiformes,Trochilidae,"Patagona gigas"
Amphibia,Anura,Centrolenidae,"Nymphargus pluvialis"
Aves,Falconiformes,Falconidae,"Falco sparverius"
Equisetopsida,Solanales,Solanaceae,"Solanum acerifolium"
Aves,Passeriformes,Thraupidae,"Sporophila nigricollis"
Insecta,Lepidoptera,Erebidae,"Aemilia rubriplaga"
Insecta,Lepidoptera,Erebidae,"Aemilia mincosa"
Insecta,Lepidoptera,Sphingidae,"Aellopos titan"
Aves,Falconiformes,Falconidae,"Falco peregrinus"
Equisetopsida,Poales,Poaceae,"Aegopogon cenchroides"
Equisetopsida,Solanales,Solanaceae,"Solanum aloysiifolium"
Aves,Passeriformes,Thraupidae,"Anisognathus somptuosus"
Aves,Falconiformes,Falconidae,"Falco femoralis"
Aves,Falconiformes,Falconidae,"Falco deiroleucus"
Aves,Passeriformes,Thraupidae,"Anisognathus lacrymosus"
Equisetopsida,Brassicales,Brassicaceae,"Exhalimolobos hispidulus"
Equisetopsida,Malvales,Malvaceae,"Pavonia paniculata"
Equisetopsida,Lamiales,Lamiaceae,"Aegiphila mortoni"
Aves,Passeriformes,Thraupidae,"Anisognathus igniventris"
Mammalia,Chiroptera,Molossidae,"Nyctinomops laticaudatus"
Equisetopsida,Asparagales,Orchidaceae,"Ida maxibractea"
Aves,Apodiformes,Trochilidae,"Eutoxeres condamini"
Equisetopsida,Polypodiales,Polypodiaceae,"Pecluma camptophyllaria"
Equisetopsida,Polypodiales,Polypodiaceae,"Pecluma filicula"
Aves,Passeriformes,Thraupidae,"Idiopsar speculiger"
Equisetopsida,Polypodiales,Polypodiaceae,"Pecluma plumula"
Equisetopsida,Asparagales,Amaryllidaceae,"Eustephia darwinii"
Equisetopsida,Aquifoliales,Aquifoliaceae,"Ilex andicola"
Insecta,Lepidoptera,Nymphalidae,"Pedaliodes amafania"
Equisetopsida,Aquifoliales,Aquifoliaceae,"Ilex boliviana"
Equisetopsida,Aquifoliales,Aquifoliaceae,"Ilex cuzcoana"
Equisetopsida,Aquifoliales,Aquifoliaceae,"Ilex elliptica"
Insecta,Lepidoptera,Nymphalidae,"Pedaliodes ferratilis"
Insecta,Lepidoptera,Nymphalidae,"Pedaliodes hopfferi"
Insecta,Lepidoptera,Nymphalidae,"Pedaliodes manis"
Equisetopsida,Aquifoliales,Aquifoliaceae,"Ilex hippocrateoides"
Insecta,Lepidoptera,Nymphalidae,"Pedaliodes montagna"
Insecta,Lepidoptera,Nymphalidae,"Pedaliodes paleopolis"
Insecta,Lepidoptera,Nymphalidae,"Pedaliodes parma"
Insecta,Lepidoptera,Nymphalidae,"Pedaliodes pausia"
Insecta,Lepidoptera,Nymphalidae,"Pedaliodes peruviana"
Equisetopsida,Geraniales,Geraniaceae,"Pelargonium peltatum"
Equisetopsida,Geraniales,Geraniaceae,"Pelargonium zonale"
Equisetopsida,Asparagales,Orchidaceae,"Pelexia bonariensis"
Equisetopsida,Asparagales,Orchidaceae,"Pelexia laxa"
Equisetopsida,Polypodiales,Pteridaceae,"Pellaea ovata"
Equisetopsida,Polypodiales,Pteridaceae,"Pellaea sagittata"
Equisetopsida,Polypodiales,Pteridaceae,"Pellaea ternifolia"
Equisetopsida,Aquifoliales,Aquifoliaceae,"Ilex nervosa"
Insecta,Lepidoptera,Erebidae,"Pelochyta arontes"
Insecta,Lepidoptera,Lycaenidae,"Penaincisalia loxurina"
Insecta,Lepidoptera,Lycaenidae,"Penaincisalia muela"
Equisetopsida,Asparagales,Orchidaceae,"Pendusalpinx berlineri"
Equisetopsida,Asparagales,Orchidaceae,"Pendusalpinx dependens"
Insecta,Lepidoptera,Hesperiidae,"Anisochoria albida albida"
Equisetopsida,Aquifoliales,Aquifoliaceae,"Ilex uniflora"
Aves,Eurypygiformes,Eurypygidae,"Eurypyga helias"
Mammalia,Rodentia,Cricetidae,"Euryoryzomys nitidus"
Equisetopsida,Rosales,Moraceae,"Morus insignis"
Insecta,Lepidoptera,Sphingidae,"Euryglotis aper"
Aves,Pelecaniformes,Ardeidae,"Nycticorax nycticorax"
Aves,Galliformes,Cracidae,"Penelope montagnii"
Insecta,Lepidoptera,Pieridae,"Eurema reticulata"
Insecta,Lepidoptera,Pieridae,"Eurema clathea obsoleta"
Equisetopsida,Poales,Poaceae,"Pennisetum bambusiforme"
Equisetopsida,Poales,Poaceae,"Pennisetum clandestinum"
Equisetopsida,Poales,Poaceae,"Pennisetum latifolium"
Equisetopsida,Poales,Poaceae,"Pennisetum sagittatum"
Equisetopsida,Poales,Poaceae,"Pennisetum tristachyum"
Equisetopsida,Asterales,Asteraceae,"Pentacalia epiphytica"
Equisetopsida,Asterales,Asteraceae,"Pentacalia jelskii"
Equisetopsida,Asterales,Asteraceae,"Pentacalia nunezii"
Equisetopsida,Asterales,Asteraceae,"Pentacalia oronocensis"
Equisetopsida,Malpighiales,Euphorbiaceae,"Euphorbia pulcherrima"
Equisetopsida,Malpighiales,Euphorbiaceae,"Euphorbia poeppigii"
Equisetopsida,Asterales,Asteraceae,"Pentacalia reflexa"
Equisetopsida,Asterales,Asteraceae,"Pentacalia urubambensis"
Equisetopsida,Solanales,Solanaceae,"Solanum americanum"
Equisetopsida,Ericales,Balsaminaceae,"Impatiens balsamina"
Equisetopsida,Malpighiales,Euphorbiaceae,"Euphorbia peplus"
Equisetopsida,Malpighiales,Euphorbiaceae,"Euphorbia milii"
Equisetopsida,Malpighiales,Euphorbiaceae,"Euphorbia hyssopifolia"
Equisetopsida,Malpighiales,Euphorbiaceae,"Euphorbia huanchahana"
Insecta,Lepidoptera,Erebidae,"Mesothen petosiris"
Equisetopsida,Piperales,Piperaceae,"Peperomia acuminata"
Aves,Passeriformes,Fringillidae,"Euphonia xanthogaster"
Insecta,Lepidoptera,Erebidae,"Mesothen ockendeni"
Equisetopsida,Piperales,Piperaceae,"Peperomia chalhuapuquiana"
Equisetopsida,Piperales,Piperaceae,"Peperomia circinnata"
Insecta,Lepidoptera,Erebidae,"Mesothen nomia"
Aves,Passeriformes,Fringillidae,"Euphonia laniirostris"
Equisetopsida,Piperales,Piperaceae,"Peperomia galioides"
Equisetopsida,Piperales,Piperaceae,"Peperomia giliberti"
Equisetopsida,Piperales,Piperaceae,"Peperomia glabella"
Equisetopsida,Asterales,Asteraceae,"Eupatorium pintobambense"
Equisetopsida,Piperales,Piperaceae,"Peperomia herrerae"
Equisetopsida,Piperales,Piperaceae,"Peperomia heterophylla"
Equisetopsida,Fabales,Fabaceae,"Inga adenophylla"
Equisetopsida,Piperales,Piperaceae,"Peperomia macrostachya"
Equisetopsida,Piperales,Piperaceae,"Peperomia maransara"
Equisetopsida,Piperales,Piperaceae,"Peperomia ollantaitambona"
Equisetopsida,Piperales,Piperaceae,"Peperomia peruviana"
Equisetopsida,Fabales,Fabaceae,"Inga coerulescens"
Insecta,Lepidoptera,Sphingidae,"Nyceryx hiposticta"
Aves,Strigiformes,Strigidae,"Megascops choliba"
Equisetopsida,Fabales,Fabaceae,"Inga feuillei"
Equisetopsida,Fabales,Fabaceae,"Inga hirsutissima"
Equisetopsida,Laurales,Lauraceae,"Aniba guianensis"
Equisetopsida,Fabales,Fabaceae,"Inga marginata"
Equisetopsida,Piperales,Piperaceae,"Peperomia tetraphylla"
Equisetopsida,Fabales,Fabaceae,"Inga oerstediana"
Insecta,Lepidoptera,Nymphalidae,"Morpho lympharis descimokeonigi"
Equisetopsida,Asparagales,Orchidaceae,"Anguloa virginalis"
Insecta,Lepidoptera,Nymphalidae,"Eueides aliphera aliphera"
Aves,Apodiformes,Trochilidae,"Aglaiocercus kingi"
Equisetopsida,Gentianales,Rubiaceae,"Notopleura macrophylla"
Insecta,Lepidoptera,Erebidae,"Eucereon vestalis"
Insecta,Lepidoptera,Erebidae,"Eucereon pseudocasca"
Insecta,Lepidoptera,Pieridae,"Pereute callinira callinira"
Insecta,Lepidoptera,Erebidae,"Eucereon nebulosum"
Insecta,Lepidoptera,Erebidae,"Eucereon myrtusa"
Equisetopsida,Asterales,Asteraceae,"Noticastrum marginatum"
Insecta,Lepidoptera,Erebidae,"Eucereon davidi"
Insecta,Lepidoptera,Erebidae,"Eucereon confinis"
Insecta,Lepidoptera,Erebidae,"Eucereon carabayana"
Insecta,Lepidoptera,Sphingidae,"Eucereon arpi"
Equisetopsida,Asparagales,Amaryllidaceae,"Nothoscordum andicola"
Aves,Tinamiformes,Tinamidae,"Nothoprocta taczanowskii"
Equisetopsida,Myrtales,Myrtaceae,"Eucalyptus globulus"
Aves,Piciformes,Capitonidae,"Eubucco versicolor"
Equisetopsida,Asterales,Asteraceae,"Perezia pungens"
Aves,Tinamiformes,Tinamidae,"Nothoprocta pentlandii"
Insecta,Lepidoptera,Sphingidae,"Perigonia stulta"
Insecta,Lepidoptera,Nymphalidae,"Perisama humboldtii tringa"
Insecta,Lepidoptera,Nymphalidae,"Perisama lebassi hilaria"
Insecta,Lepidoptera,Nymphalidae,"Perisama pjilinus saussurei"
Insecta,Lepidoptera,Nymphalidae,"Perisama yerba alicia"
Equisetopsida,Asterales,Asteraceae,"Matricaria chamomilla"
Equisetopsida,Solanales,Solanaceae,"Solanum asperolanatum"
Equisetopsida,Ranunculales,Ranunculaceae,"Anemone helleborifolia"
Equisetopsida,Schizaeales,Anemiaceae,"Anemia phyllitidis"
Equisetopsida,Schizaeales,Anemiaceae,"Anemia pastinacaria"
Equisetopsida,Schizaeales,Anemiaceae,"Anemia flexuosa"
Mammalia,Chiroptera,Emballonuridae,"Peropteryx macrotis"
Equisetopsida,Poales,Poaceae,"Andropogon lateralis"
Equisetopsida,Poales,Poaceae,"Andropogon glaucescens"
Equisetopsida,Poales,Poaceae,"Andropogon bicornis"
Equisetopsida,Ranunculales,Papaveraceae,"Eschscholzia californica"
Equisetopsida,Laurales,Lauraceae,"Persea americana"
Equisetopsida,Escalloniales,Escalloniaceae,"Escallonia resinosa"
Equisetopsida,Escalloniales,Escalloniaceae,"Escallonia pendula"
Equisetopsida,Laurales,Lauraceae,"Persea caerulea"
Equisetopsida,Escalloniales,Escalloniaceae,"Escallonia paniculata"
Equisetopsida,Escalloniales,Escalloniaceae,"Escallonia myrtilloides"
Equisetopsida,Escalloniales,Escalloniaceae,"Escallonia herrerae"
Equisetopsida,Solanales,Solanaceae,"Solanum barbulatum"
Equisetopsida,Laurales,Lauraceae,"Persea peruviana"
Insecta,Lepidoptera,Hesperiidae,"Moeris cusillunia"
Equisetopsida,Solanales,Solanaceae,"Solanum betaceum"
Equisetopsida,Brassicales,Brassicaceae,"Matthiola incana"
Reptilia,Serpentes,Dipsadidae,"Erythrolamprus typhlus"
Reptilia,Serpentes,Dipsadidae,"Erythrolamprus taeniurus"
Equisetopsida,Laurales,Lauraceae,"Persea subcordata"
Equisetopsida,Caryophyllales,Polygonaceae,"Persicaria hydropiperoides"
Equisetopsida,Solanales,Solanaceae,"Solanum buesii"
Aves,Passeriformes,Hirundinidae,"Petrochelidon pyrrhonota"
Equisetopsida,Apiales,Apiaceae,"Petroselinum crispum"
Equisetopsida,Fabales,Fabaceae,"Erythrina falcata"
Equisetopsida,Fabales,Fabaceae,"Erythrina edulis"
Aves,Passeriformes,Furnariidae,"Phacellodomus striaticeps"
Insecta,Lepidoptera,Erebidae,"Phaegoptera decrepidiodes"
Equisetopsida,Solanales,Convolvulaceae,"Ipomoea alba"
Aves,Tinamiformes,Tinamidae,"Nothoprocta ornata"
Aves,Tinamiformes,Tinamidae,"Nothocercus nigrocapillus"
Equisetopsida,Solanales,Convolvulaceae,"Ipomoea dumetorum"
Insecta,Lepidoptera,Nymphalidae,"Eryphanis zolzivora"
Equisetopsida,Apiales,Apiaceae,"Eryngium weberbaueri"
Equisetopsida,Apiales,Apiaceae,"Eryngium paniculatum"
Equisetopsida,Solanales,Solanaceae,"Solanum callianthum"
Insecta,Lepidoptera,Lycaenidae,"Erora senta"
Insecta,Lepidoptera,Lycaenidae,"Erora nana"
Equisetopsida,Geraniales,Geraniaceae,"Erodium moschatum"
Aves,Apodiformes,Trochilidae,"Phaethornis guy"
Equisetopsida,Geraniales,Geraniaceae,"Erodium cicutarium"
Equisetopsida,Myrtales,Melastomataceae,"Ernestia quadriseta"
Equisetopsida,Sapindales,Anacardiaceae,"Mauria denticulata"
Insecta,Lepidoptera,Erebidae,"Andrenimorpha jordani"
Equisetopsida,Sapindales,Anacardiaceae,"Mauria ferruginea"
Equisetopsida,Solanales,Convolvulaceae,"Ipomoea nil"
Equisetopsida,Sapindales,Anacardiaceae,"Mauria heterophylla"
Equisetopsida,Polypodiales,Pteridaceae,"Eriosorus accrescens"
Aves,Apodiformes,Trochilidae,"Eriocnemis luciani"
Insecta,Lepidoptera,Sphingidae,"Erinnyis ello ello"
Insecta,Lepidoptera,Sphingidae,"Erinnyis alope alope"
Equisetopsida,Solanales,Convolvulaceae,"Ipomoea purpurea"
Insecta,Lepidoptera,Nymphalidae,"Eresia polina"
Equisetopsida,Solanales,Convolvulaceae,"Ipomoea rubriflora"
Equisetopsida,Asterales,Asteraceae,"Erechtites hieraciifolius"
Insecta,Lepidoptera,Hesperiidae,"Moeris padus"
Equisetopsida,Poales,Poaceae,"Eragrostis virescens"
Equisetopsida,Poales,Poaceae,"Eragrostis pectinacea"
Equisetopsida,Poales,Poaceae,"Eragrostis pastoensis"
Equisetopsida,Poales,Poaceae,"Eragrostis nigricans"
Equisetopsida,Poales,Poaceae,"Eragrostis lurida"
Equisetopsida,Poales,Poaceae,"Eragrostis lugens"
Equisetopsida,Sapindales,Anacardiaceae,"Mauria subserrata"
Equisetopsida,Poales,Poaceae,"Eragrostis cilianensis"
Equisetopsida,Equisetales,Equisetaceae,"Equisetum giganteum"
Insecta,Lepidoptera,Nymphalidae,"Noreppa chromus chromus"
Insecta,Lepidoptera,Erebidae,"Phaio coeruleonigra"
Insecta,Lepidoptera,Erebidae,"Phaio quadriguttata"
Equisetopsida,Equisetales,Equisetaceae,"Equisetum bogotense"
Mammalia,Chiroptera,Vespertilionidae,"Eptesicus (Histiotus) montanus"
Aves,Suliformes,Phalacrocoracidae,"Phalacrocorax brasilianus"
Equisetopsida,Caryophyllales,Cactaceae,"Epiphyllum phyllanthus"
Insecta,Lepidoptera,Nymphalidae,"Epiphile epicaste latifasciata"
Insecta,Lepidoptera,Nymphalidae,"Epiphile boliviana"
Aves,Charadriiformes,Scolopacidae,"Phalaropus tricolor"
Equisetopsida,Asterales,Asteraceae,"Nordenstamia repanda"
Aves,Falconiformes,Falconidae,"Phalcoboenus megalopterus"
Equisetopsida,Myrtales,Onagraceae,"Epilobium denticulatum"
Equisetopsida,Solanales,Solanaceae,"Solanum coelestispetalum"
Equisetopsida,Asparagales,Orchidaceae,"Andinia vestigipetala"
Equisetopsida,Caryophyllales,Amaranthaceae,"Iresine diffusa fo. herbstii"
Insecta,Lepidoptera,Hesperiidae,"Phanes monastica"
Equisetopsida,Asparagales,Orchidaceae,"Epidendrum urubambae"
Aves,Trogoniformes,Trogonidae,"Pharomachrus antisianus"
Equisetopsida,Asparagales,Orchidaceae,"Epidendrum trachysepalum"
Equisetopsida,Asparagales,Orchidaceae,"Epidendrum trachydipterum"
Equisetopsida,Asparagales,Orchidaceae,"Epidendrum syringothyrsis"
Equisetopsida,Asparagales,Orchidaceae,"Epidendrum subliberum"
Equisetopsida,Asparagales,Orchidaceae,"Epidendrum stenophyton"
Equisetopsida,Asparagales,Orchidaceae,"Epidendrum soratae"
Equisetopsida,Asparagales,Orchidaceae,"Epidendrum sophronitis"
Equisetopsida,Asparagales,Orchidaceae,"Epidendrum secundum"
Aves,Trogoniformes,Trogonidae,"Pharomachrus auriceps"
Equisetopsida,Asparagales,Orchidaceae,"Epidendrum scutella"
Equisetopsida,Asparagales,Orchidaceae,"Epidendrum schlimii"
Equisetopsida,Asparagales,Orchidaceae,"Epidendrum saxicola"
Equisetopsida,Asparagales,Orchidaceae,"Epidendrum rondosianum"
Equisetopsida,Asparagales,Orchidaceae,"Epidendrum roncanum"
Equisetopsida,Asparagales,Orchidaceae,"Epidendrum quispei"
Equisetopsida,Asparagales,Orchidaceae,"Epidendrum pseudogramineum"
Equisetopsida,Asparagales,Orchidaceae,"Epidendrum pleurobotrys"
Equisetopsida,Asparagales,Orchidaceae,"Epidendrum physopus"
Equisetopsida,Asparagales,Orchidaceae,"Epidendrum philippii"
Equisetopsida,Asparagales,Orchidaceae,"Epidendrum paniculatum"
Equisetopsida,Fabales,Fabaceae,"Phaseolus augusti"
Equisetopsida,Asparagales,Orchidaceae,"Epidendrum pachychilum"
Equisetopsida,Asparagales,Orchidaceae,"Epidendrum pachacutequianum"
Equisetopsida,Asparagales,Orchidaceae,"Epidendrum ochoae"
Equisetopsida,Asparagales,Orchidaceae,"Epidendrum mormontoyi"
Aves,Charadriiformes,Charadriidae,"Phegornis mitchellii"
Equisetopsida,Asparagales,Orchidaceae,"Epidendrum monzonense"
Equisetopsida,Asparagales,Orchidaceae,"Epidendrum modestum"
Equisetopsida,Asparagales,Orchidaceae,"Epidendrum mesomicron"
Aves,Passeriformes,Thraupidae,"Iridosornis analis"
Equisetopsida,Asparagales,Orchidaceae,"Epidendrum mancum"
Aves,Piciformes,Ramphastidae,"Andigena hypoglauca"
Equisetopsida,Asparagales,Orchidaceae,"Epidendrum lanioides"
Equisetopsida,Asparagales,Orchidaceae,"Epidendrum jajense"
Equisetopsida,Asparagales,Orchidaceae,"Epidendrum incahuamanii"
Aves,Passeriformes,Thraupidae,"Iridosornis jelskii"
Equisetopsida,Rosales,Urticaceae,"Phenax angustifolius"
Equisetopsida,Rosales,Urticaceae,"Phenax bullatus"
Equisetopsida,Rosales,Urticaceae,"Phenax hirtus"
Equisetopsida,Asparagales,Orchidaceae,"Epidendrum inamoenum"
Equisetopsida,Rosales,Urticaceae,"Phenax laevigatus"
Equisetopsida,Asparagales,Orchidaceae,"Epidendrum haenkeanum"
Equisetopsida,Rosales,Urticaceae,"Phenax rugosus"
Equisetopsida,Asparagales,Orchidaceae,"Epidendrum guislainae"
Insecta,Lepidoptera,Nymphalidae,"Pherepedaliodes pheretiades"
Aves,Passeriformes,Cardinalidae,"Pheucticus aureoventris"
Aves,Passeriformes,Thraupidae,"Iridosornis reinhardti"
Equisetopsida,Asparagales,Orchidaceae,"Epidendrum goodspeedianu"
Aves,Passeriformes,Cardinalidae,"Pheucticus chrysogaster"
Equisetopsida,Asparagales,Orchidaceae,"Epidendrum fruticulum"
Equisetopsida,Asparagales,Orchidaceae,"Epidendrum frigidum"
Equisetopsida,Asparagales,Orchidaceae,"Epidendrum excisum"
Equisetopsida,Asparagales,Orchidaceae,"Epidendrum exaltatum"
Equisetopsida,Asparagales,Orchidaceae,"Epidendrum difforme"
Equisetopsida,Asparagales,Orchidaceae,"Epidendrum colombianum"
Equisetopsida,Asparagales,Orchidaceae,"Epidendrum clavadista"
Equisetopsida,Asparagales,Orchidaceae,"Epidendrum ciliare"
Equisetopsida,Asparagales,Orchidaceae,"Epidendrum cardenasii"
Equisetopsida,Asparagales,Orchidaceae,"Epidendrum camilae"
Aves,Passeriformes,Troglodytidae,"Pheugopedius eisenmanni"
Equisetopsida,Asparagales,Orchidaceae,"Epidendrum blepharistes"
Equisetopsida,Asparagales,Orchidaceae,"Epidendrum birostratum"
Equisetopsida,Asparagales,Orchidaceae,"Epidendrum bambusiforme"
Equisetopsida,Asparagales,Orchidaceae,"Epidendrum avicule"
Equisetopsida,Asparagales,Orchidaceae,"Epidendrum astetei"
Equisetopsida,Asparagales,Orchidaceae,"Epidendrum ardens"
Insecta,Lepidoptera,Hesperiidae,"Noctuana haematospila"
Equisetopsida,Asparagales,Orchidaceae,"Epidendrum aquaticoides"
Equisetopsida,Asparagales,Orchidaceae,"Epidendrum ampliracemum"
Equisetopsida,Asparagales,Orchidaceae,"Epidendrum aggregatum"
Equisetopsida,Solanales,Solanaceae,"Solanum daphnophyllum"
Reptilia,Serpentes,Leptotyphlopidae,"Epictia diaplocia"
Equisetopsida,Gentianales,Apocynaceae,"Philibertia campanulata"
Equisetopsida,Ephedrales,Ephedraceae,"Ephedra rupestris"
Equisetopsida,Ephedrales,Ephedraceae,"Ephedra americana"
Insecta,Lepidoptera,Hesperiidae,"Epargyreus barisses barisses"
Aves,Passeriformes,Turdidae,"Entomodestes leucotis"
Equisetopsida,Hypnales,Entodontaceae,"Entodon platygyrioides"
Equisetopsida,Hypnales,Entodontaceae,"Entodon jamesonii"
Aves,Apodiformes,Trochilidae,"Ensifera ensifera"
Equisetopsida,Malvales,Malvaceae,"Andeimalva mandonii"
Equisetopsida,Malvales,Malvaceae,"Andeimalva machupicchensis"
Equisetopsida,Poales,Poaceae,"Isachne arundinacea"
Equisetopsida,Poales,Poaceae,"Isachne ligulata"
Insecta,Lepidoptera,Hesperiidae,"Enosis aphilos"
Aves,Accipitriformes,Accipitridae,"Spizaetus isidori"
Insecta,Lepidoptera,Erebidae,"Ischnocampa nubilosa"
Equisetopsida,Solanales,Solanaceae,"Nicotiana wigandioides"
Equisetopsida,Solanales,Solanaceae,"Nicotiana tomentosiformis"
Equisetopsida,Solanales,Solanaceae,"Nicotiana tomentosa"
Equisetopsida,Laurales,Lauraceae,"Endlicheria paniculata"
Equisetopsida,Solanales,Solanaceae,"Nicotiana tabacum"
Equisetopsida,Solanales,Solanaceae,"Nicotiana raimondii"
Equisetopsida,Solanales,Solanaceae,"Nicotiana glauca"
Insecta,Lepidoptera,Hesperiidae,"Niconiades viridis viridis"
Equisetopsida,Solanales,Solanaceae,"Nicandra tomentosa"
Equisetopsida,Solanales,Solanaceae,"Nicandra physalodes"
Equisetopsida,Gentianales,Rubiaceae,"Emmeorhiza umbellata"
Insecta,Lepidoptera,Riodinidae,"Emesis angularis"
Insecta,Lepidoptera,Erebidae,"Anaxita sannionis"
Insecta,Lepidoptera,Erebidae,"Elysius terraoides"
Insecta,Lepidoptera,Erebidae,"Elysius atrata"
Aves,Apodiformes,Trochilidae,"Elliotomyia viridicauda"
Aves,Apodiformes,Trochilidae,"Elliotomyia chionogaster"
Equisetopsida,Asterales,Asteraceae,"Ellenbergia glandulata"
Equisetopsida,Asparagales,Orchidaceae,"Elleanthus weberbauerianus"
Equisetopsida,Asparagales,Orchidaceae,"Elleanthus scopula"
Equisetopsida,Asparagales,Orchidaceae,"Elleanthus longibracteatus"
Equisetopsida,Asparagales,Orchidaceae,"Elleanthus conifer"
Equisetopsida,Asparagales,Orchidaceae,"Elleanthus capitatus"
Equisetopsida,Asparagales,Orchidaceae,"Elleanthus aurantiacus"
Equisetopsida,Asparagales,Orchidaceae,"Elleanthus amethystinus"
Equisetopsida,Poales,Poaceae,"Eleusine indica"
Equisetopsida,Asterales,Asteraceae,"Elephantopus mollis"
Insecta,Lepidoptera,Nymphalidae,"Ithomia eleonora"
Equisetopsida,Polypodiales,Dryopteridaceae,"Elaphoglossum tectum"
Equisetopsida,Polypodiales,Dryopteridaceae,"Elaphoglossum scolopendrifolium"
Equisetopsida,Polypodiales,Dryopteridaceae,"Elaphoglossum piloselloides"
Equisetopsida,Polypodiales,Dryopteridaceae,"Elaphoglossum paultonii"
Equisetopsida,Polypodiales,Dryopteridaceae,"Elaphoglossum nastukiae"
Equisetopsida,Polypodiales,Dryopteridaceae,"Elaphoglossum mathewsii"
Equisetopsida,Polypodiales,Nephrolepidaceae,"Nephrolepis pendula"
Equisetopsida,Polypodiales,Polypodiaceae,"Phlebodium aureum"
Equisetopsida,Solanales,Solanaceae,"Solanum iltisii"
Equisetopsida,Fabales,Polygalaceae,"Monnina connectisepala"
Equisetopsida,Polypodiales,Dryopteridaceae,"Elaphoglossum gayanum"
Equisetopsida,Polypodiales,Dryopteridaceae,"Elaphoglossum fonki"
Equisetopsida,Polypodiales,Dryopteridaceae,"Elaphoglossum denticulatum"
Equisetopsida,Polypodiales,Dryopteridaceae,"Elaphoglossum cuspidatum"
Equisetopsida,Polypodiales,Dryopteridaceae,"Elaphoglossum crassipes"
Equisetopsida,Polypodiales,Dryopteridaceae,"Elaphoglossum barbatum"
Equisetopsida,Lycopodiales,Lycopodiaceae,"Phlegmariurus saururus"
Equisetopsida,Solanales,Solanaceae,"Solanum incarceratum"
Aves,Accipitriformes,Accipitridae,"Elanoides forficatus"
Equisetopsida,Solanales,Solanaceae,"Solanum incasicum"
Equisetopsida,Polypodiales,Nephrolepidaceae,"Nephrolepis pectinata"
Equisetopsida,Asparagales,Orchidaceae,"Maxillaria alpestris"
Aves,Passeriformes,Tyrannidae,"Elaenia parvirostris"
Aves,Passeriformes,Tyrannidae,"Elaenia pallatangae"
Aves,Passeriformes,Tyrannidae,"Elaenia obscura"
Aves,Passeriformes,Tyrannidae,"Elaenia flavogaster"
Aves,Passeriformes,Tyrannidae,"Elaenia albiceps"
Equisetopsida,Polypodiales,Nephrolepidaceae,"Nephrolepis cordifolia"
Equisetopsida,Polypodiales,Nephrolepidaceae,"Nephrolepis biserrata"
Equisetopsida,Asparagales,Orchidaceae,"Anathallis sclerophylla"
Insecta,Lepidoptera,Pieridae,"Phoebis sennae marcellina"
Equisetopsida,Asparagales,Orchidaceae,"Anathallis rubens"
Aves,Galliformes,Cracidae,"Aburria aburri"
Mammalia,Carnivora,Mustelidae,"Eira barbara"
Equisetopsida,Asparagales,Orchidaceae,"Ixyophora aurantiaca"
Equisetopsida,Arecales,Arecaceae,"Phoenix dactylifera"
Reptilia,Sauria,Gymnophthalmidae,"Pholidobolus anomalus"
Equisetopsida,Polypodiales,Pteridaceae,"Adiantum raddianum"
Equisetopsida,Asparagales,Orchidaceae,"Anathallis obovata"
Mammalia,Rodentia,Cricetidae,"Nephelomys keaysi"
Aves,Pelecaniformes,Ardeidae,"Egretta thula"
Equisetopsida,Asparagales,Orchidaceae,"Anathallis mediocarinata"
Equisetopsida,Asparagales,Orchidaceae,"Anathallis lagarophyta"
Equisetopsida,Solanales,Solanaceae,"Solanum laxissimum"
Equisetopsida,Lamiales,Lamiaceae,"Stachys arvensis"
Equisetopsida,Santalales,Santalaceae,"Phoradendron quadrangulare"
Mammalia,Rodentia,Cricetidae,"Nephelomys albigularis"
Equisetopsida,Asparagales,Orchidaceae,"Phragmipedium caudatum"
Aves,Ciconiiformes,Ciconiidae,"Jabiru mycteria"
Equisetopsida,Asparagales,Orchidaceae,"Anathallis caudatipetala"
Equisetopsida,Poales,Poaceae,"Phragmites australis"
Equisetopsida,Polypodiales,Pteridaceae,"Adiantum polyphyllum"
Equisetopsida,Asparagales,Orchidaceae,"Anathallis carnosifolia"
Equisetopsida,Caryophyllales,Cactaceae,"Echinopsis cuzcoensis"
Aves,Passeriformes,Thraupidae,"Phrygilus punensis"
Equisetopsida,Asparagales,Orchidaceae,"Anathallis angustilabia"
Equisetopsida,Poales,Poaceae,"Echinochloa crus-galli"
Aves,Passeriformes,Tyrannidae,"Nephelomyias ochraceiventris"
Equisetopsida,Lamiales,Bignoniaceae,"Eccremocarpus viridis"
Equisetopsida,Asparagales,Asphodelaceae,"Eccremis coarctata"
Equisetopsida,Asparagales,Orchidaceae,"Anathallis acuminata"
Equisetopsida,Lamiales,Bignoniaceae,"Jacaranda acutifolia"
Equisetopsida,Santalales,Loranthaceae,"Phthirusa pyrifolia"
Insecta,Lepidoptera,Erebidae,"Dysschema sacrifica"
Insecta,Lepidoptera,Erebidae,"Dysschema imitata"
Insecta,Lepidoptera,Erebidae,"Dysschema hypoxantha"
Insecta,Lepidoptera,Erebidae,"Dysschema eurocilia staudingeri"
Equisetopsida,Malpighiales,Phyllanthaceae,"Phyllanthus acuminatus"
Equisetopsida,Caryophyllales,Amaranthaceae,"Dysphania ambrosioides"
Mammalia,Chiroptera,Molossidae,"Mormopterus phrudus"
Equisetopsida,Malpighiales,Phyllanthaceae,"Phyllanthus niruri"
Equisetopsida,Lamiales,Lamiaceae,"Stachys herrerae"
Equisetopsida,Lamiales,Verbenaceae,"Duranta sprucei"
Equisetopsida,Lamiales,Verbenaceae,"Duranta serratifolia"
Equisetopsida,Lamiales,Verbenaceae,"Duranta mutisii"
Equisetopsida,Lamiales,Verbenaceae,"Duranta mandonii"
Equisetopsida,Lamiales,Verbenaceae,"Duranta armata"
Aves,Passeriformes,Tyrannidae,"Phyllomyias cinereiceps"
Equisetopsida,Solanales,Solanaceae,"Dunalia spinosa"
Equisetopsida,Solanales,Solanaceae,"Dunalia obovata"
Aves,Passeriformes,Tyrannidae,"Phyllomyias nigrocapillus"
Aves,Passeriformes,Tyrannidae,"Phyllomyias plumbeiceps"
Aves,Passeriformes,Tyrannidae,"Phyllomyias sclateri"
Aves,Anseriformes,Anatidae,"Anas georgica"
Aves,Passeriformes,Tyrannidae,"Phyllomyias uropygialis"
Equisetopsida,Aquifoliales,Phyllonomaceae,"Phyllonoma weberbaueri"
Equisetopsida,Solanales,Solanaceae,"Solanum lignicaule"
Equisetopsida,Asterales,Asteraceae,"Jaegeria hirta"
Aves,Passeriformes,Thraupidae,"Dubusia taeniata"
Aves,Passeriformes,Tyrannidae,"Phylloscartes ophthalmicus"
Aves,Passeriformes,Thraupidae,"Dubusia castaneoventris"
Equisetopsida,Solanales,Solanaceae,"Jaltomata biflora"
Equisetopsida,Polypodiales,Dryopteridaceae,"Dryopteris wallichiana"
Equisetopsida,Polypodiales,Dryopteridaceae,"Dryopteris macrotis"
Aves,Passeriformes,Tyrannidae,"Phylloscartes ventralis"
Equisetopsida,Apiales,Apiaceae,"Neonelsonia acuminata"
Aves,Piciformes,Picidae,"Dryobates nigriceps"
Equisetopsida,Solanales,Solanaceae,"Jaltomata sinuosa"
Equisetopsida,Polypodiales,Pteridaceae,"Jamesonia alstonii"
Aves,Passeriformes,Furnariidae,"Drymotoxeres pucheranii"
Mammalia,Chiroptera,Phyllostomidae,"Phyllostomus hastatus"
Aves,Passeriformes,Thamnophilidae,"Drymophila striaticeps"
Equisetopsida,Solanales,Solanaceae,"Solanum maturecalvans"
Mammalia,Rodentia,Cricetidae,"Phyllotis osilae"
Mammalia,Rodentia,Cricetidae,"Phyllotis xanthopygus"
Equisetopsida,Polypodiales,Polypodiaceae,"Phymatosorus membranifolium"
Equisetopsida,Polypodiales,Pteridaceae,"Jamesonia elongata"
Equisetopsida,Solanales,Solanaceae,"Physalis peruviana"
Equisetopsida,Polypodiales,Pteridaceae,"Adiantum poiretii"
Aves,Anseriformes,Anatidae,"Anas flavirostris"
Equisetopsida,Caryophyllales,Caryophyllaceae,"Drymaria glandulosa"
Equisetopsida,Caryophyllales,Caryophyllaceae,"Drymaria cordata"
Insecta,Lepidoptera,Nymphalidae,"Dryas iulia alcionea"
Equisetopsida,Polypodiales,Pteridaceae,"Jamesonia imbricata"
Equisetopsida,Caryophyllales,Phytolaccaceae,"Phytolacca bogotensis"
Equisetopsida,Polypodiales,Pteridaceae,"Jamesonia rufescens"
Mammalia,Carnivora,Mustelidae,"Neogale frenata"
Equisetopsida,Asparagales,Orchidaceae,"Draconanthes aberrans"
Equisetopsida,Lamiales,Verbenaceae,"Stachytarpheta cayennensis"
Insecta,Lepidoptera,Nymphalidae,"Doxocopa cyane cyane"
Equisetopsida,Polypodiales,Pteridaceae,"Doryopteris pedata"
Equisetopsida,Polypodiales,Pteridaceae,"Doryopteris concolor"
Aves,Apodiformes,Trochilidae,"Doryfera ludovicae"
Equisetopsida,Poales,Poaceae,"Jarava ichu"
Aves,Cuculiformes,Cuculidae,"Piaya cayana"
Aves,Passeriformes,Icteridae,"Dolichonyx oryzivorus"
Insecta,Lepidoptera,Lycaenidae,"Johnsonita pardoa"
Equisetopsida,Sapindales,Sapindaceae,"Dodonaea viscosa"
Equisetopsida,Polypodiales,Pteridaceae,"Adiantum peruvianum"
Equisetopsida,Fagales,Juglandaceae,"Juglans boliviana"
Equisetopsida,Picramniales,Picramniaceae,"Picramnia sellowii"
Equisetopsida,Asparagales,Orchidaceae,"Maxillaria brachypetala"
Equisetopsida,Polypodiales,Pteridaceae,"Adiantum pectinatum"
Equisetopsida,Asterales,Asteraceae,"Picrosia longifolia"
Equisetopsida,Polypodiales,Pteridaceae,"Adiantum patens"
Equisetopsida,Ericales,Ericaceae,"Disterigma alaternoides"
Equisetopsida,Ericales,Ericaceae,"Disterigma acuminatum"
Equisetopsida,Fagales,Juglandaceae,"Juglans neotropica"
Insecta,Lepidoptera,Pieridae,"Dismorphia thermesina themesina"
Insecta,Lepidoptera,Pieridae,"Dismorphia teresa"
Equisetopsida,Solanales,Solanaceae,"Solanum multifidum"
Equisetopsida,Polypodiales,Pteridaceae,"Adiantum orbignyanum"
Aves,Piciformes,Picidae,"Picumnus dorbignyanus"
Equisetopsida,Poales,Juncaceae,"Juncus balticus"
Insecta,Lepidoptera,Nymphalidae,"Dircenna paradoxa catenara"
Equisetopsida,Lamiales,Orobanchaceae,"Neobartsia thiantha"
Equisetopsida,Poales,Juncaceae,"Juncus effusus"
Equisetopsida,Poales,Juncaceae,"Juncus pallescens"
Equisetopsida,Poales,Juncaceae,"Juncus rigidus"
Reptilia,Serpentes,Dipsadidae,"Dipsas peruana"
Reptilia,Serpentes,Dipsadidae,"Dipsas pavonina"
Aves,Passeriformes,Tyrannidae,"Anairetes parulus"
Insecta,Lepidoptera,Nymphalidae,"Junea dorinda whitelyi"
Aves,Passeriformes,Tyrannidae,"Anairetes flavirostris"
Equisetopsida,Asterales,Asteraceae,"Diplostephium lechleri"
Equisetopsida,Malpighiales,Malpighiaceae,"Diplopterys cristata"
Equisetopsida,Asparagales,Orchidaceae,"Maxillaria brevifolia"
Equisetopsida,Asterales,Asteraceae,"Jungia amplistipula"
Equisetopsida,Rosales,Urticaceae,"Pilea costata"
Equisetopsida,Rosales,Urticaceae,"Pilea haenkei"
Equisetopsida,Rosales,Urticaceae,"Pilea minutiflora"
Equisetopsida,Rosales,Urticaceae,"Pilea multiflora"
Equisetopsida,Rosales,Urticaceae,"Pilea nutans"
Equisetopsida,Lamiales,Orobanchaceae,"Neobartsia inaequalis"
Equisetopsida,Lamiales,Orobanchaceae,"Neobartsia fiebrigii"
Equisetopsida,Solanales,Solanaceae,"Solanum nutans"
Equisetopsida,Asparagales,Orchidaceae,"Stanhopea haseloviana"
Aves,Passeriformes,Tyrannidae,"Anairetes alpinus"
Equisetopsida,Lamiales,Orobanchaceae,"Neobartsia bartsioides"
Equisetopsida,Dioscoreales,Dioscoreaceae,"Dioscorea piperifolia"
Equisetopsida,Asparagales,Orchidaceae,"Stanhopea marizaiana"
Equisetopsida,Dioscoreales,Dioscoreaceae,"Dioscorea incayensis"
Equisetopsida,Fabales,Fabaceae,"Anadenanthera colubrina"
Equisetopsida,Dioscoreales,Dioscoreaceae,"Dioscorea coriacea"
Insecta,Lepidoptera,Nymphalidae,"Dione juno juno"
Insecta,Lepidoptera,Nymphalidae,"Dione glycera"
Equisetopsida,Lamiales,Acanthaceae,"Justicia alpina"
Equisetopsida,Ericales,Ericaceae,"Diogenesia vargasiana"
Equisetopsida,Asparagales,Orchidaceae,"Maxillaria calantha"
Equisetopsida,Lamiales,Acanthaceae,"Justicia cuzcoensis"
Equisetopsida,Proteales,Sabiaceae,"Meliosma boliviensis"
Equisetopsida,Malpighiales,Salicaceae,"Pineda incana"
Equisetopsida,Pinales,Pinaceae,"Pinus radiata"
Aves,Passeriformes,Thraupidae,"Diglossa sittoides"
Insecta,Lepidoptera,Erebidae,"Pionia oberthuri"
Aves,Passeriformes,Thraupidae,"Diglossa mystacalis"
Equisetopsida,Solanales,Solanaceae,"Solanum ochrophyllum"
Aves,Passeriformes,Thraupidae,"Diglossa cyanea"
Aves,Passeriformes,Thraupidae,"Diglossa caerulescens"
Aves,Passeriformes,Thraupidae,"Diglossa brunneiventris"
Equisetopsida,Poales,Poaceae,"Digitaria sanguinalis"
Equisetopsida,Poales,Poaceae,"Digitaria lanuginosa"
Aves,Psittaciformes,Psittacidae,"Pionus menstruus"
Equisetopsida,Poales,Poaceae,"Digitaria ciliaris"
Equisetopsida,Poales,Poaceae,"Dielsiochloa floribunda"
Equisetopsida,Rosales,Rosaceae,"Kageneckia lanceolata"
Equisetopsida,Saxifragales,Crassulaceae,"Kalanchoe blossfeldiana"
Aves,Psittaciformes,Psittacidae,"Pionus tumultuosus"
Equisetopsida,Saxifragales,Crassulaceae,"Kalanchoe delagoensis"
Mammalia,Didelphimorphia,Didelphidae,"Didelphis pernigra"
Insecta,Lepidoptera,Nymphalidae,"Steremnia umbracina"
Equisetopsida,Piperales,Piperaceae,"Piper acutifolium"
Equisetopsida,Piperales,Piperaceae,"Piper aduncum"
Aves,Passeriformes,Furnariidae,"Anabacerthia striaticollis"
Equisetopsida,Polypodiales,Pteridaceae,"Adiantopsis radiata"
Equisetopsida,Asparagales,Orchidaceae,"Maxillaria colorata"
Equisetopsida,Asterales,Asteraceae,"Kaunia longipetiolata"
Equisetopsida,Asterales,Asteraceae,"Kaunia uber"
Equisetopsida,Porellales,Lejeuneaceae,"Dicranolejeunea axillaris"
Equisetopsida,Asparagales,Orchidaceae,"Kefersteinia koechlinorum"
Equisetopsida,Piperales,Piperaceae,"Piper arboreum"
Equisetopsida,Lamiales,Acanthaceae,"Dicliptera squarrosa"
Equisetopsida,Lamiales,Acanthaceae,"Dicliptera rauhii"
Equisetopsida,Lamiales,Acanthaceae,"Dicliptera peruviana"
Equisetopsida,Asparagales,Orchidaceae,"Maxillaria cordyline"
Insecta,Lepidoptera,Hesperiidae,"Staphylus perforatus"
Equisetopsida,Cyatheales,Dicksoniaceae,"Dicksonia sellowiana"
Insecta,Lepidoptera,Nymphalidae,"Agraulis vanillae maculosa"
Aves,Passeriformes,Thraupidae,"Kleinothraupis atropileus"
Aves,Passeriformes,Thraupidae,"Kleinothraupis parodii"
Equisetopsida,Piperales,Piperaceae,"Piper bangii"
Insecta,Lepidoptera,Sphingidae,"Adhemarius sexoculata"
Equisetopsida,Asparagales,Asphodelaceae,"Kniphofia uvaria"
Aves,Passeriformes,Tyrannidae,"Knipolegus aterrimus"
Aves,Passeriformes,Tyrannidae,"Knipolegus cabanisi"
Aves,Passeriformes,Tyrannidae,"Knipolegus poecilurus"
Insecta,Lepidoptera,Sphingidae,"Adhemarius gannascus gannascus"
Equisetopsida,Piperales,Piperaceae,"Piper coruscans"
Equisetopsida,Asparagales,Orchidaceae,"Dichaea morrisii"
Equisetopsida,Asparagales,Orchidaceae,"Dichaea laxa"
Aves,Passeriformes,Tyrannidae,"Knipolegus signatus"
Equisetopsida,Piperales,Piperaceae,"Piper crassinervium"
Equisetopsida,Caryophyllales,Caryophyllaceae,"Dianthus plumarius"
Insecta,Lepidoptera,Nymphalidae,"Diaethria eluina lidwina"
Equisetopsida,Laurales,Lauraceae,"Nectandra villosa"
Equisetopsida,Piperales,Piperaceae,"Piper dumosum"
Equisetopsida,Piperales,Piperaceae,"Piper elongatum"
Equisetopsida,Poales,Poaceae,"Koeleria pyramidata"
Equisetopsida,Laurales,Lauraceae,"Nectandra utilis"
Equisetopsida,Piperales,Piperaceae,"Piper hispidum"
Equisetopsida,Zygophyllales,Krameriaceae,"Krameria lappacea"
Equisetopsida,Asparagales,Orchidaceae,"Kreodanthus simplex"
Equisetopsida,Fabales,Fabaceae,"Adesmia miraflorensis"
Equisetopsida,Fabales,Fabaceae,"Lablab purpureus"
Equisetopsida,Asparagales,Orchidaceae,"Maxillaria equitans"
Equisetopsida,Piperales,Piperaceae,"Piper lineatum"
Equisetopsida,Asparagales,Orchidaceae,"Maxillaria floribunda"
Equisetopsida,Laurales,Lauraceae,"Nectandra pulverulenta"
Equisetopsida,Piperales,Piperaceae,"Piper machupicchuense"
Equisetopsida,Piperales,Piperaceae,"Piper marequitense"
Equisetopsida,Piperales,Piperaceae,"Piper mercens"
Equisetopsida,Piperales,Piperaceae,"Piper moccomocco"
Equisetopsida,Laurales,Lauraceae,"Nectandra pearcei"
Mammalia,Chiroptera,Phyllostomidae,"Desmodus rotundus"
Equisetopsida,Fabales,Fabaceae,"Desmodium weberbaueri"
Equisetopsida,Fabales,Fabaceae,"Desmodium vargasianum"
Equisetopsida,Fabales,Fabaceae,"Desmodium molliculum"
Equisetopsida,Fabales,Fabaceae,"Desmodium intortum"
Equisetopsida,Rosales,Rosaceae,"Lachemilla erodiifolia"
Equisetopsida,Fabales,Fabaceae,"Desmodium campyloclados"
Equisetopsida,Bruniales,Columelliaceae,"Desfontainia spinosa"
Equisetopsida,Piperales,Piperaceae,"Piper ollantaitambanum"
Equisetopsida,Poales,Poaceae,"Deschampsia ovata"
Equisetopsida,Polypodiales,Dennstaedtiaceae,"Dennstaedtia arborescens"
Equisetopsida,Piperales,Piperaceae,"Piper santaritanum"
Equisetopsida,Laurales,Lauraceae,"Nectandra obtusata"
Equisetopsida,Piperales,Piperaceae,"Piper sinuclausum"
Equisetopsida,Laurales,Lauraceae,"Nectandra membranacea"
Equisetopsida,Solanales,Solanaceae,"Solanum raphanifolium"
Equisetopsida,Piperales,Piperaceae,"Piper sumpi"
Equisetopsida,Solanales,Solanaceae,"Solanum riparium"
Equisetopsida,Asparagales,Orchidaceae,"Maxillaria funicaulis"
Equisetopsida,Piperales,Piperaceae,"Piper urubambanum"
Equisetopsida,Asparagales,Orchidaceae,"Maxillaria graminifolia"
Equisetopsida,Rosales,Ulmaceae,"Ampelocera edentula"
Equisetopsida,Santalales,Santalaceae,"Dendrophthora mesembrianthemifolia"
Equisetopsida,Santalales,Santalaceae,"Dendrophthora hexasticha"
Equisetopsida,Santalales,Santalaceae,"Dendrophthora clavata"
Equisetopsida,Asterales,Asteraceae,"Dendrophorbium vargasii"
Equisetopsida,Asterales,Asteraceae,"Dendrophorbium multinerve"
Equisetopsida,Asterales,Asteraceae,"Dendrophorbium argutidentatum"
Aves,Passeriformes,Thraupidae,"Pipraeidea melanonota"
Aves,Passeriformes,Cotingidae,"Ampelion rufaxilla"
Equisetopsida,Laurales,Lauraceae,"Nectandra longifolia"
Equisetopsida,Solanales,Solanaceae,"Solanum sandianum"
Equisetopsida,Solanales,Solanaceae,"Solanum santolallae"
Aves,Steatornithiformes,Steatornithidae,"Steatornis caripensis"
Aves,Passeriformes,Cotingidae,"Pipreola arcuata"
Equisetopsida,Asterales,Asteraceae,"Lactuca sativa"
Equisetopsida,Laurales,Lauraceae,"Nectandra lineatifolia"
Aves,Passeriformes,Cotingidae,"Pipreola intermedia"
Aves,Passeriformes,Cotingidae,"Pipreola pulchra"
Equisetopsida,Solanales,Solanaceae,"Solanum saponaceum"
Equisetopsida,Ericales,Ericaceae,"Demosthenesia weberbaueri"
Equisetopsida,Ericales,Ericaceae,"Demosthenesia spectabilis"
Equisetopsida,Ericales,Ericaceae,"Demosthenesia pearcei"
Equisetopsida,Ericales,Ericaceae,"Demosthenesia microphylla"
Equisetopsida,Ericales,Ericaceae,"Demosthenesia mandonii"
Equisetopsida,Laurales,Lauraceae,"Nectandra laurel"
Equisetopsida,Asparagales,Orchidaceae,"Laelia weberbaueriana"
Equisetopsida,Laurales,Lauraceae,"Nectandra herrerae"
Equisetopsida,Lamiales,Bignoniaceae,"Delostoma integrifolium"
Equisetopsida,Solanales,Solanaceae,"Solanum scuticum"
Aves,Passeriformes,Cotingidae,"Ampelion rubrocristatus"
Equisetopsida,Laurales,Lauraceae,"Nectandra globosa"
Equisetopsida,Laurales,Lauraceae,"Nectandra furcata"
Equisetopsida,Apiales,Apiaceae,"Daucus montanus"
Aves,Passeriformes,Cardinalidae,"Piranga flava"
Equisetopsida,Apiales,Apiaceae,"Daucus carota"
Equisetopsida,Solanales,Solanaceae,"Datura stramonium"
Insecta,Lepidoptera,Erebidae,"Dasysphinx flavibasis"
Equisetopsida,Solanales,Solanaceae,"Solanum selachophyllum"
Aves,Passeriformes,Cardinalidae,"Piranga olivacea"
Aves,Apodiformes,Trochilidae,"Lafresnaya lafresnayi"
Aves,Passeriformes,Cardinalidae,"Piranga rubra"
Mammalia,Rodentia,Dasyproctidae,"Dasyprocta punctata"
Mammalia,Rodentia,Dasyproctidae,"Dasyprocta kalinowskii"
Equisetopsida,Solanales,Solanaceae,"Solanum sessile"
Equisetopsida,Fabales,Fabaceae,"Pisum sativum"
Equisetopsida,Cucurbitales,Cucurbitaceae,"Lagenaria siceraria"
Equisetopsida,Laurales,Lauraceae,"Nectandra cissiflora"
Insecta,Lepidoptera,Nymphalidae,"Danaus plexippus nigrippus"
Insecta,Lepidoptera,Hesperiidae,"Dalla ticidas"
Insecta,Lepidoptera,Hesperiidae,"Dalla polycrates lania"
Aves,Passeriformes,Tyrannidae,"Pitangus sulphuratus"
Insecta,Lepidoptera,Hesperiidae,"Dalla genes nona"
Insecta,Lepidoptera,Hesperiidae,"Dalla cypselus evages"
Insecta,Lepidoptera,Hesperiidae,"Dalla cupavia cupavia"
Insecta,Lepidoptera,Hesperiidae,"Dalla costala costala"
Insecta,Lepidoptera,Hesperiidae,"Dalla carnis carnis"
Equisetopsida,Poales,Bromeliaceae,"Pitcairnia ellenbergi"
Equisetopsida,Fabales,Fabaceae,"Dalea coerulea"
Equisetopsida,Poales,Bromeliaceae,"Pitcairnia pulverulenta"
Equisetopsida,Poales,Bromeliaceae,"Pitcairnia pungens"
Equisetopsida,Fabales,Fabaceae,"Dalea ayavacensis"
Equisetopsida,Laurales,Lauraceae,"Nectandra acutifolia"
Equisetopsida,Poales,Bromeliaceae,"Pitcairnia rigida"
Aves,Passeriformes,Passerellidae,"Ammodramus aurifrons"
Equisetopsida,Asterales,Asteraceae,"Dahlia pinnata"
Insecta,Lepidoptera,Nymphalidae,"Dagon catula"
Insecta,Lepidoptera,Nymphalidae,"Daedalma dinias boliviana"
Mammalia,Rodentia,Echimyidae,"Dactylomys peruanus"
Equisetopsida,Malpighiales,Salicaceae,"Abatia spicata"
Equisetopsida,Fabales,Fabaceae,"Amicia lobbiana"
Aves,Passeriformes,Thraupidae,"Dacnis cayana"
Equisetopsida,Solanales,Solanaceae,"Solanum sumacaspi"
Equisetopsida,Asparagales,Orchidaceae,"Cyrtopodium virescens"
Equisetopsida,Polypodiales,Pteridaceae,"Pityrogramma calomelanos"
Equisetopsida,Polypodiales,Pteridaceae,"Pityrogramma chrysoconia"
Equisetopsida,Polypodiales,Pteridaceae,"Pityrogramma ebenea"
Equisetopsida,Asterales,Asteraceae,"Cyrtocymura scorpioides"
Equisetopsida,Asparagales,Orchidaceae,"Cyrtochilum volubile"
Equisetopsida,Asparagales,Orchidaceae,"Cyrtochilum tetraplasium"
Equisetopsida,Polypodiales,Pteridaceae,"Pityrogramma ochracea"
Equisetopsida,Asparagales,Orchidaceae,"Cyrtochilum rhodoneurum"
Equisetopsida,Asparagales,Orchidaceae,"Cyrtochilum pusillum"
Equisetopsida,Polypodiales,Pteridaceae,"Pityrogramma trifoliata"
Equisetopsida,Asparagales,Orchidaceae,"Cyrtochilum parviflorum"
Equisetopsida,Asparagales,Orchidaceae,"Cyrtochilum mystacinum"
Equisetopsida,Asparagales,Orchidaceae,"Cyrtochilum myanthum"
Equisetopsida,Asparagales,Orchidaceae,"Cyrtochilum minax"
Equisetopsida,Jungermanniales,Plagiochilaceae,"Plagiochila alternans"
Equisetopsida,Jungermanniales,Plagiochilaceae,"Plagiochila andina"
Equisetopsida,Jungermanniales,Plagiochilaceae,"Plagiochila binghamiae"
Equisetopsida,Jungermanniales,Plagiochilaceae,"Plagiochila chinantlana"
Equisetopsida,Jungermanniales,Plagiochilaceae,"Plagiochila flavescens"
Equisetopsida,Jungermanniales,Plagiochilaceae,"Plagiochila footei"
Equisetopsida,Asparagales,Orchidaceae,"Cyrtochilum ligulatum"
Equisetopsida,Asparagales,Orchidaceae,"Cyrtochilum graminoides"
Equisetopsida,Asparagales,Orchidaceae,"Cyrtochilum gracile"
Equisetopsida,Asparagales,Orchidaceae,"Cyrtochilum cimiciferum"
Equisetopsida,Asparagales,Orchidaceae,"Cyrtochilum caespitosum"
Equisetopsida,Asparagales,Orchidaceae,"Cyrtochilum auropurpureum"
Equisetopsida,Lamiales,Plantaginaceae,"Plantago australis"
Equisetopsida,Asparagales,Orchidaceae,"Cyrtochilum aureum"
Equisetopsida,Asparagales,Orchidaceae,"Cyrtochilum angustatum"
Equisetopsida,Lamiales,Plantaginaceae,"Plantago lanceolata"
Aves,Passeriformes,Troglodytidae,"Cyphorhinus thoracicus"
Equisetopsida,Lamiales,Plantaginaceae,"Plantago major"
Equisetopsida,Poales,Cyperaceae,"Cyperus thyrsiflorus"
Equisetopsida,Lamiales,Plantaginaceae,"Plantago sericea"
Equisetopsida,Poales,Cyperaceae,"Cyperus hermaphroditus"
Equisetopsida,Solanales,Solanaceae,"Solanum tenuispinum"
Equisetopsida,Boraginales,Boraginaceae,"Cynoglossum microglochin var. Nervosum"
Equisetopsida,Poales,Poaceae,"Cynodon dactylon"
Insecta,Lepidoptera,Hesperiidae,"Cynea anthracinus luctatius"
Mammalia,Rodentia,Cricetidae,"Neacomys spinosus"
Equisetopsida,Poales,Poaceae,"Lamprothyrsus peruvianus"
Insecta,Lepidoptera,Hesperiidae,"Cymaenes psyllus"
Insecta,Lepidoptera,Hesperiidae,"Cymaenes olilia miqua"
Equisetopsida,Rosales,Rosaceae,"Cydonia oblonga"
Equisetopsida,Apiales,Apiaceae,"Cyclospermum leptophyllum"
Equisetopsida,Asparagales,Orchidaceae,"Cyclopogon peruvianus"
Equisetopsida,Asparagales,Orchidaceae,"Cyclopogon elatus"
Insecta,Lepidoptera,Nymphalidae,"Adelpha saundersii saundersii"
Aves,Passeriformes,Vireonidae,"Cyclarhis gujanensis"
Mammalia,Chiroptera,Phyllostomidae,"Platyrrhinus masu"
Equisetopsida,Cucurbitales,Cucurbitaceae,"Cyclanthera pedata"
Equisetopsida,Asparagales,Orchidaceae,"Platystele oxyglossa"
Equisetopsida,Cucurbitales,Cucurbitaceae,"Cyclanthera brachybotrys"
Aves,Passeriformes,Icteridae,"Amblycercus holosericeus"
Equisetopsida,Asparagales,Orchidaceae,"Maxillaria huancabambae"
Equisetopsida,Lamiales,Lamiaceae,"Plectranthus scutellarioides"
Aves,Pelecaniformes,Threskiornithidae,"Plegadis ridgwayi"
Insecta,Lepidoptera,Nymphalidae,"""Megoleria"" susiana polymacula"
Equisetopsida,Cyatheales,Cyatheaceae,"Cyathea xenoxyla"
Equisetopsida,Cyatheales,Cyatheaceae,"Cyathea squamipes"
Equisetopsida,Polypodiales,Polypodiaceae,"Pleopeltis macrocarpa"
Equisetopsida,Cyatheales,Cyatheaceae,"Cyathea ruiziana"
Equisetopsida,Cyatheales,Cyatheaceae,"Cyathea pilosissima"
Equisetopsida,Cyatheales,Cyatheaceae,"Cyathea pallescens"
Equisetopsida,Lamiales,Verbenaceae,"Lantana camara"
Equisetopsida,Solanales,Solanaceae,"Solanum umbellatum"
Equisetopsida,Cyatheales,Cyatheaceae,"Cyathea divergens"
Equisetopsida,Cyatheales,Cyatheaceae,"Cyathea dintelmannii"
Equisetopsida,Cyatheales,Cyatheaceae,"Cyathea delgadii"
Equisetopsida,Cyatheales,Cyatheaceae,"Cyathea conjugata"
Equisetopsida,Cyatheales,Cyatheaceae,"Cyathea catacampta"
Equisetopsida,Cyatheales,Cyatheaceae,"Cyathea carolihenrici"
Equisetopsida,Cyatheales,Cyatheaceae,"Cyathea caracasana"
Amphibia,Anura,Leptodactylidae,"Pleurodema marmoratum"
Insecta,Lepidoptera,Erebidae,"Cyanopepla sanguicincta"
Insecta,Lepidoptera,Erebidae,"Cyanopepla hurama"
Equisetopsida,Lamiales,Verbenaceae,"Lantana canescens"
Aves,Passeriformes,Corvidae,"Cyanolyca viridicyanus"
Equisetopsida,Asparagales,Orchidaceae,"Pleurothallis bicornis"
Equisetopsida,Asparagales,Orchidaceae,"Pleurothallis candida"
Equisetopsida,Asparagales,Orchidaceae,"Pleurothallis cordata"
Equisetopsida,Asparagales,Orchidaceae,"Pleurothallis coriacardia"
Equisetopsida,Asparagales,Orchidaceae,"Pleurothallis divaricans"
Aves,Passeriformes,Corvidae,"Cyanocorax yncas"
Equisetopsida,Asparagales,Orchidaceae,"Pleurothallis hjertingii"
Equisetopsida,Asparagales,Orchidaceae,"Pleurothallis lamellaris"
Equisetopsida,Asparagales,Orchidaceae,"Pleurothallis lindenii"
Equisetopsida,Asparagales,Orchidaceae,"Pleurothallis linguifera"
Equisetopsida,Asparagales,Orchidaceae,"Pleurothallis phalangifera"
Equisetopsida,Asparagales,Orchidaceae,"Pleurothallis revoluta"
Equisetopsida,Asparagales,Orchidaceae,"Pleurothallis ruberrima"
Equisetopsida,Lamiales,Verbenaceae,"Lantana horrida"
Aves,Psittaciformes,Psittacidae,"Amazona mercenarius"
Equisetopsida,Asparagales,Orchidaceae,"Pleurothallis secunda"
Equisetopsida,Lamiales,Verbenaceae,"Lantana rugulosa"
Equisetopsida,Solanales,Convolvulaceae,"Cuscuta odorata"
Equisetopsida,Solanales,Convolvulaceae,"Cuscuta grandiflora"
Equisetopsida,Asparagales,Orchidaceae,"Pleurothallis xanthochlora"
Mammalia,Rodentia,Abrocomidae,"Cuscomys oblativus"
Equisetopsida,Solanales,Solanaceae,"Solanum urubambae"
Equisetopsida,Solanales,Solanaceae,"Solanum velutinum"
Equisetopsida,Lamiales,Verbenaceae,"Lantana trifolia"
Equisetopsida,Cupressales,Cupressaceae,"Cupressus macrocarpa"
Equisetopsida,Myrtales,Lythraceae,"Cuphea spruceana"
Equisetopsida,Myrtales,Lythraceae,"Cuphea cordata"
Equisetopsida,Myrtales,Lythraceae,"Cuphea ciliata"
Equisetopsida,Sapindales,Sapindaceae,"Cupania latifolia"
Equisetopsida,Asparagales,Orchidaceae,"Maxillaria infausta"
Equisetopsida,Sapindales,Sapindaceae,"Cupania americana"
Mammalia,Rodentia,Cuniculidae,"Cuniculus taczanowskii"
Equisetopsida,Caryophyllales,Plumbaginaceae,"Plumbago coerulea"
Equisetopsida,Asterales,Asteraceae,"Culcitium canescens"
Equisetopsida,Cucurbitales,Cucurbitaceae,"Cucumis sativus"
Mammalia,Carnivora,Procyonidae,"Nasuella olivacea"
Equisetopsida,Poales,Poaceae,"Poa annua"
Equisetopsida,Poales,Poaceae,"Poa candamoana"
Aves,Tinamiformes,Tinamidae,"Crypturellus obsoletus"
Equisetopsida,Poales,Poaceae,"Poa horridula"
Equisetopsida,Poales,Poaceae,"Poa pratensi"
Equisetopsida,Poales,Poaceae,"Poa rauhii"
Equisetopsida,Poales,Poaceae,"Poa scaberula"
Equisetopsida,Brassicales,Cleomaceae,"Podandrogyne mathewsii"
Aves,Cuculiformes,Cuculidae,"Crotophaga major"
Aves,Podicipediformes,Podicipedidae,"Podiceps occipitalis"
Aves,Cuculiformes,Cuculidae,"Crotophaga ani"
Equisetopsida,Podocarpales,Podocarpaceae,"Podocarpus glomeratus"
Equisetopsida,Podocarpales,Podocarpaceae,"Podocarpus ingensis"
Equisetopsida,Podocarpales,Podocarpaceae,"Podocarpus oleifolius"
Mammalia,Carnivora,Procyonidae,"Nasua nasua"
Equisetopsida,Asterales,Asteraceae,"Sonchus oleraceus"
Equisetopsida,Poales,Poaceae,"Sorghum bicolor"
Equisetopsida,Podocarpales,Podocarpaceae,"Podocarpus rusbyi"
Equisetopsida,Malpighiales,Euphorbiaceae,"Croton rehderianus"
Equisetopsida,Malpighiales,Euphorbiaceae,"Croton quadrisetosus"
Equisetopsida,Malpighiales,Euphorbiaceae,"Croton perspeciosus"
Equisetopsida,Poales,Poaceae,"Sorghum halepense"
Equisetopsida,Malpighiales,Euphorbiaceae,"Croton nitidulifolius"
Equisetopsida,Malpighiales,Euphorbiaceae,"Croton glabellus"
Equisetopsida,Malpighiales,Euphorbiaceae,"Croton fragrantulus"
Equisetopsida,Malpighiales,Euphorbiaceae,"Croton callicarpifolius"
Equisetopsida,Malpighiales,Euphorbiaceae,"Croton baillonianus"
Insecta,Lepidoptera,Nymphalidae,"Podotricha telesiphe telesiphe"
Equisetopsida,Brassicales,Brassicaceae,"Nasturtium officinale"
Equisetopsida,Fabales,Fabaceae,"Crotalaria sagittalis"
Equisetopsida,Fabales,Fabaceae,"Crotalaria pilosa"
Equisetopsida,Fabales,Fabaceae,"Crotalaria nitens"
Equisetopsida,Fabales,Fabaceae,"Crotalaria incana"
Insecta,Lepidoptera,Hesperiidae,"Nastra chao"
Equisetopsida,Poales,Poaceae,"Lasiacis divaricata"
Equisetopsida,Poales,Poaceae,"Nassella pubiflora"
Equisetopsida,Asparagales,Iridaceae,"Crocosmia x crocosmiiflora"
Insecta,Lepidoptera,Erebidae,"Crocomela imperialis"
Insecta,Lepidoptera,Erebidae,"Crocomela flammifera"
Equisetopsida,Asterales,Asteraceae,"Critoniopsis jelskii"
Equisetopsida,Poales,Poaceae,"Poidium monandrum"
Aves,Passeriformes,Thraupidae,"Creurgops verticalis"
Aves,Passeriformes,Thraupidae,"Creurgops dentatus"
Insecta,Lepidoptera,Hesperiidae,"Polites vibex catilina"
Insecta,Lepidoptera,Nymphalidae,"Lasiophila piscina"
Insecta,Lepidoptera,Nymphalidae,"Lasiophila zapatoza orbifera"
Equisetopsida,Malpighiales,Salicaceae,"Abatia parviflora"
Equisetopsida,Fabales,Polygalaceae,"Polygala paniculata"
Equisetopsida,Fabales,Polygalaceae,"Polygala pearcei"
Equisetopsida,Caryophyllales,Polygonaceae,"Polygonum aviculare"
Equisetopsida,Rosales,Rosaceae,"Polylepis argentea"
Equisetopsida,Rosales,Rosaceae,"Polylepis besseri"
Equisetopsida,Rosales,Rosaceae,"Polylepis lanata"
Equisetopsida,Rosales,Rosaceae,"Polylepis pauta"
Equisetopsida,Rosales,Rosaceae,"Polylepis pepei"
Aves,Passeriformes,Furnariidae,"Cranioleuca marcapatae"
Equisetopsida,Rosales,Rosaceae,"Polylepis racemosa"
Equisetopsida,Fabales,Fabaceae,"Lathyrus magellanicus"
Equisetopsida,Rosales,Rosaceae,"Polylepis sericea"
Equisetopsida,Rosales,Rosaceae,"Polylepis subsericans"
Aves,Passeriformes,Furnariidae,"Cranioleuca albicapilla"
Equisetopsida,Asparagales,Orchidaceae,"Cranichis ciliata"
Equisetopsida,Polypodiales,Polypodiaceae,"Polypodium buchtienii"
Equisetopsida,Polypodiales,Polypodiaceae,"Polypodium ecuadorense"
Equisetopsida,Polypodiales,Polypodiaceae,"Polypodium fraxinifolium"
Equisetopsida,Polypodiales,Polypodiaceae,"Polypodium loriceum"
Equisetopsida,Polypodiales,Polypodiaceae,"Polypodium polypodioides"
Insecta,Lepidoptera,Erebidae,"Amastus persimilis"
Equisetopsida,Poales,Poaceae,"Polypogon elongatus"
Insecta,Lepidoptera,Erebidae,"Amastus hyalina"
Equisetopsida,Poales,Poaceae,"Polypogon monspeliensis"
Insecta,Lepidoptera,Erebidae,"Amastus ferrera"
Insecta,Lepidoptera,Erebidae,"Amastus coccinator"
Equisetopsida,Polypodiales,Dryopteridaceae,"Polystichum montevidense"
Equisetopsida,Myrtales,Melastomataceae,"Leandra crenata"
Equisetopsida,Polypodiales,Dryopteridaceae,"Polystichum platyphyllum"
Equisetopsida,Asparagales,Orchidaceae,"Maxillaria laricina"
Equisetopsida,Caryophyllales,Amaranthaceae,"Amaranthus spinosus"
Aves,Passeriformes,Tyrannidae,"Legatus leucophaius"
Equisetopsida,Asterales,Asteraceae,"Cotula australis"
Equisetopsida,Polytrichales,Polytrichaceae,"Polytrichella viridis"
Equisetopsida,Polytrichales,Polytrichaceae,"Polytrichum antillarum"
Equisetopsida,Polytrichales,Polytrichaceae,"Polytrichum juniperinum"
Equisetopsida,Cornales,Loasaceae,"Nasa raimondii"
Equisetopsida,Asparagales,Orchidaceae,"Ponthieva collantesii"
Equisetopsida,Asparagales,Orchidaceae,"Ponthieva cornuta"
Equisetopsida,Asparagales,Orchidaceae,"Ponthieva diptera"
Equisetopsida,Asparagales,Orchidaceae,"Ponthieva fertilis"
Equisetopsida,Asparagales,Orchidaceae,"Ponthieva garayana"
Equisetopsida,Cornales,Loasaceae,"Nasa poissoniana"
Equisetopsida,Asparagales,Orchidaceae,"Ponthieva pubescens"
Equisetopsida,Poales,Poaceae,"Melinis minutiflora"
Equisetopsida,Cornales,Loasaceae,"Nasa picta"
Equisetopsida,Asterales,Asteraceae,"Cosmos peucedanifolius"
Equisetopsida,Gentianales,Rubiaceae,"Cosmibuena grandiflora"
Aves,Passeriformes,Thraupidae,"Poospizopsis caesar"
Aves,Passeriformes,Thraupidae,"Coryphospingus cucullatus"
Equisetopsida,Porellales,Porellaceae,"Porella arborea"
Equisetopsida,Hypnales,Neckeraceae,"Porotrichum longirostre"
Equisetopsida,Hypnales,Neckeraceae,"Porotrichum neckeraeforme"
Equisetopsida,Asparagales,Orchidaceae,"Maxillaria machupicchuensis"
Insecta,Lepidoptera,Nymphalidae,"Adelpha lycorias lara"
Insecta,Lepidoptera,Hesperiidae,"Cortices corticea"
Insecta,Lepidoptera,Hesperiidae,"Corticea mendica mendica"
Equisetopsida,Caryophyllales,Portulacaceae,"Portulaca oleracea"
Equisetopsida,Poales,Poaceae,"Cortaderia bifida"
Equisetopsida,Caryophyllales,Portulacaceae,"Portulaca pilosa"
Equisetopsida,Caryophyllales,Cactaceae,"Corryocactus erectus"
Equisetopsida,Alismatales,Araceae,"Lemna gibba"
Equisetopsida,Cornales,Cornaceae,"Cornus peruviana"
Equisetopsida,Cucurbitales,Coriariaceae,"Coriaria ruscifolia"
Equisetopsida,Apiales,Apiaceae,"Coriandrum sativum"
Equisetopsida,Asparagales,Orchidaceae,"Leochilus labiatus"
Insecta,Lepidoptera,Pieridae,"Leodonta tagaste"
Insecta,Lepidoptera,Pieridae,"Leodonta zenobina"
Equisetopsida,Lamiales,Cordiaceae,"Cordia vargasii"
Insecta,Lepidoptera,Erebidae,"Napata sanguicincta"
Equisetopsida,Lamiales,Cordiaceae,"Cordia scaberrima"
Equisetopsida,Lamiales,Cordiaceae,"Cordia rusbyi"
Insecta,Lepidoptera,Nymphalidae,"Altinote thalia crassinia"
Insecta,Lepidoptera,Hesperiidae,"Potamanaxas laoma cosna"
Mammalia,Carnivora,Felidae,"Leopardus garleppi"
Insecta,Lepidoptera,Nymphalidae,"Altinote rufina"
Insecta,Lepidoptera,Nymphalidae,"Altinote pellenea epiphaea"
Insecta,Lepidoptera,Nymphalidae,"Adelpha coryneta"
Amphibia,Anura,Bufonidae,"Nannophryne corynetes"
Insecta,Lepidoptera,Nymphalidae,"Altinote monima"
Insecta,Lepidoptera,Nymphalidae,"Altinote hilaris hilaris"
Insecta,Lepidoptera,Nymphalidae,"Altinote eresia binghamae"
Aves,Cathartiformes,Cathartidae,"Coragyps atratus"
Equisetopsida,Asparagales,Orchidaceae,"Maxillaria nasuta"
Insecta,Lepidoptera,Nymphalidae,"Corades medeba medeba"
Insecta,Lepidoptera,Nymphalidae,"Corades iduna"
Insecta,Lepidoptera,Nymphalidae,"Corades enyo almo"
Insecta,Lepidoptera,Lycaenidae,"Corades cistene generosa"
Insecta,Lepidoptera,Nymphalidae,"Corades argentata"
Insecta,Lepidoptera,Nymphalidae,"Altinote anaxo comta"
Equisetopsida,Fagales,Myricaceae,"Morella pubescens"
Insecta,Lepidoptera,Nymphalidae,"Adelpha aricia aricia"
Insecta,Lepidoptera,Nymphalidae,"Altinote alcione sodalis"
Equisetopsida,Asterales,Asteraceae,"Conyza canadensis"
Equisetopsida,Solanales,Convolvulaceae,"Convolvulus crenatifolius"
Equisetopsida,Malvales,Malvaceae,"Althaea officinalis"
Aves,Passeriformes,Tyrannidae,"Contopus fumigatus"
Aves,Passeriformes,Tyrannidae,"Contopus cooperi"
Insecta,Lepidoptera,Nymphalidae,"Adelpha alala negra"
Mammalia,Carnivora,Felidae,"Leopardus jacobitus"
Equisetopsida,Caryophyllales,Amaranthaceae,"Alternanthera pubiflora"
Equisetopsida,Caryophyllales,Amaranthaceae,"Alternanthera porrigens"
Aves,Passeriformes,Tyrannidae,"Conopias cinchoneti"
Equisetopsida,Laurales,Monimiaceae,"Mollinedia repanda"
Equisetopsida,Apiales,Apiaceae,"Conium maculatum"
Aves,Passeriformes,Thraupidae,"Conirostrum sitticolor"
Aves,Passeriformes,Thraupidae,"Conirostrum ferrugineiventre"
Equisetopsida,Ericales,Sapotaceae,"Pouteria bangii"
Aves,Passeriformes,Hirundinidae,"Stelgidopteryx ruficollis"
Aves,Passeriformes,Thraupidae,"Conirostrum cinereum"
Equisetopsida,Caryophyllales,Amaranthaceae,"Alternanthera mexicana"
Equisetopsida,Ericales,Sapotaceae,"Pouteria cinnamomea"
Aves,Passeriformes,Thraupidae,"Conirostrum binghami"
Equisetopsida,Myrtales,Myrtaceae,"Myrteola phylicoides"
Aves,Passeriformes,Thraupidae,"Conirostrum albifrons"
Equisetopsida,Myrtales,Myrtaceae,"Myrteola nummularia"
Mammalia,Carnivora,Mephitidae,"Conepatus chinga"
Equisetopsida,Gentianales,Rubiaceae,"Condaminea corymbosa"
Equisetopsida,Asparagales,Orchidaceae,"Maxillaria platypetala"
Equisetopsida,Ericales,Sapotaceae,"Pouteria lucuma"
Equisetopsida,Fagales,Myricaceae,"Morella pavonis"
Equisetopsida,Ericales,Primulaceae,"Myrsine sprucei"
Equisetopsida,Fabales,Fabaceae,"Spartium junceum"
Equisetopsida,Alismatales,Araceae,"Spathantheum orbignyanum"
Equisetopsida,Ericales,Primulaceae,"Myrsine pseudocrenata"
Equisetopsida,Asparagales,Orchidaceae,"Comparettia vallyana"
Equisetopsida,Caryophyllales,Amaranthaceae,"Alternanthera brasiliana"
Equisetopsida,Asparagales,Orchidaceae,"Comparettia serrilabia"
Equisetopsida,Asparagales,Orchidaceae,"Comparettia saccata"
Equisetopsida,Asparagales,Orchidaceae,"Comparettia rubriflora"
Equisetopsida,Ericales,Primulaceae,"Myrsine pellucida"
Equisetopsida,Ericales,Primulaceae,"Myrsine pearcei"
Equisetopsida,Asparagales,Orchidaceae,"Altensteinia fimbriata"
Equisetopsida,Asparagales,Orchidaceae,"Lepanthes caudatisepala"
Equisetopsida,Commelinales,Commelinaceae,"Commelina erecta"
Equisetopsida,Asparagales,Orchidaceae,"Lepanthes longipedicellata"
Equisetopsida,Asparagales,Orchidaceae,"Altensteinia boliviensis"
Equisetopsida,Asparagales,Orchidaceae,"Lepanthes miraculum"
Equisetopsida,Cyatheales,Cyatheaceae,"Alsophila incana"
Equisetopsida,Ericales,Primulaceae,"Myrsine latifolia"
Equisetopsida,Asparagales,Orchidaceae,"Lepanthes mucronata"
Equisetopsida,Cyatheales,Cyatheaceae,"Alsophila erinacea"
Equisetopsida,Asparagales,Orchidaceae,"Lepanthes pteropogon"
Equisetopsida,Lamiales,Gesneriaceae,"Columnea oblongifolia"
Equisetopsida,Rosales,Urticaceae,"Pouzolzia poeppigiana"
Equisetopsida,Lamiales,Gesneriaceae,"Columnea moesta"
Equisetopsida,Lamiales,Gesneriaceae,"Columnea lophophora"
Equisetopsida,Asparagales,Orchidaceae,"Maxillaria procurrens"
Equisetopsida,Asterales,Asteraceae,"Praxelis clematidea"
Aves,Passeriformes,Furnariidae,"Premnoplex brunnescens"
Equisetopsida,Bruniales,Columelliaceae,"Columellia obovata"
Equisetopsida,Bruniales,Columelliaceae,"Columellia oblonga"
Equisetopsida,Asparagales,Orchidaceae,"Lepanthes pubicaulis"
Aves,Passeriformes,Furnariidae,"Premnornis guttuliger"
Equisetopsida,Asparagales,Orchidaceae,"Lepanthopsis floripecten"
Equisetopsida,Lamiales,Lamiaceae,"Lepechinia bullata"
Equisetopsida,Lamiales,Lamiaceae,"Lepechinia codon"
Equisetopsida,Asparagales,Orchidaceae,"Prescottia oligantha"
Equisetopsida,Lamiales,Lamiaceae,"Lepechinia lancifolia"
Aves,Columbiformes,Columbidae,"Columba livia"
Equisetopsida,Gentianales,Apocynaceae,"Prestonia tomentosa"
Equisetopsida,Fabales,Fabaceae,"Cologania broussonetii"
Equisetopsida,Asterales,Asteraceae,"Lepidaploa canescens"
Equisetopsida,Fabales,Fabaceae,"Collaea speciosa"
Equisetopsida,Caryophyllales,Nyctaginaceae,"Colignonia parviflora"
Equisetopsida,Caryophyllales,Nyctaginaceae,"Colignonia ovalifolia"
Aves,Apodiformes,Trochilidae,"Colibri cyanotus"
Equisetopsida,Asterales,Asteraceae,"Lepidaploa mapirensis"
Equisetopsida,Ericales,Primulaceae,"Myrsine coriacea"
Aves,Apodiformes,Trochilidae,"Colibri coruscans"
Equisetopsida,Hypnales,Prionodontaceae,"Prionodon luteovirens"
Equisetopsida,Lamiales,Verbenaceae,"Aloysia virgata"
Insecta,Lepidoptera,Pieridae,"Colias lesbia verhulsti"
Insecta,Lepidoptera,Pieridae,"Colias euxanthe hermina"
Aves,Piciformes,Picidae,"Colaptes rupicola"
Aves,Anseriformes,Anatidae,"Spatula cyanoptera"
Aves,Piciformes,Picidae,"Colaptes rubiginosus"
Aves,Piciformes,Picidae,"Colaptes rivolii"
Equisetopsida,Gentianales,Rubiaceae,"Coffea arabica"
Aves,Passeriformes,Thraupidae,"Coereba flaveola"
Aves,Apodiformes,Trochilidae,"Coeligena violifer"
Aves,Apodiformes,Trochilidae,"Coeligena torquata"
Aves,Apodiformes,Trochilidae,"Coeligena coeligena"
Aves,Cuculiformes,Cuculidae,"Coccyzus melacoryphus"
Reptilia,Sauria,Gymnophthalmidae,"Proctoporus bolivianus"
Reptilia,Sauria,Gymnophthalmidae,"Proctoporus machupicchu"
Equisetopsida,Ericales,Primulaceae,"Myrsine andina"
Aves,Cuculiformes,Cuculidae,"Coccyzus americanus"
Equisetopsida,Myrtales,Myrtaceae,"Myrrhinium atropurpureum"
Equisetopsida,Asparagales,Orchidaceae,"Coccineorchis cernua"
Equisetopsida,Asparagales,Orchidaceae,"Myrosmodes paludosa"
Equisetopsida,Ericales,Polemoniaceae,"Cobaea scandens"
Aves,Anseriformes,Anatidae,"Spatula puna"
Aves,Passeriformes,Furnariidae,"Lepidocolaptes lacrymiger"
Aves,Passeriformes,Thraupidae,"Cnemoscopus rubrirostris"
Aves,Passeriformes,Tyrannidae,"Cnemarchus rufipennis"
Aves,Passeriformes,Tyrannidae,"Cnemarchus erythropygius"
Equisetopsida,Asparagales,Orchidaceae,"Myrosmodes gymnandra"
Equisetopsida,Malpighiales,Clusiaceae,"Clusia trochiformis"
Equisetopsida,Malpighiales,Clusiaceae,"Clusia thurifera"
Equisetopsida,Malpighiales,Clusiaceae,"Clusia sphaerocarpa"
Equisetopsida,Asparagales,Orchidaceae,"Specklinia semperflorens"
Equisetopsida,Malpighiales,Clusiaceae,"Clusia pavonii"
Equisetopsida,Lamiales,Scrophulariaceae,"Alonsoa meridionalis"
Equisetopsida,Malpighiales,Clusiaceae,"Clusia loretensis"
Equisetopsida,Lamiales,Scrophulariaceae,"Alonsoa caulialata"
Equisetopsida,Lamiales,Scrophulariaceae,"Alonsoa acutifolia"
Mammalia,Chiroptera,Molossidae,"Promops nasutus"
Insecta,Lepidoptera,Nymphalidae,"Pronophila cordillera variabilis"
Insecta,Lepidoptera,Nymphalidae,"Pronophila thelebe"
Equisetopsida,Malpighiales,Clusiaceae,"Clusia flaviflora"
Equisetopsida,Asparagales,Orchidaceae,"Prosthechea bennettii"
Equisetopsida,Asparagales,Orchidaceae,"Prosthechea farfanii"
Equisetopsida,Asparagales,Orchidaceae,"Prosthechea grammatoglossa"
Equisetopsida,Asparagales,Orchidaceae,"Prosthechea hartwegii"
Equisetopsida,Asparagales,Orchidaceae,"Prosthechea vespa"
Insecta,Lepidoptera,Sphingidae,"Protambulyx euryalus"
Equisetopsida,Asparagales,Orchidaceae,"Maxillaria rotundilabia"
Aves,Passeriformes,Thamnophilidae,"Myrmotherula schisticolor"
Aves,Passeriformes,Pipridae,"Lepidothrix coeruleocapilla"
Equisetopsida,Asterales,Asteraceae,"Clibadium surinamense"
Equisetopsida,Ericales,Clethraceae,"Clethra revoluta"
Equisetopsida,Ericales,Clethraceae,"Clethra peruviana"
Equisetopsida,Ericales,Clethraceae,"Clethra obovata"
Equisetopsida,Ericales,Clethraceae,"Clethra ferruginea"
Equisetopsida,Ericales,Clethraceae,"Clethra cuneata"
Equisetopsida,Ericales,Clethraceae,"Clethra castaneifolia"
Equisetopsida,Asparagales,Asphodelaceae,"Aloe vera"
Equisetopsida,Brassicales,Cleomaceae,"Cleome lechleri"
Equisetopsida,Ranunculales,Ranunculaceae,"Clematis seemannii"
Equisetopsida,Ranunculales,Ranunculaceae,"Clematis haenkeana"
Equisetopsida,Fagales,Betulaceae,"Alnus jorullensis"
Equisetopsida,Ranunculales,Ranunculaceae,"Clematis dioica"
Equisetopsida,Ranunculales,Ranunculaceae,"Clematis alborosea"
Reptilia,Serpentes,Dipsadidae,"Clelia clelia"
Aves,Apodiformes,Trochilidae,"Adelomyia melanogenys"
Equisetopsida,Asparagales,Orchidaceae,"Cleistes vargasii"
Equisetopsida,Fagales,Betulaceae,"Alnus acuminata"
Equisetopsida,Gentianales,Rubiaceae,"Spermacoce capitata"
Equisetopsida,Asparagales,Orchidaceae,"Maxillaria scandens"
Equisetopsida,Rosales,Moraceae,"Clarisia biflora"
Equisetopsida,Sapindales,Sapindaceae,"Allophylus peruvianus"
Equisetopsida,Asparagales,Orchidaceae,"Stelis antennata"
Equisetopsida,Gentianales,Rubiaceae,"Spermacoce verticillata"
Equisetopsida,Lamiales,Lamiaceae,"Sphacele codon"
Equisetopsida,Sapindales,Burseraceae,"Protium montanum"
Aves,Charadriiformes,Scolopacidae,"Actitis macularius"
Equisetopsida,Sapindales,Rutaceae,"Citrus reticulata"
Equisetopsida,Sapindales,Rutaceae,"Citrus paradisi"
Equisetopsida,Sapindales,Rutaceae,"Citrus medica"
Equisetopsida,Sapindales,Rutaceae,"Citrus maxima"
Equisetopsida,Sapindales,Rutaceae,"Citrus limon"
Equisetopsida,Sapindales,Rutaceae,"Citrus aurantium var. sinensis"
Equisetopsida,Sapindales,Rutaceae,"Citrus aurantiifolia"
Equisetopsida,Aquifoliales,Cardiopteridaceae,"Citronella incarum"
Equisetopsida,Lamiales,Verbenaceae,"Citharexylum quercifolium"
Equisetopsida,Lamiales,Verbenaceae,"Citharexylum punctatum"
Equisetopsida,Lamiales,Verbenaceae,"Citharexylum pachyphyllum"
Equisetopsida,Lamiales,Verbenaceae,"Citharexylum laurifolium"
Equisetopsida,Lamiales,Verbenaceae,"Citharexylum herrerae"
Equisetopsida,Lamiales,Verbenaceae,"Citharexylum dentatum"
Equisetopsida,Lamiales,Verbenaceae,"Citharexylum argutedentatum"
Aves,Passeriformes,Troglodytidae,"Cistothorus platensis"
Equisetopsida,Vitales,Vitaceae,"Cissus verticillata"
Equisetopsida,Myrtales,Melastomataceae,"Meriania weberbaueri"
Equisetopsida,Myrtales,Melastomataceae,"Meriania vargasii"
Equisetopsida,Myrtales,Melastomataceae,"Meriania tomentosa"
Equisetopsida,Vitales,Vitaceae,"Cissus microcarpa"
Equisetopsida,Asparagales,Amaryllidaceae,"Allium sativum"
Equisetopsida,Asparagales,Amaryllidaceae,"Allium fistulosum"
Equisetopsida,Asparagales,Amaryllidaceae,"Allium cepa"
Equisetopsida,Asparagales,Amaryllidaceae,"Allium ampeloprasum"
Equisetopsida,Myrtales,Melastomataceae,"Meriania sumatika"
Equisetopsida,Asparagales,Orchidaceae,"Stelis biserrula"
Aves,Passeriformes,Thraupidae,"Cissopis leverianus"
Aves,Passeriformes,Furnariidae,"Leptasthenura xenothorax"
Equisetopsida,Sphagnales,Sphagnaceae,"Sphagnum magellanicum"
Equisetopsida,Sphagnales,Sphagnaceae,"Sphagnum meridense"
Equisetopsida,Podocarpales,Podocarpaceae,"Prumnopitys harmsiana"
Equisetopsida,Ranunculales,Menispermaceae,"Cissampelos pareira"
Equisetopsida,Podocarpales,Podocarpaceae,"Prumnopitys montana"
Equisetopsida,Asterales,Asteraceae,"Cirsium vulgare"
Equisetopsida,Rosales,Rosaceae,"Prunus avium"
Amphibia,Anura,Leptodactylidae,"Leptodactylus rhodonotus"
Equisetopsida,Rosales,Rosaceae,"Prunus domestica"
Aves,Accipitriformes,Accipitridae,"Circus cinereus"
Equisetopsida,Rosales,Rosaceae,"Prunus integrifolia"
Equisetopsida,Rosales,Rosaceae,"Prunus persica"
Aves,Passeriformes,Troglodytidae,"Cinnycerthia fulva"
Equisetopsida,Rosales,Rosaceae,"Prunus pleiantha"
Equisetopsida,Poales,Poaceae,"Cinna poiformis"
Equisetopsida,Rosales,Rosaceae,"Prunus rigida"
Equisetopsida,Rosales,Rosaceae,"Prunus rotunda"
Equisetopsida,Rosales,Rosaceae,"Prunus serotina"
Equisetopsida,Rosales,Rosaceae,"Prunus stipulata"
Equisetopsida,Rosales,Rosaceae,"Prunus subcorymbosa"
Equisetopsida,Poales,Poaceae,"Cinnagrostis tarmensis"
Equisetopsida,Poales,Poaceae,"Cinnagrostis rupestris"
Equisetopsida,Poales,Poaceae,"Cinnagrostis rigida"
Equisetopsida,Ericales,Ericaceae,"Psammisia coarctata"
Equisetopsida,Poales,Poaceae,"Cinnagrostis heterophylla"
Aves,Passeriformes,Cinclidae,"Cinclus leucocephalus"
Equisetopsida,Asparagales,Orchidaceae,"Stelis bracteosa"
Aves,Passeriformes,Icteridae,"Psarocolius angustifrons"
Aves,Passeriformes,Furnariidae,"Cinclodes atacamensis"
Aves,Passeriformes,Icteridae,"Psarocolius atrovirens"
Aves,Passeriformes,Furnariidae,"Cinclodes aricomae"
Reptilia,Serpentes,Dipsadidae,"Leptodeira annulata"
Aves,Passeriformes,Furnariidae,"Cinclodes albidiventris"
Equisetopsida,Asparagales,Orchidaceae,"Stelis campanulifera"
Equisetopsida,Gentianales,Rubiaceae,"Cinchona pubescens"
Equisetopsida,Gentianales,Rubiaceae,"Cinchona officinalis"
Equisetopsida,Gentianales,Rubiaceae,"Cinchona micrantha"
Equisetopsida,Gentianales,Rubiaceae,"Cinchona hirsuta"
Equisetopsida,Gentianales,Rubiaceae,"Cinchona calisaya"
Equisetopsida,Asterales,Asteraceae,"Cichorium endivia"
Aves,Passeriformes,Tyrannidae,"Agriornis montanus"
Aves,Strigiformes,Strigidae,"Ciccaba albitarsis"
Equisetopsida,Asterales,Asteraceae,"Pseudelephantopus spicatus"
Equisetopsida,Asterales,Asteraceae,"Pseudelephantopus spiralis"
Aves,Passeriformes,Thraupidae,"Sphenopsis frontalis"
Equisetopsida,Poales,Poaceae,"Chusquea tessellata"
Equisetopsida,Poales,Poaceae,"Chusquea tarmensis"
Equisetopsida,Poales,Poaceae,"Chusquea scandens"
Equisetopsida,Poales,Poaceae,"Chusquea peruviana"
Equisetopsida,Poales,Poaceae,"Chusquea huantensis"
Equisetopsida,Poales,Poaceae,"Chusquea dombeyana"
Equisetopsida,Poales,Poaceae,"Chusquea depauperata"
Aves,Passeriformes,Tyrannidae,"Leptopogon superciliaris"
Equisetopsida,Poales,Poaceae,"Chusquea delicatula"
Aves,Passeriformes,Tyrannidae,"Leptopogon taczanowskii"
Aves,Passeriformes,Furnariidae,"Pseudocolaptes boissonneautii"
Aves,Psittaciformes,Psittacidae,"Leptosittaca branickii"
Equisetopsida,Asparagales,Orchidaceae,"Maxillaria trigona"
Insecta,Lepidoptera,Lycaenidae,"Leptotes callanga"
Insecta,Lepidoptera,Lycaenidae,"Leptotes lamasi"
Equisetopsida,Myrtales,Melastomataceae,"Meriania hernandoi"
Equisetopsida,Polypodiales,Pteridaceae,"Aleuritopteris farinosa"
Equisetopsida,Asparagales,Orchidaceae,"Maxillaria winaywaynaensis"
Equisetopsida,Asterales,Asteraceae,"Aldama helianthoides"
Insecta,Lepidoptera,Erebidae,"Chrysocale corax"
Insecta,Lepidoptera,Sphingidae,"Agrius cingulata"
Insecta,Lepidoptera,Erebidae,"Chrostosoma joavana"
Insecta,Lepidoptera,Erebidae,"Chrostosoma auge"
Equisetopsida,Asterales,Asteraceae,"Chromolaena odorata"
Equisetopsida,Asterales,Asteraceae,"Chromolaena leptocephala"
Equisetopsida,Asterales,Asteraceae,"Chromolaena laevigata"
Aves,Charadriiformes,Laridae,"Chroicocephalus serranus"
Insecta,Lepidoptera,Riodinidae,"Chorinea sylphina"
Aves,Passeriformes,Thraupidae,"Sphenopsis melanotis"
Equisetopsida,Asparagales,Orchidaceae,"Stelis convoluta"
Aves,Columbiformes,Columbidae,"Leptotila verreauxi"
Equisetopsida,Myrtales,Melastomataceae,"Meriania cuzcoana"
Insecta,Lepidoptera,Hesperiidae,"Lerema viridis"
Aves,Accipitriformes,Accipitridae,"Chondrohierax uncinatus"
Insecta,Lepidoptera,Hesperiidae,"Lerodea xenos"
Aves,Apodiformes,Trochilidae,"Lesbia nuna"
Equisetopsida,Asparagales,Orchidaceae,"Stelis dupliciformis"
Aves,Apodiformes,Trochilidae,"Lesbia victoriae"
Equisetopsida,Ericales,Ericaceae,"Sphyrospermum buxifolium"
Insecta,Lepidoptera,Lycaenidae,"Chlorostrymon simaethis"
Aves,Passeriformes,Passerellidae,"Chlorospingus parvirostris"
Equisetopsida,Asparagales,Orchidaceae,"Stelis hylophila"
Aves,Passeriformes,Passerellidae,"Chlorospingus flavopectus"
Aves,Passeriformes,Passerellidae,"Chlorospingus flavigularis"
Aves,Passeriformes,Tyrannidae,"Lessonia oreas"
Mammalia,Paucituberculata,Caenolestidae,"Lestoros inca"
Insecta,Lepidoptera,Sphingidae,"Pseudosphinx tetrio"
Aves,Passeriformes,Thraupidae,"Pseudospingus xanthophthalmus"
Insecta,Lepidoptera,Erebidae,"Leucanopsis apicepunctata"
Aves,Passeriformes,Thraupidae,"Chlorornis riefferii"
Equisetopsida,Asterales,Asteraceae,"Leucanthemum vulgare"
Aves,Passeriformes,Fringillidae,"Chlorophonia cyanea"
Aves,Passeriformes,Tyrannidae,"Pseudotriccus ruficeps"
Equisetopsida,Malpighiales,Euphorbiaceae,"Alchornea triplinervia"
Equisetopsida,Asparagales,Orchidaceae,"Maxillaria xanthorhoda"
Equisetopsida,Ericales,Ericaceae,"Sphyrospermum cordifolium"
Equisetopsida,Myrtales,Myrtaceae,"Psidium guajava"
Aves,Passeriformes,Thraupidae,"Chlorochrysa calliparaea"
Equisetopsida,Asparagales,Orchidaceae,"Psilochilus macrophyllus"
Equisetopsida,Myrtales,Melastomataceae,"Meriania almedae"
Insecta,Lepidoptera,Riodinidae,"Leucochimona metata subalbata"
Equisetopsida,Caryophyllales,Amaranthaceae,"Spinacia oleracea"
Equisetopsida,Poales,Poaceae,"Chloris radiata"
Equisetopsida,Poales,Poaceae,"Chloris gayana"
Equisetopsida,Malpighiales,Euphorbiaceae,"Alchornea grandis"
Aves,Psittaciformes,Psittacidae,"Psittacara mitratus"
Aves,Psittaciformes,Psittacidae,"Psittacara wagleri"
Equisetopsida,Asparagales,Orchidaceae,"Chloraea reticulata"
Aves,Anseriformes,Anatidae,"Merganetta armata"
Aves,Passeriformes,Pipridae,"Chiroxiphia boliviana"
Equisetopsida,Malpighiales,Euphorbiaceae,"Chiropetalum ruizianum"
Reptilia,Serpentes,Colubridae,"Chironius scurrulus"
Equisetopsida,Asparagales,Orchidaceae,"Stelis lamellata"
Reptilia,Serpentes,Colubridae,"Chironius monticola"
Equisetopsida,Asparagales,Orchidaceae,"Stelis loxensis"
Equisetopsida,Asparagales,Orchidaceae,"Stelis machupicchuensis"
Equisetopsida,Gentianales,Rubiaceae,"Psychotria carthagenensis"
Aves,Passeriformes,Fringillidae,"Spinus atratus"
Aves,Passeriformes,Fringillidae,"Spinus crassirostris"
Equisetopsida,Malpighiales,Euphorbiaceae,"Alchornea glandulosa"
Equisetopsida,Asparagales,Orchidaceae,"Stelis macra"
Insecta,Lepidoptera,Hesperiidae,"Chioides concinnus"
Insecta,Lepidoptera,Hesperiidae,"Chioides catillus catillus"
Equisetopsida,Asparagales,Orchidaceae,"Stelis oblonga"
Equisetopsida,Gentianales,Rubiaceae,"Psychotria officinalis"
Equisetopsida,Caryophyllales,Amaranthaceae,"Chenopodium album"
Equisetopsida,Caryophyllales,Amaranthaceae,"Chenopodiastrum murale"
Equisetopsida,Asparagales,Orchidaceae,"Stelis parviflora"
Equisetopsida,Gentianales,Gentianaceae,"Chelonanthus alatus"
Equisetopsida,Gentianales,Rubiaceae,"Psychotria reticulata"
Aves,Passeriformes,Fringillidae,"Spinus magellanicus"
Equisetopsida,Polypodiales,Pteridaceae,"Cheilanthes myriophylla"
Equisetopsida,Polypodiales,Pteridaceae,"Cheilanthes marginata"
Equisetopsida,Gentianales,Rubiaceae,"Psychotria tristis"
Equisetopsida,Polypodiales,Pteridaceae,"Cheilanthes fraseri"
Equisetopsida,Polypodiales,Pteridaceae,"Cheilanthes bonariensis"
Insecta,Lepidoptera,Pieridae,"Leutophobia aripa clodina"
Insecta,Lepidoptera,Pieridae,"Leutophobia cleone luca"
Insecta,Lepidoptera,Pieridae,"Leutophobia diaguita"
Insecta,Lepidoptera,Pieridae,"Leutophobia helena"
Insecta,Lepidoptera,Pieridae,"Leutophobia nephthis"
Insecta,Lepidoptera,Pieridae,"Leutophobia olympia potonici"
Equisetopsida,Asparagales,Orchidaceae,"Pterichis silvestris"
Equisetopsida,Polypodiales,Dennstaedtiaceae,"Pteridium aquilinum"
Equisetopsida,Polypodiales,Dennstaedtiaceae,"Pteridium esculentum subsp. Arachnoideum"
Equisetopsida,Polypodiales,Pteridaceae,"Pteris coriacea"
Insecta,Lepidoptera,Pieridae,"Leutophobia philoma subargentea"
Aves,Charadriiformes,Charadriidae,"Charadrius alticola"
Equisetopsida,Polypodiales,Pteridaceae,"Pteris muricata"
Insecta,Lepidoptera,Pieridae,"Leutophobia tovaria gina"
Equisetopsida,Polypodiales,Pteridaceae,"Pteris quadriaurita"
Equisetopsida,Caryophyllales,Amaranthaceae,"Chamissoa altissima"
Equisetopsida,Asparagales,Orchidaceae,"Stelis purdiei"
Equisetopsida,Rosales,Urticaceae,"Myriocarpa tatei"
Aves,Passeriformes,Formicariidae,"Chamaeza mollissima"
Equisetopsida,Asparagales,Orchidaceae,"Stelis purpurea"
Equisetopsida,Rosales,Rosaceae,"Alchemilla lechleriana"
Equisetopsida,Asterales,Asteraceae,"Acmella alba"
Aves,Galliformes,Cracidae,"Chamaepetes goudotii"
Equisetopsida,Arecales,Arecaceae,"Chamaedorea pinnatifrons"
Equisetopsida,Asparagales,Orchidaceae,"Stelis quinquenervia"
Equisetopsida,Malvales,Malvaceae,"Alcea rosea"
Equisetopsida,Rosales,Urticaceae,"Myriocarpa stipitata"
Equisetopsida,Fabales,Fabaceae,"Chamaecrista glandulosa"
Equisetopsida,Asterales,Asteraceae,"Liabum solidagineum"
Equisetopsida,Asterales,Asteraceae,"Liabum vargasii"
Aves,Passeriformes,Thraupidae,"Chalcothraupis ruficervix"
Aves,Apodiformes,Trochilidae,"Chalcostigma stanleyi"
Aves,Apodiformes,Trochilidae,"Chalcostigma ruficeps"
Equisetopsida,Asparagales,Orchidaceae,"Stelis retusiloba"
Aves,Apodiformes,Trochilidae,"Chalcostigma olivaceum"
Equisetopsida,Malpighiales,Clusiaceae,"Myriandra glauca"
Equisetopsida,Poales,Poaceae,"Agrostis imberbis"
Equisetopsida,Asparagales,Orchidaceae,"Stelis rhombilabia"
Aves,Apodiformes,Apodidae,"Chaetura pelagica"
Equisetopsida,Poales,Poaceae,"Agrostis mertensii"
Equisetopsida,Myrtales,Myrtaceae,"Myrcia splendens"
Aves,Apodiformes,Apodidae,"Chaetura cinereiventris"
Equisetopsida,Poales,Poaceae,"Agrostis perennans"
Equisetopsida,Laurales,Lauraceae,"Licaria pucheri"
Aves,Accipitriformes,Accipitridae,"Spizaetus ornatus"
Insecta,Lepidoptera,Nymphalidae,"Pteronymia zerlina"
Aves,Apodiformes,Trochilidae,"Pterophanes cyanopterus"
Aves,Apodiformes,Trochilidae,"Chaetocercus mulsant"
Insecta,Lepidoptera,Papilionidae,"Pterourus menatius eurotas"
Equisetopsida,Asparagales,Orchidaceae,"Stelis simplicilabia"
Equisetopsida,Solanales,Solanaceae,"Cestrum strigilatum"
Equisetopsida,Solanales,Solanaceae,"Cestrum schlechtendalii"
Equisetopsida,Solanales,Solanaceae,"Cestrum racemosum"
Mammalia,Cetartiodactyla,Cervidae,"Pudu mephistophiles"
Aves,Strigiformes,Strigidae,"Pulsatrix melanota"
Equisetopsida,Solanales,Solanaceae,"Cestrum humboldtii"
Equisetopsida,Solanales,Solanaceae,"Cestrum falcatum"
Equisetopsida,Solanales,Solanaceae,"Cestrum conglomeratum"
Equisetopsida,Santalales,Santalaceae,"Cervantesia tomentosa"
Equisetopsida,Myrtales,Myrtaceae,"Myrcianthes rhopaloides"
Insecta,Lepidoptera,Pieridae,"Lieinix nemesis nemesis"
Equisetopsida,Arecales,Arecaceae,"Ceroxylon pityrophyllum"
Equisetopsida,Asparagales,Orchidaceae,"Stelis tenuicaulis"
Equisetopsida,Myrtales,Myrtaceae,"Myrcianthes oreophila"
Equisetopsida,Santalales,Loranthaceae,"Ligaria cuneifolia"
Equisetopsida,Caryophyllales,Cactaceae,"Cereus vargasianus"
Mammalia,Rodentia,Cricetidae,"Akodon torques"
Mammalia,Carnivora,Felidae,"Puma concolor"
Mammalia,Carnivora,Felidae,"Puma yagouaroundi"
Equisetopsida,Myrtales,Myrtaceae,"Myrcianthes indifferens"
Equisetopsida,Asparagales,Orchidaceae,"Stelis tricardium"
Equisetopsida,Myrtales,Myrtaceae,"Myrcianthes hallii"
Equisetopsida,Liliales,Liliaceae,"Lilium candidum"
Equisetopsida,Caryophyllales,Caryophyllaceae,"Cerastium subspicatum"
Equisetopsida,Poales,Bromeliaceae,"Puya densiflora"
Equisetopsida,Poales,Bromeliaceae,"Puya ferruginea"
Equisetopsida,Caryophyllales,Caryophyllaceae,"Cerastium mollissimum"
Equisetopsida,Poales,Bromeliaceae,"Puya herrerae"
Equisetopsida,Caryophyllales,Caryophyllaceae,"Cerastium fontanum subsp. Vulgare"
Equisetopsida,Liliales,Liliaceae,"Lilium longiflorum"
Equisetopsida,Poales,Bromeliaceae,"Puya weberbaueri"
Equisetopsida,Fabales,Fabaceae,"Centrosema virginianum"
Equisetopsida,Asterales,Campanulaceae,"Centropogon yungasensis"
Equisetopsida,Asterales,Campanulaceae,"Centropogon viriduliflorus"
Equisetopsida,Poales,Cyperaceae,"Pycreus niger"
Equisetopsida,Asterales,Campanulaceae,"Centropogon urubambae"
Equisetopsida,Asterales,Campanulaceae,"Centropogon scabiosus"
Equisetopsida,Asterales,Campanulaceae,"Centropogon nervosus"
Equisetopsida,Asterales,Campanulaceae,"Centropogon isahellinus"
Equisetopsida,Asterales,Campanulaceae,"Centropogon brittonianus"
Equisetopsida,Asparagales,Orchidaceae,"Stelis vargasii"
Equisetopsida,Poales,Poaceae,"Cenchrus echinatus"
Aves,Passeriformes,Hirundinidae,"Pygochelidon cyanoleuca"
Insecta,Lepidoptera,Hesperiidae,"Pyrgus communis titicaca"
Equisetopsida,Rosales,Cannabaceae,"Celtis iguanaea"
Equisetopsida,Malpighiales,Linaceae,"Linum usitatissimum"
Equisetopsida,Poales,Poaceae,"Agrostis tolucensis"
Equisetopsida,Asparagales,Orchidaceae,"Stelis velaticaulis"
Insecta,Lepidoptera,Pieridae,"Pyristina nise floscula"
Aves,Passeriformes,Tyrannidae,"Pyrocephalus rubinus"
Equisetopsida,Celastrales,Celastraceae,"Maytenus alaternoides"
Insecta,Lepidoptera,Hesperiidae,"Celaenorrhinus songoensis songoensis"
Reptilia,Sauria,Liolaemidae,"Liolaemus ortizii"
Equisetopsida,Malvales,Malvaceae,"Ceiba salmonea"
Equisetopsida,Malvales,Malvaceae,"Ceiba pubiflora"
Equisetopsida,Myrtales,Myrtaceae,"Myrcia hylobates"
Equisetopsida,Sapindales,Meliaceae,"Cedrela saltensis"
Aves,Passeriformes,Tyrannidae,"Pyrrhomyias cinnamomeus"
Equisetopsida,Sapindales,Meliaceae,"Cedrela angustifolia"
Equisetopsida,Rosales,Urticaceae,"Cecropia tacuna"
Equisetopsida,Rosales,Urticaceae,"Cecropia strigosa"
Equisetopsida,Asparagales,Orchidaceae,"Liparis laticuneata"
Equisetopsida,Asparagales,Orchidaceae,"Liparis neuroglossa"
Equisetopsida,Asparagales,Orchidaceae,"Liparis ramosa"
Equisetopsida,Rosales,Urticaceae,"Cecropia polystachya"
Equisetopsida,Asparagales,Orchidaceae,"Liparis retusa"
Equisetopsida,Asparagales,Orchidaceae,"Liparis rusbyi"
Equisetopsida,Rosales,Urticaceae,"Cecropia membranacea"
Equisetopsida,Rosales,Urticaceae,"Cecropia latiloba"
Equisetopsida,Celastrales,Celastraceae,"Maytenus apurimacensis"
Equisetopsida,Rosales,Urticaceae,"Cecropia angustifolia"
Equisetopsida,Rosales,Rosaceae,"Pyrus bourgaeana"
Equisetopsida,Sapindales,Sapindaceae,"Llagunoa nitida"
Amphibia,Anura,Craugastoridae,"Qoscophryne gymnotis"
Amphibia,Anura,Craugastoridae,"Qosqophryne mancoinca"
Equisetopsida,Asparagales,Orchidaceae,"Myoxanthus serripetalus"
Equisetopsida,Asparagales,Orchidaceae,"Myoxanthus monophyllus"
Equisetopsida,Asparagales,Orchidaceae,"Myoxanthus frutex"
Mammalia,Rodentia,Cricetidae,"Akodon surdus"
Equisetopsida,Asterales,Campanulaceae,"Lobelia tenera"
Equisetopsida,Cucurbitales,Cucurbitaceae,"Cayaponia citrullifolia"
Aves,Passeriformes,Furnariidae,"Lochmias nematura"
Mammalia,Rodentia,Caviidae,"Cavia tschudii"
Equisetopsida,Caryophyllales,Caryophyllaceae,"Stellaria cuspidata"
Equisetopsida,Ericales,Ericaceae,"Cavendishia martii"
Equisetopsida,Ericales,Ericaceae,"Cavendishia bracteata"
Equisetopsida,Asterales,Asteraceae,"Quechualia fulta"
Equisetopsida,Gentianales,Rubiaceae,"Catunaregam spinosa"
Insecta,Lepidoptera,Nymphalidae,"Catonephele chromis chromis"
Equisetopsida,Poales,Poaceae,"Lolium perenne"
Equisetopsida,Polypodiales,Blechnaceae,"Lomariocycas aurata"
Aves,Passeriformes,Turdidae,"Catharus ustulatus"
Equisetopsida,Caryophyllales,Caryophyllaceae,"Stellaria media"
Mammalia,Rodentia,Cricetidae,"Akodon subfuscus"
Equisetopsida,Asparagales,Orchidaceae,"Acianthera tunguraguae"
Mammalia,Chiroptera,Vespertilionidae,"Myotis oxyotus"
Aves,Passeriformes,Turdidae,"Catharus fuscater"
Equisetopsida,Santalales,Schoepfiaceae,"Quinchamalium procumbens"
Mammalia,Chiroptera,Vespertilionidae,"Myotis nigricans"
Equisetopsida,Poales,Bromeliaceae,"Racinaea penduliflora"
Equisetopsida,Poales,Bromeliaceae,"Racinaea pseudotetrantha"
Equisetopsida,Poales,Bromeliaceae,"Racinaea schumanniana"
Equisetopsida,Hypnodendrales,Racopilaceae,"Racopilum tomentosum"
Aves,Cathartiformes,Cathartidae,"Cathartes aura"
Equisetopsida,Porellales,Radulaceae,"Radula andicola"
Equisetopsida,Porellales,Radulaceae,"Radula ramulina"
Equisetopsida,Gentianales,Apocynaceae,"Catharanthus roseus"
Insecta,Lepidoptera,Pieridae,"Catasticta toca toca"
Insecta,Lepidoptera,Pieridae,"Catasticta sisamnus telasco"
Insecta,Lepidoptera,Pieridae,"Catasticta pinava"
Insecta,Lepidoptera,Pieridae,"Catasticta philais leucophaca"
Insecta,Lepidoptera,Pieridae,"Catasticta modesta modesta"
Insecta,Lepidoptera,Pieridae,"Catasticta marcapita marcapita"
Insecta,Lepidoptera,Pieridae,"Catasticta manco manco"
Insecta,Lepidoptera,Pieridae,"Catasticta eurigania straminea"
Insecta,Lepidoptera,Pieridae,"Catasticta collina collina"
Insecta,Lepidoptera,Pieridae,"Catasticta cinerea coerulescens"
Insecta,Lepidoptera,Pieridae,"Catasticta aureomaculata"
Equisetopsida,Dipsacales,Caprifoliaceae,"Lonicera japonica"
Aves,Passeriformes,Thraupidae,"Catamenia inornata"
Aves,Passeriformes,Thraupidae,"Catamenia homochroa"
Equisetopsida,Celastrales,Celastraceae,"Maytenus conferta"
Equisetopsida,Celastrales,Celastraceae,"Maytenus cuzcoina"
Aves,Passeriformes,Thraupidae,"Catamenia analis"
Aves,Passeriformes,Thraupidae,"Catamblyrhynchus diadema"
Equisetopsida,Lamiales,Orobanchaceae,"Castilleja scorzonerifolia"
Aves,Passeriformes,Tyrannidae,"Casiornis rufus"
Equisetopsida,Malpighiales,Salicaceae,"Casearia zahlbruckneri"
Mammalia,Chiroptera,Vespertilionidae,"Myotis keaysi"
Aves,Passeriformes,Thraupidae,"Ramphocelus carbo"
Aves,Gruiformes,Rallidae,"Micropygia schomburgkii"
Equisetopsida,Malpighiales,Salicaceae,"Casearia sylvestris"
Equisetopsida,Asparagales,Orchidaceae,"Microchilus ovatus"
Equisetopsida,Asparagales,Orchidaceae,"Microchilus major"
Equisetopsida,Asparagales,Orchidaceae,"Microchilus capitatus"
Equisetopsida,Asparagales,Orchidaceae,"Microchilus anchoriferus"
Equisetopsida,Asparagales,Orchidaceae,"Acianthera casapensis"
Equisetopsida,Malpighiales,Salicaceae,"Casearia decandra"
Aves,Apodiformes,Trochilidae,"Ramphomicron microrhynchum"
Equisetopsida,Malpighiales,Salicaceae,"Casearia aculeata"
Mammalia,Carnivora,Mustelidae,"Lontra longicaudis"
Insecta,Lepidoptera,Erebidae,"Lophocampa distincta"
Equisetopsida,Boraginales,Boraginaceae,"Myosotis arvensis"
Insecta,Lepidoptera,Erebidae,"Lophocampa modesta"
Equisetopsida,Gentianales,Rubiaceae,"Randia armata"
Equisetopsida,Jungermanniales,Lophocoleaceae,"Lophocolea diaphana"
Equisetopsida,Asparagales,Orchidaceae,"Acianthera aphthosa"
Equisetopsida,Gentianales,Rubiaceae,"Randia boliviana"
Mammalia,Rodentia,Cricetidae,"Microryzomys minutus"
Aves,Anseriformes,Anatidae,"Lophonetta specularioides"
Equisetopsida,Celastrales,Celastraceae,"Maytenus jelskii"
Mammalia,Chiroptera,Phyllostomidae,"Carollia perspicillata"
Mammalia,Chiroptera,Phyllostomidae,"Carollia brevicauda"
Equisetopsida,Ranunculales,Ranunculaceae,"Ranunculus praemorsus"
Equisetopsida,Pandanales,Cyclanthaceae,"Carludovica palmata"
Equisetopsida,Celastrales,Celastraceae,"Maytenus macrocarpa"
Equisetopsida,Brassicales,Brassicaceae,"Raphanus raphanistrum"
Equisetopsida,Poales,Cyperaceae,"Carex polystachya"
Equisetopsida,Celastrales,Celastraceae,"Maytenus peruana"
Equisetopsida,Poales,Cyperaceae,"Carex pichinchensis"
Insecta,Lepidoptera,Hesperiidae,"Mylon zephus albodiscus"
Equisetopsida,Poales,Cyperaceae,"Carex fecunda"
Equisetopsida,Gentianales,Rubiaceae,"Raritebe palicoureoides"
Equisetopsida,Sapindales,Sapindaceae,"Cardiospermum corindum"
Aves,Passeriformes,Thraupidae,"Rauenia bonariensis"
Equisetopsida,Asterales,Asteraceae,"Raulinoreitzia crenulata"
Equisetopsida,Celastrales,Celastraceae,"Maytenus theoides"
Aves,Passeriformes,Parulidae,"Cardellina canadensis"
Equisetopsida,Brassicales,Brassicaceae,"Cardamine bonariensis"
Equisetopsida,Celastrales,Celastraceae,"Maytenus verticillata"
Equisetopsida,Asterales,Asteraceae,"Achyrocline tomentosa"
Insecta,Lepidoptera,Lycaenidae,"Rekoa palegon"
Aves,Passeriformes,Thraupidae,"Microspingus trifasciatus"
Equisetopsida,Lamiales,Acanthaceae,"Stenandrium dulce"
Aves,Falconiformes,Falconidae,"Micrastur ruficollis"
Equisetopsida,Solanales,Solanaceae,"Capsicum pubescens"
Equisetopsida,Asterales,Asteraceae,"Achyrocline satureioides"
Equisetopsida,Brassicales,Brassicaceae,"Capsella bursa-pastoris"
Equisetopsida,Lamiales,Lamiaceae,"Mentha spicata"
Equisetopsida,Asparagales,Orchidaceae,"Stenia angustilabia"
Equisetopsida,Hedwigiales,Hedwigiaceae,"Rhacocarpus purpurascens"
Aves,Passeriformes,Tyrannidae,"Lophotriccus pileatus"
Mammalia,Rodentia,Cricetidae,"Rhagomys longilingua"
Aves,Falconiformes,Falconidae,"Micrastur gilvicollis"
Equisetopsida,Asterales,Asteraceae,"Achyrocline ramosissima"
Insecta,Lepidoptera,Lycaenidae,"Rhamma familiaris"
Insecta,Lepidoptera,Lycaenidae,"Rhamma nigrasarotina"
Insecta,Lepidoptera,Lycaenidae,"Rhamma oxida"
Aves,Passeriformes,Tyrannidae,"Myiozetetes similis"
Equisetopsida,Rosales,Rosaceae,"Rhaphiolepis bibas"
Equisetopsida,Zingiberales,Cannaceae,"Canna iridiflora"
Equisetopsida,Zingiberales,Cannaceae,"Canna indica"
Equisetopsida,Zingiberales,Cannaceae,"Canna bangii"
Equisetopsida,Caryophyllales,Polygonaceae,"Rheum rhaponticum"
Equisetopsida,Asterales,Asteraceae,"Achyrocline alata"
Amphibia,Anura,Bufonidae,"Rhinella inca"
Equisetopsida,Polypodiales,Polypodiaceae,"Campyloneurum ophiocaulon"
Equisetopsida,Polypodiales,Polypodiaceae,"Campyloneurum crassifolium"
Equisetopsida,Polypodiales,Polypodiaceae,"Campyloneurum angustifolium"
Amphibia,Anura,Bufonidae,"Rhinella poeppigii"
Equisetopsida,Polypodiales,Polypodiaceae,"Campyloneurum amphostenon"
Amphibia,Anura,Bufonidae,"Rhinella spinulosa"
Equisetopsida,Lamiales,Lamiaceae,"Mentha × piperita"
Equisetopsida,Bryales,Bryaceae,"Mielichhoferia minutissima"
Mammalia,Cetartiodactyla,Cervidae,"Mazama chunyi"
Mammalia,Rodentia,Cricetidae,"Rhipidomys leucodactylus"
Aves,Piciformes,Picidae,"Campephilus melanoleucos"
Aves,Passeriformes,Thraupidae,"Rhipospina fruticeti"
Reptilia,Sauria,Tropiduridae,"Stenocercus crassicaudatus"
Aves,Piciformes,Picidae,"Campephilus haematogaster"
Equisetopsida,Ericales,Theaceae,"Camellia sinensis"
Equisetopsida,Myrtales,Melastomataceae,"Miconia vargasii"
Equisetopsida,Cyatheales,Cyatheaceae,"Losophoria quadripinnata"
Equisetopsida,Rosales,Cannabaceae,"Lozanella permollis"
Insecta,Lepidoptera,Lycaenidae,"Calycopis gizela"
Insecta,Lepidoptera,Hesperiidae,"Lucida lucia leoardus"
Aves,Passeriformes,Parulidae,"Myiothlypis signata"
Aves,Passeriformes,Parulidae,"Myiothlypis luteoviridis"
Mammalia,Didelphimorphia,Didelphidae,"Caluromys lanatus"
Aves,Passeriformes,Parulidae,"Myiothlypis fulvicauda"
Aves,Passeriformes,Fringillidae,"Spinus olivaceus"
Equisetopsida,Myrtales,Onagraceae,"Ludwigia peruviana"
Insecta,Lepidoptera,Hesperiidae,"Achlyodes pallida"
Equisetopsida,Asparagales,Orchidaceae,"Lueddemannia pescatorei"
Mammalia,Rodentia,Cricetidae,"Calomys sorellus"
Insecta,Lepidoptera,Erebidae,"Rhynchopyga bicolor"
Insecta,Lepidoptera,Erebidae,"Rhynchopyga elongatus"
Insecta,Lepidoptera,Erebidae,"Rhynchopyga xanthospila"
Equisetopsida,Cucurbitales,Cucurbitaceae,"Luffa acutangula"
Equisetopsida,Commelinales,Commelinaceae,"Callisia repens"
Equisetopsida,Poales,Cyperaceae,"Rhynchospora aristata"
Equisetopsida,Poales,Cyperaceae,"Rhynchospora locuples"
Insecta,Lepidoptera,Nymphalidae,"Menphis alberta"
Reptilia,Sauria,Tropiduridae,"Stenocercus ochoai"
Equisetopsida,Malvales,Malvaceae,"Callianthe sylvatica"
Equisetopsida,Malvales,Malvaceae,"Callianthe picta"
Equisetopsida,Malvales,Malvaceae,"Callianthe peruviana"
Aves,Passeriformes,Parulidae,"Myiothlypis coronata"
Equisetopsida,Saxifragales,Grossulariaceae,"Ribes albifolium"
Equisetopsida,Saxifragales,Grossulariaceae,"Ribes brachybotrys"
Equisetopsida,Asterales,Asteraceae,"Mikania filicifolia"
Equisetopsida,Saxifragales,Grossulariaceae,"Ribes incarnatum"
Insecta,Lepidoptera,Nymphalidae,"Caligo oileus umbralis"
Insecta,Lepidoptera,Nymphalidae,"Caligo illioneus praxsiodus"
Equisetopsida,Fabales,Fabaceae,"Lupinus ballianus"
Equisetopsida,Fabales,Fabaceae,"Melilotus officinalis"
Equisetopsida,Fabales,Fabaceae,"Lupinus cookianus"
Equisetopsida,Malpighiales,Euphorbiaceae,"Ricinus communis"
Equisetopsida,Fabales,Fabaceae,"Lupinus dorae"
Aves,Charadriiformes,Scolopacidae,"Calidris melanotos"
Equisetopsida,Myrtales,Melastomataceae,"Miconia theaezans"
Equisetopsida,Myrtales,Melastomataceae,"Miconia terera"
Aves,Charadriiformes,Scolopacidae,"Calidris bairdii"
Aves,Passeriformes,Hirundinidae,"Riparia riparia"
Aves,Passeriformes,Tyrannidae,"Myiotheretes striaticollis"
Equisetopsida,Fabales,Fabaceae,"Melilotus indicus"
Equisetopsida,Asparagales,Amaryllidaceae,"Stenomesson pearcei"
Insecta,Lepidoptera,Riodinidae,"Calephelis aymaran"
Equisetopsida,Asterales,Asteraceae,"Calendula officinalis"
Equisetopsida,Asterales,Asteraceae,"Mikania micrantha"
Equisetopsida,Asparagales,Orchidaceae,"Stenoptera acuta"
Equisetopsida,Asparagales,Orchidaceae,"Stenoptera ciliaris"
Aves,Podicipediformes,Podicipedidae,"Rollandia rolland"
Equisetopsida,Lamiales,Calceolariaceae,"Calceolaria tripartita"
Equisetopsida,Lamiales,Calceolariaceae,"Calceolaria trilobata"
Equisetopsida,Lamiales,Calceolariaceae,"Calceolaria speciosa"
Equisetopsida,Lamiales,Calceolariaceae,"Calceolaria pulverulenta"
Equisetopsida,Lamiales,Calceolariaceae,"Calceolaria procera"
Equisetopsida,Lamiales,Calceolariaceae,"Calceolaria pavonii"
Equisetopsida,Rosales,Rosaceae,"Rosa canina"
Equisetopsida,Rosales,Rosaceae,"Rosa centifolia"
Equisetopsida,Lamiales,Calceolariaceae,"Calceolaria myriophylla"
Equisetopsida,Lamiales,Lamiaceae,"Rosmarinus officinalis"
Equisetopsida,Lamiales,Calceolariaceae,"Calceolaria inflexa"
Equisetopsida,Bryales,Bryaceae,"Rosulabryum billarderi"
Mammalia,Rodentia,Cricetidae,"Akodon orophilus"
Equisetopsida,Lamiales,Calceolariaceae,"Calceolaria flexuosa"
Equisetopsida,Lamiales,Calceolariaceae,"Calceolaria engleriana"
Equisetopsida,Lamiales,Calceolariaceae,"Calceolaria cypripediiflora"
Equisetopsida,Proteales,Proteaceae,"Roupala meisneri"
Equisetopsida,Proteales,Proteaceae,"Roupala monosperma"
Equisetopsida,Lamiales,Calceolariaceae,"Calceolaria conocarpa"
Equisetopsida,Lamiales,Calceolariaceae,"Calceolaria chrysosphaera"
Equisetopsida,Lamiales,Calceolariaceae,"Calceolaria chelidonioides"
Equisetopsida,Proteales,Proteaceae,"Roupala montana"
Equisetopsida,Lamiales,Calceolariaceae,"Calceolaria boliviana"
Equisetopsida,Myrtales,Melastomataceae,"Miconia setulosa"
Equisetopsida,Fabales,Fabaceae,"Lupinus paniculatus"
Equisetopsida,Lamiales,Calceolariaceae,"Calceolaria aurea"
Aves,Passeriformes,Tyrannidae,"Myiotheretes fuscorufus"
Equisetopsida,Lamiales,Calceolariaceae,"Calceolaria atahualpae"
Equisetopsida,Sapindales,Meliaceae,"Ruagea glabra"
Equisetopsida,Sapindales,Meliaceae,"Ruagea hirsuta"
Aves,Passeriformes,Tyrannidae,"Myiotheretes fumigatus"
Equisetopsida,Rosales,Rosaceae,"Rubus acanthophyllos"
Equisetopsida,Rosales,Rosaceae,"Rubus adenothallus"
Equisetopsida,Rosales,Rosaceae,"Rubus bogotensis"
Equisetopsida,Asterales,Asteraceae,"Mikania speciosa"
Equisetopsida,Myrtales,Melastomataceae,"Miconia sclerophylla"
Equisetopsida,Rosales,Rosaceae,"Rubus megalococcus"
Equisetopsida,Poales,Poaceae,"Calamagrostis viridiflavescens"
Equisetopsida,Rosales,Rosaceae,"Rubus robustus"
Equisetopsida,Rosales,Rosaceae,"Rubus roseus"
Equisetopsida,Rosales,Rosaceae,"Rubus urticifolius"
Equisetopsida,Gentianales,Rubiaceae,"Rudgea ciliata"
Equisetopsida,Myrtales,Melastomataceae,"Miconia salicifolia"
Equisetopsida,Fabales,Fabaceae,"Lupinus platyptenus"
Equisetopsida,Cornales,Loasaceae,"Caiophora madrequisa"
Equisetopsida,Cornales,Loasaceae,"Caiophora cirsiifolia"
Equisetopsida,Fabales,Fabaceae,"Lupinus puyupatensis"
Equisetopsida,Cornales,Loasaceae,"Caiophora chuquitensis"
Equisetopsida,Gentianales,Rubiaceae,"Rudgea hospes"
Equisetopsida,Cornales,Loasaceae,"Caiophora canarinoides"
Equisetopsida,Myrtales,Melastomataceae,"Miconia rugifolia"
Equisetopsida,Fabales,Fabaceae,"Lupinus ramosissimus"
Equisetopsida,Fabales,Fabaceae,"Lupinus urubambensis"
Equisetopsida,Fabales,Fabaceae,"Lupinus vargasianus"
Equisetopsida,Fabales,Fabaceae,"Lupinus ynesiae"
Aves,Passeriformes,Tyrannidae,"Mecocerculus leucophrys"
Equisetopsida,Myrtales,Melastomataceae,"Miconia pusilliflora"
Aves,Caprimulgiformes,Caprimulgidae,"Lurocalis rufiventris"
Aves,Passeriformes,Icteridae,"Cacicus koepckeae"
Equisetopsida,Myrtales,Melastomataceae,"Miconia pulverulenta"
Aves,Passeriformes,Icteridae,"Cacicus chrysonotus"
Equisetopsida,Lamiales,Acanthaceae,"Ruellia macrophylla"
Equisetopsida,Myrtales,Melastomataceae,"Miconia peruviana"
Aves,Pelecaniformes,Ardeidae,"Butorides striata"
Equisetopsida,Poales,Juncaceae,"Luzula gigantea"
Equisetopsida,Myrtales,Melastomataceae,"Miconia pavoniana"
Equisetopsida,Caryophyllales,Polygonaceae,"Rumex acetosella"
Equisetopsida,Caryophyllales,Polygonaceae,"Rumex crispus"
Equisetopsida,Caryophyllales,Polygonaceae,"Rumex frutescens"
Aves,Passeriformes,Thraupidae,"Buthraupis montana"
Aves,Accipitriformes,Accipitridae,"Buteo platypterus"
Aves,Passeriformes,Cotingidae,"Rupicola peruvianus"
Aves,Accipitriformes,Accipitridae,"Buteogallus solitarius"
Equisetopsida,Poales,Juncaceae,"Luzula racemosa"
Aves,Passeriformes,Tyrannidae,"Mecocerculus poecilocercus"
Aves,Accipitriformes,Accipitridae,"Rupornis magnirostris"
Insecta,Lepidoptera,Papilionidae,"Mimoides xeniades signatus"
Aves,Accipitriformes,Accipitridae,"Buteo albigula"
Equisetopsida,Sapindales,Rutaceae,"Ruta chalepensis"
Aves,Passeriformes,Tyrannidae,"Mecocerculus stictopterus"
Aves,Accipitriformes,Accipitridae,"Accipiter striatus"
Equisetopsida,Malpighiales,Malpighiaceae,"Bunchosia berlinii"
Equisetopsida,Poales,Cyperaceae,"Bulbostylis juncoides"
Equisetopsida,Asparagales,Orchidaceae,"Bulbophyllum machupicchuense"
Aves,Accipitriformes,Accipitridae,"Accipiter collaris"
Mammalia,Carnivora,Canidae,"Lycalopex (Pseudalopex) culpaeus"
Equisetopsida,Poales,Poaceae,"Saccharum officinarum"
Equisetopsida,Lamiales,Scrophulariaceae,"Buddleja montana"
Equisetopsida,Lamiales,Scrophulariaceae,"Buddleja longifolia"
Equisetopsida,Lamiales,Scrophulariaceae,"Buddleja incana"
Equisetopsida,Lamiales,Scrophulariaceae,"Buddleja diffusa"
Equisetopsida,Lamiales,Scrophulariaceae,"Buddleja coriacea"
Equisetopsida,Lamiales,Scrophulariaceae,"Buddleja americana"
Equisetopsida,Asparagales,Orchidaceae,"Buchtienia rosea"
Equisetopsida,Fabales,Fabaceae,"Mimosa cuzcoana"
Mammalia,Chiroptera,Emballonuridae,"Saccopteryx leptura"
Equisetopsida,Fabales,Fabaceae,"Mimosa insidiosa"
Aves,Passeriformes,Tyrannidae,"Myiophobus fasciatus"
Equisetopsida,Myrtales,Melastomataceae,"Miconia media"
Equisetopsida,Asparagales,Orchidaceae,"Sacoila lanceolata"
Aves,Pelecaniformes,Ardeidae,"Bubulcus ibis"
Aves,Strigiformes,Strigidae,"Bubo virginianus"
Equisetopsida,Bryales,Bryaceae,"Bryum leptotorquescens"
Amphibia,Anura,Craugastoridae,"Bryophryne cophites"
Amphibia,Anura,Craugastoridae,"Bryophryne bustamantei"
Amphibia,Anura,Craugastoridae,"Bryophryne abramalagae"
Equisetopsida,Fabales,Fabaceae,"Mimosa revoluta"
Equisetopsida,Asparagales,Orchidaceae,"Lycaste macrophylla"
Equisetopsida,Oxalidales,Brunelliaceae,"Brunellia cuzcoensis"
Equisetopsida,Oxalidales,Brunelliaceae,"Brunellia cutervensis"
Equisetopsida,Solanales,Solanaceae,"Brugmansia sanguinea"
Equisetopsida,Malvales,Malvaceae,"Acaulimalva rhizantha"
Insecta,Lepidoptera,Hesperiidae,"Lychnuchus victa"
Equisetopsida,Fabales,Fabaceae,"Medicago lupulina"
Equisetopsida,Solanales,Solanaceae,"Brugmansia arborea"
Equisetopsida,Solanales,Solanaceae,"Lycianthes acutifolia"
Equisetopsida,Solanales,Solanaceae,"Browallia americana"
Equisetopsida,Solanales,Solanaceae,"Lycianthes amatitlanensis"
Equisetopsida,Solanales,Solanaceae,"Lycianthes chrysothrix"
Equisetopsida,Solanales,Solanaceae,"Lycianthes poeppigii"
Equisetopsida,Fabales,Fabaceae,"Medicago polymorpha"
Equisetopsida,Malpighiales,Salicaceae,"Salix babylonica"
Equisetopsida,Myrtales,Melastomataceae,"Miconia latifolia"
Equisetopsida,Malpighiales,Salicaceae,"Salix humboldtiana"
Equisetopsida,Solanales,Solanaceae,"Salpichroa didierana"
Equisetopsida,Poales,Poaceae,"Bromus pitensis"
Aves,Passeriformes,Thraupidae,"Saltator aurantiirostris"
Equisetopsida,Poales,Poaceae,"Bromus catharticus"
Equisetopsida,Bartramiales,Bartramiaceae,"Breutelia tomentosa"
Equisetopsida,Brassicales,Brassicaceae,"Brassica rapa"
Equisetopsida,Brassicales,Brassicaceae,"Brassica oleracea"
Equisetopsida,Brassicales,Brassicaceae,"Brassica nigra"
Equisetopsida,Asparagales,Orchidaceae,"Brassia thyrsodes"
Equisetopsida,Asparagales,Orchidaceae,"Brassia brachypus"
Equisetopsida,Asparagales,Orchidaceae,"Brassia aurorae"
Equisetopsida,Lycopodiales,Lycopodiaceae,"Lycopodium clavatum"
Equisetopsida,Myrtales,Melastomataceae,"Miconia hygrophila"
Equisetopsida,Hypnales,Brachytheciaceae,"Brachythecium ruderale"
Equisetopsida,Asparagales,Orchidaceae,"Brachystele dilatata"
Equisetopsida,Poales,Poaceae,"Brachypodium mexicanum"
Equisetopsida,Myrtales,Melastomataceae,"Brachyotum sanguinolentum"
Equisetopsida,Myrtales,Melastomataceae,"Brachyotum rostratum"
Equisetopsida,Fabales,Fabaceae,"Medicago sativa"
Equisetopsida,Lycopodiales,Lycopodiaceae,"Lycopodium complanatum"
Aves,Passeriformes,Thraupidae,"Saltator maximus"
Equisetopsida,Myrtales,Melastomataceae,"Brachyotum grisebachii"
Equisetopsida,Lycopodiales,Lycopodiaceae,"Lycopodium jussiaei"
Equisetopsida,Asparagales,Orchidaceae,"Brachionidium serratum"
Equisetopsida,Asparagales,Orchidaceae,"Brachionidium phalangiferum"
Equisetopsida,Asparagales,Orchidaceae,"Brachionidium machupicchuense"
Equisetopsida,Lamiales,Lamiaceae,"Salvia herrerae"
Equisetopsida,Lamiales,Lamiaceae,"Salvia leucantha"
Equisetopsida,Lamiales,Lamiaceae,"Salvia loxensis"
Equisetopsida,Apiales,Apiaceae,"Bowlesia lobata"
Equisetopsida,Lamiales,Lamiaceae,"Salvia penduliflora"
Equisetopsida,Poales,Poaceae,"Bouteloua aristidoides"
Equisetopsida,Myrtales,Melastomataceae,"Miconia herrerae"
Equisetopsida,Caryophyllales,Nyctaginaceae,"Bougainvillea spectabilis"
Equisetopsida,Lamiales,Lamiaceae,"Salvia splendens"
Equisetopsida,Ophioglossales,Ophioglossaceae,"Botrychium virginianum"
Equisetopsida,Lamiales,Lamiaceae,"Salvia verbenaca"
Equisetopsida,Lamiales,Lamiaceae,"Salvia viridis"
Equisetopsida,Dipsacales,Viburnaceae,"Sambucus nigra subsp. peruviana"
Reptilia,Serpentes,Viperidae,"Bothrocophias andianus"
Equisetopsida,Poales,Poaceae,"Bothriochloa saccharoides"
Equisetopsida,Lamiales,Acanthaceae,"Sanchezia oblonga"
Equisetopsida,Liliales,Alstroemeriaceae,"Bomarea superba"
Equisetopsida,Liliales,Alstroemeriaceae,"Bomarea purpurea"
Equisetopsida,Liliales,Alstroemeriaceae,"Bomarea pumila"
Equisetopsida,Liliales,Alstroemeriaceae,"Bomarea ovata"
Equisetopsida,Sapindales,Sapindaceae,"Sapindus saponaria"
Equisetopsida,Liliales,Alstroemeriaceae,"Bomarea macrocephala"
Equisetopsida,Liliales,Alstroemeriaceae,"Bomarea formosissima"
Equisetopsida,Polypodiales,Polypodiaceae,"Melpomene peruviana"
Aves,Passeriformes,Tyrannidae,"Myiodynastes maculatus"
Equisetopsida,Liliales,Alstroemeriaceae,"Bomarea dulcis"
Equisetopsida,Liliales,Alstroemeriaceae,"Bomarea distichophylla"
Equisetopsida,Malpighiales,Euphorbiaceae,"Sapium glandulosum"
Equisetopsida,Schizaeales,Lygodiaceae,"Lygodium venustum"
Equisetopsida,Liliales,Alstroemeriaceae,"Bomarea coccinea"
Equisetopsida,Liliales,Alstroemeriaceae,"Bomarea brevis"
Equisetopsida,Liliales,Alstroemeriaceae,"Bomarea aurantiaca"
Equisetopsida,Liliales,Alstroemeriaceae,"Bomarea andimarcana"
Equisetopsida,Malpighiales,Euphorbiaceae,"Sapium laurifolium"
Insecta,Lepidoptera,Nymphalidae,"Lymanopoda acraeida malia"
Insecta,Lepidoptera,Nymphalidae,"Lymanopoda eubagioides"
Insecta,Lepidoptera,Nymphalidae,"Lymanopoda galactea shefteli"
Insecta,Lepidoptera,Hesperiidae,"Bolla boliviensis"
Equisetopsida,Myrtales,Melastomataceae,"Miconia galactantha"
Aves,Psittaciformes,Psittacidae,"Bolborhynchus orbygnesius"
Equisetopsida,Solanales,Solanaceae,"Saracha punctata"
Aves,Psittaciformes,Psittacidae,"Bolborhynchus lineola"
Equisetopsida,Solanales,Solanaceae,"Saracha spinosa"
Insecta,Lepidoptera,Nymphalidae,"Lymanopoda obsoleta"
Aves,Apodiformes,Trochilidae,"Boissonneaua matthewsii"
Equisetopsida,Rosales,Urticaceae,"Boehmeria ulmifolia"
Equisetopsida,Rosales,Urticaceae,"Boehmeria pavonii"
Equisetopsida,Rosales,Urticaceae,"Boehmeria celtidifolia"
Equisetopsida,Rosales,Urticaceae,"Boehmeria caudata"
Equisetopsida,Rosales,Urticaceae,"Boehmeria brevirostris"
Equisetopsida,Rosales,Urticaceae,"Boehmeria anomala"
Aves,Coraciiformes,Momotidae,"Momotus aequatorialis"
Equisetopsida,Ranunculales,Papaveraceae,"Bocconia integrifolia"
Equisetopsida,Ranunculales,Papaveraceae,"Bocconia frutescens"
Equisetopsida,Asparagales,Orchidaceae,"Bletia catenulata"
Equisetopsida,Asparagales,Orchidaceae,"Bletia campanulata"
Equisetopsida,Myrtales,Melastomataceae,"Miconia ferruginea"
Equisetopsida,Myrtales,Myrtaceae,"Blepharocalyx salicifolius"
Aves,Passeriformes,Tyrannidae,"Myiodynastes chrysocephalus"
Equisetopsida,Polypodiales,Blechnaceae,"Blechnum schomburgkii"
Insecta,Lepidoptera,Erebidae,"Sarosa notata"
Equisetopsida,Polypodiales,Blechnaceae,"Blechnum occidentale"
Equisetopsida,Polypodiales,Blechnaceae,"Blechnum meridense"
Equisetopsida,Polypodiales,Blechnaceae,"Blechnum loxense"
Equisetopsida,Polypodiales,Blechnaceae,"Blechnum glandulosum"
Equisetopsida,Polypodiales,Blechnaceae,"Blechnum cordatum"
Equisetopsida,Ericales,Primulaceae,"Lysimachia arvensis"
Equisetopsida,Polypodiales,Blechnaceae,"Blechnum asplenioides"
Equisetopsida,Ericales,Ericaceae,"Satyria boliviana"
Equisetopsida,Malvales,Bixaceae,"Bixa orellana"
Aves,Passeriformes,Parulidae,"Myioborus miniatus"
Equisetopsida,Ericales,Ericaceae,"Satyria polyantha"
Equisetopsida,Ericales,Ericaceae,"Satyria vargasii"
Equisetopsida,Myrtales,Melastomataceae,"Miconia dumetosa"
Equisetopsida,Ericales,Actinidiaceae,"Saurauia biserrata"
Equisetopsida,Ericales,Actinidiaceae,"Saurauia natalicia"
Equisetopsida,Asterales,Campanulaceae,"Lysipomia laciniata"
Equisetopsida,Ericales,Actinidiaceae,"Saurauia prainiana"
Equisetopsida,Asparagales,Orchidaceae,"Sauroglossum aurantiacum"
Equisetopsida,Asparagales,Orchidaceae,"Sauroglossum corymbosum"
Equisetopsida,Asterales,Asteraceae,"Bidens triplinervia"
Equisetopsida,Asterales,Asteraceae,"Bidens rubifolia"
Equisetopsida,Asterales,Asteraceae,"Bidens reptans"
Equisetopsida,Asterales,Asteraceae,"Bidens pilosa"
Equisetopsida,Saxifragales,Saxifragaceae,"Saxifraga magellanica"
Equisetopsida,Asterales,Asteraceae,"Bidens andicola var. andicola"
Equisetopsida,Caryophyllales,Amaranthaceae,"Beta vulgaris"
Aves,Passeriformes,Tyrannidae,"Sayornis nigricans"
Insecta,Lepidoptera,Erebidae,"Bertholdia specularis"
Insecta,Lepidoptera,Nymphalidae,"Scada reckia octygia"
Insecta,Lepidoptera,Erebidae,"Bertholdia grisescens"
Insecta,Lepidoptera,Erebidae,"Bertholdia flavidorsata"
Insecta,Lepidoptera,Erebidae,"Bertholdia crocea"
Equisetopsida,Ranunculales,Berberidaceae,"Berberis humbertiana"
Equisetopsida,Ranunculales,Berberidaceae,"Berberis dryandriphylla"
Equisetopsida,Ranunculales,Berberidaceae,"Berberis commutata"
Equisetopsida,Asparagales,Orchidaceae,"Scaphyglottis summersii"
Equisetopsida,Ranunculales,Berberidaceae,"Berberis boliviana"
Equisetopsida,Celastrales,Celastraceae,"Schaefferia argentinensis"
Equisetopsida,Celastrales,Celastraceae,"Schaefferia dietheri"
Aves,Passeriformes,Parulidae,"Myioborus melanocephalus"
Equisetopsida,Asterales,Asteraceae,"Bellis perennis"
Equisetopsida,Ericales,Ericaceae,"Bejaria aestuans"
Equisetopsida,Lamiales,Lamiaceae,"Minthostachys verticillata"
Equisetopsida,Laurales,Lauraceae,"Beilschmiedia tovarensis"
Equisetopsida,Cucurbitales,Begoniaceae,"Begonia veitchii"
Equisetopsida,Caryophyllales,Petiveriaceae,"Schindleria densiflora"
Equisetopsida,Caryophyllales,Petiveriaceae,"Schindleria tomentosa"
Equisetopsida,Sapindales,Anacardiaceae,"Schinus microphyllus"
Equisetopsida,Sapindales,Anacardiaceae,"Schinus molle"
Equisetopsida,Sapindales,Anacardiaceae,"Schinus pearcei"
Equisetopsida,Cucurbitales,Begoniaceae,"Begonia prionophylla"
Equisetopsida,Cucurbitales,Begoniaceae,"Begonia pleiopetala"
Equisetopsida,Cucurbitales,Begoniaceae,"Begonia peruviana"
Equisetopsida,Cucurbitales,Begoniaceae,"Begonia parviflora"
Equisetopsida,Cucurbitales,Begoniaceae,"Begonia octopetala"
Equisetopsida,Cucurbitales,Begoniaceae,"Begonia glabra"
Equisetopsida,Cucurbitales,Begoniaceae,"Begonia erythrocarpa"
Equisetopsida,Poales,Poaceae,"Schizachyrium condensatum"
Equisetopsida,Cucurbitales,Begoniaceae,"Begonia cyathophora"
Equisetopsida,Cucurbitales,Begoniaceae,"Begonia cucullata"
Equisetopsida,Cucurbitales,Begoniaceae,"Begonia bracteosa"
Equisetopsida,Asparagales,Orchidaceae,"Beclardia macrostachys"
Equisetopsida,Poales,Poaceae,"Schizachyrium tenerum"
Equisetopsida,Myrtales,Melastomataceae,"Miconia dipsacea"
Equisetopsida,Gentianales,Gentianaceae,"Macrocarpaea corymbosa"
Insecta,Lepidoptera,Papilionidae,"Battus madyes montebanus"
Equisetopsida,Rosales,Moraceae,"Batocarpus orinocensis"
Insecta,Lepidoptera,Erebidae,"Macrocneme immanis"
Equisetopsida,Asparagales,Orchidaceae,"Baskervilla machupicchuensis"
Aves,Passeriformes,Parulidae,"Basileuterus tristriatus"
Equisetopsida,Myrtales,Melastomataceae,"Miconia densifolia"
Equisetopsida,Caryophyllales,Basellaceae,"Basella alba"
Equisetopsida,Myrtales,Melastomataceae,"Miconia demissifolia"
Aves,Coraciiformes,Momotidae,"Baryphthengus martii"
Equisetopsida,Myrtales,Melastomataceae,"Miconia cyanocarpa"
Equisetopsida,Asterales,Asteraceae,"Barnadesia polyacantha"
Equisetopsida,Asterales,Asteraceae,"Barnadesia horrida"
Equisetopsida,Asterales,Asteraceae,"Barnadesia corymbosa"
Equisetopsida,Santalales,Schoepfiaceae,"Schoepfia flexuosa"
Equisetopsida,Asparagales,Orchidaceae,"Barbosella cucullata"
Equisetopsida,Ericales,Marcgraviaceae,"Schwartzia magnifica"
Equisetopsida,Ericales,Marcgraviaceae,"Schwartzia weddelliana"
Equisetopsida,Malpighiales,Salicaceae,"Banara guianensis"
Equisetopsida,Myrtales,Melastomataceae,"Miconia cookii"
Equisetopsida,Orthotrichales,Orthotrichaceae,"Macromitrium longifolium"
Equisetopsida,Malvales,Malvaceae,"Melochia pilosa"
Equisetopsida,Myrtales,Melastomataceae,"Miconia chionophila"
Equisetopsida,Myrtales,Melastomataceae,"Miconia calvescens"
Equisetopsida,Myrtales,Melastomataceae,"Miconia caerulea"
Equisetopsida,Myrtales,Melastomataceae,"Miconia bullata"
Equisetopsida,Fabales,Fabaceae,"Macroptilium erythroloma"
Equisetopsida,Apiales,Araliaceae,"Sciodaphyllum herzogii"
Equisetopsida,Asterales,Asteraceae,"Baccharis venosa"
Aves,Passeriformes,Tyrannidae,"Myiarchus tuberculifer"
Equisetopsida,Asterales,Asteraceae,"Baccharis rufidula"
Equisetopsida,Asterales,Asteraceae,"Baccharis rhexioides"
Equisetopsida,Asterales,Asteraceae,"Baccharis quitensis"
Equisetopsida,Asterales,Asteraceae,"Baccharis papillosa"
Equisetopsida,Asterales,Asteraceae,"Baccharis nitida"
Equisetopsida,Asterales,Asteraceae,"Baccharis linearifolia"
Equisetopsida,Asterales,Asteraceae,"Baccharis latifolia"
Equisetopsida,Asterales,Asteraceae,"Baccharis johnwurdackiana"
Insecta,Lepidoptera,Nymphalidae,"Magneuptychia mimas"
Equisetopsida,Asterales,Asteraceae,"Baccharis cinerea"
Equisetopsida,Asterales,Asteraceae,"Baccharis caespitosa"
Equisetopsida,Asterales,Asteraceae,"Baccharis buxifolia"
Equisetopsida,Asterales,Asteraceae,"Baccharis boliviensis"
Equisetopsida,Apiales,Apiaceae,"Azorella crenata"
Equisetopsida,Asterales,Asteraceae,"Ayapanopsis andina"
Equisetopsida,Poales,Poaceae,"Axonopus scoparius"
Equisetopsida,Poales,Poaceae,"Axonopus mathewsii"
Equisetopsida,Poales,Poaceae,"Axonopus elegantulus"
Equisetopsida,Myrtales,Melastomataceae,"Axinaea weberbaueri"
Equisetopsida,Myrtales,Melastomataceae,"Axinaea lanceolata"
Equisetopsida,Myrtales,Melastomataceae,"Axinaea dependens"
Equisetopsida,Myrtales,Melastomataceae,"Miconia barbeyana"
Equisetopsida,Poales,Poaceae,"Avena sterilis"
Equisetopsida,Lamiales,Plantaginaceae,"Scoparia dulcis"
Equisetopsida,Poales,Poaceae,"Avena sativa"
Equisetopsida,Myrtales,Melastomataceae,"Miconia aurea"
Aves,Passeriformes,Rhinocryptidae,"Scytalopus atratus"
Aves,Galbuliformes,Bucconidae,"Malacoptila fulvogularis"
Aves,Passeriformes,Rhinocryptidae,"Scytalopus parvirostris"
Aves,Passeriformes,Tyrannidae,"Myiarchus cephalotes"
Aves,Passeriformes,Rhinocryptidae,"Scytalopus schulenbergi"
Insecta,Lepidoptera,Nymphalidae,"Mygona prochyta chyprota"
Aves,Passeriformes,Rhinocryptidae,"Scytalopus simonsi"
Aves,Passeriformes,Rhinocryptidae,"Scytalopus urubambae"
Equisetopsida,Malpighiales,Euphorbiaceae,"Sebastiania obtusifolia"
Equisetopsida,Asterales,Asteraceae,"Austroeupatorium inulaefolium"
Equisetopsida,Caryophyllales,Cactaceae,"Austrocylindropuntia subulata"
Equisetopsida,Asparagales,Orchidaceae,"Aa mathewsii"
Equisetopsida,Polypodiales,Blechnaceae,"Austroblechnum andinum"
Equisetopsida,Poales,Poaceae,"Aulonemia longiaristata"
Equisetopsida,Poales,Poaceae,"Aulonemia humillima"
Equisetopsida,Poales,Poaceae,"Aulonemia hirtula"
Equisetopsida,Lamiales,Gesneriaceae,"Seemannia sylvatica"
Equisetopsida,Poales,Poaceae,"Aulonemia haenkei"
Aves,Piciformes,Ramphastidae,"Aulacorhynchus coeruleicinctis"
Equisetopsida,Lamiales,Lamiaceae,"Melissa officinalis"
Aves,Piciformes,Ramphastidae,"Aulacorhynchus albivitta"
Equisetopsida,Asparagales,Orchidaceae,"Malaxis andicola"
Equisetopsida,Asparagales,Orchidaceae,"Malaxis excavata"
Equisetopsida,Asparagales,Orchidaceae,"Malaxis fastigiata"
Equisetopsida,Selaginellales,Selaginellaceae,"Selaginella hartwegiana"
Aves,Passeriformes,Tyrannidae,"Mionectes striaticollis"
Equisetopsida,Selaginellales,Selaginellaceae,"Selaginella novae-hollandiae"
Equisetopsida,Myrtales,Melastomataceae,"Miconia alpina"
Equisetopsida,Selaginellales,Selaginellaceae,"Selaginella poeppigiana"
Equisetopsida,Selaginellales,Selaginellaceae,"Selaginella radiata"
Equisetopsida,Selaginellales,Selaginellaceae,"Selaginella trisulcata"
Equisetopsida,Laurales,Lauraceae,"Aiouea montana"
Equisetopsida,Myrtales,Melastomataceae,"Miconia adinantha"
Equisetopsida,Caryophyllales,Nyctaginaceae,"Mirabilis prostrata"
Aves,Passeriformes,Turdidae,"Myadestes ralloides"
Aves,Charadriiformes,Thinocoridae,"Attagis gayi"
Equisetopsida,Myrtales,Melastomataceae,"Miconia acantifolia"
Equisetopsida,Hypnales,Sematophyllaceae,"Sematophyllum cuspidiferum"
Equisetopsida,Hypnales,Sematophyllaceae,"Sematophyllum subpinnatum"
Reptilia,Serpentes,Dipsadidae,"Atractus occipitoalbus"
Reptilia,Serpentes,Dipsadidae,"Atractus emmeli"
Equisetopsida,Rosales,Rosaceae,"Malus domestica"
Equisetopsida,Asterales,Asteraceae,"Mutisia venusta"
Reptilia,Serpentes,Dipsadidae,"Atractus crassicaudatus"
Equisetopsida,Malvales,Malvaceae,"Malva parviflora"
Insecta,Lepidoptera,Lycaenidae,"Atlides habila"
Aves,Passeriformes,Passerellidae,"Atlapetes tricolor"
Aves,Passeriformes,Passerellidae,"Atlapetes schistaceus"
Equisetopsida,Asterales,Asteraceae,"Senecio castanaefolius"
Aves,Passeriformes,Passerellidae,"Atlapetes canigenis"
Aves,Strigiformes,Strigidae,"Athene cunicularia"
Equisetopsida,Asterales,Asteraceae,"Mutisia lanata"
Equisetopsida,Asterales,Asteraceae,"Mutisia cochabambensis"
Equisetopsida,Asterales,Asteraceae,"Senecio sailapatensis"
Mammalia,Didelphimorphia,Didelphidae,"Monodelphis (Mygalodelphys) peruviana"
Equisetopsida,Asterales,Asteraceae,"Senecio tephrosioides"
Equisetopsida,Gentianales,Apocynaceae,"Mandevilla cuspidata"
Insecta,Lepidoptera,Hesperiidae,"Astraptes galesus galesus"
Aves,Passeriformes,Tyrannidae,"Muscisaxicola rufivertex"
Equisetopsida,Asterales,Asteraceae,"Senecio vulgaris"
Equisetopsida,Asterales,Asteraceae,"Senecio yalusay"
Equisetopsida,Malpighiales,Euphorbiaceae,"Acalypha peruviana"
Equisetopsida,Gentianales,Apocynaceae,"Mandevilla sandemanii"
Equisetopsida,Fabales,Fabaceae,"Astragalus garbancillo"
Equisetopsida,Malpighiales,Euphorbiaceae,"Acalypha macrostachya"
Insecta,Lepidoptera,Sphingidae,"Manduca lichenea"
Aves,Passeriformes,Furnariidae,"Asthenes wyatti"
Equisetopsida,Fabales,Fabaceae,"Senna birostris"
Aves,Passeriformes,Furnariidae,"Asthenes virgata"
Aves,Passeriformes,Furnariidae,"Asthenes urubambensis"
Equisetopsida,Fabales,Fabaceae,"Senna mandonii"
Equisetopsida,Fabales,Fabaceae,"Senna multiglandulosa"
Equisetopsida,Fabales,Fabaceae,"Senna multijuga"
Aves,Passeriformes,Furnariidae,"Asthenes ottonis"
Mammalia,Didelphimorphia,Didelphidae,"Monodelphis (Mygalodelphys) osgoodi"
Aves,Passeriformes,Furnariidae,"Asthenes modesta"
Insecta,Lepidoptera,Nymphalidae,"Manerebia cyclopella"
Aves,Passeriformes,Furnariidae,"Asthenes humilis"
Aves,Passeriformes,Furnariidae,"Asthenes helleri"
Equisetopsida,Fabales,Fabaceae,"Senna vargasii"
Insecta,Lepidoptera,Nymphalidae,"Manerebia reducta"
Aves,Passeriformes,Tyrannidae,"Muscisaxicola maculirostris"
Insecta,Lepidoptera,Hesperiidae,"Serdis statius dives"
Insecta,Lepidoptera,Lycaenidae,"Micandra dignota"
Equisetopsida,Asterales,Asteraceae,"Asplundianthus trachyphyllus"
Aves,Passeriformes,Tyrannidae,"Muscisaxicola juninensis"
Equisetopsida,Sapindales,Sapindaceae,"Serjania inflata"
Equisetopsida,Sapindales,Sapindaceae,"Serjania inscripta"
Aves,Passeriformes,Tyrannidae,"Mitrephanes olivaceus"
Equisetopsida,Polypodiales,Aspleniaceae,"Asplenium triphyllum"
Equisetopsida,Polypodiales,Aspleniaceae,"Asplenium sulcatum"
Equisetopsida,Gentianales,Rubiaceae,"Manettia peruviana"
Equisetopsida,Sapindales,Sapindaceae,"Serjania sufferruginea"
Equisetopsida,Gentianales,Rubiaceae,"Manettia poliodes"
Equisetopsida,Polypodiales,Aspleniaceae,"Asplenium myriophyllum"
Equisetopsida,Polypodiales,Aspleniaceae,"Asplenium monanthes"
Equisetopsida,Polypodiales,Aspleniaceae,"Asplenium laetum"
Equisetopsida,Polypodiales,Aspleniaceae,"Asplenium dimidiatum"
Equisetopsida,Polypodiales,Aspleniaceae,"Asplenium cuspidatum"
Equisetopsida,Polypodiales,Aspleniaceae,"Asplenium cristatum"
Equisetopsida,Proteales,Sabiaceae,"Meliosma peytonii"
Equisetopsida,Polypodiales,Aspleniaceae,"Asplenium aethiopicum"
Equisetopsida,Sapindales,Anacardiaceae,"Mangifera indica"
Equisetopsida,Malpighiales,Euphorbiaceae,"Manihot esculenta"
Equisetopsida,Hypnales,Hypnaceae,"Mittenothamnium reptans"
Aves,Passeriformes,Tyrannidae,"Muscisaxicola griseus"
Aves,Passeriformes,Tyrannidae,"Serpophaga cinerea"
Equisetopsida,Asparagales,Orchidaceae,"Aspidogyne repens"
Aves,Passeriformes,Thraupidae,"Asemospiza obscura"
Equisetopsida,Gentianales,Apocynaceae,"Asclepias curassavica"
Aves,Passeriformes,Tyrannidae,"Muscisaxicola flavinucha"
Equisetopsida,Brassicales,Brassicaceae,"Aschersoniodoxa pilosa"
Equisetopsida,Poales,Poaceae,"Arundo donax"
Aves,Passeriformes,Tyrannidae,"Muscisaxicola cinereus"
Equisetopsida,Malpighiales,Euphorbiaceae,"Acalypha bullata"
Equisetopsida,Solanales,Solanaceae,"Sessea dependens"
Equisetopsida,Solanales,Solanaceae,"Sessea weberbaueri"
Aves,Passeriformes,Tyrannidae,"Muscisaxicola alpinus"
Mammalia,Chiroptera,Phyllostomidae,"Artibeus glaucus"
Equisetopsida,Poales,Poaceae,"Setaria parviflora"
Mammalia,Chiroptera,Phyllostomidae,"Artibeus anderseni"
Aves,Passeriformes,Parulidae,"Setophaga cerulea"
Aves,Passeriformes,Tyrannidae,"Muscisaxicola albilora"
Aves,Passeriformes,Passerellidae,"Arremon torquatus"
Aves,Passeriformes,Parulidae,"Setophaga fusca"
Aves,Passeriformes,Passerellidae,"Arremon brunneinucha"
Aves,Passeriformes,Parulidae,"Setophaga pitiayumi"
Aves,Passeriformes,Passerellidae,"Arremon assimilis"
Aves,Columbiformes,Columbidae,"Metriopelia melanoptera"
Equisetopsida,Apiales,Apiaceae,"Arracacia xanthorrhiza"
Aves,Passeriformes,Tyrannidae,"Muscisaxicola albifrons"
Equisetopsida,Piperales,Aristolochiaceae,"Aristolochia killipiana"
Aves,Passeriformes,Thraupidae,"Sicalis olivascens"
Equisetopsida,Poales,Poaceae,"Aristida adscensionis"
Equisetopsida,Asterales,Asteraceae,"Aristeguietia discolor"
Aves,Passeriformes,Thraupidae,"Sicalis uropygialis"
Equisetopsida,Polypodiales,Pteridaceae,"Argyrochosma nivea"
Equisetopsida,Caryophyllales,Caryophyllaceae,"Arenaria lanuginosa"
Equisetopsida,Malvales,Malvaceae,"Sida rhombifolia"
Equisetopsida,Ericales,Primulaceae,"Ardisia ambigua"
Equisetopsida,Malvales,Malvaceae,"Sidastrum paniculatum"
Aves,Pelecaniformes,Ardeidae,"Ardea cocoi"
Equisetopsida,Porellales,Lejeuneaceae,"Marchesinia brachiata"
Equisetopsida,Asterales,Asteraceae,"Sigesbeckia serrata"
Aves,Passeriformes,Tyrannidae,"Megarynchus pitangua"
Aves,Pelecaniformes,Ardeidae,"Ardea alba"
Aves,Columbiformes,Columbidae,"Metriopelia ceciliae"
Equisetopsida,Rosales,Rosaceae,"Acaena elongata"
Equisetopsida,Gentianales,Rubiaceae,"Arcytophyllum thymifolium"
Equisetopsida,Gentianales,Rubiaceae,"Arcytophyllum setosum"
Equisetopsida,Gentianales,Rubiaceae,"Arcytophyllum peruvianum"
Equisetopsida,Zingiberales,Musaceae,"Musa paradisiaca"
Equisetopsida,Zingiberales,Musaceae,"Musa acuminata"
Aves,Passeriformes,Furnariidae,"Margarornis squamiger"
Equisetopsida,Malvales,Muntingiaceae,"Muntingia calabura"
Equisetopsida,Asterales,Asteraceae,"Munnozia venosissima"
Equisetopsida,Asterales,Asteraceae,"Munnozia trinervis"
Equisetopsida,Laurales,Siparunaceae,"Siparuna aspera"
Equisetopsida,Laurales,Siparunaceae,"Siparuna cuspidata"
Equisetopsida,Asterales,Asteraceae,"Munnozia senecionidis"
Equisetopsida,Apiales,Araliaceae,"Aralia soratensis"
Equisetopsida,Laurales,Siparunaceae,"Siparuna decipiens"
Equisetopsida,Laurales,Siparunaceae,"Siparuna echinata"
Equisetopsida,Fabales,Fabaceae,"Arachis prostrata"
Equisetopsida,Fabales,Fabaceae,"Arachis hypogaea"
Equisetopsida,Malvales,Malvaceae,"Abutilon grandifolium"
Equisetopsida,Laurales,Siparunaceae,"Siparuna lepidota"
Insecta,Lepidoptera,Hesperiidae,"Mnestheus ittona"
Equisetopsida,Laurales,Siparunaceae,"Siparuna muricata"
Equisetopsida,Laurales,Siparunaceae,"Siparuna petiolaris"
Equisetopsida,Asterales,Asteraceae,"Munnozia herrerae"
Equisetopsida,Laurales,Siparunaceae,"Siparuna subinodora"
Equisetopsida,Asterales,Asteraceae,"Munnozia hastifolia"
Equisetopsida,Laurales,Siparunaceae,"Siparuna thecaphora"
Equisetopsida,Cucurbitales,Cucurbitaceae,"Apodanthera mandonii"
Equisetopsida,Apiales,Apiaceae,"Apium graveolens"
Equisetopsida,Asterales,Asteraceae,"Munnozia foliosa"
Equisetopsida,Asterales,Asteraceae,"Munnozia angusta"
Equisetopsida,Poales,Poaceae,"Muhlenbergia tenuissima"
Equisetopsida,Laurales,Siparunaceae,"Siparuna tomentosa"
Equisetopsida,Fabales,Polygalaceae,"Monnina salicifolia"
Equisetopsida,Hypnales,Meteoriaceae,"Meteoriopsis remotifolia"
Equisetopsida,Poales,Poaceae,"Muhlenbergia rigida"
Equisetopsida,Asterales,Campanulaceae,"Siphocampylus actinothrix"
Equisetopsida,Poales,Poaceae,"Muhlenbergia peruviana"
Mammalia,Rodentia,Cricetidae,"Oligoryzomys destructor"
Equisetopsida,Asterales,Campanulaceae,"Siphocampylus boliviensis"
Equisetopsida,Malpighiales,Phyllanthaceae,"Hieronyma oblonga"
Equisetopsida,Malpighiales,Phyllanthaceae,"Hieronyma andina"
Insecta,Lepidoptera,Nymphalidae,"Ollantaya canilla"
Equisetopsida,Asterales,Asteraceae,"Hieracium neoherrerae"
Equisetopsida,Malvales,Malvaceae,"Hibiscus rosa-sinensis"
Equisetopsida,Porellales,Lejeuneaceae,"Omphalanthus filiformis"
Equisetopsida,Asterales,Campanulaceae,"Siphocampylus corynoides"
Equisetopsida,Malpighiales,Phyllanthaceae,"Hieronyma scabra"
Equisetopsida,Malpighiales,Phyllanthaceae,"Hieronyma scabrida"
Equisetopsida,Asterales,Campanulaceae,"Siphocampylus dependens"
Equisetopsida,Lamiales,Acanthaceae,"Aphelandra eurystoma"
Insecta,Lepidoptera,Nymphalidae,"Higginsius fasciatus"
Equisetopsida,Asterales,Campanulaceae,"Siphocampylus krauseanus"
Insecta,Lepidoptera,Nymphalidae,"Oleria padilla"
Equisetopsida,Poales,Poaceae,"Heteropogon melanocarpus"
Equisetopsida,Asparagales,Orchidaceae,"Oncidium auroincarum"
Equisetopsida,Poales,Poaceae,"Heteropogon contortus"
Equisetopsida,Caryophyllales,Petiveriaceae,"Hilleria longifolia"
Mammalia,Didelphimorphia,Didelphidae,"Marmosa (Marmosa) macrotarsus"
Insecta,Lepidoptera,Nymphalidae,"Oleria mekrena"
Equisetopsida,Asparagales,Iridaceae,"Hesperoxiphion peruvianum"
Equisetopsida,Asparagales,Orchidaceae,"Oncidium epidendroides"
Equisetopsida,Rosales,Rosaceae,"Hesperomeles pernettyoides"
Equisetopsida,Rosales,Rosaceae,"Hesperomeles palcensis"
Equisetopsida,Rosales,Rosaceae,"Hesperomeles obtusifolia"
Equisetopsida,Rosales,Rosaceae,"Hesperomeles latifolia"
Equisetopsida,Asparagales,Orchidaceae,"Oncidium koechlinianum"
Equisetopsida,Rosales,Rosaceae,"Hesperomeles lanuginosa"
Equisetopsida,Asparagales,Orchidaceae,"Oncidium machupicchuense"
Equisetopsida,Rosales,Rosaceae,"Hesperomeles heterophylla"
Equisetopsida,Rosales,Rosaceae,"Hesperomeles gayana"
Equisetopsida,Asparagales,Orchidaceae,"Oncidium pentadactylon"
Equisetopsida,Asparagales,Orchidaceae,"Oncidium praestanoides"
Equisetopsida,Asparagales,Orchidaceae,"Oncidium retusum"
Equisetopsida,Rosales,Rosaceae,"Hesperomeles escalloniifolia"
Insecta,Lepidoptera,Pieridae,"Hesperocharis nereina"
Insecta,Lepidoptera,Pieridae,"Hesperocharis marchali"
Equisetopsida,Asterales,Campanulaceae,"Siphocampylus stenolobus"
Insecta,Lepidoptera,Nymphalidae,"Oleria derondina"
Insecta,Lepidoptera,Erebidae,"Opharus procroides"
Equisetopsida,Asterales,Campanulaceae,"Siphocampylus tupaeformis var. tupaeformis"
Insecta,Lepidoptera,Nymphalidae,"Hermeuptychia atalanta"
Equisetopsida,Ericales,Ericaceae,"Siphonandra elliptica"
Aves,Charadriiformes,Recurvirostridae,"Himantopus mexicanus"
Insecta,Lepidoptera,Papilionidae,"Heraclides paeon paeon"
Equisetopsida,Ophioglossales,Ophioglossaceae,"Ophioglossum reticulatum"
Equisetopsida,Asterales,Asteraceae,"Ophryosporus macrodon"
Aves,Passeriformes,Troglodytidae,"Henicorhina leucophrys"
Equisetopsida,Asparagales,Amaryllidaceae,"Hippeastrum cuzcoense"
Equisetopsida,Asparagales,Amaryllidaceae,"Hippeastrum forgetii"
Equisetopsida,Myrtales,Myrtaceae,"Siphoneugena dussii"
Equisetopsida,Asparagales,Amaryllidaceae,"Hippeastrum machupijchense"
Aves,Passeriformes,Tyrannidae,"Hemitriccus granadensis"
Equisetopsida,Myrtales,Onagraceae,"Oenothera versicolor"
Equisetopsida,Asterales,Asteraceae,"Ageratina gloeoclada"
Equisetopsida,Poales,Poaceae,"Oplismenus hirtellus"
Equisetopsida,Asparagales,Amaryllidaceae,"Hippeastrum puniceum"
Insecta,Lepidoptera,Nymphalidae,"Opoptera arsippe arsippe"
Equisetopsida,Myrtales,Onagraceae,"Oenothera rosea"
Mammalia,Cetartiodactyla,Cervidae,"Hippocamelus antisensis"
Equisetopsida,Polypodiales,Pteridaceae,"Hemionitis poeppigiana"
Equisetopsida,Polypodiales,Pteridaceae,"Hemionitis chlorophylla"
Equisetopsida,Caryophyllales,Cactaceae,"Opuntia ficus-indica"
Insecta,Lepidoptera,Erebidae,"Hemihyalea watkinsi"
Insecta,Lepidoptera,Erebidae,"Hemihyalea fulvizonata"
Insecta,Lepidoptera,Nymphalidae,"Siproeta epaphus epaphus"
Mammalia,Didelphimorphia,Didelphidae,"Marmosa (Stegomarmosa) andersoni"
Insecta,Lepidoptera,Lycaenidae,"Hemiargus hanno bogotanus"
Equisetopsida,Myrtales,Onagraceae,"Oenothera multicaulis"
Equisetopsida,Proteales,Proteaceae,"Oreocallis grandiflora"
Equisetopsida,Celastrales,Celastraceae,"Hippocratea volubilis"
Equisetopsida,Poales,Poaceae,"Sporobolus indicus"
Equisetopsida,Boraginales,Boraginaceae,"Heliotropium pilosum"
Equisetopsida,Apiales,Apiaceae,"Oreomyrrhis andicola"
Aves,Apodiformes,Trochilidae,"Oreonympha nobilis"
Equisetopsida,Boraginales,Heliotropiaceae,"Heliotropium mandonii"
Equisetopsida,Apiales,Araliaceae,"Oreopanax apurimacensis"
Equisetopsida,Apiales,Araliaceae,"Oreopanax artocarpoides"
Equisetopsida,Apiales,Araliaceae,"Oreopanax capitatus"
Equisetopsida,Apiales,Araliaceae,"Oreopanax cuspidatus"
Equisetopsida,Apiales,Araliaceae,"Oreopanax incisus"
Equisetopsida,Apiales,Araliaceae,"Oreopanax ischnolobus"
Equisetopsida,Apiales,Araliaceae,"Oreopanax ruizii"
Equisetopsida,Apiales,Araliaceae,"Oreopanax stenophyllus"
Equisetopsida,Apiales,Araliaceae,"Oreopanax urubambanus"
Equisetopsida,Apiales,Araliaceae,"Oreopanax weberbaueri"
Aves,Apodiformes,Trochilidae,"Oreotrochilus estella"
Insecta,Lepidoptera,Hesperiidae,"Heliopetes omrina"
Insecta,Lepidoptera,Hesperiidae,"Heliopetes laviana libra"
Insecta,Lepidoptera,Hesperiidae,"Heliopetes arsalte arsalte"
Insecta,Lepidoptera,Nymphalidae,"Oressinoma sorata sorata"
Aves,Anseriformes,Anatidae,"Oressochen melanopterus"
Equisetopsida,Lamiales,Lamiaceae,"Origanum vulgare"
Equisetopsida,Malvales,Malvaceae,"Heliocarpus americanus"
Equisetopsida,Asterales,Asteraceae,"Oritrophium peruvianum"
Insecta,Lepidoptera,Nymphalidae,"Heliconius telesiphe telesiphe"
Aves,Passeriformes,Tyrannidae,"Hirundinea ferruginea"
Equisetopsida,Zingiberales,Heliconiaceae,"Heliconia subulata"
Insecta,Lepidoptera,Riodinidae,"Siseme neurodes caudalis"
Aves,Passeriformes,Hirundinidae,"Orochelidon andecola"
Equisetopsida,Zingiberales,Heliconiaceae,"Heliconia psittacorum"
Aves,Passeriformes,Hirundinidae,"Hirundo rustica"
Aves,Passeriformes,Hirundinidae,"Orochelidon flavipes"
Equisetopsida,Brassicales,Brassicaceae,"Sisymbrium orientale"
Aves,Passeriformes,Hirundinidae,"Orochelidon murina"
Equisetopsida,Asparagales,Iridaceae,"Sisyrinchium brevipes"
Equisetopsida,Asparagales,Orchidaceae,"Oeceoclades maculata"
Insecta,Lepidoptera,Nymphalidae,"Orophila diotima"
Equisetopsida,Asterales,Asteraceae,"Ageratum conyzoides"
Equisetopsida,Gentianales,Rubiaceae,"Hoffmannia latifolia"
Equisetopsida,Zingiberales,Heliconiaceae,"Heliconia acuminata"
Equisetopsida,Asterales,Asteraceae,"Helianthus annuus"
Aves,Apodiformes,Trochilidae,"Heliangelus amethysticollis"
Aves,Passeriformes,Troglodytidae,"Odontorchilus branickii"
Equisetopsida,Ericales,Ericaceae,"Orthaea ignea"
Equisetopsida,Ericales,Ericaceae,"Orthaea weberbauerii"
Equisetopsida,Asterales,Asteraceae,"Ageratina glechonophylla"
Equisetopsida,Asparagales,Orchidaceae,"Hofmeisterella eumicroscopica"
Equisetopsida,Chloranthales,Chloranthaceae,"Hedyosmum tepuiense"
Equisetopsida,Chloranthales,Chloranthaceae,"Hedyosmum scabrum"
Equisetopsida,Asterales,Asteraceae,"Orthopappus angustifolius"
Equisetopsida,Asparagales,Iridaceae,"Sisyrinchium chilense"
Equisetopsida,Chloranthales,Chloranthaceae,"Hedyosmum racemosum"
Equisetopsida,Chloranthales,Chloranthaceae,"Hedyosmum maximum"
Equisetopsida,Chloranthales,Chloranthaceae,"Hedyosmum cuatrecazanum"
Aves,Galliformes,Odontophoridae,"Odontophorus speciosus"
Equisetopsida,Chloranthales,Chloranthaceae,"Hedyosmum angustifolium"
Equisetopsida,Zingiberales,Zingiberaceae,"Hedychium coronarium"
Equisetopsida,Apiales,Araliaceae,"Hedera helix"
Equisetopsida,Asparagales,Iridaceae,"Sisyrinchium convolutum"
Insecta,Lepidoptera,Nymphalidae,"Ortilia gentina"
Equisetopsida,Asterales,Asteraceae,"Ageratina gilbertii"
Equisetopsida,Asparagales,Iridaceae,"Sisyrinchium palmifolium"
Equisetopsida,Asterales,Asteraceae,"Ageratina cuzcoensis"
Equisetopsida,Poales,Poaceae,"Hordeum vulgare"
Equisetopsida,Poales,Poaceae,"Muhlenbergia diversiglumis"
Equisetopsida,Asparagales,Iridaceae,"Sisyrinchium pusillum"
Insecta,Lepidoptera,Nymphalidae,"Antopedaliodes antoniaquincedis"
Equisetopsida,Poales,Poaceae,"Muhlenbergia bryophilus"
Equisetopsida,Lamiales,Plantaginaceae,"Antirrhinum majus"
Mammalia,Didelphimorphia,Didelphidae,"Marmosops (Marmosops) noctivagus"
Aves,Apodiformes,Trochilidae,"Aglaeactis castelnaudii"
Aves,Passeriformes,Thraupidae,"Haplospiza rustica"
Aves,Apodiformes,Trochilidae,"Haplophaedia assimilis"
Aves,Galliformes,Odontophoridae,"Odontophorus balliviani"
Equisetopsida,Magnoliales,Myristicaceae,"Osteophloeum platyspermum"
Equisetopsida,Fabales,Fabaceae,"Otholobium glandulosum"
Equisetopsida,Gentianales,Rubiaceae,"Hamelia patens"
Equisetopsida,Fabales,Fabaceae,"Otholobium munyense"
Equisetopsida,Fabales,Fabaceae,"Otholobium pubescens"
Equisetopsida,Ranunculales,Menispermaceae,"Odontocarya rusbyi"
Insecta,Lepidoptera,Erebidae,"Halysidota intensa"
Equisetopsida,Gentianales,Gentianaceae,"Halenia weddelliana"
Equisetopsida,Gentianales,Gentianaceae,"Halenia umbellata"
Aves,Passeriformes,Thraupidae,"Sporathraupis cyanocephala"
Equisetopsida,Asparagales,Orchidaceae,"Otoglossum scansor"
Aves,Passeriformes,Motacillidae,"Anthus furcatus"
Aves,Apodiformes,Trochilidae,"Aglaeactis cupripennis"
Aves,Passeriformes,Motacillidae,"Anthus correndera"
Insecta,Lepidoptera,Erebidae,"Hyaleucerea morosa"
Equisetopsida,Lamiales,Plantaginaceae,"Ourisia chamaedrifolia"
Equisetopsida,Oxalidales,Oxalidaceae,"Oxalis boliviana"
Equisetopsida,Oxalidales,Oxalidaceae,"Oxalis corniculata"
Insecta,Lepidoptera,Nymphalidae,"Hyalyris latilimbata fassli"
Insecta,Lepidoptera,Nymphalidae,"Hyalyris ocna atagalpa"
Equisetopsida,Oxalidales,Oxalidaceae,"Oxalis medicaginea"
Equisetopsida,Asparagales,Orchidaceae,"Habenaria uncatiloba"
Equisetopsida,Asparagales,Orchidaceae,"Habenaria repens"
Equisetopsida,Asparagales,Orchidaceae,"Habenaria parvidens"
Equisetopsida,Asparagales,Orchidaceae,"Habenaria obtusa"
Equisetopsida,Oxalidales,Oxalidaceae,"Oxalis peduncularis"
Equisetopsida,Asparagales,Orchidaceae,"Habenaria monorrhiza"
Equisetopsida,Asparagales,Orchidaceae,"Habenaria ligulata"
Equisetopsida,Asparagales,Orchidaceae,"Habenaria hexaptera"
Equisetopsida,Oxalidales,Oxalidaceae,"Oxalis phaeotricha"
Equisetopsida,Oxalidales,Oxalidaceae,"Oxalis ptychoclada"
Equisetopsida,Oxalidales,Oxalidaceae,"Oxalis sanmiguelii"
Equisetopsida,Asparagales,Orchidaceae,"Habenaria guentheriana"
Equisetopsida,Oxalidales,Oxalidaceae,"Oxalis sanmiguelii subsp. san-miguelii"
Equisetopsida,Oxalidales,Oxalidaceae,"Oxalis sanmiguelii subsp. urubambensis"
Equisetopsida,Asparagales,Orchidaceae,"Habenaria corydophora"
Equisetopsida,Oxalidales,Oxalidaceae,"Oxalis spiralis"
Equisetopsida,Oxalidales,Oxalidaceae,"Oxalis teneriensis"
Equisetopsida,Asterales,Asteraceae,"Gynoxys rugulosa"
Equisetopsida,Asterales,Asteraceae,"Gynoxys poggeana"
Equisetopsida,Asterales,Asteraceae,"Gynoxys pillahuatensis"
Equisetopsida,Oxalidales,Oxalidaceae,"Oxalis urubambensis"
Equisetopsida,Asterales,Asteraceae,"Gynoxys oleifolia"
Equisetopsida,Asterales,Asteraceae,"Gynoxys nitida"
Equisetopsida,Asterales,Asteraceae,"Gynoxys marcapatana"
Equisetopsida,Asterales,Asteraceae,"Gynoxys longifolia"
Equisetopsida,Asterales,Asteraceae,"Gynoxys infralanata"
Equisetopsida,Asterales,Asteraceae,"Gynoxys cuzcoensis"
Equisetopsida,Asterales,Asteraceae,"Gynoxys cusilluyocana"
Equisetopsida,Asterales,Asteraceae,"Gynoxys baccharoides"
Equisetopsida,Poales,Poaceae,"Gynerium sagittatum"
Equisetopsida,Cornales,Hydrangeaceae,"Hydrangea macrophylla"
Mammalia,Cetartiodactyla,Cervidae,"Odocoileus peruvianus"
Insecta,Lepidoptera,Nymphalidae,"Oxeoschistus pronax pronax"
Equisetopsida,Gentianales,Apocynaceae,"Oxypetalum appendiculatum"
Insecta,Lepidoptera,Hesperiidae,"Metardaris cosinga catana"
Reptilia,Serpentes,Dipsadidae,"Oxyrhopus erdisii"
Aves,Passeriformes,Motacillidae,"Anthus bogotensis"
Reptilia,Serpentes,Dipsadidae,"Oxyrhopus marcapatae"
Equisetopsida,Poales,Bromeliaceae,"Guzmania morreniana"
Aves,Apodiformes,Trochilidae,"Ocreatus underwoodii"
Equisetopsida,Poales,Bromeliaceae,"Guzmania inkaterrae"
Equisetopsida,Poales,Bromeliaceae,"Guzmania cuzcoensis"
Aves,Anseriformes,Anatidae,"Oxyura jamaicensis"
Equisetopsida,Apiales,Araliaceae,"Hydrocotyle acutifolia"
Equisetopsida,Apiales,Araliaceae,"Hydrocotyle alchemilloides"
Equisetopsida,Apiales,Araliaceae,"Hydrocotyle bonariensis"
Equisetopsida,Cucurbitales,Cucurbitaceae,"Gurania lobata"
Equisetopsida,Asparagales,Asparagaceae,"Agave americana"
Equisetopsida,Alismatales,Araceae,"Anthurium sagittatum"
Equisetopsida,Gentianales,Rubiaceae,"Guettarda ochreata"
Equisetopsida,Gentianales,Rubiaceae,"Guettarda fontanesii"
Equisetopsida,Gentianales,Rubiaceae,"Guettarda boliviana"
Insecta,Lepidoptera,Erebidae,"Pachydota nervosa"
Insecta,Lepidoptera,Erebidae,"Pachydota striata"
Equisetopsida,Apiales,Araliaceae,"Hydrocotyle filipes"
Equisetopsida,Apiales,Araliaceae,"Hydrocotyle palmata"
Equisetopsida,Apiales,Araliaceae,"Hydrocotyle pusilla"
Insecta,Lepidoptera,Erebidae,"Agaraea ockendeni"
Equisetopsida,Apiales,Araliaceae,"Hydrocotyle ranunculoides"
Equisetopsida,Magnoliales,Annonaceae,"Guatteria punctata"
Equisetopsida,Asparagales,Amaryllidaceae,"Agapanthus africanus"
Equisetopsida,Caryophyllales,Polygonaceae,"Muehlenbeckia tamnifolia"
Aves,Apodiformes,Trochilidae,"Metallura tyrianthina"
Mammalia,Rodentia,Cricetidae,"Akodon boliviensis"
Equisetopsida,Alismatales,Araceae,"Anthurium huanucense"
Equisetopsida,Laurales,Lauraceae,"Ocotea oblonga"
Insecta,Lepidoptera,Hesperiidae,"Hylephila phyleus anca"
Aves,Passeriformes,Tityridae,"Pachyramphus polychopterus"
Insecta,Lepidoptera,Nymphalidae,"Marpesia corinna"
Equisetopsida,Laurales,Lauraceae,"Ocotea munacensis"
Equisetopsida,Laurales,Lauraceae,"Ocotea minarum"
Equisetopsida,Sapindales,Meliaceae,"Guarea kunthiana"
Equisetopsida,Laurales,Lauraceae,"Ocotea magnifolia"
Aves,Passeriformes,Tityridae,"Pachyramphus validus"
Equisetopsida,Caryophyllales,Polygonaceae,"Muehlenbeckia fruticulosa"
Aves,Passeriformes,Tityridae,"Pachyramphus versicolor"
Equisetopsida,Alismatales,Araceae,"Anthurium dombeyanum"
Mammalia,Rodentia,Cricetidae,"Akodon aerosus"
Equisetopsida,Laurales,Lauraceae,"Ocotea leptobotra"
Equisetopsida,Grimmiales,Grimmiaceae,"Grimmia longirostris"
Insecta,Lepidoptera,Nymphalidae,"Greta hermana"
Equisetopsida,Poales,Poaceae,"Greeneochloa coarctata"
Aves,Passeriformes,Grallariidae,"Grallaricula leymebambae"
Equisetopsida,Gentianales,Rubiaceae,"Paederia brasiliensis"
Aves,Passeriformes,Grallariidae,"Grallaria squamigera"
Aves,Passeriformes,Grallariidae,"Grallaria rufula"
Aves,Passeriformes,Grallariidae,"Grallaria guatimalensis"
Aves,Passeriformes,Grallariidae,"Grallaria erythroleuca"
Insecta,Lepidoptera,Nymphalidae,"Marpesia themistocles norica"
Aves,Passeriformes,Grallariidae,"Grallaria andicolus"
Equisetopsida,Gentianales,Rubiaceae,"Palicourea amethystina"
Equisetopsida,Myrtales,Melastomataceae,"Graffenrieda cucullata"
Equisetopsida,Asparagales,Orchidaceae,"Govenia tingens"
Equisetopsida,Gentianales,Rubiaceae,"Palicourea attenuata"
Equisetopsida,Alismatales,Araceae,"Gorgonidium intermedium"
Equisetopsida,Ericales,Theaceae,"Gordonia fruticosa"
Equisetopsida,Gentianales,Rubiaceae,"Gonzalagunia dependens"
Equisetopsida,Gentianales,Apocynaceae,"Gonolobus parviflorus"
Equisetopsida,Asparagales,Orchidaceae,"Gomphichis plantaginifolia"
Equisetopsida,Asparagales,Orchidaceae,"Gomesa ramosa"
Equisetopsida,Asparagales,Orchidaceae,"Gomesa bifolia"
Equisetopsida,Gentianales,Rubiaceae,"Palicourea crocea"
Equisetopsida,Lamiales,Lamiaceae,"Marrubium vulgare"
Equisetopsida,Asterales,Asteraceae,"Gnaphalium pulchrum"
Equisetopsida,Asterales,Asteraceae,"Gnaphalium dombeyanum"
Aves,Passeriformes,Furnariidae,"Glyphorynchus spirurus"
Equisetopsida,Laurales,Lauraceae,"Ocotea bofa"
Equisetopsida,Proteales,Sabiaceae,"Meliosma frondosa"
Equisetopsida,Gentianales,Rubiaceae,"Palicourea herrerae"
Equisetopsida,Hymenophyllales,Hymenophyllaceae,"Hymenophyllum amabile"
Equisetopsida,Hymenophyllales,Hymenophyllaceae,"Hymenophyllum antillense"
Aves,Strigiformes,Strigidae,"Glaucidium peruanum"
Equisetopsida,Asterales,Asteraceae,"Smallanthus glabratus"
Equisetopsida,Laurales,Lauraceae,"Ocotea balanocarpa"
Equisetopsida,Lamiales,Orobanchaceae,"Agalinis lanceolata"
Equisetopsida,Hymenophyllales,Hymenophyllaceae,"Hymenophyllum apiculatum"
Aves,Strigiformes,Strigidae,"Glaucidium bolivianum"
Equisetopsida,Hymenophyllales,Hymenophyllaceae,"Hymenophyllum axillare"
Equisetopsida,Asparagales,Iridaceae,"Gladiolus communis"
Equisetopsida,Gentianales,Rubiaceae,"Palicourea macrobotrys"
Equisetopsida,Hymenophyllales,Hymenophyllaceae,"Hymenophyllum crispum"
Equisetopsida,Hymenophyllales,Hymenophyllaceae,"Hymenophyllum myriocarpum"
Equisetopsida,Gentianales,Rubiaceae,"Palicourea microcarpa"
Equisetopsida,Lamiales,Orobanchaceae,"Agalinis fiebrigii"
Equisetopsida,Lamiales,Lamiaceae,"Marsypianthes chamaedrys"
Equisetopsida,Asterales,Asteraceae,"Smallanthus parviceps"
Equisetopsida,Hymenophyllales,Hymenophyllaceae,"Hymenophyllum polyanthos"
Aves,Accipitriformes,Accipitridae,"Geranoaetus polyosoma"
Equisetopsida,Asparagales,Orchidaceae,"Masdevallia antonii"
Aves,Accipitriformes,Accipitridae,"Geranoaetus melanoleucus"
Aves,Apodiformes,Trochilidae,"Metallura aeneocauda"
Equisetopsida,Geraniales,Geraniaceae,"Geranium filipes"
Equisetopsida,Geraniales,Geraniaceae,"Geranium berteroanum"
Equisetopsida,Hymenophyllales,Hymenophyllaceae,"Hymenophyllum ruizianum"
Equisetopsida,Hymenophyllales,Hymenophyllaceae,"Hymenophyllum speciosum"
Aves,Columbiformes,Columbidae,"Geotrygon montana"
Equisetopsida,Hymenophyllales,Hymenophyllaceae,"Hymenophyllum trichophyllum"
Aves,Passeriformes,Parulidae,"Geothlypis aequinoctialis"
Aves,Passeriformes,Thraupidae,"Geospizopsis unicolor"
Equisetopsida,Laurales,Lauraceae,"Ocotea andina"
Aves,Passeriformes,Thraupidae,"Geospizopsis plebejus"
Aves,Apodiformes,Apodidae,"Aeronautes montivagus"
Equisetopsida,Asparagales,Orchidaceae,"Masdevallia barlaeana"
Equisetopsida,Gentianales,Rubiaceae,"Palicourea subtomentosa"
Aves,Passeriformes,Furnariidae,"Geositta tenuirostris"
Equisetopsida,Gentianales,Rubiaceae,"Palicourea thyrsiflora"
Aves,Passeriformes,Furnariidae,"Geositta cunicularia"
Equisetopsida,Arecales,Arecaceae,"Geonoma undata"
Insecta,Lepidoptera,Nymphalidae,"Hypanartia bella"
Insecta,Lepidoptera,Nymphalidae,"Hypanartia dione dione"
Aves,Strigiformes,Strigidae,"Megascops albogularis"
Insecta,Lepidoptera,Nymphalidae,"Hypanartia lethe"
Equisetopsida,Poales,Poaceae,"Panicum maximum"
Insecta,Lepidoptera,Erebidae,"Hypercompe cuninguda"
Insecta,Lepidoptera,Erebidae,"Hypercompe nemophila"
Equisetopsida,Gentianales,Gentianaceae,"Gentianella umbellata"
Insecta,Lepidoptera,Erebidae,"Hypercompe peruviensis"
Equisetopsida,Gentianales,Gentianaceae,"Gentianella scarlatiflora"
Equisetopsida,Gentianales,Gentianaceae,"Gentianella luteomarginata"
Equisetopsida,Gentianales,Gentianaceae,"Gentianella ericoides"
Equisetopsida,Gentianales,Gentianaceae,"Gentiana prostrata"
Equisetopsida,Fabales,Fabaceae,"Genista monspessulana"
Equisetopsida,Asparagales,Orchidaceae,"Masdevallia davisii"
Mammalia,Chiroptera,Phyllostomidae,"Anoura geoffroyi"
Insecta,Lepidoptera,Nymphalidae,"Panyapedaliodes mara"
Insecta,Lepidoptera,Nymphalidae,"Panyapedaliodes phila phila"
Insecta,Lepidoptera,Nymphalidae,"Panyapedaliodes silpa"
Equisetopsida,Ericales,Primulaceae,"Geissanthus boliviana"
Equisetopsida,Ericales,Ericaceae,"Gaultheria vaccinioides"
Equisetopsida,Ericales,Ericaceae,"Gaultheria reticulata"
Equisetopsida,Malpighiales,Hypericaceae,"Hypericum silenoides"
Equisetopsida,Ericales,Ericaceae,"Gaultheria myrsinoides"
Equisetopsida,Ericales,Ericaceae,"Gaultheria glomerata"
Equisetopsida,Ericales,Ericaceae,"Gaultheria foliolosa"
Equisetopsida,Ericales,Ericaceae,"Gaultheria eriophylla"
Equisetopsida,Ericales,Ericaceae,"Gaultheria erecta"
Equisetopsida,Ericales,Ericaceae,"Gaultheria buxifolia"
Equisetopsida,Ericales,Ericaceae,"Gaultheria bracteata"
Amphibia,Anura,Hemiphractidae,"Gastrotheca ochoai"
Amphibia,Anura,Hemiphractidae,"Gastrotheca marsupiata"
Amphibia,Anura,Hemiphractidae,"Gastrotheca excubitor"
Aves,Accipitriformes,Accipitridae,"Parabuteo leucorrhous"
Mammalia,Chiroptera,Phyllostomidae,"Gardnerycteris koepckeae"
Aves,Columbiformes,Columbidae,"Paraclaravis mondetoura"
Aves,Passeriformes,Tyrannidae,"Ochthoeca rufipectoralis"
Equisetopsida,Asterales,Asteraceae,"Gamochaeta purpurea"
Aves,Passeriformes,Tyrannidae,"Ochthoeca pulchella"
Mammalia,Chiroptera,Phyllostomidae,"Anoura caudifer"
Equisetopsida,Malpighiales,Euphorbiaceae,"Tetrorchidium macrophyllum"
Equisetopsida,Buxales,Buxaceae,"Styloceras columnare"
Equisetopsida,Ericales,Ericaceae,"Thibaudia regularis"
Equisetopsida,Malpighiales,Euphorbiaceae,"Tetrorchidium rubrivenium"
Equisetopsida,Ericales,Styracaceae,"Styrax foveolaria"
Aves,Passeriformes,Tyrannidae,"Tachuris rubrigastra"
Mammalia,Carnivora,Ursidae,"Tremarctos ornatus"
Equisetopsida,Asparagales,Orchidaceae,"Sudamerlycaste locusta"
Equisetopsida,Ericales,Symplocaceae,"Symplocos venulosa"
Equisetopsida,Asparagales,Orchidaceae,"Sudamerlycaste ciliata"
Aves,Trogoniformes,Trogonidae,"Trogon personatus"
Equisetopsida,Sapindales,Anacardiaceae,"Toxicodendron striatum"
Equisetopsida,Lamiales,Bignoniaceae,"Tabebuia ochracea"
Equisetopsida,Sapindales,Rutaceae,"Zanthoxylum mantaro"
Aves,Passeriformes,Furnariidae,"Synallaxis azarae"
Equisetopsida,Ericales,Ericaceae,"Thibaudia biflora"
Equisetopsida,Ericales,Styracaceae,"Styrax argenteus"
Aves,Columbiformes,Columbidae,"Zenaida auriculata"
Equisetopsida,Ericales,Symplocaceae,"Symplocos weberbaueri"
Aves,Passeriformes,Vireonidae,"Vireo olivaceus"
Equisetopsida,Fabales,Fabaceae,"Vachellia macracantha"
Equisetopsida,Porellales,Lejeuneaceae,"Trocholejeunea densifolia"
Equisetopsida,Ericales,Symplocaceae,"Symplocos arechea"
Equisetopsida,Dipsacales,Caprifoliaceae,"Valeriana cephalantha"
Equisetopsida,Ericales,Symplocaceae,"Symplocos melanochroa"
Aves,Passeriformes,Thraupidae,"Xenodacnis parina"
Aves,Passeriformes,Thraupidae,"Tangara parzudakii"
Equisetopsida,Ericales,Symplocaceae,"Symplocos nana"
Reptilia,Serpentes,Dipsadidae,"Tachymenis peruviana"
Aves,Passeriformes,Tyrannidae,"Tolmomyias sulphurescens"
Equisetopsida,Myrtales,Melastomataceae,"Tibouchina calycina"
Aves,Passeriformes,Vireonidae,"Vireo leucophrys"
Aves,Passeriformes,Thraupidae,"Tangara nigroviridis"
Equisetopsida,Ericales,Symplocaceae,"Symplocos nuda"
Aves,Passeriformes,Thraupidae,"Thraupis palmarum"
Equisetopsida,Poales,Bromeliaceae,"Vriesea rubra"
Equisetopsida,Myrtales,Melastomataceae,"Tibouchina gayana"
Aves,Apodiformes,Apodidae,"Streptoprocne rutila"
Equisetopsida,Myrtales,Melastomataceae,"Tibouchina incarum"
Equisetopsida,Myrtales,Melastomataceae,"Tibouchina longifolia"
Insecta,Lepidoptera,Riodinidae,"Styx infernalis"
Equisetopsida,Ericales,Styracaceae,"Styrax pavonii"
Insecta,Lepidoptera,Erebidae,"Virbia elisca"
Insecta,Lepidoptera,Erebidae,"Virbia catama"
Aves,Passeriformes,Furnariidae,"Xiphocolaptes promeropirhynchus"
Equisetopsida,Malvales,Malvaceae,"Triumfetta bogotensis"
Equisetopsida,Commelinales,Commelinaceae,"Tradescantia fluminensis"
Equisetopsida,Malpighiales,Violaceae,"Viola thymifolia"
Equisetopsida,Boraginales,Boraginaceae,"Symphytum officinale"
Equisetopsida,Malvales,Malvaceae,"Triumfetta acuminata"
Equisetopsida,Malpighiales,Violaceae,"Viola steinbachii"
Equisetopsida,Brassicales,Tropaeolaceae,"Tropaeolum crenatiflorum"
Equisetopsida,Brassicales,Tropaeolaceae,"Tropaeolum dipetalum"
Aves,Cathartiformes,Cathartidae,"Vultur gryphus"
Equisetopsida,Malvales,Malvaceae,"Triumfetta abutiloides"
Equisetopsida,Poales,Poaceae,"Triticum aestivum"
Equisetopsida,Poales,Bromeliaceae,"Tillandsia streptocarpa"
Equisetopsida,Malpighiales,Violaceae,"Viola hillii"
Equisetopsida,Myrtales,Melastomataceae,"Tibouchina mollis"
Equisetopsida,Asparagales,Orchidaceae,"Trichopilia fragrans"
Equisetopsida,Malpighiales,Violaceae,"Viola boliviana"
Aves,Passeriformes,Thraupidae,"Stilpnia viridicollis"
Equisetopsida,Malpighiales,Violaceae,"Viola bangiana"
Aves,Passeriformes,Tyrannidae,"Todirostrum cinereum"
Aves,Charadriiformes,Scolopacidae,"Tringa melanoleuca"
Equisetopsida,Gentianales,Apocynaceae,"Vinca major"
Equisetopsida,Santalales,Loranthaceae,"Tristerix peytonii"
Equisetopsida,Myrtales,Melastomataceae,"Tibouchina pleromoides"
Equisetopsida,Ericales,Symplocaceae,"Symplocos psiloclada"
Equisetopsida,Porellales,Lejeuneaceae,"Taxilejeunea pterigonia"
Equisetopsida,Brassicales,Tropaeolaceae,"Tropaeolum peregrinum"
Equisetopsida,Asterales,Asteraceae,"Viguiera lanceolata"
Equisetopsida,Asterales,Asteraceae,"Viguiera ellenbergii"
Aves,Passeriformes,Thraupidae,"Thlypopsis superciliaris"
Equisetopsida,Ericales,Symplocaceae,"Symplocos reflexa"
Equisetopsida,Buxales,Buxaceae,"Styloceras laurifolium"
Mammalia,Chiroptera,Phyllostomidae,"Sturnira erythromos"
Aves,Passeriformes,Tyrannidae,"Syrtidicola fluviatilis"
Equisetopsida,Asparagales,Orchidaceae,"Sudamerlycaste gigantea"
Equisetopsida,Fabales,Fabaceae,"Stylosanthes leiocarpa"
Equisetopsida,Hypnales,Thuidiaceae,"Thuidium delicatulum"
Equisetopsida,Polypodiales,Grammitidaceae,"Terpsichore immixta"
Aves,Passeriformes,Thraupidae,"Tangara vassorii"
Equisetopsida,Asparagales,Orchidaceae,"Sudamerlycaste fimbriata"
Equisetopsida,Asterales,Asteraceae,"Tagetes terniflora"
Equisetopsida,Rosales,Cannabaceae,"Trema micranthum"
Equisetopsida,Ericales,Symplocaceae,"Symplocos incahuasensis"
Equisetopsida,Asterales,Asteraceae,"Tagetes mandonii"
Equisetopsida,Malpighiales,Malpighiaceae,"Tetrapterys calophylla"
Aves,Passeriformes,Furnariidae,"Thripadectes scrutator"
Equisetopsida,Asparagales,Orchidaceae,"Sudamerlycaste cobbiana"
Equisetopsida,Commelinales,Commelinaceae,"Tinantia erecta"
Aves,Passeriformes,Furnariidae,"Sylviorthorhynchus yanacensis"
Equisetopsida,Ericales,Pentaphylacaceae,"Ternstroemia jelskii"
Equisetopsida,Commelinales,Commelinaceae,"Tinantia standleyi"
Aves,Caprimulgiformes,Caprimulgidae,"Systellura longirostris"
Equisetopsida,Malpighiales,Salicaceae,"Tetrathylacium macrophyllum"
Equisetopsida,Ericales,Symplocaceae,"Symplocos baehnii"
Equisetopsida,Myrtales,Myrtaceae,"Syzygium jambos"
Equisetopsida,Ericales,Ericaceae,"Vaccinium dependens"
Aves,Passeriformes,Furnariidae,"Thripadectes holostictus"
Equisetopsida,Ericales,Ericaceae,"Vaccinium floribundum"
Equisetopsida,Poales,Poaceae,"Stipa hans-meyeri"
Equisetopsida,Gentianales,Rubiaceae,"Tournefortiopsis crispiflora"
Aves,Charadriiformes,Scolopacidae,"Tringa solitaria"
Aves,Passeriformes,Tyrannidae,"Uromyias agraphia"
Aves,Caprimulgiformes,Caprimulgidae,"Uropsalis lyra"
Aves,Caprimulgiformes,Caprimulgidae,"Uropsalis segmentata"
Equisetopsida,Poales,Bromeliaceae,"Tillandsia latifolia"
Equisetopsida,Alismatales,Araceae,"Zantedeschia aethiopica"
Equisetopsida,Poales,Bromeliaceae,"Tillandsia fendleri"
Equisetopsida,Asparagales,Orchidaceae,"Xylobium elatum"
Aves,Passeriformes,Turdidae,"Turdus serranus"
Aves,Apodiformes,Apodidae,"Streptoprocne zonaris"
Equisetopsida,Oxalidales,Elaeocarpaceae,"Vallea stipularis"
Aves,Passeriformes,Tyrannidae,"Tyrannus melancholicus"
Equisetopsida,Oxalidales,Elaeocarpaceae,"Vallea ecuadorensis"
Aves,Pelecaniformes,Threskiornithidae,"Theristicus branickii"
Equisetopsida,Dipsacales,Caprifoliaceae,"Valeriana warburgii"
Aves,Charadriiformes,Scolopacidae,"Tringa flavipes"
Equisetopsida,Fabales,Fabaceae,"Zornia diphylla"
Insecta,Lepidoptera,Hesperiidae,"Thespieus argentina"
Equisetopsida,Asparagales,Orchidaceae,"Xylobium bractescens"
Equisetopsida,Ericales,Ericaceae,"Thibaudia herrerae"
Equisetopsida,Dipsacales,Caprifoliaceae,"Valeriana urticifolia"
Equisetopsida,Fabales,Fabaceae,"Tara spinosa"
Equisetopsida,Asterales,Asteraceae,"Taraxacum campylodes"
Equisetopsida,Crossosomatales,Staphyleaceae,"Turpinia occidentalis"
Equisetopsida,Dipsacales,Caprifoliaceae,"Valeriana micropterina"
Equisetopsida,Rosales,Urticaceae,"Urtica urens"
Equisetopsida,Malpighiales,Malpighiaceae,"Stigmaphyllon puberum"
Equisetopsida,Dipsacales,Caprifoliaceae,"Valeriana jasminoides"
Insecta,Lepidoptera,Erebidae,"Utetheisa ornatrix ornatrix"
Aves,Charadriiformes,Thinocoridae,"Thinocorus orbignyianus"
Equisetopsida,Ericales,Styracaceae,"Styrax pentlandianus"
Equisetopsida,Malpighiales,Hypericaceae,"Vismia tomentosa"
Equisetopsida,Asparagales,Orchidaceae,"Trichoceros antennifer"
Aves,Passeriformes,Troglodytidae,"Troglodytes aedon"
Equisetopsida,Ericales,Symplocaceae,"Symplocos cuscoensis"
Equisetopsida,Ericales,Symplocaceae,"Symplocos dolichopoda"
Equisetopsida,Ericales,Symplocaceae,"Symplocos sandiae"
Aves,Passeriformes,Thraupidae,"Tangara xanthocephala"
Insecta,Lepidoptera,Hesperiidae,"Theagenes alboplaga albiplaga"
Equisetopsida,Malpighiales,Hypericaceae,"Vismia mandurr"
Equisetopsida,Asterales,Asteraceae,"Stevia cuzcoensis"
Equisetopsida,Asterales,Asteraceae,"Tessaria integrifolia"
Equisetopsida,Ericales,Symplocaceae,"Symplocos fimbriata"
Equisetopsida,Asterales,Asteraceae,"Tagetes filifolia"
Equisetopsida,Dipsacales,Caprifoliaceae,"Valeriana decussata"
Equisetopsida,Poales,Poaceae,"Stipa plumosa"
Aves,Passeriformes,Troglodytidae,"Troglodytes solstitialis"
Insecta,Lepidoptera,Pieridae,"Teriocolias zelia pacis"
Aves,Passeriformes,Thraupidae,"Thraupis episcopus"
Equisetopsida,Brassicales,Tovariaceae,"Tovaria pendula"
Equisetopsida,Asparagales,Orchidaceae,"Trichosalpinx arbuscula"
Equisetopsida,Myrtales,Melastomataceae,"Tibouchina saxosa"
Equisetopsida,Poales,Bromeliaceae,"Tillandsia rubella"
Equisetopsida,Poales,Poaceae,"Trachypogon spicatus"
Aves,Passeriformes,Passerellidae,"Zonotrichia capensis"
Aves,Passeriformes,Thraupidae,"Tangara gyrola"
Equisetopsida,Fabales,Fabaceae,"Vicia faba"
Equisetopsida,Ericales,Symplocaceae,"Symplocos quitensis"
Equisetopsida,Dipsacales,Viburnaceae,"Viburnum witteanum"
Equisetopsida,Myrtales,Melastomataceae,"Tibouchina solmsii"
Equisetopsida,Poales,Bromeliaceae,"Tillandsia recurvata"
Aves,Passeriformes,Thraupidae,"Tachyphonus rufus"
Equisetopsida,Dipsacales,Viburnaceae,"Viburnum triphyllum"
Equisetopsida,Santalales,Loranthaceae,"Tristerix corymbosus"
Equisetopsida,Dipsacales,Viburnaceae,"Viburnum seemannii"
Aves,Passeriformes,Furnariidae,"Upucerthia validirostris"
Equisetopsida,Myrtales,Melastomataceae,"Tibouchina weberbaueri"
Equisetopsida,Dipsacales,Viburnaceae,"Viburnum jelskii"
Insecta,Lepidoptera,Hesperiidae,"Tigasis virdenex"
Aves,Passeriformes,Tyrannidae,"Zimmerius bolivianus"
Equisetopsida,Asparagales,Iridaceae,"Tigridia pavonia"
Equisetopsida,Dipsacales,Viburnaceae,"Viburnum incarum"
Equisetopsida,Dipsacales,Viburnaceae,"Viburnum hallii"
Equisetopsida,Dipsacales,Viburnaceae,"Viburnum ayavacense"
Equisetopsida,Brassicales,Brassicaceae,"Weberbauera peruviana"
Equisetopsida,Sapindales,Rutaceae,"Zanthoxylum lepidopteriphilum"
Insecta,Lepidoptera,Hesperiidae,"Vettius diversus donga"
Insecta,Lepidoptera,Hesperiidae,"Vettius coryna coryna"
Equisetopsida,Asterales,Asteraceae,"Zinnia peruviana"
Equisetopsida,Ericales,Styracaceae,"Styrax obovatus"
Equisetopsida,Lamiales,Plantaginaceae,"Veronica persica"
Equisetopsida,Lamiales,Plantaginaceae,"Veronica peregrina"
Equisetopsida,Lamiales,Plantaginaceae,"Veronica anagallis-aquatica"
Equisetopsida,Asparagales,Orchidaceae,"Trichosalpinx ciliaris"
Aves,Pelecaniformes,Ardeidae,"Tigrisoma fasciatum"
Equisetopsida,Asterales,Asteraceae,"Tagetes erecta"
Equisetopsida,Asparagales,Orchidaceae,"Trichosalpinx memor"
Equisetopsida,Oxalidales,Cunoniaceae,"Weinmannia auriculata"
Aves,Passeriformes,Turdidae,"Turdus chiguanco"
Equisetopsida,Oxalidales,Cunoniaceae,"Weinmannia balbisiana"
Equisetopsida,Asterales,Asteraceae,"Vernonia argyropappa"
Equisetopsida,Asterales,Asteraceae,"Vernonia arborescens"
Insecta,Lepidoptera,Pieridae,"Tatochila autodice ernestae"
Equisetopsida,Asterales,Asteraceae,"Vernonanthura yurimaguasensis"
Equisetopsida,Oxalidales,Cunoniaceae,"Weinmannia bangii"
Equisetopsida,Oxalidales,Cunoniaceae,"Weinmannia brachystachya"
Equisetopsida,Asterales,Asteraceae,"Vernonanthura phosphorica"
Equisetopsida,Gentianales,Gentianaceae,"Symbolanthus pauciflorus"
Equisetopsida,Ericales,Ericaceae,"Thibaudia crenulata"
Equisetopsida,Oxalidales,Cunoniaceae,"Weinmannia cochensis"
Equisetopsida,Oxalidales,Cunoniaceae,"Weinmannia crassifolia"
Insecta,Lepidoptera,Sphingidae,"Xylophanes resta"
Insecta,Lepidoptera,Sphingidae,"Xylophanes pyrrhus"
Amphibia,Anura,Telmatobiidae,"Telmatobius marmoratus"
Insecta,Lepidoptera,Pieridae,"Tatochila xanthodice paucar"
Equisetopsida,Asterales,Asteraceae,"Vernonanthura patens"
Insecta,Lepidoptera,Hesperiidae,"Urbanus albimargo takuta"
Equisetopsida,Polypodiales,Pteridaceae,"Trachypteris pinnata"
Equisetopsida,Asterales,Asteraceae,"Verbesina semidecurrens"
Equisetopsida,Poales,Poaceae,"Zeugites americanus"
Equisetopsida,Poales,Bromeliaceae,"Tillandsia pohliana"
Equisetopsida,Asterales,Asteraceae,"Verbesina minuticeps"
Equisetopsida,Asterales,Asteraceae,"Verbesina leucactinota"
Insecta,Lepidoptera,Lycaenidae,"Strymon davara"
Equisetopsida,Oxalidales,Cunoniaceae,"Weinmannia glomerata"
Equisetopsida,Asterales,Asteraceae,"Stevia andina"
Equisetopsida,Asparagales,Orchidaceae,"Telipogon venustus"
Equisetopsida,Oxalidales,Cunoniaceae,"Weinmannia heterophylla"
Equisetopsida,Malpighiales,Malpighiaceae,"Stigmaphyllon cuzcanum"
Equisetopsida,Asterales,Asteraceae,"Verbesina cabrerae"
Equisetopsida,Oxalidales,Cunoniaceae,"Weinmannia latifolia"
Insecta,Lepidoptera,Sphingidae,"Xylophanes nabuchondonosor"
Equisetopsida,Asparagales,Orchidaceae,"Telipogon semipictus"
Equisetopsida,Asparagales,Orchidaceae,"Telipogon selbyanus"
Equisetopsida,Poales,Bromeliaceae,"Tillandsia pallidoflavens"
Equisetopsida,Asparagales,Orchidaceae,"Telipogon pseudobulbosus"
Equisetopsida,Oxalidales,Cunoniaceae,"Weinmannia lentiscifolia"
Equisetopsida,Asterales,Asteraceae,"Verbesina auriculigera"
Equisetopsida,Asparagales,Orchidaceae,"Telipogon pogonostalix"
Equisetopsida,Oxalidales,Cunoniaceae,"Weinmannia machupicchuensis"
Equisetopsida,Asparagales,Orchidaceae,"Telipogon phuyupatamarcensis"
Equisetopsida,Oxalidales,Cunoniaceae,"Weinmannia microphylla"
Equisetopsida,Asparagales,Orchidaceae,"Telipogon phalaenopsis"
Equisetopsida,Asterales,Asteraceae,"Verbesina arborea"
Equisetopsida,Asparagales,Orchidaceae,"Telipogon papilio"
Insecta,Lepidoptera,Hesperiidae,"Urbanus dorantes dorantes"
Insecta,Lepidoptera,Sphingidae,"Xylophanes docilis"
Equisetopsida,Oxalidales,Cunoniaceae,"Weinmannia ovata"
Equisetopsida,Lamiales,Verbenaceae,"Verbena litoralis"
Insecta,Lepidoptera,Sphingidae,"Xylophanes crotonis"
Equisetopsida,Asparagales,Orchidaceae,"Telipogon marleneae"
Equisetopsida,Oxalidales,Cunoniaceae,"Weinmannia pentaphylla"
Equisetopsida,Asparagales,Orchidaceae,"Telipogon machupicchuensis"
Equisetopsida,Polypodiales,Thelypteridaceae,"Thelypteris peruviana"
Equisetopsida,Asparagales,Orchidaceae,"Telipogon koechlinorum"
Insecta,Lepidoptera,Sphingidae,"Xylophanes ceratomioides"
Equisetopsida,Asparagales,Orchidaceae,"Telipogon farfanii"
Equisetopsida,Oxalidales,Cunoniaceae,"Weinmannia pinnata"
Aves,Passeriformes,Furnariidae,"Xenops rutilans"
Insecta,Lepidoptera,Hesperiidae,"Urbanus elimina"
Equisetopsida,Polypodiales,Thelypteridaceae,"Thelypteris rudis"
Equisetopsida,Poales,Bromeliaceae,"Tillandsia paleacea"
Insecta,Lepidoptera,Nymphalidae,"Velamysta pennina"
Equisetopsida,Fabales,Fabaceae,"Trifolium amabile"
Equisetopsida,Asparagales,Orchidaceae,"Telipogon bowmanii"
Equisetopsida,Asparagales,Orchidaceae,"Telipogon boissierianus"
Equisetopsida,Asparagales,Orchidaceae,"Telipogon bennettii"
Equisetopsida,Oxalidales,Cunoniaceae,"Weinmannia pubescens"
Equisetopsida,Asparagales,Orchidaceae,"Telipogon benedicti"
Equisetopsida,Polypodiales,Thelypteridaceae,"Thelypteris rusbyi"
Equisetopsida,Oxalidales,Cunoniaceae,"Weinmannia reticulata"
Insecta,Lepidoptera,Erebidae,"Telioneura rosada"
Equisetopsida,Ericales,Styracaceae,"Styrax cordatus"
Equisetopsida,Oxalidales,Cunoniaceae,"Weinmannia sorbifolia"
Equisetopsida,Poales,Cyperaceae,"Uncinia hamata"
Insecta,Lepidoptera,Nymphalidae,"Telenassa delphua nana"
Insecta,Lepidoptera,Pieridae,"Zerene cesonia inca"
Equisetopsida,Oxalidales,Cunoniaceae,"Weinmannia spruceana"
Equisetopsida,Solanales,Solanaceae,"Vassobia dichotoma"
Equisetopsida,Oxalidales,Cunoniaceae,"Weinmannia trichosperma"
Insecta,Lepidoptera,Nymphalidae,"Telenassa berenice berenice"
Equisetopsida,Poales,Bromeliaceae,"Tillandsia biflora"
Equisetopsida,Brassicales,Caricaceae,"Vasconcellea pubescens"
Aves,Passeriformes,Thraupidae,"Stilpnia cyanicollis"
Equisetopsida,Fabales,Fabaceae,"Trifolium repens"
Equisetopsida,Brassicales,Caricaceae,"Vasconcellea parviflora"
Aves,Passeriformes,Thamnophilidae,"Thamnophilus caerulescens"
Aves,Passeriformes,Turdidae,"Turdus fuscater"
Mammalia,Rodentia,Cricetidae,"Thomasomys notatus"
Equisetopsida,Brassicales,Caricaceae,"Vasconcellea glandulosa"
Insecta,Lepidoptera,Hesperiidae,"Zalomes illimanensis"
Equisetopsida,Poales,Bromeliaceae,"Tillandsia nana"
Equisetopsida,Lamiales,Cordiaceae,"Varronia cylindrostachya"
Mammalia,Rodentia,Cricetidae,"Thomasomys gracilis"
Equisetopsida,Poales,Bromeliaceae,"Tillandsia ionochroma"
Equisetopsida,Rosales,Urticaceae,"Urera baccifera"
Equisetopsida,Asparagales,Asparagaceae,"Yucca gloriosa"
Equisetopsida,Rosales,Urticaceae,"Urera caracasana"
Mammalia,Rodentia,Cricetidae,"Thomasomys aureus"
Insecta,Lepidoptera,Nymphalidae,"Vanessa myrinna"
Equisetopsida,Asterales,Asteraceae,"Werneria nubigena"
Insecta,Lepidoptera,Nymphalidae,"Vanessa carye"
Equisetopsida,Asterales,Asteraceae,"Tanacetum parthenium"
Equisetopsida,Asparagales,Orchidaceae,"Xylobium subintegrum"
Insecta,Lepidoptera,Nymphalidae,"Vanessa braziliensis"
Insecta,Lepidoptera,Nymphalidae,"Vanessa altissina"
Equisetopsida,Asparagales,Orchidaceae,"Sudamerlycaste heynderycxii"
Mammalia,Chiroptera,Molossidae,"Tadarida brasiliensis"
Insecta,Lepidoptera,Lycaenidae,"Steroma bega andensis"
Equisetopsida,Asparagales,Amaryllidaceae,"Zephyranthes carinata"
Equisetopsida,Ericales,Primulaceae,"Stylogyne micrantha"
Equisetopsida,Poales,Bromeliaceae,"Tillandsia complanata"
Aves,Passeriformes,Turdidae,"Turdus ignobilis"
Aves,Charadriiformes,Charadriidae,"Vanellus resplendens"
Equisetopsida,Malvales,Malvaceae,"Tarasa machupicchensis"
Equisetopsida,Poales,Bromeliaceae,"Tillandsia confinis"
Mammalia,Chiroptera,Phyllostomidae,"Sturnira oporaphilum"
Equisetopsida,Porellales,Lejeuneaceae,"Taxilejeunea debilis"
Aves,Passeriformes,Thraupidae,"Thlypopsis ruficeps"
Equisetopsida,Poales,Bromeliaceae,"Tillandsia machupicchuensis"
Insecta,Lepidoptera,Nymphalidae,"Yphthimoides leguialimai"
Equisetopsida,Poales,Bromeliaceae,"Tillandsia deppeana"
Insecta,Lepidoptera,Erebidae,"Symphlebia similis"
Equisetopsida,Commelinales,Commelinaceae,"Tradescantia cymbispatha"
Aves,Strigiformes,Tytonidae,"Tyto alba"
Equisetopsida,Rosales,Urticaceae,"Urera simplex"
Equisetopsida,Polypodiales,Tectariaceae,"Tectaria incisa"
Equisetopsida,Asparagales,Asparagaceae,"Trihesperus glaucus"
Equisetopsida,Poales,Poaceae,"Triniochloa stipoides"
Aves,Passeriformes,Turdidae,"Turdus leucops"
Aves,Columbiformes,Columbidae,"Zentrygon frenata"
Equisetopsida,Ericales,Styracaceae,"Styrax acuminatus"
Aves,Passeriformes,Thraupidae,"Thlypopsis ornata"
Equisetopsida,Asterales,Asteraceae,"Stevia herrerae"
Equisetopsida,Lamiales,Bignoniaceae,"Tecoma stans"
Equisetopsida,Santalales,Loranthaceae,"Struthanthus sarmentosus"
Aves,Passeriformes,Turdidae,"Turdus nigriceps"
Equisetopsida,Ericales,Ericaceae,"Thibaudia floribunda"
,,,
