Clase,Orden,Familia,Especie,endemica,amenazada
Equisetopsida,Lamiales,Bignoniaceae,Tynanthus schumannianus,FALSE,FALSE
Equisetopsida,Lamiales,Lentibulariaceae,Utricularia subulata,FALSE,FALSE
Equisetopsida,Fabales,Fabaceae,Vachellia aroma,FALSE,FALSE
Aves,Passeriformes,Furnariidae,Synallaxis albigularis,FALSE,FALSE
Actinopterygii,Characiformes,Gasteropelecidae,Thoracocharax stellatus,FALSE,FALSE
Equisetopsida,Magnoliales,Myristicaceae,Virola multinervia,FALSE,FALSE
Equisetopsida,Magnoliales,Myristicaceae,Virola flexuosa,FALSE,FALSE
Aves,Passeriformes,Hirundinidae,Tachycineta leucorrhoa,FALSE,FALSE
Equisetopsida,Malpighiales,Hypericaceae,Vismia gracilis,FALSE,FALSE
Equisetopsida,Dilleniales,Dilleniaceae,Tetracera parviflora,FALSE,FALSE
Equisetopsida,Magnoliales,Myristicaceae,Virola elongata,FALSE,FALSE
Aves,Passeriformes,Thraupidae,Stilpnia nigrocincta,FALSE,FALSE
Aves,Passeriformes,Onychorhynchidae,Terenotriccus erythrurus,FALSE,FALSE
Aves,Apodiformes,Trochilidae,Threnetes leucurus,FALSE,FALSE
Aves,Passeriformes,Pipridae,Tyranneutes stolzmanni,FALSE,FALSE
Equisetopsida,Poales,Poaceae,Streptogyna americana,FALSE,FALSE
Aves,Passeriformes,Tyrannidae,Tyrannopsis sulphurea,FALSE,FALSE
Aves,Trogoniformes,Trogonidae,Trogon melanurus,FALSE,FALSE
Equisetopsida,Sapindales,Rutaceae,Zanthoxylum acuminatum,FALSE,FALSE
Aves,Passeriformes,Tyrannidae,Tyrannulus elatus,FALSE,FALSE
Mammalia,Chiroptera,Phyllostomidae,Trachops cirrhosus,FALSE,FALSE
Equisetopsida,Poales,Eriocaulaceae,Syngonanthus caulescens,FALSE,FALSE
Equisetopsida,Magnoliales,Myristicaceae,Virola calophylla,FALSE,FALSE
Equisetopsida,Pandanales,Cyclanthaceae,Thoracocarpus bissectus,FALSE,FALSE
Aves,Pelecaniformes,Threskiornithidae,Theristicus caudatus,FALSE,FALSE
Mammalia,Perissodactyla,Tapiridae,Tapirus terrestris,FALSE,FALSE
Equisetopsida,Gentianales,Rubiaceae,Warszewiczia coccinea,FALSE,FALSE
Aves,Passeriformes,Tyrannidae,Tyrannus albogularis,FALSE,FALSE
Equisetopsida,Dilleniales,Dilleniaceae,Tetracera volubilis,FALSE,FALSE
Aves,Passeriformes,Troglodytidae,Troglodytes aedon,FALSE,FALSE
Equisetopsida,Lamiales,Bignoniaceae,Tabebuia insignis,FALSE,FALSE
Aves,Passeriformes,Tyrannidae,Tyrannus melancholicus,FALSE,FALSE
Equisetopsida,Rosales,Cannabaceae,Trema micranthum,FALSE,FALSE
Equisetopsida,Polypodiales,Tectariaceae,Tectaria incisa,FALSE,FALSE
Equisetopsida,Malpighiales,Dichapetalaceae,Tapura peruviana,FALSE,FALSE
Equisetopsida,Sapindales,Sapindaceae,Talisia hexaphylla,FALSE,FALSE
Equisetopsida,Magnoliales,Annonaceae,Xylopia calophylla,FALSE,FALSE
Aves,Passeriformes,Vireonidae,Vireo olivaceus,FALSE,FALSE
Equisetopsida,Malpighiales,Malpighiaceae,Tetrapterys crispa,FALSE,FALSE
Equisetopsida,Gentianales,Loganiaceae,Strychnos mitscherlichii,FALSE,FALSE
Aves,Passeriformes,Thraupidae,Tangara chilensis,FALSE,FALSE
Equisetopsida,Sapindales,Meliaceae,Trichilia solitudinis,FALSE,FALSE
Equisetopsida,Arecales,Arecaceae,Wettinia augusta,FALSE,FALSE
Equisetopsida,Fabales,Fabaceae,Zygia coccinea var. Macrophylla,FALSE,FALSE
Equisetopsida,Malpighiales,Clusiaceae,Tovomita stylosa,FALSE,FALSE
Equisetopsida,Malvales,Malvaceae,Theobroma subincanum,FALSE,FALSE
Mammalia,Chiroptera,Phyllostomidae,Vampyrum spectrum,FALSE,FALSE
Aves,Passeriformes,Thamnophilidae,Thamnophilus doliatus,FALSE,FALSE
Aves,Passeriformes,Thraupidae,Tangara schrankii,FALSE,FALSE
Equisetopsida,Malpighiales,Hypericaceae,Vismia cayennensis,FALSE,FALSE
Equisetopsida,Lamiales,Acanthaceae,Suessenguthia vargasii,TRUE,FALSE
Equisetopsida,Hymenophyllales,Hymenophyllaceae,Trichomanes elegans,FALSE,FALSE
Equisetopsida,Lamiales,Bignoniaceae,Tanaecium tetragonolobum,FALSE,FALSE
Aves,Passeriformes,Hirundinidae,Tachycineta albiventer,FALSE,FALSE
Equisetopsida,Poales,Poaceae,Taquara micrantha,FALSE,FALSE
Aves,Passeriformes,Tyrannidae,Tyrannus tyrannus,FALSE,FALSE
Mammalia,Chiroptera,Phyllostomidae,Vampyriscus bidens,FALSE,FALSE
Equisetopsida,Lamiales,Acanthaceae,Trichosanchezia chrysothrix,FALSE,FALSE
Equisetopsida,Alismatales,Araceae,Syngonium podophyllum,FALSE,FALSE
Aves,Tinamiformes,Tinamidae,Tinamus tao,FALSE,FALSE
Insecta,Lepidoptera,Riodinidae,Thisbe molela,FALSE,FALSE
Equisetopsida,Gentianales,Rubiaceae,Uncaria guianensis,FALSE,FALSE
Equisetopsida,Gentianales,Loganiaceae,Strychnos gubleri,FALSE,FALSE
Aves,Passeriformes,Thamnophilidae,Thamnomanes ardesiacus,FALSE,FALSE
Aves,Apodiformes,Trochilidae,Thalurania furcata,FALSE,FALSE
Aves,Passeriformes,Thraupidae,Tersina viridis,FALSE,FALSE
Equisetopsida,Malvales,Malvaceae,Theobroma speciosum,FALSE,FALSE
Equisetopsida,Myrtales,Combretaceae,Terminalia amazonia,FALSE,FALSE
Equisetopsida,Fabales,Fabaceae,Tachigali bracteosa,FALSE,FALSE
Aves,Charadriiformes,Scolopacidae,Tringa solitaria,FALSE,FALSE
Aves,Passeriformes,Turdidae,Turdus amaurochalinus,FALSE,FALSE
Equisetopsida,Gentianales,Rubiaceae,Tournefortiopsis crispiflora,FALSE,FALSE
Aves,Passeriformes,Thraupidae,Tangara gyrola,FALSE,FALSE
Equisetopsida,Malvales,Malvaceae,Theobroma cacao,FALSE,FALSE
Equisetopsida,Fabales,Fabaceae,Zygia unifoliolata,FALSE,FALSE
Equisetopsida,Sapindales,Sapindaceae,Talisia cerasina,FALSE,FALSE
Equisetopsida,Fabales,Fabaceae,Swartzia myrtifolia,FALSE,FALSE
Equisetopsida,Fabales,Fabaceae,Tachigali paniculata,FALSE,FALSE
Equisetopsida,Malvales,Malvaceae,Theobroma grandiflorum,FALSE,FALSE
Aves,Apodiformes,Apodidae,Tachornis squamata,FALSE,FALSE
Aves,Passeriformes,Tyrannidae,Todirostrum chrysocrotaphum,FALSE,FALSE
Equisetopsida,Magnoliales,Myristicaceae,Virola pavonis,FALSE,FALSE
Mammalia,Chiroptera,Phyllostomidae,Uroderma bilobatum,FALSE,FALSE
Aves,Charadriiformes,Charadriidae,Vanellus cayanus,FALSE,FALSE
Equisetopsida,Gentianales,Loganiaceae,Strychnos tarapotensis,FALSE,FALSE
Equisetopsida,Sapindales,Anacardiaceae,Tapirira guianensis,FALSE,FALSE
Equisetopsida,Malpighiales,Clusiaceae,Symphonia globulifera,FALSE,FALSE
Aves,Tinamiformes,Tinamidae,Tinamus guttatus,FALSE,FALSE
Aves,Passeriformes,Furnariidae,Xenops minutus,FALSE,FALSE
Aves,Columbiformes,Columbidae,Zentrygon frenata,FALSE,FALSE
Mammalia,Chiroptera,Phyllostomidae,Trinycteris nicefori,FALSE,FALSE
Equisetopsida,Gentianales,Loganiaceae,Strychnos asperula,FALSE,FALSE
Aves,Cathartiformes,Cathartidae,Vultur gryphus,FALSE,TRUE
Equisetopsida,Lamiales,Bignoniaceae,Xylophragma platyphyllum,FALSE,FALSE
Equisetopsida,Sapindales,Meliaceae,Trichilia rubra,FALSE,FALSE
Aves,Passeriformes,Thamnophilidae,Taraba major,FALSE,FALSE
Equisetopsida,Myrtales,Melastomataceae,Triolena amazonica,FALSE,FALSE
Equisetopsida,Oxalidales,Cunoniaceae,Weinmannia sorbifolia,FALSE,FALSE
Equisetopsida,Malpighiales,Clusiaceae,Tovomitopsis membranacea,FALSE,FALSE
Mammalia,Pilosa,Myrmecophagidae,Tamandua tetradactyla,FALSE,FALSE
Equisetopsida,Gentianales,Rubiaceae,Uncaria tomentosa,FALSE,FALSE
Equisetopsida,Malpighiales,Malpighiaceae,Tetrapterys stipulacea,FALSE,FALSE
Actinopterygii,Siluriformes,Loricariidae,Sturisoma nigrirostrum,FALSE,FALSE
Aves,Trogoniformes,Trogonidae,Trogon ramonianus,FALSE,FALSE
Aves,Passeriformes,Pipridae,Xenopipo atronitens,FALSE,FALSE
Equisetopsida,Lamiales,Lentibulariaceae,Utricularia hispida,FALSE,FALSE
Equisetopsida,Sapindales,Meliaceae,Trichilia micrantha,FALSE,FALSE
Aves,Passeriformes,Tyrannidae,Zimmerius bolivianus,FALSE,FALSE
Equisetopsida,Magnoliales,Myristicaceae,Virola sebifera,FALSE,FALSE
Equisetopsida,Magnoliales,Annonaceae,Unonopsis guatterioides,FALSE,FALSE
Aves,Passeriformes,Tyrannidae,Syrtidicola fluviatilis,FALSE,FALSE
Aves,Passeriformes,Thraupidae,Thraupis palmarum,FALSE,FALSE
Aves,Psittaciformes,Psittacidae,Touit huetii,FALSE,FALSE
Insecta,Coleoptera,Scarabaeidae,Sulcophanaeus faunus,FALSE,FALSE
Equisetopsida,Sapindales,Meliaceae,Trichilia maynasiana,FALSE,FALSE
Aves,Passeriformes,Tityridae,Tityra semifasciata,FALSE,FALSE
Equisetopsida,Magnoliales,Annonaceae,Xylopia aromatica,FALSE,FALSE
Equisetopsida,Myrtales,Combretaceae,Terminalia oblonga,FALSE,FALSE
Equisetopsida,Caryophyllales,Polygonaceae,Triplaris cumingiana,FALSE,FALSE
Aves,Trogoniformes,Trogonidae,Trogon viridis,FALSE,FALSE
Equisetopsida,Caryophyllales,Polygonaceae,Triplaris poeppigiana,FALSE,FALSE
Aves,Trogoniformes,Trogonidae,Trogon collaris,FALSE,FALSE
Equisetopsida,Magnoliales,Myristicaceae,Virola mollissima,FALSE,FALSE
Aves,Passeriformes,Furnariidae,Synallaxis albescens,FALSE,FALSE
Equisetopsida,Magnoliales,Annonaceae,Xylopia benthamii,FALSE,FALSE
Mammalia,Chiroptera,Phyllostomidae,Sturnira magna,FALSE,FALSE
Aves,Passeriformes,Furnariidae,Xenops rutilans,FALSE,FALSE
Aves,Passeriformes,Thraupidae,Tangara arthus,FALSE,FALSE
Mammalia,Chiroptera,Phyllostomidae,Uroderma magnirostrum,FALSE,FALSE
Aves,Passeriformes,Turdidae,Turdus ignobilis,FALSE,FALSE
Equisetopsida,Lamiales,Lamiaceae,Vitex triflora,FALSE,FALSE
Actinopterygii,Characiformes,Characidae,Tetragonopterus argenteus,FALSE,FALSE
Aves,Passeriformes,Thamnophilidae,Thamnophilus aethiops,FALSE,FALSE
Aves,Passeriformes,Furnariidae,Thripophaga fusciceps,FALSE,FALSE
Equisetopsida,Hymenophyllales,Hymenophyllaceae,Trichomanes pinnatum,FALSE,FALSE
Aves,Passeriformes,Thraupidae,Tangara velia,FALSE,FALSE
Equisetopsida,Ericales,Primulaceae,Stylogyne micrantha,FALSE,FALSE
Aves,Passeriformes,Thraupidae,Stilpnia cayana,FALSE,FALSE
Aves,Pelecaniformes,Ardeidae,Tigrisoma lineatum,FALSE,FALSE
Aves,Passeriformes,Tyrannidae,Zimmerius gracilipes,FALSE,FALSE
Actinopterygii,Characiformes,Characidae,Triportheus albus,FALSE,FALSE
Aves,Passeriformes,Furnariidae,Xiphorhynchus obsoletus,FALSE,FALSE
Actinopterygii,Characiformes,Triportheidae,Triportheus angulatus,FALSE,FALSE
Aves,Passeriformes,Thraupidae,Thraupis episcopus,FALSE,FALSE
Mammalia,Chiroptera,Phyllostomidae,Sturnira tildae,FALSE,FALSE
Aves,Cuculiformes,Cuculidae,Tapera naevia,FALSE,FALSE
Equisetopsida,Ericales,Primulaceae,Stylogyne longifolia,FALSE,FALSE
Mammalia,Chiroptera,Phyllostomidae,Vampyrodes caraccioli,FALSE,FALSE
Aves,Passeriformes,Furnariidae,Synallaxis gujanensis,FALSE,FALSE
Equisetopsida,Sapindales,Rutaceae,Zanthoxylum ekmanii,FALSE,FALSE
Aves,Passeriformes,Thraupidae,Tangara callophrys,FALSE,FALSE
Equisetopsida,Myrtales,Combretaceae,Terminalia parvifolia,FALSE,FALSE
Equisetopsida,Magnoliales,Annonaceae,Unonopsis floribunda,FALSE,FALSE
Aves,Passeriformes,Furnariidae,Xiphorhynchus guttatus,FALSE,FALSE
Aves,Pelecaniformes,Ardeidae,Tigrisoma fasciatum,FALSE,FALSE
Aves,Passeriformes,Turdidae,Turdus lawrencii,FALSE,FALSE
Equisetopsida,Sapindales,Meliaceae,Trichilia pleeana,FALSE,FALSE
Equisetopsida,Sapindales,Meliaceae,Trichilia elegans,FALSE,FALSE
Equisetopsida,Malpighiales,Dichapetalaceae,Tapura juruana,FALSE,FALSE
Equisetopsida,Rosales,Moraceae,Trophis racemosa,FALSE,FALSE
Aves,Passeriformes,Thamnophilidae,Thamnophilus schistaceus,FALSE,FALSE
Aves,Passeriformes,Vireonidae,Tunchiornis ochraceiceps,FALSE,FALSE
Aves,Tinamiformes,Tinamidae,Tinamus major,FALSE,FALSE
Equisetopsida,Malpighiales,Clusiaceae,Tovomita laurina,FALSE,FALSE
Aves,Passeriformes,Furnariidae,Syndactyla rufosuperciliata,FALSE,FALSE
Aves,Passeriformes,Thamnophilidae,Thamnomanes schistogynus,FALSE,FALSE
Equisetopsida,Myrtales,Myrtaceae,Syzygium borbonicum,FALSE,FALSE
Equisetopsida,Magnoliales,Myristicaceae,Virola peruviana,FALSE,FALSE
Aves,Apodiformes,Apodidae,Streptoprocne zonaris,FALSE,FALSE
Aves,Passeriformes,Turdidae,Turdus leucomelas,FALSE,FALSE
Equisetopsida,Alismatales,Araceae,Syngonium yurimaguense,FALSE,FALSE
Aves,Passeriformes,Thraupidae,Stilpnia cyanicollis,FALSE,FALSE
Equisetopsida,Sapindales,Meliaceae,Trichilia septentrionalis,FALSE,FALSE
Mammalia,Cetartiodactyla,Tayassuidae,Tayassu pecari,FALSE,FALSE
Equisetopsida,Magnoliales,Annonaceae,Xylopia cuspidata,FALSE,FALSE
Mammalia,Carnivora,Ursidae,Tremarctos ornatus,FALSE,TRUE
Equisetopsida,Malpighiales,Salicaceae,Tetrathylacium macrophyllum,FALSE,FALSE
Equisetopsida,Sapindales,Rutaceae,Zanthoxylum sprucei,FALSE,FALSE
Aves,Trogoniformes,Trogonidae,Trogon curucui,FALSE,FALSE
Equisetopsida,Lamiales,Bignoniaceae,Tynanthus polyanthus,FALSE,FALSE
Equisetopsida,Lamiales,Bignoniaceae,Stizophyllum riparium,FALSE,FALSE
Aves,Passeriformes,Thraupidae,Tangara mexicana,FALSE,FALSE
Aves,Passeriformes,Tityridae,Tityra cayana,FALSE,FALSE
Mammalia,Chiroptera,Phyllostomidae,Vampyressa melissa,FALSE,TRUE
Equisetopsida,Commelinales,Commelinaceae,Tradescantia zanonia,FALSE,FALSE
Equisetopsida,Sapindales,Meliaceae,Trichilia quadrijuga,FALSE,FALSE
Equisetopsida,Rosales,Urticaceae,Urera laciniata,FALSE,FALSE
Aves,Charadriiformes,Scolopacidae,Tringa melanoleuca,FALSE,FALSE
Equisetopsida,Crossosomatales,Staphyleaceae,Turpinia occidentalis,FALSE,FALSE
Equisetopsida,Poales,Poaceae,Trichanthecium parvifolium,FALSE,FALSE
Aves,Passeriformes,Furnariidae,Synallaxis hypospodia,FALSE,FALSE
Equisetopsida,Lamiales,Bignoniaceae,Xylophragma myrianthum,FALSE,FALSE
Equisetopsida,Poales,Poaceae,Trichanthecium cyanescens,FALSE,FALSE
Aves,Passeriformes,Tyrannidae,Zimmerius cinereicapilla,FALSE,FALSE
Aves,Tinamiformes,Tinamidae,Tinamus osgoodi,FALSE,TRUE
Aves,Passeriformes,Furnariidae,Syndactyla ucayalae,FALSE,FALSE
Equisetopsida,Ericales,Primulaceae,Clavija poeppigii,FALSE,FALSE
Mammalia,Rodentia,Echimyidae,Mesomys hispidus,FALSE,FALSE
Actinopterygii,Cichliformes,Cichlidae,Mesonauta festivus,FALSE,FALSE
Mammalia,Rodentia,Cricetidae,Akodon aerosus,FALSE,FALSE
Mammalia,Chiroptera,Phyllostomidae,Mesophylla macconnelli,FALSE,FALSE
Equisetopsida,Laurales,Monimiaceae,Mollinedia killipii,FALSE,FALSE
Actinopterygii,Characiformes,Characidae,Moenkhausia oligolepis,FALSE,FALSE
Actinopterygii,Characiformes,Characidae,Moenkhausia lepidura,FALSE,FALSE
Actinopterygii,Characiformes,Characidae,Moenkhausia latissima,FALSE,FALSE
Actinopterygii,Characiformes,Characidae,Moenkhausia jamesi,FALSE,FALSE
Actinopterygii,Characiformes,Characidae,Moenkhausia dichroura,FALSE,FALSE
Aves,Galliformes,Cracidae,Mitu tuberosum,FALSE,FALSE
Equisetopsida,Sapindales,Rutaceae,Metrodorea flavida,FALSE,FALSE
Equisetopsida,Myrtales,Melastomataceae,Miconia affinis,FALSE,FALSE
Equisetopsida,Myrtales,Melastomataceae,Miconia albicans,FALSE,FALSE
Aves,Passeriformes,Tyrannidae,Mionectes striaticollis,FALSE,FALSE
Equisetopsida,Myrtales,Melastomataceae,Miconia alternidomatia,FALSE,FALSE
Equisetopsida,Myrtales,Melastomataceae,Miconia ampla,FALSE,FALSE
Equisetopsida,Myrtales,Melastomataceae,Miconia argyrophylla,FALSE,FALSE
Equisetopsida,Myrtales,Melastomataceae,Miconia aureoides,FALSE,FALSE
Equisetopsida,Myrtales,Melastomataceae,Miconia bubalina,FALSE,FALSE
Aves,Passeriformes,Tyrannidae,Mionectes olivaceus,FALSE,FALSE
Equisetopsida,Myrtales,Melastomataceae,Miconia caquetana,FALSE,FALSE
Aves,Passeriformes,Tyrannidae,Mionectes oleagineus,FALSE,FALSE
Equisetopsida,Myrtales,Melastomataceae,Miconia chaetodonta,FALSE,FALSE
Equisetopsida,Myrtales,Melastomataceae,Miconia cinnamomea,FALSE,FALSE
Equisetopsida,Myrtales,Melastomataceae,Miconia dependens,FALSE,FALSE
Equisetopsida,Myrtales,Melastomataceae,Miconia dimorphica,FALSE,FALSE
Equisetopsida,Myrtales,Melastomataceae,Miconia dodecandra,FALSE,FALSE
Equisetopsida,Myrtales,Melastomataceae,Miconia dolichorrhyncha,FALSE,FALSE
Equisetopsida,Santalales,Olacaceae,Minquartia guianensis,FALSE,FALSE
Equisetopsida,Myrtales,Melastomataceae,Miconia formicoheterophylla,FALSE,FALSE
Equisetopsida,Myrtales,Melastomataceae,Miconia formicojuruensis,FALSE,FALSE
Equisetopsida,Myrtales,Melastomataceae,Miconia longicoma,FALSE,FALSE
Equisetopsida,Myrtales,Melastomataceae,Miconia longifolia,FALSE,FALSE
Equisetopsida,Myrtales,Melastomataceae,Miconia mayeta,FALSE,FALSE
Equisetopsida,Myrtales,Melastomataceae,Miconia multispicata,FALSE,FALSE
Equisetopsida,Myrtales,Melastomataceae,Miconia myriantha,FALSE,FALSE
Equisetopsida,Myrtales,Melastomataceae,Miconia neosecunda,FALSE,FALSE
Equisetopsida,Myrtales,Melastomataceae,Miconia nervosa,FALSE,FALSE
Equisetopsida,Myrtales,Melastomataceae,Miconia paleacea,FALSE,FALSE
Equisetopsida,Myrtales,Melastomataceae,Miconia poeppigii,FALSE,FALSE
Equisetopsida,Myrtales,Melastomataceae,Miconia prasina,FALSE,FALSE
Equisetopsida,Myrtales,Melastomataceae,Miconia procumbens,FALSE,FALSE
Aves,Falconiformes,Falconidae,Milvago chimachima,FALSE,FALSE
Equisetopsida,Myrtales,Melastomataceae,Miconia punctata,FALSE,FALSE
Equisetopsida,Myrtales,Melastomataceae,Miconia richardsprucei,FALSE,FALSE
Equisetopsida,Myrtales,Melastomataceae,Miconia rufescens,FALSE,FALSE
Equisetopsida,Myrtales,Melastomataceae,Miconia sericea,FALSE,FALSE
Equisetopsida,Asterales,Asteraceae,Mikania psilostachya,FALSE,FALSE
Equisetopsida,Myrtales,Melastomataceae,Miconia splendens,FALSE,FALSE
Equisetopsida,Myrtales,Melastomataceae,Miconia stenostachya,FALSE,FALSE
Equisetopsida,Myrtales,Melastomataceae,Miconia sulcicaulis,FALSE,FALSE
Equisetopsida,Myrtales,Melastomataceae,Miconia tococa,FALSE,FALSE
Equisetopsida,Myrtales,Melastomataceae,Miconia tomentosa,FALSE,FALSE
Equisetopsida,Myrtales,Melastomataceae,Miconia trichocalyx,FALSE,FALSE
Equisetopsida,Myrtales,Melastomataceae,Miconia triplinervis,FALSE,FALSE
Equisetopsida,Myrtales,Melastomataceae,Miconia variifolia,FALSE,FALSE
Equisetopsida,Myrtales,Melastomataceae,Miconia violascens,FALSE,FALSE
Equisetopsida,Malpighiales,Euphorbiaceae,Micrandra spruceana,FALSE,FALSE
Aves,Falconiformes,Falconidae,Micrastur buckleyi,FALSE,FALSE
Aves,Falconiformes,Falconidae,Micrastur gilvicollis,FALSE,FALSE
Aves,Falconiformes,Falconidae,Micrastur mirandollei,FALSE,FALSE
Aves,Falconiformes,Falconidae,Micrastur ruficollis,FALSE,FALSE
Aves,Falconiformes,Falconidae,Micrastur semitorquatus,FALSE,FALSE
Aves,Passeriformes,Troglodytidae,Microcerculus marginatus,FALSE,FALSE
Aves,Gruiformes,Rallidae,Micropygia schomburgkii,FALSE,FALSE
Equisetopsida,Polypodiales,Polypodiaceae,Microgramma baldwinii,FALSE,FALSE
Equisetopsida,Ericales,Sapotaceae,Micropholis venulosa,FALSE,FALSE
Equisetopsida,Ericales,Sapotaceae,Micropholis mensalis,FALSE,FALSE
Equisetopsida,Ericales,Sapotaceae,Micropholis melinoniana,FALSE,FALSE
Equisetopsida,Polypodiales,Polypodiaceae,Microgramma percussa,FALSE,FALSE
Equisetopsida,Polypodiales,Polypodiaceae,Microgramma persicariifolia,FALSE,FALSE
Equisetopsida,Polypodiales,Polypodiaceae,Microgramma reptans,FALSE,FALSE
Equisetopsida,Ericales,Sapotaceae,Micropholis guyanensis,FALSE,FALSE
Equisetopsida,Ericales,Sapotaceae,Micropholis gnaphaloclados,FALSE,FALSE
Equisetopsida,Ericales,Sapotaceae,Micropholis egensis,FALSE,FALSE
Mammalia,Chiroptera,Phyllostomidae,Micronycteris minuta,FALSE,FALSE
Mammalia,Chiroptera,Phyllostomidae,Micronycteris megalotis,FALSE,FALSE
Equisetopsida,Malpighiales,Euphorbiaceae,Alchornea triplinervia,FALSE,FALSE
Equisetopsida,Gentianales,Rubiaceae,Alibertia bertierifolia,FALSE,FALSE
Equisetopsida,Gentianales,Rubiaceae,Alibertia edulis,FALSE,FALSE
Equisetopsida,Ericales,Lecythidaceae,Allantoma decandra,FALSE,FALSE
Equisetopsida,Sapindales,Sapindaceae,Allophylus densiflorus,TRUE,FALSE
Equisetopsida,Sapindales,Sapindaceae,Allophylus divaricatus,FALSE,FALSE
Equisetopsida,Sapindales,Sapindaceae,Allophylus floribundus,FALSE,FALSE
Equisetopsida,Sapindales,Sapindaceae,Allophylus peruvianus,FALSE,FALSE
Equisetopsida,Sapindales,Sapindaceae,Allophylus pilosus,FALSE,FALSE
Actinopterygii,Siluriformes,Loricariidae,Spatuloricaria puganensis,FALSE,FALSE
Mammalia,Primates,Atelidae,Alouatta sara,FALSE,FALSE
Mammalia,Primates,Atelidae,Alouatta seniculus,FALSE,TRUE
Equisetopsida,Cyatheales,Cyatheaceae,Alsophila cuspidata,FALSE,FALSE
Equisetopsida,Alismatales,Araceae,Spathiphyllum juninense,FALSE,FALSE
Equisetopsida,Lamiales,Bignoniaceae,Sparattosperma leucanthum,FALSE,FALSE
Equisetopsida,Ericales,Marcgraviaceae,Souroubea corallina,FALSE,FALSE
Actinopterygii,Siluriformes,Pimelodidae,Sorubim lima,FALSE,FALSE
Actinopterygii,Siluriformes,Pimelodidae,Sorubimichthys planiceps,FALSE,FALSE
Equisetopsida,Gentianales,Rubiaceae,Amaioua guianensis,FALSE,FALSE
Equisetopsida,Rosales,Moraceae,Sorocea briquetii,FALSE,FALSE
Aves,Psittaciformes,Psittacidae,Amazona amazonica,FALSE,FALSE
Aves,Psittaciformes,Psittacidae,Amazona farinosa,FALSE,FALSE
Aves,Psittaciformes,Psittacidae,Amazona ochrocephala,FALSE,FALSE
Equisetopsida,Solanales,Solanaceae,Solanum thelopodium,FALSE,FALSE
Aves,Passeriformes,Passerellidae,Ammodramus aurifrons,FALSE,FALSE
Equisetopsida,Ranunculales,Menispermaceae,Abuta grandifolia,FALSE,FALSE
Aves,Passeriformes,Passerellidae,Ammodramus humeralis,FALSE,FALSE
Equisetopsida,Solanales,Solanaceae,Solanum sessile,FALSE,FALSE
Aves,Passeriformes,Cotingidae,Ampelion rufaxilla,FALSE,FALSE
Equisetopsida,Rosales,Ulmaceae,Ampelocera edentula,FALSE,FALSE
Equisetopsida,Rosales,Ulmaceae,Ampelocera ruizii,FALSE,FALSE
Equisetopsida,Solanales,Solanaceae,Solanum robustifrons,FALSE,FALSE
Equisetopsida,Solanales,Solanaceae,Solanum proteanthum,FALSE,FALSE
Equisetopsida,Lamiales,Bignoniaceae,Amphilophium aschersonii,FALSE,FALSE
Equisetopsida,Lamiales,Bignoniaceae,Amphilophium elongatum,FALSE,FALSE
Equisetopsida,Lamiales,Bignoniaceae,Amphilophium magnoliifolium,FALSE,FALSE
Equisetopsida,Lamiales,Bignoniaceae,Amphilophium occidentale,FALSE,FALSE
Aves,Passeriformes,Furnariidae,Anabacerthia striaticollis,FALSE,TRUE
Equisetopsida,Solanales,Solanaceae,Solanum oppositifolium,FALSE,FALSE
Equisetopsida,Poales,Bromeliaceae,Ananas comosus,FALSE,FALSE
Equisetopsida,Solanales,Solanaceae,Solanum mite,FALSE,FALSE
Equisetopsida,Solanales,Solanaceae,Solanum leucopogon,FALSE,FALSE
Equisetopsida,Magnoliales,Annonaceae,Anaxagorea brevipes,FALSE,FALSE
Aves,Passeriformes,Furnariidae,Ancistrops strigilatus,FALSE,FALSE
Equisetopsida,Solanales,Solanaceae,Solanum caricaefolium,FALSE,FALSE
Equisetopsida,Poales,Poaceae,Andropogon selloanus,FALSE,FALSE
Equisetopsida,Poales,Poaceae,Andropogon virgatus,FALSE,FALSE
Equisetopsida,Ranunculales,Menispermaceae,Abuta pahnii,FALSE,FALSE
Equisetopsida,Polypodiales,Pteridaceae,Anetium citrifolium,FALSE,FALSE
Aves,Anseriformes,Anhimidae,Anhima cornuta,FALSE,FALSE
Aves,Suliformes,Anhingidae,Anhinga anhinga,FALSE,FALSE
Equisetopsida,Laurales,Lauraceae,Aniba guianensis,FALSE,FALSE
Equisetopsida,Laurales,Lauraceae,Aniba hostmanniana,FALSE,FALSE
Equisetopsida,Laurales,Lauraceae,Aniba panurensis,FALSE,FALSE
Equisetopsida,Solanales,Solanaceae,Solanum amnicola,TRUE,FALSE
Equisetopsida,Solanales,Solanaceae,Solanum americanum,FALSE,FALSE
Equisetopsida,Laurales,Lauraceae,Aniba taubertiana,FALSE,FALSE
Equisetopsida,Magnoliales,Annonaceae,Annona ambotay,FALSE,FALSE
Equisetopsida,Arecales,Arecaceae,Socratea salazarii,FALSE,FALSE
Equisetopsida,Arecales,Arecaceae,Socratea exorrhiza,FALSE,FALSE
Equisetopsida,Ranunculales,Menispermaceae,Anomospermum grandifolium,FALSE,FALSE
Equisetopsida,Malpighiales,Caryocaraceae,Anthodiscus klugii,FALSE,FALSE
Equisetopsida,Liliales,Smilacaceae,Smilax maypurensis,FALSE,FALSE
Aves,Apodiformes,Trochilidae,Anthracothorax nigricollis,FALSE,FALSE
Equisetopsida,Oxalidales,Elaeocarpaceae,Sloanea terniflora,FALSE,FALSE
Equisetopsida,Alismatales,Araceae,Anthurium brevipedunculatum,FALSE,FALSE
Equisetopsida,Alismatales,Araceae,Anthurium breviscapum,FALSE,FALSE
Equisetopsida,Oxalidales,Elaeocarpaceae,Sloanea sinemariensis,FALSE,FALSE
Equisetopsida,Alismatales,Araceae,Anthurium clavigerum,FALSE,FALSE
Equisetopsida,Oxalidales,Elaeocarpaceae,Sloanea rufa,FALSE,FALSE
Equisetopsida,Alismatales,Araceae,Anthurium croatii,FALSE,FALSE
Equisetopsida,Oxalidales,Elaeocarpaceae,Sloanea pubescens,FALSE,FALSE
Equisetopsida,Alismatales,Araceae,Anthurium kunthii,FALSE,FALSE
Equisetopsida,Oxalidales,Elaeocarpaceae,Sloanea guianensis,FALSE,FALSE
Equisetopsida,Oxalidales,Elaeocarpaceae,Sloanea grandiflora,FALSE,FALSE
Equisetopsida,Alismatales,Araceae,Anthurium oxycarpum,FALSE,FALSE
Equisetopsida,Oxalidales,Elaeocarpaceae,Sloanea fragrans,FALSE,FALSE
Equisetopsida,Oxalidales,Elaeocarpaceae,Sloanea floribunda,FALSE,FALSE
Mammalia,Primates,Cebidae,Aotus azarae,FALSE,FALSE
Mammalia,Primates,Cebidae,Aotus nigriceps,FALSE,FALSE
Equisetopsida,Malpighiales,Euphorbiaceae,Aparisthmium cordatum,FALSE,FALSE
Equisetopsida,Malvales,Malvaceae,Apeiba glabra,FALSE,FALSE
Equisetopsida,Malvales,Malvaceae,Apeiba membranacea,FALSE,FALSE
Equisetopsida,Malvales,Malvaceae,Apeiba tibourbou,FALSE,FALSE
Actinopterygii,Siluriformes,Loricariidae,Aphanotorulus unicolor,FALSE,FALSE
Equisetopsida,Lamiales,Acanthaceae,Aphelandra aurantiaca,FALSE,FALSE
Aves,Psittaciformes,Psittacidae,Ara ararauna,FALSE,FALSE
Equisetopsida,Laurales,Siparunaceae,Siparuna guianensis,FALSE,FALSE
Aves,Psittaciformes,Psittacidae,Ara chloropterus,FALSE,FALSE
Equisetopsida,Laurales,Siparunaceae,Siparuna gesnerioides,FALSE,FALSE
Aves,Psittaciformes,Psittacidae,Ara macao,FALSE,FALSE
Equisetopsida,Laurales,Siparunaceae,Siparuna decipiens,FALSE,FALSE
Equisetopsida,Laurales,Siparunaceae,Siparuna cuspidata,FALSE,FALSE
Aves,Gruiformes,Rallidae,Aramides cajaneus,FALSE,FALSE
Equisetopsida,Laurales,Siparunaceae,Siparuna cristata,FALSE,FALSE
Equisetopsida,Laurales,Siparunaceae,Siparuna bifida,FALSE,FALSE
Aves,Psittaciformes,Psittacidae,Ara militaris,FALSE,TRUE
Aves,Gruiformes,Aramidae,Aramus guarauna,FALSE,FALSE
Aves,Psittaciformes,Psittacidae,Ara severus,FALSE,FALSE
Aves,Psittaciformes,Psittacidae,Aratinga weddellii,FALSE,FALSE
Equisetopsida,Sapindales,Simaroubaceae,Simarouba amara,FALSE,FALSE
Equisetopsida,Sapindales,Simaroubaceae,Simaba guianensis,FALSE,FALSE
Aves,Pelecaniformes,Ardeidae,Ardea alba,FALSE,FALSE
Equisetopsida,Malpighiales,Euphorbiaceae,Acalypha diversifolia,FALSE,FALSE
Aves,Pelecaniformes,Ardeidae,Ardea cocoi,FALSE,FALSE
Equisetopsida,Malvales,Malvaceae,Sida setosa,FALSE,FALSE
Equisetopsida,Ericales,Primulaceae,Ardisia guianensis,FALSE,FALSE
Equisetopsida,Ericales,Primulaceae,Ardisia loretensis,FALSE,FALSE
Equisetopsida,Ericales,Primulaceae,Ardisia nigrovirens,TRUE,FALSE
Equisetopsida,Poales,Poaceae,Aristida longifolia,FALSE,FALSE
Aves,Passeriformes,Thraupidae,Sicalis flaveola,FALSE,FALSE
Aves,Passeriformes,Parulidae,Setophaga pitiayumi,FALSE,FALSE
Aves,Passeriformes,Passerellidae,Arremon taciturnus,FALSE,FALSE
Aves,Caprimulgiformes,Caprimulgidae,Setopagis parvula,FALSE,FALSE
Mammalia,Chiroptera,Phyllostomidae,Artibeus glaucus,FALSE,FALSE
Equisetopsida,Poales,Poaceae,Setaria parviflora,FALSE,FALSE
Mammalia,Chiroptera,Phyllostomidae,Artibeus gnomus,FALSE,FALSE
Mammalia,Chiroptera,Phyllostomidae,Artibeus lituratus,FALSE,FALSE
Equisetopsida,Malvales,Malvaceae,Sterculia apeibophylla,FALSE,FALSE
Mammalia,Chiroptera,Phyllostomidae,Artibeus obscurus,FALSE,FALSE
Mammalia,Chiroptera,Phyllostomidae,Artibeus planirostris,FALSE,FALSE
Actinopterygii,Characiformes,Characidae,Serrapinnus piaba,FALSE,FALSE
Aves,Strigiformes,Strigidae,Asio clamator,FALSE,FALSE
Equisetopsida,Gentianales,Apocynaceae,Aspidosperma cylindrocarpon,FALSE,FALSE
Equisetopsida,Gentianales,Apocynaceae,Aspidosperma parvifolium,FALSE,FALSE
Equisetopsida,Gentianales,Apocynaceae,Aspidosperma spruceanum,FALSE,FALSE
Equisetopsida,Gentianales,Apocynaceae,Aspidosperma subincanum,FALSE,FALSE
Equisetopsida,Polypodiales,Aspleniaceae,Asplenium auriculatum,FALSE,FALSE
Equisetopsida,Polypodiales,Aspleniaceae,Asplenium auritum,FALSE,FALSE
Equisetopsida,Polypodiales,Aspleniaceae,Asplenium cuspidatum,FALSE,FALSE
Equisetopsida,Polypodiales,Aspleniaceae,Asplenium serratum,FALSE,FALSE
Equisetopsida,Pandanales,Cyclanthaceae,Asplundia acuminata,FALSE,FALSE
Equisetopsida,Pandanales,Cyclanthaceae,Asplundia alata,FALSE,FALSE
Equisetopsida,Pandanales,Cyclanthaceae,Asplundia ecuadoriensis,FALSE,FALSE
Equisetopsida,Fabales,Fabaceae,Senna multijuga,FALSE,FALSE
Equisetopsida,Fabales,Fabaceae,Senegalia tenuifolia,FALSE,FALSE
Equisetopsida,Arecales,Arecaceae,Astrocaryum huaimi,FALSE,FALSE
Equisetopsida,Sapindales,Anacardiaceae,Astronium fraxinifolium,FALSE,FALSE
Equisetopsida,Sapindales,Anacardiaceae,Astronium lecointei,FALSE,FALSE
Actinopterygii,Characiformes,Characidae,Astyanax abramis,FALSE,FALSE
Actinopterygii,Characiformes,Characidae,Astyanax bimaculatus,FALSE,FALSE
Actinopterygii,Characiformes,Characidae,Astyanax fasciatus,FALSE,FALSE
Actinopterygii,Characiformes,Characidae,Astyanax maximus,FALSE,FALSE
Mammalia,Primates,Atelidae,Ateles chamek,FALSE,TRUE
Mammalia,Carnivora,Canidae,Atelocynus microtis,FALSE,TRUE
Equisetopsida,Arecales,Arecaceae,Attalea butyracea,FALSE,FALSE
Aves,Piciformes,Ramphastidae,Selenidera reinwardtii,FALSE,FALSE
Equisetopsida,Arecales,Arecaceae,Attalea maripa,FALSE,FALSE
Aves,Passeriformes,Hirundinidae,Atticora fasciata,FALSE,FALSE
Aves,Passeriformes,Hirundinidae,Atticora tibialis,FALSE,FALSE
Aves,Passeriformes,Tyrannidae,Attila bolivianus,FALSE,FALSE
Equisetopsida,Selaginellales,Selaginellaceae,Selaginella lechleri,FALSE,FALSE
Equisetopsida,Selaginellales,Selaginellaceae,Selaginella haematodes,FALSE,FALSE
Aves,Passeriformes,Tyrannidae,Attila spadiceus,FALSE,FALSE
Equisetopsida,Malpighiales,Euphorbiaceae,Acalypha stricta,FALSE,FALSE
Aves,Piciformes,Ramphastidae,Aulacorhynchus albivitta,FALSE,FALSE
Aves,Piciformes,Ramphastidae,Aulacorhynchus derbianus,FALSE,FALSE
Aves,Passeriformes,Furnariidae,Automolus infuscatus,FALSE,FALSE
Aves,Passeriformes,Furnariidae,Automolus melanopezus,FALSE,FALSE
Aves,Passeriformes,Rhinocryptidae,Scytalopus atratus,FALSE,FALSE
Aves,Passeriformes,Furnariidae,Automolus ochrolaemus,FALSE,FALSE
Aves,Passeriformes,Furnariidae,Automolus rufipileatus,FALSE,FALSE
Equisetopsida,Malvales,Malvaceae,Ayenia catalpifolia,FALSE,FALSE
Aves,Passeriformes,Furnariidae,Sclerurus obscurior,FALSE,FALSE
Equisetopsida,Malvales,Malvaceae,Ayenia pescapraeifolia,FALSE,FALSE
Aves,Passeriformes,Furnariidae,Sclerurus albigularis,FALSE,FALSE
Equisetopsida,Poales,Cyperaceae,Scleria secans,FALSE,FALSE
Equisetopsida,Poales,Cyperaceae,Scleria latifolia,FALSE,FALSE
Equisetopsida,Poales,Cyperaceae,Scleria gaertneri,FALSE,FALSE
Equisetopsida,Apiales,Araliaceae,Sciodaphyllum sprucei,FALSE,FALSE
Aves,Passeriformes,Thamnophilidae,Sciaphylax hemimelaena,FALSE,FALSE
Aves,Charadriiformes,Scolopacidae,Bartramia longicauda,FALSE,FALSE
Equisetopsida,Fabales,Fabaceae,Schnella glabra,FALSE,FALSE
Aves,Coraciiformes,Momotidae,Baryphthengus martii,FALSE,FALSE
Mammalia,Carnivora,Procyonidae,Bassaricyon alleni,FALSE,FALSE
Equisetopsida,Gentianales,Rubiaceae,Schizocalyx peruvianus,FALSE,FALSE
Equisetopsida,Gentianales,Rubiaceae,Schizocalyx obovatus,FALSE,FALSE
Equisetopsida,Fabales,Fabaceae,Bauhinia brachycalyx,FALSE,FALSE
Aves,Passeriformes,Thraupidae,Schistochlamys melanopis,FALSE,FALSE
Equisetopsida,Cucurbitales,Begoniaceae,Begonia parviflora,FALSE,FALSE
Equisetopsida,Cucurbitales,Begoniaceae,Begonia semiovata,FALSE,FALSE
Aves,Passeriformes,Tityridae,Schiffornis turdina,FALSE,FALSE
Equisetopsida,Myrtales,Melastomataceae,Bellucia grossularioides,FALSE,FALSE
Equisetopsida,Myrtales,Melastomataceae,Bellucia pentamera,FALSE,FALSE
Equisetopsida,Asparagales,Orchidaceae,Scaphyglottis boliviensis,FALSE,FALSE
Aves,Passeriformes,Furnariidae,Berlepschia rikeri,FALSE,FALSE
Equisetopsida,Ericales,Lecythidaceae,Bertholletia excelsa,FALSE,FALSE
Equisetopsida,Gentianales,Rubiaceae,Bertiera guianensis,FALSE,FALSE
Equisetopsida,Lamiales,Gesneriaceae,Besleria aggregata,FALSE,FALSE
Equisetopsida,Lamiales,Gesneriaceae,Besleria variabilis,FALSE,FALSE
Equisetopsida,Malpighiales,Ochnaceae,Sauvagesia erecta,FALSE,FALSE
Equisetopsida,Lamiales,Bignoniaceae,Bignonia nocturna,FALSE,FALSE
Equisetopsida,Lamiales,Bignoniaceae,Bignonia uleana,FALSE,FALSE
Equisetopsida,Malvales,Bixaceae,Bixa urucurana,FALSE,FALSE
Equisetopsida,Myrtales,Melastomataceae,Blakea repens,FALSE,FALSE
Mammalia,Cetartiodactyla,Cervidae,Blastocerus dichotomus,FALSE,TRUE
Equisetopsida,Polypodiales,Blechnaceae,Blechnum asplenioides,FALSE,FALSE
Aves,Passeriformes,Tyrannidae,Satrapa icterophrys,FALSE,FALSE
Actinopterygii,Cichliformes,Cichlidae,Satanoperca jurupari,FALSE,FALSE
Equisetopsida,Gentianales,Apocynaceae,Blepharodon pictum,FALSE,FALSE
Aves,Cathartiformes,Cathartidae,Sarcoramphus papa,FALSE,FALSE
Equisetopsida,Ericales,Sapotaceae,Sarcaulus brasiliensis,FALSE,FALSE
Equisetopsida,Malpighiales,Euphorbiaceae,Sapium glandulosum,FALSE,FALSE
Equisetopsida,Ranunculales,Menispermaceae,Borismene japurensis,FALSE,FALSE
Equisetopsida,Lamiales,Acanthaceae,Sanchezia oblonga,FALSE,FALSE
Actinopterygii,Characiformes,Characidae,Brachychalcinus copei,FALSE,FALSE
Actinopterygii,Characiformes,Characidae,Brachychalcinus orbicularis,FALSE,FALSE
Aves,Passeriformes,Thraupidae,Saltator maximus,FALSE,FALSE
Aves,Passeriformes,Thraupidae,Saltator grossus,FALSE,FALSE
Mammalia,Pilosa,Bradypodidae,Bradypus variegatus,FALSE,FALSE
Aves,Passeriformes,Thraupidae,Saltator coerulescens,FALSE,FALSE
Equisetopsida,Fabales,Polygalaceae,Bredemeyera divaricata,FALSE,FALSE
Equisetopsida,Fabales,Polygalaceae,Bredemeyera floribunda,FALSE,FALSE
Equisetopsida,Lamiales,Acanthaceae,Stenostephanus crenulatus,FALSE,FALSE
Equisetopsida,Myrtales,Melastomataceae,Salpinga secunda,FALSE,FALSE
Equisetopsida,Rosales,Moraceae,Brosimum alicastrum,FALSE,FALSE
Equisetopsida,Rosales,Moraceae,Brosimum guianense,FALSE,FALSE
Equisetopsida,Rosales,Moraceae,Brosimum lactescens,FALSE,FALSE
Equisetopsida,Rosales,Moraceae,Brosimum rubescens,FALSE,FALSE
Equisetopsida,Rosales,Moraceae,Brosimum utile,FALSE,FALSE
Equisetopsida,Malpighiales,Salicaceae,Salix humboldtiana,FALSE,FALSE
Aves,Psittaciformes,Psittacidae,Brotogeris cyanoptera,FALSE,FALSE
Aves,Psittaciformes,Psittacidae,Brotogeris sanctithomae,FALSE,FALSE
Aves,Psittaciformes,Psittacidae,Brotogeris versicolurus,FALSE,FALSE
Equisetopsida,Celastrales,Celastraceae,Salacia opacifolia,FALSE,FALSE
Equisetopsida,Celastrales,Celastraceae,Salacia macrantha,FALSE,FALSE
Equisetopsida,Celastrales,Celastraceae,Salacia gigantea,FALSE,FALSE
Actinopterygii,Characiformes,Characidae,Bryconamericus pachacuti,FALSE,FALSE
Mammalia,Primates,Cebidae,Saimiri sciureus,FALSE,FALSE
Aves,Accipitriformes,Accipitridae,Accipiter bicolor,FALSE,FALSE
Actinopterygii,Characiformes,Characidae,Bryconops melanurus,FALSE,FALSE
Mammalia,Primates,Cebidae,Saimiri boliviensis,FALSE,FALSE
Mammalia,Primates,Cebidae,Saguinus (Tamarinus) imperator,FALSE,FALSE
Aves,Pelecaniformes,Ardeidae,Bubulcus ibis,FALSE,FALSE
Equisetopsida,Malpighiales,Euphorbiaceae,Sagotia racemosa,FALSE,FALSE
Aves,Galbuliformes,Bucconidae,Bucco macrodactylus,FALSE,FALSE
Equisetopsida,Lamiales,Orobanchaceae,Buchnera rosea,FALSE,FALSE
Mammalia,Chiroptera,Emballonuridae,Saccopteryx bilineata,FALSE,FALSE
Equisetopsida,Polypodiales,Saccolomataceae,Saccoloma inaequale,FALSE,FALSE
Equisetopsida,Poales,Poaceae,Sacciolepis angustissima,FALSE,FALSE
Actinopterygii,Cichliformes,Cichlidae,Bujurquina cordemadi,FALSE,FALSE
Equisetopsida,Gentianales,Rubiaceae,Sabicea umbellata,FALSE,FALSE
Actinopterygii,Cichliformes,Cichlidae,Bujurquina tambopatae,FALSE,FALSE
Equisetopsida,Gentianales,Rubiaceae,Sabicea panamensis,FALSE,FALSE
Equisetopsida,Poales,Cyperaceae,Bulbostylis junciformis,FALSE,FALSE
Equisetopsida,Gentianales,Rubiaceae,Sabicea cana,FALSE,FALSE
Aves,Accipitriformes,Accipitridae,Accipiter poliogaster,FALSE,FALSE
Aves,Charadriiformes,Rhynchopidae,Rynchops niger,FALSE,FALSE
Equisetopsida,Malpighiales,Salicaceae,Ryania speciosa,FALSE,FALSE
Equisetopsida,Dioscoreales,Burmanniaceae,Burmannia bicolor,FALSE,FALSE
Aves,Accipitriformes,Accipitridae,Busarellus nigricollis,FALSE,FALSE
Aves,Accipitriformes,Accipitridae,Buteo albonotatus,FALSE,FALSE
Aves,Accipitriformes,Accipitridae,Buteogallus meridionalis,FALSE,FALSE
Aves,Accipitriformes,Accipitridae,Rupornis magnirostris,FALSE,FALSE
Aves,Accipitriformes,Accipitridae,Buteogallus schistaceus,FALSE,FALSE
Aves,Accipitriformes,Accipitridae,Buteogallus urubitinga,FALSE,FALSE
Aves,Accipitriformes,Accipitridae,Buteo platypterus,FALSE,FALSE
Equisetopsida,Magnoliales,Annonaceae,Ruizodendron ovale,FALSE,FALSE
Equisetopsida,Nymphaeales,Cabombaceae,Cabomba furcata,FALSE,FALSE
Aves,Passeriformes,Icteridae,Cacicus cela,FALSE,FALSE
Aves,Passeriformes,Icteridae,Cacicus haemorrhous,FALSE,FALSE
Equisetopsida,Gentianales,Rubiaceae,Rudgea viburnoides,FALSE,FALSE
Aves,Passeriformes,Icteridae,Cacicus oseryi,FALSE,FALSE
Aves,Passeriformes,Icteridae,Cacicus solitarius,FALSE,FALSE
Equisetopsida,Gentianales,Rubiaceae,Rudgea stipulacea,FALSE,FALSE
Equisetopsida,Gentianales,Rubiaceae,Rudgea loretensis,FALSE,FALSE
Equisetopsida,Gentianales,Rubiaceae,Rudgea guyanensis,FALSE,FALSE
Equisetopsida,Gentianales,Rubiaceae,Rudgea cornifolia,FALSE,FALSE
Aves,Anseriformes,Anatidae,Cairina moschata,FALSE,FALSE
Equisetopsida,Alismatales,Araceae,Caladium bicolor,FALSE,FALSE
Equisetopsida,Zingiberales,Marantaceae,Calathea lutea,FALSE,FALSE
Equisetopsida,Metteniusales,Metteniusaceae,Calatola costaricensis,FALSE,FALSE
Equisetopsida,Oxalidales,Connaraceae,Rourea camptoneura,FALSE,FALSE
Equisetopsida,Proteales,Proteaceae,Roupala montana,FALSE,FALSE
Equisetopsida,Malpighiales,Linaceae,Roucheria columbiana,FALSE,FALSE
Aves,Accipitriformes,Accipitridae,Rostrhamus sociabilis,FALSE,FALSE
Actinopterygii,Characiformes,Characidae,Roeboides myersii,FALSE,FALSE
Actinopterygii,Characiformes,Characidae,Roeboides affinis,FALSE,FALSE
Equisetopsida,Malpighiales,Violaceae,Rinorea viridifolia,FALSE,FALSE
Equisetopsida,Malpighiales,Violaceae,Rinorea lindeniana,FALSE,FALSE
Aves,Charadriiformes,Scolopacidae,Calidris melanotos,FALSE,FALSE
Equisetopsida,Malpighiales,Phyllanthaceae,Richeria grandis,FALSE,FALSE
Aves,Passeriformes,Tyrannidae,Rhytipterna simplex,FALSE,FALSE
Aves,Tinamiformes,Tinamidae,Rhynchotus rufescens,FALSE,FALSE
Equisetopsida,Poales,Cyperaceae,Rhynchospora tenuis,FALSE,FALSE
Equisetopsida,Poales,Cyperaceae,Rhynchospora rugosa,FALSE,FALSE
Equisetopsida,Poales,Cyperaceae,Rhynchospora macrochaeta,FALSE,FALSE
Equisetopsida,Poales,Cyperaceae,Rhynchospora globosa,FALSE,FALSE
Equisetopsida,Poales,Cyperaceae,Rhynchospora comata,FALSE,FALSE
Equisetopsida,Poales,Cyperaceae,Rhynchospora cephalotes,FALSE,FALSE
Equisetopsida,Poales,Cyperaceae,Rhynchospora barbata,FALSE,FALSE
Equisetopsida,Malpighiales,Calophyllaceae,Calophyllum brasiliense,FALSE,FALSE
Mammalia,Chiroptera,Emballonuridae,Rhynchonycteris naso,FALSE,FALSE
Equisetopsida,Malpighiales,Calophyllaceae,Calophyllum longifolium,FALSE,FALSE
Mammalia,Didelphimorphia,Didelphidae,Caluromysiops irrupta,FALSE,FALSE
Mammalia,Didelphimorphia,Didelphidae,Caluromys lanatus,FALSE,FALSE
Equisetopsida,Gentianales,Rubiaceae,Calycophyllum megistocaulum,FALSE,FALSE
Mammalia,Chiroptera,Vespertilionidae,Rhogeessa io,FALSE,FALSE
Mammalia,Chiroptera,Vespertilionidae,Rhogeessa hussoni,FALSE,FALSE
Equisetopsida,Gentianales,Rubiaceae,Calycophyllum spruceanum,FALSE,FALSE
Equisetopsida,Poales,Cyperaceae,Calyptrocarya glomerulata,FALSE,FALSE
Equisetopsida,Alismatales,Araceae,Rhodospatha latifolia,FALSE,FALSE
Aves,Piciformes,Picidae,Campephilus melanoleucos,FALSE,FALSE
Mammalia,Rodentia,Cricetidae,Rhipidomys ochrogaster,TRUE,TRUE
Aves,Piciformes,Picidae,Campephilus rubricollis,FALSE,FALSE
Mammalia,Chiroptera,Phyllostomidae,Rhinophylla pumilio,FALSE,FALSE
Aves,Passeriformes,Tyrannidae,Camptostoma obsoletum,FALSE,FALSE
Equisetopsida,Polypodiales,Polypodiaceae,Campyloneurum phyllitidis,FALSE,FALSE
Equisetopsida,Polypodiales,Polypodiaceae,Campyloneurum repens,FALSE,FALSE
Aves,Apodiformes,Trochilidae,Campylopterus largipennis,FALSE,FALSE
Aves,Passeriformes,Troglodytidae,Campylorhynchus turdinus,FALSE,FALSE
Equisetopsida,Fabales,Fabaceae,Canavalia ensiformis,FALSE,FALSE
Aves,Passeriformes,Thamnophilidae,Rhegmatorhina melanosticta,FALSE,FALSE
Aves,Passeriformes,Troglodytidae,Cantorchilus leucotis,FALSE,FALSE
Equisetopsida,Gentianales,Rubiaceae,Capirona macrophylla,FALSE,FALSE
Aves,Piciformes,Capitonidae,Capito auratus,FALSE,FALSE
Equisetopsida,Zingiberales,Zingiberaceae,Renealmia thyrsoidea,FALSE,FALSE
Aves,Falconiformes,Falconidae,Caracara plancus,FALSE,FALSE
Equisetopsida,Gentianales,Rubiaceae,Remijia macrocnemia,FALSE,FALSE
Equisetopsida,Malpighiales,Calophyllaceae,Caraipa densifolia,FALSE,FALSE
Equisetopsida,Gentianales,Rubiaceae,Remijia firmula,FALSE,FALSE
Actinopterygii,Characiformes,Gasteropelecidae,Carnegiella myersi,FALSE,FALSE
Mammalia,Chiroptera,Phyllostomidae,Carollia benkeithi,FALSE,FALSE
Mammalia,Chiroptera,Phyllostomidae,Carollia brevicauda,FALSE,FALSE
Mammalia,Chiroptera,Phyllostomidae,Carollia perspicillata,FALSE,FALSE
Equisetopsida,Malpighiales,Achariaceae,Carpotroche longifolia,FALSE,FALSE
Equisetopsida,Gentianales,Rubiaceae,Randia armata,FALSE,FALSE
Equisetopsida,Malpighiales,Caryocaraceae,Caryocar amygdaliforme,FALSE,FALSE
Equisetopsida,Malpighiales,Salicaceae,Casearia acuminata,FALSE,FALSE
Equisetopsida,Malpighiales,Salicaceae,Casearia arborea,FALSE,FALSE
Aves,Passeriformes,Tyrannidae,Ramphotrigon fuscicauda,FALSE,FALSE
Aves,Passeriformes,Thraupidae,Ramphocelus nigrogularis,FALSE,FALSE
Equisetopsida,Malpighiales,Salicaceae,Casearia uleana,FALSE,FALSE
Aves,Passeriformes,Thraupidae,Ramphocelus carbo,FALSE,FALSE
Equisetopsida,Rosales,Moraceae,Castilla ulei,FALSE,FALSE
Aves,Passeriformes,Polioptilidae,Ramphocaenus melanurus,FALSE,FALSE
Aves,Piciformes,Ramphastidae,Ramphastos vitellinus,FALSE,FALSE
Aves,Piciformes,Ramphastidae,Ramphastos tucanus,FALSE,FALSE
Aves,Piciformes,Ramphastidae,Ramphastos toco,FALSE,FALSE
Aves,Cathartiformes,Cathartidae,Cathartes aura,FALSE,FALSE
Aves,Cathartiformes,Cathartidae,Cathartes burrovianus,FALSE,FALSE
Aves,Cathartiformes,Cathartidae,Cathartes melambrotus,FALSE,FALSE
Aves,Passeriformes,Turdidae,Catharus maculatus,FALSE,FALSE
Equisetopsida,Malpighiales,Ochnaceae,Quiina amazonica,FALSE,FALSE
Aves,Passeriformes,Cotingidae,Querula purpurata,FALSE,FALSE
Aves,Passeriformes,Turdidae,Catharus ustulatus,FALSE,FALSE
Equisetopsida,Santalales,Olacaceae,Cathedra acuminata,FALSE,FALSE
Mammalia,Rodentia,Caviidae,Cavia aperea,FALSE,FALSE
Equisetopsida,Malvales,Malvaceae,Quararibea wittii,FALSE,FALSE
Equisetopsida,Cucurbitales,Cucurbitaceae,Cayaponia oppositifolia,FALSE,FALSE
Equisetopsida,Malvales,Malvaceae,Quararibea guianensis,FALSE,FALSE
Equisetopsida,Myrtales,Vochysiaceae,Qualea tessmannii,FALSE,FALSE
Equisetopsida,Myrtales,Vochysiaceae,Qualea paraensis,FALSE,FALSE
Equisetopsida,Myrtales,Vochysiaceae,Qualea multiflora,FALSE,FALSE
Mammalia,Primates,Cebidae,Cebus (Cebus) albifrons,FALSE,FALSE
Mammalia,Primates,Cebidae,Cebus (Sapajus) apella,FALSE,FALSE
Aves,Psittaciformes,Psittacidae,Pyrrhura rupicola,FALSE,FALSE
Equisetopsida,Rosales,Urticaceae,Cecropia distachya,FALSE,FALSE
Equisetopsida,Rosales,Urticaceae,Cecropia engleriana,FALSE,FALSE
Equisetopsida,Rosales,Urticaceae,Cecropia ficifolia,FALSE,FALSE
Actinopterygii,Characiformes,Lebiasinidae,Pyrrhulina vittata,FALSE,FALSE
Equisetopsida,Rosales,Urticaceae,Cecropia latiloba,FALSE,FALSE
Equisetopsida,Rosales,Urticaceae,Cecropia membranacea,FALSE,FALSE
Equisetopsida,Rosales,Urticaceae,Cecropia sciadophylla,FALSE,FALSE
Equisetopsida,Malvales,Malvaceae,Ceiba lupuna,FALSE,FALSE
Equisetopsida,Malvales,Malvaceae,Ceiba pentandra,FALSE,FALSE
Aves,Passeriformes,Tyrannidae,Pyrocephalus rubinus,FALSE,FALSE
Aves,Piciformes,Picidae,Celeus elegans,FALSE,FALSE
Aves,Piciformes,Picidae,Celeus flavus,FALSE,FALSE
Aves,Psittaciformes,Psittacidae,Pyrilia barrabandi,FALSE,FALSE
Aves,Passeriformes,Thamnophilidae,Pyriglena maura,FALSE,FALSE
Equisetopsida,Rosales,Cannabaceae,Celtis iguanaea,FALSE,TRUE
Equisetopsida,Rosales,Cannabaceae,Celtis schippii,FALSE,FALSE
Aves,Passeriformes,Hirundinidae,Pygochelidon cyanoleuca,FALSE,FALSE
Equisetopsida,Asterales,Campanulaceae,Centropogon densiflorus,FALSE,FALSE
Equisetopsida,Asterales,Campanulaceae,Centropogon loretensis,FALSE,FALSE
Aves,Passeriformes,Thamnophilidae,Pygiptila stellaris,FALSE,FALSE
Aves,Passeriformes,Cotingidae,Cephalopterus ornatus,FALSE,FALSE
Mammalia,Carnivora,Felidae,Puma yagouaroundi,FALSE,FALSE
Aves,Passeriformes,Pipridae,Ceratopipra chloromeros,FALSE,FALSE
Aves,Passeriformes,Thamnophilidae,Cercomacra cinerascens,FALSE,FALSE
Aves,Passeriformes,Thamnophilidae,Cercomacroides fuscicauda,FALSE,FALSE
Aves,Passeriformes,Thamnophilidae,Cercomacroides serva,FALSE,FALSE
Mammalia,Carnivora,Felidae,Puma concolor,FALSE,FALSE
Mammalia,Rodentia,Cricetidae,Cerradomys maracajuensis,FALSE,FALSE
Aves,Passeriformes,Furnariidae,Certhiasomus stictolaemus,FALSE,FALSE
Aves,Passeriformes,Furnariidae,Certhiaxis cinnamomeus,FALSE,FALSE
Equisetopsida,Malpighiales,Ochnaceae,Cespedesia spathulata,FALSE,FALSE
Aves,Strigiformes,Strigidae,Pulsatrix perspicillata,FALSE,FALSE
Equisetopsida,Solanales,Solanaceae,Cestrum reflexum,FALSE,FALSE
Equisetopsida,Malvales,Malvaceae,Pterygota amazonica,FALSE,FALSE
Equisetopsida,Malpighiales,Peraceae,Chaetocarpus echinocarpus,FALSE,FALSE
Aves,Apodiformes,Apodidae,Chaetura brachyura,FALSE,FALSE
Mammalia,Carnivora,Mustelidae,Pteronura brasiliensis,FALSE,TRUE
Aves,Apodiformes,Apodidae,Chaetura cinereiventris,FALSE,FALSE
Aves,Apodiformes,Apodidae,Chaetura egregia,FALSE,FALSE
Aves,Piciformes,Ramphastidae,Pteroglossus castanotis,FALSE,FALSE
Aves,Piciformes,Ramphastidae,Pteroglossus beauharnaesii,FALSE,FALSE
Equisetopsida,Fabales,Fabaceae,Chamaecrista adiantifolia,FALSE,FALSE
Equisetopsida,Arecales,Arecaceae,Chamaedorea angustisecta,FALSE,FALSE
Aves,Piciformes,Ramphastidae,Pteroglossus azara,FALSE,FALSE
Equisetopsida,Arecales,Arecaceae,Chamaedorea pinnatifrons,FALSE,FALSE
Aves,Passeriformes,Formicariidae,Chamaeza campanisona,FALSE,FALSE
Equisetopsida,Fabales,Fabaceae,Pterocarpus rohrii,FALSE,FALSE
Aves,Charadriiformes,Charadriidae,Charadrius collaris,FALSE,FALSE
Actinopterygii,Characiformes,Characidae,Charax caudimaculatus,FALSE,FALSE
Equisetopsida,Gentianales,Rubiaceae,Psychotria viridis,FALSE,FALSE
Actinopterygii,Characiformes,Characidae,Charax tectifer,FALSE,FALSE
Equisetopsida,Asparagales,Orchidaceae,Chaubardia klugii,FALSE,TRUE
Equisetopsida,Gentianales,Rubiaceae,Psychotria trivialis,FALSE,FALSE
Equisetopsida,Gentianales,Rubiaceae,Psychotria trichotoma,FALSE,FALSE
Equisetopsida,Celastrales,Celastraceae,Cheiloclinium hippocrateoides,FALSE,FALSE
Equisetopsida,Gentianales,Rubiaceae,Psychotria santaremica,FALSE,FALSE
Aves,Galbuliformes,Bucconidae,Chelidoptera tenebrosa,FALSE,FALSE
Equisetopsida,Gentianales,Rubiaceae,Psychotria remota,FALSE,FALSE
Equisetopsida,Gentianales,Rubiaceae,Psychotria pedunculosa,FALSE,FALSE
Insecta,Lepidoptera,Erebidae,Chetone histrio histriónica,FALSE,FALSE
Equisetopsida,Gentianales,Rubiaceae,Chimarrhis hookeri,FALSE,FALSE
Equisetopsida,Gentianales,Rubiaceae,Psychotria herzogii,FALSE,FALSE
Aves,Apodiformes,Trochilidae,Chionomesa lactea,FALSE,FALSE
Mammalia,Chiroptera,Phyllostomidae,Chiroderma trinitatum,FALSE,FALSE
Mammalia,Chiroptera,Phyllostomidae,Chiroderma villosum,FALSE,FALSE
Equisetopsida,Gentianales,Rubiaceae,Psychotria carthagenensis,FALSE,FALSE
Mammalia,Didelphimorphia,Didelphidae,Chironectes minimus,FALSE,FALSE
Equisetopsida,Gentianales,Rubiaceae,Psychotria alba,FALSE,FALSE
Aves,Gruiformes,Psophiidae,Psophia leucoptera,FALSE,FALSE
Aves,Passeriformes,Pipridae,Chiroxiphia boliviana,FALSE,FALSE
Aves,Apodiformes,Trochilidae,Chlorestes cyanus,FALSE,FALSE
Aves,Psittaciformes,Psittacidae,Psittacara leucophthalmus,FALSE,FALSE
Aves,Coraciiformes,Alcedinidae,Chloroceryle aenea,FALSE,FALSE
Equisetopsida,Santalales,Loranthaceae,Psittacanthus cucullaris,FALSE,FALSE
Aves,Coraciiformes,Alcedinidae,Chloroceryle amazona,FALSE,FALSE
Aves,Coraciiformes,Alcedinidae,Chloroceryle americana,FALSE,FALSE
Equisetopsida,Myrtales,Melastomataceae,Aciotis acuminifolia,FALSE,FALSE
Equisetopsida,Cucurbitales,Cucurbitaceae,Psiguria triphylla,FALSE,FALSE
Aves,Coraciiformes,Alcedinidae,Chloroceryle inda,FALSE,FALSE
Aves,Passeriformes,Thraupidae,Chlorochrysa calliparaea,FALSE,FALSE
Equisetopsida,Myrtales,Myrtaceae,Psidium acutangulum,FALSE,FALSE
Aves,Passeriformes,Thraupidae,Chlorophanes spiza,FALSE,FALSE
Aves,Passeriformes,Passerellidae,Chlorospingus flavigularis,FALSE,FALSE
Equisetopsida,Malpighiales,Euphorbiaceae,Pseudosenefeldera inclinata,FALSE,FALSE
Aves,Apodiformes,Trochilidae,Chlorostilbon mellisugus,FALSE,FALSE
Mammalia,Rodentia,Cricetidae,Pseudoryzomys simplex,FALSE,FALSE
Aves,Passeriformes,Cardinalidae,Chlorothraupis carmioli,FALSE,FALSE
Mammalia,Pilosa,Choloepodidae,Choloepus hoffmanni,FALSE,FALSE
Aves,Accipitriformes,Accipitridae,Chondrohierax uncinatus,FALSE,FALSE
Equisetopsida,Magnoliales,Annonaceae,Pseudomalmea diclina,FALSE,FALSE
Aves,Caprimulgiformes,Caprimulgidae,Chordeiles rupestris,FALSE,FALSE
Equisetopsida,Malpighiales,Malpighiaceae,Christianella surinamensis,FALSE,FALSE
Equisetopsida,Rosales,Moraceae,Pseudolmedia macrophylla,FALSE,FALSE
Equisetopsida,Rosales,Moraceae,Pseudolmedia laevigata,FALSE,FALSE
Mammalia,Chiroptera,Phyllostomidae,Chrotopterus auritus,FALSE,FALSE
Equisetopsida,Malpighiales,Clusiaceae,Chrysochlamys ulei,FALSE,FALSE
Equisetopsida,Malpighiales,Clusiaceae,Chrysochlamys weberbaueri,FALSE,FALSE
Mammalia,Carnivora,Canidae,Chrysocyon brachyurus,FALSE,FALSE
Equisetopsida,Myrtales,Melastomataceae,Aciotis rubricaulis,FALSE,FALSE
Equisetopsida,Ericales,Sapotaceae,Chrysophyllum argenteum,FALSE,FALSE
Equisetopsida,Oxalidales,Connaraceae,Pseudoconnarus macrophyllus,FALSE,FALSE
Equisetopsida,Ericales,Sapotaceae,Chrysophyllum venezuelanense,FALSE,FALSE
Aves,Apodiformes,Trochilidae,Chrysuronia oenone,FALSE,FALSE
Equisetopsida,Malvales,Malvaceae,Pseudobombax septenatum,FALSE,FALSE
Aves,Accipitriformes,Accipitridae,Pseudastur albicollis,FALSE,FALSE
Aves,Strigiformes,Strigidae,Ciccaba virgata,FALSE,FALSE
Insecta,Lepidoptera,Erebidae,Aclytia hoffmannsi,FALSE,FALSE
Actinopterygii,Cichliformes,Cichlidae,Cichlasoma amazonarum,FALSE,FALSE
Insecta,Lepidoptera,Erebidae,Pseudaclytia oponnens,FALSE,FALSE
Aves,Ciconiiformes,Ciconiidae,Ciconia maguari,FALSE,FALSE
Equisetopsida,Gentianales,Rubiaceae,Ciliosemina pedunculata,FALSE,FALSE
Aves,Passeriformes,Icteridae,Psarocolius decumanus,FALSE,FALSE
Aves,Passeriformes,Icteridae,Psarocolius bifasciatus,FALSE,FALSE
Aves,Passeriformes,Icteridae,Psarocolius angustifrons,FALSE,FALSE
Aves,Accipitriformes,Accipitridae,Circus buffoni,FALSE,FALSE
Equisetopsida,Rosales,Rosaceae,Prunus detrita,TRUE,FALSE
Equisetopsida,Rosales,Rosaceae,Prunus debilis,FALSE,FALSE
Insecta,Lepidoptera,Nymphalidae,Cisandina fida directa,FALSE,FALSE
Equisetopsida,Sapindales,Burseraceae,Protium unifoliolatum,FALSE,FALSE
Aves,Passeriformes,Thraupidae,Cissopis leverianus,FALSE,FALSE
Insecta,Lepidoptera,Erebidae,Aclytia reducta,FALSE,FALSE
Equisetopsida,Vitales,Vitaceae,Cissus erosa,FALSE,FALSE
Equisetopsida,Sapindales,Burseraceae,Protium stevensonii,FALSE,FALSE
Equisetopsida,Vitales,Vitaceae,Cissus obliqua,FALSE,FALSE
Equisetopsida,Vitales,Vitaceae,Cissus verticillata,FALSE,FALSE
Equisetopsida,Sapindales,Burseraceae,Protium sagotianum,FALSE,FALSE
Equisetopsida,Sapindales,Burseraceae,Protium rhynchophyllum,FALSE,FALSE
Equisetopsida,Sapindales,Burseraceae,Protium rhoifolium,FALSE,FALSE
Equisetopsida,Sapindales,Burseraceae,Protium puncticulatum,FALSE,FALSE
Equisetopsida,Sapindales,Burseraceae,Protium paniculatum,FALSE,FALSE
Equisetopsida,Sapindales,Burseraceae,Protium opacum,FALSE,FALSE
Equisetopsida,Aquifoliales,Cardiopteridaceae,Citronella melliodora,FALSE,FALSE
Equisetopsida,Sapindales,Burseraceae,Protium nodulosum,FALSE,FALSE
Aves,Columbiformes,Columbidae,Claravis pretiosa,FALSE,FALSE
Equisetopsida,Rosales,Moraceae,Clarisia biflora,FALSE,FALSE
Equisetopsida,Sapindales,Burseraceae,Protium goudotianum,FALSE,FALSE
Equisetopsida,Sapindales,Burseraceae,Protium glabrescens,FALSE,FALSE
Equisetopsida,Rosales,Moraceae,Clarisia racemosa,FALSE,FALSE
Equisetopsida,Ericales,Primulaceae,Clavija tarapotana,FALSE,FALSE
Equisetopsida,Ericales,Primulaceae,Clavija weberbaueri,FALSE,FALSE
Equisetopsida,Sapindales,Burseraceae,Protium excelsior,FALSE,FALSE
Equisetopsida,Sapindales,Burseraceae,Protium divaricatum,FALSE,FALSE
Equisetopsida,Sapindales,Burseraceae,Protium crassipetalum,FALSE,FALSE
Equisetopsida,Sapindales,Burseraceae,Protium aracouchini,FALSE,FALSE
Equisetopsida,Sapindales,Burseraceae,Protium apiculatum,FALSE,FALSE
Equisetopsida,Sapindales,Burseraceae,Protium altsonii,FALSE,FALSE
Equisetopsida,Malpighiales,Clusiaceae,Clusia flavida,FALSE,FALSE
Equisetopsida,Malpighiales,Clusiaceae,Clusia hammeliana,FALSE,FALSE
Mammalia,Chiroptera,Molossidae,Promops centralis,FALSE,FALSE
Equisetopsida,Malpighiales,Clusiaceae,Clusia octandra,FALSE,FALSE
Aves,Passeriformes,Hirundinidae,Progne tapera,FALSE,FALSE
Aves,Passeriformes,Hirundinidae,Progne chalybea,FALSE,FALSE
Mammalia,Rodentia,Echimyidae,Proechimys simonsi,FALSE,FALSE
Equisetopsida,Malpighiales,Euphorbiaceae,Cnidoscolus tubulosus,FALSE,FALSE
Mammalia,Rodentia,Echimyidae,Proechimys brevicauda,FALSE,FALSE
Mammalia,Carnivora,Procyonidae,Procyon cancrivorus,FALSE,FALSE
Aves,Cuculiformes,Cuculidae,Coccycua minuta,FALSE,FALSE
Equisetopsida,Malpighiales,Salicaceae,Prockia crucis,FALSE,FALSE
Aves,Cuculiformes,Cuculidae,Coccyzus melacoryphus,FALSE,FALSE
Aves,Pelecaniformes,Ardeidae,Cochlearius cochlearius,FALSE,FALSE
Equisetopsida,Malvales,Bixaceae,Cochlospermum orinocense,FALSE,FALSE
Equisetopsida,Lamiales,Gesneriaceae,Codonanthe crassifolia,FALSE,FALSE
Equisetopsida,Lamiales,Gesneriaceae,Codonanthe uleana,FALSE,FALSE
Aves,Passeriformes,Thraupidae,Coereba flaveola,FALSE,FALSE
Aves,Piciformes,Picidae,Colaptes rubiginosus,FALSE,FALSE
Aves,Apodiformes,Trochilidae,Colibri delphinae,FALSE,FALSE
Mammalia,Cingulata,Chlamyphoridae,Priodontes maximus,FALSE,TRUE
Aves,Psittaciformes,Psittacidae,Primolius couloni,FALSE,TRUE
Aves,Columbiformes,Columbidae,Columbina picui,FALSE,FALSE
Aves,Columbiformes,Columbidae,Columbina talpacoti,FALSE,FALSE
Equisetopsida,Lamiales,Gesneriaceae,Columnea guttata,FALSE,FALSE
Equisetopsida,Rosales,Cannabaceae,Pouzolzia obliqua,FALSE,FALSE
Equisetopsida,Ericales,Sapotaceae,Pouteria trilocularis,FALSE,FALSE
Equisetopsida,Myrtales,Combretaceae,Combretum laxum,FALSE,FALSE
Equisetopsida,Ericales,Sapotaceae,Pouteria torta,FALSE,FALSE
Equisetopsida,Ericales,Sapotaceae,Pouteria reticulata,FALSE,FALSE
Equisetopsida,Ericales,Sapotaceae,Pouteria ramiflora,FALSE,FALSE
Equisetopsida,Magnoliales,Myristicaceae,Compsoneura capitellata,FALSE,FALSE
Equisetopsida,Ericales,Sapotaceae,Pouteria nemorosa,FALSE,FALSE
Equisetopsida,Malpighiales,Euphorbiaceae,Conceveiba guianensis,FALSE,FALSE
Equisetopsida,Ericales,Sapotaceae,Pouteria multiflora,FALSE,FALSE
Equisetopsida,Ericales,Sapotaceae,Pouteria macrophylla,FALSE,FALSE
Equisetopsida,Malpighiales,Euphorbiaceae,Conceveiba rhytidocarpa,FALSE,FALSE
Equisetopsida,Gentianales,Rubiaceae,Condaminea corymbosa,FALSE,FALSE
Equisetopsida,Ericales,Sapotaceae,Pouteria hispida,FALSE,FALSE
Equisetopsida,Ericales,Sapotaceae,Pouteria glauca,FALSE,FALSE
Equisetopsida,Ericales,Sapotaceae,Pouteria ephedrantha,FALSE,FALSE
Equisetopsida,Ericales,Sapotaceae,Pouteria cuspidata,FALSE,FALSE
Equisetopsida,Ericales,Sapotaceae,Pouteria caimito,FALSE,FALSE
Equisetopsida,Ericales,Sapotaceae,Pouteria bangii,FALSE,FALSE
Equisetopsida,Rosales,Urticaceae,Pourouma tomentosa,FALSE,FALSE
Aves,Passeriformes,Conopophagidae,Conopophaga ardesiaca,FALSE,FALSE
Equisetopsida,Rosales,Urticaceae,Pourouma minor,FALSE,FALSE
Equisetopsida,Rosales,Urticaceae,Pourouma guianensis,FALSE,FALSE
Equisetopsida,Rosales,Urticaceae,Pourouma cuspidata,FALSE,FALSE
Equisetopsida,Rosales,Urticaceae,Pourouma cucura,FALSE,FALSE
Equisetopsida,Rosales,Urticaceae,Pourouma cecropiifolia,FALSE,FALSE
Aves,Passeriformes,Tyrannidae,Contopus virens,FALSE,FALSE
Equisetopsida,Rosales,Urticaceae,Pourouma bicolor,FALSE,FALSE
Equisetopsida,Fabales,Fabaceae,Copaifera reticulata,FALSE,FALSE
Aves,Charadriiformes,Scolopacidae,Actitis macularius,FALSE,FALSE
Insecta,Coleoptera,Scarabaeidae,Coprophanaeus lancifer,FALSE,FALSE
Mammalia,Carnivora,Procyonidae,Potos flavus,FALSE,FALSE
Aves,Cathartiformes,Cathartidae,Coragyps atratus,FALSE,FALSE
Elasmobranchii,Myliobatiformes,Potamotrygonidae,Potamotrygon motoro,FALSE,FALSE
Elasmobranchii,Myliobatiformes,Potamotrygonidae,Potamotrygon castexi,FALSE,FALSE
Equisetopsida,Lamiales,Cordiaceae,Cordia alliodora,FALSE,FALSE
Equisetopsida,Lamiales,Cordiaceae,Cordia bicolor,FALSE,FALSE
Equisetopsida,Lamiales,Cordiaceae,Cordia nodosa,FALSE,FALSE
Equisetopsida,Gentianales,Gentianaceae,Potalia resinifera,FALSE,FALSE
Equisetopsida,Lamiales,Cordiaceae,Cordia sericicalyx,FALSE,FALSE
Equisetopsida,Lamiales,Cordiaceae,Cordia ucayaliensis,FALSE,FALSE
Equisetopsida,Gentianales,Gentianaceae,Potalia amara,FALSE,FALSE
Equisetopsida,Gentianales,Rubiaceae,Cordiera pilosa,FALSE,FALSE
Equisetopsida,Gentianales,Rubiaceae,Posoqueria latifolia,FALSE,FALSE
Aves,Passeriformes,Thraupidae,Coryphaspiza melanotis,FALSE,TRUE
Equisetopsida,Magnoliales,Annonaceae,Porcelia ponderosa,FALSE,FALSE
Aves,Passeriformes,Tyrannidae,Corythopis torquatus,FALSE,FALSE
Equisetopsida,Zingiberales,Costaceae,Costus arabicus,FALSE,FALSE
Equisetopsida,Zingiberales,Costaceae,Costus guanaiensis,FALSE,FALSE
Equisetopsida,Zingiberales,Costaceae,Costus lasius,FALSE,FALSE
Equisetopsida,Zingiberales,Costaceae,Costus longibracteolatus,FALSE,FALSE
Equisetopsida,Zingiberales,Costaceae,Costus scaber,FALSE,FALSE
Aves,Passeriformes,Cotingidae,Cotinga cayana,FALSE,FALSE
Aves,Apodiformes,Trochilidae,Polytmus theresiae,FALSE,FALSE
Aves,Apodiformes,Trochilidae,Polytmus guainumbi,FALSE,FALSE
Equisetopsida,Malpighiales,Chrysobalanaceae,Couepia canomensis,FALSE,FALSE
Equisetopsida,Malpighiales,Chrysobalanaceae,Couepia chrysocalyx,FALSE,FALSE
Equisetopsida,Malpighiales,Chrysobalanaceae,Couepia obovata,FALSE,FALSE
Equisetopsida,Myrtales,Melastomataceae,Adelobotrys adscendens,FALSE,FALSE
Equisetopsida,Malpighiales,Chrysobalanaceae,Couepia williamsii,FALSE,FALSE
Equisetopsida,Ericales,Lecythidaceae,Couratari guianensis,FALSE,FALSE
Equisetopsida,Rosales,Urticaceae,Coussapoa ovalifolia,FALSE,FALSE
Equisetopsida,Rosales,Urticaceae,Coussapoa villosa,FALSE,FALSE
Equisetopsida,Gentianales,Rubiaceae,Coussarea flava,FALSE,FALSE
Equisetopsida,Gentianales,Rubiaceae,Coussarea hirticalyx,FALSE,FALSE
Equisetopsida,Gentianales,Rubiaceae,Coussarea platyphylla,FALSE,FALSE
Equisetopsida,Gentianales,Rubiaceae,Coussarea rudgeoides,FALSE,FALSE
Aves,Passeriformes,Furnariidae,Cranioleuca gutturata,FALSE,FALSE
Equisetopsida,Brassicales,Capparaceae,Crateva tapia,FALSE,FALSE
Actinopterygii,Characiformes,Characidae,Creagrutus manu,FALSE,FALSE
Actinopterygii,Characiformes,Characidae,Creagrutus occidaneus,FALSE,FALSE
Actinopterygii,Characiformes,Characidae,Creagrutus pearsoni,FALSE,FALSE
Actinopterygii,Characiformes,Characidae,Creagrutus ungulus,FALSE,FALSE
Equisetopsida,Magnoliales,Annonaceae,Cremastosperma monospermum,FALSE,FALSE
Equisetopsida,Magnoliales,Annonaceae,Cremastosperma pacificum,FALSE,FALSE
Equisetopsida,Polypodiales,Dryopteridaceae,Polybotrya osmundacea,FALSE,FALSE
Equisetopsida,Polypodiales,Dryopteridaceae,Polybotrya crassirhizoma,FALSE,FALSE
Actinopterygii,Cichliformes,Cichlidae,Crenicichla semicincta,FALSE,FALSE
Equisetopsida,Polypodiales,Dryopteridaceae,Polybotrya caudata,FALSE,FALSE
Actinopterygii,Siluriformes,Loricariidae,Crossoloricaria bahuaja,FALSE,FALSE
Aves,Passeriformes,Tyrannidae,Poecilotriccus latirostris,FALSE,FALSE
Aves,Passeriformes,Tyrannidae,Poecilotriccus albifacies,FALSE,FALSE
Equisetopsida,Malpighiales,Euphorbiaceae,Croton cuneatus,FALSE,FALSE
Equisetopsida,Malpighiales,Euphorbiaceae,Croton schiedeanus,FALSE,FALSE
Equisetopsida,Malpighiales,Euphorbiaceae,Croton trinitatis,FALSE,FALSE
Equisetopsida,Podocarpales,Podocarpaceae,Podocarpus celatus,FALSE,FALSE
Aves,Cuculiformes,Cuculidae,Crotophaga ani,FALSE,FALSE
Aves,Cuculiformes,Cuculidae,Crotophaga major,FALSE,FALSE
Aves,Passeriformes,Hirundinidae,Stelgidopteryx ruficollis,FALSE,FALSE
Equisetopsida,Fabales,Fabaceae,Crudia glaberrima,FALSE,FALSE
Mammalia,Didelphimorphia,Didelphidae,Cryptonanus unduaviensis,FALSE,FALSE
Aves,Passeriformes,Pipridae,Cryptopipo holochlora,FALSE,FALSE
Aves,Tinamiformes,Tinamidae,Crypturellus bartletti,FALSE,FALSE
Aves,Tinamiformes,Tinamidae,Crypturellus cinereus,FALSE,FALSE
Aves,Tinamiformes,Tinamidae,Crypturellus obsoletus,FALSE,FALSE
Aves,Tinamiformes,Tinamidae,Crypturellus parvirostris,FALSE,FALSE
Aves,Tinamiformes,Tinamidae,Crypturellus soui,FALSE,FALSE
Aves,Tinamiformes,Tinamidae,Crypturellus undulatus,FALSE,FALSE
Aves,Tinamiformes,Tinamidae,Crypturellus variegatus,FALSE,FALSE
Actinopterygii,Characiformes,Characidae,Ctenobrycon hauxwellianus,FALSE,FALSE
Equisetopsida,Solanales,Solanaceae,Cuatresia fosteriana,FALSE,FALSE
Mammalia,Rodentia,Cuniculidae,Cuniculus paca,FALSE,FALSE
Equisetopsida,Malpighiales,Euphorbiaceae,Plukenetia brachybotrya,FALSE,FALSE
Equisetopsida,Sapindales,Sapindaceae,Cupania cinerea,FALSE,FALSE
Equisetopsida,Sapindales,Sapindaceae,Cupania scrobiculata,FALSE,FALSE
Equisetopsida,Myrtales,Lythraceae,Cuphea setosa,FALSE,FALSE
Equisetopsida,Ranunculales,Menispermaceae,Curarea toxicofera,FALSE,FALSE
Equisetopsida,Dilleniales,Dilleniaceae,Curatella americana,FALSE,FALSE
Equisetopsida,Laurales,Lauraceae,Pleurothyrium bifidum,FALSE,FALSE
Equisetopsida,Lamiales,Bignoniaceae,Cuspidaria floribunda,FALSE,FALSE
Equisetopsida,Lamiales,Bignoniaceae,Cuspidaria lateriflora,FALSE,FALSE
Aves,Passeriformes,Thraupidae,Cyanerpes caeruleus,FALSE,FALSE
Aves,Passeriformes,Corvidae,Cyanocorax cyanomelas,FALSE,FALSE
Aves,Passeriformes,Corvidae,Cyanocorax mystacalis,FALSE,FALSE
Aves,Passeriformes,Corvidae,Cyanocorax violaceus,FALSE,FALSE
Aves,Passeriformes,Corvidae,Cyanocorax yncas,FALSE,FALSE
Aves,Passeriformes,Cardinalidae,Cyanoloxia rothschildii,FALSE,FALSE
Equisetopsida,Cyatheales,Cyatheaceae,Cyathea andina,FALSE,FALSE
Equisetopsida,Cyatheales,Cyatheaceae,Cyathea lasiosora,FALSE,FALSE
Equisetopsida,Cyatheales,Cyatheaceae,Cyathea pungens,FALSE,FALSE
Equisetopsida,Cyatheales,Cyatheaceae,Cyathea tortuosa,FALSE,FALSE
Equisetopsida,Lamiales,Bignoniaceae,Pleonotoma variabilis,FALSE,FALSE
Equisetopsida,Lamiales,Bignoniaceae,Pleonotoma melioides,FALSE,FALSE
Equisetopsida,Ericales,Primulaceae,Cybianthus guyanensis,FALSE,FALSE
Equisetopsida,Ericales,Primulaceae,Cybianthus peruvianus,FALSE,FALSE
Actinopterygii,Siluriformes,Pimelodidae,Platystomatichthys sturio,FALSE,FALSE
Mammalia,Chiroptera,Phyllostomidae,Platyrrhinus infuscus,FALSE,FALSE
Aves,Passeriformes,Vireonidae,Cyclarhis gujanensis,FALSE,FALSE
Mammalia,Chiroptera,Phyllostomidae,Platyrrhinus incarum,FALSE,FALSE
Equisetopsida,Polypodiales,Lomariopsidaceae,Cyclopeltis semicordata,FALSE,FALSE
Aves,Passeriformes,Thamnophilidae,Cymbilaimus lineatus,FALSE,FALSE
Mammalia,Chiroptera,Molossidae,Cynomops abrasus,FALSE,FALSE
Aves,Pelecaniformes,Threskiornithidae,Platalea ajaja,FALSE,FALSE
Equisetopsida,Poales,Cyperaceae,Cyperus haspan,FALSE,FALSE
Equisetopsida,Poales,Cyperaceae,Cyperus laxus,FALSE,FALSE
Equisetopsida,Poales,Cyperaceae,Cyperus luzulae,FALSE,FALSE
Equisetopsida,Poales,Cyperaceae,Cyperus odoratus,FALSE,FALSE
Aves,Passeriformes,Troglodytidae,Cyphorhinus arada,FALSE,FALSE
Aves,Passeriformes,Troglodytidae,Cyphorhinus thoracicus,FALSE,FALSE
Equisetopsida,Polypodiales,Pteridaceae,Pityrogramma calomelanos,FALSE,FALSE
Aves,Passeriformes,Thraupidae,Dacnis flaviventer,FALSE,FALSE
Aves,Passeriformes,Thraupidae,Dacnis lineata,FALSE,FALSE
Equisetopsida,Sapindales,Burseraceae,Dacryodes nitens,FALSE,FALSE
Equisetopsida,Sapindales,Burseraceae,Dacryodes peruviana,FALSE,FALSE
Mammalia,Rodentia,Echimyidae,Dactylomys peruanus,FALSE,FALSE
Aves,Passeriformes,Tyrannidae,Pitangus sulphuratus,FALSE,FALSE
Equisetopsida,Marattiales,Marattiaceae,Danaea nodosa,FALSE,FALSE
Aves,Passeriformes,Tyrannidae,Pitangus lictor,FALSE,FALSE
Aves,Falconiformes,Falconidae,Daptrius ater,FALSE,FALSE
Mammalia,Rodentia,Dasyproctidae,Dasyprocta punctata,FALSE,FALSE
Mammalia,Rodentia,Dasyproctidae,Dasyprocta variegata,FALSE,FALSE
Mammalia,Cingulata,Dasypodidae,Dasypus novemcinctus,FALSE,FALSE
Equisetopsida,Dilleniales,Dilleniaceae,Davilla kunthii,FALSE,FALSE
Equisetopsida,Dilleniales,Dilleniaceae,Davilla nitida,FALSE,FALSE
Equisetopsida,Metteniusales,Metteniusaceae,Dendrobangia boliviana,FALSE,FALSE
Aves,Passeriformes,Cotingidae,Pipreola frontalis,FALSE,FALSE
Aves,Passeriformes,Cotingidae,Pipreola chlorolepidota,FALSE,FALSE
Aves,Passeriformes,Pipridae,Pipra fasciicauda,FALSE,FALSE
Equisetopsida,Apiales,Araliaceae,Dendropanax arboreus,FALSE,FALSE
Aves,Passeriformes,Furnariidae,Dendroplex picus,FALSE,FALSE
Aves,Galliformes,Cracidae,Pipile cumanensis,FALSE,FALSE
Equisetopsida,Piperales,Piperaceae,Piper schunkeanum,TRUE,FALSE
Equisetopsida,Piperales,Piperaceae,Piper reticulatum,FALSE,FALSE
Equisetopsida,Polypodiales,Dennstaedtiaceae,Dennstaedtia bipinnata,FALSE,FALSE
Equisetopsida,Piperales,Piperaceae,Piper phytolaccifolium,FALSE,FALSE
Equisetopsida,Piperales,Piperaceae,Piper obliquum,FALSE,FALSE
Equisetopsida,Piperales,Piperaceae,Piper longestylosum,FALSE,FALSE
Equisetopsida,Arecales,Arecaceae,Desmoncus mitis,FALSE,FALSE
Equisetopsida,Myrtales,Melastomataceae,Desmoscelis villosa,FALSE,FALSE
Equisetopsida,Piperales,Piperaceae,Piper laevigatum,FALSE,FALSE
Equisetopsida,Piperales,Piperaceae,Piper heterophyllum,FALSE,FALSE
Equisetopsida,Piperales,Piperaceae,Piper dumosum,FALSE,FALSE
Equisetopsida,Fabales,Fabaceae,Dialium guianense,FALSE,FALSE
Equisetopsida,Piperales,Piperaceae,Piper demeraranum,FALSE,FALSE
Equisetopsida,Commelinales,Commelinaceae,Dichorisandra hexandra,FALSE,FALSE
Equisetopsida,Commelinales,Commelinaceae,Dichorisandra ulei,FALSE,FALSE
Equisetopsida,Piperales,Piperaceae,Piper augustum,FALSE,FALSE
Equisetopsida,Piperales,Piperaceae,Piper arboreum,FALSE,FALSE
Mammalia,Cetartiodactyla,Tayassuidae,Dicotyles tajacu,FALSE,FALSE
Equisetopsida,Piperales,Piperaceae,Piper apodum,FALSE,FALSE
Equisetopsida,Gleicheniales,Gleicheniaceae,Dicranopteris flexuosa,FALSE,FALSE
Equisetopsida,Solanales,Convolvulaceae,Dicranostyles ampla,FALSE,FALSE
Equisetopsida,Piperales,Piperaceae,Piper aduncum,FALSE,FALSE
Equisetopsida,Piperales,Piperaceae,Piper adreptum,TRUE,FALSE
Mammalia,Didelphimorphia,Didelphidae,Didelphis marsupialis,FALSE,FALSE
Equisetopsida,Malpighiales,Salicaceae,Piparea multiflora,FALSE,FALSE
Mammalia,Didelphimorphia,Didelphidae,Didelphis pernigra,FALSE,FALSE
Equisetopsida,Malpighiales,Salicaceae,Piparea dentata,FALSE,FALSE
Equisetopsida,Apiales,Araliaceae,Didymopanax morototoni,FALSE,FALSE
Equisetopsida,Alismatales,Araceae,Dieffenbachia humilis,FALSE,FALSE
Equisetopsida,Poales,Poaceae,Digitaria horizontalis,FALSE,FALSE
Aves,Psittaciformes,Psittacidae,Pionus menstruus,FALSE,FALSE
Aves,Psittaciformes,Psittacidae,Pionites leucogaster,FALSE,FALSE
Equisetopsida,Dilleniales,Dilleniaceae,Pinzona coriacea,FALSE,FALSE
Equisetopsida,Zingiberales,Costaceae,Dimerocostus argenteus,FALSE,FALSE
Mammalia,Rodentia,Dinomyidae,Dinomys branickii,FALSE,TRUE
Actinopterygii,Siluriformes,Pimelodidae,Pimelodus maculatus,FALSE,FALSE
Aves,Psittaciformes,Psittacidae,Diopsittaca nobilis,FALSE,FALSE
Actinopterygii,Siluriformes,Heptapteridae,Pimelodella gracilis,FALSE,FALSE
Actinopterygii,Characiformes,Curimatidae,Steindachnerina dobula,FALSE,FALSE
Equisetopsida,Ericales,Ebenaceae,Diospyros capreaefolia,FALSE,FALSE
Equisetopsida,Ericales,Ebenaceae,Diospyros capreifolia,FALSE,FALSE
Aves,Pelecaniformes,Ardeidae,Pilherodius pileatus,FALSE,FALSE
Equisetopsida,Poales,Cyperaceae,Diplasia karatifolia,FALSE,FALSE
Equisetopsida,Polypodiales,Athyriaceae,Diplazium cristatum,FALSE,FALSE
Equisetopsida,Polypodiales,Athyriaceae,Diplazium pinnatifidum,FALSE,FALSE
Equisetopsida,Malpighiales,Malpighiaceae,Adelphia hiraea,FALSE,FALSE
Insecta,Lepidoptera,Nymphalidae,Pierella hyceta,FALSE,FALSE
Equisetopsida,Fabales,Fabaceae,Diplotropis purpurea,FALSE,FALSE
Aves,Piciformes,Picidae,Picumnus rufiventris,FALSE,FALSE
Equisetopsida,Aquifoliales,Stemonuraceae,Discophora guianensis,FALSE,FALSE
Aves,Piciformes,Picidae,Picumnus aurifrons,FALSE,FALSE
Aves,Apodiformes,Trochilidae,Discosura langsdorffi,FALSE,FALSE
Aves,Piciformes,Picidae,Piculus leucolaemus,FALSE,FALSE
Equisetopsida,Solanales,Convolvulaceae,Distimake macrocalyx,FALSE,FALSE
Equisetopsida,Picramniales,Picramniaceae,Picramnia sellowii,FALSE,FALSE
Equisetopsida,Picramniales,Picramniaceae,Picramnia latifolia,FALSE,FALSE
Aves,Cuculiformes,Cuculidae,Piaya melanogaster,FALSE,FALSE
Equisetopsida,Dilleniales,Dilleniaceae,Doliocarpus dentatus,FALSE,FALSE
Equisetopsida,Dilleniales,Dilleniaceae,Doliocarpus multiflorus,FALSE,FALSE
Aves,Passeriformes,Donacobiidae,Donacobius atricapilla,FALSE,FALSE
Aves,Cuculiformes,Cuculidae,Piaya cayana,FALSE,FALSE
Equisetopsida,Polypodiales,Tectariaceae,Dracoglossum plantagineum,FALSE,FALSE
Equisetopsida,Caryophyllales,Phytolaccaceae,Phytolacca rivinoides,FALSE,FALSE
Aves,Cuculiformes,Cuculidae,Dromococcyx pavoninus,FALSE,FALSE
Equisetopsida,Caryophyllales,Droseraceae,Drosera montana,FALSE,FALSE
Equisetopsida,Myrtales,Lythraceae,Physocalymma scaberrimum,FALSE,FALSE
Equisetopsida,Lamiales,Gesneriaceae,Drymonia coccinea,FALSE,FALSE
Equisetopsida,Lamiales,Gesneriaceae,Drymonia coriacea,FALSE,FALSE
Equisetopsida,Lamiales,Gesneriaceae,Drymonia semicordata,FALSE,FALSE
Equisetopsida,Lamiales,Gesneriaceae,Drymonia serrulata,FALSE,FALSE
Aves,Passeriformes,Furnariidae,Drymotoxeres pucheranii,FALSE,FALSE
Mammalia,Chiroptera,Phyllostomidae,Phyllostomus hastatus,FALSE,FALSE
Mammalia,Chiroptera,Phyllostomidae,Phyllostomus elongatus,FALSE,FALSE
Aves,Piciformes,Picidae,Dryobates affinis,FALSE,FALSE
Equisetopsida,Lamiales,Bignoniaceae,Adenocalymma bracteolatum,FALSE,FALSE
Aves,Piciformes,Picidae,Dryobates passerinus,FALSE,FALSE
Aves,Piciformes,Picidae,Dryocopus lineatus,FALSE,FALSE
Equisetopsida,Malpighiales,Putranjivaceae,Drypetes amazonica,FALSE,FALSE
Aves,Passeriformes,Tyrannidae,Phylloscartes parkeri,FALSE,FALSE
Equisetopsida,Malpighiales,Putranjivaceae,Drypetes gentryi,FALSE,FALSE
Aves,Passeriformes,Tyrannidae,Phylloscartes ophthalmicus,FALSE,FALSE
Equisetopsida,Magnoliales,Annonaceae,Duguetia quitarensis,FALSE,FALSE
Equisetopsida,Magnoliales,Annonaceae,Duguetia spixiana,FALSE,FALSE
Equisetopsida,Fabales,Fabaceae,Dussia tessmannii,FALSE,FALSE
Insecta,Lepidoptera,Nymphalidae,Dynamine anubis anubis,FALSE,FALSE
Equisetopsida,Malpighiales,Phyllanthaceae,Phyllanthus stipulatus,FALSE,FALSE
Aves,Passeriformes,Thamnophilidae,Dysithamnus mentalis,FALSE,FALSE
Equisetopsida,Santalales,Santalaceae,Phoradendron crassifolium,FALSE,FALSE
Aves,Pelecaniformes,Ardeidae,Egretta thula,FALSE,FALSE
Equisetopsida,Arecales,Arecaceae,Pholidostachys synanthera,FALSE,FALSE
Actinopterygii,Gymnotiformes,Sternopygidae,Eigenmannia virescens,FALSE,FALSE
Mammalia,Carnivora,Mustelidae,Eira barbara,FALSE,FALSE
Aves,Passeriformes,Tyrannidae,Elaenia cristata,FALSE,FALSE
Aves,Passeriformes,Tyrannidae,Elaenia flavogaster,FALSE,FALSE
Aves,Apodiformes,Trochilidae,Phlogophilus harterti,TRUE,FALSE
Aves,Passeriformes,Tyrannidae,Elaenia parvirostris,FALSE,FALSE
Aves,Passeriformes,Tyrannidae,Elaenia spectabilis,FALSE,FALSE
Equisetopsida,Ericales,Sapotaceae,Elaeoluma glabrescens,FALSE,FALSE
Aves,Accipitriformes,Accipitridae,Elanoides forficatus,FALSE,FALSE
Aves,Accipitriformes,Accipitridae,Elanus leucurus,FALSE,FALSE
Equisetopsida,Polypodiales,Polypodiaceae,Phlebodium decumanum,FALSE,FALSE
Equisetopsida,Polypodiales,Dryopteridaceae,Elaphoglossum styriacum,FALSE,FALSE
Aves,Passeriformes,Furnariidae,Philydor erythrocercum,FALSE,FALSE
Aves,Coraciiformes,Momotidae,Electron platyrhynchum,FALSE,FALSE
Equisetopsida,Poales,Poaceae,Elionurus muticus,FALSE,FALSE
Aves,Passeriformes,Thraupidae,Emberizoides herbicola,FALSE,FALSE
Insecta,Lepidoptera,Riodinidae,Emesis adelpha vicaria,FALSE,FALSE
Equisetopsida,Metteniusales,Metteniusaceae,Emmotum nitens,FALSE,FALSE
Equisetopsida,Alismatales,Araceae,Philodendron ornatum,FALSE,FALSE
Aves,Passeriformes,Tyrannidae,Empidonax alnorum,FALSE,FALSE
Equisetopsida,Alismatales,Araceae,Philodendron maximum,FALSE,FALSE
Aves,Passeriformes,Tyrannidae,Empidonomus aurantioatrocristatus,FALSE,FALSE
Equisetopsida,Laurales,Lauraceae,Endlicheria directonervia,FALSE,FALSE
Equisetopsida,Laurales,Lauraceae,Endlicheria dysodantha,FALSE,FALSE
Equisetopsida,Laurales,Lauraceae,Endlicheria krukovii,FALSE,FALSE
Equisetopsida,Laurales,Lauraceae,Endlicheria macrophylla,FALSE,FALSE
Equisetopsida,Laurales,Lauraceae,Endlicheria pyriformis,FALSE,FALSE
Equisetopsida,Alismatales,Araceae,Philodendron fibrillosum,FALSE,FALSE
Equisetopsida,Alismatales,Araceae,Philodendron ernestii,FALSE,FALSE
Equisetopsida,Alismatales,Araceae,Philodendron deflexum,FALSE,FALSE
Equisetopsida,Alismatales,Araceae,Philodendron chinchamayense,FALSE,FALSE
Equisetopsida,Alismatales,Araceae,Philodendron brevispathum,FALSE,FALSE
Equisetopsida,Alismatales,Araceae,Philodendron brandtianum,FALSE,FALSE
Aves,Passeriformes,Troglodytidae,Pheugopedius genibarbis,FALSE,FALSE
Aves,Steatornithiformes,Steatornithidae,Steatornis caripensis,FALSE,FALSE
Actinopterygii,Gymnotiformes,Hypopomidae,Steatogenys elegans,FALSE,FALSE
Equisetopsida,Poales,Poaceae,Pharus lappulaceus,FALSE,FALSE
Aves,Trogoniformes,Trogonidae,Pharomachrus pavoninus,FALSE,FALSE
Aves,Passeriformes,Thamnophilidae,Epinecrophylla amazonica,FALSE,FALSE
Aves,Passeriformes,Thamnophilidae,Epinecrophylla erythrura,FALSE,FALSE
Aves,Passeriformes,Thamnophilidae,Epinecrophylla leucophthalma,FALSE,FALSE
Aves,Passeriformes,Thamnophilidae,Epinecrophylla ornata,FALSE,FALSE
Aves,Passeriformes,Thamnophilidae,Epinecrophylla spodionota,FALSE,FALSE
Mammalia,Chiroptera,Vespertilionidae,Eptesicus brasiliensis,FALSE,FALSE
Mammalia,Chiroptera,Vespertilionidae,Eptesicus furinalis,FALSE,FALSE
Aves,Suliformes,Phalacrocoracidae,Phalacrocorax brasilianus,FALSE,FALSE
Aves,Charadriiformes,Laridae,Phaetusa simplex,FALSE,FALSE
Aves,Apodiformes,Trochilidae,Phaethornis stuarti,FALSE,FALSE
Aves,Apodiformes,Trochilidae,Phaethornis ruber,FALSE,FALSE
Aves,Apodiformes,Trochilidae,Phaethornis philippii,FALSE,FALSE
Aves,Apodiformes,Trochilidae,Phaethornis malaris,FALSE,FALSE
Aves,Apodiformes,Trochilidae,Phaethornis hispidus,FALSE,FALSE
Equisetopsida,Malvales,Malvaceae,Eriotheca globosa,FALSE,FALSE
Equisetopsida,Malvales,Malvaceae,Eriotheca macrophylla,FALSE,FALSE
Equisetopsida,Lamiales,Verbenaceae,Petrea maynensis,FALSE,FALSE
Equisetopsida,Malpighiales,Erythroxylaceae,Erythroxylum citrifolium,FALSE,FALSE
Equisetopsida,Malpighiales,Erythroxylaceae,Erythroxylum loretense,FALSE,FALSE
Equisetopsida,Malpighiales,Erythroxylaceae,Erythroxylum macrophyllum,FALSE,FALSE
Equisetopsida,Malpighiales,Erythroxylaceae,Erythroxylum mucronatum,FALSE,FALSE
Equisetopsida,Polypodiales,Pteridaceae,Adiantum argutum,FALSE,FALSE
Equisetopsida,Ericales,Lecythidaceae,Eschweilera andina,FALSE,FALSE
Mammalia,Chiroptera,Emballonuridae,Peropteryx macrotis,FALSE,FALSE
Equisetopsida,Ericales,Lecythidaceae,Eschweilera coriacea,FALSE,FALSE
Equisetopsida,Ericales,Lecythidaceae,Eschweilera gigantea,FALSE,FALSE
Equisetopsida,Ericales,Lecythidaceae,Eschweilera parvifolia,FALSE,FALSE
Equisetopsida,Polypodiales,Pteridaceae,Adiantum humile,FALSE,FALSE
Equisetopsida,Polypodiales,Pteridaceae,Adiantum latifolium,FALSE,FALSE
Equisetopsida,Sapindales,Rutaceae,Esenbeckia amazonica,FALSE,FALSE
Insecta,Lepidoptera,Riodinidae,Euagra delectans,FALSE,FALSE
Aves,Piciformes,Capitonidae,Eubucco richardsoni,FALSE,FALSE
Aves,Piciformes,Capitonidae,Eubucco versicolor,FALSE,FALSE
Equisetopsida,Rosales,Moraceae,Perebea tessmannii,FALSE,FALSE
Equisetopsida,Rosales,Moraceae,Perebea mennegae,FALSE,FALSE
Equisetopsida,Rosales,Moraceae,Perebea guianensis,FALSE,FALSE
Equisetopsida,Myrtales,Myrtaceae,Eugenia acrensis,FALSE,FALSE
Equisetopsida,Myrtales,Myrtaceae,Eugenia biflora,FALSE,FALSE
Equisetopsida,Myrtales,Myrtaceae,Eugenia cupulata,FALSE,FALSE
Equisetopsida,Myrtales,Myrtaceae,Eugenia florida,FALSE,FALSE
Equisetopsida,Myrtales,Myrtaceae,Eugenia moschata,FALSE,FALSE
Insecta,Lepidoptera,Riodinidae,Stalachtis calliope,FALSE,FALSE
Equisetopsida,Myrtales,Myrtaceae,Eugenia patrisii,FALSE,FALSE
Equisetopsida,Polypodiales,Pteridaceae,Adiantum petiolatum,FALSE,FALSE
Equisetopsida,Piperales,Piperaceae,Peperomia serpens,FALSE,FALSE
Mammalia,Chiroptera,Molossidae,Eumops maurus,FALSE,FALSE
Mammalia,Chiroptera,Molossidae,Eumops patagonicus,FALSE,FALSE
Equisetopsida,Piperales,Piperaceae,Peperomia macrostachya,FALSE,FALSE
Insecta,Lepidoptera,Nymphalidae,Eunica pusulla,FALSE,FALSE
Aves,Apodiformes,Trochilidae,Eupetomena macroura,FALSE,FALSE
Aves,Passeriformes,Fringillidae,Euphonia laniirostris,FALSE,FALSE
Aves,Passeriformes,Fringillidae,Euphonia xanthogaster,FALSE,FALSE
Equisetopsida,Gentianales,Rubiaceae,Pentagonia magnifica,FALSE,FALSE
Aves,Psittaciformes,Psittacidae,Eupsittula aurea,FALSE,FALSE
Mammalia,Rodentia,Cricetidae,Euryoryzomys nitidus,FALSE,FALSE
Aves,Galliformes,Cracidae,Penelope jacquacu,FALSE,FALSE
Aves,Eurypygiformes,Eurypygidae,Eurypyga helias,FALSE,FALSE
Aves,Passeriformes,Tyrannidae,Euscarthmus meloryphus,FALSE,FALSE
Equisetopsida,Polypodiales,Polypodiaceae,Pecluma plumula,FALSE,FALSE
Aves,Apodiformes,Trochilidae,Eutoxeres condamini,FALSE,FALSE
Equisetopsida,Lamiales,Gesneriaceae,Pearcea sprucei,FALSE,FALSE
Equisetopsida,Pandanales,Cyclanthaceae,Evodianthus funifer,FALSE,FALSE
Equisetopsida,Malvales,Malvaceae,Pavonia paniculata,FALSE,FALSE
Equisetopsida,Malvales,Malvaceae,Pavonia oxyphyllaria,FALSE,FALSE
Equisetopsida,Malvales,Malvaceae,Pavonia leucantha,FALSE,FALSE
Aves,Galliformes,Cracidae,Pauxi koepckeae,TRUE,TRUE
Equisetopsida,Malpighiales,Euphorbiaceae,Pausandra trianae,FALSE,FALSE
Equisetopsida,Sapindales,Sapindaceae,Paullinia setosa,FALSE,FALSE
Aves,Falconiformes,Falconidae,Falco femoralis,FALSE,FALSE
Equisetopsida,Sapindales,Sapindaceae,Paullinia mazanensis,FALSE,FALSE
Equisetopsida,Sapindales,Sapindaceae,Paullinia largifolia,FALSE,FALSE
Equisetopsida,Sapindales,Sapindaceae,Paullinia eriocarpa,FALSE,FALSE
Aves,Falconiformes,Falconidae,Falco rufigularis,FALSE,FALSE
Equisetopsida,Sapindales,Sapindaceae,Paullinia elegans,FALSE,FALSE
Equisetopsida,Sapindales,Sapindaceae,Paullinia cuneata,FALSE,FALSE
Equisetopsida,Sapindales,Sapindaceae,Paullinia clathrata,FALSE,FALSE
Equisetopsida,Sapindales,Sapindaceae,Paullinia alata,FALSE,FALSE
Equisetopsida,Gentianales,Rubiaceae,Faramea amplifolia,FALSE,FALSE
Equisetopsida,Gentianales,Rubiaceae,Faramea anisocalyx,FALSE,FALSE
Equisetopsida,Gentianales,Rubiaceae,Faramea capillipes,FALSE,FALSE
Equisetopsida,Gentianales,Rubiaceae,Faramea glandulosa,FALSE,FALSE
Equisetopsida,Gentianales,Rubiaceae,Faramea multiflora,FALSE,FALSE
Aves,Columbiformes,Columbidae,Patagioenas subvinacea,FALSE,FALSE
Equisetopsida,Gentianales,Rubiaceae,Faramea occidentalis,FALSE,FALSE
Aves,Columbiformes,Columbidae,Patagioenas speciosa,FALSE,FALSE
Equisetopsida,Gentianales,Rubiaceae,Faramea torquata,FALSE,FALSE
Equisetopsida,Gentianales,Rubiaceae,Faramea vasquezii,TRUE,FALSE
Aves,Columbiformes,Columbidae,Patagioenas plumbea,FALSE,FALSE
Aves,Columbiformes,Columbidae,Patagioenas fasciata,FALSE,FALSE
Aves,Columbiformes,Columbidae,Patagioenas cayennensis,FALSE,FALSE
Equisetopsida,Polypodiales,Pteridaceae,Adiantum serratodentatum,FALSE,FALSE
Equisetopsida,Santalales,Loranthaceae,Passovia pedunculata,FALSE,FALSE
Equisetopsida,Malpighiales,Passifloraceae,Passiflora vitifolia,FALSE,FALSE
Equisetopsida,Polypodiales,Pteridaceae,Adiantum terminatum,FALSE,FALSE
Actinopterygii,Siluriformes,Loricariidae,Squaliforma phrixosoma,FALSE,FALSE
Equisetopsida,Polypodiales,Pteridaceae,Adiantum tomentosum,FALSE,FALSE
Equisetopsida,Rosales,Moraceae,Ficus paraensis,FALSE,FALSE
Equisetopsida,Malpighiales,Passifloraceae,Passiflora nitida,FALSE,FALSE
Equisetopsida,Malpighiales,Passifloraceae,Passiflora coccinea,FALSE,FALSE
Equisetopsida,Gentianales,Apocynaceae,Fischeria stellata,FALSE,FALSE
Aves,Apodiformes,Trochilidae,Florisuga mellivora,FALSE,FALSE
Equisetopsida,Commelinales,Commelinaceae,Floscopa elegans,FALSE,FALSE
Equisetopsida,Commelinales,Commelinaceae,Floscopa peruviana,FALSE,FALSE
Equisetopsida,Poales,Bromeliaceae,Aechmea angustifolia,FALSE,FALSE
Equisetopsida,Malpighiales,Passifloraceae,Passiflora auriculata,FALSE,FALSE
Aves,Passeriformes,Formicariidae,Formicarius analis,FALSE,FALSE
Aves,Passeriformes,Formicariidae,Formicarius rufifrons,FALSE,FALSE
Aves,Passeriformes,Thamnophilidae,Formicivora rufa,FALSE,FALSE
Aves,Psittaciformes,Psittacidae,Forpus modestus,FALSE,FALSE
Equisetopsida,Poales,Poaceae,Paspalum foliiforme,FALSE,FALSE
Equisetopsida,Lamiales,Bignoniaceae,Fridericia florida,FALSE,FALSE
Equisetopsida,Lamiales,Bignoniaceae,Fridericia pearcei,FALSE,FALSE
Aves,Passeriformes,Thraupidae,Paroaria gularis,FALSE,FALSE
Aves,Passeriformes,Furnariidae,Furnarius leucopus,FALSE,FALSE
Equisetopsida,Magnoliales,Annonaceae,Fusaea longifolia,FALSE,FALSE
Equisetopsida,Malpighiales,Chrysobalanaceae,Parinari parilis,FALSE,FALSE
Equisetopsida,Malpighiales,Chrysobalanaceae,Parinari klugii,FALSE,FALSE
Aves,Galbuliformes,Galbulidae,Galbalcyrhynchus purusianus,FALSE,FALSE
Aves,Galbuliformes,Galbulidae,Galbula cyanescens,FALSE,FALSE
Equisetopsida,Poales,Bromeliaceae,Aechmea longifolia,FALSE,FALSE
Aves,Galbuliformes,Galbulidae,Galbula dea,FALSE,FALSE
Actinopterygii,Characiformes,Characidae,Galeocharax gulo,FALSE,FALSE
Mammalia,Carnivora,Mustelidae,Galictis vittata,FALSE,FALSE
Equisetopsida,Sapindales,Rutaceae,Galipea trifoliata,FALSE,FALSE
Equisetopsida,Caryophyllales,Petiveriaceae,Gallesia integrifolia,FALSE,FALSE
Aves,Accipitriformes,Accipitridae,Gampsonyx swainsonii,FALSE,FALSE
Equisetopsida,Lamiales,Gesneriaceae,Paradrymonia ciliosa,FALSE,FALSE
Equisetopsida,Poales,Bromeliaceae,Aechmea mertensii,FALSE,FALSE
Aves,Passeriformes,Thraupidae,Sporophila schistacea,FALSE,FALSE
Equisetopsida,Malpighiales,Clusiaceae,Garcinia macrophylla,FALSE,FALSE
Equisetopsida,Malpighiales,Clusiaceae,Garcinia madruno,FALSE,FALSE
Equisetopsida,Lamiales,Gesneriaceae,Gasteranthus corallinus,FALSE,FALSE
Equisetopsida,Malpighiales,Chrysobalanaceae,Gaulettia parillo,FALSE,FALSE
Aves,Apodiformes,Apodidae,Panyptila cayennensis,FALSE,FALSE
Equisetopsida,Gentianales,Rubiaceae,Genipa americana,FALSE,FALSE
Mammalia,Carnivora,Felidae,Panthera onca,FALSE,FALSE
Equisetopsida,Poales,Poaceae,Panicum rudgei,FALSE,FALSE
Equisetopsida,Arecales,Arecaceae,Geonoma brongniartii,FALSE,FALSE
Equisetopsida,Arecales,Arecaceae,Geonoma camana,FALSE,FALSE
Equisetopsida,Arecales,Arecaceae,Geonoma deversa,FALSE,FALSE
Aves,Accipitriformes,Pandionidae,Pandion haliaetus,FALSE,FALSE
Aves,Passeriformes,Thraupidae,Sporophila plumbea,FALSE,FALSE
Equisetopsida,Arecales,Arecaceae,Geonoma pohliana subsp. Weddelliana,FALSE,FALSE
Equisetopsida,Arecales,Arecaceae,Geonoma stricta,FALSE,FALSE
Equisetopsida,Gentianales,Rubiaceae,Palicourea violacea,FALSE,FALSE
Equisetopsida,Gentianales,Rubiaceae,Geophila gracilis,FALSE,FALSE
Equisetopsida,Gentianales,Rubiaceae,Palicourea tristis,FALSE,FALSE
Equisetopsida,Gentianales,Rubiaceae,Geophila repens,FALSE,FALSE
Equisetopsida,Gentianales,Rubiaceae,Palicourea triphylla,FALSE,FALSE
Equisetopsida,Gentianales,Rubiaceae,Palicourea tomentosa,FALSE,FALSE
Equisetopsida,Gentianales,Rubiaceae,Palicourea subspicata,FALSE,FALSE
Aves,Columbiformes,Columbidae,Geotrygon montana,FALSE,FALSE
Aves,Columbiformes,Columbidae,Geotrygon saphirina,FALSE,FALSE
Equisetopsida,Gentianales,Rubiaceae,Palicourea reticulata,FALSE,FALSE
Equisetopsida,Gentianales,Rubiaceae,Palicourea racemosa,FALSE,FALSE
Equisetopsida,Gentianales,Rubiaceae,Palicourea quadrifolia,FALSE,FALSE
Aves,Accipitriformes,Accipitridae,Geranoaetus albicaudatus,FALSE,FALSE
Equisetopsida,Gentianales,Rubiaceae,Palicourea punicea,FALSE,FALSE
Aves,Accipitriformes,Accipitridae,Geranoaetus melanoleucus,FALSE,FALSE
Equisetopsida,Gentianales,Rubiaceae,Palicourea prunifolia,FALSE,FALSE
Equisetopsida,Gentianales,Rubiaceae,Palicourea ostreophora,FALSE,FALSE
Equisetopsida,Gentianales,Rubiaceae,Palicourea nigricans,FALSE,FALSE
Equisetopsida,Malpighiales,Euphorbiaceae,Gitara nicaraguensis,FALSE,FALSE
Equisetopsida,Gentianales,Rubiaceae,Palicourea macbridei,FALSE,FALSE
Aves,Strigiformes,Strigidae,Glaucidium brasilianum,FALSE,FALSE
Equisetopsida,Gentianales,Rubiaceae,Palicourea longicuspis,FALSE,FALSE
Aves,Strigiformes,Strigidae,Glaucidium hardyi,FALSE,FALSE
Aves,Strigiformes,Strigidae,Glaucidium parkeri,FALSE,FALSE
Equisetopsida,Gentianales,Rubiaceae,Palicourea justiciifolia,FALSE,FALSE
Equisetopsida,Gentianales,Rubiaceae,Palicourea iodotricha,FALSE,FALSE
Aves,Apodiformes,Trochilidae,Glaucis hirsutus,FALSE,FALSE
Mammalia,Chiroptera,Phyllostomidae,Glossophaga soricina,FALSE,FALSE
Equisetopsida,Gentianales,Rubiaceae,Palicourea hoffmannseggiana,FALSE,FALSE
Equisetopsida,Gentianales,Rubiaceae,Palicourea guianensis,FALSE,FALSE
Equisetopsida,Malpighiales,Euphorbiaceae,Glycydendron amazonicum,FALSE,FALSE
Mammalia,Chiroptera,Phyllostomidae,Glyphonycteris sylvestris,FALSE,FALSE
Equisetopsida,Gentianales,Rubiaceae,Palicourea grandiflora,FALSE,FALSE
Aves,Passeriformes,Furnariidae,Glyphorynchus spirurus,FALSE,FALSE
Equisetopsida,Gentianales,Rubiaceae,Palicourea fusiformis,FALSE,FALSE
Aves,Passeriformes,Icteridae,Gnorimopsar chopi,FALSE,FALSE
Equisetopsida,Gentianales,Rubiaceae,Palicourea flaviflora,FALSE,FALSE
Equisetopsida,Zingiberales,Marantaceae,Goeppertia attenuata,FALSE,FALSE
Equisetopsida,Zingiberales,Marantaceae,Goeppertia microcephalum,FALSE,FALSE
Equisetopsida,Myrtales,Melastomataceae,Graffenrieda weddellii,FALSE,FALSE
Equisetopsida,Gentianales,Rubiaceae,Pagamea guianensis,FALSE,FALSE
Aves,Passeriformes,Vireonidae,Pachysylvia hypoxantha,FALSE,FALSE
Equisetopsida,Sapindales,Meliaceae,Guarea carinata,FALSE,FALSE
Equisetopsida,Sapindales,Meliaceae,Guarea glabra,FALSE,FALSE
Equisetopsida,Lamiales,Lamiaceae,Aegiphila panamensis,FALSE,FALSE
Equisetopsida,Sapindales,Meliaceae,Guarea guidonia,FALSE,FALSE
Equisetopsida,Lamiales,Lamiaceae,Aegiphila peruviana,FALSE,FALSE
Equisetopsida,Sapindales,Meliaceae,Guarea kunthiana,FALSE,FALSE
Aves,Passeriformes,Tityridae,Pachyramphus polychopterus,FALSE,FALSE
Equisetopsida,Sapindales,Meliaceae,Guarea macrophylla,FALSE,FALSE
Equisetopsida,Sapindales,Meliaceae,Guarea pterorhachis,FALSE,FALSE
Equisetopsida,Sapindales,Meliaceae,Guarea purusana,FALSE,FALSE
Equisetopsida,Magnoliales,Annonaceae,Guatteria blepharophylla,FALSE,FALSE
Equisetopsida,Magnoliales,Annonaceae,Guatteria decurrens,FALSE,FALSE
Equisetopsida,Magnoliales,Annonaceae,Guatteria duodecima,FALSE,FALSE
Equisetopsida,Magnoliales,Annonaceae,Guatteria foliosa,FALSE,FALSE
Equisetopsida,Magnoliales,Annonaceae,Guatteria longicuspis,FALSE,FALSE
Equisetopsida,Magnoliales,Annonaceae,Guatteria maypurensis,FALSE,FALSE
Aves,Passeriformes,Tityridae,Pachyramphus castaneus,FALSE,FALSE
Equisetopsida,Magnoliales,Annonaceae,Guatteria scalarinervia,TRUE,FALSE
Equisetopsida,Malvales,Malvaceae,Pachira paraensis,FALSE,FALSE
Equisetopsida,Malvales,Malvaceae,Guazuma ulmifolia,FALSE,FALSE
Equisetopsida,Ericales,Lecythidaceae,Gustavia hexapetala,FALSE,FALSE
Equisetopsida,Poales,Bromeliaceae,Guzmania melinonis,FALSE,FALSE
Actinopterygii,Characiformes,Characidae,Gymnocorymbus thayeri,FALSE,FALSE
Aves,Passeriformes,Cotingidae,Gymnoderus foetidus,FALSE,FALSE
Mammalia,Rodentia,Cricetidae,Oxymycterus juliacae,FALSE,TRUE
Equisetopsida,Magnoliales,Annonaceae,Oxandra xylopioides,FALSE,FALSE
Equisetopsida,Magnoliales,Annonaceae,Oxandra riedeliana,FALSE,FALSE
Equisetopsida,Magnoliales,Annonaceae,Oxandra mediocris,FALSE,FALSE
Equisetopsida,Magnoliales,Annonaceae,Oxandra espintana,FALSE,FALSE
Aves,Passeriformes,Cardinalidae,Habia rubica,FALSE,FALSE
Mammalia,Rodentia,Sciuridae,Hadrosciurus ignitus,FALSE,FALSE
Mammalia,Rodentia,Sciuridae,Hadrosciurus spadiceus,FALSE,FALSE
Equisetopsida,Malpighiales,Ochnaceae,Ouratea pendula,FALSE,FALSE
Equisetopsida,Malpighiales,Ochnaceae,Ouratea iquitosensis,FALSE,FALSE
Equisetopsida,Magnoliales,Myristicaceae,Otoba parvifolia,FALSE,FALSE
Aves,Passeriformes,Thamnophilidae,Hafferia fortis,FALSE,FALSE
Equisetopsida,Magnoliales,Myristicaceae,Otoba glycycarpa,FALSE,FALSE
Equisetopsida,Lamiales,Bignoniaceae,Handroanthus serratifolius,FALSE,TRUE
Aves,Accipitriformes,Accipitridae,Harpagus bidentatus,FALSE,FALSE
Aves,Accipitriformes,Accipitridae,Harpia harpyja,FALSE,TRUE
Equisetopsida,Malpighiales,Salicaceae,Hasseltia floribunda,FALSE,FALSE
Equisetopsida,Solanales,Solanaceae,Hawkesiophyton ulei,FALSE,FALSE
Equisetopsida,Malpighiales,Linaceae,Hebepetalum humiriifolium,FALSE,FALSE
Aves,Psittaciformes,Psittacidae,Orthopsittaca manilatus,FALSE,FALSE
Equisetopsida,Chloranthales,Chloranthaceae,Hedyosmum racemosum,FALSE,FALSE
Equisetopsida,Poales,Poaceae,Orthoclada laxa,FALSE,FALSE
Equisetopsida,Santalales,Olacaceae,Heisteria ovata,FALSE,FALSE
Equisetopsida,Santalales,Olacaceae,Heisteria pacifica,FALSE,FALSE
Aves,Galliformes,Cracidae,Ortalis guttata,FALSE,FALSE
Equisetopsida,Zingiberales,Heliconiaceae,Heliconia acuminata,FALSE,FALSE
Equisetopsida,Zingiberales,Heliconiaceae,Heliconia densiflora,FALSE,FALSE
Equisetopsida,Zingiberales,Heliconiaceae,Heliconia episcopalis,FALSE,FALSE
Equisetopsida,Zingiberales,Heliconiaceae,Heliconia hirsuta,FALSE,FALSE
Aves,Passeriformes,Thraupidae,Sporophila luctuosa,FALSE,FALSE
Equisetopsida,Zingiberales,Heliconiaceae,Heliconia metallica,FALSE,FALSE
Equisetopsida,Zingiberales,Heliconiaceae,Heliconia psittacorum,FALSE,FALSE
Equisetopsida,Zingiberales,Heliconiaceae,Heliconia rostrata,FALSE,FALSE
Equisetopsida,Zingiberales,Heliconiaceae,Heliconia stricta,FALSE,FALSE
Equisetopsida,Asparagales,Orchidaceae,Ornithocephalus caveroi,TRUE,FALSE
Equisetopsida,Zingiberales,Heliconiaceae,Heliconia subulata,FALSE,FALSE
Equisetopsida,Zingiberales,Heliconiaceae,Heliconia velutina,FALSE,FALSE
Aves,Passeriformes,Tyrannidae,Ornithion inerme,FALSE,FALSE
Equisetopsida,Rosales,Moraceae,Helicostylis scabra,FALSE,FALSE
Equisetopsida,Malvales,Malvaceae,Heliocarpus americanus,FALSE,FALSE
Aves,Apodiformes,Trochilidae,Heliodoxa aurescens,FALSE,FALSE
Aves,Apodiformes,Trochilidae,Heliodoxa branickii,TRUE,FALSE
Aves,Anseriformes,Anatidae,Oressochen jubatus,FALSE,TRUE
Aves,Apodiformes,Trochilidae,Heliomaster longirostris,FALSE,FALSE
Aves,Apodiformes,Trochilidae,Heliothryx auritus,FALSE,FALSE
Actinopterygii,Siluriformes,Cetopsidae,Helogenes marmoratus,FALSE,FALSE
Actinopterygii,Characiformes,Characidae,Hemibrycon jabonero,FALSE,FALSE
Actinopterygii,Characiformes,Characidae,Hemibrycon jelskii,FALSE,FALSE
Actinopterygii,Siluriformes,Loricariidae,Hemiodontichthys acipenserinus,FALSE,FALSE
Aves,Passeriformes,Thraupidae,Hemithraupis flavicollis,FALSE,FALSE
Aves,Passeriformes,Thraupidae,Hemithraupis guira,FALSE,FALSE
Aves,Passeriformes,Tyrannidae,Hemitriccus flammulatus,FALSE,FALSE
Aves,Passeriformes,Tyrannidae,Hemitriccus griseipectus,FALSE,FALSE
Aves,Passeriformes,Tyrannidae,Hemitriccus rufigularis,FALSE,FALSE
Aves,Passeriformes,Tyrannidae,Hemitriccus striaticollis,FALSE,FALSE
Aves,Opisthocomiformes,Opisthocomidae,Opisthocomus hoazin,FALSE,FALSE
Aves,Passeriformes,Onychorhynchidae,Onychorhynchus coronatus,FALSE,TRUE
Aves,Falconiformes,Falconidae,Herpetotheres cachinnans,FALSE,FALSE
Aves,Passeriformes,Thamnophilidae,Herpsilochmus axillaris,FALSE,FALSE
Equisetopsida,Magnoliales,Annonaceae,Onychopetalum periquino,FALSE,FALSE
Insecta,Coleoptera,Scarabaeidae,Onthophagus xanthomerus,FALSE,FALSE
Equisetopsida,Malpighiales,Euphorbiaceae,Hevea brasiliensis,FALSE,FALSE
Equisetopsida,Poales,Poaceae,Olyra latifolia,FALSE,FALSE
Equisetopsida,Poales,Poaceae,Olyra caudata,FALSE,FALSE
Equisetopsida,Malpighiales,Euphorbiaceae,Hevea guianensis,FALSE,FALSE
Equisetopsida,Malpighiales,Phyllanthaceae,Hieronyma alchorneoides,FALSE,FALSE
Mammalia,Rodentia,Cricetidae,Oligoryzomys microtis,FALSE,FALSE
Equisetopsida,Malpighiales,Phyllanthaceae,Hieronyma oblonga,FALSE,FALSE
Equisetopsida,Gentianales,Apocynaceae,Himatanthus bracteatus,FALSE,FALSE
Equisetopsida,Gentianales,Apocynaceae,Himatanthus sucuuba,FALSE,FALSE
Equisetopsida,Celastrales,Celastraceae,Hippocratea volubilis,FALSE,FALSE
Equisetopsida,Malpighiales,Malpighiaceae,Hiraea fagifolia,FALSE,FALSE
Equisetopsida,Malpighiales,Chrysobalanaceae,Hirtella bullata,FALSE,FALSE
Equisetopsida,Malpighiales,Chrysobalanaceae,Hirtella excelsa,FALSE,FALSE
Equisetopsida,Malpighiales,Chrysobalanaceae,Hirtella gracilipes,FALSE,FALSE
Equisetopsida,Arecales,Arecaceae,Oenocarpus bataua,FALSE,FALSE
Equisetopsida,Malpighiales,Chrysobalanaceae,Hirtella hispidula,FALSE,FALSE
Equisetopsida,Malpighiales,Chrysobalanaceae,Hirtella racemosa,FALSE,FALSE
Equisetopsida,Malpighiales,Chrysobalanaceae,Hirtella triandra,FALSE,FALSE
Equisetopsida,Poales,Poaceae,Oedochloa procurrens,FALSE,FALSE
Mammalia,Rodentia,Cricetidae,Oecomys bicolor,FALSE,FALSE
Actinopterygii,Characiformes,Characidae,Odontostilbe fugitiva,FALSE,FALSE
Aves,Passeriformes,Thraupidae,Sporophila caerulescens,FALSE,FALSE
Aves,Galliformes,Odontophoridae,Odontophorus stellatus,FALSE,FALSE
Aves,Galliformes,Odontophoridae,Odontophorus speciosus,FALSE,FALSE
Mammalia,Chiroptera,Phyllostomidae,Hsunycteris thomasi,FALSE,FALSE
Equisetopsida,Malvales,Malvaceae,Huberodendron swietenioides,FALSE,FALSE
Aves,Pelecaniformes,Ardeidae,Agamia agami,FALSE,FALSE
Equisetopsida,Malpighiales,Euphorbiaceae,Hura crepitans,FALSE,FALSE
Equisetopsida,Gentianales,Apocynaceae,Odontadenia lutea,FALSE,FALSE
Mammalia,Rodentia,Caviidae,Hydrochoerus hydrochaeris,FALSE,FALSE
Equisetopsida,Laurales,Lauraceae,Ocotea puberula,FALSE,FALSE
Aves,Caprimulgiformes,Caprimulgidae,Hydropsalis climacocerca,FALSE,FALSE
Aves,Caprimulgiformes,Caprimulgidae,Hydropsalis torquata,FALSE,FALSE
Mammalia,Rodentia,Cricetidae,Hylaeamys perenensis,FALSE,FALSE
Equisetopsida,Laurales,Lauraceae,Ocotea oblonga,FALSE,FALSE
Equisetopsida,Laurales,Lauraceae,Ocotea leptobotra,FALSE,FALSE
Aves,Passeriformes,Furnariidae,Hylexetastes stresemanni,FALSE,FALSE
Aves,Passeriformes,Thamnophilidae,Hylophylax naevius,FALSE,FALSE
Equisetopsida,Laurales,Lauraceae,Ocotea gracilis,FALSE,FALSE
Equisetopsida,Laurales,Lauraceae,Ocotea bofa,FALSE,FALSE
Equisetopsida,Laurales,Lauraceae,Ocotea aurantiodora,FALSE,FALSE
Equisetopsida,Malpighiales,Chrysobalanaceae,Hymenopus caudatus,FALSE,FALSE
Equisetopsida,Malpighiales,Chrysobalanaceae,Hymenopus heteromorphus,FALSE,FALSE
Equisetopsida,Arecales,Arecaceae,Hyospathe elegans,FALSE,FALSE
Equisetopsida,Laurales,Lauraceae,Ocotea amazonica,FALSE,FALSE
Equisetopsida,Laurales,Lauraceae,Ocotea aciphylla,FALSE,FALSE
Actinopterygii,Characiformes,Characidae,Hyphessobrycon bentosi,FALSE,FALSE
Aves,Passeriformes,Tyrannidae,Ochthornis littoralis,FALSE,FALSE
Aves,Passeriformes,Thraupidae,Sporophila atrirostris,FALSE,FALSE
Aves,Passeriformes,Thamnophilidae,Hypocnemis subflava,FALSE,FALSE
Equisetopsida,Malvales,Malvaceae,Ochroma pyramidale,FALSE,FALSE
Aves,Galbuliformes,Bucconidae,Nystalus obamai,FALSE,FALSE
Aves,Galbuliformes,Bucconidae,Nystalus chacuru,FALSE,FALSE
Aves,Falconiformes,Falconidae,Ibycter americanus,FALSE,FALSE
Aves,Passeriformes,Icteridae,Icterus cayanensis,FALSE,FALSE
Aves,Passeriformes,Icteridae,Icterus croconotus,FALSE,FALSE
Aves,Accipitriformes,Accipitridae,Ictinia plumbea,FALSE,FALSE
Aves,Caprimulgiformes,Caprimulgidae,Nyctidromus albicollis,FALSE,FALSE
Equisetopsida,Aquifoliales,Aquifoliaceae,Ilex guayusa,FALSE,FALSE
Equisetopsida,Aquifoliales,Aquifoliaceae,Ilex inundata,FALSE,FALSE
Aves,Passeriformes,Tyrannidae,Inezia inornata,FALSE,FALSE
Equisetopsida,Fabales,Fabaceae,Inga acreana,FALSE,FALSE
Aves,Nyctibiiformes,Nyctibiidae,Nyctibius griseus,FALSE,FALSE
Equisetopsida,Fabales,Fabaceae,Inga auristellae,FALSE,FALSE
Aves,Nyctibiiformes,Nyctibiidae,Nyctibius grandis,FALSE,FALSE
Equisetopsida,Fabales,Fabaceae,Inga cayennensis,FALSE,FALSE
Aves,Nyctibiiformes,Nyctibiidae,Nyctibius aethereus,FALSE,FALSE
Equisetopsida,Fabales,Fabaceae,Inga cordatoalata,FALSE,FALSE
Equisetopsida,Fabales,Fabaceae,Inga coruscans,FALSE,FALSE
Equisetopsida,Fabales,Fabaceae,Inga edulis,FALSE,FALSE
Equisetopsida,Fabales,Fabaceae,Inga heterophylla,FALSE,FALSE
Equisetopsida,Fabales,Fabaceae,Inga laurina,FALSE,FALSE
Equisetopsida,Fabales,Fabaceae,Inga macrophylla,FALSE,FALSE
Equisetopsida,Fabales,Fabaceae,Inga marginata,FALSE,FALSE
Equisetopsida,Fabales,Fabaceae,Inga porcata,FALSE,FALSE
Equisetopsida,Fabales,Fabaceae,Inga punctata,FALSE,FALSE
Equisetopsida,Fabales,Fabaceae,Inga setosa,FALSE,FALSE
Equisetopsida,Gentianales,Rubiaceae,Notopleura macrophylla,FALSE,FALSE
Equisetopsida,Gentianales,Rubiaceae,Notopleura leucantha,FALSE,FALSE
Equisetopsida,Fabales,Fabaceae,Inga stipularis,FALSE,FALSE
Equisetopsida,Fabales,Fabaceae,Inga striata,FALSE,FALSE
Equisetopsida,Gentianales,Rubiaceae,Notopleura epiphytica,FALSE,FALSE
Equisetopsida,Fabales,Fabaceae,Inga thibaudiana,FALSE,FALSE
Equisetopsida,Fabales,Fabaceae,Inga velutina,FALSE,FALSE
Equisetopsida,Fabales,Fabaceae,Inga venusta,FALSE,FALSE
Equisetopsida,Picramniales,Picramniaceae,Nothotalisia peruviana,FALSE,FALSE
Equisetopsida,Solanales,Convolvulaceae,Ipomoea batatas,FALSE,FALSE
Equisetopsida,Solanales,Convolvulaceae,Ipomoea philomega,FALSE,FALSE
Aves,Galbuliformes,Bucconidae,Notharchus hyperrhynchus,FALSE,FALSE
Equisetopsida,Arecales,Arecaceae,Iriartea deltoidea,FALSE,FALSE
Equisetopsida,Arecales,Arecaceae,Iriartella setigera,FALSE,FALSE
Equisetopsida,Magnoliales,Myristicaceae,Iryanthera hostmannii,FALSE,FALSE
Equisetopsida,Magnoliales,Myristicaceae,Iryanthera juruensis,FALSE,FALSE
Equisetopsida,Magnoliales,Myristicaceae,Iryanthera laevis,FALSE,FALSE
Mammalia,Chiroptera,Noctilionidae,Noctilio albiventris,FALSE,FALSE
Equisetopsida,Magnoliales,Myristicaceae,Iryanthera tessmannii,FALSE,FALSE
Equisetopsida,Zingiberales,Marantaceae,Ischnosiphon arouma,FALSE,FALSE
Equisetopsida,Zingiberales,Marantaceae,Ischnosiphon cerotus,FALSE,FALSE
Equisetopsida,Zingiberales,Marantaceae,Ischnosiphon killipii,FALSE,FALSE
Equisetopsida,Santalales,Opiliaceae,Agonandra brasiliensis,FALSE,FALSE
Equisetopsida,Gentianales,Rubiaceae,Isertia rosea,FALSE,FALSE
Aves,Passeriformes,Thamnophilidae,Isleria hauxwelli,FALSE,FALSE
Aves,Anseriformes,Anatidae,Netta peposaca,FALSE,FALSE
Mammalia,Rodentia,Echimyidae,Isothrix bistriata,FALSE,FALSE
Equisetopsida,Polypodiales,Nephrolepidaceae,Nephrolepis rivularis,FALSE,FALSE
Equisetopsida,Polypodiales,Nephrolepidaceae,Nephrolepis pectinata,FALSE,FALSE
Equisetopsida,Gentianales,Rubiaceae,Ixora killipii,FALSE,FALSE
Equisetopsida,Gentianales,Rubiaceae,Ixora peruviana,FALSE,FALSE
Mammalia,Rodentia,Cricetidae,Nephelomys keaysi,FALSE,FALSE
Aves,Ciconiiformes,Ciconiidae,Jabiru mycteria,FALSE,FALSE
Equisetopsida,Santalales,Opiliaceae,Agonandra silvatica,FALSE,FALSE
Aves,Galbuliformes,Galbulidae,Jacamerops aureus,FALSE,FALSE
Aves,Charadriiformes,Jacanidae,Jacana jacana,FALSE,FALSE
Equisetopsida,Lamiales,Bignoniaceae,Jacaranda copaia,FALSE,FALSE
Equisetopsida,Lamiales,Bignoniaceae,Jacaranda glabra,FALSE,FALSE
Equisetopsida,Lamiales,Bignoniaceae,Jacaranda obtusifolia,FALSE,FALSE
Equisetopsida,Brassicales,Caricaceae,Jacaratia digitata,FALSE,FALSE
Equisetopsida,Brassicales,Caricaceae,Jacaratia spinosa,FALSE,FALSE
Aves,Passeriformes,Tyrannidae,Neopipo cinnamomea,FALSE,FALSE
Aves,Passeriformes,Pipridae,Neopelma sulphureiventer,FALSE,FALSE
Aves,Passeriformes,Thamnophilidae,Neoctantes niger,FALSE,FALSE
Aves,Passeriformes,Tyrannidae,Nengetus cinereus,FALSE,FALSE
Equisetopsida,Fabales,Fabaceae,Jupunba trapezifolia var. micradenia,FALSE,FALSE
Actinopterygii,Siluriformes,Doradidae,Nemadoras humeralis,FALSE,FALSE
Equisetopsida,Lamiales,Acanthaceae,Justicia boliviana,FALSE,FALSE
Equisetopsida,Caryophyllales,Nyctaginaceae,Neea virens,FALSE,FALSE
Equisetopsida,Caryophyllales,Nyctaginaceae,Neea spruceana,FALSE,FALSE
Equisetopsida,Caryophyllales,Nyctaginaceae,Neea ovalifolia,FALSE,FALSE
Equisetopsida,Caryophyllales,Nyctaginaceae,Neea macrophylla,FALSE,FALSE
Aves,Apodiformes,Trochilidae,Klais guimeti,FALSE,FALSE
Equisetopsida,Caryophyllales,Nyctaginaceae,Neea laxa,FALSE,FALSE
Equisetopsida,Caryophyllales,Nyctaginaceae,Neea floribunda,FALSE,FALSE
Equisetopsida,Caryophyllales,Nyctaginaceae,Neea divaricata,FALSE,FALSE
Actinopterygii,Characiformes,Characidae,Knodus megalops,FALSE,FALSE
Actinopterygii,Characiformes,Characidae,Knodus smithi,FALSE,FALSE
Equisetopsida,Laurales,Lauraceae,Nectandra pulverulenta,FALSE,FALSE
Equisetopsida,Laurales,Lauraceae,Nectandra pearcei,FALSE,FALSE
Equisetopsida,Laurales,Lauraceae,Nectandra membranacea,FALSE,FALSE
Equisetopsida,Malpighiales,Lacistemataceae,Lacistema nena,FALSE,FALSE
Equisetopsida,Laurales,Lauraceae,Nectandra longifolia,FALSE,FALSE
Equisetopsida,Malpighiales,Ochnaceae,Lacunaria macrostachya,FALSE,FALSE
Equisetopsida,Gentianales,Rubiaceae,Ladenbergia oblongifolia,FALSE,FALSE
Equisetopsida,Laurales,Lauraceae,Nectandra latissima,FALSE,FALSE
Equisetopsida,Laurales,Lauraceae,Nectandra globosa,FALSE,FALSE
Equisetopsida,Malpighiales,Salicaceae,Laetia procera,FALSE,FALSE
Mammalia,Primates,Atelidae,Lagothrix lagothricha,FALSE,TRUE
Equisetopsida,Malpighiales,Euphorbiaceae,Nealchornea yapurensis,FALSE,FALSE
Mammalia,Rodentia,Cricetidae,Neacomys spinosus,FALSE,FALSE
Aves,Passeriformes,Mitrospingidae,Lamprospiza melanoleuca,FALSE,FALSE
Equisetopsida,Lamiales,Gesneriaceae,Nautilocalyx ecuadoranus,FALSE,FALSE
Aves,Passeriformes,Thraupidae,Lanio versicolor,FALSE,FALSE
Equisetopsida,Rosales,Moraceae,Naucleopsis ulei,FALSE,FALSE
Equisetopsida,Lamiales,Verbenaceae,Lantana camara,FALSE,FALSE
Equisetopsida,Rosales,Moraceae,Naucleopsis ternstroemiiflora,FALSE,FALSE
Equisetopsida,Lamiales,Verbenaceae,Lantana cujabensis,FALSE,FALSE
Equisetopsida,Rosales,Moraceae,Naucleopsis krukovii,FALSE,FALSE
Equisetopsida,Lamiales,Verbenaceae,Lantana trifolia,FALSE,FALSE
Equisetopsida,Rosales,Moraceae,Naucleopsis glabra,FALSE,FALSE
Mammalia,Carnivora,Procyonidae,Nasua nasua,FALSE,FALSE
Equisetopsida,Poales,Poaceae,Lasiacis divaricata,FALSE,FALSE
Aves,Gruiformes,Rallidae,Laterallus exilis,FALSE,FALSE
Aves,Gruiformes,Rallidae,Laterallus melanophaius,FALSE,FALSE
Aves,Passeriformes,Tyrannidae,Lathrotriccus euleri,FALSE,FALSE
Aves,Passeriformes,Tyrannidae,Legatus leucophaius,FALSE,FALSE
Aves,Accipitriformes,Accipitridae,Spizaetus tyrannus,FALSE,FALSE
Mammalia,Rodentia,Cricetidae,Lenoxus apicalis,FALSE,FALSE
Equisetopsida,Malpighiales,Violaceae,Leonia crassa,FALSE,FALSE
Equisetopsida,Malpighiales,Violaceae,Leonia glycycarpa,FALSE,FALSE
Equisetopsida,Malpighiales,Violaceae,Leonia longifolia,FALSE,FALSE
Equisetopsida,Malpighiales,Violaceae,Leonia sphaerocarpa,FALSE,FALSE
Equisetopsida,Malpighiales,Violaceae,Leonia ulei,FALSE,FALSE
Aves,Psittaciformes,Psittacidae,Nannopsittaca dachilleae,FALSE,FALSE
Insecta,Lepidoptera,Erebidae,Mystrocneme varipes,FALSE,FALSE
Mammalia,Carnivora,Felidae,Leopardus pardalis,FALSE,FALSE
Mammalia,Carnivora,Felidae,Leopardus wiedii,FALSE,FALSE
Aves,Passeriformes,Furnariidae,Lepidocolaptes lacrymiger,FALSE,FALSE
Aves,Passeriformes,Thamnophilidae,Myrmotherula schisticolor,FALSE,FALSE
Aves,Passeriformes,Pipridae,Lepidothrix coronata,FALSE,FALSE
Aves,Passeriformes,Thamnophilidae,Myrmotherula menetriesii,FALSE,FALSE
Aves,Passeriformes,Thamnophilidae,Myrmotherula longipennis,FALSE,FALSE
Equisetopsida,Malpighiales,Chrysobalanaceae,Leptobalanus apetalus,FALSE,FALSE
Equisetopsida,Malpighiales,Chrysobalanaceae,Leptobalanus octandrus,FALSE,FALSE
Aves,Passeriformes,Thamnophilidae,Myrmotherula iheringi,FALSE,FALSE
Aves,Accipitriformes,Accipitridae,Leptodon cayanensis,FALSE,FALSE
Aves,Passeriformes,Thamnophilidae,Myrmotherula brachyura,FALSE,FALSE
Aves,Passeriformes,Tyrannidae,Leptopogon amaurocephalus,FALSE,FALSE
Aves,Passeriformes,Tyrannidae,Leptopogon superciliaris,FALSE,FALSE
Aves,Passeriformes,Thamnophilidae,Myrmotherula axillaris,FALSE,FALSE
Aves,Passeriformes,Grallariidae,Myrmothera campanisona,FALSE,FALSE
Aves,Columbiformes,Columbidae,Leptotila rufaxilla,FALSE,FALSE
Aves,Columbiformes,Columbidae,Leptotila verreauxi,FALSE,FALSE
Equisetopsida,Icacinales,Icacinaceae,Leretia cordata,FALSE,FALSE
Aves,Passeriformes,Thamnophilidae,Myrmoborus myotherinus,FALSE,FALSE
Aves,Passeriformes,Thamnophilidae,Myrmoborus lophotes,FALSE,FALSE
Aves,Passeriformes,Thamnophilidae,Myrmoborus leucophrys,FALSE,FALSE
Aves,Passeriformes,Thamnophilidae,Myrmelastes hyperythrus,FALSE,FALSE
Aves,Passeriformes,Thamnophilidae,Myrmelastes brunneiceps,FALSE,FALSE
Aves,Accipitriformes,Accipitridae,Leucopternis kuhli,FALSE,FALSE
Mammalia,Pilosa,Myrmecophagidae,Myrmecophaga tridactyla,FALSE,TRUE
Insecta,Lepidoptera,Erebidae,Leucotmemis varipes,FALSE,FALSE
Equisetopsida,Malpighiales,Chrysobalanaceae,Licania canescens,FALSE,FALSE
Equisetopsida,Malpighiales,Chrysobalanaceae,Licania harlingii,FALSE,FALSE
Equisetopsida,Myrtales,Myrtaceae,Myrcia splendens,FALSE,TRUE
Equisetopsida,Malpighiales,Chrysobalanaceae,Licania hypoleuca,FALSE,FALSE
Equisetopsida,Malpighiales,Chrysobalanaceae,Licania silvae,FALSE,FALSE
Equisetopsida,Laurales,Lauraceae,Licaria armeniaca,FALSE,FALSE
Equisetopsida,Myrtales,Myrtaceae,Myrcia simulata,FALSE,FALSE
Equisetopsida,Myrtales,Myrtaceae,Myrciaria floribunda,FALSE,FALSE
Equisetopsida,Myrtales,Myrtaceae,Myrciaria dubia,FALSE,FALSE
Equisetopsida,Myrtales,Myrtaceae,Myrcia paivae,FALSE,FALSE
Equisetopsida,Myrtales,Myrtaceae,Myrcia neovelutina,FALSE,FALSE
Equisetopsida,Myrtales,Myrtaceae,Myrcia neospeciosa,FALSE,FALSE
Equisetopsida,Myrtales,Myrtaceae,Myrcia neesiana,FALSE,FALSE
Equisetopsida,Malpighiales,Achariaceae,Lindackeria paludosa,FALSE,FALSE
Equisetopsida,Polypodiales,Lindsaeaceae,Lindsaea stricta,FALSE,FALSE
Equisetopsida,Myrtales,Myrtaceae,Myrcia lonchophylla,FALSE,FALSE
Equisetopsida,Myrtales,Myrtaceae,Myrcia guianensis,FALSE,FALSE
Equisetopsida,Myrtales,Myrtaceae,Myrcia florifera,FALSE,FALSE
Equisetopsida,Myrtales,Myrtaceae,Myrcia concava,FALSE,FALSE
Equisetopsida,Myrtales,Myrtaceae,Myrcia bracteata,FALSE,FALSE
Aves,Passeriformes,Cotingidae,Lipaugus vociferans,FALSE,FALSE
Equisetopsida,Myrtales,Myrtaceae,Myrcia amazonica,FALSE,FALSE
Equisetopsida,Lamiales,Verbenaceae,Lippia alba,FALSE,FALSE
Equisetopsida,Polypodiales,Lomariopsidaceae,Lomariopsis japurensis,FALSE,FALSE
Mammalia,Chiroptera,Vespertilionidae,Myotis riparius,FALSE,FALSE
Mammalia,Chiroptera,Vespertilionidae,Myotis nigricans,FALSE,FALSE
Mammalia,Carnivora,Mustelidae,Lontra longicaudis,FALSE,FALSE
Mammalia,Chiroptera,Vespertilionidae,Myotis albescens,FALSE,FALSE
Mammalia,Chiroptera,Phyllostomidae,Lophostoma carrikeri,FALSE,FALSE
Mammalia,Chiroptera,Phyllostomidae,Lophostoma silvicolum,FALSE,FALSE
Aves,Passeriformes,Tyrannidae,Myiozetetes similis,FALSE,FALSE
Aves,Strigiformes,Strigidae,Lophostrix cristata,FALSE,FALSE
Aves,Passeriformes,Tyrannidae,Lophotriccus pileatus,FALSE,FALSE
Aves,Passeriformes,Tyrannidae,Myiozetetes luteiventris,FALSE,FALSE
Aves,Passeriformes,Thraupidae,Loriotus luctuosus,FALSE,FALSE
Aves,Passeriformes,Tyrannidae,Myiozetetes granadensis,FALSE,FALSE
Equisetopsida,Poales,Poaceae,Loudetia flammida,FALSE,FALSE
Aves,Passeriformes,Tyrannidae,Myiozetetes cayanensis,FALSE,FALSE
Aves,Passeriformes,Tyrannidae,Myiotriccus ornatus,FALSE,FALSE
Equisetopsida,Myrtales,Onagraceae,Ludwigia nervosa,FALSE,FALSE
Equisetopsida,Myrtales,Onagraceae,Ludwigia octovalvis,FALSE,FALSE
Aves,Passeriformes,Parulidae,Myiothlypis fulvicauda,FALSE,FALSE
Equisetopsida,Malpighiales,Salicaceae,Lunania parviflora,FALSE,FALSE
Equisetopsida,Lamiales,Bignoniaceae,Lundia densiflora,FALSE,FALSE
Aves,Passeriformes,Parulidae,Myiothlypis chrysogaster,FALSE,FALSE
Aves,Accipitriformes,Accipitridae,Spizaetus ornatus,FALSE,FALSE
Mammalia,Didelphimorphia,Didelphidae,Lutreolina crassicaudata,FALSE,FALSE
Aves,Passeriformes,Tyrannidae,Myiophobus fasciatus,FALSE,FALSE
Aves,Passeriformes,Tyrannidae,Myiopagis viridicata,FALSE,FALSE
Equisetopsida,Solanales,Solanaceae,Lycianthes inaequilatera,FALSE,FALSE
Aves,Passeriformes,Tyrannidae,Myiopagis gaimardii,FALSE,FALSE
Equisetopsida,Solanales,Solanaceae,Lycianthes repens,FALSE,FALSE
Aves,Passeriformes,Tyrannidae,Myiopagis caniceps,FALSE,FALSE
Equisetopsida,Lycopodiales,Lycopodiaceae,Lycopodium clavatum,FALSE,FALSE
Aves,Passeriformes,Tyrannidae,Myiodynastes luteiventris,FALSE,FALSE
Aves,Passeriformes,Tyrannidae,Myiodynastes chrysocephalus,FALSE,FALSE
Equisetopsida,Magnoliales,Annonaceae,Maasia glauca,FALSE,FALSE
Equisetopsida,Malpighiales,Euphorbiaceae,Mabea elata,FALSE,FALSE
Equisetopsida,Malpighiales,Euphorbiaceae,Mabea fistulifera,FALSE,FALSE
Equisetopsida,Malpighiales,Euphorbiaceae,Mabea occidentalis,FALSE,FALSE
Aves,Passeriformes,Parulidae,Myioborus miniatus,FALSE,FALSE
Equisetopsida,Malpighiales,Euphorbiaceae,Mabea subsessilis,FALSE,FALSE
Equisetopsida,Myrtales,Melastomataceae,Macairea thyrsiflora,FALSE,FALSE
Equisetopsida,Fabales,Fabaceae,Machaerium floribundum,FALSE,FALSE
Equisetopsida,Fabales,Fabaceae,Machaerium guanaiense,FALSE,FALSE
Equisetopsida,Fabales,Fabaceae,Machaerium kegelii,FALSE,FALSE
Equisetopsida,Fabales,Fabaceae,Machaerium multifoliolatum,FALSE,FALSE
Equisetopsida,Fabales,Fabaceae,Machaerium mutisii,FALSE,FALSE
Aves,Accipitriformes,Accipitridae,Spizaetus melanoleucus,FALSE,FALSE
Equisetopsida,Gentianales,Rubiaceae,Macrocnemum roseum,FALSE,FALSE
Aves,Passeriformes,Tyrannidae,Myiarchus tuberculifer,FALSE,FALSE
Aves,Passeriformes,Tyrannidae,Myiarchus ferox,FALSE,FALSE
Aves,Passeriformes,Tyrannidae,Myiarchus cephalotes,FALSE,FALSE
Aves,Galbuliformes,Bucconidae,Malacoptila semicincta,FALSE,FALSE
Aves,Ciconiiformes,Ciconiidae,Mycteria americana,FALSE,FALSE
Equisetopsida,Malvales,Malvaceae,Malvaviscus concinnus,FALSE,FALSE
Aves,Passeriformes,Pipridae,Manacus manacus,FALSE,FALSE
Aves,Gruiformes,Rallidae,Mustelirallus albicollis,FALSE,FALSE
Equisetopsida,Malpighiales,Euphorbiaceae,Manihot brachyloba,FALSE,FALSE
Equisetopsida,Ericales,Sapotaceae,Manilkara bidentata,FALSE,TRUE
Equisetopsida,Lamiales,Bignoniaceae,Mansoa parvifolia,FALSE,FALSE
Equisetopsida,Malpighiales,Euphorbiaceae,Maprounea guianensis,FALSE,FALSE
Equisetopsida,Rosales,Moraceae,Maquira calophylla,FALSE,FALSE
Equisetopsida,Ericales,Marcgraviaceae,Marcgravia flagellaris,FALSE,FALSE
Equisetopsida,Malpighiales,Phyllanthaceae,Margaritaria nobilis,FALSE,FALSE
Equisetopsida,Malvales,Muntingiaceae,Muntingia calabura,FALSE,FALSE
Equisetopsida,Malpighiales,Calophyllaceae,Marila laxiflora,FALSE,FALSE
Equisetopsida,Solanales,Solanaceae,Markea coccinea,FALSE,FALSE
Mammalia,Didelphimorphia,Didelphidae,Marmosa (Marmosa) macrotarsus,TRUE,FALSE
Mammalia,Didelphimorphia,Didelphidae,Marmosa (Stegomarmosa) lepida,FALSE,FALSE
Mammalia,Didelphimorphia,Didelphidae,Marmosops (Marmosops) noctivagus,FALSE,FALSE
Mammalia,Didelphimorphia,Didelphidae,Marmosops (Sciophanes) bishopi,FALSE,FALSE
Equisetopsida,Myrtales,Melastomataceae,Mouriri nigra,FALSE,FALSE
Equisetopsida,Myrtales,Melastomataceae,Mouriri myrtilloides,FALSE,FALSE
Equisetopsida,Myrtales,Melastomataceae,Mouriri grandiflora,FALSE,FALSE
Equisetopsida,Myrtales,Melastomataceae,Mouriri floribunda,FALSE,FALSE
Equisetopsida,Myrtales,Melastomataceae,Mouriri cauliflora,FALSE,FALSE
Equisetopsida,Myrtales,Melastomataceae,Mouriri apiranga,FALSE,FALSE
Equisetopsida,Myrtales,Melastomataceae,Mouriri acutiflora,FALSE,FALSE
Equisetopsida,Sapindales,Sapindaceae,Matayba guianensis,FALSE,FALSE
Equisetopsida,Sapindales,Sapindaceae,Matayba inelegans,FALSE,FALSE
Equisetopsida,Sapindales,Sapindaceae,Matayba purgans,FALSE,FALSE
Equisetopsida,Malvales,Malvaceae,Matisia malacocalyx,FALSE,FALSE
Equisetopsida,Malvales,Malvaceae,Matisia ochrocalyx,FALSE,FALSE
Aves,Accipitriformes,Accipitridae,Morphnus guianensis,FALSE,TRUE
Equisetopsida,Malpighiales,Chrysobalanaceae,Moquilea brittoniana,FALSE,FALSE
Equisetopsida,Malpighiales,Achariaceae,Mayna odorata,FALSE,FALSE
Equisetopsida,Alismatales,Araceae,Monstera subpinnata,FALSE,FALSE
Equisetopsida,Alismatales,Araceae,Monstera pinnatipartita,FALSE,FALSE
Equisetopsida,Celastrales,Celastraceae,Maytenus ebenifolia,FALSE,FALSE
Equisetopsida,Alismatales,Araceae,Monstera obliqua,FALSE,FALSE
Mammalia,Cetartiodactyla,Cervidae,Mazama americana,FALSE,FALSE
Equisetopsida,Alismatales,Araceae,Monstera lechleriana,FALSE,FALSE
Equisetopsida,Alismatales,Araceae,Monstera dubia,FALSE,FALSE
Mammalia,Cetartiodactyla,Cervidae,Mazama nemorivaga,FALSE,FALSE
Equisetopsida,Alismatales,Araceae,Monstera adansonii,FALSE,FALSE
Equisetopsida,Zingiberales,Marantaceae,Monotagma plurispicatum,FALSE,FALSE
Equisetopsida,Zingiberales,Marantaceae,Monotagma laxum,FALSE,FALSE
Equisetopsida,Zingiberales,Marantaceae,Monotagma juruanum,FALSE,FALSE
Aves,Coraciiformes,Alcedinidae,Megaceryle torquata,FALSE,FALSE
Equisetopsida,Myrtales,Melastomataceae,Monolena primuliflora,FALSE,FALSE
Mammalia,Didelphimorphia,Didelphidae,Monodelphis (Mygalodelphys) peruviana,FALSE,FALSE
Aves,Passeriformes,Tyrannidae,Megarynchus pitangua,FALSE,FALSE
Aves,Strigiformes,Strigidae,Megascops choliba,FALSE,FALSE
Aves,Strigiformes,Strigidae,Megascops roraimae,FALSE,FALSE
Aves,Strigiformes,Strigidae,Megascops watsonii,FALSE,FALSE
Aves,Galbuliformes,Bucconidae,Monasa nigrifrons,FALSE,FALSE
Insecta,Coleoptera,Scarabaeidae,Megatharsis buckleyi,FALSE,FALSE
Aves,Piciformes,Picidae,Melanerpes candidus,FALSE,FALSE
Aves,Piciformes,Picidae,Melanerpes cruentatus,FALSE,FALSE
Aves,Galbuliformes,Bucconidae,Monasa morphoeus,FALSE,FALSE
Actinopterygii,Characiformes,Crenuchidae,Melanocharacidium rex,FALSE,FALSE
Insecta,Lepidoptera,Nymphalidae,Melinea marsaeus,FALSE,FALSE
Equisetopsida,Proteales,Sabiaceae,Meliosma boliviensis,FALSE,FALSE
Equisetopsida,Proteales,Sabiaceae,Meliosma herbertii,FALSE,FALSE
Equisetopsida,Proteales,Sabiaceae,Meliosma loretoyacuensis,FALSE,FALSE
Aves,Coraciiformes,Momotidae,Momotus momota,FALSE,FALSE
Aves,Passeriformes,Icteridae,Molothrus oryzivorus,FALSE,FALSE
Mammalia,Chiroptera,Molossidae,Molossus molossus,FALSE,FALSE
Mammalia,Chiroptera,Molossidae,Molossus coibensis,FALSE,FALSE
Equisetopsida,Solanales,Convolvulaceae,Merremia umbellata,FALSE,FALSE
Aves,Pelecaniformes,Threskiornithidae,Mesembrinibis cayennensis,FALSE,FALSE
Equisetopsida,Laurales,Monimiaceae,Mollinedia ovata,FALSE,FALSE
