Clase,Orden,Familia,Especie,endemica,amenazada
Equisetopsida,Caryophyllales,Polygonaceae,Triplaris americana,FALSE,FALSE
Insecta,Lepidoptera,Hesperiidae,Telemiades antiope tosca,FALSE,FALSE
Aves,Trogoniformes,Trogonidae,Trogon rufus,FALSE,FALSE
Insecta,Lepidoptera,Hesperiidae,Telemiades amphios misitheus,FALSE,FALSE
Insecta,Lepidoptera,Hesperiidae,Urbanus reductus,FALSE,FALSE
Insecta,Diptera,Tabanidae,Stypommisa pequeniensis,FALSE,FALSE
Equisetopsida,Sapindales,Burseraceae,Trattinnickia boliviana,FALSE,FALSE
Insecta,Odonata,Coenagrionidae,Telebasis digiticollis,FALSE,FALSE
Equisetopsida,Sapindales,Sapindaceae,Talisia cupularis,FALSE,FALSE
Aves,Passeriformes,Thraupidae,Thraupis palmarum,FALSE,FALSE
Insecta,Lepidoptera,Lycaenidae,"""Thecla"" vesper",FALSE,FALSE
Aves,Passeriformes,Vireonidae,Vireo olivaceus,FALSE,FALSE
Insecta,Lepidoptera,Nymphalidae,Tegosa claudina,FALSE,FALSE
Equisetopsida,Polypodiales,Tectariaceae,Tectaria pilosa,FALSE,FALSE
Equisetopsida,Fabales,Fabaceae,Swartzia leptopetala,FALSE,FALSE
Equisetopsida,Magnoliales,Annonaceae,Xylopia calophylla,FALSE,FALSE
Equisetopsida,Lamiales,Bignoniaceae,Tanaecium pyramidatum,FALSE,FALSE
Equisetopsida,Sapindales,Sapindaceae,Talisia mollis,FALSE,FALSE
Aves,Apodiformes,Apodidae,Streptoprocne rutila,FALSE,FALSE
Aves,Charadriiformes,Scolopacidae,Tringa solitaria,FALSE,FALSE
Insecta,Lepidoptera,Nymphalidae,Taygetis virgila,FALSE,FALSE
Insecta,Lepidoptera,Nymphalidae,Taygetis thamyra,FALSE,FALSE
Equisetopsida,Sapindales,Sapindaceae,Talisia croatii,FALSE,FALSE
Aves,Apodiformes,Trochilidae,Thalurania furcata,FALSE,FALSE
Insecta,Lepidoptera,Nymphalidae,Taygetis sylvia,FALSE,FALSE
Insecta,Lepidoptera,Nymphalidae,Taygetis sosis,FALSE,FALSE
Insecta,Lepidoptera,Nymphalidae,Taygetis mermeria mermeria,FALSE,FALSE
Equisetopsida,Fabales,Fabaceae,Swartzia amplifolia,FALSE,FALSE
Aves,Passeriformes,Thamnophilidae,Willisornis poecilinotus,FALSE,FALSE
Insecta,Lepidoptera,Nymphalidae,Taygetis larua,FALSE,FALSE
Insecta,Lepidoptera,Nymphalidae,Taygetis echo koepckei,FALSE,FALSE
Aves,Trogoniformes,Trogonidae,Trogon viridis,FALSE,FALSE
Aves,Passeriformes,Thamnophilidae,Thamnistes rufescens,FALSE,FALSE
Insecta,Lepidoptera,Lycaenidae,"""Thecla"" tyriam",FALSE,FALSE
Insecta,Lepidoptera,Hesperiidae,Urbanus simplicius,FALSE,FALSE
Insecta,Lepidoptera,Nymphalidae,Taygetis cleopatra,FALSE,FALSE
Insecta,Lepidoptera,Hesperiidae,Tromba tromba,FALSE,FALSE
Aves,Passeriformes,Thraupidae,Thraupis episcopus,FALSE,FALSE
Equisetopsida,Asparagales,Orchidaceae,Wullschlaegelia calcarata,FALSE,FALSE
Actinopterygii,Siluriformes,Loricariidae,Sturisoma nigrirostrum,FALSE,FALSE
Insecta,Lepidoptera,Erebidae,Xanthopleura perspicua,FALSE,FALSE
Insecta,Lepidoptera,Lycaenidae,"""Thecla"" falerina",FALSE,FALSE
Mammalia,Cetartiodactyla,Tayassuidae,Tayassu pecari,FALSE,FALSE
Equisetopsida,Alismatales,Araceae,Xanthosoma brevispathaceum,FALSE,FALSE
Insecta,Lepidoptera,Hesperiidae,Vinius tryhana tryhana,FALSE,FALSE
Insecta,Lepidoptera,Hesperiidae,Vinius saggita,FALSE,FALSE
Equisetopsida,Alismatales,Araceae,Xanthosoma helleborifolium,FALSE,FALSE
Aves,Charadriiformes,Scolopacidae,Tringa melanoleuca,FALSE,FALSE
Aves,Passeriformes,Thraupidae,Stilpnia cyanicollis,FALSE,FALSE
Insecta,Odonata,Libellulidae,Tauriphila argo,FALSE,FALSE
Aves,Passeriformes,Furnariidae,Synallaxis albescens,FALSE,FALSE
Aves,Passeriformes,Thamnophilidae,Thamnomanes ardesiacus,FALSE,FALSE
Insecta,Diptera,Tabanidae,Stypommisa prunicolor,FALSE,FALSE
Equisetopsida,Alismatales,Araceae,Xanthosoma viviparum,FALSE,FALSE
Insecta,Lepidoptera,Nymphalidae,Vila emilia caecilia,FALSE,FALSE
Insecta,Lepidoptera,Hesperiidae,Tarsoctenus praecia plutia,FALSE,FALSE
Insecta,Lepidoptera,Hesperiidae,Tarsoctenus corytus corba,FALSE,FALSE
Insecta,Lepidoptera,Nymphalidae,Vila azeca azeca,FALSE,FALSE
Aves,Charadriiformes,Scolopacidae,Tringa flavipes,FALSE,FALSE
Insecta,Lepidoptera,Hesperiidae,Xenophanes tryxus,FALSE,FALSE
Equisetopsida,Rosales,Moraceae,Trophis caucana,FALSE,FALSE
Aves,Passeriformes,Pipridae,Xenopipo atronitens,FALSE,FALSE
Aves,Passeriformes,Furnariidae,Xenops minutus,FALSE,FALSE
Equisetopsida,Magnoliales,Annonaceae,Trigynaea duckei,FALSE,FALSE
Equisetopsida,Fabales,Fabaceae,Swartzia arborescens,FALSE,FALSE
Equisetopsida,Malpighiales,Malpighiaceae,Stigmaphyllon florosum,FALSE,FALSE
Equisetopsida,Lamiales,Bignoniaceae,Tanaecium dichotomum,FALSE,FALSE
Equisetopsida,Malpighiales,Clusiaceae,Symphonia globulifera,FALSE,FALSE
Insecta,Lepidoptera,Lycaenidae,"""Thecla"" gemma",FALSE,FALSE
Aves,Passeriformes,Thamnophilidae,Taraba major,FALSE,FALSE
Equisetopsida,Rosales,Moraceae,Trophis scandens,FALSE,FALSE
Mammalia,Pilosa,Myrmecophagidae,Tamandua tetradactyla,FALSE,FALSE
Insecta,Lepidoptera,Erebidae,Trichura mathina,FALSE,FALSE
Insecta,Lepidoptera,Erebidae,Trichura aurifera,FALSE,FALSE
Aves,Passeriformes,Furnariidae,Xenops rutilans,FALSE,FALSE
Equisetopsida,Fabales,Fabaceae,Stryphnodendron pulcherrimum,FALSE,FALSE
Aves,Passeriformes,Furnariidae,Xiphorhynchus obsoletus,FALSE,FALSE
Aves,Passeriformes,Hirundinidae,Tachycineta albiventer,FALSE,FALSE
Equisetopsida,Caryophyllales,Petiveriaceae,Trichostigma octandrum,FALSE,FALSE
Insecta,Diptera,Tabanidae,Stypommisa serena,FALSE,FALSE
Mammalia,Chiroptera,Phyllostomidae,Trachops cirrhosus,FALSE,FALSE
Aves,Pelecaniformes,Ardeidae,Zebrilus undulatus,FALSE,FALSE
Equisetopsida,Malpighiales,Dichapetalaceae,Tapura juruana,FALSE,FALSE
Equisetopsida,Malvales,Malvaceae,Theobroma cacao,FALSE,FALSE
Insecta,Lepidoptera,Hesperiidae,Vettius richardi,FALSE,FALSE
Insecta,Lepidoptera,Lycaenidae,Thereus columbicola,FALSE,FALSE
Insecta,Lepidoptera,Hesperiidae,Vettius phyllus phyllus,FALSE,FALSE
Equisetopsida,Malpighiales,Malpighiaceae,Stigmaphyllon cardiophyllum,FALSE,FALSE
Equisetopsida,Malpighiales,Dichapetalaceae,Tapura coriacea,FALSE,FALSE
Aves,Passeriformes,Vireonidae,Tunchiornis ochraceiceps,FALSE,FALSE
Aves,Passeriformes,Thamnophilidae,Thamnomanes schistogynus,FALSE,FALSE
Mammalia,Perissodactyla,Tapiridae,Tapirus terrestris,FALSE,FALSE
Mammalia,Chiroptera,Phyllostomidae,Sturnira tildae,FALSE,FALSE
Equisetopsida,Lamiales,Acanthaceae,Suessenguthia vargasii,TRUE,FALSE
Insecta,Diptera,Tabanidae,Stypommisa glandicolor,FALSE,FALSE
Aves,Passeriformes,Furnariidae,Xiphocolaptes promeropirhynchus,FALSE,FALSE
Insecta,Lepidoptera,Hesperiidae,Vettius monacha,FALSE,FALSE
Equisetopsida,Fabales,Fabaceae,Zygia latifolia,FALSE,FALSE
Insecta,Lepidoptera,Hesperiidae,Thracides thrasea,FALSE,FALSE
Insecta,Lepidoptera,Nymphalidae,Zischkaia amalda,FALSE,FALSE
Insecta,Lepidoptera,Hesperiidae,Thracides cleanthes telmela,FALSE,FALSE
Insecta,Lepidoptera,Hesperiidae,Vettius marcus marcus,FALSE,FALSE
Equisetopsida,Hymenophyllales,Hymenophyllaceae,Trichomanes rigidum,FALSE,FALSE
Equisetopsida,Sapindales,Rutaceae,Zanthoxylum kellermanii,FALSE,FALSE
Actinopterygii,Characiformes,Gasteropelecidae,Thoracocharax stellatus,FALSE,FALSE
Insecta,Lepidoptera,Hesperiidae,Urbanus velinus,FALSE,FALSE
Equisetopsida,Fabales,Fabaceae,Stryphnodendron guianense,FALSE,FALSE
Insecta,Lepidoptera,Lycaenidae,Strymon ziba,FALSE,FALSE
Insecta,Lepidoptera,Hesperiidae,Vettius fuldai,FALSE,FALSE
Aves,Passeriformes,Furnariidae,Synallaxis gujanensis,FALSE,FALSE
Equisetopsida,Magnoliales,Annonaceae,Xylopia trichostemon,FALSE,FALSE
Aves,Passeriformes,Tyrannidae,Tolmomyias flaviventris,FALSE,FALSE
Equisetopsida,Pandanales,Cyclanthaceae,Thoracocarpus bissectus,FALSE,FALSE
Insecta,Lepidoptera,Erebidae,Timalus leucomelas,FALSE,FALSE
Aves,Passeriformes,Furnariidae,Synallaxis rutilans,FALSE,FALSE
Equisetopsida,Sapindales,Anacardiaceae,Tapirira obtusa,FALSE,FALSE
Equisetopsida,Celastrales,Celastraceae,Tontelea laxiflora,FALSE,FALSE
Insecta,Lepidoptera,Hesperiidae,Vettius artona,FALSE,FALSE
Insecta,Lepidoptera,Hesperiidae,Vertica verticalis,FALSE,FALSE
Equisetopsida,Sapindales,Anacardiaceae,Tapirira guianensis,FALSE,FALSE
Equisetopsida,Sapindales,Sapindaceae,Talisia carinata,FALSE,FALSE
Aves,Passeriformes,Turdidae,Turdus albicollis,FALSE,FALSE
Insecta,Lepidoptera,Lycaenidae,"""Thecla"" ligurina",FALSE,FALSE
Aves,Passeriformes,Furnariidae,Synallaxis cabanisi,FALSE,FALSE
Insecta,Lepidoptera,Hesperiidae,Synapte silius,FALSE,FALSE
Equisetopsida,Lamiales,Bignoniaceae,Tanaecium tetragonolobum,FALSE,FALSE
Insecta,Lepidoptera,Hesperiidae,Thoon taxes,FALSE,FALSE
Insecta,Lepidoptera,Hesperiidae,Styriodes badius,FALSE,FALSE
Insecta,Lepidoptera,Riodinidae,Synargis abaris,FALSE,FALSE
Aves,Tinamiformes,Tinamidae,Tinamus guttatus,FALSE,FALSE
Insecta,Lepidoptera,Riodinidae,Synargis gela gela,FALSE,FALSE
Insecta,Lepidoptera,Riodinidae,Synargis ochra ochra,FALSE,FALSE
Insecta,Hymenoptera,Formicidae,Strumigenys subedentata,FALSE,FALSE
Insecta,Lepidoptera,Hesperiidae,Thoon ranka,FALSE,FALSE
Insecta,Lepidoptera,Hesperiidae,Thoon ponka,FALSE,FALSE
Insecta,Lepidoptera,Hesperiidae,Zenis jebus,FALSE,FALSE
Insecta,Lepidoptera,Riodinidae,Synargis orestessa,FALSE,FALSE
Insecta,Lepidoptera,Hesperiidae,Urbanus virescens,FALSE,FALSE
Insecta,Lepidoptera,Hesperiidae,Thoon modius,FALSE,FALSE
Aves,Passeriformes,Turdidae,Turdus amaurochalinus,FALSE,FALSE
Aves,Psittaciformes,Psittacidae,Touit huetii,FALSE,FALSE
Aves,Passeriformes,Thamnophilidae,Thamnophilus aethiops,FALSE,FALSE
Aves,Apodiformes,Apodidae,Streptoprocne zonaris,FALSE,FALSE
Equisetopsida,Hymenophyllales,Hymenophyllaceae,Trichomanes collariatum,FALSE,FALSE
Aves,Tinamiformes,Tinamidae,Tinamus major,FALSE,FALSE
Aves,Cuculiformes,Cuculidae,Tapera naevia,FALSE,FALSE
Equisetopsida,Gentianales,Rubiaceae,Uncaria guianensis,FALSE,FALSE
Equisetopsida,Asterales,Asteraceae,Vernonanthura patens,FALSE,FALSE
Aves,Passeriformes,Furnariidae,Syndactyla ucayalae,FALSE,FALSE
Insecta,Lepidoptera,Lycaenidae,"""Thecla"" pulchritudo",FALSE,FALSE
Equisetopsida,Asparagales,Orchidaceae,Trichocentrum nanum,FALSE,FALSE
Equisetopsida,Alismatales,Araceae,Syngonium hastifolium,FALSE,FALSE
Equisetopsida,Alismatales,Araceae,Syngonium podophyllum,FALSE,FALSE
Aves,Passeriformes,Thamnophilidae,Thamnophilus amazonicus,FALSE,FALSE
Equisetopsida,Sapindales,Meliaceae,Trichilia tuberculata,FALSE,FALSE
Aves,Tinamiformes,Tinamidae,Tinamus osgoodi,FALSE,TRUE
Insecta,Lepidoptera,Riodinidae,Theope pedias pedias,FALSE,FALSE
Equisetopsida,Alismatales,Araceae,Syngonium yurimaguense,FALSE,FALSE
Insecta,Lepidoptera,Erebidae,Syntrichura melaena,FALSE,FALSE
Insecta,Lepidoptera,Erebidae,Syntrichura virens,FALSE,FALSE
Aves,Passeriformes,Thraupidae,Tangara velia,FALSE,FALSE
Aves,Passeriformes,Tyrannidae,Syrtidicola fluviatilis,FALSE,FALSE
Insecta,Lepidoptera,Hesperiidae,Thoon dubia,FALSE,FALSE
Aves,Tinamiformes,Tinamidae,Tinamus tao,FALSE,FALSE
Equisetopsida,Sapindales,Meliaceae,Trichilia septentrionalis,FALSE,FALSE
Aves,Passeriformes,Furnariidae,Xiphorhynchus ocellatus,FALSE,FALSE
Insecta,Lepidoptera,Saturniidae,Syssphynx molina,FALSE,FALSE
Insecta,Lepidoptera,Hesperiidae,Venas evans,FALSE,FALSE
Insecta,Lepidoptera,Hesperiidae,Thoon canta,FALSE,FALSE
Insecta,Lepidoptera,Hesperiidae,Venas caerulans,FALSE,FALSE
Aves,Charadriiformes,Laridae,Sternula superciliaris,FALSE,FALSE
Insecta,Lepidoptera,Erebidae,Tipuloides rubriceps,FALSE,FALSE
Insecta,Lepidoptera,Hesperiidae,Vehilius stictomenes stictomenes,FALSE,FALSE
Equisetopsida,Sapindales,Meliaceae,Trichilia rubra,FALSE,FALSE
Equisetopsida,Sapindales,Sapindaceae,Toulicia reticulata,FALSE,FALSE
Insecta,Lepidoptera,Hesperiidae,Vehilius putus,FALSE,FALSE
Insecta,Lepidoptera,Hesperiidae,Vehilius madius,FALSE,FALSE
Equisetopsida,Malpighiales,Salicaceae,Xylosma intermedia,FALSE,FALSE
Equisetopsida,Fabales,Fabaceae,Vatairea fusca,FALSE,FALSE
Insecta,Odonata,Libellulidae,Zenothoptera lanei,FALSE,FALSE
Insecta,Diptera,Tabanidae,Tabanus antarticus,FALSE,FALSE
Aves,Passeriformes,Thraupidae,Tangara callophrys,FALSE,FALSE
Insecta,Diptera,Tabanidae,Tabanus argentivittatus,FALSE,FALSE
Insecta,Diptera,Tabanidae,Tabanus glaucus,FALSE,FALSE
Insecta,Diptera,Tabanidae,Tabanus guyanensis,FALSE,FALSE
Insecta,Diptera,Tabanidae,Tabanus importunus,FALSE,FALSE
Insecta,Lepidoptera,Lycaenidae,"""Thecla"" syllis",FALSE,FALSE
Insecta,Lepidoptera,Hesperiidae,Tisias lesueur canna,FALSE,FALSE
Insecta,Lepidoptera,Lycaenidae,Strymon cestri,FALSE,FALSE
Insecta,Diptera,Tabanidae,Tabanus monotaxis,FALSE,FALSE
Equisetopsida,Sapindales,Meliaceae,Trichilia quadrijuga,FALSE,FALSE
Equisetopsida,Sapindales,Meliaceae,Trichilia poeppigii,FALSE,FALSE
Insecta,Diptera,Tabanidae,Tabanus nebulosus,FALSE,FALSE
Aves,Passeriformes,Turdidae,Turdus hauxwelli,FALSE,FALSE
Insecta,Lepidoptera,Hesperiidae,Tisias quadrata quadrata,FALSE,FALSE
Insecta,Diptera,Tabanidae,Tabanus nematocallus,FALSE,FALSE
Equisetopsida,Sapindales,Burseraceae,Trattinnickia peruviana,FALSE,FALSE
Insecta,Lepidoptera,Saturniidae,Titaea tamerlan amazonensis,FALSE,FALSE
Insecta,Lepidoptera,Nymphalidae,Tithorea harmonia brunnea,FALSE,FALSE
Equisetopsida,Ericales,Primulaceae,Stylogyne ardisioides,FALSE,FALSE
Equisetopsida,Gentianales,Loganiaceae,Strychnos asperula,FALSE,FALSE
Insecta,Diptera,Tabanidae,Tabanus pellucidus,FALSE,FALSE
Aves,Podicipediformes,Podicipedidae,Tachybaptus dominicus,FALSE,FALSE
Equisetopsida,Sapindales,Meliaceae,Trichilia pleeana,FALSE,FALSE
Insecta,Diptera,Tabanidae,Tabanus piceiventris,FALSE,FALSE
Insecta,Coleoptera,Scarabaeidae,Sylvicanthon bridarolli,FALSE,FALSE
Insecta,Diptera,Tabanidae,Tabanus pungens,FALSE,FALSE
Insecta,Lepidoptera,Lycaenidae,"""Thecla"" maculata",FALSE,FALSE
Equisetopsida,Sapindales,Meliaceae,Trichilia pallida,FALSE,FALSE
Insecta,Lepidoptera,Lycaenidae,"""Thecla"" tympania",FALSE,FALSE
Insecta,Diptera,Tabanidae,Tabanus restrepoensis,FALSE,FALSE
Insecta,Lepidoptera,Hesperiidae,Styriodes quaka,FALSE,FALSE
Insecta,Lepidoptera,Lycaenidae,"""Thecla"" mecrida",FALSE,FALSE
Insecta,Lepidoptera,Erebidae,Urolosia brodea,FALSE,FALSE
Aves,Passeriformes,Tityridae,Tityra cayana,FALSE,FALSE
Insecta,Diptera,Tabanidae,Tabanus rubripes,FALSE,FALSE
Insecta,Odonata,Libellulidae,Tholymis citrina,FALSE,FALSE
Aves,Passeriformes,Thamnophilidae,Thamnophilus doliatus,FALSE,FALSE
Insecta,Diptera,Tabanidae,Tabanus sannio,FALSE,FALSE
Insecta,Lepidoptera,Riodinidae,Theope excelsa,FALSE,FALSE
Insecta,Diptera,Tabanidae,Tabanus sextriangulus,FALSE,FALSE
Mammalia,Chiroptera,Phyllostomidae,Uroderma magnirostrum,FALSE,FALSE
Insecta,Diptera,Tabanidae,Tabanus sorbillans,FALSE,FALSE
Aves,Passeriformes,Turdidae,Turdus ignobilis,FALSE,FALSE
Insecta,Diptera,Tabanidae,Tabanus stenocephalus,FALSE,FALSE
Aves,Passeriformes,Thraupidae,Thlypopsis sordida,FALSE,FALSE
Insecta,Diptera,Tabanidae,Tabanus trivittatus,FALSE,FALSE
Equisetopsida,Sapindales,Meliaceae,Trichilia micrantha,FALSE,FALSE
Insecta,Diptera,Tabanidae,Tabanus weyrauchi,FALSE,FALSE
Aves,Passeriformes,Turdidae,Turdus lawrencii,FALSE,FALSE
Aves,Charadriiformes,Charadriidae,Vanellus resplendens,FALSE,FALSE
Aves,Passeriformes,Tyrannidae,Sublegatus obscurior,FALSE,FALSE
Insecta,Lepidoptera,Lycaenidae,"""Thecla"" minyia",FALSE,FALSE
Insecta,Diptera,Tabanidae,Tabanus wilkersoni,FALSE,FALSE
Insecta,Diptera,Tabanidae,Tabanus xanthogaster,FALSE,FALSE
Insecta,Diptera,Tabanidae,Tabanus xuthopogon,FALSE,FALSE
Aves,Charadriiformes,Charadriidae,Vanellus chilensis,FALSE,FALSE
Aves,Passeriformes,Tityridae,Tityra inquisitor,FALSE,FALSE
Equisetopsida,Lamiales,Bignoniaceae,Tabebuia insignis,FALSE,FALSE
Insecta,Lepidoptera,Riodinidae,Theope eudocia eudocia,FALSE,FALSE
Equisetopsida,Malpighiales,Clusiaceae,Tovomita laurina,FALSE,FALSE
Equisetopsida,Sapindales,Meliaceae,Trichilia maynasiana,FALSE,FALSE
Aves,Passeriformes,Thraupidae,Tangara schrankii,FALSE,FALSE
Equisetopsida,Lamiales,Bignoniaceae,Tanaecium truncatum,FALSE,FALSE
Equisetopsida,Celastrales,Celastraceae,Tontelea passiflora,FALSE,FALSE
Insecta,Lepidoptera,Hesperiidae,Udranomia kikkawai,FALSE,FALSE
Equisetopsida,Gentianales,Loganiaceae,Strychnos tarapotensis,FALSE,FALSE
Aves,Passeriformes,Tityridae,Tityra semifasciata,FALSE,FALSE
Equisetopsida,Sapindales,Meliaceae,Trichilia elegans,FALSE,FALSE
Aves,Passeriformes,Tyrannidae,Tyrannus melancholicus,FALSE,FALSE
Equisetopsida,Gentianales,Apocynaceae,Tabernaemontana cymosa,FALSE,FALSE
Aves,Charadriiformes,Charadriidae,Vanellus cayanus,FALSE,FALSE
Aves,Passeriformes,Thamnophilidae,Thamnophilus palliatus,FALSE,FALSE
Insecta,Lepidoptera,Lycaenidae,Tmolus cydrara,FALSE,FALSE
Insecta,Lepidoptera,Lycaenidae,Tmolus echion,FALSE,FALSE
Equisetopsida,Sapindales,Meliaceae,Trichilia adolfi,FALSE,FALSE
Insecta,Lepidoptera,Lycaenidae,Tmolus mutina,FALSE,FALSE
Actinopterygii,Characiformes,Characidae,Tyttocharax tambopatensis,FALSE,FALSE
Mammalia,Chiroptera,Phyllostomidae,Vampyrodes caraccioli,FALSE,FALSE
Insecta,Lepidoptera,Nymphalidae,Zaretis itys itys,FALSE,FALSE
Insecta,Lepidoptera,Lycaenidae,Tmolus ufentina,FALSE,FALSE
Equisetopsida,Gentianales,Apocynaceae,Tabernaemontana sananho,FALSE,FALSE
Insecta,Lepidoptera,Nymphalidae,Yphtthimoides mythra,FALSE,FALSE
Aves,Passeriformes,Thamnophilidae,Thamnophilus schistaceus,FALSE,FALSE
Equisetopsida,Gentianales,Apocynaceae,Tabernaemontana vanheurckii,FALSE,FALSE
Aves,Passeriformes,Tyrannidae,Tyrannus tyrannus,FALSE,FALSE
Equisetopsida,Lamiales,Linderniaceae,Torenia thouarsii,FALSE,FALSE
Actinopterygii,Gymnotiformes,Sternopygidae,Sternopygus macrurus,FALSE,FALSE
Aves,Passeriformes,Thraupidae,Tangara mexicana,FALSE,FALSE
Equisetopsida,Gentianales,Loganiaceae,Strychnos solimoesana,FALSE,FALSE
Equisetopsida,Magnoliales,Annonaceae,Xylopia cuspidata,FALSE,FALSE
Insecta,Odonata,Aeshnidae,Triacanthagyna septima,FALSE,FALSE
Mammalia,Chiroptera,Phyllostomidae,Vampyressa melissa,FALSE,TRUE
Insecta,Lepidoptera,Lycaenidae,"""Thecla"" terentia",FALSE,FALSE
Insecta,Odonata,Aeshnidae,Triacanthagyna satyrus,FALSE,FALSE
Equisetopsida,Sapindales,Sapindaceae,Talisia cerasina,FALSE,FALSE
Insecta,Lepidoptera,Hesperiidae,Thargella caura caura,FALSE,FALSE
Equisetopsida,Rosales,Cannabaceae,Trema micranthum,FALSE,FALSE
Insecta,Odonata,Aeshnidae,Triacanthagyna ditzleri,FALSE,FALSE
Equisetopsida,Fabales,Fabaceae,Tachigali alba,FALSE,FALSE
Insecta,Lepidoptera,Lycaenidae,"""Thecla"" tephraeus",FALSE,FALSE
Aves,Passeriformes,Tyrannidae,Todirostrum chrysocrotaphum,FALSE,FALSE
Equisetopsida,Fabales,Fabaceae,Tachigali bracteosa,FALSE,FALSE
Equisetopsida,Fabales,Fabaceae,Tachigali cenepensis,FALSE,FALSE
Aves,Passeriformes,Tyrannidae,Sublegatus modestus,FALSE,FALSE
Insecta,Lepidoptera,Lycaenidae,"""Thecla"" myrtea",FALSE,FALSE
Equisetopsida,Ericales,Primulaceae,Stylogyne longifolia,FALSE,FALSE
Insecta,Lepidoptera,Hesperiidae,Turesis basta,FALSE,FALSE
Insecta,Lepidoptera,Hesperiidae,Turesis complanula,FALSE,FALSE
Insecta,Lepidoptera,Lycaenidae,"""Thecla"" syedra",FALSE,FALSE
Equisetopsida,Lamiales,Bignoniaceae,Tanaecium xanthophyllum,FALSE,FALSE
Equisetopsida,Fabales,Fabaceae,Tachigali chrysophylla,FALSE,FALSE
Aves,Passeriformes,Thraupidae,Tangara gyrola,FALSE,FALSE
Equisetopsida,Fabales,Fabaceae,Tachigali guianensis,FALSE,FALSE
Equisetopsida,Crossosomatales,Staphyleaceae,Turpinia occidentalis,FALSE,FALSE
Equisetopsida,Fabales,Fabaceae,Tachigali poeppigiana,FALSE,FALSE
Aves,Passeriformes,Tyrannidae,Zimmerius gracilipes,FALSE,FALSE
Equisetopsida,Asterales,Asteraceae,Tagetes erecta,FALSE,FALSE
Equisetopsida,Fabales,Fabaceae,Tachigali rugosa,FALSE,FALSE
Insecta,Lepidoptera,Lycaenidae,"""Thecla"" myrtusa",FALSE,FALSE
Equisetopsida,Alismatales,Araceae,Thaumatophyllum solimoesense,FALSE,FALSE
Equisetopsida,Fabales,Fabaceae,Tachigali setifera,FALSE,FALSE
Insecta,Lepidoptera,Lycaenidae,"""Thecla"" norax",FALSE,FALSE
Aves,Passeriformes,Hirundinidae,Tachycineta leucorrhoa,FALSE,FALSE
Aves,Passeriformes,Tyrannidae,Todirostrum cinereum,FALSE,FALSE
Equisetopsida,Fabales,Fabaceae,Tachigali tinctoria,FALSE,FALSE
Equisetopsida,Rosales,Urticaceae,Urera capitata,FALSE,FALSE
Aves,Passeriformes,Tyrannidae,Todirostrum maculatum,FALSE,FALSE
Aves,Passeriformes,Thraupidae,Tangara chilensis,FALSE,FALSE
Aves,Apodiformes,Apodidae,Tachornis squamata,FALSE,FALSE
Equisetopsida,Fabales,Fabaceae,Tamarindus indica,FALSE,FALSE
Insecta,Lepidoptera,Erebidae,Theages xanthura,FALSE,FALSE
Equisetopsida,Celastrales,Celastraceae,Tontelea attenuata,FALSE,FALSE
Insecta,Odonata,Libellulidae,Uracis fastigiata,FALSE,FALSE
Insecta,Odonata,Libellulidae,Uracis imbuta,FALSE,FALSE
Insecta,Lepidoptera,Lycaenidae,"""Thecla"" agrippa",FALSE,FALSE
Insecta,Odonata,Libellulidae,Uracis infumata,FALSE,FALSE
Equisetopsida,Magnoliales,Annonaceae,Xylopia frutescens,FALSE,FALSE
Equisetopsida,Lamiales,Bignoniaceae,Tynanthus polyanthus,FALSE,FALSE
Insecta,Odonata,Libellulidae,Uracis siemensi,FALSE,FALSE
Equisetopsida,Lamiales,Bignoniaceae,Tynanthus schumannianus,FALSE,FALSE
Equisetopsida,Magnoliales,Annonaceae,Xylopia ligustrifolia,FALSE,FALSE
Insecta,Lepidoptera,Hesperiidae,Talides sinois sinois,FALSE,FALSE
Insecta,Lepidoptera,Lycaenidae,"""Thecla"" aruma",FALSE,FALSE
Insecta,Lepidoptera,Riodinidae,Uraneis hyalina,FALSE,FALSE
Insecta,Lepidoptera,Uranidae,Urania leilus,FALSE,FALSE
Insecta,Lepidoptera,Lycaenidae,"""Thecla"" parvipuncta",FALSE,FALSE
Insecta,Lepidoptera,Lycaenidae,"""Thecla"" carteia",FALSE,FALSE
Equisetopsida,Rosales,Urticaceae,Urera simplex,FALSE,FALSE
Equisetopsida,Magnoliales,Annonaceae,Unonopsis veneficiorum,FALSE,FALSE
Aves,Passeriformes,Furnariidae,Synallaxis albigularis,FALSE,FALSE
Equisetopsida,Asterales,Asteraceae,Struchium sparganophorum,FALSE,FALSE
Insecta,Lepidoptera,Lycaenidae,"""Thecla"" tema",FALSE,FALSE
Aves,Passeriformes,Tyrannidae,Tyrannus savana,FALSE,FALSE
Insecta,Lepidoptera,Lycaenidae,"""Thecla"" strephon",FALSE,FALSE
Aves,Passeriformes,Pipridae,Tyranneutes stolzmanni,FALSE,FALSE
Insecta,Lepidoptera,Erebidae,Uranophora alterata,FALSE,FALSE
Insecta,Lepidoptera,Lycaenidae,Thestius meridionalis,FALSE,FALSE
Insecta,Lepidoptera,Lycaenidae,"""Thecla"" splendor",FALSE,FALSE
Aves,Passeriformes,Furnariidae,Xiphorhynchus guttatus,FALSE,FALSE
Insecta,Diptera,Tabanidae,Stypommisa captiroptera,FALSE,FALSE
Equisetopsida,Magnoliales,Annonaceae,Unonopsis peruviana,FALSE,FALSE
Aves,Passeriformes,Thraupidae,Tangara arthus,FALSE,FALSE
Insecta,Lepidoptera,Lycaenidae,"""Thecla"" ceromia",FALSE,FALSE
Equisetopsida,Polypodiales,Thelypteridaceae,Thelypteris juruensis,FALSE,FALSE
Insecta,Lepidoptera,Lycaenidae,"""Thecla"" color",FALSE,FALSE
Equisetopsida,Sapindales,Rutaceae,Zanthoxylum acuminatum subsp. juniperinum,FALSE,FALSE
Equisetopsida,Magnoliales,Annonaceae,Unonopsis guatterioides,FALSE,FALSE
Insecta,Lepidoptera,Lycaenidae,Theritas mavors,FALSE,FALSE
Insecta,Lepidoptera,Lycaenidae,"""Thecla"" phoster",FALSE,FALSE
Equisetopsida,Malvales,Malvaceae,Theobroma speciosum,FALSE,FALSE
Insecta,Lepidoptera,Erebidae,Uranophora leocotelus,FALSE,FALSE
Insecta,Hymenoptera,Formicidae,Strumigenys alberti,FALSE,FALSE
Insecta,Lepidoptera,Lycaenidae,"""Thecla"" cosmophila",FALSE,FALSE
Insecta,Diptera,Tabanidae,Stypommisa apicalis,FALSE,FALSE
Insecta,Lepidoptera,Lycaenidae,"""Thecla"" cupentus",FALSE,FALSE
Aves,Passeriformes,Tyrannidae,Tyrannopsis sulphurea,FALSE,FALSE
Insecta,Hymenoptera,Formicidae,Strumigenys denticulata,FALSE,FALSE
Insecta,Hymenoptera,Formicidae,Strumigenys hyphata,FALSE,FALSE
Insecta,Lepidoptera,Erebidae,Uranophora maranhaonis,FALSE,FALSE
Equisetopsida,Gentianales,Loganiaceae,Strychnos ramentifera,FALSE,FALSE
Insecta,Hymenoptera,Formicidae,Strumigenys perparva,FALSE,FALSE
Mammalia,Chiroptera,Phyllostomidae,Uroderma bilobatum,FALSE,FALSE
Aves,Passeriformes,Tyrannidae,Tyrannulus elatus,FALSE,FALSE
Insecta,Lepidoptera,Erebidae,Uranophora walkeri,FALSE,FALSE
Equisetopsida,Malpighiales,Hypericaceae,Vismia cayennensis,FALSE,FALSE
Equisetopsida,Dilleniales,Dilleniaceae,Tetracera parviflora,FALSE,FALSE
Aves,Passeriformes,Tyrannidae,Tolmomyias assimilis,FALSE,FALSE
Equisetopsida,Asterales,Asteraceae,Tessaria integrifolia,FALSE,FALSE
Insecta,Lepidoptera,Nymphalidae,Thyridia psidii ino,FALSE,FALSE
Equisetopsida,Malpighiales,Hypericaceae,Vismia plicatifolia,FALSE,FALSE
Equisetopsida,Lamiales,Bignoniaceae,Stizophyllum riparium,FALSE,FALSE
Equisetopsida,Polypodiales,Thelypteridaceae,Thelypteris opulenta,FALSE,FALSE
Aves,Passeriformes,Tyrannidae,Tolmomyias poliocephalus,FALSE,FALSE
Aves,Passeriformes,Thraupidae,Tachyphonus surinamus,FALSE,FALSE
Equisetopsida,Magnoliales,Myristicaceae,Virola surinamensis,FALSE,FALSE
Equisetopsida,Lamiales,Lamiaceae,Vitex triflora,FALSE,FALSE
Aves,Passeriformes,Thraupidae,Tersina viridis,FALSE,FALSE
Mammalia,Chiroptera,Thyropteridae,Thyroptera tricolor,FALSE,FALSE
Insecta,Lepidoptera,Lycaenidae,"""Thecla"" ematheon",FALSE,FALSE
Aves,Passeriformes,Furnariidae,Thripophaga fusciceps,FALSE,FALSE
Equisetopsida,Myrtales,Vochysiaceae,Vochysia ferruginea,FALSE,FALSE
Equisetopsida,Sapindales,Anacardiaceae,Thyrsodium bolivianum,FALSE,FALSE
Insecta,Lepidoptera,Lycaenidae,"""Thecla"" emessa",FALSE,FALSE
Aves,Trogoniformes,Trogonidae,Trogon collaris,FALSE,FALSE
Aves,Passeriformes,Thraupidae,Volatinia jacarina,FALSE,FALSE
Equisetopsida,Magnoliales,Myristicaceae,Virola sebifera,FALSE,FALSE
Insecta,Diptera,Tabanidae,Stypommisa modica,FALSE,FALSE
Equisetopsida,Magnoliales,Annonaceae,Unonopsis floribunda,FALSE,FALSE
Insecta,Lepidoptera,Lycaenidae,"""Thecla"" tarena",FALSE,FALSE
Equisetopsida,Magnoliales,Myristicaceae,Virola peruviana,FALSE,FALSE
Equisetopsida,Malpighiales,Malpighiaceae,Tetrapterys crispa,FALSE,FALSE
Equisetopsida,Sapindales,Anacardiaceae,Thyrsodium spruceanum,FALSE,FALSE
Aves,Passeriformes,Troglodytidae,Troglodytes aedon,FALSE,FALSE
Aves,Trogoniformes,Trogonidae,Trogon curucui,FALSE,FALSE
Equisetopsida,Myrtales,Combretaceae,Terminalia oblonga,FALSE,FALSE
Equisetopsida,Malpighiales,Malpighiaceae,Tetrapterys maranhamensis,FALSE,FALSE
Insecta,Lepidoptera,Lycaenidae,"""Thecla"" picus",FALSE,FALSE
Equisetopsida,Asterales,Asteraceae,Trixis divaricata,FALSE,FALSE
Equisetopsida,Poales,Poaceae,Streptogyna americana,FALSE,FALSE
Insecta,Lepidoptera,Lycaenidae,"""Thecla"" taminella",FALSE,FALSE
Insecta,Lepidoptera,Hesperiidae,Urbanus chalco,FALSE,FALSE
Equisetopsida,Magnoliales,Myristicaceae,Virola obovata,FALSE,FALSE
Equisetopsida,Poales,Bromeliaceae,Vriesea heliconioides,FALSE,FALSE
Equisetopsida,Magnoliales,Myristicaceae,Virola multinervia,FALSE,FALSE
Mammalia,Lagomorpha,Leporidae,Sylvilagus brasiliensis,FALSE,FALSE
Equisetopsida,Myrtales,Combretaceae,Terminalia grandis,FALSE,FALSE
Equisetopsida,Myrtales,Combretaceae,Terminalia fanshawei,FALSE,FALSE
Equisetopsida,Magnoliales,Myristicaceae,Virola multiflora,FALSE,FALSE
Equisetopsida,Myrtales,Combretaceae,Terminalia amazonia,FALSE,FALSE
Insecta,Lepidoptera,Hesperiidae,Urbanus doryssus diryssus,FALSE,FALSE
Equisetopsida,Gentianales,Rubiaceae,Warszewiczia coccinea,FALSE,FALSE
Equisetopsida,Magnoliales,Myristicaceae,Virola mollissima,FALSE,FALSE
Insecta,Lepidoptera,Lycaenidae,"""Thecla"" sphinx",FALSE,FALSE
Insecta,Lepidoptera,Hesperiidae,Urbanus esmeraldus,FALSE,FALSE
Equisetopsida,Lamiales,Bignoniaceae,Tanaecium jaroba,FALSE,FALSE
Equisetopsida,Fabales,Fabaceae,Swartzia myrtifolia,FALSE,FALSE
Equisetopsida,Sapindales,Sapindaceae,Talisia hexaphylla,FALSE,FALSE
Aves,Passeriformes,Onychorhynchidae,Terenotriccus erythrurus,FALSE,FALSE
Insecta,Lepidoptera,Nymphalidae,Tigridia acesta tapajona,FALSE,FALSE
Insecta,Hymenoptera,Formicidae,Strumigenys planeti,FALSE,FALSE
Insecta,Lepidoptera,Lycaenidae,Theclopsis lydus,FALSE,FALSE
Insecta,Lepidoptera,Hesperiidae,Urbanus pronta,FALSE,FALSE
Equisetopsida,Magnoliales,Myristicaceae,Virola loretensis,FALSE,FALSE
Equisetopsida,Sapindales,Burseraceae,Trattinnickia aspera,FALSE,FALSE
Equisetopsida,Sapindales,Rutaceae,Zanthoxylum sprucei,FALSE,FALSE
Aves,Pelecaniformes,Ardeidae,Tigrisoma fasciatum,FALSE,FALSE
Equisetopsida,Magnoliales,Myristicaceae,Virola flexuosa,FALSE,FALSE
Aves,Trogoniformes,Trogonidae,Trogon melanurus,FALSE,FALSE
Equisetopsida,Fabales,Fabaceae,Tephrosia sinapou,FALSE,FALSE
Equisetopsida,Fabales,Fabaceae,Tephrosia nitens,FALSE,FALSE
Insecta,Lepidoptera,Nymphalidae,Temenis pulchra pallidior,FALSE,FALSE
Equisetopsida,Lamiales,Bignoniaceae,Xylophragma myrianthum,FALSE,FALSE
Insecta,Lepidoptera,Lycaenidae,Theclopsis gargara,FALSE,FALSE
Actinopterygii,Characiformes,Triportheidae,Triportheus angulatus,FALSE,FALSE
Insecta,Lepidoptera,Nymphalidae,Temenis laothoe laothoe,FALSE,FALSE
Equisetopsida,Magnoliales,Myristicaceae,Virola elongata,FALSE,FALSE
Aves,Pelecaniformes,Ardeidae,Tigrisoma lineatum,FALSE,FALSE
Mammalia,Chiroptera,Phyllostomidae,Sturnira magna,FALSE,FALSE
Equisetopsida,Polypodiales,Tectariaceae,Triplophyllum funestum,FALSE,FALSE
Equisetopsida,Caryophyllales,Polygonaceae,Triplaris weigeltiana,FALSE,FALSE
Aves,Apodiformes,Trochilidae,Threnetes leucurus,FALSE,FALSE
Aves,Passeriformes,Thraupidae,Thraupis sayaca,FALSE,FALSE
Insecta,Lepidoptera,Hesperiidae,Tellona variegata,FALSE,FALSE
Equisetopsida,Caryophyllales,Polygonaceae,Triplaris setosa,FALSE,FALSE
Insecta,Hymenoptera,Formicidae,Strumigenys prospiciens,FALSE,FALSE
Equisetopsida,Magnoliales,Myristicaceae,Virola decorticans,FALSE,FALSE
Equisetopsida,Caryophyllales,Polygonaceae,Triplaris poeppigiana,FALSE,FALSE
Equisetopsida,Gentianales,Loganiaceae,Strychnos erichsonii,FALSE,FALSE
Aves,Passeriformes,Thraupidae,Stilpnia nigrocincta,FALSE,FALSE
Insecta,Lepidoptera,Erebidae,Telioneura glaucopis,FALSE,FALSE
Equisetopsida,Rosales,Urticaceae,Urera caracasana,FALSE,FALSE
Equisetopsida,Fabales,Fabaceae,Swartzia macrostachya,FALSE,FALSE
Insecta,Lepidoptera,Riodinidae,Symmachia asclepia asclepia,FALSE,FALSE
Insecta,Lepidoptera,Nymphalidae,Telenassa burchelli,FALSE,FALSE
Equisetopsida,Magnoliales,Myristicaceae,Virola calophylla,FALSE,FALSE
Insecta,Lepidoptera,Lycaenidae,"""Thecla"" ergina",FALSE,FALSE
Equisetopsida,Caryophyllales,Polygonaceae,Triplaris peruviana,FALSE,FALSE
Insecta,Lepidoptera,Hesperiidae,Telemiades penidas,FALSE,FALSE
Equisetopsida,Caryophyllales,Polygonaceae,Triplaris cumingiana,FALSE,FALSE
Insecta,Lepidoptera,Hesperiidae,Telemiades epicalus,FALSE,FALSE
Insecta,Lepidoptera,Hesperiidae,Telemiades delalande,FALSE,FALSE
Equisetopsida,Fabales,Fabaceae,Swartzia dipetala,FALSE,FALSE
Equisetopsida,Fabales,Fabaceae,Parkia ulei,FALSE,FALSE
Equisetopsida,Fabales,Fabaceae,Parkia pendula,FALSE,FALSE
Equisetopsida,Fabales,Fabaceae,Parkia panurensis,FALSE,FALSE
Equisetopsida,Fabales,Fabaceae,Parkia nitida,FALSE,FALSE
Equisetopsida,Fabales,Fabaceae,Parkia multijuga,FALSE,FALSE
Aves,Passeriformes,Furnariidae,Furnarius leucopus,FALSE,FALSE
Insecta,Lepidoptera,Erebidae,Mesothen desperata,FALSE,FALSE
Aves,Passeriformes,Thraupidae,Parkerthraustes humeralis,FALSE,FALSE
Insecta,Odonata,Libellulidae,Fylgia amazonica,FALSE,FALSE
Insecta,Lepidoptera,Papilionidae,Parides vertumnus astorius,FALSE,FALSE
Insecta,Lepidoptera,Papilionidae,Parides sesostris sesostris,FALSE,FALSE
Actinopterygii,Carangiformes,Achiridae,Hypoclinemus mentalis,FALSE,FALSE
Insecta,Lepidoptera,Papilionidae,Parides pizarro kuhlmanni,FALSE,FALSE
Aves,Galbuliformes,Galbulidae,Galbula cyanescens,FALSE,FALSE
Insecta,Lepidoptera,Erebidae,Hypocladia militaris,FALSE,FALSE
Insecta,Lepidoptera,Papilionidae,Parides neophilus olivencius,FALSE,FALSE
Aves,Galbuliformes,Galbulidae,Galbula dea,FALSE,FALSE
Insecta,Lepidoptera,Papilionidae,Parides anchises drucei,FALSE,FALSE
Insecta,Lepidoptera,Papilionidae,Parides aeneas lamasi,FALSE,FALSE
Actinopterygii,Characiformes,Characidae,Galeocharax gulo,FALSE,FALSE
Equisetopsida,Poales,Poaceae,Pariana ecuadorensis,FALSE,FALSE
Insecta,Lepidoptera,Nymphalidae,Pareuptychia summandosa,FALSE,FALSE
Insecta,Lepidoptera,Nymphalidae,Pareuptychia ocirrhoe,FALSE,FALSE
Insecta,Lepidoptera,Nymphalidae,Pareuptychia interjecta hesionides,FALSE,FALSE
Insecta,Lepidoptera,Nymphalidae,Pareuptychia binocula binocula,FALSE,FALSE
Equisetopsida,Sapindales,Rutaceae,Galipea trifoliata,FALSE,FALSE
Aves,Gruiformes,Rallidae,Pardirallus nigricans,FALSE,FALSE
Equisetopsida,Caryophyllales,Petiveriaceae,Gallesia integrifolia,FALSE,FALSE
Insecta,Lepidoptera,Riodinidae,Parcella amarynthina,FALSE,FALSE
Insecta,Hymenoptera,Formicidae,Paraponera clavata,FALSE,FALSE
Insecta,Lepidoptera,Saturniidae,Gamelia abasia,FALSE,FALSE
Insecta,Lepidoptera,Saturniidae,Gamelia rubriluna rubriluna,FALSE,FALSE
Actinopterygii,Characiformes,Characidae,Paragoniates alburnus,FALSE,FALSE
Insecta,Lepidoptera,Nymphalidae,Hypna clytemnestra negra,FALSE,FALSE
Insecta,Lepidoptera,Riodinidae,Hyphilaria parthenis rigrinella,FALSE,FALSE
Aves,Passeriformes,Thraupidae,Sporophila lineola,FALSE,FALSE
Actinopterygii,Characiformes,Characidae,Hyphessobrycon gracilior,FALSE,FALSE
Aves,Accipitriformes,Accipitridae,Gampsonyx swainsonii,FALSE,FALSE
Insecta,Lepidoptera,Erebidae,Paraethria flavosignata,FALSE,FALSE
Insecta,Lepidoptera,Pieridae,Ganya phaloe sublineata,FALSE,FALSE
Equisetopsida,Alismatales,Araceae,Anthurium pentaphyllum,FALSE,FALSE
Equisetopsida,Malpighiales,Clusiaceae,Garcinia brasiliensis,FALSE,FALSE
Equisetopsida,Malpighiales,Clusiaceae,Garcinia intermedia,FALSE,FALSE
Insecta,Lepidoptera,Saturniidae,Paradaemonia platydesmia,FALSE,FALSE
Equisetopsida,Malpighiales,Clusiaceae,Garcinia macrophylla,FALSE,FALSE
Equisetopsida,Oxalidales,Elaeocarpaceae,Sloanea fragrans,FALSE,FALSE
Insecta,Lepidoptera,Hesperiidae,Paracarystus menestries rona,FALSE,FALSE
Aves,Passeriformes,Tyrannidae,Ochthornis littoralis,FALSE,FALSE
Mammalia,Didelphimorphia,Didelphidae,Marmosops (Marmosops) noctivagus,FALSE,FALSE
Equisetopsida,Malpighiales,Clusiaceae,Garcinia madruno,FALSE,FALSE
Actinopterygii,Characiformes,Characidae,Hyphessobrycon agulha,FALSE,FALSE
Insecta,Lepidoptera,Hesperiidae,Paracarystus hypargyra,FALSE,FALSE
Equisetopsida,Oxalidales,Elaeocarpaceae,Sloanea eichleri,FALSE,FALSE
Insecta,Lepidoptera,Hesperiidae,Papias phainis,FALSE,FALSE
Aves,Apodiformes,Apodidae,Panyptila cayennensis,FALSE,FALSE
Equisetopsida,Gentianales,Apocynaceae,Geissospermum reticulatum,FALSE,FALSE
Equisetopsida,Oxalidales,Elaeocarpaceae,Sloanea durissima,FALSE,FALSE
Insecta,Lepidoptera,Lycaenidae,Panthiades phaleros,FALSE,FALSE
Insecta,Lepidoptera,Lycaenidae,Panthiades bitias,FALSE,FALSE
Insecta,Lepidoptera,Lycaenidae,Panthiades aeolus,FALSE,FALSE
Aves,Charadriiformes,Laridae,Gelochelidon nilotica,FALSE,FALSE
Equisetopsida,Gentianales,Rubiaceae,Genipa americana,FALSE,FALSE
Mammalia,Carnivora,Felidae,Panthera onca,FALSE,FALSE
Insecta,Odonata,Libellulidae,Pantala flavescens,FALSE,FALSE
Insecta,Lepidoptera,Hesperiidae,Panoquina fusina fusina,FALSE,FALSE
Aves,Passeriformes,Thraupidae,Sporophila leucoptera,FALSE,FALSE
Insecta,Lepidoptera,Saturniidae,Hyperchiria nausica,FALSE,FALSE
Equisetopsida,Ranunculales,Menispermaceae,Hyperbaena domingensis,FALSE,FALSE
Equisetopsida,Oxalidales,Elaeocarpaceae,Sloanea brevipes,FALSE,FALSE
Equisetopsida,Arecales,Arecaceae,Geonoma brongniartii,FALSE,FALSE
Equisetopsida,Arecales,Arecaceae,Geonoma deversa,FALSE,FALSE
Aves,Accipitriformes,Pandionidae,Pandion haliaetus,FALSE,FALSE
Equisetopsida,Arecales,Arecaceae,Geonoma maxima subsp. chelidonura,FALSE,FALSE
Equisetopsida,Laurales,Lauraceae,Aiouea napoensis,FALSE,FALSE
Insecta,Lepidoptera,Nymphalidae,Panacea regina,FALSE,FALSE
Equisetopsida,Arecales,Arecaceae,Geonoma occidentalis,FALSE,FALSE
Insecta,Lepidoptera,Nymphalidae,Panacea prola amazonica,FALSE,FALSE
Equisetopsida,Ranunculales,Menispermaceae,Abuta pahnii,FALSE,FALSE
Equisetopsida,Sapindales,Anacardiaceae,Spondias venulosa,FALSE,FALSE
Equisetopsida,Arecales,Arecaceae,Geonoma poeppigiana,FALSE,FALSE
Equisetopsida,Arecales,Arecaceae,Geonoma pohliana subsp. Weddelliana,FALSE,FALSE
Insecta,Lepidoptera,Erebidae,Antichloris eriphia,FALSE,FALSE
Equisetopsida,Arecales,Arecaceae,Geonoma stricta subsp. arundinacea,FALSE,FALSE
Insecta,Lepidoptera,Hesperiidae,Antigonus decens,FALSE,FALSE
Insecta,Lepidoptera,Hesperiidae,Antigonus erosus,FALSE,FALSE
Equisetopsida,Gentianales,Rubiaceae,Geophila cordifolia,FALSE,FALSE
Insecta,Lepidoptera,Hesperiidae,Antigonus nearchus,FALSE,FALSE
Equisetopsida,Gentianales,Rubiaceae,Geophila gracilis,FALSE,FALSE
Insecta,Lepidoptera,Nymphalidae,Antirrhea hela,FALSE,FALSE
Equisetopsida,Gentianales,Rubiaceae,Geophila repens,FALSE,FALSE
Insecta,Lepidoptera,Nymphalidae,Antirrhea philoctetes avernus,FALSE,FALSE
Equisetopsida,Malpighiales,Chrysobalanaceae,Hymenopus heteromorphus,FALSE,FALSE
Equisetopsida,Malpighiales,Chrysobalanaceae,Hymenopus caudatus,FALSE,FALSE
Equisetopsida,Gentianales,Rubiaceae,Palicourea subcuspidata,FALSE,FALSE
Insecta,Lepidoptera,Erebidae,Mesothen pyrrha,FALSE,FALSE
Insecta,Lepidoptera,Nymphalidae,Antirrheat aygetina taygetina,FALSE,FALSE
Aves,Passeriformes,Tyrannidae,Hymenops perspicillatus,FALSE,FALSE
Aves,Passeriformes,Parulidae,Geothlypis aequinoctialis,FALSE,FALSE
Aves,Columbiformes,Columbidae,Geotrygon montana,FALSE,FALSE
Aves,Columbiformes,Columbidae,Geotrygon saphirina,FALSE,FALSE
Insecta,Lepidoptera,Hesperiidae,Aethilla echina echina,FALSE,FALSE
Equisetopsida,Gentianales,Rubiaceae,Palicourea racemosa,FALSE,FALSE
Equisetopsida,Gentianales,Rubiaceae,Palicourea nigricans,FALSE,FALSE
Equisetopsida,Gentianales,Rubiaceae,Palicourea microbotrys,FALSE,FALSE
Equisetopsida,Laurales,Lauraceae,Ocotea aurantiodora,FALSE,FALSE
Aves,Accipitriformes,Accipitridae,Geranospiza caerulescens,FALSE,FALSE
Equisetopsida,Gentianales,Rubiaceae,Palicourea mansoana,FALSE,FALSE
Insecta,Diptera,Asilidae,Glaphyropyga pollinifera,FALSE,FALSE
Aves,Passeriformes,Furnariidae,Sittasomus griseicapillus,FALSE,FALSE
Aves,Strigiformes,Strigidae,Glaucidium brasilianum,FALSE,FALSE
Aves,Strigiformes,Strigidae,Glaucidium hardyi,FALSE,FALSE
Equisetopsida,Gentianales,Rubiaceae,Palicourea justiciifolia,FALSE,FALSE
Aves,Apodiformes,Trochilidae,Glaucis hirsutus,FALSE,FALSE
Mammalia,Chiroptera,Phyllostomidae,Glossophaga soricina,FALSE,FALSE
Aves,Caprimulgiformes,Caprimulgidae,Antrostomus rufus,FALSE,FALSE
Aves,Passeriformes,Thraupidae,Sporophila castaneiventris,FALSE,FALSE
Insecta,Lepidoptera,Pieridae,Glutophrissa drusilla drusilla,FALSE,FALSE
Aves,Caprimulgiformes,Caprimulgidae,Antrostomus sericocaudatus,FALSE,FALSE
Aves,Gruiformes,Rallidae,Anurolimnas castaneiceps,FALSE,FALSE
Equisetopsida,Laurales,Lauraceae,Ocotea bofa,FALSE,FALSE
Equisetopsida,Malpighiales,Euphorbiaceae,Glycydendron amazonicum,FALSE,FALSE
Insecta,Lepidoptera,Nymphalidae,Siproeta stelenes meridionalis,FALSE,FALSE
Insecta,Lepidoptera,Riodinidae,Metacharis lucius,FALSE,FALSE
Equisetopsida,Malvales,Malvaceae,Apeiba glabra,FALSE,FALSE
Equisetopsida,Fabales,Fabaceae,Hymenaea parvifolia,FALSE,FALSE
Aves,Passeriformes,Furnariidae,Glyphorynchus spirurus,FALSE,FALSE
Equisetopsida,Laurales,Lauraceae,Ocotea camphoromoea,FALSE,FALSE
Equisetopsida,Malvales,Malvaceae,Apeiba membranacea,FALSE,FALSE
Equisetopsida,Fabales,Fabaceae,Hymenaea oblongifolia,FALSE,FALSE
Equisetopsida,Malvales,Malvaceae,Apeiba tibourbou,FALSE,FALSE
Actinopterygii,Characiformes,Characidae,Moenkhausia oligolepis,FALSE,FALSE
Equisetopsida,Gentianales,Rubiaceae,Palicourea grandiflora,FALSE,FALSE
Insecta,Lepidoptera,Riodinidae,Metacharis regalis regalis,FALSE,FALSE
Equisetopsida,Fabales,Fabaceae,Hymenaea courbaril,FALSE,FALSE
Equisetopsida,Poales,Poaceae,Hymenachne grandis,FALSE,FALSE
Equisetopsida,Poales,Poaceae,Hymenachne amplexicaulis,FALSE,FALSE
Insecta,Hymenoptera,Formicidae,Gnamptogenys conccina,FALSE,FALSE
Insecta,Hymenoptera,Formicidae,Gnamptogenys horni,FALSE,FALSE
Insecta,Hymenoptera,Formicidae,Gnamptogenys pleurodon,FALSE,FALSE
Equisetopsida,Gnetales,Gnetaceae,Gnetum nodiflorum,FALSE,FALSE
Actinopterygii,Siluriformes,Loricariidae,Aphanotorulus unicolor,FALSE,FALSE
Aves,Passeriformes,Thamnophilidae,Hylophylax punctulatus,FALSE,FALSE
Equisetopsida,Zingiberales,Marantaceae,Goeppertia altissima,FALSE,FALSE
Equisetopsida,Zingiberales,Marantaceae,Goeppertia enclitica,FALSE,FALSE
Mammalia,Didelphimorphia,Didelphidae,Metachirus myosuros,FALSE,FALSE
Equisetopsida,Zingiberales,Marantaceae,Goeppertia poeppigiana,FALSE,FALSE
Equisetopsida,Gentianales,Rubiaceae,Palicourea crocea,FALSE,FALSE
Aves,Passeriformes,Thamnophilidae,Hylophylax naevius,FALSE,FALSE
Equisetopsida,Lamiales,Acanthaceae,Aphelandra aurantiaca,FALSE,FALSE
Equisetopsida,Gentianales,Rubiaceae,Palicourea casiquiaria,FALSE,FALSE
Equisetopsida,Gentianales,Rubiaceae,Palicourea campyloneura,FALSE,FALSE
Equisetopsida,Gentianales,Rubiaceae,Palicourea bracteosa,FALSE,FALSE
Insecta,Lepidoptera,Hesperiidae,Gorgopas trochilus,FALSE,FALSE
Equisetopsida,Lamiales,Acanthaceae,Aphelandra maculata,FALSE,FALSE
Insecta,Lepidoptera,Hesperiidae,Gorgythion begga pyralina,FALSE,FALSE
Aves,Passeriformes,Vireonidae,Hylophilus thoracicus,FALSE,FALSE
Insecta,Odonata,Gomphidae,Aphilla edentata,FALSE,FALSE
Insecta,Lepidoptera,Hesperiidae,Gorgythion beggina escalophoides,FALSE,FALSE
Equisetopsida,Malvales,Malvaceae,Gossypium barbadense,FALSE,FALSE
Insecta,Odonata,Gomphidae,Aphilla producta,FALSE,FALSE
Insecta,Lepidoptera,Lycaenidae,Paiwarria telemus,FALSE,FALSE
Insecta,Lepidoptera,Nymphalidae,Paititia neglecta,FALSE,FALSE
Insecta,Odonata,Gomphidae,Aphilla theodorina,FALSE,FALSE
Actinopterygii,Perciformes,Sciaenidae,Pachyurus schomburgkii,FALSE,FALSE
Aves,Passeriformes,Furnariidae,Hylexetastes stresemanni,FALSE,FALSE
Insecta,Lepidoptera,Riodinidae,Pachythone xanthe,FALSE,FALSE
Aves,Passeriformes,Vireonidae,Pachysylvia hypoxantha,FALSE,FALSE
Insecta,Lepidoptera,Saturniidae,Hylesiopsis festiva,FALSE,FALSE
Equisetopsida,Poales,Poaceae,Guadua weberbaueri,FALSE,FALSE
Equisetopsida,Laurales,Lauraceae,Ocotea leptobotra,FALSE,FALSE
Insecta,Lepidoptera,Saturniidae,Hylesia praeda,FALSE,FALSE
Equisetopsida,Caryophyllales,Nyctaginaceae,Guapira myrtiflora,FALSE,FALSE
Equisetopsida,Sapindales,Meliaceae,Guarea glabra,FALSE,FALSE
Equisetopsida,Sapindales,Meliaceae,Guarea gomma,FALSE,FALSE
Insecta,Lepidoptera,Saturniidae,Hylesia olivenca,FALSE,FALSE
Insecta,Lepidoptera,Pieridae,Aphrissa fluminensis,FALSE,FALSE
Insecta,Lepidoptera,Pieridae,Aphrissa statira statira,FALSE,FALSE
Insecta,Lepidoptera,Saturniidae,Hylesia melanostigma,FALSE,FALSE
Equisetopsida,Sapindales,Meliaceae,Guarea juglandiformis,FALSE,FALSE
Aves,Passeriformes,Tityridae,Pachyramphus validus,FALSE,FALSE
Insecta,Lepidoptera,Hesperiidae,Hylephila phyleus phyleus,FALSE,FALSE
Equisetopsida,Sapindales,Meliaceae,Guarea kunthiana,FALSE,FALSE
Aves,Passeriformes,Tityridae,Pachyramphus polychopterus,FALSE,FALSE
Actinopterygii,Characiformes,Characidae,Aphyocharax pusillus,FALSE,FALSE
Equisetopsida,Sapindales,Meliaceae,Guarea macrophylla,FALSE,FALSE
Aves,Passeriformes,Thraupidae,Sporophila caerulescens,FALSE,FALSE
Aves,Passeriformes,Tityridae,Pachyramphus minor,FALSE,FALSE
Equisetopsida,Magnoliales,Annonaceae,Guatteria blepharophylla,FALSE,FALSE
Actinopterygii,Cichliformes,Cichlidae,Apistogramma luelingi,FALSE,FALSE
Equisetopsida,Zingiberales,Marantaceae,Hylaeanthe hexantha,FALSE,FALSE
Equisetopsida,Magnoliales,Annonaceae,Guatteria campestris,FALSE,FALSE
Equisetopsida,Laurales,Lauraceae,Ocotea oblonga,FALSE,FALSE
Equisetopsida,Magnoliales,Annonaceae,Guatteria citriodora,FALSE,FALSE
Actinopterygii,Cichliformes,Cichlidae,Apistogramma urteagai,FALSE,FALSE
Equisetopsida,Laurales,Lauraceae,Ocotea oblonga subsp. cuprea,FALSE,FALSE
Aves,Passeriformes,Tityridae,Pachyramphus marginatus,FALSE,FALSE
Equisetopsida,Poales,Bromeliaceae,Hylaeaicum eleutheropetalum,FALSE,FALSE
Actinopterygii,Siluriformes,Loricariidae,Apistoloricaria ommation,FALSE,FALSE
Aves,Pelecaniformes,Ardeidae,Agamia agami,FALSE,FALSE
Equisetopsida,Magnoliales,Annonaceae,Guatteria duodecima,FALSE,FALSE
Actinopterygii,Characiformes,Characidae,Moenkhausia lepidura,FALSE,FALSE
Equisetopsida,Magnoliales,Annonaceae,Guatteria elata,FALSE,FALSE
Equisetopsida,Magnoliales,Annonaceae,Guatteria hirsuta,FALSE,FALSE
Equisetopsida,Laurales,Siparunaceae,Siparuna thecaphora,FALSE,FALSE
Aves,Caprimulgiformes,Caprimulgidae,Hydropsalis climacocerca,FALSE,FALSE
Aves,Passeriformes,Tityridae,Pachyramphus castaneus,FALSE,FALSE
Actinopterygii,Characiformes,Cynodontidae,Hydrolycus pectoralis,FALSE,FALSE
Equisetopsida,Magnoliales,Annonaceae,Guatteria meliodora,FALSE,FALSE
Equisetopsida,Magnoliales,Annonaceae,Guatteria punctata,FALSE,FALSE
Equisetopsida,Magnoliales,Annonaceae,Guatteria ramiflora,FALSE,FALSE
Equisetopsida,Magnoliales,Annonaceae,Guatteria schomburgkiana,FALSE,FALSE
Equisetopsida,Lamiales,Bignoniaceae,Pachyptera kerere,FALSE,FALSE
Actinopterygii,Perciformes,Sciaenidae,Pachypops fourcroi,FALSE,FALSE
Equisetopsida,Gentianales,Rubiaceae,Appunia odontocalyx,FALSE,FALSE
Equisetopsida,Magnoliales,Annonaceae,Guatteria scytophylla,FALSE,FALSE
Insecta,Lepidoptera,Hesperiidae,Pachyneuria lineatopunctata lineatopunctata,FALSE,FALSE
Insecta,Lepidoptera,Hesperiidae,Pachyneuria herophile,FALSE,FALSE
Equisetopsida,Laurales,Lauraceae,Ocotea puberula,FALSE,FALSE
Equisetopsida,Magnoliales,Annonaceae,Guatteria ucayalina,FALSE,FALSE
Insecta,Lepidoptera,Sphingidae,Pachyliodes resumens,FALSE,FALSE
Equisetopsida,Malvales,Malvaceae,Guazuma crinita,FALSE,FALSE
Insecta,Odonata,Coenagrionidae,Metaleptobasis manicaria,FALSE,FALSE
Equisetopsida,Laurales,Lauraceae,Ocotea rhodophylla,FALSE,FALSE
Equisetopsida,Laurales,Lauraceae,Ocotea rubrinervis,FALSE,FALSE
Equisetopsida,Laurales,Siparunaceae,Siparuna subinodora,FALSE,FALSE
Equisetopsida,Malvales,Malvaceae,Guazuma ulmifolia,FALSE,FALSE
Equisetopsida,Malvales,Malvaceae,Pachira insignis,FALSE,FALSE
Equisetopsida,Cucurbitales,Cucurbitaceae,Gurania acuminata,FALSE,FALSE
Insecta,Lepidoptera,Hesperiidae,Paches exosa,FALSE,FALSE
Equisetopsida,Cucurbitales,Cucurbitaceae,Gurania lobata,FALSE,FALSE
Actinopterygii,Characiformes,Characidae,Moenkhausia dichroura,FALSE,FALSE
Equisetopsida,Cucurbitales,Cucurbitaceae,Gurania sinuata,FALSE,FALSE
Insecta,Lepidoptera,Nymphalidae,Metamorpha elissa elissa,FALSE,FALSE
Equisetopsida,Fabales,Fabaceae,Apuleia leiocarpa,FALSE,FALSE
Equisetopsida,Ericales,Lecythidaceae,Gustavia augusta,FALSE,FALSE
Insecta,Lepidoptera,Saturniidae,Oxytenis naemia naemia,FALSE,FALSE
Equisetopsida,Fabales,Fabaceae,Hydrochorea corymbosa,FALSE,FALSE
Insecta,Coleoptera,Scarabaeidae,Oxysternon conspicillatum,FALSE,FALSE
Aves,Passeriformes,Oxyruncidae,Oxyruncus cristatus,FALSE,FALSE
Actinopterygii,Characiformes,Characidae,Gymnocorymbus ternetzi,FALSE,FALSE
Equisetopsida,Laurales,Siparunaceae,Siparuna sessiliflora,FALSE,FALSE
Mammalia,Rodentia,Caviidae,Hydrochoerus hydrochaeris,FALSE,FALSE
Actinopterygii,Characiformes,Characidae,Gymnocorymbus thayeri,FALSE,FALSE
Aves,Passeriformes,Cotingidae,Gymnoderus foetidus,FALSE,FALSE
Actinopterygii,Gymnotiformes,Rhamphichthyidae,Gymnorhamphichthys hypostomus,FALSE,FALSE
Insecta,Lepidoptera,Hesperiidae,Oxynthes corusca,FALSE,FALSE
Actinopterygii,Gymnotiformes,Gymnotidae,Gymnotus carapo,FALSE,FALSE
Aves,Passeriformes,Icteridae,Agelasticus xanthophthalmus,FALSE,FALSE
Insecta,Coleoptera,Carabidae,Oxychila strandi,FALSE,FALSE
Insecta,Coleoptera,Carabidae,Oxychila germaini,FALSE,FALSE
Actinopterygii,Gymnotiformes,Gymnotidae,Gymnotus coropinae,FALSE,FALSE
Insecta,Odonata,Aeshnidae,Gynacantha auricularis,FALSE,FALSE
Insecta,Odonata,Aeshnidae,Gynacantha gracilis,FALSE,FALSE
Insecta,Odonata,Aeshnidae,Gynacantha interioris,FALSE,FALSE
Insecta,Odonata,Aeshnidae,Gynacantha klagesi,FALSE,FALSE
Insecta,Odonata,Aeshnidae,Gynacantha membranalis,FALSE,FALSE
Equisetopsida,Magnoliales,Annonaceae,Oxandra xylopioides,FALSE,FALSE
Insecta,Odonata,Aeshnidae,Gynacantha mexicana,FALSE,FALSE
Insecta,Odonata,Aeshnidae,Gynacantha nervosa,FALSE,FALSE
Insecta,Odonata,Aeshnidae,Gynacantha tenuis,FALSE,FALSE
Aves,Passeriformes,Thraupidae,Sporophila bouvronides,FALSE,FALSE
Equisetopsida,Magnoliales,Annonaceae,Oxandra riedeliana,FALSE,FALSE
Equisetopsida,Magnoliales,Annonaceae,Oxandra polyantha,FALSE,FALSE
Equisetopsida,Magnoliales,Annonaceae,Oxandra mediocris,FALSE,FALSE
Actinopterygii,Siluriformes,Auchenipteridae,Ageneiosus brevifilis,FALSE,FALSE
Equisetopsida,Magnoliales,Annonaceae,Oxandra espintana,FALSE,FALSE
Insecta,Lepidoptera,Erebidae,Hyda basilutea,FALSE,FALSE
Equisetopsida,Asparagales,Orchidaceae,Habenaria sartor,FALSE,FALSE
Aves,Passeriformes,Cardinalidae,Habia rubica,FALSE,FALSE
Mammalia,Rodentia,Sciuridae,Hadrosciurus ignitus,FALSE,FALSE
Insecta,Lepidoptera,Hesperiidae,Hyalothyrus leucomelas,FALSE,FALSE
Mammalia,Rodentia,Sciuridae,Hadrosciurus spadiceus,FALSE,FALSE
Insecta,Lepidoptera,Hesperiidae,Haemactis sanguinalis,FALSE,FALSE
Insecta,Lepidoptera,Erebidae,Haematerion ceres,FALSE,FALSE
Insecta,Lepidoptera,Erebidae,Haematerion flavicincta,FALSE,FALSE
Equisetopsida,Malpighiales,Ochnaceae,Ouratea williamsii,FALSE,FALSE
Insecta,Lepidoptera,Erebidae,Haematerion ophion,FALSE,FALSE
Insecta,Lepidoptera,Erebidae,Hyaleucerea vulnerata,FALSE,FALSE
Actinopterygii,Siluriformes,Auchenipteridae,Ageneiosus ucayalensis,FALSE,FALSE
Insecta,Lepidoptera,Erebidae,Hyaleucerea lemoulti,FALSE,FALSE
Equisetopsida,Gentianales,Apocynaceae,Odontadenia anomala,FALSE,FALSE
Aves,Psittaciformes,Psittacidae,Ara ararauna,FALSE,FALSE
Equisetopsida,Malpighiales,Ochnaceae,Ouratea iquitosensis,FALSE,FALSE
Equisetopsida,Laurales,Siparunaceae,Siparuna guianensis,FALSE,FALSE
Insecta,Lepidoptera,Erebidae,Hyaleucerea gigantea,FALSE,FALSE
Equisetopsida,Gentianales,Apocynaceae,Odontadenia laxiflora,FALSE,FALSE
Insecta,Lepidoptera,Erebidae,Hyaleucerea fusiformis,FALSE,FALSE
Insecta,Lepidoptera,Erebidae,Hyaleucerea erythrotelus,FALSE,FALSE
Aves,Psittaciformes,Psittacidae,Ara chloropterus,FALSE,FALSE
Equisetopsida,Malpighiales,Euphorbiaceae,Hura crepitans,FALSE,FALSE
Equisetopsida,Malpighiales,Ochnaceae,Ouratea castaneifolia,FALSE,FALSE
Aves,Passeriformes,Thamnophilidae,Akletos goeldii,FALSE,FALSE
Insecta,Lepidoptera,Hesperiidae,Ouleus juxta juxta,FALSE,FALSE
Insecta,Lepidoptera,Hesperiidae,Ouleus accedens noctis,FALSE,FALSE
Actinopterygii,Siluriformes,Loricariidae,Otocinclus vittatus,FALSE,FALSE
Actinopterygii,Siluriformes,Loricariidae,Otocinclus cocama,FALSE,FALSE
Insecta,Lepidoptera,Nymphalidae,Haetera piera pakitza,FALSE,FALSE
Aves,Passeriformes,Thamnophilidae,Hafferia fortis,FALSE,FALSE
Equisetopsida,Magnoliales,Myristicaceae,Otoba parvifolia,FALSE,FALSE
Insecta,Lepidoptera,Saturniidae,Othorene purpurascens,FALSE,FALSE
Insecta,Lepidoptera,Saturniidae,Othorene bodeva,FALSE,FALSE
Insecta,Lepidoptera,Nymphalidae,Hamadryas amphinome amphinome,FALSE,FALSE
Insecta,Lepidoptera,Nymphalidae,Hamadryas chloe chloe,FALSE,FALSE
Insecta,Lepidoptera,Erebidae,Metastatia chrysorrhoea,FALSE,FALSE
Insecta,Lepidoptera,Nymphalidae,Hamadryas iphthime iphthime,FALSE,FALSE
Insecta,Lepidoptera,Nymphalidae,Hamadryas laodamia laodamia,FALSE,FALSE
Equisetopsida,Laurales,Siparunaceae,Siparuna decipiens,FALSE,FALSE
Insecta,Coleoptera,Carabidae,Odontocheila annulicornis,FALSE,FALSE
Insecta,Coleoptera,Carabidae,Odontocheila cayennensis rufipes,FALSE,FALSE
Insecta,Coleoptera,Carabidae,Odontocheila chrysis,FALSE,FALSE
Insecta,Coleoptera,Carabidae,Odontocheila confusa,FALSE,FALSE
Insecta,Coleoptera,Carabidae,Odontocheila cyanella,FALSE,FALSE
Insecta,Coleoptera,Carabidae,Odontocheila ignita,FALSE,FALSE
Insecta,Coleoptera,Carabidae,Odontocheila luridipes,FALSE,FALSE
Insecta,Coleoptera,Carabidae,Odontocheila margineguttata aegra,FALSE,FALSE
Insecta,Coleoptera,Carabidae,Odontocheila ventralis,FALSE,FALSE
Equisetopsida,Gentianales,Rubiaceae,Hamelia axillaris,FALSE,FALSE
Equisetopsida,Malpighiales,Humiriaceae,Humiriastrum excelsum,FALSE,FALSE
Actinopterygii,Cyprinodontiformes,Rivulidae,Moema ortegai,FALSE,FALSE
Equisetopsida,Lamiales,Bignoniaceae,Handroanthus capitatus,FALSE,FALSE
Equisetopsida,Magnoliales,Myristicaceae,Osteophloeum platyspermum,FALSE,FALSE
Equisetopsida,Lamiales,Bignoniaceae,Handroanthus incanus,FALSE,FALSE
Equisetopsida,Malpighiales,Calophyllaceae,Marila laxiflora,FALSE,FALSE
Equisetopsida,Lamiales,Bignoniaceae,Handroanthus serratifolius,FALSE,TRUE
Aves,Psittaciformes,Psittacidae,Ara macao,FALSE,FALSE
Insecta,Lepidoptera,Hesperiidae,Hansa devergens devergens,FALSE,FALSE
Equisetopsida,Laurales,Siparunaceae,Siparuna cuspidata,FALSE,FALSE
Insecta,Hymenoptera,Ichneumonidae,Hapsinotus guntheri,FALSE,FALSE
Equisetopsida,Malvales,Malvaceae,Huberodendron swietenioides,FALSE,FALSE
Insecta,Hymenoptera,Ichneumonidae,Hapsinotus killa,FALSE,FALSE
Insecta,Lepidoptera,Nymphalidae,Harjesia blanda,FALSE,FALSE
Insecta,Lepidoptera,Nymphalidae,Harjesia obscura,FALSE,FALSE
Insecta,Lepidoptera,Nymphalidae,Harjesia oreba,FALSE,FALSE
Equisetopsida,Fabales,Fabaceae,Harleyodendron unifoliolatum,FALSE,FALSE
Aves,Accipitriformes,Accipitridae,Harpagus bidentatus,FALSE,FALSE
Aves,Gruiformes,Rallidae,Aramides cajaneus,FALSE,FALSE
Mammalia,Chiroptera,Phyllostomidae,Hsunycteris thomasi,FALSE,FALSE
Aves,Accipitriformes,Accipitridae,Harpia harpyja,FALSE,TRUE
Equisetopsida,Fabales,Fabaceae,Osodendron altissimum,FALSE,FALSE
Equisetopsida,Laurales,Siparunaceae,Siparuna cristata,FALSE,FALSE
Equisetopsida,Malpighiales,Salicaceae,Hasseltia floribunda,FALSE,FALSE
Insecta,Lepidoptera,Erebidae,Osmocneme bracata,FALSE,FALSE
Equisetopsida,Solanales,Solanaceae,Hawkesiophyton ulei,FALSE,FALSE
Equisetopsida,Caryophyllales,Amaranthaceae,Hebanthe grandiflora,FALSE,FALSE
Equisetopsida,Malpighiales,Linaceae,Hebepetalum humiriifolium,FALSE,FALSE
Insecta,Lepidoptera,Nymphalidae,Ortilia gentina,FALSE,FALSE
Equisetopsida,Zingiberales,Zingiberaceae,Hedychium coronarium,FALSE,FALSE
Insecta,Lepidoptera,Hesperiidae,Orthos trinca,FALSE,FALSE
Equisetopsida,Laurales,Siparunaceae,Siparuna cervicornis,FALSE,FALSE
Actinopterygii,Characiformes,Erythrinidae,Hoplias malabaricus,FALSE,FALSE
Insecta,Lepidoptera,Hesperiidae,Orthos potesta,FALSE,FALSE
Insecta,Lepidoptera,Hesperiidae,Orthos orthos orthos,FALSE,FALSE
Equisetopsida,Laurales,Siparunaceae,Siparuna bifida,FALSE,FALSE
Equisetopsida,Sapindales,Simaroubaceae,Homalolepis paraensis,FALSE,FALSE
Equisetopsida,Malpighiales,Salicaceae,Homalium guianense,FALSE,FALSE
Insecta,Diptera,Asilidae,Holcocephala rufithorax,FALSE,FALSE
Insecta,Diptera,Asilidae,Holcocephala oculata,FALSE,FALSE
Aves,Psittaciformes,Psittacidae,Orthopsittaca manilatus,FALSE,FALSE
Aves,Galliformes,Odontophoridae,Odontophorus stellatus,FALSE,FALSE
Equisetopsida,Santalales,Olacaceae,Heisteria acuminata,FALSE,FALSE
Insecta,Diptera,Asilidae,Holcocephala luteipes,FALSE,FALSE
Equisetopsida,Poales,Poaceae,Orthoclada laxa,FALSE,FALSE
Equisetopsida,Santalales,Olacaceae,Heisteria duckei,FALSE,FALSE
Insecta,Odonata,Libellulidae,Orthemis regalis,FALSE,FALSE
Insecta,Odonata,Libellulidae,Orthemis ferruginea,FALSE,FALSE
Insecta,Odonata,Libellulidae,Orthemis cultriformis,FALSE,FALSE
Insecta,Odonata,Libellulidae,Orthemis concolor,FALSE,FALSE
Insecta,Odonata,Libellulidae,Orthemis biolleyi,FALSE,FALSE
Insecta,Odonata,Libellulidae,Orthemis aequilibris,FALSE,FALSE
Equisetopsida,Santalales,Olacaceae,Heisteria nitida,FALSE,FALSE
Equisetopsida,Santalales,Olacaceae,Heisteria ovata,FALSE,FALSE
Equisetopsida,Santalales,Olacaceae,Heisteria spruceana,FALSE,FALSE
Equisetopsida,Gentianales,Gentianaceae,Helia alata,FALSE,FALSE
Aves,Galliformes,Cracidae,Ortalis guttata,FALSE,FALSE
Insecta,Lepidoptera,Hesperiidae,Helias phalaenoides phalaenoides,FALSE,FALSE
Aves,Accipitriformes,Accipitridae,Helicolestes hamatus,FALSE,FALSE
Actinopterygii,Characiformes,Characidae,Odontostilbe fugitiva,FALSE,FALSE
Equisetopsida,Zingiberales,Heliconiaceae,Heliconia acuminata subsp. Immaculata,TRUE,FALSE
Insecta,Lepidoptera,Hesperiidae,Orses cynisca,FALSE,FALSE
Insecta,Lepidoptera,Hesperiidae,Orphe vatinius,FALSE,FALSE
Insecta,Lepidoptera,Hesperiidae,Orphe gerasa,FALSE,FALSE
Insecta,Lepidoptera,Nymphalidae,Historis odius dious,FALSE,FALSE
Insecta,Lepidoptera,Nymphalidae,Historis acheronta acheronta,FALSE,FALSE
Equisetopsida,Zingiberales,Heliconiaceae,Heliconia episcopalis,FALSE,FALSE
Equisetopsida,Zingiberales,Heliconiaceae,Heliconia marginata,FALSE,FALSE
Insecta,Lepidoptera,Erebidae,Histioca proserpína,FALSE,FALSE
Equisetopsida,Zingiberales,Heliconiaceae,Heliconia metallica,FALSE,FALSE
Equisetopsida,Zingiberales,Heliconiaceae,Heliconia schumanniana,FALSE,FALSE
Aves,Passeriformes,Hirundinidae,Hirundo rustica,FALSE,FALSE
Aves,Gruiformes,Aramidae,Aramus guarauna,FALSE,FALSE
Equisetopsida,Zingiberales,Heliconiaceae,Heliconia spatho-circinata,FALSE,FALSE
Equisetopsida,Laurales,Siparunaceae,Siparuna aspera,FALSE,FALSE
Equisetopsida,Zingiberales,Heliconiaceae,Heliconia stricta,FALSE,FALSE
Mammalia,Rodentia,Cricetidae,Oecomys bicolor,FALSE,FALSE
Equisetopsida,Asparagales,Orchidaceae,Ornithocephalus bicornis,FALSE,FALSE
Aves,Passeriformes,Tyrannidae,Ornithion inerme,FALSE,FALSE
Aves,Psittaciformes,Psittacidae,Ara severus,FALSE,FALSE
Insecta,Lepidoptera,Nymphalidae,Heliconius burneyi keonigi,FALSE,FALSE
Insecta,Lepidoptera,Nymphalidae,Heliconius demeter tambopata,FALSE,FALSE
Aves,Psittaciformes,Psittacidae,Aratinga weddellii,FALSE,FALSE
Insecta,Lepidoptera,Nymphalidae,Heliconius elevatus lapis,FALSE,FALSE
Insecta,Lepidoptera,Nymphalidae,Heliconius erato luscombei,FALSE,FALSE
Insecta,Lepidoptera,Nymphalidae,Heliconius hecale sisyphus,FALSE,FALSE
Insecta,Lepidoptera,Nymphalidae,Heliconius leucadia,FALSE,FALSE
Insecta,Lepidoptera,Nymphalidae,Heliconius melpomene schunkei,FALSE,FALSE
Insecta,Lepidoptera,Nymphalidae,Heliconius numata lyrcaeus,FALSE,FALSE
Equisetopsida,Fabales,Fabaceae,Ormosia panamensis,FALSE,FALSE
Insecta,Lepidoptera,Nymphalidae,Heliconius pardalinus macon,FALSE,FALSE
Insecta,Lepidoptera,Nymphalidae,Heliconius sara thamar,FALSE,FALSE
Insecta,Lepidoptera,Nymphalidae,Heliconius wallacei flavescens,FALSE,FALSE
Equisetopsida,Malpighiales,Chrysobalanaceae,Hirtella triandra subsp. triandra,FALSE,FALSE
Equisetopsida,Malpighiales,Chrysobalanaceae,Hirtella triandra,FALSE,FALSE
Insecta,Lepidoptera,Nymphalidae,Heliconius xanthocles quindecim,FALSE,FALSE
Equisetopsida,Malvales,Muntingiaceae,Muntingia calabura,FALSE,FALSE
Insecta,Lepidoptera,Lycaenidae,Arawacus separata,FALSE,FALSE
Equisetopsida,Fabales,Fabaceae,Ormosia bopiensis,FALSE,FALSE
Equisetopsida,Fabales,Fabaceae,Ormosia amazonica,FALSE,FALSE
Insecta,Lepidoptera,Lycaenidae,Arcas imperialis,FALSE,FALSE
Equisetopsida,Malpighiales,Chrysobalanaceae,Hirtella racemosa var. racemosa,FALSE,FALSE
Equisetopsida,Malpighiales,Chrysobalanaceae,Hirtella racemosa,FALSE,FALSE
Equisetopsida,Rosales,Moraceae,Helicostylis tomentosa,FALSE,FALSE
Equisetopsida,Malvales,Malvaceae,Heliocarpus americanus,FALSE,FALSE
Equisetopsida,Malpighiales,Chrysobalanaceae,Hirtella pilosissima,FALSE,FALSE
Insecta,Lepidoptera,Lycaenidae,Arcas tuneta,FALSE,FALSE
Equisetopsida,Malpighiales,Chrysobalanaceae,Hirtella hispidula,FALSE,FALSE
Insecta,Lepidoptera,Nymphalidae,Archaeoprepona amphimachus symaithus,FALSE,FALSE
Equisetopsida,Arecales,Arecaceae,Oenocarpus bataua,FALSE,FALSE
Equisetopsida,Malpighiales,Phyllanthaceae,Margaritaria nobilis,FALSE,FALSE
Equisetopsida,Malpighiales,Chrysobalanaceae,Hirtella gracilipes,FALSE,FALSE
Equisetopsida,Malpighiales,Chrysobalanaceae,Hirtella excelsa,FALSE,FALSE
Insecta,Lepidoptera,Nymphalidae,Archaeoprepona demophon andicola,FALSE,FALSE
Insecta,Odonata,Dicteriastidae,Heliocharis libera,FALSE,FALSE
Equisetopsida,Malpighiales,Chrysobalanaceae,Hirtella bullata,FALSE,FALSE
Aves,Apodiformes,Trochilidae,Heliodoxa aurescens,FALSE,FALSE
Equisetopsida,Malpighiales,Malpighiaceae,Hiraea fagifolia,FALSE,FALSE
Equisetopsida,Arecales,Arecaceae,Oenocarpus mapora,FALSE,FALSE
Equisetopsida,Laurales,Lauraceae,Aiouea montana,FALSE,FALSE
Insecta,Lepidoptera,Nymphalidae,Archaeoprepona demophon muson,FALSE,FALSE
Aves,Anseriformes,Anatidae,Oressochen jubatus,FALSE,TRUE
Aves,Apodiformes,Trochilidae,Heliomaster longirostris,FALSE,FALSE
Aves,Gruiformes,Heliornithidae,Heliornis fulica,FALSE,FALSE
Aves,Apodiformes,Trochilidae,Heliothryx auritus,FALSE,FALSE
Equisetopsida,Boraginales,Heliotropiaceae,Heliotropium angustiflorum,FALSE,FALSE
Insecta,Lepidoptera,Erebidae,Heliura cadroe,FALSE,FALSE
Insecta,Lepidoptera,Erebidae,Heliura maricum,FALSE,FALSE
Insecta,Lepidoptera,Erebidae,Heliura phaeosoma,FALSE,FALSE
Equisetopsida,Celastrales,Celastraceae,Hippocratea volubilis,FALSE,FALSE
Insecta,Lepidoptera,Erebidae,Heliura postcoeruleum,FALSE,FALSE
Insecta,Lepidoptera,Nymphalidae,Archaeoprepona licomedes,FALSE,FALSE
Insecta,Lepidoptera,Erebidae,Heliura rhodophila,FALSE,FALSE
Insecta,Lepidoptera,Erebidae,Heliura semihyalina,FALSE,FALSE
Insecta,Lepidoptera,Erebidae,Heliura stolli,FALSE,FALSE
Insecta,Lepidoptera,Erebidae,Heliura valdiviai,FALSE,FALSE
Insecta,Lepidoptera,Erebidae,Heliura zonata,FALSE,FALSE
Actinopterygii,Siluriformes,Cetopsidae,Helogenes marmoratus,FALSE,FALSE
Actinopterygii,Characiformes,Characidae,Hemigrammus unilineatus,FALSE,FALSE
Insecta,Lepidoptera,Erebidae,Orcynia calcarata,FALSE,FALSE
Aves,Passeriformes,Thraupidae,Sporophila angolensis,FALSE,FALSE
Insecta,Lepidoptera,Nymphalidae,Opsiphanes quiteria quaestor,FALSE,FALSE
Aves,Passeriformes,Thraupidae,Hemithraupis flavicollis,FALSE,FALSE
Insecta,Lepidoptera,Nymphalidae,Opsiphanes invirae amplificatus,FALSE,FALSE
Insecta,Lepidoptera,Nymphalidae,Opsiphanes cassiae crameri,FALSE,FALSE
Aves,Passeriformes,Parulidae,Oporornis agilis,FALSE,FALSE
Aves,Passeriformes,Thraupidae,Hemithraupis guira,FALSE,FALSE
Insecta,Lepidoptera,Nymphalidae,Opoptera aorsa hilara,FALSE,FALSE
Aves,Passeriformes,Tyrannidae,Hemitriccus flammulatus,FALSE,FALSE
Equisetopsida,Asparagales,Amaryllidaceae,Hippeastrum puniceum,FALSE,FALSE
Aves,Opisthocomiformes,Opisthocomidae,Opisthocomus hoazin,FALSE,FALSE
Insecta,Diptera,Asilidae,Oidardis gibbosa,FALSE,FALSE
Aves,Passeriformes,Tyrannidae,Hemitriccus griseipectus,FALSE,FALSE
Insecta,Lepidoptera,Hesperiidae,Oileides azines,FALSE,FALSE
Aves,Passeriformes,Tyrannidae,Hemitriccus iohannis,FALSE,FALSE
Aves,Passeriformes,Tyrannidae,Hemitriccus rufigularis,FALSE,FALSE
Aves,Passeriformes,Tyrannidae,Hemitriccus striaticollis,FALSE,FALSE
Aves,Passeriformes,Tyrannidae,Hemitriccus zosterops,FALSE,FALSE
Insecta,Lepidoptera,Nymphalidae,Archaeoprepona meander megabates,FALSE,FALSE
Equisetopsida,Myrtales,Melastomataceae,Henriettea fascicularis,FALSE,FALSE
Insecta,Lepidoptera,Papilionidae,Heraclides anchisiades anchisiades,FALSE,FALSE
Equisetopsida,Gentianales,Apocynaceae,Himatanthus sucuuba,FALSE,FALSE
Equisetopsida,Gentianales,Rubiaceae,Oldenlandia lancifolia,FALSE,FALSE
Insecta,Lepidoptera,Papilionidae,Heraclides androgeus androgeus,FALSE,FALSE
Equisetopsida,Gentianales,Apocynaceae,Himatanthus articulatus,FALSE,FALSE
Insecta,Lepidoptera,Papilionidae,Heraclides chiansiades chiansiades,FALSE,FALSE
Insecta,Lepidoptera,Papilionidae,Heraclides thoas cinyras,FALSE,FALSE
Insecta,Lepidoptera,Papilionidae,Heraclides torquatus torquatus,FALSE,FALSE
Insecta,Lepidoptera,Erebidae,Herea prittwitzi,FALSE,FALSE
Insecta,Lepidoptera,Nymphalidae,Hermeuptychia hermes,FALSE,FALSE
Equisetopsida,Sapindales,Simaroubaceae,Simarouba amara,FALSE,FALSE
Aves,Passeriformes,Onychorhynchidae,Onychorhynchus coronatus,FALSE,TRUE
Aves,Falconiformes,Falconidae,Herpetotheres cachinnans,FALSE,FALSE
Equisetopsida,Magnoliales,Annonaceae,Onychopetalum periquino,FALSE,FALSE
Insecta,Coleoptera,Scarabaeidae,Onthophagus haematopus,FALSE,FALSE
Aves,Passeriformes,Thamnophilidae,Herpsilochmus frater,FALSE,FALSE
Insecta,Lepidoptera,Nymphalidae,Oleria didymaea didymaea,FALSE,FALSE
Insecta,Lepidoptera,Hesperiidae,Onophas columbaria flossites,FALSE,FALSE
Aves,Passeriformes,Thamnophilidae,Oneillornis salvini,FALSE,FALSE
Equisetopsida,Malvales,Malvaceae,Herrania nitida,FALSE,FALSE
Equisetopsida,Sapindales,Simaroubaceae,Simaba polyphylla,FALSE,FALSE
Insecta,Odonata,Calopterygidae,Hetaerina papavarina,FALSE,FALSE
Insecta,Odonata,Calopterygidae,Hetaerina rosea,FALSE,FALSE
Insecta,Lepidoptera,Erebidae,Heterodontia cardinale,FALSE,FALSE
Insecta,Lepidoptera,Erebidae,Heterodontia haematica,FALSE,FALSE
Insecta,Lepidoptera,Erebidae,Heterodontia mediana,FALSE,FALSE
Insecta,Lepidoptera,Nymphalidae,Oleria onega lentita,FALSE,FALSE
Aves,Pelecaniformes,Ardeidae,Ardea alba,FALSE,FALSE
Equisetopsida,Alismatales,Araceae,Heteropsis flexuosa,FALSE,FALSE
Equisetopsida,Alismatales,Araceae,Heteropsis oblongifolia,FALSE,FALSE
Equisetopsida,Malpighiales,Malpighiaceae,Heteropterys cristata,FALSE,FALSE
Insecta,Lepidoptera,Nymphalidae,Oleria ramona calatha,FALSE,FALSE
Equisetopsida,Malpighiales,Euphorbiaceae,Omphalea diandra,FALSE,FALSE
Insecta,Lepidoptera,Nymphalidae,Oleria victorine victorine,FALSE,FALSE
Insecta,Lepidoptera,Nymphalidae,Heterosais nephele nephele,FALSE,FALSE
Insecta,Lepidoptera,Hesperiidae,Methionopsis dolor,FALSE,FALSE
Insecta,Odonata,Libellulidae,Oligoclada pachystigma,FALSE,FALSE
Insecta,Odonata,Libellulidae,Oligoclada stenoptera,FALSE,FALSE
Equisetopsida,Malpighiales,Euphorbiaceae,Hevea brasiliensis,FALSE,FALSE
Equisetopsida,Poales,Poaceae,Olyra latifolia,FALSE,FALSE
Equisetopsida,Malpighiales,Euphorbiaceae,Hevea guianensis,FALSE,FALSE
Equisetopsida,Poales,Poaceae,Olyra caudata,FALSE,FALSE
Insecta,Lepidoptera,Lycaenidae,Olynthus obsoleta,FALSE,FALSE
Equisetopsida,Malvales,Malvaceae,Hibiscus sororius,FALSE,FALSE
Equisetopsida,Malpighiales,Phyllanthaceae,Hieronyma alchorneoides,FALSE,FALSE
Mammalia,Rodentia,Cricetidae,Oligoryzomys microtis,FALSE,FALSE
Equisetopsida,Malpighiales,Phyllanthaceae,Hieronyma oblonga,FALSE,FALSE
Insecta,Lepidoptera,Lycaenidae,Siderus parvinotus,FALSE,FALSE
Insecta,Lepidoptera,Lycaenidae,Siderus metanira,FALSE,FALSE
Insecta,Lepidoptera,Lycaenidae,Siderus leucophaeus,FALSE,FALSE
Insecta,Lepidoptera,Lycaenidae,Siderus athymbra,FALSE,FALSE
Insecta,Lepidoptera,Nymphalidae,Siderone galanthis thehais,FALSE,FALSE
Aves,Pelecaniformes,Ardeidae,Ardea cocoi,FALSE,FALSE
Equisetopsida,Ericales,Primulaceae,Ardisia guianensis,FALSE,FALSE
Equisetopsida,Ericales,Primulaceae,Ardisia guyanensis,FALSE,FALSE
Insecta,Odonata,Coenagrionidae,Argentagrion nepos,FALSE,FALSE
Insecta,Lepidoptera,Hesperiidae,Methionopsis ina,FALSE,FALSE
Insecta,Lepidoptera,Nymphalidae,Methona confua psamathe,FALSE,FALSE
Equisetopsida,Ericales,Marcgraviaceae,Marcgravia crenata,FALSE,FALSE
Insecta,Odonata,Coenagrionidae,Argia mollusca,FALSE,FALSE
Insecta,Odonata,Coenagrionidae,Argia oculata,FALSE,FALSE
Equisetopsida,Piperales,Aristolochiaceae,Aristolochia pilosa,FALSE,FALSE
Insecta,Lepidoptera,Nymphalidae,Methona curvifascia,FALSE,FALSE
Insecta,Odonata,Calopterygidae,Mnesarete cupraea,FALSE,FALSE
Insecta,Lepidoptera,Hesperiidae,Arita arita,FALSE,FALSE
Insecta,Lepidoptera,Hesperiidae,Aroma aroma,FALSE,FALSE
Aves,Passeriformes,Parulidae,Setophaga striata,FALSE,FALSE
Aves,Passeriformes,Parulidae,Setophaga pitiayumi,FALSE,FALSE
Aves,Passeriformes,Passerellidae,Arremon taciturnus,FALSE,FALSE
Equisetopsida,Rosales,Moraceae,Maquira guianensis,FALSE,FALSE
Insecta,Lepidoptera,Saturniidae,Arsenura albopicta,FALSE,FALSE
Insecta,Lepidoptera,Saturniidae,Arsenura batesii batesii,FALSE,FALSE
Insecta,Lepidoptera,Saturniidae,Arsenura ciocolatina,FALSE,FALSE
Mammalia,Chiroptera,Phyllostomidae,Artibeus aequatorialis,FALSE,FALSE
Aves,Caprimulgiformes,Caprimulgidae,Setopagis parvula,FALSE,FALSE
Mammalia,Chiroptera,Phyllostomidae,Artibeus anderseni,FALSE,FALSE
Equisetopsida,Rosales,Moraceae,Maquira coriacea,FALSE,FALSE
Equisetopsida,Rosales,Moraceae,Maquira calophylla,FALSE,FALSE
Insecta,Odonata,Calopterygidae,Mnesarete aenea,FALSE,FALSE
Equisetopsida,Poales,Poaceae,Setaria parviflora,FALSE,FALSE
Insecta,Lepidoptera,Riodinidae,Setabis velutina,FALSE,FALSE
Insecta,Lepidoptera,Riodinidae,Setabis pythioides,FALSE,FALSE
Insecta,Lepidoptera,Riodinidae,Setabis flammula,FALSE,FALSE
Insecta,Lepidoptera,Riodinidae,Setabis epitus epiphanis,FALSE,FALSE
Insecta,Lepidoptera,Riodinidae,Setabis cruentata,FALSE,FALSE
Mammalia,Chiroptera,Phyllostomidae,Artibeus lituratus,FALSE,FALSE
Insecta,Lepidoptera,Hesperiidae,Mnasitheus chrysophrys,FALSE,FALSE
Insecta,Lepidoptera,Erebidae,Sesiura smaragdina,FALSE,FALSE
Mammalia,Chiroptera,Phyllostomidae,Artibeus obscurus,FALSE,FALSE
Equisetopsida,Lamiales,Bignoniaceae,Mansoa verrucifera,FALSE,FALSE
Insecta,Lepidoptera,Hesperiidae,Mnasilus allubita,FALSE,FALSE
Insecta,Lepidoptera,Hesperiidae,Artines focus,FALSE,FALSE
Insecta,Lepidoptera,Hesperiidae,Mnaseas bicolor inca,FALSE,FALSE
Equisetopsida,Lamiales,Bignoniaceae,Mansoa standleyi,FALSE,FALSE
Insecta,Lepidoptera,Hesperiidae,Artines trogon,FALSE,FALSE
Equisetopsida,Lamiales,Bignoniaceae,Mansoa parvifolia,FALSE,FALSE
Actinopterygii,Characiformes,Characidae,Serrapinnus piaba,FALSE,FALSE
Equisetopsida,Lamiales,Bignoniaceae,Mansoa alliacea,FALSE,FALSE
Insecta,Lepidoptera,Pieridae,Ascia monuste automate,FALSE,FALSE
Actinopterygii,Characiformes,Characidae,Serrapinnus heterodon,FALSE,FALSE
Equisetopsida,Ericales,Sapotaceae,Manilkara inundata,FALSE,FALSE
Equisetopsida,Ericales,Sapotaceae,Manilkara bidentata subsp. Surinamensis,FALSE,FALSE
Equisetopsida,Ericales,Sapotaceae,Manilkara bidentata,FALSE,TRUE
Aves,Strigiformes,Strigidae,Asio clamator,FALSE,FALSE
Equisetopsida,Gentianales,Apocynaceae,Aspidosperma desmanthum,FALSE,FALSE
Aves,Galliformes,Cracidae,Mitu tuberosum,FALSE,FALSE
Equisetopsida,Gentianales,Apocynaceae,Aspidosperma excelsum,FALSE,FALSE
Equisetopsida,Gentianales,Apocynaceae,Aspidosperma macrocarpon,FALSE,FALSE
Equisetopsida,Gentianales,Apocynaceae,Aspidosperma parvifolium,FALSE,FALSE
Equisetopsida,Gentianales,Apocynaceae,Aspidosperma rigidum,FALSE,FALSE
Equisetopsida,Gentianales,Apocynaceae,Aspidosperma spruceanum,FALSE,FALSE
Equisetopsida,Gentianales,Apocynaceae,Aspidosperma subincanum,FALSE,FALSE
Insecta,Lepidoptera,Hesperiidae,Aspitha agenoria sanies,FALSE,FALSE
Equisetopsida,Polypodiales,Aspleniaceae,Asplenium cirrhatum,FALSE,FALSE
Equisetopsida,Polypodiales,Aspleniaceae,Asplenium pearcei,FALSE,FALSE
Equisetopsida,Polypodiales,Aspleniaceae,Asplenium radicans,FALSE,FALSE
Equisetopsida,Sapindales,Sapindaceae,Serjania paucidentata,FALSE,FALSE
Equisetopsida,Polypodiales,Aspleniaceae,Asplenium serratum,FALSE,FALSE
Equisetopsida,Sapindales,Sapindaceae,Serjania nutans,FALSE,FALSE
Equisetopsida,Pandanales,Cyclanthaceae,Asplundia ecuadoriensis,FALSE,FALSE
Equisetopsida,Sapindales,Sapindaceae,Serjania inscripta,FALSE,FALSE
Equisetopsida,Pandanales,Cyclanthaceae,Asplundia gamotepala,FALSE,FALSE
Aves,Passeriformes,Tyrannidae,Megarynchus pitangua,FALSE,FALSE
Equisetopsida,Sapindales,Sapindaceae,Serjania glabrata,FALSE,FALSE
Equisetopsida,Pandanales,Cyclanthaceae,Asplundia peruviana,FALSE,FALSE
Insecta,Lepidoptera,Nymphalidae,Asterope markii hewitsoni,FALSE,FALSE
Insecta,Hymenoptera,Formicidae,Sericomyrmex saramama,FALSE,FALSE
Equisetopsida,Sapindales,Rutaceae,Metrodorea flavida,FALSE,FALSE
Insecta,Hymenoptera,Formicidae,Sericomyrmex parvulus,FALSE,FALSE
Insecta,Hymenoptera,Formicidae,Sericomyrmex mayri,FALSE,FALSE
Insecta,Diptera,Asilidae,Senobasis notata,FALSE,FALSE
Insecta,Diptera,Asilidae,Senobasis mendax,FALSE,FALSE
Insecta,Diptera,Asilidae,Senobasis analis,FALSE,FALSE
Equisetopsida,Fabales,Fabaceae,Senna spinescens,FALSE,FALSE
Equisetopsida,Fabales,Fabaceae,Senna reticulata,FALSE,FALSE
Equisetopsida,Malpighiales,Euphorbiaceae,Acalypha diversifolia,FALSE,FALSE
Equisetopsida,Malvales,Malvaceae,Sterculia apetala,FALSE,FALSE
Insecta,Lepidoptera,Sphingidae,Manduca rustica rustica,FALSE,FALSE
Equisetopsida,Fabales,Fabaceae,Senna occidentalis,FALSE,FALSE
Equisetopsida,Fabales,Fabaceae,Senna multijuga,FALSE,FALSE
Equisetopsida,Fabales,Fabaceae,Senna herzogii,FALSE,FALSE
Equisetopsida,Fabales,Fabaceae,Senna birostris,TRUE,FALSE
Insecta,Lepidoptera,Saturniidae,Asthenidia buckleyi buckleyi,FALSE,FALSE
Equisetopsida,Fabales,Fabaceae,Senegalia polyphylla,FALSE,FALSE
Equisetopsida,Fabales,Fabaceae,Senegalia paniculata,FALSE,FALSE
Equisetopsida,Fabales,Fabaceae,Senegalia loretensis,FALSE,FALSE
Equisetopsida,Fabales,Fabaceae,Senegalia huberi,FALSE,FALSE
Equisetopsida,Fabales,Fabaceae,Senegalia hayesii,FALSE,FALSE
Equisetopsida,Fabales,Fabaceae,Senegalia altiscandens,FALSE,FALSE
Insecta,Lepidoptera,Hesperiidae,Astraptes alector hopfferi,FALSE,FALSE
Insecta,Lepidoptera,Hesperiidae,Astraptes aulus,FALSE,FALSE
Insecta,Lepidoptera,Hesperiidae,Astraptes cretatus cretatus,FALSE,FALSE
Insecta,Lepidoptera,Hesperiidae,Astraptes creteus creteus,FALSE,FALSE
Insecta,Lepidoptera,Hesperiidae,Astraptes enotrus,FALSE,FALSE
Insecta,Lepidoptera,Hesperiidae,Astraptes fulgerator fulgerator,FALSE,FALSE
Aves,Gruiformes,Rallidae,Mustelirallus erythrops,FALSE,FALSE
Insecta,Lepidoptera,Hesperiidae,Astraptes janeira,FALSE,FALSE
Insecta,Lepidoptera,Hesperiidae,Astraptes talus,FALSE,FALSE
Equisetopsida,Arecales,Arecaceae,Astrocaryum chonta,FALSE,FALSE
Equisetopsida,Arecales,Arecaceae,Astrocaryum gratum,FALSE,FALSE
Equisetopsida,Arecales,Arecaceae,Astrocaryum murumuru,FALSE,FALSE
Equisetopsida,Sapindales,Anacardiaceae,Astronium graveolens,FALSE,FALSE
Insecta,Lepidoptera,Nymphalidae,Manataria hercyna hymethia,FALSE,FALSE
Equisetopsida,Sapindales,Anacardiaceae,Astronium lecointei,FALSE,FALSE
Actinopterygii,Characiformes,Characidae,Astyanax abramis,FALSE,FALSE
Actinopterygii,Characiformes,Characidae,Astyanax bimaculatus,FALSE,FALSE
Actinopterygii,Characiformes,Characidae,Astyanax fasciatus,FALSE,FALSE
Insecta,Lepidoptera,Hesperiidae,Metron leucogaster ambrosei,FALSE,FALSE
Mammalia,Primates,Atelidae,Ateles belzebuth,FALSE,TRUE
Mammalia,Primates,Atelidae,Ateles chamek,FALSE,TRUE
Mammalia,Carnivora,Canidae,Atelocynus microtis,FALSE,TRUE
Insecta,Lepidoptera,Erebidae,Athyphopsis tambopata,FALSE,FALSE
Insecta,Lepidoptera,Nymphalidae,Athyrtis mechanitis salvini,FALSE,FALSE
Insecta,Diptera,Asilidae,Atoniomyia mollis,FALSE,FALSE
Insecta,Diptera,Asilidae,Atoniomyia scalarata,FALSE,FALSE
Insecta,Lepidoptera,Riodinidae,Semomesia tenella tenella,FALSE,FALSE
Insecta,Lepidoptera,Riodinidae,Semomesia macaris,FALSE,FALSE
Insecta,Lepidoptera,Riodinidae,Semomesia croesus siccata,FALSE,FALSE
Equisetopsida,Malpighiales,Malpighiaceae,Mezia includens,FALSE,FALSE
Equisetopsida,Malvales,Malvaceae,Sterculia apeibophylla,FALSE,FALSE
Equisetopsida,Cucurbitales,Cucurbitaceae,Selysia prunifera,FALSE,FALSE
Insecta,Hymenoptera,Formicidae,Atta cephalotes,FALSE,FALSE
Equisetopsida,Laurales,Lauraceae,Mezilaurus subcordata,FALSE,FALSE
Aves,Coraciiformes,Momotidae,Momotus momota,FALSE,FALSE
Equisetopsida,Magnoliales,Annonaceae,Malmea dielsiana,FALSE,FALSE
Insecta,Lepidoptera,Nymphalidae,Selenophanes cassiope mapiriensis,FALSE,FALSE
Equisetopsida,Arecales,Arecaceae,Attalea butyracea,FALSE,FALSE
Equisetopsida,Arecales,Arecaceae,Attalea cephalotus,FALSE,FALSE
Insecta,Diptera,Asilidae,Mallophora robusta,FALSE,FALSE
Aves,Piciformes,Ramphastidae,Selenidera reinwardtii,FALSE,FALSE
Insecta,Diptera,Asilidae,Mallophora minos,FALSE,FALSE
Equisetopsida,Arecales,Arecaceae,Attalea maripa,FALSE,FALSE
Insecta,Diptera,Asilidae,Mallophora incanipes,FALSE,FALSE
Insecta,Hymenoptera,Formicidae,Mycetophylax faunulus,FALSE,FALSE
Insecta,Diptera,Asilidae,Mallophora clavipes,FALSE,FALSE
Insecta,Hymenoptera,Formicidae,Atta sexdens,FALSE,FALSE
Insecta,Diptera,Asilidae,Mallophora barbipes,FALSE,FALSE
Aves,Passeriformes,Hirundinidae,Atticora fasciata,FALSE,FALSE
Aves,Passeriformes,Hirundinidae,Atticora tibialis,FALSE,FALSE
Aves,Passeriformes,Tyrannidae,Attila bolivianus,FALSE,FALSE
Aves,Passeriformes,Tyrannidae,Attila cinnamomeus,FALSE,FALSE
Equisetopsida,Selaginellales,Selaginellaceae,Selaginella haematodes,FALSE,FALSE
Aves,Passeriformes,Tyrannidae,Attila spadiceus,FALSE,FALSE
Aves,Ciconiiformes,Ciconiidae,Mycteria americana,FALSE,FALSE
Equisetopsida,Malpighiales,Euphorbiaceae,Acalypha stachyura,FALSE,FALSE
Insecta,Lepidoptera,Lycaenidae,Aubergina alda,FALSE,FALSE
Insecta,Odonata,Libellulidae,Miathyria simplex,FALSE,FALSE
Aves,Piciformes,Ramphastidae,Aulacorhynchus albivitta,FALSE,FALSE
Mammalia,Didelphimorphia,Didelphidae,Monodelphis (Mygalodelphys) adusta,FALSE,FALSE
Equisetopsida,Caryophyllales,Petiveriaceae,Seguieria americana,FALSE,FALSE
Equisetopsida,Malpighiales,Euphorbiaceae,Acalypha stricta,FALSE,FALSE
Insecta,Lepidoptera,Erebidae,Autochloris completa,FALSE,FALSE
Insecta,Lepidoptera,Erebidae,Autochloris ethela,FALSE,FALSE
Insecta,Lepidoptera,Hesperiidae,Autochton longipennis,FALSE,FALSE
Insecta,Lepidoptera,Hesperiidae,Autochton neis,FALSE,FALSE
Aves,Passeriformes,Rhinocryptidae,Scytalopus simonsi,FALSE,FALSE
Aves,Galbuliformes,Bucconidae,Malacoptila semicincta,FALSE,FALSE
Insecta,Lepidoptera,Hesperiidae,Autochton zarex,FALSE,FALSE
Insecta,Lepidoptera,Saturniidae,Automerina (Automerula) auletes,FALSE,FALSE
Insecta,Lepidoptera,Saturniidae,Automeris annulata atrolimbata,FALSE,FALSE
Insecta,Lepidoptera,Saturniidae,Automeris cinctistriga,FALSE,FALSE
Insecta,Lepidoptera,Saturniidae,Automeris curvilinea,FALSE,FALSE
Insecta,Lepidoptera,Saturniidae,Automeris duchartrei,FALSE,FALSE
Insecta,Lepidoptera,Saturniidae,Automeris gabriellae,FALSE,FALSE
Insecta,Lepidoptera,Lycaenidae,Mithras nautes,FALSE,FALSE
Insecta,Lepidoptera,Saturniidae,Automeris hamata,FALSE,FALSE
Insecta,Lepidoptera,Saturniidae,Automeris heppneri,FALSE,FALSE
Insecta,Lepidoptera,Saturniidae,Automeris janus janus,FALSE,FALSE
Insecta,Lepidoptera,Saturniidae,Automeris liberia,FALSE,FALSE
Insecta,Lepidoptera,Saturniidae,Automeris moresca,FALSE,FALSE
Insecta,Lepidoptera,Saturniidae,Automeris orestes,FALSE,FALSE
Aves,Passeriformes,Tyrannidae,Myiarchus ferox,FALSE,FALSE
Aves,Passeriformes,Furnariidae,Automolus infuscatus,FALSE,FALSE
Insecta,Lepidoptera,Hesperiidae,Misius misius,FALSE,FALSE
Equisetopsida,Malvales,Malvaceae,Malachra alceifolia,FALSE,FALSE
Aves,Passeriformes,Furnariidae,Automolus melanopezus,FALSE,FALSE
Aves,Passeriformes,Furnariidae,Automolus ochrolaemus,FALSE,FALSE
Aves,Passeriformes,Furnariidae,Automolus rufipileatus,FALSE,FALSE
Aves,Passeriformes,Furnariidae,Automolus subulatus,FALSE,FALSE
Actinopterygii,Siluriformes,Pimelodidae,Megalonema xanthum,FALSE,FALSE
Equisetopsida,Lamiales,Plantaginaceae,Scoparia dulcis,FALSE,FALSE
Aves,Passeriformes,Furnariidae,Sclerurus obscurior,FALSE,FALSE
Equisetopsida,Malvales,Malvaceae,Ayenia asterotricha,FALSE,FALSE
Insecta,Lepidoptera,Nymphalidae,Magneuptychia ocypete,FALSE,FALSE
Insecta,Lepidoptera,Lycaenidae,Michaelus ira,FALSE,FALSE
Equisetopsida,Malvales,Malvaceae,Ayenia pescapraeifolia,FALSE,FALSE
Insecta,Lepidoptera,Nymphalidae,Magneuptychia modesta,FALSE,FALSE
Aves,Passeriformes,Furnariidae,Sclerurus caudacutus,FALSE,FALSE
Aves,Passeriformes,Furnariidae,Sclerurus albigularis,FALSE,FALSE
Insecta,Hymenoptera,Formicidae,Azteca bequaerti,FALSE,FALSE
Equisetopsida,Fabales,Fabaceae,Sclerolobium vasquezii,FALSE,FALSE
Insecta,Lepidoptera,Nymphalidae,Magneuptychia moderata,FALSE,FALSE
Equisetopsida,Poales,Cyperaceae,Scleria secans,FALSE,FALSE
Equisetopsida,Poales,Cyperaceae,Scleria ramosa,FALSE,FALSE
Insecta,Lepidoptera,Lycaenidae,Michaelus thordesa,FALSE,FALSE
Insecta,Lepidoptera,Nymphalidae,Magneuptychia libye,FALSE,FALSE
Insecta,Lepidoptera,Nymphalidae,Magneuptychia lea philippa,FALSE,FALSE
Insecta,Odonata,Coenagrionidae,Acanthagrion apicale,FALSE,FALSE
Aves,Passeriformes,Tyrannidae,Myiarchus swainsoni,FALSE,FALSE
Insecta,Lepidoptera,Nymphalidae,Magneuptychia iris,FALSE,FALSE
Equisetopsida,Poales,Cyperaceae,Scleria macrophylla,FALSE,FALSE
Equisetopsida,Proteales,Sabiaceae,Meliosma herbertii,FALSE,FALSE
Equisetopsida,Poales,Cyperaceae,Scleria huberi,FALSE,FALSE
Aves,Passeriformes,Thamnophilidae,Sclateria naevia,FALSE,FALSE
Insecta,Lepidoptera,Erebidae,Sciopsyche tropica,FALSE,FALSE
Equisetopsida,Lamiales,Plantaginaceae,Bacopa scoparioides,FALSE,FALSE
Insecta,Odonata,Libellulidae,Macrothemis pumila,FALSE,FALSE
Equisetopsida,Arecales,Arecaceae,Bactris acanthocarpa,FALSE,FALSE
Insecta,Lepidoptera,Lycaenidae,Michaelus vibidia,FALSE,FALSE
Equisetopsida,Arecales,Arecaceae,Bactris acanthocarpa var. Exscapa,FALSE,FALSE
Actinopterygii,Siluriformes,Callichthyidae,Megalechis thoracata,FALSE,FALSE
Equisetopsida,Arecales,Arecaceae,Bactris hirta,FALSE,FALSE
Equisetopsida,Arecales,Arecaceae,Bactris maraja var. juruensis,FALSE,FALSE
Equisetopsida,Arecales,Arecaceae,Bactris maraja var. maraja,FALSE,FALSE
Insecta,Lepidoptera,Riodinidae,Baeotis bacaenis bacaenita,FALSE,FALSE
Insecta,Lepidoptera,Nymphalidae,Baeotus amazonicus,FALSE,FALSE
Insecta,Lepidoptera,Nymphalidae,Baeotus deucalion,FALSE,FALSE
Insecta,Lepidoptera,Nymphalidae,Baeotus japetus,FALSE,FALSE
Insecta,Odonata,Libellulidae,Misagria parana,FALSE,FALSE
Aves,Passeriformes,Thamnophilidae,Sciaphylax hemimelaena,FALSE,FALSE
Aves,Passeriformes,Tyrannidae,Myiarchus tuberculifer,FALSE,FALSE
Equisetopsida,Ranunculales,Menispermaceae,Sciadotenia toxifera,FALSE,FALSE
Equisetopsida,Ranunculales,Menispermaceae,Sciadotenia eichleriana,FALSE,FALSE
Equisetopsida,Myrtales,Melastomataceae,Miconia affinis,FALSE,FALSE
Equisetopsida,Malpighiales,Salicaceae,Banara guianensis,FALSE,FALSE
Insecta,Odonata,Coenagrionidae,Acanthagrion ascendens,FALSE,FALSE
Equisetopsida,Myrtales,Melastomataceae,Miconia ampla,FALSE,FALSE
Actinopterygii,Characiformes,Characidae,Bario steindachneri,FALSE,FALSE
Equisetopsida,Myrtales,Melastomataceae,Miconia amplexicaulis,FALSE,FALSE
Equisetopsida,Fabales,Fabaceae,Schnella uleana,FALSE,FALSE
Aves,Charadriiformes,Scolopacidae,Bartramia longicauda,FALSE,FALSE
Aves,Passeriformes,Tyrannidae,Mionectes olivaceus,FALSE,FALSE
Equisetopsida,Fabales,Fabaceae,Schnella guianensis,FALSE,FALSE
Equisetopsida,Fabales,Fabaceae,Schnella glabra,FALSE,FALSE
Equisetopsida,Myrtales,Melastomataceae,Miconia bubalina,FALSE,FALSE
Aves,Passeriformes,Tyrannidae,Myiarchus tyrannulus,FALSE,FALSE
Equisetopsida,Myrtales,Melastomataceae,Miconia calvescens,FALSE,FALSE
Aves,Coraciiformes,Momotidae,Baryphthengus martii,FALSE,FALSE
Insecta,Odonata,Coenagrionidae,Acanthagrion gracile,FALSE,FALSE
Equisetopsida,Myrtales,Melastomataceae,Miconia centrodesma,FALSE,FALSE
Insecta,Hymenoptera,Formicidae,Basiceros conjugans,FALSE,FALSE
Equisetopsida,Gentianales,Rubiaceae,Macrocnemum roseum,FALSE,FALSE
Insecta,Hymenoptera,Formicidae,Basiceros militaris,FALSE,FALSE
Insecta,Odonata,Coenagrionidae,Acanthagrion lancea,FALSE,FALSE
Equisetopsida,Fabales,Fabaceae,Schizolobium parahyba,FALSE,FALSE
Equisetopsida,Gentianales,Rubiaceae,Schizocalyx peruvianus,FALSE,FALSE
Equisetopsida,Rosales,Moraceae,Batocarpus amazonicus,FALSE,FALSE
Insecta,Lepidoptera,Erebidae,Macrocneme zongonata,FALSE,FALSE
Insecta,Lepidoptera,Erebidae,Macrocneme lades,FALSE,FALSE
Equisetopsida,Rosales,Moraceae,Batocarpus costaricensis,FALSE,FALSE
Actinopterygii,Siluriformes,Pseudopimelodidae,Batrochoglanis raninus,FALSE,FALSE
Aves,Passeriformes,Onychorhynchidae,Myiobius barbatus,FALSE,FALSE
Equisetopsida,Gentianales,Rubiaceae,Schizocalyx obovatus,FALSE,FALSE
Insecta,Lepidoptera,Papilionidae,Battus crassus crassus,FALSE,FALSE
Equisetopsida,Myrtales,Melastomataceae,Miconia chrysophylla,FALSE,FALSE
Equisetopsida,Laurales,Lauraceae,Aiouea grandifolia,FALSE,FALSE
Insecta,Lepidoptera,Papilionidae,Battus polydamas polydamas,FALSE,FALSE
Insecta,Lepidoptera,Papilionidae,Battus velus varus,FALSE,FALSE
Equisetopsida,Fabales,Fabaceae,Bauhinia acreana,FALSE,FALSE
Aves,Passeriformes,Tyrannidae,Mionectes oleagineus,FALSE,FALSE
Equisetopsida,Gentianales,Apocynaceae,Macoubea guianensis,FALSE,FALSE
Aves,Passeriformes,Tyrannidae,Mionectes macconnelli,FALSE,FALSE
Equisetopsida,Asterales,Asteraceae,Schistocarpha eupatorioides,FALSE,FALSE
Equisetopsida,Cucurbitales,Begoniaceae,Begonia semiovata,FALSE,FALSE
Insecta,Diptera,Asilidae,Schildia mocrothorax,FALSE,FALSE
Aves,Passeriformes,Pipridae,Machaeropterus pyrocephalus,FALSE,FALSE
Equisetopsida,Laurales,Lauraceae,Beilschmiedia tovarensis,FALSE,FALSE
Aves,Passeriformes,Tityridae,Schiffornis turdina,FALSE,FALSE
Insecta,Lepidoptera,Nymphalidae,Memphis basila drucei,FALSE,FALSE
Equisetopsida,Myrtales,Melastomataceae,Bellucia grossularioides,FALSE,FALSE
Equisetopsida,Fabales,Fabaceae,Machaerium kegelii,FALSE,FALSE
Aves,Coraciiformes,Alcedinidae,Megaceryle torquata,FALSE,FALSE
Equisetopsida,Myrtales,Melastomataceae,Bellucia pentamera,FALSE,FALSE
Aves,Passeriformes,Tityridae,Schiffornis major,FALSE,FALSE
Equisetopsida,Myrtales,Melastomataceae,Miconia dolichorrhyncha,FALSE,FALSE
Insecta,Odonata,Coenagrionidae,Acanthagrion minutum,FALSE,FALSE
Insecta,Lepidoptera,Erebidae,Schasiura mimica,FALSE,FALSE
Equisetopsida,Fabales,Fabaceae,Machaerium floribundum,FALSE,FALSE
Equisetopsida,Myrtales,Melastomataceae,Bellucia spruceana,FALSE,FALSE
Insecta,Lepidoptera,Hesperiidae,Spioniades libethra,FALSE,FALSE
Aves,Passeriformes,Furnariidae,Berlepschia rikeri,FALSE,FALSE
Equisetopsida,Asparagales,Orchidaceae,Scaphyglottis boliviensis,FALSE,FALSE
Insecta,Lepidoptera,Nymphalidae,Scada reckia labyrintha,FALSE,FALSE
Equisetopsida,Santalales,Olacaceae,Minquartia guianensis,FALSE,FALSE
Equisetopsida,Ericales,Lecythidaceae,Bertholletia excelsa,FALSE,FALSE
Equisetopsida,Malpighiales,Euphorbiaceae,Mabea speciosa,FALSE,FALSE
Insecta,Coleoptera,Carabidae,Megacephala spixi,FALSE,FALSE
Aves,Passeriformes,Tyrannidae,Sayornis nigricans,FALSE,FALSE
Insecta,Lepidoptera,Nymphalidae,Memphis cambyses,FALSE,FALSE
Insecta,Lepidoptera,Nymphalidae,Bia actorion rebeli,FALSE,FALSE
Insecta,Lepidoptera,Nymphalidae,Biblis hyperia laticlavia,FALSE,FALSE
Insecta,Coleoptera,Carabidae,Megacephala sobrina,FALSE,FALSE
Equisetopsida,Lamiales,Bignoniaceae,Bignonia aequinoctialis,FALSE,FALSE
Insecta,Coleoptera,Carabidae,Megacephala nigricollis,FALSE,FALSE
Equisetopsida,Malpighiales,Euphorbiaceae,Mabea nitida,FALSE,FALSE
Equisetopsida,Lamiales,Bignoniaceae,Bignonia bracteomana,FALSE,FALSE
Equisetopsida,Lamiales,Bignoniaceae,Bignonia hyacinthina,FALSE,FALSE
Insecta,Coleoptera,Carabidae,Megacephala lucifera,FALSE,FALSE
Insecta,Lepidoptera,Lycaenidae,Ministrymon zilda,FALSE,FALSE
Equisetopsida,Lamiales,Bignoniaceae,Bignonia lilacina,FALSE,FALSE
Insecta,Coleoptera,Carabidae,Megacephala klugi,FALSE,FALSE
Equisetopsida,Magnoliales,Annonaceae,Maasia glauca,FALSE,FALSE
Equisetopsida,Lamiales,Bignoniaceae,Bignonia nocturna,FALSE,FALSE
Equisetopsida,Lamiales,Bignoniaceae,Bignonia sciuripabulum,FALSE,FALSE
Equisetopsida,Lamiales,Bignoniaceae,Bignonia uleana,FALSE,FALSE
Aves,Passeriformes,Parulidae,Myioborus miniatus,FALSE,FALSE
Equisetopsida,Poales,Bromeliaceae,Billbergia decora,FALSE,FALSE
Equisetopsida,Poales,Bromeliaceae,Billbergia robert-readii,FALSE,FALSE
Equisetopsida,Malvales,Bixaceae,Bixa arborea,FALSE,FALSE
Equisetopsida,Polypodiales,Blechnaceae,Blechnum asplenioides,FALSE,FALSE
Insecta,Lepidoptera,Hesperiidae,Saturnus saturnus saturnus,FALSE,FALSE
Insecta,Lepidoptera,Hesperiidae,Saturnus reticulata meton,FALSE,FALSE
Insecta,Lepidoptera,Hesperiidae,Saturnus metonidia,FALSE,FALSE
Aves,Passeriformes,Tyrannidae,Satrapa icterophrys,FALSE,FALSE
Actinopterygii,Cichliformes,Cichlidae,Satanoperca jurupari,FALSE,FALSE
Aves,Passeriformes,Tyrannidae,Myiodynastes chrysocephalus,FALSE,FALSE
Insecta,Lepidoptera,Riodinidae,Lyropteryx apollonia apollonia,FALSE,FALSE
Insecta,Lepidoptera,Riodinidae,Sarota chrysus chrysus,FALSE,FALSE
Insecta,Lepidoptera,Riodinidae,Sarota acantus,FALSE,FALSE
Insecta,Lepidoptera,Erebidae,Sarosa albraamea,FALSE,FALSE
Insecta,Lepidoptera,Erebidae,Sarosa acutior,FALSE,FALSE
Insecta,Diptera,Asilidae,Blepharepium cajennensis cajennensis,FALSE,FALSE
Insecta,Lepidoptera,Erebidae,Lymire strigivenia,FALSE,FALSE
Insecta,Diptera,Asilidae,Blepharepium subcontractum,FALSE,FALSE
Aves,Cathartiformes,Cathartidae,Sarcoramphus papa,FALSE,FALSE
Insecta,Odonata,Coenagrionidae,Acanthagrion obsoletum,FALSE,FALSE
Equisetopsida,Ericales,Sapotaceae,Sarcaulus brasiliensis,FALSE,FALSE
Equisetopsida,Malpighiales,Euphorbiaceae,Sapium marmieri,FALSE,FALSE
Insecta,Lepidoptera,Hesperiidae,Bolla cupreiceps,FALSE,FALSE
Insecta,Lepidoptera,Hesperiidae,Bolla mancoi,FALSE,FALSE
Insecta,Lepidoptera,Hesperiidae,Bolla morona morona,FALSE,FALSE
Equisetopsida,Malpighiales,Euphorbiaceae,Sapium glandulosum,FALSE,FALSE
Aves,Passeriformes,Tyrannidae,Myiodynastes luteiventris,FALSE,FALSE
Insecta,Odonata,Coenagrionidae,Acanthagrion phallicornis,FALSE,FALSE
Aves,Pelecaniformes,Ardeidae,Botaurus pinnatus,FALSE,FALSE
Actinopterygii,Characiformes,Characidae,Brachychalcinus orbicularis,FALSE,FALSE
Aves,Galbuliformes,Galbulidae,Brachygalba albogularis,FALSE,FALSE
Actinopterygii,Gymnotiformes,Hypopomidae,Brachyhypopomus beebei,FALSE,FALSE
Insecta,Lepidoptera,Nymphalidae,Lycorea ilione phenarete,FALSE,FALSE
Insecta,Lepidoptera,Nymphalidae,Lycorea halia pales,FALSE,FALSE
Actinopterygii,Gymnotiformes,Hypopomidae,Brachyhypopomus brevirostris,FALSE,FALSE
Aves,Passeriformes,Tyrannidae,Myiodynastes maculatus,FALSE,FALSE
Actinopterygii,Gymnotiformes,Hypopomidae,Brachyhypopomus pinnicaudatus,FALSE,FALSE
Aves,Passeriformes,Thraupidae,Saltator maximus,FALSE,FALSE
Insecta,Odonata,Libellulidae,Brachymesia furcata,FALSE,FALSE
Insecta,Odonata,Libellulidae,Brachymesia herbida,FALSE,FALSE
Insecta,Diptera,Tabanidae,Acanthocera bequarti,FALSE,FALSE
Insecta,Hymenoptera,Formicidae,Acanthognathus brevicornis,FALSE,FALSE
Mammalia,Pilosa,Bradypodidae,Bradypus variegatus,FALSE,FALSE
Aves,Passeriformes,Thraupidae,Saltator grossus,FALSE,FALSE
Insecta,Lepidoptera,Lycaenidae,Brangas getus,FALSE,FALSE
Aves,Passeriformes,Thraupidae,Saltator coerulescens,FALSE,FALSE
Insecta,Lepidoptera,Nymphalidae,Brassolis sophorae ardens,FALSE,FALSE
Equisetopsida,Malpighiales,Malpighiaceae,Bronwenia mathiasiae,FALSE,FALSE
Equisetopsida,Malpighiales,Malpighiaceae,Bronwenia wurdackii,FALSE,FALSE
Equisetopsida,Rosales,Moraceae,Brosimum acutifolium,FALSE,FALSE
Equisetopsida,Rosales,Moraceae,Brosimum acutifolium subsp. acutifolium,FALSE,FALSE
Aves,Passeriformes,Tyrannidae,Myiopagis caniceps,FALSE,FALSE
Equisetopsida,Rosales,Moraceae,Brosimum alicastrum,FALSE,FALSE
Equisetopsida,Rosales,Moraceae,Brosimum alicastrum subsp. bolivarense,FALSE,FALSE
Equisetopsida,Rosales,Moraceae,Brosimum guianense,FALSE,FALSE
Equisetopsida,Rosales,Moraceae,Brosimum lactescens,FALSE,FALSE
Actinopterygii,Characiformes,Bryconidae,Salminus affinis,FALSE,FALSE
Insecta,Coleoptera,Carabidae,Megacephala fulgida,FALSE,FALSE
Equisetopsida,Rosales,Moraceae,Brosimum rubescens,FALSE,FALSE
Equisetopsida,Malpighiales,Salicaceae,Salix humboldtiana,FALSE,FALSE
Equisetopsida,Solanales,Solanaceae,Lycianthes repens,FALSE,FALSE
Equisetopsida,Rosales,Moraceae,Brosimum utile,FALSE,FALSE
Insecta,Lepidoptera,Hesperiidae,Saliana triangularis,FALSE,FALSE
Insecta,Lepidoptera,Hesperiidae,Saliana salius,FALSE,FALSE
Aves,Psittaciformes,Psittacidae,Brotogeris cyanoptera,FALSE,FALSE
Insecta,Coleoptera,Carabidae,Megacephala brasiliensis,FALSE,FALSE
Insecta,Lepidoptera,Hesperiidae,Saliana saladin culta,FALSE,FALSE
Insecta,Lepidoptera,Hesperiidae,Saliana morsa,FALSE,FALSE
Insecta,Lepidoptera,Hesperiidae,Saliana longirostris,FALSE,FALSE
Insecta,Lepidoptera,Hesperiidae,Saliana fusta,FALSE,FALSE
Aves,Psittaciformes,Psittacidae,Brotogeris sanctithomae,FALSE,FALSE
Insecta,Lepidoptera,Hesperiidae,Saliana fischer,FALSE,FALSE
Equisetopsida,Solanales,Solanaceae,Lycianthes coffeifolia,FALSE,FALSE
Insecta,Lepidoptera,Hesperiidae,Saliana esperi,FALSE,FALSE
Equisetopsida,Celastrales,Celastraceae,Salacia viridiramis,FALSE,FALSE
Equisetopsida,Celastrales,Celastraceae,Salacia opacifolia,FALSE,FALSE
Equisetopsida,Celastrales,Celastraceae,Salacia macrantha,FALSE,FALSE
Insecta,Coleoptera,Carabidae,Megacephala aequinoctialis,FALSE,FALSE
Equisetopsida,Celastrales,Celastraceae,Salacia juruana,FALSE,FALSE
Equisetopsida,Celastrales,Celastraceae,Salacia impressifolia,FALSE,FALSE
Insecta,Lepidoptera,Lycaenidae,Ministrymon cruenta,FALSE,FALSE
Aves,Passeriformes,Tyrannidae,Myiopagis gaimardii,FALSE,FALSE
Equisetopsida,Celastrales,Celastraceae,Salacia gigantea,FALSE,FALSE
Equisetopsida,Celastrales,Celastraceae,Salacia elliptica,FALSE,FALSE
Equisetopsida,Myrtales,Melastomataceae,Miconia impetiolaris,FALSE,FALSE
Equisetopsida,Celastrales,Celastraceae,Salacia cordata,FALSE,FALSE
Equisetopsida,Solanales,Solanaceae,Brunfelsia grandiflora,FALSE,FALSE
Equisetopsida,Celastrales,Celastraceae,Salacia caloneura,FALSE,FALSE
Insecta,Lepidoptera,Hesperiidae,Lycas godart boisduvalii,FALSE,FALSE
Equisetopsida,Celastrales,Celastraceae,Salacia acevedoi,FALSE,FALSE
Insecta,Lepidoptera,Hesperiidae,Lycas argentea,FALSE,FALSE
Aves,Passeriformes,Tyrannidae,Myiopagis viridicata,FALSE,FALSE
Actinopterygii,Characiformes,Bryconidae,Brycon amazonicus,FALSE,FALSE
Mammalia,Primates,Cebidae,Saimiri sciureus,FALSE,FALSE
Actinopterygii,Characiformes,Characidae,Bryconops caudomaculatus,FALSE,FALSE
Actinopterygii,Characiformes,Characidae,Bryconops melanurus,FALSE,FALSE
Aves,Accipitriformes,Accipitridae,Accipiter bicolor,FALSE,FALSE
Aves,Strigiformes,Strigidae,Bubo virginianus,FALSE,FALSE
Aves,Pelecaniformes,Ardeidae,Bubulcus ibis,FALSE,FALSE
Equisetopsida,Malpighiales,Euphorbiaceae,Sagotia racemosa,FALSE,FALSE
Equisetopsida,Malpighiales,Euphorbiaceae,Sagotia brachysepala,FALSE,FALSE
Aves,Galbuliformes,Bucconidae,Bucco capensis,FALSE,FALSE
Equisetopsida,Malpighiales,Humiriaceae,Sacoglottis mattogrossensis,FALSE,FALSE
Equisetopsida,Malpighiales,Humiriaceae,Sacoglottis amazonica,FALSE,FALSE
Aves,Galbuliformes,Bucconidae,Bucco macrodactylus,FALSE,FALSE
Insecta,Lepidoptera,Hesperiidae,Aides duma argyrina,FALSE,FALSE
Mammalia,Chiroptera,Emballonuridae,Saccopteryx bilineata,FALSE,FALSE
Equisetopsida,Polypodiales,Saccolomataceae,Saccoloma inaequale,FALSE,FALSE
Equisetopsida,Polypodiales,Saccolomataceae,Saccoloma elegans,FALSE,FALSE
Aves,Passeriformes,Tyrannidae,Myiophobus fasciatus,FALSE,FALSE
Actinopterygii,Cichliformes,Cichlidae,Bujurquina cordemadi,FALSE,FALSE
Equisetopsida,Gentianales,Rubiaceae,Sabicea subinvolucrata,FALSE,FALSE
Actinopterygii,Cichliformes,Cichlidae,Bujurquina tambopatae,FALSE,FALSE
Equisetopsida,Gentianales,Rubiaceae,Sabicea mattogrossensis,FALSE,FALSE
Aves,Accipitriformes,Accipitridae,Accipiter poliogaster,FALSE,FALSE
Equisetopsida,Malpighiales,Malpighiaceae,Bunchosia glandulifera,FALSE,FALSE
Insecta,Lepidoptera,Hesperiidae,Bungalotis astylos,FALSE,FALSE
Aves,Charadriiformes,Rhynchopidae,Rynchops niger,FALSE,FALSE
Aves,Accipitriformes,Accipitridae,Busarellus nigricollis,FALSE,FALSE
Aves,Accipitriformes,Accipitridae,Buteo albonotatus,FALSE,FALSE
Equisetopsida,Caryophyllales,Polygonaceae,Ruprechtia tangarana,FALSE,FALSE
Aves,Accipitriformes,Accipitridae,Buteo brachyurus,FALSE,FALSE
Aves,Accipitriformes,Accipitridae,Rupornis magnirostris,FALSE,FALSE
Aves,Accipitriformes,Accipitridae,Accipiter striatus,FALSE,FALSE
Aves,Accipitriformes,Accipitridae,Buteogallus schistaceus,FALSE,FALSE
Aves,Accipitriformes,Accipitridae,Buteogallus urubitinga,FALSE,FALSE
Aves,Accipitriformes,Accipitridae,Buteo nitidus,FALSE,FALSE
Aves,Accipitriformes,Accipitridae,Buteo platypterus,FALSE,FALSE
Aves,Pelecaniformes,Ardeidae,Butorides striata,FALSE,FALSE
Equisetopsida,Magnoliales,Annonaceae,Ruizodendron ovale,FALSE,FALSE
Equisetopsida,Malpighiales,Malpighiaceae,Byrsonima arthropoda,FALSE,FALSE
Equisetopsida,Poales,Poaceae,Rugoloa pilosa,FALSE,FALSE
Equisetopsida,Malpighiales,Malpighiaceae,Byrsonima poeppigiana,FALSE,FALSE
Equisetopsida,Malpighiales,Malpighiaceae,Byrsonima putumayensis,FALSE,FALSE
Aves,Passeriformes,Tyrannidae,Myiornis albiventris,FALSE,FALSE
Equisetopsida,Lamiales,Acanthaceae,Ruellia yurimaguensis,FALSE,FALSE
Equisetopsida,Lamiales,Acanthaceae,Ruellia thyrsostachya,FALSE,FALSE
Equisetopsida,Lamiales,Acanthaceae,Ruellia tarapotana,FALSE,FALSE
Aves,Caprimulgiformes,Caprimulgidae,Lurocalis semitorquatus,FALSE,FALSE
Equisetopsida,Myrtales,Melastomataceae,Miconia lanata,FALSE,FALSE
Insecta,Lepidoptera,Nymphalidae,Memphis memphis memphis,FALSE,FALSE
Equisetopsida,Sapindales,Meliaceae,Cabralea canjerana,FALSE,FALSE
Aves,Passeriformes,Tyrannidae,Myiornis ecaudatus,FALSE,FALSE
Equisetopsida,Lamiales,Acanthaceae,Ruellia inflata,FALSE,FALSE
Aves,Passeriformes,Icteridae,Cacicus cela,FALSE,FALSE
Aves,Passeriformes,Icteridae,Cacicus haemorrhous,FALSE,FALSE
Aves,Passeriformes,Icteridae,Cacicus oseryi,FALSE,FALSE
Aves,Passeriformes,Icteridae,Cacicus solitarius,FALSE,FALSE
Insecta,Lepidoptera,Erebidae,Cacostatia germana,FALSE,FALSE
Equisetopsida,Gentianales,Rubiaceae,Rudgea sessiliflora,FALSE,FALSE
Insecta,Lepidoptera,Lycaenidae,Caerofethra carnica,FALSE,FALSE
Insecta,Lepidoptera,Nymphalidae,Caerois chorinaeus protonoe,FALSE,FALSE
Insecta,Lepidoptera,Nymphalidae,Caeruleuptychia aegrota,FALSE,FALSE
Insecta,Lepidoptera,Nymphalidae,Caeruleuptychia cyanites,FALSE,FALSE
Insecta,Lepidoptera,Nymphalidae,Caeruleuptychia helios,FALSE,FALSE
Insecta,Lepidoptera,Nymphalidae,Caeruleuptychia lobelia,FALSE,FALSE
Insecta,Lepidoptera,Nymphalidae,Caeruleuptychia scopulata,FALSE,FALSE
Aves,Accipitriformes,Accipitridae,Accipiter superciliosus,FALSE,FALSE
Insecta,Lepidoptera,Nymphalidae,Caeruleuptychia zisa,FALSE,FALSE
Equisetopsida,Gentianales,Rubiaceae,Rudgea guyanensis,FALSE,FALSE
Actinopterygii,Characiformes,Characidae,Acestrocephalus boehlkei,FALSE,FALSE
Aves,Anseriformes,Anatidae,Cairina moschata,FALSE,FALSE
Equisetopsida,Zingiberales,Marantaceae,Calathea micans,FALSE,FALSE
Equisetopsida,Metteniusales,Metteniusaceae,Calatola costaricensis,FALSE,FALSE
Equisetopsida,Oxalidales,Connaraceae,Rourea cuspidata,FALSE,FALSE
Equisetopsida,Oxalidales,Connaraceae,Rourea camptoneura,FALSE,FALSE
Equisetopsida,Proteales,Proteaceae,Roupala montana,FALSE,FALSE
Equisetopsida,Malpighiales,Linaceae,Roucheria columbiana,FALSE,FALSE
Insecta,Lepidoptera,Saturniidae,Rothschildia erycina erycina,FALSE,FALSE
Insecta,Lepidoptera,Saturniidae,Rothschildia aurota aurota,FALSE,FALSE
Aves,Accipitriformes,Accipitridae,Rostrhamus sociabilis,FALSE,FALSE
Equisetopsida,Brassicales,Brassicaceae,Rorippa palustris,FALSE,FALSE
Actinopterygii,Characiformes,Characidae,Roeboides myersii,FALSE,FALSE
Actinopterygii,Characiformes,Characidae,Roeboides affinis,FALSE,FALSE
Actinopterygii,Cyprinodontiformes,Rivulidae,Rivulus iridescens,FALSE,FALSE
Aves,Passeriformes,Hirundinidae,Riparia riparia,FALSE,FALSE
Insecta,Lepidoptera,Riodinidae,Riodina lysippus lysias,FALSE,FALSE
Equisetopsida,Malpighiales,Violaceae,Rinorea viridifolia,FALSE,FALSE
Aves,Charadriiformes,Scolopacidae,Calidris fuscicollis,FALSE,FALSE
Aves,Charadriiformes,Scolopacidae,Calidris himantopus,FALSE,FALSE
Equisetopsida,Malpighiales,Violaceae,Rinorea pubiflora,FALSE,FALSE
Equisetopsida,Malpighiales,Violaceae,Rinorea lindeniana,FALSE,FALSE
Aves,Charadriiformes,Scolopacidae,Calidris melanotos,FALSE,FALSE
Equisetopsida,Malpighiales,Violaceae,Rinorea flavescens,FALSE,FALSE
Insecta,Lepidoptera,Hesperiidae,Achlyodes bisurus heros,FALSE,FALSE
Aves,Charadriiformes,Scolopacidae,Calidris subruficollis,FALSE,FALSE
Insecta,Lepidoptera,Hesperiidae,Achlyodes mithridates thraso,FALSE,FALSE
Insecta,Lepidoptera,Nymphalidae,Caligo euphorbus euphorbus,FALSE,FALSE
Insecta,Lepidoptera,Nymphalidae,Caligo eurilochus livius,FALSE,FALSE
Insecta,Lepidoptera,Nymphalidae,Caligo idomeneus idomenides,FALSE,FALSE
Insecta,Lepidoptera,Nymphalidae,Caligo placidianus,FALSE,FALSE
Insecta,Lepidoptera,Nymphalidae,Caligopsis seleucida seleucida,FALSE,FALSE
Insecta,Lepidoptera,Nymphalidae,Caligo teucer phorkys,FALSE,FALSE
Equisetopsida,Malpighiales,Malpighiaceae,Callaeum antifebrile,FALSE,FALSE
Insecta,Lepidoptera,Hesperiidae,Calliades zeutus,FALSE,FALSE
Aves,Passeriformes,Tyrannidae,Rhytipterna simplex,FALSE,FALSE
Equisetopsida,Lamiales,Bignoniaceae,Callichlamys latifolia,FALSE,FALSE
Equisetopsida,Poales,Cyperaceae,Rhynchospora umbraticola,FALSE,FALSE
Equisetopsida,Lamiales,Bignoniaceae,Lundia puberula,FALSE,FALSE
Equisetopsida,Malpighiales,Salicaceae,Lunania parviflora,FALSE,FALSE
Actinopterygii,Siluriformes,Callichthyidae,Callichthys callichthys,FALSE,FALSE
Equisetopsida,Myrtales,Melastomataceae,Miconia longicoma,FALSE,FALSE
Insecta,Lepidoptera,Nymphalidae,Callicore astarte stratiotes,FALSE,FALSE
Insecta,Lepidoptera,Nymphalidae,Callicore cynosura cynosura,FALSE,FALSE
Insecta,Lepidoptera,Nymphalidae,Callicore eunomia incarnata,FALSE,FALSE
Insecta,Lepidoptera,Nymphalidae,Callicore hesperis,FALSE,FALSE
Insecta,Lepidoptera,Nymphalidae,Callicore hystaspes zelphanta,FALSE,FALSE
Equisetopsida,Myrtales,Melastomataceae,Miconia longifolia,FALSE,FALSE
Insecta,Lepidoptera,Nymphalidae,Callicore pygas cyllene,FALSE,FALSE
Insecta,Lepidoptera,Hesperiidae,Callimormus radiola radiola,FALSE,FALSE
Aves,Apodiformes,Trochilidae,Calliphlox amethystina,FALSE,FALSE
Insecta,Lepidoptera,Nymphalidae,Callithomia alexirrhoe thornax,FALSE,FALSE
Equisetopsida,Malvales,Malvaceae,Lueheopsis hoehnei,FALSE,FALSE
Equisetopsida,Myrtales,Melastomataceae,Miconia matthaei,FALSE,FALSE
Insecta,Lepidoptera,Nymphalidae,Callithomia lenea zelie,FALSE,FALSE
Insecta,Lepidoptera,Erebidae,Rhynchopyga garleppi,FALSE,FALSE
Insecta,Lepidoptera,Erebidae,Calonotos chalcipleura,FALSE,FALSE
Equisetopsida,Malpighiales,Calophyllaceae,Calophyllum angulare,FALSE,FALSE
Equisetopsida,Malpighiales,Calophyllaceae,Calophyllum brasiliense,FALSE,FALSE
Mammalia,Chiroptera,Emballonuridae,Rhynchonycteris naso,FALSE,FALSE
Aves,Passeriformes,Tyrannidae,Rhynchocyclus olivaceus,FALSE,FALSE
Insecta,Lepidoptera,Riodinidae,Calospila emylius emyliana,FALSE,FALSE
Insecta,Lepidoptera,Riodinidae,Calospila lucianus lucianus,FALSE,FALSE
Insecta,Lepidoptera,Riodinidae,Calospila parthaon,FALSE,FALSE
Insecta,Lepidoptera,Riodinidae,Calospila rhodope amphis,FALSE,FALSE
Insecta,Lepidoptera,Riodinidae,Calospila zeanger pirene,FALSE,FALSE
Insecta,Lepidoptera,Hesperiidae,Calpodes ethlius,FALSE,FALSE
Mammalia,Didelphimorphia,Didelphidae,Caluromys lanatus,FALSE,FALSE
Insecta,Odonata,Coenagrionidae,Calvertagrion dicellularis,FALSE,FALSE
Equisetopsida,Gentianales,Rubiaceae,Calycophyllum megistocaulum,FALSE,FALSE
Equisetopsida,Gentianales,Rubiaceae,Calycophyllum obovatum,FALSE,FALSE
Equisetopsida,Gentianales,Rubiaceae,Calycophyllum spruceanum,FALSE,FALSE
Equisetopsida,Myrtales,Onagraceae,Ludwigia octovalvis,FALSE,FALSE
Insecta,Lepidoptera,Nymphalidae,Rhodussa cantobrica pamina,FALSE,FALSE
Equisetopsida,Myrtales,Onagraceae,Ludwigia nervosa,FALSE,FALSE
Insecta,Lepidoptera,Lycaenidae,Calycopis anastasia,FALSE,FALSE
Insecta,Lepidoptera,Nymphalidae,Memphis moruus morpheus,FALSE,FALSE
Insecta,Lepidoptera,Lycaenidae,Calycopis anfracta,FALSE,FALSE
Insecta,Lepidoptera,Lycaenidae,Calycopis atnius,FALSE,FALSE
Insecta,Lepidoptera,Lycaenidae,Calycopis barza,FALSE,FALSE
Equisetopsida,Myrtales,Melastomataceae,Miconia mayeta,FALSE,FALSE
Equisetopsida,Myrtales,Onagraceae,Ludwigia leptocarpa,FALSE,FALSE
Equisetopsida,Myrtales,Onagraceae,Ludwigia latifolia,FALSE,FALSE
Insecta,Lepidoptera,Lycaenidae,Calycopis buphonia,FALSE,FALSE
Equisetopsida,Myrtales,Melastomataceae,Miconia microphysca,FALSE,FALSE
Insecta,Lepidoptera,Lycaenidae,Calycopis caesaries,FALSE,FALSE
Insecta,Lepidoptera,Lycaenidae,Calycopis calus,FALSE,FALSE
Insecta,Lepidoptera,Pieridae,Melete lycimnia peruviana,FALSE,FALSE
Equisetopsida,Laurales,Lauraceae,Rhodostemonodaphne kunthiana,FALSE,FALSE
Insecta,Lepidoptera,Hesperiidae,Ludens silvaticus,FALSE,FALSE
Aves,Passeriformes,Tyrannidae,Myiotriccus ornatus,FALSE,FALSE
Insecta,Lepidoptera,Lycaenidae,Calycopis centoripa,FALSE,FALSE
Insecta,Lepidoptera,Lycaenidae,Calycopis cerata,FALSE,FALSE
Insecta,Lepidoptera,Lycaenidae,Calycopis demonassa,FALSE,FALSE
Equisetopsida,Laurales,Lauraceae,Rhodostemonodaphne grandis,FALSE,FALSE
Insecta,Lepidoptera,Lycaenidae,Calycopis devia,FALSE,FALSE
Insecta,Lepidoptera,Lycaenidae,Calycopis naka,FALSE,FALSE
Insecta,Lepidoptera,Lycaenidae,Calycopis nicolayi,FALSE,FALSE
Insecta,Lepidoptera,Lycaenidae,Calycopis trebula,FALSE,FALSE
Equisetopsida,Myrtales,Melastomataceae,Miconia minutiflora,FALSE,FALSE
Insecta,Lepidoptera,Lycaenidae,Calycopis vitruvia,FALSE,FALSE
Insecta,Lepidoptera,Erebidae,Loxophlebia picta,FALSE,FALSE
Insecta,Lepidoptera,Erebidae,Loxophlebia geminata,FALSE,FALSE
Insecta,Lepidoptera,Erebidae,Loxophlebia diaphana,FALSE,FALSE
Insecta,Lepidoptera,Erebidae,Loxophlebia chrysobasis,FALSE,FALSE
Insecta,Lepidoptera,Hesperiidae,Aides brino,FALSE,FALSE
Aves,Passeriformes,Tyrannidae,Myiozetetes cayanensis,FALSE,FALSE
Equisetopsida,Myrtales,Melastomataceae,Miconia neosecunda,FALSE,FALSE
Insecta,Lepidoptera,Saturniidae,Loxolomia johnsoni,FALSE,FALSE
Insecta,Lepidoptera,Riodinidae,Calydna catana,FALSE,FALSE
Insecta,Lepidoptera,Riodinidae,Calydna maculosa,FALSE,FALSE
Aves,Passeriformes,Tyrannidae,Myiozetetes granadensis,FALSE,FALSE
Aves,Passeriformes,Thraupidae,Loriotus rufiventer,FALSE,FALSE
Insecta,Lepidoptera,Papilionidae,Mimoides xynias xynias,FALSE,FALSE
Insecta,Lepidoptera,Riodinidae,Calydna punctata,FALSE,FALSE
Insecta,Odonata,Libellulidae,Rhodopygia cardinalis,FALSE,FALSE
Aves,Piciformes,Picidae,Campephilus melanoleucos,FALSE,FALSE
Aves,Piciformes,Picidae,Campephilus rubricollis,FALSE,FALSE
Mammalia,Chiroptera,Phyllostomidae,Rhinophylla pumilio,FALSE,FALSE
Equisetopsida,Myrtales,Melastomataceae,Miconia nervosa,FALSE,FALSE
Insecta,Hymenoptera,Formicidae,Camponotus helleri,FALSE,FALSE
Aves,Passeriformes,Thraupidae,Loriotus luctuosus,FALSE,FALSE
Insecta,Hymenoptera,Formicidae,Camponotus mirabilis,FALSE,FALSE
Insecta,Lepidoptera,Hesperiidae,Camptopleura auxo,FALSE,FALSE
Insecta,Lepidoptera,Hesperiidae,Camptopleura theramenes,FALSE,FALSE
Aves,Passeriformes,Tyrannidae,Camptostoma obsoletum,FALSE,FALSE
Equisetopsida,Asparagales,Orchidaceae,Campylocentrum micranthum,FALSE,FALSE
Aves,Passeriformes,Thraupidae,Loriotus cristatus,FALSE,FALSE
Equisetopsida,Zingiberales,Marantaceae,Monotagma laxum,FALSE,FALSE
Equisetopsida,Polypodiales,Polypodiaceae,Campyloneurum fuscosquamatum,FALSE,FALSE
Insecta,Lepidoptera,Hesperiidae,Aides aegita,FALSE,FALSE
Aves,Apodiformes,Trochilidae,Campylopterus largipennis,FALSE,FALSE
Aves,Passeriformes,Furnariidae,Campylorhamphus pusillus,FALSE,FALSE
Aves,Passeriformes,Furnariidae,Campylorhamphus trochilirostris,FALSE,FALSE
Insecta,Lepidoptera,Riodinidae,Rhetus periander laonome,FALSE,FALSE
Aves,Passeriformes,Troglodytidae,Campylorhynchus turdinus,FALSE,FALSE
Insecta,Lepidoptera,Papilionidae,Mimoides pausanias pausanias,FALSE,FALSE
Insecta,Lepidoptera,Riodinidae,Rhetus arcius huanus,FALSE,FALSE
Insecta,Lepidoptera,Saturniidae,Rhescyntis hippodamia hippodamia,FALSE,FALSE
Insecta,Diptera,Tabanidae,Stenobanus incipiens,FALSE,FALSE
Actinopterygii,Siluriformes,Loricariidae,Loricaria clavipinna,FALSE,FALSE
Aves,Passeriformes,Tyrannidae,Myiozetetes luteiventris,FALSE,FALSE
Aves,Passeriformes,Thamnophilidae,Rhegmatorhina melanosticta,FALSE,FALSE
Insecta,Lepidoptera,Papilionidae,Mimoides ariarathes gayi,FALSE,FALSE
Equisetopsida,Fabales,Fabaceae,Canavalia grandiflora,FALSE,FALSE
Insecta,Lepidoptera,Hesperiidae,Cantha calva,FALSE,FALSE
Insecta,Coleoptera,Scarabaeidae,Canthon aequinoctialis,FALSE,FALSE
Aves,Passeriformes,Tyrannidae,Myiozetetes similis,FALSE,FALSE
Equisetopsida,Myrtales,Melastomataceae,Miconia phaeophylla,FALSE,FALSE
Insecta,Coleoptera,Scarabaeidae,Canthon luteicollis,FALSE,FALSE
Insecta,Diptera,Tabanidae,Stenobanus cinereus,FALSE,FALSE
Insecta,Lepidoptera,Erebidae,Agyrtidia uranophila,FALSE,FALSE
Insecta,Diptera,Tabanidae,Stenobanus albilinearis,FALSE,FALSE
Insecta,Coleoptera,Scarabaeidae,Canthon monilifer,FALSE,FALSE
Insecta,Coleoptera,Scarabaeidae,Canthon quinquemaculatus,FALSE,FALSE
Insecta,Coleoptera,Scarabaeidae,Canthon smaragdulus,FALSE,FALSE
Insecta,Lepidoptera,Pieridae,Rhabdodryas trite trite,FALSE,FALSE
Aves,Passeriformes,Troglodytidae,Cantorchilus leucotis,FALSE,FALSE
Equisetopsida,Gentianales,Rubiaceae,Capirona macrophylla,FALSE,FALSE
Equisetopsida,Zingiberales,Zingiberaceae,Renealmia thyrsoidea subsp. thyrsoidea,FALSE,FALSE
Aves,Passeriformes,Tyrannidae,Lophotriccus eulophotes,FALSE,FALSE
Aves,Strigiformes,Strigidae,Lophostrix cristata,FALSE,FALSE
Equisetopsida,Myrtales,Melastomataceae,Miconia prasina,FALSE,FALSE
Equisetopsida,Zingiberales,Zingiberaceae,Renealmia monosperma,FALSE,FALSE
Equisetopsida,Solanales,Solanaceae,Capsicum coccineum,FALSE,FALSE
Aves,Falconiformes,Falconidae,Milvago chimachima,FALSE,FALSE
Equisetopsida,Zingiberales,Zingiberaceae,Renealmia breviscapa,FALSE,FALSE
Aves,Falconiformes,Falconidae,Caracara plancus,FALSE,FALSE
Equisetopsida,Myrtales,Melastomataceae,Miconia punctata,FALSE,FALSE
Equisetopsida,Malpighiales,Calophyllaceae,Caraipa densifolia,FALSE,FALSE
Mammalia,Chiroptera,Phyllostomidae,Lophostoma silvicolum,FALSE,FALSE
Equisetopsida,Malpighiales,Calophyllaceae,Caraipa myrcioides,FALSE,FALSE
Insecta,Lepidoptera,Hesperiidae,Remella remus,FALSE,FALSE
Equisetopsida,Sapindales,Rutaceae,Ravenia biramosa,FALSE,FALSE
Equisetopsida,Gentianales,Apocynaceae,Rauvolfia praecox,FALSE,FALSE
Aves,Passeriformes,Parulidae,Cardellina canadensis,FALSE,FALSE
Insecta,Lepidoptera,Hesperiidae,Mylon ander ander,FALSE,FALSE
Mammalia,Chiroptera,Phyllostomidae,Lophostoma brasiliense,FALSE,FALSE
Insecta,Lepidoptera,Hesperiidae,Mylon jason,FALSE,FALSE
Insecta,Lepidoptera,Hesperiidae,Milanion pilumnus pilumnus,FALSE,FALSE
Equisetopsida,Sapindales,Sapindaceae,Cardiospermum grandiflorum,FALSE,FALSE
Insecta,Lepidoptera,Hesperiidae,Mylon menippus,FALSE,FALSE
Equisetopsida,Santalales,Balanophoraceae,Lophophytum mirabile,FALSE,FALSE
Insecta,Lepidoptera,Hesperiidae,Mylon pelopidas,FALSE,FALSE
Insecta,Hymenoptera,Formicidae,Carebara urichi,FALSE,FALSE
Insecta,Lepidoptera,Nymphalidae,Rareuptychia clio,FALSE,FALSE
Insecta,Lepidoptera,Riodinidae,Caria mantinea amazonica,FALSE,FALSE
Aves,Accipitriformes,Accipitridae,Spizaetus ornatus,FALSE,FALSE
Insecta,Lepidoptera,Riodinidae,Caria trochilus arete,FALSE,FALSE
Insecta,Lepidoptera,Riodinidae,Cariomothis erythromelas fulvus,FALSE,FALSE
Actinopterygii,Characiformes,Gasteropelecidae,Carnegiella myersi,FALSE,FALSE
Actinopterygii,Characiformes,Gasteropelecidae,Carnegiella schereri,FALSE,FALSE
Mammalia,Chiroptera,Phyllostomidae,Carollia brevicauda,FALSE,FALSE
Mammalia,Rodentia,Dasyproctidae,Myoprocta pratti,FALSE,FALSE
Mammalia,Chiroptera,Phyllostomidae,Carollia castanea,FALSE,FALSE
Mammalia,Chiroptera,Phyllostomidae,Carollia perspicillata,FALSE,FALSE
Equisetopsida,Malpighiales,Achariaceae,Carpotroche amazonica,FALSE,FALSE
Equisetopsida,Malpighiales,Achariaceae,Carpotroche longifolia,FALSE,FALSE
Insecta,Lepidoptera,Hesperiidae,Carrhenes canescens leada,FALSE,FALSE
Equisetopsida,Myrtales,Melastomataceae,Miconia pyrifolia,FALSE,FALSE
Insecta,Lepidoptera,Hesperiidae,Carrhenes fuscescens conia,FALSE,FALSE
Insecta,Lepidoptera,Hesperiidae,Carrhenes santes,FALSE,FALSE
Equisetopsida,Gentianales,Rubiaceae,Randia armata,FALSE,FALSE
Insecta,Diptera,Asilidae,Lophoceraea pennata,FALSE,FALSE
Equisetopsida,Malpighiales,Caryocaraceae,Caryocar amygdaliforme,FALSE,FALSE
Equisetopsida,Gentianales,Rubiaceae,Randia aculeata var. aculeata,FALSE,FALSE
Aves,Passeriformes,Tyrannidae,Ramphotrigon ruficauda,FALSE,FALSE
Insecta,Lepidoptera,Nymphalidae,Memphis phantes phantes,FALSE,FALSE
Insecta,Lepidoptera,Hesperiidae,Milanion hemes,FALSE,FALSE
Equisetopsida,Malpighiales,Euphorbiaceae,Caryodendron orinocense,FALSE,FALSE
Aves,Passeriformes,Tyrannidae,Ramphotrigon megacephalum,FALSE,FALSE
Insecta,Lepidoptera,Hesperiidae,Carystoides basoches,FALSE,FALSE
Insecta,Lepidoptera,Hesperiidae,Carystoides cathaea,FALSE,FALSE
Insecta,Lepidoptera,Hesperiidae,Carystoides noseda,FALSE,FALSE
Insecta,Lepidoptera,Hesperiidae,Carystoides sicania orbius,FALSE,FALSE
Aves,Passeriformes,Tyrannidae,Ramphotrigon fuscicauda,FALSE,FALSE
Equisetopsida,Malpighiales,Salicaceae,Casearia arborea,FALSE,FALSE
Mammalia,Chiroptera,Vespertilionidae,Myotis albescens,FALSE,FALSE
Aves,Passeriformes,Thraupidae,Ramphocelus nigrogularis,FALSE,FALSE
Equisetopsida,Malpighiales,Salicaceae,Casearia gossypiosperma,FALSE,FALSE
Mammalia,Carnivora,Mustelidae,Lontra longicaudis,FALSE,FALSE
Equisetopsida,Malpighiales,Salicaceae,Casearia maynacarpa,FALSE,FALSE
Equisetopsida,Malpighiales,Salicaceae,Casearia obovalis,FALSE,FALSE
Equisetopsida,Malpighiales,Salicaceae,Casearia pitumba,FALSE,FALSE
Equisetopsida,Malpighiales,Salicaceae,Casearia singularis,FALSE,FALSE
Equisetopsida,Malpighiales,Salicaceae,Casearia ulmifolia,FALSE,FALSE
Aves,Passeriformes,Thraupidae,Ramphocelus carbo,FALSE,FALSE
Aves,Passeriformes,Tyrannidae,Casiornis rufus,FALSE,FALSE
Insecta,Lepidoptera,Nymphalidae,Castilia angusta,FALSE,FALSE
Insecta,Lepidoptera,Nymphalidae,Castilia perilla,FALSE,FALSE
Equisetopsida,Rosales,Moraceae,Castilla ulei,FALSE,FALSE
Insecta,Diptera,Tabanidae,Catachlorops rubuginosus,FALSE,FALSE
Aves,Passeriformes,Polioptilidae,Ramphocaenus melanurus,FALSE,FALSE
Insecta,Lepidoptera,Nymphalidae,Catacore kolyma pasithea,FALSE,FALSE
Mammalia,Chiroptera,Vespertilionidae,Myotis nigricans,FALSE,FALSE
Insecta,Lepidoptera,Erebidae,Agyrta porphyria rothschildi,FALSE,FALSE
Aves,Piciformes,Ramphastidae,Ramphastos vitellinus,FALSE,FALSE
Aves,Piciformes,Ramphastidae,Ramphastos tucanus,FALSE,FALSE
Insecta,Lepidoptera,Saturniidae,Lonomia (Periga) prattorum,FALSE,FALSE
Insecta,Lepidoptera,Saturniidae,Lonomia (Periga) bispinosa,FALSE,FALSE
Insecta,Lepidoptera,Saturniidae,Lonomia (Periga) angulosa,FALSE,FALSE
Insecta,Lepidoptera,Saturniidae,Lonomia (Lonomia) descimoni descimoni,FALSE,FALSE
Equisetopsida,Asparagales,Orchidaceae,Acianthera fumioi,FALSE,FALSE
Aves,Cathartiformes,Cathartidae,Cathartes aura,FALSE,FALSE
Aves,Cathartiformes,Cathartidae,Cathartes melambrotus,FALSE,FALSE
Aves,Passeriformes,Turdidae,Catharus fuscescens,FALSE,FALSE
Insecta,Lepidoptera,Nymphalidae,Memphis philumena philumena,FALSE,FALSE
Equisetopsida,Myrtales,Melastomataceae,Miconia serrulata,FALSE,FALSE
Equisetopsida,Malpighiales,Ochnaceae,Quiina florida,FALSE,FALSE
Equisetopsida,Malpighiales,Ochnaceae,Quiina cruegeriana,FALSE,FALSE
Aves,Passeriformes,Turdidae,Catharus minimus,FALSE,FALSE
Aves,Passeriformes,Turdidae,Catharus ustulatus,FALSE,FALSE
Equisetopsida,Malpighiales,Ochnaceae,Quiina amazonica,FALSE,FALSE
Mammalia,Chiroptera,Vespertilionidae,Myotis riparius,FALSE,FALSE
Equisetopsida,Polypodiales,Lomariopsidaceae,Lomariopsis nigropaleata,FALSE,FALSE
Equisetopsida,Polypodiales,Lomariopsidaceae,Lomariopsis japurensis,FALSE,FALSE
Insecta,Lepidoptera,Nymphalidae,Catoblepia berecynthia adjecta,FALSE,FALSE
Aves,Passeriformes,Cotingidae,Querula purpurata,FALSE,FALSE
Insecta,Lepidoptera,Nymphalidae,Catoblepia soranus,FALSE,FALSE
Insecta,Lepidoptera,Nymphalidae,Catoblepia xanthicles belisar,FALSE,FALSE
Insecta,Odonata,Pseudostigmatidae,Mecistogaster ornata,FALSE,FALSE
Insecta,Lepidoptera,Nymphalidae,Catonephele acontius acontius,FALSE,FALSE
Insecta,Lepidoptera,Nymphalidae,Catonephele antinoe,FALSE,FALSE
Insecta,Lepidoptera,Nymphalidae,Catonephele numilia numilia,FALSE,FALSE
Insecta,Lepidoptera,Hesperiidae,Quasimellana pandora,FALSE,FALSE
Equisetopsida,Malvales,Malvaceae,Quararibea wittii,FALSE,FALSE
Equisetopsida,Cucurbitales,Cucurbitaceae,Cayaponia crugeri,FALSE,FALSE
Insecta,Odonata,Pseudostigmatidae,Mecistogaster linearis,FALSE,FALSE
Equisetopsida,Cucurbitales,Cucurbitaceae,Cayaponia ophthalmica,FALSE,FALSE
Equisetopsida,Cucurbitales,Cucurbitaceae,Cayaponia tubulosa,FALSE,FALSE
Equisetopsida,Malvales,Malvaceae,Quararibea guianensis,FALSE,FALSE
Equisetopsida,Malvales,Malvaceae,Quararibea amazonica,FALSE,FALSE
Equisetopsida,Myrtales,Vochysiaceae,Qualea grandiflora,FALSE,FALSE
Insecta,Lepidoptera,Hesperiidae,Quadrus deyrollei porta,FALSE,FALSE
Insecta,Lepidoptera,Hesperiidae,Quadrus contubernalis contubernalis,FALSE,FALSE
Mammalia,Primates,Cebidae,Cebus (Cebus) albifrons,FALSE,FALSE
Insecta,Lepidoptera,Hesperiidae,Quadrus cerialis,FALSE,FALSE
Insecta,Lepidoptera,Hesperiidae,Pythonides lerina,FALSE,FALSE
Mammalia,Primates,Cebidae,Cebus (Sapajus) apella,FALSE,FALSE
Insecta,Lepidoptera,Hesperiidae,Pythonides jovianus fabricii,FALSE,FALSE
Insecta,Lepidoptera,Hesperiidae,Pythonides herennius herennius,FALSE,FALSE
Insecta,Odonata,Pseudostigmatidae,Mecistogaster jocaste,FALSE,FALSE
Insecta,Odonata,Pseudostigmatidae,Mecistogaster buckleyi,FALSE,FALSE
Insecta,Lepidoptera,Nymphalidae,Mechanitis polymnia angustifascia,FALSE,FALSE
Insecta,Lepidoptera,Nymphalidae,Mechanitis mazaeus mazaeus,FALSE,FALSE
Insecta,Lepidoptera,Erebidae,Agyrta pandemia,FALSE,FALSE
Equisetopsida,Myrtales,Melastomataceae,Miconia splendens,FALSE,FALSE
Aves,Passeriformes,Cotingidae,Lipaugus vociferans,FALSE,FALSE
Insecta,Lepidoptera,Hesperiidae,Pythonides grandis assecla,FALSE,FALSE
Aves,Psittaciformes,Psittacidae,Pyrrhura rupicola,FALSE,FALSE
Equisetopsida,Rosales,Urticaceae,Cecropia engleriana,FALSE,FALSE
Equisetopsida,Rosales,Urticaceae,Cecropia ficifolia,FALSE,FALSE
Insecta,Lepidoptera,Nymphalidae,Memphis polycarmes,FALSE,FALSE
Actinopterygii,Characiformes,Lebiasinidae,Pyrrhulina vittata,FALSE,FALSE
Insecta,Lepidoptera,Erebidae,Agyrta dux,FALSE,FALSE
Equisetopsida,Rosales,Urticaceae,Cecropia latiloba,FALSE,FALSE
Equisetopsida,Rosales,Urticaceae,Cecropia membranacea,FALSE,FALSE
Insecta,Lepidoptera,Hesperiidae,Pyrrhopygopsis socrates orasus,FALSE,FALSE
Equisetopsida,Rosales,Urticaceae,Cecropia obtusifolia,FALSE,FALSE
Equisetopsida,Rosales,Urticaceae,Cecropia peltata,FALSE,FALSE
Equisetopsida,Rosales,Urticaceae,Cecropia polystachya,FALSE,FALSE
Equisetopsida,Rosales,Urticaceae,Cecropia sciadophylla,FALSE,FALSE
Insecta,Lepidoptera,Nymphalidae,Memphis polyxo,FALSE,FALSE
Insecta,Lepidoptera,Hesperiidae,Pyrrhopyge proculus drauti,FALSE,FALSE
Equisetopsida,Myrtales,Myrtaceae,Myrcia densiflora,FALSE,FALSE
Insecta,Lepidoptera,Hesperiidae,Pyrrhopyge cometes,FALSE,FALSE
Insecta,Lepidoptera,Hesperiidae,Aguna coleus,FALSE,FALSE
Aves,Passeriformes,Tyrannidae,Pyrrhomyias cinnamomeus,FALSE,FALSE
Insecta,Lepidoptera,Nymphalidae,Mechanitis lysimnia menecles,FALSE,FALSE
Equisetopsida,Sapindales,Meliaceae,Cedrela fissilis,FALSE,TRUE
Insecta,Lepidoptera,Nymphalidae,Pyrrhogyra otolais olivenca,FALSE,FALSE
Insecta,Lepidoptera,Nymphalidae,Pyrrhogyra neaerea amphiro,FALSE,FALSE
Insecta,Lepidoptera,Nymphalidae,Pyrrhogyra edocla cuparina,FALSE,FALSE
Insecta,Lepidoptera,Nymphalidae,Pyrrhogyra crameri hagnodorus,FALSE,FALSE
Equisetopsida,Lamiales,Bignoniaceae,Pyrostegia venusta,FALSE,FALSE
Insecta,Lepidoptera,Hesperiidae,Aguna aurunce,FALSE,FALSE
Equisetopsida,Fabales,Fabaceae,Cedrelinga cateniformis,FALSE,FALSE
Equisetopsida,Myrtales,Myrtaceae,Myrcia guianensis,FALSE,FALSE
Equisetopsida,Malvales,Malvaceae,Ceiba insignis,FALSE,FALSE
Equisetopsida,Malvales,Malvaceae,Ceiba lupuna,FALSE,FALSE
Insecta,Lepidoptera,Erebidae,Aclytia gynamorpha,FALSE,FALSE
Equisetopsida,Malvales,Malvaceae,Ceiba pentandra,FALSE,FALSE
Insecta,Lepidoptera,Hesperiidae,Celaenorrhinus disjunctus,FALSE,FALSE
Equisetopsida,Myrtales,Myrtaceae,Myrcia hylobates,FALSE,FALSE
Insecta,Lepidoptera,Hesperiidae,Celaenorrhinus jao,FALSE,FALSE
Insecta,Lepidoptera,Hesperiidae,Celaenorrhinus shema shema,FALSE,FALSE
Insecta,Lepidoptera,Hesperiidae,Celaenorrhinus syllius,FALSE,FALSE
Aves,Passeriformes,Tyrannidae,Pyrocephalus rubinus,FALSE,FALSE
Equisetopsida,Myrtales,Melastomataceae,Miconia sulcicaulis,FALSE,FALSE
Insecta,Lepidoptera,Pieridae,Pyrisitia nice,FALSE,FALSE
Insecta,Lepidoptera,Pieridae,Pyrisitia leuce flavilla,FALSE,FALSE
Aves,Piciformes,Picidae,Celeus elegans,FALSE,FALSE
Aves,Piciformes,Picidae,Celeus flavus,FALSE,FALSE
Aves,Psittaciformes,Psittacidae,Pyrilia barrabandi,FALSE,FALSE
Aves,Piciformes,Picidae,Celeus grammicus,FALSE,FALSE
Aves,Piciformes,Picidae,Celeus spectabilis,FALSE,FALSE
Aves,Piciformes,Picidae,Celeus torquatus,FALSE,FALSE
Insecta,Lepidoptera,Lycaenidae,Celmia celmus,FALSE,FALSE
Equisetopsida,Myrtales,Melastomataceae,Miconia symplectocaulos,FALSE,FALSE
Equisetopsida,Asterales,Asteraceae,Mikania lindleyana,FALSE,FALSE
Equisetopsida,Myrtales,Melastomataceae,Miconia trinervia,FALSE,FALSE
Equisetopsida,Rosales,Cannabaceae,Celtis iguanaea,FALSE,TRUE
Insecta,Lepidoptera,Hesperiidae,Lindra boliviana,FALSE,FALSE
Equisetopsida,Myrtales,Melastomataceae,Miconia triplinervis,FALSE,FALSE
Equisetopsida,Malpighiales,Achariaceae,Lindackeria paludosa,FALSE,FALSE
Insecta,Lepidoptera,Nymphalidae,Memphis xenocles xenocles,FALSE,FALSE
Equisetopsida,Rosales,Cannabaceae,Celtis schippii,FALSE,FALSE
Aves,Passeriformes,Hirundinidae,Pygochelidon cyanoleuca,FALSE,FALSE
Insecta,Lepidoptera,Erebidae,Centronia capysca,FALSE,FALSE
Insecta,Lepidoptera,Erebidae,Centronia demonis,FALSE,FALSE
Insecta,Lepidoptera,Erebidae,Centronia dodaba,FALSE,FALSE
Insecta,Lepidoptera,Erebidae,Centronia grisescens,FALSE,FALSE
Insecta,Lepidoptera,Erebidae,Centronia hypoleuca,FALSE,FALSE
Insecta,Lepidoptera,Erebidae,Centronia lenaeus,FALSE,FALSE
Insecta,Lepidoptera,Erebidae,Centronia melanitis,FALSE,FALSE
Equisetopsida,Myrtales,Myrtaceae,Myrcia neospeciosa,FALSE,FALSE
Aves,Passeriformes,Thamnophilidae,Pygiptila stellaris,FALSE,FALSE
Aves,Passeriformes,Cotingidae,Cephalopterus ornatus,FALSE,FALSE
Insecta,Hymenoptera,Formicidae,Cephalotes umbraculatus,FALSE,FALSE
Insecta,Lepidoptera,Nymphalidae,Cepheuptychia cephus cephus,FALSE,FALSE
Insecta,Lepidoptera,Riodinidae,Melanis xarifa quadripunctata,FALSE,FALSE
Insecta,Lepidoptera,Hesperiidae,Cephise cephise,FALSE,FALSE
Insecta,Lepidoptera,Erebidae,Ceramidia fumipennis,FALSE,FALSE
Insecta,Lepidoptera,Nymphalidae,Ceratinia neso peruensis,FALSE,FALSE
Insecta,Lepidoptera,Nymphalidae,Ceratinia tutia fuscens,FALSE,FALSE
Insecta,Lepidoptera,Nymphalidae,Ceratiscada hymen hymen,FALSE,FALSE
Mammalia,Carnivora,Felidae,Puma yagouaroundi,FALSE,FALSE
Aves,Passeriformes,Pipridae,Ceratopipra chloromeros,FALSE,FALSE
Aves,Passeriformes,Pipridae,Ceratopipra rubrocapilla,FALSE,FALSE
Aves,Passeriformes,Thamnophilidae,Cercomacra cinerascens,FALSE,FALSE
Aves,Passeriformes,Thamnophilidae,Cercomacra manu,FALSE,FALSE
Aves,Passeriformes,Thamnophilidae,Cercomacroides nigrescens,FALSE,FALSE
Aves,Passeriformes,Thamnophilidae,Cercomacroides serva,FALSE,FALSE
Mammalia,Carnivora,Felidae,Puma concolor,FALSE,FALSE
Insecta,Lepidoptera,Saturniidae,Cerodirphia araguensis,FALSE,FALSE
Insecta,Lepidoptera,Saturniidae,Cerodirphia speciosa,FALSE,FALSE
Equisetopsida,Asterales,Asteraceae,Mikania aquaria,FALSE,FALSE
Insecta,Diptera,Asilidae,Cerotainia debilis,FALSE,FALSE
Insecta,Diptera,Asilidae,Cerotainia marginata,FALSE,FALSE
Insecta,Lepidoptera,Erebidae,Aclytia heber,FALSE,FALSE
Aves,Passeriformes,Furnariidae,Certhiaxis cinnamomeus,FALSE,FALSE
Aves,Strigiformes,Strigidae,Pulsatrix perspicillata,FALSE,FALSE
Insecta,Lepidoptera,Hesperiidae,Mictris crispus,FALSE,FALSE
Aves,Strigiformes,Strigidae,Pulsatrix melanota,FALSE,FALSE
Equisetopsida,Lamiales,Acanthaceae,Pulchranthus adenostachyus,FALSE,FALSE
Equisetopsida,Solanales,Solanaceae,Cestrum reflexum,FALSE,FALSE
Insecta,Lepidoptera,Erebidae,Ptychotrichus zeus,FALSE,FALSE
Insecta,Lepidoptera,Erebidae,Aclytia klagesi,FALSE,FALSE
Equisetopsida,Lamiales,Acanthaceae,Mendoncia aspera,FALSE,FALSE
Insecta,Lepidoptera,Nymphalidae,Pteronymia forsteri,FALSE,FALSE
Aves,Falconiformes,Falconidae,Micrastur gilvicollis,FALSE,FALSE
Insecta,Lepidoptera,Nymphalidae,Pteronymia antisao guntheri,FALSE,FALSE
Insecta,Lepidoptera,Erebidae,Aclytia petra,FALSE,FALSE
Aves,Falconiformes,Falconidae,Micrastur mirandollei,FALSE,FALSE
Aves,Falconiformes,Falconidae,Micrastur ruficollis,FALSE,FALSE
Mammalia,Carnivora,Mustelidae,Pteronura brasiliensis,FALSE,TRUE
Mammalia,Cetartiodactyla,Cervidae,Mazama americana,FALSE,FALSE
Equisetopsida,Laurales,Lauraceae,Licaria canella,FALSE,FALSE
Aves,Apodiformes,Apodidae,Chaetura brachyura,FALSE,FALSE
Equisetopsida,Myrtales,Myrtaceae,Myrcia simulata,FALSE,FALSE
Equisetopsida,Alismatales,Araceae,Monstera lechleriana,FALSE,FALSE
Aves,Passeriformes,Furnariidae,Microxenops milleri,FALSE,FALSE
Equisetopsida,Laurales,Lauraceae,Licaria aurea,FALSE,FALSE
Aves,Apodiformes,Apodidae,Chaetura cinereiventris,FALSE,FALSE
Equisetopsida,Laurales,Lauraceae,Licaria armeniaca,FALSE,FALSE
Equisetopsida,Myrtales,Myrtaceae,Myrcia splendens,FALSE,TRUE
Insecta,Odonata,Pseudostigmatidae,Microstigma anomalum,FALSE,FALSE
Insecta,Lepidoptera,Riodinidae,Melanis marathon stenotaenia,FALSE,FALSE
Aves,Apodiformes,Apodidae,Chaetura egregia,FALSE,FALSE
Aves,Falconiformes,Falconidae,Micrastur semitorquatus,FALSE,FALSE
Insecta,Lepidoptera,Erebidae,Aclytia reducta,FALSE,FALSE
Insecta,Odonata,Libellulidae,Micrathyria artemis,FALSE,FALSE
Insecta,Odonata,Libellulidae,Micrathyria atra,FALSE,FALSE
Equisetopsida,Malpighiales,Chrysobalanaceae,Licania harlingii,FALSE,FALSE
Equisetopsida,Malpighiales,Chrysobalanaceae,Licania canescens,FALSE,FALSE
Equisetopsida,Celastrales,Celastraceae,Maytenus sprucei,FALSE,FALSE
Aves,Piciformes,Ramphastidae,Pteroglossus inscriptus,FALSE,FALSE
Actinopterygii,Characiformes,Chalceidae,Chalceus erythrurus,FALSE,FALSE
Aves,Piciformes,Ramphastidae,Pteroglossus castanotis,FALSE,FALSE
Equisetopsida,Alismatales,Araceae,Monstera obliqua,FALSE,FALSE
Insecta,Odonata,Libellulidae,Micrathyria dido,FALSE,FALSE
Insecta,Odonata,Libellulidae,Micrathyria dythemoides,FALSE,FALSE
Equisetopsida,Celastrales,Celastraceae,Maytenus macrocarpa,FALSE,FALSE
Insecta,Odonata,Libellulidae,Micrathyria hippolyte,FALSE,FALSE
Insecta,Lepidoptera,Nymphalidae,Libytheana carinenta carinenta,FALSE,FALSE
Insecta,Odonata,Polythoridae,Chalcopteryx rutilans,FALSE,FALSE
Insecta,Lepidoptera,Riodinidae,Chalodeta chaonitis,FALSE,FALSE
Insecta,Lepidoptera,Riodinidae,Chalodeta lypera,FALSE,FALSE
Equisetopsida,Rosales,Urticaceae,Myriocarpa longipes,FALSE,FALSE
Aves,Piciformes,Ramphastidae,Pteroglossus beauharnaesii,FALSE,FALSE
Insecta,Lepidoptera,Riodinidae,Chalodeta theodora theodora,FALSE,FALSE
Equisetopsida,Arecales,Arecaceae,Chamaedorea angustisecta,FALSE,FALSE
Equisetopsida,Arecales,Arecaceae,Chamaedorea pauciflora,FALSE,FALSE
Equisetopsida,Arecales,Arecaceae,Chamaedorea pinnatifrons,FALSE,FALSE
Aves,Piciformes,Ramphastidae,Pteroglossus azara,FALSE,FALSE
Insecta,Lepidoptera,Riodinidae,Chamaelimnas tircis iaeris,FALSE,FALSE
Insecta,Lepidoptera,Riodinidae,Chamaelimnas urbana,FALSE,FALSE
Equisetopsida,Fabales,Fabaceae,Pterocarpus santalinoides,FALSE,FALSE
Equisetopsida,Asterales,Asteraceae,Acmella ciliata,FALSE,FALSE
Equisetopsida,Fabales,Fabaceae,Pterocarpus rohrii,FALSE,FALSE
Aves,Passeriformes,Formicariidae,Chamaeza nobilis,FALSE,FALSE
Equisetopsida,Fabales,Fabaceae,Pterocarpus amazonum,FALSE,FALSE
Equisetopsida,Polypodiales,Pteridaceae,Pteris pungens,FALSE,FALSE
Actinopterygii,Characiformes,Crenuchidae,Characidium bolivianum,FALSE,FALSE
Aves,Charadriiformes,Charadriidae,Charadrius collaris,FALSE,FALSE
Actinopterygii,Characiformes,Characidae,Charax caudimaculatus,FALSE,FALSE
Equisetopsida,Gentianales,Rubiaceae,Psychotria viridis,FALSE,FALSE
Actinopterygii,Characiformes,Characidae,Charax tectifer,FALSE,FALSE
Insecta,Odonata,Libellulidae,Micrathyria laevigata,FALSE,FALSE
Insecta,Lepidoptera,Riodinidae,Charis anius,FALSE,FALSE
Insecta,Lepidoptera,Riodinidae,Charis gynaea zama,FALSE,FALSE
Insecta,Lepidoptera,Erebidae,Leucotmemis varipes,FALSE,FALSE
Insecta,Odonata,Libellulidae,Micrathyria mengeri,FALSE,FALSE
Equisetopsida,Asparagales,Orchidaceae,Chaubardia klugii,FALSE,TRUE
Insecta,Odonata,Libellulidae,Micrathyria romani,FALSE,FALSE
Insecta,Lepidoptera,Erebidae,Leucotmemis tenthredoides,FALSE,FALSE
Insecta,Lepidoptera,Erebidae,Leucotmemis hemileuca,FALSE,FALSE
Insecta,Lepidoptera,Erebidae,Leucotmemis emergens,FALSE,FALSE
Insecta,Diptera,Tabanidae,Leucotabanus weyrauchi,FALSE,FALSE
Insecta,Diptera,Tabanidae,Leucotabanus flavinotum,FALSE,FALSE
Insecta,Diptera,Tabanidae,Leucotabanus exaestuans,FALSE,FALSE
Insecta,Diptera,Tabanidae,Leucotabanus albovarius,FALSE,FALSE
Insecta,Odonata,Libellulidae,Micrathyria tibialis,FALSE,FALSE
Aves,Anseriformes,Anhimidae,Chauna torquata,FALSE,FALSE
Mammalia,Pilosa,Myrmecophagidae,Myrmecophaga tridactyla,FALSE,TRUE
Aves,Accipitriformes,Accipitridae,Leucopternis kuhli,FALSE,FALSE
Equisetopsida,Gentianales,Rubiaceae,Psychotria trivialis,FALSE,FALSE
Equisetopsida,Celastrales,Celastraceae,Cheiloclinium cognatum,FALSE,FALSE
Equisetopsida,Celastrales,Celastraceae,Cheiloclinium hippocrateoides,FALSE,FALSE
Equisetopsida,Celastrales,Celastraceae,Cheiloclinium klugii,FALSE,FALSE
Equisetopsida,Gentianales,Rubiaceae,Psychotria santaremica,FALSE,FALSE
Actinopterygii,Siluriformes,Pimelodidae,Cheirocerus eques,FALSE,FALSE
Aves,Charadriiformes,Laridae,Leucophaeus pipixcan,FALSE,FALSE
Insecta,Lepidoptera,Erebidae,Myrmecopsis caurensis,FALSE,FALSE
Insecta,Lepidoptera,Erebidae,Myrmecopsis ichneumonea,FALSE,FALSE
Insecta,Lepidoptera,Erebidae,Myrmecopsis polistes,FALSE,FALSE
Insecta,Hymenoptera,Formicidae,Myrmelachista schumanni,FALSE,FALSE
Aves,Passeriformes,Polioptilidae,Microbates cinereiventris,FALSE,FALSE
Actinopterygii,Characiformes,Characidae,Cheirodon ortegai,FALSE,FALSE
Aves,Passeriformes,Thamnophilidae,Myrmelastes hyperythrus,FALSE,FALSE
Aves,Galbuliformes,Bucconidae,Chelidoptera tenebrosa,FALSE,FALSE
Equisetopsida,Gentianales,Rubiaceae,Psychotria remota,FALSE,FALSE
Equisetopsida,Gentianales,Rubiaceae,Psychotria ortiziana,FALSE,FALSE
Actinopterygii,Characiformes,Chilodontidae,Chilodus fritillus,FALSE,FALSE
Insecta,Coleoptera,Carabidae,Chiloxia binotata,FALSE,FALSE
Equisetopsida,Gentianales,Rubiaceae,Chimarrhis glabriflora,FALSE,FALSE
Equisetopsida,Gentianales,Rubiaceae,Chimarrhis hookeri,FALSE,FALSE
Equisetopsida,Gentianales,Rubiaceae,Psychotria juninensis,FALSE,FALSE
Equisetopsida,Gentianales,Rubiaceae,Psychotria herzogii,FALSE,FALSE
Equisetopsida,Gentianales,Rubiaceae,Psychotria guianensis,FALSE,FALSE
Aves,Apodiformes,Trochilidae,Chionomesa lactea,FALSE,FALSE
Mammalia,Chiroptera,Phyllostomidae,Chiroderma salvini,FALSE,FALSE
Aves,Passeriformes,Troglodytidae,Microcerculus marginatus,FALSE,FALSE
Equisetopsida,Gentianales,Rubiaceae,Psychotria carthagenensis,FALSE,FALSE
Mammalia,Chiroptera,Phyllostomidae,Chiroderma villosum,FALSE,FALSE
Mammalia,Didelphimorphia,Didelphidae,Chironectes minimus,FALSE,FALSE
Equisetopsida,Gentianales,Rubiaceae,Psychotria anceps,FALSE,FALSE
Aves,Gruiformes,Psophiidae,Psophia leucoptera,FALSE,FALSE
Aves,Passeriformes,Pipridae,Chiroxiphia boliviana,FALSE,FALSE
Insecta,Diptera,Asilidae,Acronyches fenestratulus,FALSE,FALSE
Aves,Charadriiformes,Laridae,Chlidonias niger,FALSE,FALSE
Insecta,Lepidoptera,Hesperiidae,Chloeria psittacina,FALSE,FALSE
Insecta,Lepidoptera,Erebidae,Psoloptera thoracica,FALSE,FALSE
Aves,Apodiformes,Trochilidae,Chlorestes cyanus,FALSE,FALSE
Insecta,Lepidoptera,Nymphalidae,Chloreuptychia arnaca,FALSE,FALSE
Insecta,Lepidoptera,Nymphalidae,Actinote pellenea hyalina,FALSE,FALSE
Insecta,Lepidoptera,Nymphalidae,Chloreuptychia catharina,FALSE,FALSE
Aves,Psittaciformes,Psittacidae,Psittacara leucophthalmus,FALSE,FALSE
Insecta,Lepidoptera,Nymphalidae,Chloreuptychia herseis,FALSE,FALSE
Aves,Coraciiformes,Alcedinidae,Chloroceryle aenea,FALSE,FALSE
Aves,Galbuliformes,Bucconidae,Monasa morphoeus,FALSE,FALSE
Aves,Coraciiformes,Alcedinidae,Chloroceryle amazona,FALSE,FALSE
Equisetopsida,Santalales,Loranthaceae,Psittacanthus acinarius,FALSE,FALSE
Aves,Coraciiformes,Alcedinidae,Chloroceryle americana,FALSE,FALSE
Aves,Coraciiformes,Alcedinidae,Chloroceryle inda,FALSE,FALSE
Equisetopsida,Cucurbitales,Cucurbitaceae,Psiguria triphylla,FALSE,FALSE
Insecta,Lepidoptera,Riodinidae,Leucochimona metata chionea,FALSE,FALSE
Equisetopsida,Cucurbitales,Cucurbitaceae,Psiguria ternata,FALSE,FALSE
Insecta,Lepidoptera,Riodinidae,Leucochimona matisca,FALSE,FALSE
Equisetopsida,Celastrales,Celastraceae,Maytenus ebenifolia,FALSE,FALSE
Equisetopsida,Myrtales,Myrtaceae,Psidium friedrichsthalianum,FALSE,FALSE
Equisetopsida,Magnoliales,Annonaceae,Pseudoxandra polyphleba,FALSE,FALSE
Aves,Passeriformes,Thraupidae,Chlorophanes spiza,FALSE,FALSE
Aves,Passeriformes,Fringillidae,Chlorophonia cyanea,FALSE,FALSE
Actinopterygii,Siluriformes,Trichomycteridae,Pseudostegophilus nemurus,FALSE,FALSE
Insecta,Lepidoptera,Saturniidae,Leucanella maasseni,FALSE,FALSE
Aves,Passeriformes,Passerellidae,Chlorospingus canigularis,FALSE,FALSE
Insecta,Lepidoptera,Sphingidae,Pseudosphinx tetrio,FALSE,FALSE
Insecta,Lepidoptera,Erebidae,Pseudosphex tetrazona,FALSE,FALSE
Insecta,Lepidoptera,Erebidae,Pseudosphex pelopia,FALSE,FALSE
Aves,Passeriformes,Thamnophilidae,Myrmoborus leucophrys,FALSE,FALSE
Insecta,Odonata,Lestidae,Lestes pictus,FALSE,FALSE
Insecta,Lepidoptera,Erebidae,Pseudosphex munda,FALSE,FALSE
Insecta,Lepidoptera,Erebidae,Pseudosphex fulvisphex,FALSE,FALSE
Insecta,Lepidoptera,Erebidae,Pseudosphex faveria,FALSE,FALSE
Insecta,Lepidoptera,Erebidae,Pseudosphex caurensis,FALSE,FALSE
Insecta,Lepidoptera,Erebidae,Pseudosphex analis,FALSE,FALSE
Aves,Passeriformes,Thamnophilidae,Myrmoborus lophotes,FALSE,FALSE
Insecta,Lepidoptera,Erebidae,Pseudosphenoptera chimaera,FALSE,FALSE
Equisetopsida,Cucurbitales,Cucurbitaceae,Pseudosicydium acaranthum,FALSE,FALSE
Insecta,Lepidoptera,Nymphalidae,Pseudoscada timna,FALSE,FALSE
Aves,Apodiformes,Trochilidae,Chlorostilbon mellisugus,FALSE,FALSE
Insecta,Diptera,Asilidae,Pseudorus distendens,FALSE,FALSE
Insecta,Diptera,Asilidae,Pseudorus dimidiatus,FALSE,FALSE
Insecta,Diptera,Tabanidae,Chlorotabanus inanis,FALSE,FALSE
Insecta,Diptera,Tabanidae,Chlorotabanus pleucochlorus,FALSE,FALSE
Aves,Passeriformes,Thamnophilidae,Microrhopias quixensis,FALSE,FALSE
Aves,Passeriformes,Cardinalidae,Chlorothraupis carmioli,FALSE,FALSE
Insecta,Hymenoptera,Formicidae,Pseudoponera stigma,FALSE,FALSE
Insecta,Hymenoptera,Formicidae,Pseudoponera gilberti,FALSE,FALSE
Aves,Charadriiformes,Scolopacidae,Actitis macularius,FALSE,FALSE
Aves,Passeriformes,Thamnophilidae,Myrmoborus myotherinus,FALSE,FALSE
Actinopterygii,Siluriformes,Pimelodidae,Pseudoplatystoma punctifer,FALSE,FALSE
Mammalia,Pilosa,Choloepodidae,Choloepus hoffmanni,FALSE,FALSE
Equisetopsida,Gentianales,Rubiaceae,Chomelia apodantha,FALSE,FALSE
Equisetopsida,Fabales,Fabaceae,Pseudopiptadenia suaveolens,FALSE,FALSE
Equisetopsida,Gentianales,Rubiaceae,Chomelia tenuiflora,FALSE,FALSE
Equisetopsida,Ranunculales,Menispermaceae,Chondrodendron tomentosum,FALSE,FALSE
Aves,Accipitriformes,Accipitridae,Chondrohierax uncinatus,FALSE,FALSE
Equisetopsida,Icacinales,Icacinaceae,Leretia cordata,FALSE,FALSE
Insecta,Lepidoptera,Pieridae,Pseudopieris nehemia melania,FALSE,FALSE
Aves,Caprimulgiformes,Caprimulgidae,Chordeiles acutipennis,FALSE,FALSE
Insecta,Hymenoptera,Formicidae,Pseudomyrmex tenuis,FALSE,FALSE
Insecta,Hymenoptera,Formicidae,Pseudomyrmex pupa,FALSE,FALSE
Equisetopsida,Ericales,Sapotaceae,Micropholis venulosa,FALSE,FALSE
Insecta,Hymenoptera,Formicidae,Pseudomyrmex gracilis,FALSE,FALSE
Insecta,Hymenoptera,Formicidae,Pseudomyrmex dendroicus,FALSE,FALSE
Insecta,Lepidoptera,Erebidae,Pseudomya vindonissa,FALSE,FALSE
Equisetopsida,Alismatales,Araceae,Monstera pinnatipartita,FALSE,FALSE
Insecta,Lepidoptera,Erebidae,Pseudomya tipulina,FALSE,FALSE
Aves,Columbiformes,Columbidae,Leptotila verreauxi,FALSE,FALSE
Insecta,Lepidoptera,Erebidae,Pseudomya tetraema,FALSE,FALSE
Aves,Caprimulgiformes,Caprimulgidae,Chordeiles minor,FALSE,FALSE
Insecta,Lepidoptera,Erebidae,Pseudomya temenus,FALSE,FALSE
Insecta,Lepidoptera,Erebidae,Pseudomya obscura,FALSE,FALSE
Insecta,Lepidoptera,Erebidae,Pseudomya lasiphlebia,FALSE,FALSE
Insecta,Lepidoptera,Erebidae,Pseudomya fumosa,FALSE,FALSE
Insecta,Lepidoptera,Erebidae,Pseudomya cassandra,FALSE,FALSE
Aves,Passeriformes,Thamnophilidae,Myrmophylax atrothorax,FALSE,FALSE
Equisetopsida,Magnoliales,Annonaceae,Pseudomalmea diclina,FALSE,FALSE
Equisetopsida,Rosales,Moraceae,Pseudolmedia rigida,FALSE,FALSE
Aves,Caprimulgiformes,Caprimulgidae,Chordeiles rupestris,FALSE,FALSE
Equisetopsida,Rosales,Moraceae,Pseudolmedia murure,FALSE,FALSE
Equisetopsida,Rosales,Moraceae,Pseudolmedia macrophylla,FALSE,FALSE
Equisetopsida,Rosales,Moraceae,Pseudolmedia laevis,FALSE,FALSE
Equisetopsida,Asterales,Asteraceae,Chromolaena laevigata,FALSE,FALSE
Equisetopsida,Rosales,Moraceae,Pseudolmedia laevigata,FALSE,FALSE
Aves,Passeriformes,Grallariidae,Myrmothera berlepschi,FALSE,FALSE
Equisetopsida,Polypodiales,Polypodiaceae,Microgramma dictyophylla,FALSE,FALSE
Insecta,Lepidoptera,Erebidae,Chrostosoma flavothorax,FALSE,FALSE
Insecta,Lepidoptera,Erebidae,Chrostosoma metallescens,FALSE,FALSE
Insecta,Lepidoptera,Erebidae,Chrostosoma phoenicophora,FALSE,FALSE
Insecta,Lepidoptera,Erebidae,Chrostosoma stilbosticta,FALSE,FALSE
Insecta,Lepidoptera,Erebidae,Chrostosoma subflamma,FALSE,FALSE
Insecta,Lepidoptera,Erebidae,Chrostosoma telepus,FALSE,FALSE
Insecta,Lepidoptera,Erebidae,Chrostosoma tenthras,FALSE,FALSE
Equisetopsida,Ericales,Sapotaceae,Micropholis melinoniana,FALSE,FALSE
Aves,Columbiformes,Columbidae,Leptotila rufaxilla,FALSE,FALSE
Insecta,Lepidoptera,Erebidae,Chrostosoma thoracicum,FALSE,FALSE
Equisetopsida,Polypodiales,Polypodiaceae,Microgramma reptans,FALSE,FALSE
Insecta,Lepidoptera,Erebidae,Chrostosoma xanthostictum,FALSE,FALSE
Mammalia,Chiroptera,Phyllostomidae,Chrotopterus auritus,FALSE,FALSE
Insecta,Lepidoptera,Saturniidae,Pseudodirphia uniformis,FALSE,FALSE
Insecta,Lepidoptera,Saturniidae,Pseudodirphia obliqua,FALSE,FALSE
Insecta,Lepidoptera,Saturniidae,Pseudodirphia eumedidoides,FALSE,FALSE
Equisetopsida,Alismatales,Araceae,Monstera spruceana,FALSE,FALSE
Insecta,Lepidoptera,Saturniidae,Pseudodirphia agis,FALSE,FALSE
Aves,Passeriformes,Grallariidae,Myrmothera campanisona,FALSE,FALSE
Insecta,Lepidoptera,Nymphalidae,Pseudodebis valentina,FALSE,FALSE
Insecta,Lepidoptera,Nymphalidae,Pseudodebis marpessa,FALSE,FALSE
Insecta,Lepidoptera,Nymphalidae,Pseudodebis griseola,FALSE,FALSE
Equisetopsida,Ericales,Sapotaceae,Chrysophyllum pomiferum,FALSE,FALSE
Aves,Passeriformes,Thamnophilidae,Myrmotherula axillaris,FALSE,FALSE
Equisetopsida,Oxalidales,Connaraceae,Pseudoconnarus macrophyllus,FALSE,FALSE
Equisetopsida,Ericales,Sapotaceae,Chrysophyllum venezuelanense,FALSE,FALSE
Aves,Passeriformes,Tyrannidae,Pseudocolopteryx acutipennis,FALSE,FALSE
Equisetopsida,Ericales,Sapotaceae,Micropholis guyanensis,FALSE,FALSE
Insecta,Lepidoptera,Hesperiidae,Chrysoplectrum perniciosus perniciosus,FALSE,FALSE
Insecta,Lepidoptera,Hesperiidae,Chrysoplectrum pervivax,FALSE,FALSE
Insecta,Diptera,Tabanidae,Chrysops bulbicornis,FALSE,FALSE
Insecta,Diptera,Tabanidae,Chrysops calogaster,FALSE,FALSE
Insecta,Diptera,Tabanidae,Chrysops ecuadorensis,FALSE,FALSE
Insecta,Diptera,Tabanidae,Chrysops insisus,FALSE,FALSE
Insecta,Diptera,Tabanidae,Chrysops leucospilus,FALSE,FALSE
Insecta,Diptera,Tabanidae,Chrysops varians var. Turdus,FALSE,FALSE
Insecta,Diptera,Tabanidae,Chrysops variegata,FALSE,FALSE
Insecta,Diptera,Tabanidae,Chrysops weberi,FALSE,FALSE
Aves,Apodiformes,Trochilidae,Chrysuronia oenone,FALSE,FALSE
Equisetopsida,Malvales,Malvaceae,Pseudobombax munguba,FALSE,FALSE
Insecta,Lepidoptera,Saturniidae,Pseudatomeris lata,FALSE,FALSE
Insecta,Lepidoptera,Saturniidae,Pseudatomeris irene arminirene,FALSE,FALSE
Aves,Passeriformes,Thamnophilidae,Myrmotherula brachyura,FALSE,FALSE
Aves,Accipitriformes,Accipitridae,Pseudastur albicollis,FALSE,FALSE
Aves,Strigiformes,Strigidae,Ciccaba huhula,FALSE,FALSE
Aves,Passeriformes,Tyrannidae,Leptopogon amaurocephalus,FALSE,FALSE
Aves,Strigiformes,Strigidae,Ciccaba virgata,FALSE,FALSE
Actinopterygii,Cichliformes,Cichlidae,Cichlasoma amazonarum,FALSE,FALSE
Insecta,Lepidoptera,Erebidae,Pseudaclytia opponens,FALSE,FALSE
Insecta,Hymenoptera,Formicidae,Leptogenys langi,FALSE,FALSE
Insecta,Lepidoptera,Erebidae,Pseudaclytia minor,FALSE,FALSE
Insecta,Lepidoptera,Saturniidae,Psedatomeris pobli,FALSE,FALSE
Actinopterygii,Characiformes,Curimatidae,Psectrogaster rutiloides,FALSE,FALSE
Equisetopsida,Ericales,Sapotaceae,Micropholis egensis,FALSE,FALSE
Aves,Accipitriformes,Accipitridae,Leptodon cayanensis,FALSE,FALSE
Actinopterygii,Cichliformes,Cichlidae,Cichlasoma boliviense,FALSE,FALSE
Aves,Passeriformes,Icteridae,Molothrus oryzivorus,FALSE,FALSE
Insecta,Coleoptera,Carabidae,Cicindela argentata,FALSE,FALSE
Insecta,Coleoptera,Carabidae,Cicindela suturalis,FALSE,FALSE
Aves,Passeriformes,Icteridae,Psarocolius decumanus,FALSE,FALSE
Aves,Passeriformes,Icteridae,Psarocolius bifasciatus,FALSE,FALSE
Aves,Passeriformes,Icteridae,Psarocolius angustifrons,FALSE,FALSE
Mammalia,Chiroptera,Phyllostomidae,Micronycteris minuta,FALSE,FALSE
Insecta,Odonata,Protoneuridae,Psaironeura cerasina,FALSE,FALSE
Equisetopsida,Malpighiales,Euphorbiaceae,Alchornea castaneifolia,FALSE,FALSE
Aves,Passeriformes,Icteridae,Molothrus bonariensis,FALSE,FALSE
Equisetopsida,Asparagales,Iridaceae,Cipura paludosa,FALSE,FALSE
Equisetopsida,Rosales,Rosaceae,Prunus detrita,TRUE,FALSE
Equisetopsida,Rosales,Rosaceae,Prunus debilis,FALSE,FALSE
Equisetopsida,Malpighiales,Achariaceae,Mayna odorata,FALSE,FALSE
Aves,Piciformes,Picidae,Melanerpes cruentatus,FALSE,FALSE
Equisetopsida,Rosales,Rosaceae,Prunus amplifolia,FALSE,FALSE
Insecta,Lepidoptera,Nymphalidae,Cisandina philippa,FALSE,FALSE
Equisetopsida,Malpighiales,Euphorbiaceae,Alchornea discolor,FALSE,FALSE
Insecta,Lepidoptera,Hesperiidae,Molo mango,FALSE,FALSE
Insecta,Lepidoptera,Nymphalidae,Cissia myncea,FALSE,FALSE
Insecta,Hymenoptera,Formicidae,Mayaponera constricta,FALSE,FALSE
Aves,Passeriformes,Thamnophilidae,Myrmotherula iheringi,FALSE,FALSE
Equisetopsida,Malpighiales,Euphorbiaceae,Alchornea glandulosa,FALSE,FALSE
Insecta,Lepidoptera,Nymphalidae,Cissia palladia,FALSE,FALSE
Insecta,Odonata,Protoneuridae,Protoneura tenuis,FALSE,FALSE
Insecta,Odonata,Protoneuridae,Protoneura paucinervis,FALSE,FALSE
Equisetopsida,Malpighiales,Chrysobalanaceae,Leptobalanus octandrus,FALSE,FALSE
Equisetopsida,Solanales,Convolvulaceae,Merremia umbellata,FALSE,FALSE
Insecta,Lepidoptera,Papilionidae,Protographium agesilaus autosilaus,FALSE,FALSE
Aves,Passeriformes,Thamnophilidae,Myrmotherula longicauda,FALSE,FALSE
Equisetopsida,Malpighiales,Euphorbiaceae,Alchornea triplinervia,FALSE,FALSE
Insecta,Lepidoptera,Riodinidae,Alesa amesis,FALSE,FALSE
Equisetopsida,Malpighiales,Chrysobalanaceae,Leptobalanus apetalus,FALSE,FALSE
Actinopterygii,Siluriformes,Callichthyidae,Lepthoplosternum beni,FALSE,FALSE
Insecta,Lepidoptera,Nymphalidae,Cissia proba,FALSE,FALSE
Equisetopsida,Sapindales,Burseraceae,Protium unifoliolatum,FALSE,FALSE
Equisetopsida,Sapindales,Burseraceae,Protium tenuifolium,FALSE,FALSE
Aves,Passeriformes,Thraupidae,Cissopis leverianus,FALSE,FALSE
Equisetopsida,Vitales,Vitaceae,Cissus alata,FALSE,FALSE
Equisetopsida,Sapindales,Burseraceae,Protium stevensonii,FALSE,FALSE
Equisetopsida,Vitales,Vitaceae,Cissus glaucotricha,FALSE,FALSE
Aves,Passeriformes,Thamnophilidae,Myrmotherula longipennis,FALSE,FALSE
Equisetopsida,Vitales,Vitaceae,Cissus pseudoverticillata,FALSE,FALSE
Equisetopsida,Sapindales,Burseraceae,Protium spruceanum,FALSE,FALSE
Equisetopsida,Vitales,Vitaceae,Cissus rubropilosa,FALSE,FALSE
Equisetopsida,Vitales,Vitaceae,Cissus trigona,FALSE,FALSE
Equisetopsida,Sapindales,Burseraceae,Protium sagotianum,FALSE,FALSE
Equisetopsida,Sapindales,Burseraceae,Protium robustum,FALSE,FALSE
Insecta,Lepidoptera,Riodinidae,Alesa hemiurga,FALSE,FALSE
Equisetopsida,Sapindales,Burseraceae,Protium rhynchophyllum,FALSE,FALSE
Insecta,Lepidoptera,Nymphalidae,Cithaerias pireta,FALSE,FALSE
Insecta,Lepidoptera,Nymphalidae,Cithaerias pireta tambopata,FALSE,FALSE
Equisetopsida,Sapindales,Burseraceae,Protium puncticulatum,FALSE,FALSE
Insecta,Lepidoptera,Saturniidae,Citheronia (Citheronia) phoronea,FALSE,FALSE
Equisetopsida,Sapindales,Burseraceae,Protium paniculatum,FALSE,FALSE
Equisetopsida,Sapindales,Burseraceae,Protium pallidum,FALSE,FALSE
Aves,Columbiformes,Columbidae,Claravis pretiosa,FALSE,FALSE
Equisetopsida,Sapindales,Burseraceae,Protium klugii,FALSE,FALSE
Equisetopsida,Rosales,Moraceae,Clarisia biflora,FALSE,FALSE
Equisetopsida,Gentianales,Rubiaceae,Alibertia claviflora,FALSE,FALSE
Equisetopsida,Sapindales,Burseraceae,Protium goudotianum,FALSE,FALSE
Equisetopsida,Rosales,Moraceae,Clarisia racemosa,FALSE,FALSE
Equisetopsida,Sapindales,Burseraceae,Protium glabrescens,FALSE,FALSE
Equisetopsida,Ericales,Primulaceae,Clavija cardenasii,FALSE,FALSE
Actinopterygii,Characiformes,Anostomidae,Leporinus yophorus,FALSE,FALSE
Actinopterygii,Characiformes,Anostomidae,Leporinus striatus,FALSE,FALSE
Aves,Passeriformes,Thamnophilidae,Myrmotherula menetriesii,FALSE,FALSE
Equisetopsida,Ericales,Primulaceae,Clavija poeppigii,FALSE,FALSE
Equisetopsida,Gentianales,Apocynaceae,Mesechites trifidus,FALSE,FALSE
Actinopterygii,Characiformes,Anostomidae,Leporinus friderici,FALSE,FALSE
Equisetopsida,Ericales,Primulaceae,Clavija tarapotana,FALSE,FALSE
Equisetopsida,Sapindales,Burseraceae,Protium excelsior,FALSE,FALSE
Equisetopsida,Ericales,Primulaceae,Clavija weberbaueri,FALSE,FALSE
Equisetopsida,Gentianales,Rubiaceae,Alibertia latifolia,FALSE,FALSE
Equisetopsida,Brassicales,Cleomaceae,Cleome virens,FALSE,FALSE
Equisetopsida,Gentianales,Apocynaceae,Allamanda cathartica,FALSE,FALSE
Insecta,Diptera,Tabanidae,Lepiselaga crassipes,FALSE,FALSE
Equisetopsida,Ericales,Lecythidaceae,Allantoma decandra,FALSE,FALSE
Equisetopsida,Sapindales,Burseraceae,Protium aracouchini,FALSE,FALSE
Equisetopsida,Sapindales,Burseraceae,Protium apiculatum,FALSE,FALSE
Equisetopsida,Sapindales,Burseraceae,Protium amazonicum,FALSE,FALSE
Insecta,Lepidoptera,Erebidae,Sphecosoma surrentum,FALSE,FALSE
Aves,Passeriformes,Pipridae,Lepidothrix coronata,FALSE,FALSE
Aves,Passeriformes,Furnariidae,Clibanornis rubiginosus,FALSE,FALSE
Insecta,Lepidoptera,Papilionidae,Protesilaus telesilaus telesilaus,FALSE,FALSE
Insecta,Lepidoptera,Papilionidae,Protesilaus macrosilaus hetaerius,FALSE,FALSE
Insecta,Lepidoptera,Papilionidae,Protesilaus glaucoaus leucas,FALSE,FALSE
Insecta,Lepidoptera,Papilionidae,Protesilaus ariarathes gayi,FALSE,FALSE
Insecta,Lepidoptera,Hesperiidae,Proteides mercurius mercurius,FALSE,FALSE
Equisetopsida,Asparagales,Orchidaceae,Prosthechea vespa,FALSE,FALSE
Aves,Passeriformes,Thamnophilidae,Myrmotherula sclateri,FALSE,FALSE
Insecta,Lepidoptera,Hesperiidae,Clito clito,FALSE,FALSE
Actinopterygii,Characiformes,Characidae,Clupeacharax anchoveoides,FALSE,FALSE
Insecta,Lepidoptera,Hesperiidae,Propertius propertius,FALSE,FALSE
Insecta,Lepidoptera,Hesperiidae,Propapias proximus,FALSE,FALSE
Insecta,Diptera,Asilidae,Promachus horni,FALSE,FALSE
Insecta,Odonata,Gomphidae,Progomphus boliviensis,FALSE,FALSE
Aves,Passeriformes,Hirundinidae,Progne tapera,FALSE,FALSE
Insecta,Lepidoptera,Erebidae,Clystea aner,FALSE,FALSE
Insecta,Lepidoptera,Erebidae,Clystea eliza,FALSE,FALSE
Insecta,Lepidoptera,Erebidae,Clystea leucaspis,FALSE,FALSE
Aves,Passeriformes,Hirundinidae,Progne chalybea,FALSE,FALSE
Aves,Passeriformes,Tyrannidae,Cnemotriccus fuscatus,FALSE,FALSE
Mammalia,Rodentia,Echimyidae,Proechimys simonsi,FALSE,FALSE
Aves,Passeriformes,Tyrannidae,Cnipodectes superrufus,FALSE,FALSE
Insecta,Lepidoptera,Hesperiidae,Cobalopsis nero,FALSE,FALSE
Insecta,Lepidoptera,Hesperiidae,Cobalus calvina,FALSE,FALSE
Insecta,Lepidoptera,Hesperiidae,Cobalus virbius virbius,FALSE,FALSE
Equisetopsida,Caryophyllales,Polygonaceae,Coccoloba acuminata,FALSE,FALSE
Mammalia,Rodentia,Echimyidae,Proechimys brevicauda,FALSE,FALSE
Equisetopsida,Fabales,Fabaceae,Myroxylon balsamum,FALSE,FALSE
Equisetopsida,Caryophyllales,Polygonaceae,Coccoloba densifrons,FALSE,FALSE
Equisetopsida,Caryophyllales,Polygonaceae,Coccoloba excelsa,FALSE,FALSE
Equisetopsida,Caryophyllales,Polygonaceae,Coccoloba lehmannii,FALSE,FALSE
Aves,Passeriformes,Furnariidae,Lepidocolaptes duidae,FALSE,FALSE
Equisetopsida,Caryophyllales,Polygonaceae,Coccoloba mollis,FALSE,FALSE
Mammalia,Carnivora,Procyonidae,Procyon cancrivorus,FALSE,FALSE
Insecta,Lepidoptera,Saturniidae,Adeloneivaia boisduvalii,FALSE,FALSE
Aves,Cuculiformes,Cuculidae,Coccycua cinerea,FALSE,FALSE
Aves,Cuculiformes,Cuculidae,Coccycua minuta,FALSE,FALSE
Aves,Pelecaniformes,Threskiornithidae,Mesembrinibis cayennensis,FALSE,FALSE
Aves,Cuculiformes,Cuculidae,Coccyzus americanus,FALSE,FALSE
Aves,Cuculiformes,Cuculidae,Coccyzus erythropthalmus,FALSE,FALSE
Equisetopsida,Malpighiales,Salicaceae,Prockia crucis,FALSE,FALSE
Aves,Cuculiformes,Cuculidae,Coccyzus melacoryphus,FALSE,FALSE
Insecta,Lepidoptera,Saturniidae,Procitheronia fenestrata,FALSE,FALSE
Aves,Pelecaniformes,Ardeidae,Cochlearius cochlearius,FALSE,FALSE
Actinopterygii,Characiformes,Prochilodontidae,Prochilodus nigricans,FALSE,FALSE
Mammalia,Rodentia,Erethizontidae,Coendou bicolor,FALSE,FALSE
Aves,Passeriformes,Thraupidae,Coereba flaveola,FALSE,FALSE
Equisetopsida,Poales,Poaceae,Coix lacryma-jobi,FALSE,FALSE
Aves,Piciformes,Picidae,Colaptes punctigula,FALSE,FALSE
Insecta,Lepidoptera,Saturniidae,Adeloneivaia catoxantha catoxantha,FALSE,FALSE
Insecta,Hymenoptera,Formicidae,Prionopelta marthae,FALSE,FALSE
Actinopterygii,Characiformes,Characidae,Prionobrama filigera,FALSE,FALSE
Equisetopsida,Asterales,Asteraceae,Lepidaploa salzmannii,FALSE,FALSE
Insecta,Lepidoptera,Saturniidae,Adeloneivaia jason jason,FALSE,FALSE
Mammalia,Cingulata,Chlamyphoridae,Priodontes maximus,FALSE,TRUE
Aves,Psittaciformes,Psittacidae,Primolius couloni,FALSE,TRUE
Insecta,Lepidoptera,Nymphalidae,Colobura dirce dirce,FALSE,FALSE
Insecta,Lepidoptera,Saturniidae,Adeloneivaia subangulata subangulata,FALSE,FALSE
Aves,Passeriformes,Tyrannidae,Colonia colonus,FALSE,FALSE
Equisetopsida,Gentianales,Apocynaceae,Prestonia trifida,FALSE,FALSE
Insecta,Lepidoptera,Riodinidae,Adelotypa aminias aminias,FALSE,FALSE
Equisetopsida,Gentianales,Apocynaceae,Prestonia ornata,FALSE,FALSE
Equisetopsida,Gentianales,Apocynaceae,Prestonia mollis,FALSE,FALSE
Insecta,Lepidoptera,Nymphalidae,Prepona pheridamas,FALSE,FALSE
Insecta,Lepidoptera,Nymphalidae,Prepona laertes demodice,FALSE,FALSE
Insecta,Lepidoptera,Nymphalidae,Prepona dexamenus dexamenus,FALSE,FALSE
Aves,Columbiformes,Columbidae,Columbina picui,FALSE,FALSE
Aves,Columbiformes,Columbidae,Columbina talpacoti,FALSE,FALSE
Equisetopsida,Rosales,Cannabaceae,Pouzolzia obliqua,FALSE,FALSE
Insecta,Lepidoptera,Riodinidae,Adelotypa annulifera,FALSE,FALSE
Equisetopsida,Ericales,Sapotaceae,Pouteria trilocularis,FALSE,FALSE
Equisetopsida,Myrtales,Combretaceae,Combretum gracile,FALSE,FALSE
Equisetopsida,Myrtales,Combretaceae,Combretum laxum,FALSE,FALSE
Equisetopsida,Myrtales,Combretaceae,Combretum llewelynii,FALSE,FALSE
Equisetopsida,Myrtales,Combretaceae,Combretum paraguariense,FALSE,FALSE
Equisetopsida,Myrtales,Combretaceae,Combretum vernicosum,FALSE,FALSE
Equisetopsida,Ericales,Sapotaceae,Pouteria torta,FALSE,FALSE
Equisetopsida,Ericales,Sapotaceae,Pouteria tarapotensis,FALSE,FALSE
Insecta,Lepidoptera,Riodinidae,Adelotypa epixanthe,FALSE,FALSE
Equisetopsida,Asparagales,Orchidaceae,Comparettia micrantha,FALSE,FALSE
Equisetopsida,Ericales,Sapotaceae,Pouteria reticulata,FALSE,FALSE
Insecta,Lepidoptera,Riodinidae,Adelotypa huebneri pauxilla,FALSE,FALSE
Mammalia,Carnivora,Felidae,Leopardus wiedii,FALSE,FALSE
Equisetopsida,Ericales,Sapotaceae,Pouteria procera,FALSE,FALSE
Insecta,Lepidoptera,Riodinidae,"""Adelotypa"" lampros",FALSE,FALSE
Equisetopsida,Malpighiales,Euphorbiaceae,Conceveiba guianensis,FALSE,FALSE
Equisetopsida,Ericales,Sapotaceae,Pouteria macrophylla,FALSE,FALSE
Equisetopsida,Malpighiales,Euphorbiaceae,Conceveiba rhytidocarpa,FALSE,FALSE
Insecta,Lepidoptera,Riodinidae,Adelotypa leucocyana,FALSE,FALSE
Equisetopsida,Ericales,Sapotaceae,Pouteria guianensis,FALSE,FALSE
Insecta,Lepidoptera,Erebidae,Sphecosoma mathani,FALSE,FALSE
Aves,Passeriformes,Hirundinidae,Stelgidopteryx ruficollis,FALSE,FALSE
Equisetopsida,Ericales,Sapotaceae,Pouteria franciscana,FALSE,FALSE
Equisetopsida,Ericales,Sapotaceae,Pouteria ephedrantha,FALSE,FALSE
Equisetopsida,Ericales,Sapotaceae,Pouteria elegans,FALSE,FALSE
Equisetopsida,Ericales,Sapotaceae,Pouteria durlandii,FALSE,FALSE
Insecta,Lepidoptera,Riodinidae,Adelotypa mollis asemna,FALSE,FALSE
Mammalia,Carnivora,Felidae,Leopardus pardalis,FALSE,FALSE
Equisetopsida,Ericales,Sapotaceae,Pouteria cuspidata,FALSE,FALSE
Equisetopsida,Ericales,Sapotaceae,Pouteria cladantha,FALSE,FALSE
Equisetopsida,Ericales,Sapotaceae,Pouteria caimito,FALSE,FALSE
Equisetopsida,Ericales,Sapotaceae,Pouteria bilocularis,FALSE,FALSE
Equisetopsida,Ericales,Sapotaceae,Pouteria bangii,FALSE,FALSE
Equisetopsida,Rosales,Urticaceae,Pourouma tomentosa,FALSE,FALSE
Equisetopsida,Oxalidales,Connaraceae,Connarus punctatus,FALSE,FALSE
Equisetopsida,Rosales,Urticaceae,Pourouma mollis,FALSE,FALSE
Insecta,Lepidoptera,Nymphalidae,Adelpha aethalia davisii,FALSE,FALSE
Equisetopsida,Rosales,Urticaceae,Pourouma minor,FALSE,FALSE
Aves,Passeriformes,Conopophagidae,Conopophaga peruviana,FALSE,FALSE
Equisetopsida,Asparagales,Orchidaceae,Maxillaria setigera,FALSE,FALSE
Aves,Passeriformes,Thraupidae,Conothraupis speculigera,FALSE,FALSE
Insecta,Lepidoptera,Nymphalidae,Consul fabius divisus,FALSE,FALSE
Aves,Passeriformes,Tyrannidae,Contopus cinereus,FALSE,FALSE
Equisetopsida,Rosales,Urticaceae,Pourouma guianensis,FALSE,FALSE
Aves,Passeriformes,Tyrannidae,Contopus cooperi,FALSE,FALSE
Equisetopsida,Rosales,Urticaceae,Pourouma cuspidata,FALSE,FALSE
Equisetopsida,Rosales,Urticaceae,Pourouma cucura,FALSE,FALSE
Aves,Passeriformes,Tyrannidae,Contopus virens,FALSE,FALSE
Insecta,Lepidoptera,Nymphalidae,Myscelia capenas octomaculata,FALSE,FALSE
Equisetopsida,Rosales,Urticaceae,Pourouma cecropiifolia,FALSE,FALSE
Insecta,Lepidoptera,Hesperiidae,Myscelus amystis mysus,FALSE,FALSE
Equisetopsida,Rosales,Urticaceae,Pourouma bicolor subsp. tessmannii,FALSE,FALSE
Equisetopsida,Rosales,Urticaceae,Pourouma bicolor,FALSE,FALSE
Equisetopsida,Fabales,Fabaceae,Copaifera reticulata,FALSE,FALSE
Insecta,Lepidoptera,Saturniidae,Copiopteryx semiramis semiramis,FALSE,FALSE
Insecta,Lepidoptera,Hesperiidae,Myscelus nobilis,FALSE,FALSE
Equisetopsida,Rosales,Moraceae,Poulsenia armata,FALSE,FALSE
Insecta,Lepidoptera,Hesperiidae,Mysoria sejanus,FALSE,FALSE
Insecta,Coleoptera,Scarabaeidae,Coprophanaeus telamon,FALSE,FALSE
Insecta,Lepidoptera,Nymphalidae,Adelpha attica,FALSE,FALSE
Insecta,Lepidoptera,Erebidae,Sphecops abdominalis,FALSE,FALSE
Mammalia,Carnivora,Procyonidae,Potos flavus,FALSE,FALSE
Aves,Cathartiformes,Cathartidae,Coragyps atratus,FALSE,FALSE
Insecta,Lepidoptera,Nymphalidae,Adelpha cocala urraca,FALSE,FALSE
Actinopterygii,Beloniformes,Belonidae,Potamorrhaphis eigenmanni,FALSE,FALSE
Actinopterygii,Characiformes,Curimatidae,Steindachnerina hypostoma,FALSE,FALSE
Equisetopsida,Lamiales,Cordiaceae,Cordia bifurcata,FALSE,FALSE
Aves,Psittaciformes,Psittacidae,Nannopsittaca dachilleae,FALSE,FALSE
Equisetopsida,Lamiales,Cordiaceae,Cordia lomatoloba,FALSE,FALSE
Equisetopsida,Laurales,Monimiaceae,Mollinedia ovata,FALSE,FALSE
Equisetopsida,Lamiales,Cordiaceae,Cordia mexiana,FALSE,FALSE
Equisetopsida,Lamiales,Cordiaceae,Cordia nodosa,FALSE,FALSE
Equisetopsida,Malpighiales,Violaceae,Leonia ulei,FALSE,FALSE
Equisetopsida,Malpighiales,Chrysobalanaceae,Moquilea brittoniana,FALSE,FALSE
Equisetopsida,Lamiales,Cordiaceae,Cordia panamensis,FALSE,FALSE
Equisetopsida,Malpighiales,Violaceae,Leonia sphaerocarpa,FALSE,FALSE
Equisetopsida,Malpighiales,Violaceae,Leonia racemosa,FALSE,FALSE
Equisetopsida,Gentianales,Gentianaceae,Potalia resinifera,FALSE,FALSE
Equisetopsida,Malpighiales,Violaceae,Leonia glycycarpa,FALSE,FALSE
Equisetopsida,Lamiales,Cordiaceae,Cordia ripicola,FALSE,FALSE
Insecta,Lepidoptera,Nymphalidae,Adelpha cytherea lanilla,FALSE,FALSE
Equisetopsida,Sapindales,Sapindaceae,Allophylus floribundus,FALSE,FALSE
Equisetopsida,Lamiales,Cordiaceae,Cordia scabrifolia,FALSE,FALSE
Equisetopsida,Lamiales,Cordiaceae,Cordia tetrandra,FALSE,FALSE
Insecta,Lepidoptera,Riodinidae,Mesene leucophrys,FALSE,FALSE
Aves,Galbuliformes,Bucconidae,Monasa nigrifrons,FALSE,FALSE
Equisetopsida,Lamiales,Cordiaceae,Cordia toqueve,FALSE,FALSE
Equisetopsida,Lamiales,Cordiaceae,Cordia ucayaliensis,FALSE,FALSE
Insecta,Lepidoptera,Nymphalidae,Napeogenes aethra deucalion,FALSE,FALSE
Equisetopsida,Malpighiales,Violaceae,Leonia crassa,FALSE,FALSE
Equisetopsida,Gentianales,Gentianaceae,Potalia amara,FALSE,FALSE
Insecta,Lepidoptera,Nymphalidae,Napeogenes inachia patientia,FALSE,FALSE
Insecta,Lepidoptera,Nymphalidae,Adelpha iphiclus iphiclus,FALSE,FALSE
Insecta,Lepidoptera,Nymphalidae,Napeogenes pharo pharo,FALSE,FALSE
Equisetopsida,Sapindales,Sapindaceae,Allophylus incanus,FALSE,FALSE
Insecta,Lepidoptera,Nymphalidae,Posttaygetis penelea penelea,FALSE,FALSE
Equisetopsida,Gentianales,Rubiaceae,Cordiera macrophylla,FALSE,FALSE
Insecta,Lepidoptera,Erebidae,Corematura chrysogastra,FALSE,FALSE
Insecta,Lepidoptera,Hesperiidae,Lento imerius,FALSE,FALSE
Insecta,Lepidoptera,Hesperiidae,Lento ferrago,FALSE,FALSE
Insecta,Lepidoptera,Nymphalidae,Adelpha ixia pseudomessana,FALSE,FALSE
Insecta,Lepidoptera,Erebidae,Correbidia calopteridia,FALSE,FALSE
Insecta,Lepidoptera,Erebidae,Correbidia simonsi,FALSE,FALSE
Insecta,Lepidoptera,Hesperiidae,Narcosius narcosius narcosius,FALSE,FALSE
Insecta,Lepidoptera,Erebidae,Correbidia tristitia,FALSE,FALSE
Aves,Passeriformes,Icteridae,Leistes superciliaris,FALSE,FALSE
Insecta,Lepidoptera,Nymphalidae,Adelpha jordani,FALSE,FALSE
Insecta,Lepidoptera,Hesperiidae,Corticea corticea,FALSE,FALSE
Insecta,Lepidoptera,Nymphalidae,Narope cyllabarus,FALSE,FALSE
Insecta,Lepidoptera,Nymphalidae,Adelpha lerna lerna,FALSE,FALSE
Aves,Passeriformes,Cotingidae,Porphyrolaema porphyrolaema,FALSE,FALSE
Insecta,Lepidoptera,Nymphalidae,Narope nesope,FALSE,FALSE
Insecta,Lepidoptera,Nymphalidae,Narope panniculus,FALSE,FALSE
Actinopterygii,Siluriformes,Callichthyidae,Corydoras stenocephalus,FALSE,FALSE
Insecta,Lepidoptera,Nymphalidae,Narope syllabus,FALSE,FALSE
Actinopterygii,Siluriformes,Callichthyidae,Corydoras trilineatus,FALSE,FALSE
Aves,Gruiformes,Rallidae,Porphyrio martinica,FALSE,FALSE
Aves,Gruiformes,Rallidae,Porphyrio flavirostris,FALSE,FALSE
Insecta,Lepidoptera,Nymphalidae,Adelpha mesentina chancha,FALSE,FALSE
Insecta,Odonata,Aeshnidae,Coryphaeschna adnexa,FALSE,FALSE
Insecta,Odonata,Aeshnidae,Coryphaeschna perrensi,FALSE,FALSE
Equisetopsida,Asterales,Asteraceae,Porophyllum ruderale,FALSE,FALSE
Equisetopsida,Magnoliales,Annonaceae,Porcelia ponderosa,FALSE,FALSE
Equisetopsida,Sapindales,Sapindaceae,Allophylus loretensis,FALSE,FALSE
Equisetopsida,Magnoliales,Annonaceae,Porcelia nitidifolia,FALSE,FALSE
Insecta,Lepidoptera,Nymphalidae,Adelpha naxia naxia,FALSE,FALSE
Aves,Passeriformes,Tyrannidae,Corythopis torquatus,FALSE,FALSE
Insecta,Lepidoptera,Nymphalidae,Adelpha phylaca juruana,FALSE,FALSE
Equisetopsida,Zingiberales,Costaceae,Costus acreanus,FALSE,FALSE
Equisetopsida,Zingiberales,Costaceae,Costus scaber,FALSE,FALSE
Aves,Passeriformes,Cotingidae,Cotinga cayana,FALSE,FALSE
Equisetopsida,Commelinales,Pontederiaceae,Pontederia crassipes,FALSE,FALSE
Insecta,Lepidoptera,Erebidae,Pompiliodes aliena,FALSE,FALSE
Aves,Passeriformes,Cotingidae,Cotinga maynana,FALSE,FALSE
Insecta,Lepidoptera,Hesperiidae,Polythrix octomaculata octomaculata,FALSE,FALSE
Insecta,Lepidoptera,Hesperiidae,Polythrix minvanes,FALSE,FALSE
Insecta,Lepidoptera,Hesperiidae,Polythrix metallescens,FALSE,FALSE
Insecta,Lepidoptera,Hesperiidae,Polythrix auginus,FALSE,FALSE
Equisetopsida,Malpighiales,Chrysobalanaceae,Couepia latifolia,FALSE,FALSE
Aves,Passeriformes,Tyrannidae,Legatus leucophaius,FALSE,FALSE
Insecta,Lepidoptera,Hesperiidae,Nascus paulliniae,FALSE,FALSE
Equisetopsida,Sapindales,Sapindaceae,Allophylus pilosus,FALSE,FALSE
Equisetopsida,Sapindales,Sapindaceae,Allophylus punctatus,FALSE,FALSE
Equisetopsida,Fabales,Fabaceae,Lecointea peruviana,FALSE,FALSE
Equisetopsida,Polypodiales,Pteridaceae,Polytaenium guayanense,FALSE,FALSE
Mammalia,Carnivora,Canidae,Speothos venaticus,FALSE,FALSE
Aves,Passeriformes,Hirundinidae,Alopochelidon fucata,FALSE,FALSE
Equisetopsida,Malpighiales,Chrysobalanaceae,Moquilea tambopatensis,FALSE,FALSE
Equisetopsida,Malpighiales,Chrysobalanaceae,Moquilea unguiculata,FALSE,FALSE
Equisetopsida,Ericales,Lecythidaceae,Couratari guianensis,FALSE,FALSE
Aves,Passeriformes,Furnariidae,Nasica longirostris,FALSE,FALSE
Equisetopsida,Ericales,Lecythidaceae,Couratari macrosperma,FALSE,FALSE
Equisetopsida,Rosales,Urticaceae,Coussapoa trinervia,FALSE,FALSE
Aves,Passeriformes,Furnariidae,Cranioleuca curtata,FALSE,FALSE
Aves,Passeriformes,Furnariidae,Cranioleuca gutturata,FALSE,FALSE
Equisetopsida,Brassicales,Capparaceae,Crateva tapia,FALSE,FALSE
Actinopterygii,Characiformes,Characidae,Creagrutus anary,FALSE,FALSE
Actinopterygii,Characiformes,Characidae,Creagrutus beni,FALSE,FALSE
Aves,Passeriformes,Tyrannidae,Lathrotriccus euleri,FALSE,FALSE
Insecta,Lepidoptera,Riodinidae,Mesene monostigma,FALSE,FALSE
Insecta,Lepidoptera,Hesperiidae,Polygonus manueli manueli,FALSE,FALSE
Actinopterygii,Characiformes,Characidae,Creagrutus manu,FALSE,FALSE
Actinopterygii,Characiformes,Characidae,Creagrutus occidaneus,FALSE,FALSE
Aves,Gruiformes,Rallidae,Laterallus melanophaius,FALSE,FALSE
Actinopterygii,Characiformes,Characidae,Creagrutus pearsoni,FALSE,FALSE
Mammalia,Primates,Atelidae,Alouatta seniculus,FALSE,TRUE
Insecta,Lepidoptera,Hesperiidae,Polyctor polyctor polyctor,FALSE,FALSE
Actinopterygii,Characiformes,Characidae,Creagrutus ungulus,FALSE,FALSE
Equisetopsida,Magnoliales,Annonaceae,Cremastosperma monospermum,FALSE,FALSE
Insecta,Hymenoptera,Formicidae,Crematogaster nitidiceps,FALSE,FALSE
Equisetopsida,Gentianales,Rubiaceae,Alseis blackiana,FALSE,FALSE
Insecta,Lepidoptera,Riodinidae,Cremna actoris meleagris,FALSE,FALSE
Aves,Gruiformes,Rallidae,Laterallus exilis,FALSE,FALSE
Insecta,Lepidoptera,Riodinidae,Cremna thasus subrutila,FALSE,FALSE
Actinopterygii,Characiformes,Curimatidae,Steindachnerina guentheri,FALSE,FALSE
Actinopterygii,Cichliformes,Cichlidae,Crenicichla semicincta,FALSE,FALSE
Mammalia,Chiroptera,Vespertilionidae,Lasiurus ega,FALSE,FALSE
Equisetopsida,Polypodiales,Dryopteridaceae,Polybotrya caudata,FALSE,FALSE
Equisetopsida,Cyatheales,Cyatheaceae,Alsophila cuspidata,FALSE,FALSE
Insecta,Lepidoptera,Erebidae,Cresera affinis,FALSE,FALSE
Insecta,Lepidoptera,Erebidae,Cresera hieroglyphica,FALSE,FALSE
Insecta,Lepidoptera,Erebidae,Cresera ilus,FALSE,FALSE
Insecta,Lepidoptera,Erebidae,Cresera optimus,FALSE,FALSE
Insecta,Lepidoptera,Erebidae,Cresera similis,FALSE,FALSE
Insecta,Lepidoptera,Erebidae,Poliopastea plumbea,FALSE,FALSE
Insecta,Lepidoptera,Erebidae,Poliopastea anthracina,FALSE,FALSE
Insecta,Lepidoptera,Riodinidae,Crocozona coecias coecias,FALSE,FALSE
Equisetopsida,Poales,Poaceae,Lasiacis maculata,FALSE,FALSE
Insecta,Lepidoptera,Nymphalidae,Adelpha plesaure phliassa,FALSE,FALSE
Aves,Passeriformes,Tyrannidae,Poecilotriccus latirostris,FALSE,FALSE
Actinopterygii,Siluriformes,Loricariidae,Crossoloricaria bahuaja,FALSE,FALSE
Aves,Passeriformes,Tyrannidae,Poecilotriccus albifacies,FALSE,FALSE
Insecta,Lepidoptera,Erebidae,Poecilosoma eone,FALSE,FALSE
Insecta,Lepidoptera,Erebidae,Poecilosoma chrysis,FALSE,FALSE
Insecta,Lepidoptera,Riodinidae,Lasaia pseudomeris,FALSE,FALSE
Insecta,Lepidoptera,Riodinidae,Lasaia arsis,FALSE,FALSE
Insecta,Lepidoptera,Riodinidae,Lasaia agesilas agesilas,FALSE,FALSE
Insecta,Diptera,Tabanidae,Poeciloderus quadripunctatus,FALSE,FALSE
Equisetopsida,Malpighiales,Euphorbiaceae,Croton lechleri,FALSE,FALSE
Equisetopsida,Malpighiales,Euphorbiaceae,Croton tessmannii,FALSE,FALSE
Aves,Cuculiformes,Cuculidae,Crotophaga ani,FALSE,FALSE
Aves,Cuculiformes,Cuculidae,Crotophaga major,FALSE,FALSE
Equisetopsida,Fabales,Fabaceae,Crudia glaberrima,FALSE,FALSE
Insecta,Diptera,Tabanidae,Cryptolytus unicolor,FALSE,FALSE
Aves,Passeriformes,Pipridae,Cryptopipo holochlora,FALSE,FALSE
Aves,Tinamiformes,Tinamidae,Crypturellus atrocapillus,FALSE,FALSE
Aves,Tinamiformes,Tinamidae,Crypturellus bartletti,FALSE,FALSE
Aves,Tinamiformes,Tinamidae,Crypturellus cinereus,FALSE,FALSE
Aves,Tinamiformes,Tinamidae,Crypturellus obsoletus,FALSE,FALSE
Mammalia,Carnivora,Procyonidae,Nasua nasua,FALSE,FALSE
Aves,Tinamiformes,Tinamidae,Crypturellus parvirostris,FALSE,FALSE
Aves,Tinamiformes,Tinamidae,Crypturellus soui,FALSE,FALSE
Aves,Tinamiformes,Tinamidae,Crypturellus strigulosus,FALSE,FALSE
Aves,Tinamiformes,Tinamidae,Crypturellus undulatus,FALSE,FALSE
Aves,Tinamiformes,Tinamidae,Crypturellus variegatus,FALSE,FALSE
Equisetopsida,Zingiberales,Marantaceae,Ctenanthe amphiandina,FALSE,FALSE
Equisetopsida,Polypodiales,Dryopteridaceae,Ctenitis refulgens,FALSE,FALSE
Actinopterygii,Characiformes,Characidae,Ctenobrycon hauxwellianus,FALSE,FALSE
Actinopterygii,Characiformes,Characidae,Ctenobrycon spilurus,FALSE,FALSE
Insecta,Diptera,Asilidae,Ctenodontina maya,FALSE,FALSE
Insecta,Coleoptera,Carabidae,Ctenostoma luctuosa,FALSE,FALSE
Aves,Charadriiformes,Charadriidae,Pluvialis dominica,FALSE,FALSE
Insecta,Lepidoptera,Hesperiidae,Plumbago plumbago,FALSE,FALSE
Equisetopsida,Rosales,Moraceae,Naucleopsis concinna,FALSE,FALSE
Equisetopsida,Lamiales,Bignoniaceae,Sparattosperma leucanthum,FALSE,FALSE
Actinopterygii,Characiformes,Curimatidae,Steindachnerina dobula,FALSE,FALSE
Mammalia,Rodentia,Cuniculidae,Cuniculus paca,FALSE,FALSE
Equisetopsida,Asparagales,Orchidaceae,Maxillaria ponerantha,FALSE,FALSE
Equisetopsida,Sapindales,Sapindaceae,Cupania cinerea,FALSE,FALSE
Equisetopsida,Laurales,Lauraceae,Pleurothyrium williamsii,FALSE,FALSE
Equisetopsida,Laurales,Lauraceae,Pleurothyrium vasquezii,FALSE,FALSE
Equisetopsida,Sapindales,Sapindaceae,Cupania scrobiculata,FALSE,FALSE
Equisetopsida,Laurales,Lauraceae,Pleurothyrium poeppigii,FALSE,FALSE
Equisetopsida,Myrtales,Lythraceae,Cuphea melvilla,FALSE,FALSE
Equisetopsida,Laurales,Lauraceae,Pleurothyrium intermedium,FALSE,FALSE
Equisetopsida,Ranunculales,Menispermaceae,Curarea toxicofera,FALSE,FALSE
Insecta,Lepidoptera,Nymphalidae,Laparus doris doris,FALSE,FALSE
Equisetopsida,Rosales,Moraceae,Naucleopsis glabra,FALSE,FALSE
Equisetopsida,Lamiales,Verbenaceae,Lantana trifolia,FALSE,FALSE
Equisetopsida,Laurales,Hernandiaceae,Sparattanthelium tarapotanum,FALSE,FALSE
Equisetopsida,Laurales,Lauraceae,Pleurothyrium cuneifolium,FALSE,FALSE
Equisetopsida,Asparagales,Orchidaceae,Maxillaria parviflora,FALSE,FALSE
Equisetopsida,Lamiales,Bignoniaceae,Cuspidaria emmonsii,FALSE,FALSE
Insecta,Lepidoptera,Hesperiidae,Sostrata pusilla pusilla,FALSE,FALSE
Equisetopsida,Lamiales,Bignoniaceae,Cuspidaria floribunda,FALSE,FALSE
Insecta,Lepidoptera,Hesperiidae,Cyanea bistrigula,FALSE,FALSE
Insecta,Lepidoptera,Hesperiidae,Sostrata festiva,FALSE,FALSE
Insecta,Lepidoptera,Hesperiidae,Cyanea corisana,FALSE,FALSE
Insecta,Lepidoptera,Hesperiidae,Cyanea diluta,FALSE,FALSE
Insecta,Lepidoptera,Hesperiidae,Cyanea iquita,FALSE,FALSE
Insecta,Lepidoptera,Hesperiidae,Cyanea popla,FALSE,FALSE
Equisetopsida,Rosales,Moraceae,Sorocea trophoides,FALSE,FALSE
Equisetopsida,Gentianales,Rubiaceae,Amaioua glomerulata,FALSE,FALSE
Aves,Passeriformes,Thraupidae,Cyanerpes caeruleus,FALSE,FALSE
Aves,Passeriformes,Thraupidae,Cyanerpes cyaneus,FALSE,FALSE
Equisetopsida,Rosales,Moraceae,Naucleopsis oblongifolia,FALSE,FALSE
Aves,Passeriformes,Corvidae,Cyanocorax cyanomelas,FALSE,FALSE
Aves,Passeriformes,Corvidae,Cyanocorax violaceus,FALSE,FALSE
Equisetopsida,Gentianales,Rubiaceae,Amaioua guianensis,FALSE,FALSE
Equisetopsida,Malpighiales,Phyllanthaceae,Amanoa oblongifolia,FALSE,FALSE
Equisetopsida,Rosales,Moraceae,Naucleopsis ternstroemiiflora,FALSE,FALSE
Insecta,Lepidoptera,Erebidae,Pleurosoma testacea,FALSE,FALSE
Insecta,Lepidoptera,Erebidae,Pleurosoma angustata,FALSE,FALSE
Equisetopsida,Brassicales,Capparaceae,Morisonia amplissima,FALSE,FALSE
Equisetopsida,Cyatheales,Cyatheaceae,Cyathea andina,FALSE,FALSE
Equisetopsida,Cyatheales,Cyatheaceae,Cyathea lindigii,FALSE,FALSE
Aves,Passeriformes,Thraupidae,Lanio versicolor,FALSE,FALSE
Equisetopsida,Polypodiales,Polypodiaceae,Pleopeltis desvauxii,FALSE,FALSE
Equisetopsida,Ericales,Myrsinaceae,Cybianthus candamoensis,TRUE,FALSE
Equisetopsida,Rosales,Moraceae,Sorocea pubivena subsp. oligotricha,FALSE,FALSE
Equisetopsida,Ericales,Primulaceae,Cybianthus cuyabensis,FALSE,FALSE
Equisetopsida,Lamiales,Bignoniaceae,Pleonotoma melioides,FALSE,FALSE
Equisetopsida,Ericales,Primulaceae,Cybianthus cyclopetalus,FALSE,FALSE
Equisetopsida,Rosales,Moraceae,Sorocea pubivena subsp. hirtella,FALSE,FALSE
Equisetopsida,Rosales,Moraceae,Sorocea pubivena,FALSE,FALSE
Insecta,Lepidoptera,Riodinidae,Amarynthis meneria,FALSE,FALSE
Equisetopsida,Ericales,Primulaceae,Cybianthus nanayensis,TRUE,FALSE
Equisetopsida,Ericales,Primulaceae,Cybianthus resinosus,FALSE,FALSE
Insecta,Hymenoptera,Formicidae,Platythyrea sinuata,FALSE,FALSE
Equisetopsida,Rosales,Moraceae,Sorocea guilleminiana,FALSE,FALSE
Actinopterygii,Siluriformes,Pimelodidae,Platystomatichthys sturio,FALSE,FALSE
Equisetopsida,Rosales,Moraceae,Sorocea briquetii,FALSE,FALSE
Aves,Passeriformes,Vireonidae,Cyclarhis gujanensis,FALSE,FALSE
Insecta,Lepidoptera,Hesperiidae,Cycloglypha thrasibulus thrasibulus,FALSE,FALSE
Insecta,Lepidoptera,Hesperiidae,Cycloglypha tisias,FALSE,FALSE
Insecta,Lepidoptera,Hesperiidae,Cyclosemia earina,FALSE,FALSE
Aves,Psittaciformes,Psittacidae,Amazona farinosa,FALSE,FALSE
Insecta,Lepidoptera,Nymphalidae,Adelpha thesprotia delphicola,FALSE,FALSE
Aves,Passeriformes,Tityridae,Laniocera hypopyrra,FALSE,FALSE
Insecta,Lepidoptera,Hesperiidae,Cymaenes cavalla,FALSE,FALSE
Insecta,Lepidoptera,Hesperiidae,Cymaenes hazarma,FALSE,FALSE
Aves,Passeriformes,Tyrannidae,Platyrinchus platyrhynchos,FALSE,FALSE
Insecta,Lepidoptera,Hesperiidae,Cymaenes uruba taberi,FALSE,FALSE
Mammalia,Rodentia,Cricetidae,Neacomys spinosus,FALSE,FALSE
Aves,Passeriformes,Thamnophilidae,Cymbilaimus lineatus,FALSE,FALSE
Aves,Passeriformes,Mitrospingidae,Lamprospiza melanoleuca,FALSE,FALSE
Aves,Passeriformes,Thamnophilidae,Cymbilaimus sanctaemariae,FALSE,FALSE
Equisetopsida,Poales,Poaceae,Cymbopogon citratus,FALSE,FALSE
Insecta,Lepidoptera,Lycaenidae,Lamprospilus orcidia,FALSE,FALSE
Aves,Psittaciformes,Psittacidae,Amazona ochrocephala,FALSE,FALSE
Aves,Passeriformes,Icteridae,Amblycercus holosericeus,FALSE,FALSE
Aves,Passeriformes,Tyrannidae,Platyrinchus coronatus,FALSE,FALSE
Equisetopsida,Fabales,Fabaceae,Platymiscium stipulare,FALSE,FALSE
Insecta,Diptera,Asilidae,Lampria dives,FALSE,FALSE
Insecta,Diptera,Asilidae,Lampria clavipes,FALSE,FALSE
Insecta,Lepidoptera,Nymphalidae,Adelpha zunilaces,FALSE,FALSE
Equisetopsida,Fabales,Fabaceae,Platymiscium pinnatum,FALSE,FALSE
Equisetopsida,Malpighiales,Euphorbiaceae,Nealchornea yapurensis,FALSE,FALSE
Insecta,Diptera,Asilidae,Amblyonychus titan,FALSE,FALSE
Aves,Pelecaniformes,Threskiornithidae,Platalea ajaja,FALSE,FALSE
Equisetopsida,Poales,Cyperaceae,Cyperus luzulae,FALSE,FALSE
Aves,Passeriformes,Troglodytidae,Cyphorhinus arada,FALSE,FALSE
Aves,Apodiformes,Apodidae,Cypseloides cryptus,FALSE,FALSE
Insecta,Lepidoptera,Riodinidae,Cyrenia martia martia,FALSE,FALSE
Insecta,Odonata,Libellulidae,Planiplax machadoi,FALSE,FALSE
Insecta,Odonata,Libellulidae,Planiplax arachne,FALSE,FALSE
Equisetopsida,Polypodiales,Pteridaceae,Pityrogramma calomelanos,FALSE,FALSE
Insecta,Diptera,Tabanidae,Pityocera cervus,FALSE,FALSE
Aves,Passeriformes,Thraupidae,Dacnis cayana,FALSE,FALSE
Aves,Passeriformes,Thraupidae,Dacnis flaviventer,FALSE,FALSE
Equisetopsida,Solanales,Solanaceae,Solanum tenuisetosum,FALSE,FALSE
Equisetopsida,Lamiales,Bignoniaceae,Adenocalymma bracteolatum,FALSE,FALSE
Aves,Passeriformes,Thraupidae,Dacnis lineata,FALSE,FALSE
Mammalia,Rodentia,Echimyidae,Dactylomys dactylinus,FALSE,FALSE
Aves,Passeriformes,Passerellidae,Ammodramus aurifrons,FALSE,FALSE
Equisetopsida,Fabales,Fabaceae,Dalbergia ovalis,FALSE,FALSE
Aves,Passeriformes,Tyrannidae,Pitangus sulphuratus,FALSE,FALSE
Insecta,Lepidoptera,Hesperiidae,Damas clavus,FALSE,FALSE
Insecta,Lepidoptera,Nymphalidae,Danaus eresimus,FALSE,FALSE
Aves,Falconiformes,Falconidae,Daptrius ater,FALSE,FALSE
Aves,Passeriformes,Tyrannidae,Pitangus lictor,FALSE,FALSE
Equisetopsida,Solanales,Solanaceae,Darcyanthus spruceanus,FALSE,FALSE
Equisetopsida,Laurales,Lauraceae,Nectandra cissiflora,FALSE,FALSE
Insecta,Diptera,Tabanidae,Dasychela amazonensis,FALSE,FALSE
Insecta,Diptera,Asilidae,Dasyllis haemorrhoa,FALSE,FALSE
Aves,Accipitriformes,Accipitridae,Spizaetus tyrannus,FALSE,FALSE
Mammalia,Rodentia,Dasyproctidae,Dasyprocta punctata,FALSE,FALSE
Mammalia,Rodentia,Dasyproctidae,Dasyprocta variegata,FALSE,FALSE
Equisetopsida,Laurales,Lauraceae,Nectandra cuneatocordata,FALSE,FALSE
Aves,Passeriformes,Cardinalidae,Piranga rubra,FALSE,FALSE
Mammalia,Cingulata,Dasypodidae,Dasypus novemcinctus,FALSE,FALSE
Equisetopsida,Malvales,Malvaceae,Abelmoschus moschatus,FALSE,FALSE
Aves,Passeriformes,Cardinalidae,Piranga olivacea,FALSE,FALSE
Equisetopsida,Malpighiales,Malpighiaceae,Amorimia amazonica,FALSE,FALSE
Equisetopsida,Laurales,Lauraceae,Nectandra cuspidata,FALSE,FALSE
Equisetopsida,Malpighiales,Salicaceae,Laetia suaveolens,FALSE,FALSE
Equisetopsida,Malpighiales,Salicaceae,Laetia procera,FALSE,FALSE
Equisetopsida,Solanales,Solanaceae,Solanum robustifrons,FALSE,FALSE
Equisetopsida,Brassicales,Capparaceae,Morisonia oblongifolia,FALSE,FALSE
Equisetopsida,Malpighiales,Salicaceae,Laetia corymbulosa,FALSE,FALSE
Equisetopsida,Rosales,Ulmaceae,Ampelocera edentula,FALSE,FALSE
Mammalia,Cingulata,Dasypodidae,Dasypus pastasae,FALSE,FALSE
Insecta,Odonata,Libellulidae,Dasythemis esmeralda,FALSE,FALSE
Insecta,Odonata,Libellulidae,Dasythemis essequiba,FALSE,FALSE
Aves,Passeriformes,Cardinalidae,Piranga flava,FALSE,FALSE
Equisetopsida,Dilleniales,Dilleniaceae,Davilla kunthii,FALSE,FALSE
Insecta,Lepidoptera,Hesperiidae,Decinea decinea derisor,FALSE,FALSE
Aves,Passeriformes,Furnariidae,Deconychura longicauda,FALSE,FALSE
Equisetopsida,Laurales,Lauraceae,Nectandra globosa,FALSE,FALSE
Insecta,Lepidoptera,Erebidae,Delphyre dizona,FALSE,FALSE
Equisetopsida,Brassicales,Capparaceae,Morisonia osmantha,FALSE,FALSE
Equisetopsida,Rosales,Ulmaceae,Ampelocera ruizii,FALSE,FALSE
Equisetopsida,Solanales,Solanaceae,Solanum riparium,FALSE,FALSE
Equisetopsida,Fabales,Fabaceae,Piptadenia retusa,FALSE,FALSE
Equisetopsida,Brassicales,Capparaceae,Morisonia petiolaris,FALSE,FALSE
Insecta,Lepidoptera,Erebidae,Delphyre hebes,FALSE,FALSE
Insecta,Lepidoptera,Erebidae,Delphyre lemoulti,FALSE,FALSE
Equisetopsida,Rosales,Ulmaceae,Ampelocera verrucosa,FALSE,FALSE
Insecta,Lepidoptera,Erebidae,Delphyre pusilla,FALSE,FALSE
Insecta,Lepidoptera,Nymphalidae,Amphidecta calliomma,FALSE,FALSE
Equisetopsida,Fabales,Fabaceae,Piptadenia killipii,TRUE,FALSE
Insecta,Lepidoptera,Erebidae,Delphyre rufiventris,FALSE,FALSE
Insecta,Coleoptera,Scarabaeidae,Deltochilum amazonicus,FALSE,FALSE
Insecta,Coleoptera,Scarabaeidae,Deltochilum carinatum,FALSE,FALSE
Insecta,Coleoptera,Scarabaeidae,Deltochilum orbiculare,FALSE,FALSE
Aves,Passeriformes,Tyrannidae,Piprites chloris,FALSE,FALSE
Aves,Passeriformes,Furnariidae,Dendrexetastes rufigula,FALSE,FALSE
Equisetopsida,Metteniusales,Metteniusaceae,Dendrobangia boliviana,FALSE,FALSE
Insecta,Lepidoptera,Nymphalidae,Amphidecta pignerator,FALSE,FALSE
Aves,Passeriformes,Furnariidae,Dendrocincla fuliginosa,FALSE,FALSE
Equisetopsida,Malpighiales,Ochnaceae,Lacunaria macrostachya,FALSE,FALSE
Aves,Passeriformes,Furnariidae,Dendrocincla merula,FALSE,FALSE
Equisetopsida,Lamiales,Bignoniaceae,Amphilophium crucigerum,FALSE,FALSE
Aves,Passeriformes,Cotingidae,Pipreola chlorolepidota,FALSE,FALSE
Equisetopsida,Malpighiales,Ochnaceae,Lacunaria jenmanii,FALSE,FALSE
Aves,Passeriformes,Furnariidae,Dendrocolaptes certhia,FALSE,FALSE
Aves,Passeriformes,Furnariidae,Dendrocolaptes picumnus,FALSE,FALSE
Equisetopsida,Lamiales,Bignoniaceae,Amphilophium magnoliifolium,FALSE,FALSE
Equisetopsida,Lamiales,Bignoniaceae,Amphilophium paniculatum,FALSE,FALSE
Aves,Anseriformes,Anatidae,Dendrocygna autumnalis,FALSE,FALSE
Aves,Passeriformes,Furnariidae,Dendroma erythroptera,FALSE,FALSE
Equisetopsida,Solanales,Solanaceae,Solanum pendulum,FALSE,FALSE
Equisetopsida,Brassicales,Capparaceae,Morisonia sola,FALSE,FALSE
Equisetopsida,Laurales,Lauraceae,Nectandra longifolia,FALSE,FALSE
Equisetopsida,Lamiales,Bignoniaceae,Adenocalymma impressum,FALSE,FALSE
Equisetopsida,Gentianales,Apocynaceae,Lacmellea arborescens,FALSE,FALSE
Equisetopsida,Malpighiales,Lacistemataceae,Lacistema nena,FALSE,FALSE
Equisetopsida,Lamiales,Bignoniaceae,Amphilophium racemosum,FALSE,FALSE
Aves,Passeriformes,Furnariidae,Dendroma rufa,FALSE,FALSE
Equisetopsida,Malpighiales,Lacistemataceae,Lacistema aggregatum,FALSE,FALSE
Equisetopsida,Laurales,Lauraceae,Nectandra maynensis,FALSE,FALSE
Aves,Passeriformes,Pipridae,Pipra fasciicauda,FALSE,FALSE
Aves,Passeriformes,Thraupidae,Pipraeidea melanonota,FALSE,FALSE
Aves,Passeriformes,Furnariidae,Anabacerthia ruficaudata,FALSE,FALSE
Equisetopsida,Apiales,Araliaceae,Dendropanax arboreus,FALSE,FALSE
Equisetopsida,Apiales,Araliaceae,Dendropanax cuneatus,FALSE,FALSE
Aves,Galliformes,Cracidae,Pipile cumanensis,FALSE,FALSE
Equisetopsida,Laurales,Lauraceae,Nectandra membranacea,FALSE,FALSE
Aves,Passeriformes,Furnariidae,Dendroplex picus,FALSE,FALSE
Insecta,Lepidoptera,Lycaenidae,Denivia acontius,FALSE,FALSE
Insecta,Lepidoptera,Lycaenidae,Denivia hemon,FALSE,FALSE
Insecta,Lepidoptera,Lycaenidae,Denivia phegeus,FALSE,FALSE
Equisetopsida,Lamiales,Bignoniaceae,Adenocalymma uleanum,FALSE,FALSE
Equisetopsida,Piperales,Piperaceae,Piper silvivagum,FALSE,FALSE
Insecta,Lepidoptera,Lycaenidae,Denivia Viresco,FALSE,FALSE
Equisetopsida,Piperales,Piperaceae,Piper reticulatum,FALSE,FALSE
Equisetopsida,Piperales,Piperaceae,Piper puberulescens,FALSE,FALSE
Equisetopsida,Piperales,Piperaceae,Piper obtusilimbum,FALSE,FALSE
Equisetopsida,Piperales,Piperaceae,Piper obliquum,FALSE,FALSE
Equisetopsida,Asterales,Asteraceae,Adenostemma vargasii,FALSE,FALSE
Equisetopsida,Solanales,Solanaceae,Solanum oxyphyllum,FALSE,FALSE
Equisetopsida,Piperales,Piperaceae,Piper nematanthera,FALSE,FALSE
Equisetopsida,Piperales,Piperaceae,Piper multiplinervium,FALSE,FALSE
Mammalia,Chiroptera,Phyllostomidae,Desmodus rotundus,FALSE,FALSE
Equisetopsida,Piperales,Piperaceae,Piper longifolium,FALSE,FALSE
Equisetopsida,Arecales,Arecaceae,Desmoncus madrensis,FALSE,FALSE
Equisetopsida,Laurales,Lauraceae,Nectandra pulverulenta,FALSE,FALSE
Equisetopsida,Arecales,Arecaceae,Desmoncus mitis,FALSE,FALSE
Equisetopsida,Piperales,Piperaceae,Piper lehmannianum,FALSE,FALSE
Equisetopsida,Arecales,Arecaceae,Desmoncus polyacanthos,FALSE,FALSE
Equisetopsida,Piperales,Piperaceae,Piper laevigatum,FALSE,FALSE
Insecta,Coleoptera,Scarabaeidae,Diabroctis mimas,FALSE,FALSE
Equisetopsida,Solanales,Solanaceae,Solanum oppositifolium,FALSE,FALSE
Equisetopsida,Gentianales,Rubiaceae,Kutchubaea urophylla,TRUE,FALSE
Aves,Passeriformes,Furnariidae,Anabazenops dorsalis,FALSE,FALSE
Equisetopsida,Sapindales,Anacardiaceae,Anacardium occidentale,FALSE,FALSE
Equisetopsida,Solanales,Solanaceae,Solanum nemorense,FALSE,FALSE
Insecta,Diptera,Tabanidae,Diachlorus bicinctus,FALSE,FALSE
Insecta,Diptera,Asilidae,Anarmostus iopterus,FALSE,FALSE
Insecta,Diptera,Tabanidae,Diachlorus bimaculatus,FALSE,FALSE
Insecta,Diptera,Tabanidae,Diachlorus curvipes,FALSE,FALSE
Equisetopsida,Piperales,Piperaceae,Piper hispidum,FALSE,FALSE
Insecta,Diptera,Tabanidae,Diachlorus ficsistigma,FALSE,FALSE
Insecta,Diptera,Tabanidae,Diachlorus heppneri,FALSE,FALSE
Equisetopsida,Piperales,Piperaceae,Piper heterophyllum,FALSE,FALSE
Insecta,Diptera,Tabanidae,Diachlorus nuneztovari,FALSE,FALSE
Insecta,Diptera,Tabanidae,Diachlorus pechumani,FALSE,FALSE
Insecta,Diptera,Tabanidae,Diachlorus scutellatus,FALSE,FALSE
Insecta,Lepidoptera,Nymphalidae,Anartia amathea sticheli,FALSE,FALSE
Equisetopsida,Laurales,Lauraceae,Nectandra viburnoides,FALSE,FALSE
Insecta,Diptera,Tabanidae,Diachlorus xynus,FALSE,FALSE
Equisetopsida,Piperales,Piperaceae,Piper dumosum,FALSE,FALSE
Actinopterygii,Characiformes,Characidae,Knodus smithi,FALSE,FALSE
Insecta,Lepidoptera,Nymphalidae,Diaethria clymena peruviana,FALSE,FALSE
Equisetopsida,Fabales,Fabaceae,Dialium guianense,FALSE,FALSE
Equisetopsida,Gentianales,Rubiaceae,Dialypetalanthus fuscescens,FALSE,FALSE
Equisetopsida,Piperales,Piperaceae,Piper darienense,FALSE,FALSE
Actinopterygii,Characiformes,Characidae,Knodus megalops,FALSE,FALSE
Equisetopsida,Solanales,Solanaceae,Solanum mite,FALSE,FALSE
Insecta,Odonata,Libellulidae,Diastatops intensa,FALSE,FALSE
Actinopterygii,Characiformes,Characidae,Knodus beta,FALSE,FALSE
Equisetopsida,Piperales,Piperaceae,Piper crassinervium,FALSE,FALSE
Equisetopsida,Caryophyllales,Nyctaginaceae,Neea altissima,FALSE,FALSE
Equisetopsida,Malpighiales,Malpighiaceae,Dicella julianii,FALSE,FALSE
Equisetopsida,Asparagales,Orchidaceae,Dichaea ancoraelabia,FALSE,FALSE
Equisetopsida,Piperales,Piperaceae,Piper coruscans,FALSE,FALSE
Equisetopsida,Commelinales,Commelinaceae,Dichorisandra hexandra,FALSE,FALSE
Equisetopsida,Solanales,Solanaceae,Solanum leucopogon,FALSE,FALSE
Insecta,Lepidoptera,Nymphalidae,Agrias claudina sardanapalus,FALSE,FALSE
Insecta,Odonata,Aeshnidae,Staurophlebia reticulata,FALSE,FALSE
Equisetopsida,Caryophyllales,Nyctaginaceae,Neea divaricata,FALSE,FALSE
Equisetopsida,Commelinales,Commelinaceae,Dichorisandra ulei,FALSE,FALSE
Equisetopsida,Piperales,Piperaceae,Piper casapiense,FALSE,FALSE
Equisetopsida,Piperales,Piperaceae,Piper callosum,FALSE,FALSE
Insecta,Coleoptera,Scarabaeidae,Dichotomius conicollis,FALSE,FALSE
Equisetopsida,Caryophyllales,Nyctaginaceae,Neea floribunda,FALSE,FALSE
Insecta,Odonata,Aeshnidae,Staurophlebia auca,FALSE,FALSE
Insecta,Coleoptera,Scarabaeidae,Dichotomius mamillatus,FALSE,FALSE
Insecta,Coleoptera,Scarabaeidae,Dichotomius prietoi,FALSE,FALSE
Equisetopsida,Piperales,Piperaceae,Piper augustum,FALSE,FALSE
Insecta,Coleoptera,Scarabaeidae,Dichotomius robustus,FALSE,FALSE
Insecta,Coleoptera,Scarabaeidae,Dichotomius worontzowi,FALSE,FALSE
Equisetopsida,Malvales,Malvaceae,Sterculia tessmannii,FALSE,FALSE
Insecta,Lepidoptera,Hesperiidae,Staphylus putumayo,FALSE,FALSE
Insecta,Lepidoptera,Hesperiidae,Anastrus meliboea bactra,FALSE,FALSE
Equisetopsida,Magnoliales,Annonaceae,Klarobelia candida,TRUE,FALSE
Equisetopsida,Caryophyllales,Nyctaginaceae,Neea longipedunculata,FALSE,FALSE
Equisetopsida,Magnoliales,Annonaceae,Klarobelia anomala,FALSE,FALSE
Aves,Apodiformes,Trochilidae,Klais guimeti,FALSE,FALSE
Aves,Passeriformes,Thamnophilidae,Dichrozona cincta,FALSE,FALSE
Equisetopsida,Caryophyllales,Nyctaginaceae,Neea macrophylla,FALSE,FALSE
Insecta,Lepidoptera,Lycaenidae,Kisutam hesperitis,FALSE,FALSE
Equisetopsida,Piperales,Piperaceae,Piper asterotrichum,FALSE,FALSE
Equisetopsida,Piperales,Piperaceae,Piper arboreum,FALSE,FALSE
Mammalia,Cetartiodactyla,Tayassuidae,Dicotyles tajacu,FALSE,FALSE
Insecta,Lepidoptera,Nymphalidae,Agraulis vanillae lucina,FALSE,FALSE
Equisetopsida,Piperales,Piperaceae,Piper anonifolium var. anonifolium,FALSE,FALSE
Insecta,Lepidoptera,Hesperiidae,Anastrus obscurus narva,FALSE,FALSE
Equisetopsida,Solanales,Convolvulaceae,Dicranostyles ampla,FALSE,FALSE
Equisetopsida,Caryophyllales,Nyctaginaceae,Neea ovalifolia,FALSE,FALSE
Equisetopsida,Piperales,Piperaceae,Piper aleyreanum,FALSE,FALSE
Insecta,Diptera,Asilidae,Dicranus schrottkyi,FALSE,FALSE
Mammalia,Didelphimorphia,Didelphidae,Didelphis marsupialis,FALSE,FALSE
Equisetopsida,Piperales,Piperaceae,Piper aduncum,FALSE,FALSE
Equisetopsida,Piperales,Piperaceae,Piper acutilimbum,FALSE,FALSE
Insecta,Lepidoptera,Hesperiidae,Staphylus lizeri lizeri,FALSE,FALSE
Insecta,Lepidoptera,Hesperiidae,Anastrus petius petius,FALSE,FALSE
Equisetopsida,Malpighiales,Clusiaceae,Moronobea coccinea,FALSE,FALSE
Equisetopsida,Malpighiales,Salicaceae,Piparea multiflora,FALSE,FALSE
Equisetopsida,Saxifragales,Crassulaceae,Kalanchoe pinnata,FALSE,FALSE
Equisetopsida,Polypodiales,Didymochlaenaceae,Didymochlaena truncatula,FALSE,FALSE
Equisetopsida,Apiales,Araliaceae,Didymopanax morototoni,FALSE,FALSE
Equisetopsida,Alismatales,Araceae,Dieffenbachia alexiadesii,FALSE,FALSE
Insecta,Lepidoptera,Nymphalidae,Melinaea maelus lamasi,FALSE,FALSE
Insecta,Lepidoptera,Nymphalidae,Splendeuptychia boliviensis,FALSE,FALSE
Equisetopsida,Alismatales,Araceae,Dieffenbachia humilis,FALSE,FALSE
Equisetopsida,Caryophyllales,Nyctaginaceae,Neea spruceana,FALSE,FALSE
Equisetopsida,Alismatales,Araceae,Dieffenbachia parvifolia,FALSE,FALSE
Equisetopsida,Alismatales,Araceae,Dieffenbachia tambopatensis,FALSE,FALSE
Equisetopsida,Alismatales,Araceae,Dieffenbachia weberbaueri,FALSE,FALSE
Insecta,Lepidoptera,Hesperiidae,Justinia phaetusa phaetusa,FALSE,FALSE
Insecta,Lepidoptera,Hesperiidae,Justinia justinianus dappa,FALSE,FALSE
Equisetopsida,Caryophyllales,Nyctaginaceae,Neea verticillata,FALSE,FALSE
Insecta,Lepidoptera,Hesperiidae,Staphylus corumba,FALSE,FALSE
Insecta,Lepidoptera,Hesperiidae,Anastrus sempiternus simplicior,FALSE,FALSE
Insecta,Lepidoptera,Hesperiidae,Anastrus tolimus robigus,FALSE,FALSE
Insecta,Odonata,Libellulidae,Anatya guttata,FALSE,FALSE
Aves,Psittaciformes,Psittacidae,Pionus menstruus,FALSE,FALSE
Insecta,Hymenoptera,Formicidae,Neivamyrmex cristatus,FALSE,FALSE
Aves,Psittaciformes,Psittacidae,Pionites leucogaster,FALSE,FALSE
Insecta,Lepidoptera,Erebidae,Pionia lycoides,FALSE,FALSE
Equisetopsida,Malpighiales,Passifloraceae,Dilkea retusa,FALSE,FALSE
Equisetopsida,Sapindales,Sapindaceae,Dilodendron elegans,FALSE,FALSE
Insecta,Lepidoptera,Erebidae,Dinia mena,FALSE,FALSE
Mammalia,Rodentia,Dinomyidae,Dinomys branickii,FALSE,TRUE
Insecta,Lepidoptera,Hesperiidae,Staphylus chlora,FALSE,FALSE
Insecta,Lepidoptera,Hesperiidae,Staphylus astra,FALSE,FALSE
Insecta,Diptera,Asilidae,Diogmites castaneus,FALSE,FALSE
Insecta,Diptera,Asilidae,Diogmites inclusus,FALSE,FALSE
Insecta,Diptera,Asilidae,Diogmites rufipalpis,FALSE,FALSE
Equisetopsida,Lamiales,Acanthaceae,Justicia boliviana,FALSE,FALSE
Insecta,Lepidoptera,Nymphalidae,Splendeuptychia itonis,FALSE,FALSE
Insecta,Diptera,Asilidae,Diogmites vulgaris,FALSE,FALSE
Equisetopsida,Asparagales,Orchidaceae,Maxillaria alba,FALSE,FALSE
Actinopterygii,Siluriformes,Doradidae,Nemadoras humeralis,FALSE,FALSE
Actinopterygii,Siluriformes,Pimelodidae,Pimelodus maculatus,FALSE,FALSE
Equisetopsida,Fabales,Fabaceae,Jupunba trapezifolia var. micradenia,FALSE,FALSE
Aves,Passeriformes,Thraupidae,Nemosia pileata,FALSE,FALSE
Equisetopsida,Fabales,Fabaceae,Jupunba macradenia,FALSE,FALSE
Actinopterygii,Siluriformes,Pimelodidae,Pimelodus blochii,FALSE,FALSE
Insecta,Lepidoptera,Nymphalidae,Splendeuptychia purusana,FALSE,FALSE
Equisetopsida,Santalales,Opiliaceae,Agonandra silvatica,FALSE,FALSE
Equisetopsida,Polypodiales,Pteridaceae,Adiantum argutum,FALSE,FALSE
Equisetopsida,Fabales,Fabaceae,Jupunba floribunda,FALSE,FALSE
Actinopterygii,Siluriformes,Heptapteridae,Pimelodella gracilis,FALSE,FALSE
Actinopterygii,Siluriformes,Heptapteridae,Pimelodella cristata,FALSE,FALSE
Equisetopsida,Polypodiales,Pteridaceae,Adiantum fuliginosum,FALSE,FALSE
Equisetopsida,Ericales,Ebenaceae,Diospyros capreaefolia,FALSE,FALSE
Equisetopsida,Ericales,Ebenaceae,Diospyros capreifolia,FALSE,FALSE
Insecta,Diptera,Asilidae,Pilica erythogaster,FALSE,FALSE
Equisetopsida,Polypodiales,Pteridaceae,Adiantum latifolium,FALSE,FALSE
Equisetopsida,Ericales,Ebenaceae,Diospyros inconstans,FALSE,FALSE
Equisetopsida,Ericales,Ebenaceae,Diospyros manu,TRUE,FALSE
Insecta,Lepidoptera,Nymphalidae,Junonia genoveva occidentalis,FALSE,FALSE
Aves,Pelecaniformes,Ardeidae,Pilherodius pileatus,FALSE,FALSE
Equisetopsida,Ericales,Ebenaceae,Diospyros subrotata,FALSE,FALSE
Mammalia,Chiroptera,Phyllostomidae,Diphylla ecaudata,FALSE,FALSE
Equisetopsida,Poales,Cyperaceae,Diplasia karatifolia,FALSE,FALSE
Equisetopsida,Polypodiales,Athyriaceae,Diplazium cristatum,FALSE,FALSE
Equisetopsida,Polypodiales,Athyriaceae,Diplazium grandifolium,FALSE,FALSE
Equisetopsida,Polypodiales,Woodsiaceae,Diplazium striatum,FALSE,FALSE
Insecta,Lepidoptera,Pieridae,Pieriballia viardi rubecula,FALSE,FALSE
Insecta,Lepidoptera,Nymphalidae,Pierella lena brasiliensis,FALSE,FALSE
Equisetopsida,Ericales,Sapotaceae,Diploon cuspidatum,FALSE,FALSE
Insecta,Lepidoptera,Nymphalidae,Pierella lamia chalybaea,FALSE,FALSE
Equisetopsida,Fabales,Fabaceae,Diplotropis martiusii,FALSE,FALSE
Equisetopsida,Fabales,Fabaceae,Diplotropis purpurea,FALSE,FALSE
Insecta,Lepidoptera,Nymphalidae,Pierella hortona albofasciata,FALSE,FALSE
Equisetopsida,Fabales,Fabaceae,Dipteryx alata,FALSE,FALSE
Equisetopsida,Fabales,Fabaceae,Dipteryx micrantha,FALSE,FALSE
Equisetopsida,Fabales,Fabaceae,Dipteryx odorata,FALSE,FALSE
Insecta,Lepidoptera,Erebidae,Diptilion proleuca,FALSE,FALSE
Insecta,Lepidoptera,Nymphalidae,Dircenna dero,FALSE,FALSE
Aves,Piciformes,Picidae,Picumnus rufiventris,FALSE,FALSE
Insecta,Lepidoptera,Nymphalidae,Dircenna loreta acreana,FALSE,FALSE
Insecta,Lepidoptera,Saturniidae,Dirphia avia,FALSE,FALSE
Insecta,Lepidoptera,Saturniidae,Dirphia fraterna,FALSE,FALSE
Insecta,Lepidoptera,Saturniidae,Dirphiopsis flora orientalis,FALSE,FALSE
Equisetopsida,Ranunculales,Menispermaceae,Disciphania heterophylla,FALSE,FALSE
Aves,Piciformes,Picidae,Picumnus aurifrons,FALSE,FALSE
Aves,Apodiformes,Trochilidae,Discosura langsdorffi,FALSE,FALSE
Insecta,Lepidoptera,Pieridae,Dismorphia theucharila argochloe,FALSE,FALSE
Aves,Piciformes,Picidae,Piculus leucolaemus,FALSE,FALSE
Aves,Piciformes,Picidae,Piculus flavigula,FALSE,FALSE
Aves,Passeriformes,Thamnophilidae,Neoctantes niger,FALSE,FALSE
Aves,Piciformes,Picidae,Piculus chrysochloros,FALSE,FALSE
Insecta,Lepidoptera,Nymphalidae,Splendeuptychia triangula,FALSE,FALSE
Equisetopsida,Picramniales,Picramniaceae,Picramnia sellowii,FALSE,FALSE
Insecta,Lepidoptera,Riodinidae,Juditha molpe molpe,FALSE,FALSE
Actinopterygii,Clupeiformes,Engraulididae,Anchoviella alleni,FALSE,FALSE
Insecta,Lepidoptera,Riodinidae,Juditha azan,FALSE,FALSE
Insecta,Lepidoptera,Erebidae,Dixophlebia quadristrigata,FALSE,FALSE
Equisetopsida,Picramniales,Picramniaceae,Picramnia latifolia,FALSE,FALSE
Equisetopsida,Lamiales,Bignoniaceae,Dolichandra unguis-cati,FALSE,FALSE
Equisetopsida,Picramniales,Picramniaceae,Picramnia juniniana,FALSE,FALSE
Aves,Cuculiformes,Cuculidae,Piaya melanogaster,FALSE,FALSE
Insecta,Lepidoptera,Riodinidae,Stalachtis calliope,FALSE,FALSE
Insecta,Lepidoptera,Hesperiidae,Joanna boxi,FALSE,FALSE
Aves,Passeriformes,Icteridae,Dolichonyx oryzivorus,FALSE,FALSE
Insecta,Lepidoptera,Hesperiidae,Jemadia hewitsonii hewitsonii,FALSE,FALSE
Equisetopsida,Dilleniales,Dilleniaceae,Doliocarpus amazonicus,FALSE,FALSE
Equisetopsida,Dilleniales,Dilleniaceae,Doliocarpus dentatus,FALSE,FALSE
Aves,Passeriformes,Donacobiidae,Donacobius atricapilla,FALSE,FALSE
Equisetopsida,Rosales,Moraceae,Dorstenia umbricola,FALSE,FALSE
Aves,Cuculiformes,Cuculidae,Piaya cayana,FALSE,FALSE
Insecta,Lepidoptera,Nymphalidae,Doxocopa agathina agathina,FALSE,FALSE
Insecta,Lepidoptera,Nymphalidae,Doxocopa laure griseldis,FALSE,FALSE
Insecta,Lepidoptera,Nymphalidae,Doxocopa lavinia,FALSE,FALSE
Insecta,Lepidoptera,Nymphalidae,Doxocopa linda linda,FALSE,FALSE
Insecta,Lepidoptera,Nymphalidae,Doxocopa pavon pavon,FALSE,FALSE
Insecta,Lepidoptera,Nymphalidae,Doxocopa zunilda floris,FALSE,FALSE
Insecta,Lepidoptera,Lycaenidae,Janthecla sista,FALSE,FALSE
Equisetopsida,Polypodiales,Pteridaceae,Adiantum petiolatum,FALSE,FALSE
Insecta,Lepidoptera,Lycaenidae,Janthecla rocena,FALSE,FALSE
Insecta,Lepidoptera,Lycaenidae,Janthecla malvina,FALSE,FALSE
Insecta,Lepidoptera,Lycaenidae,Janthecla leea,FALSE,FALSE
Equisetopsida,Alismatales,Araceae,Dracontium plowmanii,FALSE,FALSE
Equisetopsida,Alismatales,Araceae,Dracontium spruceanum,FALSE,FALSE
Insecta,Lepidoptera,Hesperiidae,Drephalys hypargus,FALSE,FALSE
Equisetopsida,Caryophyllales,Phytolaccaceae,Phytolacca rivinoides,FALSE,FALSE
Aves,Cuculiformes,Cuculidae,Dromococcyx pavoninus,FALSE,FALSE
Aves,Cuculiformes,Cuculidae,Dromococcyx phasianellus,FALSE,FALSE
Insecta,Lepidoptera,Nymphalidae,Dryas iulia alcionea,FALSE,FALSE
Equisetopsida,Myrtales,Lythraceae,Physocalymma scaberrimum,FALSE,FALSE
Equisetopsida,Lamiales,Gesneriaceae,Drymonia coccinea,FALSE,FALSE
Equisetopsida,Lamiales,Gesneriaceae,Drymonia doratostyla,FALSE,FALSE
Equisetopsida,Solanales,Solanaceae,Physalis angulata,FALSE,FALSE
Equisetopsida,Lamiales,Gesneriaceae,Drymonia semicordata,FALSE,FALSE
Aves,Cuculiformes,Cuculidae,Neomorphus geoffroyi,FALSE,FALSE
Equisetopsida,Lamiales,Gesneriaceae,Drymonia serrulata,FALSE,FALSE
Aves,Passeriformes,Thamnophilidae,Drymophila devillei,FALSE,FALSE
Aves,Piciformes,Picidae,Dryobates affinis,FALSE,FALSE
Mammalia,Chiroptera,Phyllostomidae,Phyllostomus hastatus,FALSE,FALSE
Mammalia,Chiroptera,Phyllostomidae,Phyllostomus elongatus,FALSE,FALSE
Aves,Piciformes,Picidae,Dryobates passerinus,FALSE,FALSE
Aves,Piciformes,Picidae,Dryocopus lineatus,FALSE,FALSE
Equisetopsida,Malpighiales,Putranjivaceae,Drypetes amazonica,FALSE,FALSE
Equisetopsida,Malpighiales,Putranjivaceae,Drypetes gentryana,FALSE,FALSE
Equisetopsida,Malpighiales,Putranjivaceae,Drypetes gentryi,FALSE,FALSE
Equisetopsida,Solanales,Solanaceae,Solanum goodspeedii,FALSE,FALSE
Aves,Passeriformes,Tyrannidae,Phylloscartes orbitalis,FALSE,FALSE
Insecta,Lepidoptera,Hesperiidae,Dubiella dubius,FALSE,FALSE
Insecta,Lepidoptera,Hesperiidae,Dubiella fiscella fiscella,FALSE,FALSE
Aves,Passeriformes,Pipridae,Neopelma sulphureiventer,FALSE,FALSE
Equisetopsida,Magnoliales,Annonaceae,Duguetia flagellaris,FALSE,FALSE
Equisetopsida,Magnoliales,Annonaceae,Duguetia hadrantha,FALSE,FALSE
Aves,Accipitriformes,Accipitridae,Morphnus guianensis,FALSE,TRUE
Equisetopsida,Magnoliales,Annonaceae,Duguetia lucida,FALSE,FALSE
Insecta,Lepidoptera,Riodinidae,Mesene nola eupteryx,FALSE,FALSE
Equisetopsida,Magnoliales,Annonaceae,Duguetia odorata,FALSE,FALSE
Equisetopsida,Brassicales,Caricaceae,Jacaratia spinosa,FALSE,FALSE
Equisetopsida,Brassicales,Caricaceae,Jacaratia digitata,FALSE,FALSE
Equisetopsida,Magnoliales,Annonaceae,Duguetia quitarensis,FALSE,FALSE
Insecta,Hymenoptera,Formicidae,Neoponera apicalis,FALSE,FALSE
Insecta,Hymenoptera,Formicidae,Neoponera bactronica,FALSE,FALSE
Insecta,Hymenoptera,Formicidae,Neoponera commutata,FALSE,FALSE
Insecta,Hymenoptera,Formicidae,Neoponera luteola,FALSE,FALSE
Equisetopsida,Magnoliales,Annonaceae,Duguetia spixiana,FALSE,FALSE
Equisetopsida,Lamiales,Bignoniaceae,Jacaranda obtusifolia,FALSE,FALSE
Equisetopsida,Fabales,Fabaceae,Dussia tessmannii,FALSE,FALSE
Insecta,Lepidoptera,Nymphalidae,Dynamine aerata aerata,FALSE,FALSE
Aves,Passeriformes,Furnariidae,Ancistrops strigilatus,FALSE,FALSE
Actinopterygii,Siluriformes,Loricariidae,Ancistrus tamboensis,FALSE,FALSE
Insecta,Lepidoptera,Nymphalidae,Dynamine artemisia glauce,FALSE,FALSE
Insecta,Lepidoptera,Nymphalidae,Dynamine athemon barreiroi,FALSE,FALSE
Insecta,Lepidoptera,Nymphalidae,Dynamine coenus leucothea,FALSE,FALSE
Insecta,Lepidoptera,Hesperiidae,Dyscophellus euribates euribates,FALSE,FALSE
Insecta,Lepidoptera,Hesperiidae,Dyscophellus nicephorus,FALSE,FALSE
Insecta,Lepidoptera,Hesperiidae,Dyscophellus sebaldus,FALSE,FALSE
Equisetopsida,Lamiales,Bignoniaceae,Jacaranda glabra,FALSE,FALSE
Insecta,Lepidoptera,Riodinidae,Mesene phyrrha,FALSE,FALSE
Equisetopsida,Lamiales,Bignoniaceae,Jacaranda copaia subsp. spectabilis,FALSE,FALSE
Insecta,Lepidoptera,Saturniidae,Dysdaemonia boreas,FALSE,FALSE
Equisetopsida,Arecales,Arecaceae,Mauritia flexuosa,FALSE,FALSE
Insecta,Odonata,Gomphidae,Phyllocycla malkini,FALSE,FALSE
Aves,Passeriformes,Thamnophilidae,Dysithamnus mentalis,FALSE,FALSE
Insecta,Odonata,Libellulidae,Dythemis cannacrioides,FALSE,FALSE
Equisetopsida,Lamiales,Bignoniaceae,Jacaranda copaia,FALSE,FALSE
Insecta,Lepidoptera,Saturniidae,Eacles barnesi,FALSE,FALSE
Insecta,Lepidoptera,Saturniidae,Eacles penelope,FALSE,FALSE
Insecta,Lepidoptera,Hesperiidae,Ebrietas anacreon anacreon,FALSE,FALSE
Mammalia,Rodentia,Echimyidae,Mesomys hispidus,FALSE,FALSE
Aves,Charadriiformes,Jacanidae,Jacana jacana,FALSE,FALSE
Insecta,Lepidoptera,Hesperiidae,Neoxeniades braesia braesia,FALSE,FALSE
Insecta,Lepidoptera,Hesperiidae,Ebrietas evanidus,FALSE,FALSE
Insecta,Lepidoptera,Hesperiidae,Ebrietas infanda,FALSE,FALSE
Insecta,Lepidoptera,Hesperiidae,Ebusus ebusus ebusus,FALSE,FALSE
Insecta,Diptera,Asilidae,Eccritosia barbata,FALSE,FALSE
Insecta,Lepidoptera,Erebidae,Ecdemus hypoleucus,FALSE,FALSE
Aves,Galbuliformes,Galbulidae,Jacamerops aureus,FALSE,FALSE
Insecta,Hymenoptera,Formicidae,Eciton hamatum,FALSE,FALSE
Insecta,Hymenoptera,Formicidae,Eciton rapax,FALSE,FALSE
Insecta,Lepidoptera,Nymphalidae,Ectima iona,FALSE,FALSE
Insecta,Lepidoptera,Nymphalidae,Ectima thecla peruviana,FALSE,FALSE
Equisetopsida,Polypodiales,Pteridaceae,Adiantum pulverulentum,FALSE,FALSE
Aves,Ciconiiformes,Ciconiidae,Jabiru mycteria,FALSE,FALSE
Aves,Pelecaniformes,Ardeidae,Egretta caerulea,FALSE,FALSE
Equisetopsida,Santalales,Santalaceae,Phoradendron perrottetii,FALSE,FALSE
Aves,Pelecaniformes,Ardeidae,Egretta thula,FALSE,FALSE
Equisetopsida,Santalales,Santalaceae,Phoradendron bathyoryctum,FALSE,FALSE
Insecta,Diptera,Asilidae,Eicherax macularis,FALSE,FALSE
Actinopterygii,Gymnotiformes,Sternopygidae,Eigenmannia virescens,FALSE,FALSE
Insecta,Lepidoptera,Erebidae,Phoenicoprocta vacillans,FALSE,FALSE
Insecta,Odonata,Libellulidae,Nephepeltia flavifrons,FALSE,FALSE
Insecta,Odonata,Libellulidae,Nephepeltia leonardina,FALSE,FALSE
Insecta,Odonata,Libellulidae,Nephepeltia phryne,FALSE,FALSE
Mammalia,Carnivora,Mustelidae,Eira barbara,FALSE,FALSE
Insecta,Lepidoptera,Pieridae,Phoebis sennae marcellina,FALSE,FALSE
Insecta,Lepidoptera,Riodinidae,Ancyluris aulestes eryxo,FALSE,FALSE
Insecta,Lepidoptera,Pieridae,Phoebis philea philea,FALSE,FALSE
Aves,Passeriformes,Thraupidae,Ixothraupis xanthogastra,FALSE,FALSE
Insecta,Lepidoptera,Nymphalidae,Morpho achilles theodorus,FALSE,FALSE
Insecta,Lepidoptera,Pieridae,Phoebis argante larra,FALSE,FALSE
Actinopterygii,Cichliformes,Cichlidae,Mesonauta festivus,FALSE,FALSE
Insecta,Lepidoptera,Riodinidae,Ancyluris etias melior,FALSE,FALSE
Insecta,Lepidoptera,Hesperiidae,Phocides pigmalion hewitsonius,FALSE,FALSE
Equisetopsida,Gentianales,Rubiaceae,Ixora peruviana,FALSE,FALSE
Insecta,Lepidoptera,Hesperiidae,Phocides padrona,FALSE,FALSE
Insecta,Lepidoptera,Riodinidae,Ancyluris meliboeus meliboeus,FALSE,FALSE
Insecta,Lepidoptera,Hesperiidae,Phocides novalis,FALSE,FALSE
Insecta,Lepidoptera,Hesperiidae,Phocides metrodorus metrodorus,FALSE,FALSE
Aves,Passeriformes,Tyrannidae,Elaenia gigas,FALSE,FALSE
Equisetopsida,Fabales,Fabaceae,Andira inermis,FALSE,FALSE
Aves,Passeriformes,Tyrannidae,Elaenia parvirostris,FALSE,FALSE
Aves,Pelecaniformes,Ardeidae,Ixobrychus involucris,FALSE,FALSE
Aves,Passeriformes,Thamnophilidae,Phlegopsis nigromaculata,FALSE,FALSE
Aves,Passeriformes,Tyrannidae,Elaenia spectabilis,FALSE,FALSE
Aves,Passeriformes,Tyrannidae,Elaenia strepera,FALSE,FALSE
Aves,Pelecaniformes,Ardeidae,Ixobrychus exilis,FALSE,FALSE
Aves,Accipitriformes,Accipitridae,Elanoides forficatus,FALSE,FALSE
Insecta,Lepidoptera,Hesperiidae,Phlebodes virgo,FALSE,FALSE
Insecta,Lepidoptera,Hesperiidae,Phlebodes torax,FALSE,FALSE
Insecta,Lepidoptera,Hesperiidae,Phlebodes pertinax,FALSE,FALSE
Insecta,Lepidoptera,Hesperiidae,Phlebodes notex,FALSE,FALSE
Equisetopsida,Fabales,Fabaceae,Andira multistipula,FALSE,FALSE
Equisetopsida,Fabales,Fabaceae,Andira surinamensis,FALSE,FALSE
Actinopterygii,Siluriformes,Trichomycteridae,Ituglanis amazonicus,FALSE,FALSE
Insecta,Lepidoptera,Hesperiidae,Phlebodes campo sifax,FALSE,FALSE
Aves,Passeriformes,Furnariidae,Philydor pyrrhodes,FALSE,FALSE
Insecta,Lepidoptera,Hesperiidae,Elbella azeta azeta,FALSE,FALSE
Insecta,Lepidoptera,Hesperiidae,Elbella blanda,FALSE,FALSE
Insecta,Lepidoptera,Nymphalidae,Ithomia salapia ardea,FALSE,FALSE
Insecta,Lepidoptera,Nymphalidae,Ithomia lichyi neivai,FALSE,FALSE
Insecta,Lepidoptera,Hesperiidae,Elbella madeira,FALSE,FALSE
Insecta,Lepidoptera,Nymphalidae,Ithomia arduinna arduinna,FALSE,FALSE
Insecta,Lepidoptera,Nymphalidae,Ithomia agnosia agnosia,FALSE,FALSE
Insecta,Lepidoptera,Hesperiidae,Elbella merops,FALSE,FALSE
Insecta,Lepidoptera,Riodinidae,Ithomeis lauronia,FALSE,FALSE
Insecta,Lepidoptera,Nymphalidae,Neruda aoede manu,FALSE,FALSE
Insecta,Lepidoptera,Pieridae,Itaballia pandiosa pisonis,FALSE,FALSE
Insecta,Lepidoptera,Lycaenidae,Nesiostrymon celona,FALSE,FALSE
Insecta,Lepidoptera,Pieridae,Itaballia demophile lucania,FALSE,FALSE
Insecta,Lepidoptera,Hesperiidae,Elbella patrobas tingo,FALSE,FALSE
Aves,Coraciiformes,Momotidae,Electron platyrhynchum,FALSE,FALSE
Insecta,Lepidoptera,Riodinidae,Mesophthalma idotea,FALSE,FALSE
Insecta,Lepidoptera,Nymphalidae,Nessaea obrina lesoudieri,FALSE,FALSE
Aves,Passeriformes,Furnariidae,Philydor erythrocercum,FALSE,FALSE
Equisetopsida,Asparagales,Iridaceae,Eleutherine bulbosa,FALSE,FALSE
Actinopterygii,Siluriformes,Loricariidae,Squaliforma phrixosoma,FALSE,FALSE
Insecta,Lepidoptera,Riodinidae,Emesis castigata castigata,FALSE,FALSE
Equisetopsida,Polypodiales,Pteridaceae,Adiantum tetraphyllum,FALSE,FALSE
Insecta,Lepidoptera,Riodinidae,Emesis fatimella fatimella,FALSE,FALSE
Aves,Passeriformes,Thamnophilidae,Isleria hauxwelli,FALSE,FALSE
Insecta,Lepidoptera,Riodinidae,Emesis mandana mandana,FALSE,FALSE
Insecta,Odonata,Aeshnidae,Neuraeschna calverti,FALSE,FALSE
Insecta,Odonata,Aeshnidae,Neuraeschna mina,FALSE,FALSE
Insecta,Lepidoptera,Riodinidae,Emesis ocypore ocypore,FALSE,FALSE
Insecta,Lepidoptera,Riodinidae,Emesis temesa emesina,FALSE,FALSE
Equisetopsida,Solanales,Solanaceae,Solanum caricaefolium,FALSE,FALSE
Equisetopsida,Alismatales,Araceae,Philodendron ornatum,FALSE,FALSE
Insecta,Lepidoptera,Nymphalidae,Nica flavilla sylvestris,FALSE,FALSE
Insecta,Lepidoptera,Nymphalidae,Morpho deidamia grambergi,FALSE,FALSE
Insecta,Odonata,Coenagrionidae,Ischnura capreola,FALSE,FALSE
Equisetopsida,Polypodiales,Pteridaceae,Adiantum tomentosum,FALSE,FALSE
Insecta,Lepidoptera,Erebidae,Andrenimorpha lucens,FALSE,FALSE
Aves,Passeriformes,Tyrannidae,Empidonax alnorum,FALSE,FALSE
Aves,Passeriformes,Tyrannidae,Empidonomus aurantioatrocristatus,FALSE,FALSE
Aves,Passeriformes,Tyrannidae,Empidonomus varius,FALSE,FALSE
Equisetopsida,Zingiberales,Marantaceae,Ischnosiphon puberulus,FALSE,FALSE
Insecta,Lepidoptera,Hesperiidae,Niconiades linga,FALSE,FALSE
Insecta,Diptera,Asilidae,Andrenosoma phoenicogaster,FALSE,FALSE
Insecta,Diptera,Asilidae,Andrenosoma sarcophaga,FALSE,FALSE
Equisetopsida,Alismatales,Araceae,Philodendron lechlerianum,FALSE,FALSE
Insecta,Lepidoptera,Hesperiidae,Niconiades xanthaphes,FALSE,FALSE
Equisetopsida,Zingiberales,Marantaceae,Ischnosiphon leucophaeus subsp. leucophaeus,FALSE,FALSE
Insecta,Lepidoptera,Pieridae,Enantia lina galanthis,FALSE,FALSE
Equisetopsida,Zingiberales,Marantaceae,Ischnosiphon leucophaeus,FALSE,FALSE
Insecta,Lepidoptera,Pieridae,Enantia melite linealis,FALSE,FALSE
Equisetopsida,Alismatales,Araceae,Philodendron hylaeae,FALSE,FALSE
Equisetopsida,Lamiales,Bignoniaceae,Anemopaegma flavum,FALSE,FALSE
Equisetopsida,Laurales,Lauraceae,Endlicheria bracteata,FALSE,FALSE
Equisetopsida,Laurales,Lauraceae,Endlicheria dysodantha,FALSE,FALSE
Equisetopsida,Laurales,Lauraceae,Endlicheria formosa,FALSE,FALSE
Equisetopsida,Laurales,Lauraceae,Endlicheria krukovii,FALSE,FALSE
Equisetopsida,Zingiberales,Marantaceae,Ischnosiphon killipii,FALSE,FALSE
Equisetopsida,Lamiales,Bignoniaceae,Anemopaegma insculptum,FALSE,FALSE
Equisetopsida,Laurales,Lauraceae,Endlicheria metallica,FALSE,FALSE
Equisetopsida,Alismatales,Araceae,Philodendron herthae,FALSE,FALSE
Insecta,Lepidoptera,Nymphalidae,Megeuptychia antonoe,FALSE,FALSE
Equisetopsida,Laurales,Lauraceae,Endlicheria paniculata,FALSE,FALSE
Equisetopsida,Alismatales,Araceae,Philodendron hederaceum,FALSE,FALSE
Equisetopsida,Laurales,Lauraceae,Endlicheria rubiflora,FALSE,FALSE
Equisetopsida,Alismatales,Araceae,Philodendron guttiferum,FALSE,FALSE
Equisetopsida,Alismatales,Araceae,Philodendron guianense,FALSE,FALSE
Equisetopsida,Laurales,Lauraceae,Endlicheria ruforamula,FALSE,FALSE
Equisetopsida,Malpighiales,Malpighiaceae,Niedenzuella stannea,FALSE,FALSE
Equisetopsida,Laurales,Monimiaceae,Mollinedia lanceolata,FALSE,FALSE
Equisetopsida,Zingiberales,Marantaceae,Ischnosiphon hirsutus,FALSE,FALSE
Equisetopsida,Laurales,Lauraceae,Endlicheria sericea,FALSE,FALSE
Aves,Anseriformes,Anhimidae,Anhima cornuta,FALSE,FALSE
Insecta,Lepidoptera,Riodinidae,Isapis agyrtus sestus,FALSE,FALSE
Equisetopsida,Malvales,Malvaceae,Matisia ochrocalyx,FALSE,FALSE
Equisetopsida,Laurales,Lauraceae,Endlicheria williamsii,FALSE,FALSE
Insecta,Lepidoptera,Erebidae,Isanthrene porphyria,FALSE,FALSE
Insecta,Lepidoptera,Nymphalidae,Melinaea marsaeus clara,FALSE,FALSE
Equisetopsida,Alismatales,Araceae,Philodendron fragrantissimum,FALSE,FALSE
Actinopterygii,Characiformes,Characidae,Engraulisoma taeniatum,FALSE,FALSE
Insecta,Lepidoptera,Hesperiidae,Enosis blotta,FALSE,FALSE
Insecta,Lepidoptera,Hesperiidae,Enosis iccius,FALSE,FALSE
Insecta,Lepidoptera,Hesperiidae,Enosis immaculata demon,FALSE,FALSE
Aves,Suliformes,Anhingidae,Anhinga anhinga,FALSE,FALSE
Insecta,Lepidoptera,Hesperiidae,Enosis pruinosa pruinosa,FALSE,FALSE
Equisetopsida,Fabales,Fabaceae,Enterolobium barnebianum,FALSE,FALSE
Equisetopsida,Magnoliales,Myristicaceae,Iryanthera tessmannii,FALSE,FALSE
Mammalia,Chiroptera,Phyllostomidae,Mesophylla macconnelli,FALSE,FALSE
Insecta,Lepidoptera,Hesperiidae,Nisoniades brunneata,FALSE,FALSE
Equisetopsida,Laurales,Lauraceae,Aniba canelilla,FALSE,FALSE
Insecta,Lepidoptera,Hesperiidae,Nisoniades evansi,FALSE,FALSE
Equisetopsida,Fabales,Fabaceae,Enterolobium schomburgkii,FALSE,FALSE
Insecta,Lepidoptera,Hesperiidae,Entheus eumelus ninyas,FALSE,FALSE
Insecta,Lepidoptera,Nymphalidae,Morpho menelaus alexandrovna,FALSE,FALSE
Insecta,Lepidoptera,Hesperiidae,Nisoniades macarius,FALSE,FALSE
Insecta,Lepidoptera,Hesperiidae,Nisoniades mimas,FALSE,FALSE
Equisetopsida,Laurales,Monimiaceae,Mollinedia killipii,FALSE,FALSE
Equisetopsida,Fabales,Fabaceae,Nissolia brasiliensis,FALSE,FALSE
Equisetopsida,Magnoliales,Myristicaceae,Iryanthera olacoides,FALSE,FALSE
Equisetopsida,Alismatales,Araceae,Philodendron brevispathum,FALSE,FALSE
Equisetopsida,Poales,Bromeliaceae,Aechmea bromeliifolia,FALSE,FALSE
Equisetopsida,Malvales,Malvaceae,Matisia malacocalyx,FALSE,FALSE
Equisetopsida,Solanales,Solanaceae,Solanum aphyodendron,FALSE,FALSE
Equisetopsida,Alismatales,Araceae,Philodendron brandtianum,FALSE,FALSE
Equisetopsida,Laurales,Lauraceae,Aniba guianensis,FALSE,FALSE
Insecta,Lepidoptera,Erebidae,Epanycles imperialis,FALSE,FALSE
Insecta,Lepidoptera,Hesperiidae,Epargyreus clavicornis clavicornis,FALSE,FALSE
Insecta,Lepidoptera,Hesperiidae,Epargyreus exadeus exadeus,FALSE,FALSE
Aves,Strigiformes,Strigidae,Megascops watsonii,FALSE,FALSE
Insecta,Lepidoptera,Riodinidae,Mesosemia cippus,FALSE,FALSE
Equisetopsida,Magnoliales,Myristicaceae,Iryanthera laevis,FALSE,FALSE
Equisetopsida,Magnoliales,Myristicaceae,Iryanthera juruensis,FALSE,FALSE
Equisetopsida,Laurales,Lauraceae,Aniba panurensis,FALSE,FALSE
Insecta,Lepidoptera,Hesperiidae,Epargyreus socus sinus,FALSE,FALSE
Insecta,Lepidoptera,Nymphalidae,Morpho telemachus iphiclus,FALSE,FALSE
Equisetopsida,Magnoliales,Myristicaceae,Iryanthera hostmannii,FALSE,FALSE
Insecta,Lepidoptera,Nymphalidae,Melinaea menophilus orestes,FALSE,FALSE
Equisetopsida,Alismatales,Araceae,Philodendron acreanum,FALSE,FALSE
Insecta,Diptera,Tabanidae,Philipotabanus tenuifasciatus,FALSE,FALSE
Mammalia,Chiroptera,Noctilionidae,Noctilio leporinus,FALSE,FALSE
Equisetopsida,Malvales,Malvaceae,Sterculia rebeccae,FALSE,FALSE
Insecta,Diptera,Tabanidae,Philipotabanus stigmaticalis,FALSE,FALSE
Insecta,Lepidoptera,Nymphalidae,Philaethria dido,FALSE,FALSE
Aves,Passeriformes,Troglodytidae,Pheugopedius genibarbis,FALSE,FALSE
Aves,Passeriformes,Cardinalidae,Pheucticus ludovicianus,FALSE,FALSE
Aves,Passeriformes,Cardinalidae,Pheucticus aureoventris,FALSE,FALSE
Equisetopsida,Zingiberales,Strelitziaceae,Phenakospermum guyannense,FALSE,FALSE
Actinopterygii,Characiformes,Characidae,Phenacogaster pectinatus,FALSE,FALSE
Actinopterygii,Characiformes,Characidae,Phenacogaster megalostictus,FALSE,FALSE
Insecta,Lepidoptera,Hesperiidae,Phemiades pohli cidra,FALSE,FALSE
Insecta,Lepidoptera,Erebidae,Pheia proteria,FALSE,FALSE
Insecta,Lepidoptera,Erebidae,Pheia albisigna,FALSE,FALSE
Equisetopsida,Poales,Poaceae,Pharus virescens,FALSE,FALSE
Equisetopsida,Poales,Poaceae,Pharus latifolius,FALSE,FALSE
Equisetopsida,Poales,Poaceae,Pharus lappulaceus,FALSE,FALSE
Aves,Anseriformes,Anatidae,Nomonyx dominicus,FALSE,FALSE
Aves,Trogoniformes,Trogonidae,Pharomachrus pavoninus,FALSE,FALSE
Equisetopsida,Asparagales,Orchidaceae,Epidendrum strobiliferum,FALSE,FALSE
Insecta,Lepidoptera,Hesperiidae,Phareas coeleste,FALSE,FALSE
Insecta,Lepidoptera,Hesperiidae,Phanus vitreus,FALSE,FALSE
Insecta,Lepidoptera,Erebidae,Epidesma aurimaculata,FALSE,FALSE
Insecta,Lepidoptera,Riodinidae,Mesosemia decolorata,FALSE,FALSE
Insecta,Lepidoptera,Erebidae,Epidesma hoffmannsi,FALSE,FALSE
Insecta,Lepidoptera,Riodinidae,Mesosemia ibycus,FALSE,FALSE
Equisetopsida,Malvales,Malvaceae,Matisia glandifera,FALSE,FALSE
Insecta,Lepidoptera,Erebidae,Epidesma klagesi,FALSE,FALSE
Equisetopsida,Laurales,Lauraceae,Aniba puchury-minor,FALSE,FALSE
Insecta,Lepidoptera,Hesperiidae,Phanus ecitonorum,FALSE,FALSE
Equisetopsida,Solanales,Solanaceae,Solanum americanum,FALSE,FALSE
Insecta,Lepidoptera,Erebidae,Epidesma oblicua,FALSE,FALSE
Aves,Galbuliformes,Bucconidae,Nonnula ruficapilla,FALSE,FALSE
Equisetopsida,Laurales,Lauraceae,Aniba taubertiana,FALSE,FALSE
Insecta,Lepidoptera,Hesperiidae,Phanes aletes,FALSE,FALSE
Insecta,Lepidoptera,Erebidae,Epidesma similis,FALSE,FALSE
Insecta,Coleoptera,Scarabaeidae,Anisocanthon villosus,FALSE,FALSE
Insecta,Lepidoptera,Erebidae,Epidesma ursula,FALSE,FALSE
Equisetopsida,Arecales,Arecaceae,Iriartea deltoidea,FALSE,FALSE
Insecta,Coleoptera,Scarabaeidae,Phanaeus chalcomelas,FALSE,FALSE
Insecta,Odonata,Gomphidae,Epigomphus gracilis,FALSE,FALSE
Insecta,Coleoptera,Scarabaeidae,Phanaeus cambeforti,FALSE,FALSE
Equisetopsida,Caryophyllales,Amaranthaceae,Iresine diffusa,FALSE,FALSE
Insecta,Coleoptera,Scarabaeidae,Phanaeus bispinus,FALSE,FALSE
Insecta,Coleoptera,Carabidae,Iresia binotata peruviana,FALSE,FALSE
Insecta,Lepidoptera,Hesperiidae,Anisochoria pedaliodina pedaliodina,FALSE,FALSE
Equisetopsida,Magnoliales,Annonaceae,Annona amazonica,FALSE,FALSE
Aves,Passeriformes,Thamnophilidae,Epinecrophylla amazonica,FALSE,FALSE
Aves,Passeriformes,Thamnophilidae,Epinecrophylla leucophthalma,FALSE,FALSE
Aves,Passeriformes,Thamnophilidae,Epinecrophylla ornata,FALSE,FALSE
Equisetopsida,Caryophyllales,Cactaceae,Epiphyllum phyllanthus,FALSE,FALSE
Aves,Suliformes,Phalacrocoracidae,Phalacrocorax brasilianus,FALSE,FALSE
Aves,Charadriiformes,Laridae,Phaetusa simplex,FALSE,FALSE
Insecta,Lepidoptera,Hesperiidae,Eracon paulinus,FALSE,FALSE
Aves,Apodiformes,Trochilidae,Phaethornis ruber,FALSE,FALSE
Equisetopsida,Asterales,Asteraceae,Erechtites hieraciifolius,FALSE,FALSE
Insecta,Lepidoptera,Nymphalidae,Eresia clara clara,FALSE,FALSE
Insecta,Lepidoptera,Nymphalidae,Eresia eunice eunice,FALSE,FALSE
Insecta,Lepidoptera,Nymphalidae,Eresia nauplius plagiata,FALSE,FALSE
Insecta,Lepidoptera,Nymphalidae,Erichthodes antonina,FALSE,FALSE
Aves,Apodiformes,Trochilidae,Phaethornis philippii,FALSE,FALSE
Aves,Strigiformes,Strigidae,Megascops roraimae,FALSE,FALSE
Aves,Apodiformes,Trochilidae,Phaethornis malaris,FALSE,FALSE
Insecta,Lepidoptera,Sphingidae,Erinnyis alope alope,FALSE,FALSE
Insecta,Lepidoptera,Sphingidae,Erinnyis crameri,FALSE,FALSE
Insecta,Lepidoptera,Hesperiidae,Morvina fissimacula rema,FALSE,FALSE
Aves,Galbuliformes,Bucconidae,Notharchus ordii,FALSE,FALSE
Equisetopsida,Magnoliales,Annonaceae,Annona ambotay,FALSE,FALSE
Insecta,Lepidoptera,Sphingidae,Erinnyis ello ello,FALSE,FALSE
Aves,Apodiformes,Trochilidae,Phaethornis hispidus,FALSE,FALSE
Equisetopsida,Malvales,Malvaceae,Eriotheca globosa,FALSE,FALSE
Insecta,Lepidoptera,Lycaenidae,Erora phrosine,FALSE,FALSE
Equisetopsida,Asparagales,Orchidaceae,Erycina glossomystax,FALSE,FALSE
Aves,Galbuliformes,Bucconidae,Notharchus tectus,FALSE,FALSE
Equisetopsida,Asparagales,Orchidaceae,Erycina pumilio,FALSE,FALSE
Equisetopsida,Magnoliales,Annonaceae,Annona centrantha,FALSE,FALSE
Insecta,Lepidoptera,Riodinidae,Notheme albertus albetus,FALSE,FALSE
Insecta,Odonata,Libellulidae,Erythemys attala,FALSE,FALSE
Insecta,Odonata,Libellulidae,Erythemys haemathogastra,FALSE,FALSE
Insecta,Lepidoptera,Riodinidae,Notheme erota diadema,FALSE,FALSE
Equisetopsida,Solanales,Convolvulaceae,Ipomoea clavata,FALSE,FALSE
Insecta,Odonata,Libellulidae,Erythemys mithroides,FALSE,FALSE
Insecta,Lepidoptera,Hesperiidae,Phaeraeus maria,FALSE,FALSE
Insecta,Odonata,Libellulidae,Erythemys peruviana,FALSE,FALSE
Insecta,Odonata,Libellulidae,Erythemys vesiculosa,FALSE,FALSE
Insecta,Diptera,Tabanidae,Phaeotabanus phaeopterus,FALSE,FALSE
Insecta,Diptera,Tabanidae,Phaeotabanus inotescens,FALSE,FALSE
Insecta,Diptera,Tabanidae,Phaeotabanus fervens,FALSE,FALSE
Insecta,Diptera,Tabanidae,Phaeotabanus cajennensis,FALSE,FALSE
Insecta,Lepidoptera,Erebidae,Phaeosphecia opaca,FALSE,FALSE
Insecta,Odonata,Libellulidae,Erythodyplax angustipennis,FALSE,FALSE
Insecta,Odonata,Libellulidae,Erythodyplax attenuata,FALSE,FALSE
Insecta,Lepidoptera,Hesperiidae,Morys geisa geisa,FALSE,FALSE
Equisetopsida,Sapindales,Sapindaceae,Matayba scrobiculata,FALSE,FALSE
Insecta,Odonata,Libellulidae,Erythodyplax basalis,FALSE,FALSE
Aves,Passeriformes,Tyrannidae,Phaeomyias murina,FALSE,FALSE
Insecta,Odonata,Libellulidae,Erythodyplax costanea,FALSE,FALSE
Insecta,Odonata,Libellulidae,Erythodyplax famula,FALSE,FALSE
Insecta,Odonata,Libellulidae,Erythodyplax fusca,FALSE,FALSE
Insecta,Odonata,Libellulidae,Erythodyplax lativittata,FALSE,FALSE
Insecta,Odonata,Libellulidae,Erythodyplax tenuis,FALSE,FALSE
Insecta,Odonata,Libellulidae,Erythodyplax umbrata,FALSE,FALSE
Insecta,Odonata,Libellulidae,Erythodyplax unimaculata,FALSE,FALSE
Insecta,Lepidoptera,Riodinidae,Phaenochitonia sophistes,FALSE,FALSE
Equisetopsida,Solanales,Convolvulaceae,Ipomoea alba,FALSE,FALSE
Equisetopsida,Fabales,Fabaceae,Erythrina mulungu,FALSE,FALSE
Aves,Passeriformes,Hirundinidae,Petrochelidon pyrrhonota,FALSE,FALSE
Equisetopsida,Lamiales,Verbenaceae,Petrea maynensis,FALSE,FALSE
Actinopterygii,Characiformes,Erythrinidae,Erythrinus erythrinus,FALSE,FALSE
Equisetopsida,Malpighiales,Erythroxylaceae,Erythroxylum citrifolium,FALSE,FALSE
Equisetopsida,Malpighiales,Erythroxylaceae,Erythroxylum ruryi,FALSE,FALSE
Insecta,Lepidoptera,Pieridae,Perrhybris pamela mazuka,FALSE,FALSE
Aves,Passeriformes,Tityridae,Iodopleura isabellae,FALSE,FALSE
Equisetopsida,Sapindales,Sapindaceae,Matayba purgans,FALSE,FALSE
Equisetopsida,Ericales,Lecythidaceae,Eschweilera coriacea,FALSE,FALSE
Equisetopsida,Ericales,Lecythidaceae,Eschweilera gigantea,FALSE,FALSE
Equisetopsida,Ericales,Lecythidaceae,Eschweilera juruensis,FALSE,FALSE
Insecta,Lepidoptera,Riodinidae,Perophthalma tullius tullius,FALSE,FALSE
Insecta,Odonata,Libellulidae,Perithemis thais,FALSE,FALSE
Insecta,Odonata,Libellulidae,Perithemis lais,FALSE,FALSE
Insecta,Odonata,Libellulidae,Perithemis electra,FALSE,FALSE
Insecta,Odonata,Libellulidae,Perithemis bella,FALSE,FALSE
Equisetopsida,Celastrales,Celastraceae,Peritassa pruinosa,FALSE,FALSE
Insecta,Diptera,Tabanidae,Esenbeckia suturalis,FALSE,FALSE
Insecta,Odonata,Perilestidae,Perissolestes paprzyckii,FALSE,FALSE
Insecta,Lepidoptera,Saturniidae,Periphoba bircia,FALSE,FALSE
Insecta,Lepidoptera,Saturniidae,Periphoba afflata,FALSE,FALSE
Equisetopsida,Magnoliales,Annonaceae,Annona edulis,FALSE,FALSE
Insecta,Odonata,Perilestidae,Perilestes attenuatus,FALSE,FALSE
Insecta,Lepidoptera,Sphingidae,Perigonia stulta,FALSE,FALSE
Insecta,Lepidoptera,Hesperiidae,Perichares philetes philetes,FALSE,FALSE
Aves,Piciformes,Capitonidae,Eubucco richardsoni,FALSE,FALSE
Insecta,Lepidoptera,Hesperiidae,Perichares lotus,FALSE,FALSE
Insecta,Lepidoptera,Nymphalidae,Peria lamis,FALSE,FALSE
Aves,Piciformes,Capitonidae,Eubucco tucinkae,FALSE,FALSE
Insecta,Lepidoptera,Erebidae,Eucereon albitorna,FALSE,FALSE
Insecta,Lepidoptera,Riodinidae,Mesosemia luperca,FALSE,FALSE
Insecta,Lepidoptera,Erebidae,Eucereon amadis,FALSE,FALSE
Insecta,Lepidoptera,Riodinidae,Mesosemia machaera,FALSE,FALSE
Insecta,Lepidoptera,Saturniidae,Molippa nibasa nibasa,FALSE,FALSE
Equisetopsida,Sapindales,Sapindaceae,Matayba arborescens,FALSE,FALSE
Insecta,Lepidoptera,Erebidae,Eucereon archias,FALSE,FALSE
Insecta,Lepidoptera,Erebidae,Eucereon atrigutta,FALSE,FALSE
Equisetopsida,Magnoliales,Annonaceae,Annona foetida,FALSE,FALSE
Equisetopsida,Fabales,Fabaceae,Inga umbellifera,FALSE,FALSE
Insecta,Lepidoptera,Erebidae,Eucereon facundum,FALSE,FALSE
Insecta,Lepidoptera,Erebidae,Eucereon latifascia,FALSE,FALSE
Equisetopsida,Fabales,Fabaceae,Inga tomentosa,FALSE,FALSE
Insecta,Lepidoptera,Saturniidae,Molippa latemedia,FALSE,FALSE
Insecta,Lepidoptera,Erebidae,Eucereon leria,FALSE,FALSE
Insecta,Lepidoptera,Erebidae,Eucereon maia,FALSE,FALSE
Equisetopsida,Fabales,Fabaceae,Inga thibaudiana,FALSE,FALSE
Insecta,Lepidoptera,Erebidae,Eucereon marmoratum,FALSE,FALSE
Equisetopsida,Fabales,Fabaceae,Inga tessmannii,FALSE,FALSE
Equisetopsida,Fabales,Fabaceae,Inga tenuistipula,FALSE,FALSE
Insecta,Lepidoptera,Riodinidae,Mesosemia materna,FALSE,FALSE
Insecta,Lepidoptera,Erebidae,Eucereon obscurum,FALSE,FALSE
Equisetopsida,Poales,Bromeliaceae,Aechmea magdalenae,FALSE,FALSE
Equisetopsida,Fabales,Fabaceae,Inga striata,FALSE,FALSE
Equisetopsida,Rosales,Moraceae,Perebea xanthochyma,FALSE,FALSE
Equisetopsida,Fabales,Fabaceae,Inga stipularis,FALSE,FALSE
Insecta,Lepidoptera,Hesperiidae,Moeros moeros,FALSE,FALSE
Insecta,Lepidoptera,Erebidae,Eucereon parascyton,FALSE,FALSE
Insecta,Lepidoptera,Erebidae,Eucereon pseudoarchias,FALSE,FALSE
Equisetopsida,Magnoliales,Annonaceae,Annona fosteri,FALSE,FALSE
Insecta,Lepidoptera,Erebidae,Eucereon punctatum,FALSE,FALSE
Equisetopsida,Fabales,Fabaceae,Inga stenoptera,FALSE,FALSE
Insecta,Lepidoptera,Erebidae,Eucereon sarisa,FALSE,FALSE
Equisetopsida,Fabales,Fabaceae,Inga splendens,FALSE,FALSE
Equisetopsida,Fabales,Fabaceae,Inga spectabilis,FALSE,FALSE
Equisetopsida,Magnoliales,Annonaceae,Annona montana,FALSE,FALSE
Insecta,Lepidoptera,Erebidae,Eucereon scyton,FALSE,FALSE
Insecta,Lepidoptera,Erebidae,Eucereon taperinhae,FALSE,FALSE
Equisetopsida,Poales,Bromeliaceae,Aechmea mertensii,FALSE,FALSE
Insecta,Lepidoptera,Erebidae,Euceron varium,FALSE,FALSE
Equisetopsida,Fabales,Fabaceae,Inga setosa,FALSE,FALSE
Equisetopsida,Rosales,Moraceae,Perebea humilis,FALSE,FALSE
Equisetopsida,Fabales,Fabaceae,Inga sertulifera subsp. Sertulifera,FALSE,FALSE
Aves,Passeriformes,Thamnophilidae,Euchrepomis humeralis,FALSE,FALSE
Equisetopsida,Magnoliales,Annonaceae,Annona mucosa,FALSE,FALSE
Equisetopsida,Myrtales,Melastomataceae,Mouriri apiranga,FALSE,FALSE
Insecta,Lepidoptera,Erebidae,Euclera hoffmannsi,FALSE,FALSE
Equisetopsida,Rosales,Moraceae,Perebea guianensis,FALSE,FALSE
Aves,Passeriformes,Thraupidae,Eucometis penicillata,FALSE,FALSE
Equisetopsida,Gentianales,Rubiaceae,Notopleura parasiggersiana,FALSE,FALSE
Equisetopsida,Arecales,Arecaceae,Socratea exorrhiza,FALSE,FALSE
Insecta,Lepidoptera,Nymphalidae,Eueides aliphera aliphera,FALSE,FALSE
Insecta,Lepidoptera,Riodinidae,Mesosemia menoetes paetula,FALSE,FALSE
Equisetopsida,Fabales,Fabaceae,Inga ruiziana,FALSE,FALSE
Insecta,Lepidoptera,Nymphalidae,Eueides isabella hippolinus,FALSE,FALSE
Equisetopsida,Fabales,Fabaceae,Inga punctata,FALSE,FALSE
Equisetopsida,Magnoliales,Annonaceae,Annona muricata,FALSE,FALSE
Insecta,Lepidoptera,Nymphalidae,Eueides tales tabernula,FALSE,FALSE
Insecta,Lepidoptera,Nymphalidae,Eueides vibilia unifasciata,FALSE,FALSE
Equisetopsida,Rosales,Moraceae,Perebea angustifolia,FALSE,FALSE
Insecta,Hymenoptera,Apidae,Eufriesea duckei,FALSE,FALSE
Equisetopsida,Fabales,Fabaceae,Inga poeppigiana,FALSE,FALSE
Equisetopsida,Magnoliales,Annonaceae,Annona neochrysocarpa,FALSE,FALSE
Equisetopsida,Magnoliales,Annonaceae,Annona neoulei,FALSE,FALSE
Insecta,Hymenoptera,Apidae,Eufriesea flaviventris,FALSE,FALSE
Equisetopsida,Magnoliales,Annonaceae,Annona papilionella,FALSE,FALSE
Insecta,Hymenoptera,Apidae,Eufriesea fragrocara,FALSE,FALSE
Insecta,Hymenoptera,Formicidae,Anochetus mayri,FALSE,FALSE
Insecta,Hymenoptera,Apidae,Eufriesea pulchra,FALSE,FALSE
Equisetopsida,Malpighiales,Peraceae,Pera tomentosa,FALSE,FALSE
Equisetopsida,Malpighiales,Peraceae,Pera glabrata,FALSE,FALSE
Insecta,Hymenoptera,Apidae,Eufriesea purpurata,FALSE,FALSE
Equisetopsida,Malpighiales,Peraceae,Pera benensis,FALSE,FALSE
Equisetopsida,Fabales,Fabaceae,Inga oerstediana,FALSE,FALSE
Insecta,Hymenoptera,Apidae,Eufriesea superba,FALSE,FALSE
Insecta,Hymenoptera,Apidae,Eufriesea xantha,FALSE,FALSE
Equisetopsida,Fabales,Fabaceae,Inga nobilis,FALSE,FALSE
Insecta,Hymenoptera,Ichneumonidae,Anomalon cotoi,FALSE,FALSE
Equisetopsida,Ranunculales,Menispermaceae,Anomospermum bolivianum,FALSE,FALSE
Equisetopsida,Myrtales,Myrtaceae,Eugenia florida,FALSE,FALSE
Equisetopsida,Myrtales,Myrtaceae,Eugenia heterochroma,FALSE,FALSE
Equisetopsida,Fabales,Fabaceae,Inga marginata,FALSE,FALSE
Equisetopsida,Myrtales,Myrtaceae,Eugenia moschata,FALSE,FALSE
Equisetopsida,Myrtales,Myrtaceae,Eugenia muricata,FALSE,FALSE
Equisetopsida,Myrtales,Myrtaceae,Eugenia ochrophloea,FALSE,FALSE
Equisetopsida,Myrtales,Myrtaceae,Eugenia patrisii,FALSE,FALSE
Equisetopsida,Myrtales,Myrtaceae,Eugenia schunkei,FALSE,FALSE
Insecta,Hymenoptera,Apidae,Euglossa allosticta,FALSE,FALSE
Equisetopsida,Ranunculales,Menispermaceae,Anomospermum grandifolium,FALSE,FALSE
Insecta,Hymenoptera,Apidae,Euglossa amazonica,FALSE,FALSE
Insecta,Hymenoptera,Apidae,Euglossa augaspis,FALSE,FALSE
Insecta,Hymenoptera,Apidae,Euglossa bidentata,FALSE,FALSE
Equisetopsida,Myrtales,Melastomataceae,Mouriri grandiflora,FALSE,FALSE
Equisetopsida,Fabales,Fabaceae,Inga macrophylla,FALSE,FALSE
Mammalia,Chiroptera,Phyllostomidae,Anoura caudifer,FALSE,FALSE
Insecta,Lepidoptera,Nymphalidae,Smyrna blomfildia blomfildia,FALSE,FALSE
Equisetopsida,Fabales,Fabaceae,Inga laurina,FALSE,FALSE
Equisetopsida,Liliales,Smilacaceae,Smilax purhampuy,FALSE,FALSE
Equisetopsida,Fabales,Fabaceae,Inga laevigata,FALSE,FALSE
Equisetopsida,Fabales,Fabaceae,Inga ingoides,FALSE,FALSE
Insecta,Hymenoptera,Apidae,Euglossa chalybeata,FALSE,FALSE
Insecta,Lepidoptera,Pieridae,Anteos menippe,FALSE,FALSE
Insecta,Hymenoptera,Apidae,Euglossa chlorina,FALSE,FALSE
Equisetopsida,Fabales,Fabaceae,Inga heterophylla,FALSE,FALSE
Insecta,Lepidoptera,Hesperiidae,Moeris submetallescens,FALSE,FALSE
Insecta,Lepidoptera,Riodinidae,Mesosemia naiadella naiadella,FALSE,FALSE
Insecta,Hymenoptera,Apidae,Euglossa cognata,FALSE,FALSE
Insecta,Hymenoptera,Apidae,Euglossa crassipunctata,FALSE,FALSE
Insecta,Hymenoptera,Apidae,Euglossa despecta,FALSE,FALSE
Insecta,Hymenoptera,Apidae,Euglossa gaianii,FALSE,FALSE
Equisetopsida,Piperales,Piperaceae,Peperomia serpens,FALSE,FALSE
Equisetopsida,Fabales,Fabaceae,Inga edulis,FALSE,FALSE
Insecta,Hymenoptera,Apidae,Euglossa ignita,FALSE,FALSE
Insecta,Hymenoptera,Apidae,Euglossa imperialis,FALSE,FALSE
Equisetopsida,Piperales,Piperaceae,Peperomia rotundifolia,FALSE,FALSE
Insecta,Hymenoptera,Apidae,Euglossa intersecta,FALSE,FALSE
Insecta,Lepidoptera,Riodinidae,Anteros fromosus formosus,FALSE,FALSE
Insecta,Hymenoptera,Apidae,Euglossa iophyrra,FALSE,FALSE
Insecta,Hymenoptera,Apidae,Euglossa mixta,FALSE,FALSE
Insecta,Hymenoptera,Apidae,Euglossa modestior,FALSE,FALSE
Insecta,Hymenoptera,Apidae,Euglossa mourei,FALSE,FALSE
Insecta,Hymenoptera,Apidae,Euglossa perviridis,FALSE,FALSE
Insecta,Hymenoptera,Apidae,Euglossa piliventris,FALSE,FALSE
Insecta,Hymenoptera,Apidae,Euglossa securigera,FALSE,FALSE
Insecta,Hymenoptera,Apidae,Euglossa singularis,FALSE,FALSE
Insecta,Lepidoptera,Riodinidae,Anteros renaldus renaldus,FALSE,FALSE
Insecta,Hymenoptera,Apidae,Euglossa townsendi,FALSE,FALSE
Insecta,Hymenoptera,Apidae,Euglossa viridifrons,FALSE,FALSE
Equisetopsida,Fabales,Fabaceae,Inga coruscans,FALSE,FALSE
Equisetopsida,Piperales,Piperaceae,Peperomia pubinervosa,FALSE,FALSE
Insecta,Hymenoptera,Apidae,Eulaema bombiformis,FALSE,FALSE
Equisetopsida,Malpighiales,Caryocaraceae,Anthodiscus klugii,FALSE,FALSE
Equisetopsida,Malpighiales,Caryocaraceae,Anthodiscus peruanus,FALSE,FALSE
Insecta,Hymenoptera,Apidae,Eulaema meriana,FALSE,FALSE
Aves,Nyctibiiformes,Nyctibiidae,Nyctibius aethereus,FALSE,FALSE
Equisetopsida,Celastrales,Celastraceae,Anthodon decussatus,FALSE,FALSE
Insecta,Hymenoptera,Apidae,Eulaema mocsaryi,FALSE,FALSE
Insecta,Hymenoptera,Apidae,Eulaema nigrita,FALSE,FALSE
Equisetopsida,Malpighiales,Malpighiaceae,Mascagnia glabrata,FALSE,FALSE
Equisetopsida,Fabales,Fabaceae,Inga cinnamomea,FALSE,FALSE
Insecta,Hymenoptera,Apidae,Eulaema polyzona,FALSE,FALSE
Aves,Passeriformes,Thraupidae,Sporophila schistacea,FALSE,FALSE
Insecta,Hymenoptera,Apidae,Eulaema seabrai,FALSE,FALSE
Insecta,Hymenoptera,Apidae,Eulaema singulata,FALSE,FALSE
Equisetopsida,Fabales,Fabaceae,Inga chartacea,FALSE,FALSE
Aves,Nyctibiiformes,Nyctibiidae,Nyctibius bracteatus,FALSE,FALSE
Insecta,Lepidoptera,Hesperiidae,Anthoptus epictetus,FALSE,FALSE
Equisetopsida,Fabales,Fabaceae,Inga cayennensis,FALSE,FALSE
Equisetopsida,Gentianales,Rubiaceae,Eumachia inconspicua,FALSE,FALSE
Insecta,Diptera,Asilidae,Martinia schnusei,FALSE,FALSE
Equisetopsida,Gentianales,Rubiaceae,Eumachia nana,FALSE,FALSE
Equisetopsida,Fabales,Fabaceae,Inga capitata,FALSE,FALSE
Equisetopsida,Fabales,Fabaceae,Inga buorgoni,FALSE,FALSE
Insecta,Lepidoptera,Nymphalidae,Eunica alpais alpais,FALSE,FALSE
Insecta,Lepidoptera,Nymphalidae,Eunica amelia erroneata,FALSE,FALSE
Insecta,Lepidoptera,Nymphalidae,Eunica caelina alycia,FALSE,FALSE
Insecta,Diptera,Asilidae,Martinia scalaris,FALSE,FALSE
Equisetopsida,Fabales,Fabaceae,Inga brachyrhachis,FALSE,FALSE
Equisetopsida,Fabales,Fabaceae,Inga bourgonii,FALSE,FALSE
Equisetopsida,Myrtales,Melastomataceae,Mouriri nigra,FALSE,FALSE
Insecta,Lepidoptera,Riodinidae,Mesosemia philocles thyestes,FALSE,FALSE
Equisetopsida,Piperales,Piperaceae,Peperomia macrostachya,FALSE,FALSE
Aves,Nyctibiiformes,Nyctibiidae,Nyctibius grandis,FALSE,FALSE
Insecta,Lepidoptera,Nymphalidae,Eunica clytia,FALSE,FALSE
Actinopterygii,Characiformes,Characidae,Moenkhausia ovalis,FALSE,FALSE
Equisetopsida,Fabales,Fabaceae,Inga auristellae,FALSE,FALSE
Insecta,Lepidoptera,Nymphalidae,Eunica concordia,FALSE,FALSE
Insecta,Lepidoptera,Hesperiidae,Anthoptus insignis,FALSE,FALSE
Insecta,Lepidoptera,Nymphalidae,Eunica eurota eurota,FALSE,FALSE
Equisetopsida,Fabales,Fabaceae,Inga alba,FALSE,FALSE
Insecta,Lepidoptera,Nymphalidae,Eunica maja noerina,FALSE,FALSE
Insecta,Lepidoptera,Nymphalidae,Eunica malvina malvina,FALSE,FALSE
Insecta,Lepidoptera,Nymphalidae,Eunica marsolia fasula,FALSE,FALSE
Aves,Nyctibiiformes,Nyctibiidae,Nyctibius griseus,FALSE,FALSE
Equisetopsida,Fabales,Fabaceae,Inga acuminata,FALSE,FALSE
Insecta,Lepidoptera,Nymphalidae,Eunica mygdonia mygdonia,FALSE,FALSE
Insecta,Lepidoptera,Nymphalidae,Eunica orphise,FALSE,FALSE
Insecta,Lepidoptera,Nymphalidae,Eunica sophonisba agele,FALSE,FALSE
Equisetopsida,Myrtales,Memecylaceae,Mouriri peruviana,FALSE,FALSE
Insecta,Lepidoptera,Nymphalidae,Eunica sydonia sydonia,FALSE,FALSE
Insecta,Lepidoptera,Riodinidae,Eunogyra satyrus,FALSE,FALSE
Aves,Passeriformes,Fringillidae,Euphonia chrysopasta,FALSE,FALSE
Aves,Passeriformes,Fringillidae,Euphonia laniirostris,FALSE,FALSE
Equisetopsida,Fabales,Fabaceae,Inga acrocephala,FALSE,FALSE
Aves,Passeriformes,Fringillidae,Euphonia minuta,FALSE,FALSE
Equisetopsida,Fabales,Fabaceae,Inga acreana,FALSE,FALSE
Aves,Apodiformes,Trochilidae,Anthracothorax nigricollis,FALSE,FALSE
Aves,Passeriformes,Tyrannidae,Inezia inornata,FALSE,FALSE
Aves,Passeriformes,Fringillidae,Euphonia rufiventris,FALSE,FALSE
Equisetopsida,Piperales,Piperaceae,Peperomia circinnata,FALSE,FALSE
Aves,Passeriformes,Fringillidae,Euphonia xanthogaster,FALSE,FALSE
Aves,Galbuliformes,Bucconidae,Monasa flavirostris,FALSE,FALSE
Equisetopsida,Malpighiales,Euphorbiaceae,Euphorbia hirta,FALSE,FALSE
Insecta,Coleoptera,Carabidae,Pentacomia lacordairei,FALSE,FALSE
Insecta,Coleoptera,Carabidae,Pentacomia egregia,FALSE,FALSE
Insecta,Coleoptera,Carabidae,Pentacomia cupriventris,FALSE,FALSE
Insecta,Coleoptera,Carabidae,Pentacomia cribata,FALSE,FALSE
Aves,Psittaciformes,Psittacidae,Eupsittula aurea,FALSE,FALSE
Insecta,Lepidoptera,Nymphalidae,Euptychia enyo,FALSE,FALSE
Insecta,Lepidoptera,Nymphalidae,"""Euptychia"" ordinata",FALSE,FALSE
Insecta,Lepidoptera,Hesperiidae,Penicula crista,FALSE,FALSE
Aves,Pelecaniformes,Ardeidae,Nycticorax nycticorax,FALSE,FALSE
Insecta,Lepidoptera,Hesperiidae,Penicula bryanti,FALSE,FALSE
Insecta,Lepidoptera,Pieridae,Eurema agave agave,FALSE,FALSE
Insecta,Lepidoptera,Pieridae,Eurema albula espinosae,FALSE,FALSE
Insecta,Lepidoptera,Hesperiidae,Penicula advena advena,FALSE,FALSE
Insecta,Lepidoptera,Pieridae,Eurema paulina,FALSE,FALSE
Insecta,Lepidoptera,Riodinidae,Eurybia caerulescens caerulescens,FALSE,FALSE
Insecta,Lepidoptera,Riodinidae,Eurybia dardus franciscana,FALSE,FALSE
Insecta,Lepidoptera,Riodinidae,Eurybia halimede halimede,FALSE,FALSE
Insecta,Lepidoptera,Riodinidae,Eurybia nicaea,FALSE,FALSE
Insecta,Lepidoptera,Riodinidae,Eurybia promota,FALSE,FALSE
Aves,Eurypygiformes,Eurypygidae,Eurypyga helias,FALSE,FALSE
Insecta,Coleoptera,Scarabaeidae,Eurysternus caribaeus,FALSE,FALSE
Aves,Galliformes,Cracidae,Penelope jacquacu,FALSE,FALSE
Insecta,Coleoptera,Scarabaeidae,Eurysternus hamaticollis,FALSE,FALSE
Insecta,Coleoptera,Scarabaeidae,Eurysternus hypocrita,FALSE,FALSE
Equisetopsida,Fabales,Fabaceae,Peltogyne floribunda,FALSE,FALSE
Insecta,Lepidoptera,Hesperiidae,Pellicia trax,FALSE,FALSE
Equisetopsida,Oxalidales,Elaeocarpaceae,Sloanea terniflora,FALSE,FALSE
Insecta,Lepidoptera,Hesperiidae,Pellicia klugi,FALSE,FALSE
Insecta,Lepidoptera,Papilionidae,Eurytides dolicaon deileon,FALSE,FALSE
Insecta,Lepidoptera,Hesperiidae,Pellicia costimacula costimacula,FALSE,FALSE
Insecta,Lepidoptera,Riodinidae,Euselasia angulata,FALSE,FALSE
Insecta,Lepidoptera,Riodinidae,Euselasia arbas,FALSE,FALSE
Insecta,Lepidoptera,Riodinidae,Euselasia brevicauda,FALSE,FALSE
Insecta,Lepidoptera,Riodinidae,Euselasia crinon,FALSE,FALSE
Insecta,Lepidoptera,Riodinidae,Euselasia euboea euboea,FALSE,FALSE
Insecta,Lepidoptera,Riodinidae,Euselasia eubotes eubotes,FALSE,FALSE
Insecta,Lepidoptera,Riodinidae,Euselasia eugeon,FALSE,FALSE
Insecta,Lepidoptera,Riodinidae,Euselasia euodias euodias,FALSE,FALSE
Insecta,Lepidoptera,Riodinidae,Mesosemia sirenia sirenia,FALSE,FALSE
Insecta,Lepidoptera,Riodinidae,Euselasia euoras,FALSE,FALSE
Insecta,Lepidoptera,Riodinidae,Euselasia euriteus euriteus,FALSE,FALSE
Insecta,Lepidoptera,Riodinidae,Euselasia euryone euryone,FALSE,FALSE
Insecta,Lepidoptera,Riodinidae,Euselasia eutychus,FALSE,FALSE
Insecta,Lepidoptera,Riodinidae,Euselasia gelanor erilis,FALSE,FALSE
Insecta,Lepidoptera,Riodinidae,Euselasia hygenius,FALSE,FALSE
Insecta,Lepidoptera,Riodinidae,Euselasia jugata,FALSE,FALSE
Insecta,Lepidoptera,Riodinidae,Euselasia melaphaea condensa,FALSE,FALSE
Insecta,Lepidoptera,Riodinidae,Euselasia mirania,FALSE,FALSE
Insecta,Lepidoptera,Riodinidae,Euselasia orba spectralis,FALSE,FALSE
Insecta,Lepidoptera,Riodinidae,Euselasia pellonia,FALSE,FALSE
Insecta,Lepidoptera,Riodinidae,Euselasia teleclus teleclus,FALSE,FALSE
Insecta,Lepidoptera,Riodinidae,Euselasia toppini,FALSE,FALSE
Equisetopsida,Oxalidales,Elaeocarpaceae,Sloanea sinemariensis,FALSE,FALSE
Insecta,Lepidoptera,Riodinidae,Euselasia uria angustifascia,FALSE,FALSE
Insecta,Lepidoptera,Riodinidae,Euselasia utica euphaes,FALSE,FALSE
Insecta,Lepidoptera,Riodinidae,Euselasia violetta,FALSE,FALSE
Insecta,Diptera,Tabanidae,Eutabanus pictus,FALSE,FALSE
Equisetopsida,Arecales,Arecaceae,Euterpe precatoria,FALSE,FALSE
Equisetopsida,Alismatales,Araceae,Anthurium clavigerum,FALSE,FALSE
Insecta,Lepidoptera,Hesperiidae,Eutocus matildae vinda,FALSE,FALSE
Equisetopsida,Lamiales,Lamiaceae,Aegiphila elegans,FALSE,FALSE
Insecta,Lepidoptera,Hesperiidae,Eutocus quichua,FALSE,FALSE
Aves,Apodiformes,Trochilidae,Eutoxeres condamini,FALSE,FALSE
Insecta,Lepidoptera,Hesperiidae,Eutychide complana,FALSE,FALSE
Insecta,Odonata,Libellulidae,Idiataphe amazonica,FALSE,FALSE
Insecta,Lepidoptera,Hesperiidae,Eutychide subcordata subcordata,FALSE,FALSE
Insecta,Lepidoptera,Lycaenidae,Evenus batesii,FALSE,FALSE
Insecta,Lepidoptera,Lycaenidae,Evenus floralia,FALSE,FALSE
Insecta,Lepidoptera,Lycaenidae,Evenus gabriela,FALSE,FALSE
Insecta,Lepidoptera,Lycaenidae,Evenus satyroides,FALSE,FALSE
Aves,Caprimulgiformes,Caprimulgidae,Nyctiphrynus ocellatus,FALSE,FALSE
Aves,Accipitriformes,Accipitridae,Ictinia plumbea,FALSE,FALSE
Equisetopsida,Pandanales,Cyclanthaceae,Evodianthus funifer,FALSE,FALSE
Insecta,Hymenoptera,Ichneumonidae,Exochus izbus,FALSE,FALSE
Equisetopsida,Fabales,Polygalaceae,Moutabea aculeata,FALSE,FALSE
Insecta,Lepidoptera,Riodinidae,Exoplisia cadmeis,FALSE,FALSE
Equisetopsida,Malvales,Malvaceae,Pavonia fruticosa,FALSE,FALSE
Equisetopsida,Malvales,Malvaceae,Pavonia castaneifolia,FALSE,FALSE
Aves,Galliformes,Cracidae,Pauxi koepckeae,TRUE,TRUE
Equisetopsida,Malpighiales,Euphorbiaceae,Pausandra trianae,FALSE,FALSE
Aves,Falconiformes,Falconidae,Falco deiroleucus,FALSE,FALSE
Insecta,Lepidoptera,Nymphalidae,Paulogramma pyracmon peristera,FALSE,FALSE
Equisetopsida,Sapindales,Sapindaceae,Paullinia reticulata,FALSE,FALSE
Equisetopsida,Lamiales,Lamiaceae,Aegiphila ulei,FALSE,FALSE
Equisetopsida,Sapindales,Sapindaceae,Paullinia granatensis,FALSE,FALSE
Aves,Passeriformes,Thraupidae,Sporophila nigricollis,FALSE,FALSE
Equisetopsida,Oxalidales,Elaeocarpaceae,Sloanea rufa,FALSE,FALSE
Aves,Falconiformes,Falconidae,Falco rufigularis,FALSE,FALSE
Equisetopsida,Sapindales,Sapindaceae,Paullinia cuneata,FALSE,FALSE
Equisetopsida,Ranunculales,Menispermaceae,Abuta grandifolia,FALSE,FALSE
Equisetopsida,Sapindales,Sapindaceae,Paullinia clavigera,FALSE,FALSE
Insecta,Lepidoptera,Riodinidae,Mesosemia ulrica ulrica,FALSE,FALSE
Insecta,Odonata,Coenagrionidae,Aeolagrion dorsale,FALSE,FALSE
Equisetopsida,Sapindales,Sapindaceae,Paullinia bracteosa,FALSE,FALSE
Equisetopsida,Sapindales,Anacardiaceae,Spondias mombin,FALSE,FALSE
Insecta,Lepidoptera,Nymphalidae,Marpesia themistocles norica,FALSE,FALSE
Aves,Passeriformes,Icteridae,Icterus cayanensis,FALSE,FALSE
Equisetopsida,Sapindales,Sapindaceae,Paullinia bidentata,FALSE,FALSE
Equisetopsida,Sapindales,Sapindaceae,Paullinia alata,FALSE,FALSE
Insecta,Lepidoptera,Erebidae,Patreliura capys,FALSE,FALSE
Insecta,Odonata,Coenagrionidae,Aeolagrion inca,FALSE,FALSE
Equisetopsida,Alismatales,Araceae,Anthurium croatii,FALSE,FALSE
Insecta,Lepidoptera,Riodinidae,Nymphidium acherois erymanthus,FALSE,FALSE
Equisetopsida,Poales,Poaceae,Ichnanthus panicoides,FALSE,FALSE
Insecta,Lepidoptera,Riodinidae,Nymphidium ascolia augea,FALSE,FALSE
Aves,Accipitriformes,Accipitridae,Spizaetus melanoleucus,FALSE,FALSE
Equisetopsida,Poales,Poaceae,Ichnanthus pallens,FALSE,FALSE
Insecta,Lepidoptera,Riodinidae,Nymphidium azanoides amazonensis,FALSE,FALSE
Equisetopsida,Gentianales,Rubiaceae,Faramea anisocalyx,FALSE,FALSE
Insecta,Lepidoptera,Riodinidae,Nymphidium baeotia,FALSE,FALSE
Equisetopsida,Gentianales,Rubiaceae,Faramea capillipes,FALSE,FALSE
Aves,Falconiformes,Falconidae,Ibycter americanus,FALSE,FALSE
Equisetopsida,Oxalidales,Elaeocarpaceae,Sloanea robusta,FALSE,FALSE
Insecta,Lepidoptera,Riodinidae,Nymphidium caricae parthenium,FALSE,FALSE
Equisetopsida,Gentianales,Rubiaceae,Faramea glandulosa,FALSE,FALSE
Equisetopsida,Gentianales,Rubiaceae,Faramea multiflora,FALSE,FALSE
Insecta,Lepidoptera,Riodinidae,Nymphidium fulminans fulminans,FALSE,FALSE
Insecta,Lepidoptera,Riodinidae,Nymphidium leucosia medusa,FALSE,FALSE
Aves,Columbiformes,Columbidae,Patagioenas subvinacea,FALSE,FALSE
Insecta,Lepidoptera,Riodinidae,Nymphidium lisimon lisimon,FALSE,FALSE
Aves,Columbiformes,Columbidae,Patagioenas speciosa,FALSE,FALSE
Insecta,Lepidoptera,Lycaenidae,Iaspis temesa,FALSE,FALSE
Insecta,Lepidoptera,Riodinidae,Nymphidium mantus,FALSE,FALSE
Equisetopsida,Gentianales,Rubiaceae,Faramea occidentalis,FALSE,FALSE
Insecta,Lepidoptera,Riodinidae,Nymphidium minuta,FALSE,FALSE
Insecta,Lepidoptera,Riodinidae,Nymphidium omosis,FALSE,FALSE
Equisetopsida,Gentianales,Rubiaceae,Ferdinandusa goudotiana,FALSE,FALSE
Equisetopsida,Gentianales,Rubiaceae,Ferdinandusa loretensis,FALSE,FALSE
Aves,Columbiformes,Columbidae,Patagioenas plumbea,FALSE,FALSE
Aves,Columbiformes,Columbidae,Patagioenas cayennensis,FALSE,FALSE
Equisetopsida,Rosales,Moraceae,Ficus boliviana,FALSE,FALSE
Equisetopsida,Rosales,Moraceae,Ficus caballina,FALSE,FALSE
Equisetopsida,Rosales,Moraceae,Ficus citrifolia,FALSE,FALSE
Equisetopsida,Santalales,Loranthaceae,Passovia pedunculata,FALSE,FALSE
Equisetopsida,Rosales,Moraceae,Ficus coerulescens,FALSE,FALSE
Insecta,Lepidoptera,Hesperiidae,Passova passova styx,FALSE,FALSE
Equisetopsida,Malpighiales,Passifloraceae,Passiflora vespertilio,FALSE,FALSE
Equisetopsida,Rosales,Moraceae,Ficus gomelleira,FALSE,FALSE
Equisetopsida,Rosales,Moraceae,Ficus hebetifolia,FALSE,FALSE
Insecta,Lepidoptera,Nymphalidae,Marpesia petreus petreus,FALSE,FALSE
Insecta,Lepidoptera,Nymphalidae,Marpesia furcula oechalia,FALSE,FALSE
Equisetopsida,Rosales,Moraceae,Ficus insipida,FALSE,FALSE
Aves,Strigiformes,Strigidae,Megascops choliba,FALSE,FALSE
Equisetopsida,Rosales,Moraceae,Ficus lauretana,FALSE,FALSE
Equisetopsida,Oxalidales,Elaeocarpaceae,Sloanea pubescens,FALSE,FALSE
Insecta,Lepidoptera,Lycaenidae,Ocaria ocrisia,FALSE,FALSE
Equisetopsida,Malvales,Malvaceae,Sterculia peruviana,FALSE,FALSE
Equisetopsida,Rosales,Moraceae,Ficus mathewsii,FALSE,FALSE
Equisetopsida,Malpighiales,Passifloraceae,Passiflora riparia,FALSE,FALSE
Equisetopsida,Rosales,Moraceae,Ficus maxima,FALSE,FALSE
Aves,Passeriformes,Thraupidae,Sporophila luctuosa,FALSE,FALSE
Equisetopsida,Rosales,Moraceae,Ficus panurensis,FALSE,FALSE
Equisetopsida,Rosales,Moraceae,Ficus paraensis,FALSE,FALSE
Insecta,Lepidoptera,Nymphalidae,Marpesia egina,FALSE,FALSE
Insecta,Lepidoptera,Nymphalidae,Marpesia crethon,FALSE,FALSE
Equisetopsida,Poales,Poaceae,Ocellochloa stolonifera,FALSE,FALSE
Equisetopsida,Alismatales,Araceae,Anthurium ernesti,FALSE,FALSE
Equisetopsida,Malpighiales,Passifloraceae,Passiflora misera,FALSE,FALSE
Equisetopsida,Oxalidales,Elaeocarpaceae,Sloanea obtusifolia,FALSE,FALSE
Equisetopsida,Rosales,Moraceae,Ficus sphenophylla,FALSE,FALSE
Equisetopsida,Rosales,Moraceae,Ficus trigona,FALSE,FALSE
Actinopterygii,Perciformes,Cichlidae,Aequidens tetramerus,FALSE,FALSE
Equisetopsida,Malpighiales,Passifloraceae,Passiflora ferruginea,FALSE,FALSE
Equisetopsida,Rosales,Moraceae,Ficus yoponensis,FALSE,FALSE
Insecta,Lepidoptera,Nymphalidae,Marpesia chiron marius,FALSE,FALSE
Insecta,Lepidoptera,Nymphalidae,Marpesia berania berania,FALSE,FALSE
Insecta,Diptera,Tabanidae,Fidena freemani,FALSE,FALSE
Insecta,Lepidoptera,Nymphalidae,Hypothyris euclea,FALSE,FALSE
Actinopterygii,Siluriformes,Loricariidae,Hypostomus pyrineusi,FALSE,FALSE
Insecta,Diptera,Tabanidae,Fidena kroeberi,FALSE,FALSE
Equisetopsida,Gentianales,Apocynaceae,Fischeria stellata,FALSE,FALSE
Insecta,Lepidoptera,Hesperiidae,Flaccilla aecas,FALSE,FALSE
Aves,Apodiformes,Trochilidae,Florisuga mellivora,FALSE,FALSE
Aves,Passeriformes,Tyrannidae,Fluvicola pica,FALSE,FALSE
Equisetopsida,Malpighiales,Passifloraceae,Passiflora auriculata,FALSE,FALSE
Insecta,Lepidoptera,Nymphalidae,Forbestra olivencia aeneola,FALSE,FALSE
Aves,Passeriformes,Formicariidae,Formicarius analis,FALSE,FALSE
Aves,Passeriformes,Formicariidae,Formicarius colma,FALSE,FALSE
Aves,Passeriformes,Formicariidae,Formicarius rufifrons,FALSE,FALSE
Equisetopsida,Oxalidales,Elaeocarpaceae,Sloanea macrophylla,FALSE,FALSE
Actinopterygii,Siluriformes,Loricariidae,Hypoptopoma thoracatum,FALSE,FALSE
Equisetopsida,Alismatales,Araceae,Anthurium kunthii,FALSE,FALSE
Aves,Psittaciformes,Psittacidae,Forpus modestus,FALSE,FALSE
Equisetopsida,Gentianales,Apocynaceae,Forsteronia amblybasis,FALSE,FALSE
Equisetopsida,Gentianales,Apocynaceae,Forsteronia graciloides,FALSE,FALSE
Equisetopsida,Gentianales,Apocynaceae,Forsteronia tarapotensis,FALSE,FALSE
Equisetopsida,Poales,Poaceae,Paspalum fasciculatum,FALSE,FALSE
Aves,Passeriformes,Thamnophilidae,Frederickena unduliger,FALSE,FALSE
Insecta,Lepidoptera,Nymphalidae,Paryphthimoides binalinea,FALSE,FALSE
Insecta,Lepidoptera,Nymphalidae,Hypoleria virginia vitiosa,FALSE,FALSE
Insecta,Lepidoptera,Lycaenidae,Parrhasius polibetes,FALSE,FALSE
Insecta,Lepidoptera,Nymphalidae,"""Hypoleria"" orolina arzalia",FALSE,FALSE
Equisetopsida,Alismatales,Araceae,Anthurium manuanum,TRUE,FALSE
Equisetopsida,Lamiales,Bignoniaceae,Fridericia chica,FALSE,FALSE
Equisetopsida,Oxalidales,Elaeocarpaceae,Sloanea guianensis,FALSE,FALSE
Equisetopsida,Lamiales,Bignoniaceae,Fridericia florida,FALSE,FALSE
Insecta,Lepidoptera,Hesperiidae,Parphorus storax storax,FALSE,FALSE
Insecta,Lepidoptera,Hesperiidae,Parphorus prosper,FALSE,FALSE
Insecta,Lepidoptera,Hesperiidae,Parphorus decora,FALSE,FALSE
Equisetopsida,Lamiales,Bignoniaceae,Fridericia patellifera,FALSE,FALSE
Aves,Passeriformes,Thamnophilidae,Hypocnemoides maculicauda,FALSE,FALSE
Equisetopsida,Lamiales,Bignoniaceae,Fridericia pearcei,FALSE,FALSE
Equisetopsida,Lamiales,Bignoniaceae,Fridericia platyphylla,FALSE,FALSE
Equisetopsida,Lamiales,Bignoniaceae,Fridericia trailii,FALSE,FALSE
Equisetopsida,Alismatales,Araceae,Anthurium oxycarpum,FALSE,FALSE
Aves,Passeriformes,Thraupidae,Paroaria gularis,FALSE,FALSE
Insecta,Lepidoptera,Riodinidae,Parnes philotes,FALSE,FALSE
Insecta,Lepidoptera,Riodinidae,Parnes nycteis,FALSE,FALSE
