Clase,Orden,Familia,Especie
Equisetopsida,Caryophyllales,Polygonaceae,"Triplaris americana"
Insecta,Lepidoptera,Hesperiidae,"Telemiades antiope tosca"
Aves,Trogoniformes,Trogonidae,"Trogon rufus"
Insecta,Lepidoptera,Hesperiidae,"Telemiades amphios misitheus"
Insecta,Lepidoptera,Hesperiidae,"Urbanus reductus"
Insecta,Diptera,Tabanidae,"Stypommisa pequeniensis"
Equisetopsida,Sapindales,Burseraceae,"Trattinnickia boliviana"
Insecta,Odonata,Coenagrionidae,"Telebasis digiticollis"
Equisetopsida,Sapindales,Sapindaceae,"Talisia cupularis"
Aves,Passeriformes,Thraupidae,"Thraupis palmarum"
Insecta,Lepidoptera,Lycaenidae,"""Thecla"" vesper"
Aves,Passeriformes,Vireonidae,"Vireo olivaceus"
Insecta,Lepidoptera,Nymphalidae,"Tegosa claudina"
Equisetopsida,Polypodiales,Tectariaceae,"Tectaria pilosa"
Equisetopsida,Fabales,Fabaceae,"Swartzia leptopetala"
Equisetopsida,Magnoliales,Annonaceae,"Xylopia calophylla"
Equisetopsida,Lamiales,Bignoniaceae,"Tanaecium pyramidatum"
Equisetopsida,Sapindales,Sapindaceae,"Talisia mollis"
Aves,Apodiformes,Apodidae,"Streptoprocne rutila"
Aves,Charadriiformes,Scolopacidae,"Tringa solitaria"
Insecta,Lepidoptera,Nymphalidae,"Taygetis virgila"
Insecta,Lepidoptera,Nymphalidae,"Taygetis thamyra"
Equisetopsida,Sapindales,Sapindaceae,"Talisia croatii"
Aves,Apodiformes,Trochilidae,"Thalurania furcata"
Insecta,Lepidoptera,Nymphalidae,"Taygetis sylvia"
Insecta,Lepidoptera,Nymphalidae,"Taygetis sosis"
Insecta,Lepidoptera,Nymphalidae,"Taygetis mermeria mermeria"
Equisetopsida,Fabales,Fabaceae,"Swartzia amplifolia"
Aves,Passeriformes,Thamnophilidae,"Willisornis poecilinotus"
Insecta,Lepidoptera,Nymphalidae,"Taygetis larua"
Insecta,Lepidoptera,Nymphalidae,"Taygetis echo koepckei"
Aves,Trogoniformes,Trogonidae,"Trogon viridis"
Aves,Passeriformes,Thamnophilidae,"Thamnistes rufescens"
Insecta,Lepidoptera,Lycaenidae,"""Thecla"" tyriam"
Insecta,Lepidoptera,Hesperiidae,"Urbanus simplicius"
Insecta,Lepidoptera,Nymphalidae,"Taygetis cleopatra"
Insecta,Lepidoptera,Hesperiidae,"Tromba tromba"
Aves,Passeriformes,Thraupidae,"Thraupis episcopus"
Equisetopsida,Asparagales,Orchidaceae,"Wullschlaegelia calcarata"
Actinopterygii,Siluriformes,Loricariidae,"Sturisoma nigrirostrum"
Insecta,Lepidoptera,Erebidae,"Xanthopleura perspicua"
Insecta,Lepidoptera,Lycaenidae,"""Thecla"" falerina"
Mammalia,Cetartiodactyla,Tayassuidae,"Tayassu pecari"
Equisetopsida,Alismatales,Araceae,"Xanthosoma brevispathaceum"
Insecta,Lepidoptera,Hesperiidae,"Vinius tryhana tryhana"
Insecta,Lepidoptera,Hesperiidae,"Vinius saggita"
Equisetopsida,Alismatales,Araceae,"Xanthosoma helleborifolium"
Aves,Charadriiformes,Scolopacidae,"Tringa melanoleuca"
Aves,Passeriformes,Thraupidae,"Stilpnia cyanicollis"
Insecta,Odonata,Libellulidae,"Tauriphila argo"
Aves,Passeriformes,Furnariidae,"Synallaxis albescens"
Aves,Passeriformes,Thamnophilidae,"Thamnomanes ardesiacus"
Insecta,Diptera,Tabanidae,"Stypommisa prunicolor"
Equisetopsida,Alismatales,Araceae,"Xanthosoma viviparum"
Insecta,Lepidoptera,Nymphalidae,"Vila emilia caecilia"
Insecta,Lepidoptera,Hesperiidae,"Tarsoctenus praecia plutia"
Insecta,Lepidoptera,Hesperiidae,"Tarsoctenus corytus corba"
Insecta,Lepidoptera,Nymphalidae,"Vila azeca azeca"
Aves,Charadriiformes,Scolopacidae,"Tringa flavipes"
Insecta,Lepidoptera,Hesperiidae,"Xenophanes tryxus"
Equisetopsida,Rosales,Moraceae,"Trophis caucana"
Aves,Passeriformes,Pipridae,"Xenopipo atronitens"
Aves,Passeriformes,Furnariidae,"Xenops minutus"
Equisetopsida,Magnoliales,Annonaceae,"Trigynaea duckei"
Equisetopsida,Fabales,Fabaceae,"Swartzia arborescens"
Equisetopsida,Malpighiales,Malpighiaceae,"Stigmaphyllon florosum"
Equisetopsida,Lamiales,Bignoniaceae,"Tanaecium dichotomum"
Equisetopsida,Malpighiales,Clusiaceae,"Symphonia globulifera"
Insecta,Lepidoptera,Lycaenidae,"""Thecla"" gemma"
Aves,Passeriformes,Thamnophilidae,"Taraba major"
Equisetopsida,Rosales,Moraceae,"Trophis scandens"
Mammalia,Pilosa,Myrmecophagidae,"Tamandua tetradactyla"
Insecta,Lepidoptera,Erebidae,"Trichura mathina"
Insecta,Lepidoptera,Erebidae,"Trichura aurifera"
Aves,Passeriformes,Furnariidae,"Xenops rutilans"
Equisetopsida,Fabales,Fabaceae,"Stryphnodendron pulcherrimum"
Aves,Passeriformes,Furnariidae,"Xiphorhynchus obsoletus"
Aves,Passeriformes,Hirundinidae,"Tachycineta albiventer"
Equisetopsida,Caryophyllales,Petiveriaceae,"Trichostigma octandrum"
Insecta,Diptera,Tabanidae,"Stypommisa serena"
Mammalia,Chiroptera,Phyllostomidae,"Trachops cirrhosus"
Aves,Pelecaniformes,Ardeidae,"Zebrilus undulatus"
Equisetopsida,Malpighiales,Dichapetalaceae,"Tapura juruana"
Equisetopsida,Malvales,Malvaceae,"Theobroma cacao"
Insecta,Lepidoptera,Hesperiidae,"Vettius richardi"
Insecta,Lepidoptera,Lycaenidae,"Thereus columbicola"
Insecta,Lepidoptera,Hesperiidae,"Vettius phyllus phyllus"
Equisetopsida,Malpighiales,Malpighiaceae,"Stigmaphyllon cardiophyllum"
Equisetopsida,Malpighiales,Dichapetalaceae,"Tapura coriacea"
Aves,Passeriformes,Vireonidae,"Tunchiornis ochraceiceps"
Aves,Passeriformes,Thamnophilidae,"Thamnomanes schistogynus"
Mammalia,Perissodactyla,Tapiridae,"Tapirus terrestris"
Mammalia,Chiroptera,Phyllostomidae,"Sturnira tildae"
Equisetopsida,Lamiales,Acanthaceae,"Suessenguthia vargasii"
Insecta,Diptera,Tabanidae,"Stypommisa glandicolor"
Aves,Passeriformes,Furnariidae,"Xiphocolaptes promeropirhynchus"
Insecta,Lepidoptera,Hesperiidae,"Vettius monacha"
Equisetopsida,Fabales,Fabaceae,"Zygia latifolia"
Insecta,Lepidoptera,Hesperiidae,"Thracides thrasea"
Insecta,Lepidoptera,Nymphalidae,"Zischkaia amalda"
Insecta,Lepidoptera,Hesperiidae,"Thracides cleanthes telmela"
Insecta,Lepidoptera,Hesperiidae,"Vettius marcus marcus"
Equisetopsida,Hymenophyllales,Hymenophyllaceae,"Trichomanes rigidum"
Equisetopsida,Sapindales,Rutaceae,"Zanthoxylum kellermanii"
Actinopterygii,Characiformes,Gasteropelecidae,"Thoracocharax stellatus"
Insecta,Lepidoptera,Hesperiidae,"Urbanus velinus"
Equisetopsida,Fabales,Fabaceae,"Stryphnodendron guianense"
Insecta,Lepidoptera,Lycaenidae,"Strymon ziba"
Insecta,Lepidoptera,Hesperiidae,"Vettius fuldai"
Aves,Passeriformes,Furnariidae,"Synallaxis gujanensis"
Equisetopsida,Magnoliales,Annonaceae,"Xylopia trichostemon"
Aves,Passeriformes,Tyrannidae,"Tolmomyias flaviventris"
Equisetopsida,Pandanales,Cyclanthaceae,"Thoracocarpus bissectus"
Insecta,Lepidoptera,Erebidae,"Timalus leucomelas"
Aves,Passeriformes,Furnariidae,"Synallaxis rutilans"
Equisetopsida,Sapindales,Anacardiaceae,"Tapirira obtusa"
Equisetopsida,Celastrales,Celastraceae,"Tontelea laxiflora"
Insecta,Lepidoptera,Hesperiidae,"Vettius artona"
Insecta,Lepidoptera,Hesperiidae,"Vertica verticalis"
Equisetopsida,Sapindales,Anacardiaceae,"Tapirira guianensis"
Equisetopsida,Sapindales,Sapindaceae,"Talisia carinata"
Aves,Passeriformes,Turdidae,"Turdus albicollis"
Insecta,Lepidoptera,Lycaenidae,"""Thecla"" ligurina"
Aves,Passeriformes,Furnariidae,"Synallaxis cabanisi"
Insecta,Lepidoptera,Hesperiidae,"Synapte silius"
Equisetopsida,Lamiales,Bignoniaceae,"Tanaecium tetragonolobum"
Insecta,Lepidoptera,Hesperiidae,"Thoon taxes"
Insecta,Lepidoptera,Hesperiidae,"Styriodes badius"
Insecta,Lepidoptera,Riodinidae,"Synargis abaris"
Aves,Tinamiformes,Tinamidae,"Tinamus guttatus"
Insecta,Lepidoptera,Riodinidae,"Synargis gela gela"
Insecta,Lepidoptera,Riodinidae,"Synargis ochra ochra"
Insecta,Hymenoptera,Formicidae,"Strumigenys subedentata"
Insecta,Lepidoptera,Hesperiidae,"Thoon ranka"
Insecta,Lepidoptera,Hesperiidae,"Thoon ponka"
Insecta,Lepidoptera,Hesperiidae,"Zenis jebus"
Insecta,Lepidoptera,Riodinidae,"Synargis orestessa"
Insecta,Lepidoptera,Hesperiidae,"Urbanus virescens"
Insecta,Lepidoptera,Hesperiidae,"Thoon modius"
Aves,Passeriformes,Turdidae,"Turdus amaurochalinus"
Aves,Psittaciformes,Psittacidae,"Touit huetii"
Aves,Passeriformes,Thamnophilidae,"Thamnophilus aethiops"
Aves,Apodiformes,Apodidae,"Streptoprocne zonaris"
Equisetopsida,Hymenophyllales,Hymenophyllaceae,"Trichomanes collariatum"
Aves,Tinamiformes,Tinamidae,"Tinamus major"
Aves,Cuculiformes,Cuculidae,"Tapera naevia"
Equisetopsida,Gentianales,Rubiaceae,"Uncaria guianensis"
Equisetopsida,Asterales,Asteraceae,"Vernonanthura patens"
Aves,Passeriformes,Furnariidae,"Syndactyla ucayalae"
Insecta,Lepidoptera,Lycaenidae,"""Thecla"" pulchritudo"
Equisetopsida,Asparagales,Orchidaceae,"Trichocentrum nanum"
Equisetopsida,Alismatales,Araceae,"Syngonium hastifolium"
Equisetopsida,Alismatales,Araceae,"Syngonium podophyllum"
Aves,Passeriformes,Thamnophilidae,"Thamnophilus amazonicus"
Equisetopsida,Sapindales,Meliaceae,"Trichilia tuberculata"
Aves,Tinamiformes,Tinamidae,"Tinamus osgoodi"
Insecta,Lepidoptera,Riodinidae,"Theope pedias pedias"
Equisetopsida,Alismatales,Araceae,"Syngonium yurimaguense"
Insecta,Lepidoptera,Erebidae,"Syntrichura melaena"
Insecta,Lepidoptera,Erebidae,"Syntrichura virens"
Aves,Passeriformes,Thraupidae,"Tangara velia"
Aves,Passeriformes,Tyrannidae,"Syrtidicola fluviatilis"
Insecta,Lepidoptera,Hesperiidae,"Thoon dubia"
Aves,Tinamiformes,Tinamidae,"Tinamus tao"
Equisetopsida,Sapindales,Meliaceae,"Trichilia septentrionalis"
Aves,Passeriformes,Furnariidae,"Xiphorhynchus ocellatus"
Insecta,Lepidoptera,Saturniidae,"Syssphynx molina"
Insecta,Lepidoptera,Hesperiidae,"Venas evans"
Insecta,Lepidoptera,Hesperiidae,"Thoon canta"
Insecta,Lepidoptera,Hesperiidae,"Venas caerulans"
Aves,Charadriiformes,Laridae,"Sternula superciliaris"
Insecta,Lepidoptera,Erebidae,"Tipuloides rubriceps"
Insecta,Lepidoptera,Hesperiidae,"Vehilius stictomenes stictomenes"
Equisetopsida,Sapindales,Meliaceae,"Trichilia rubra"
Equisetopsida,Sapindales,Sapindaceae,"Toulicia reticulata"
Insecta,Lepidoptera,Hesperiidae,"Vehilius putus"
Insecta,Lepidoptera,Hesperiidae,"Vehilius madius"
Equisetopsida,Malpighiales,Salicaceae,"Xylosma intermedia"
Equisetopsida,Fabales,Fabaceae,"Vatairea fusca"
Insecta,Odonata,Libellulidae,"Zenothoptera lanei"
Insecta,Diptera,Tabanidae,"Tabanus antarticus"
Aves,Passeriformes,Thraupidae,"Tangara callophrys"
Insecta,Diptera,Tabanidae,"Tabanus argentivittatus"
Insecta,Diptera,Tabanidae,"Tabanus glaucus"
Insecta,Diptera,Tabanidae,"Tabanus guyanensis"
Insecta,Diptera,Tabanidae,"Tabanus importunus"
Insecta,Lepidoptera,Lycaenidae,"""Thecla"" syllis"
Insecta,Lepidoptera,Hesperiidae,"Tisias lesueur canna"
Insecta,Lepidoptera,Lycaenidae,"Strymon cestri"
Insecta,Diptera,Tabanidae,"Tabanus monotaxis"
Equisetopsida,Sapindales,Meliaceae,"Trichilia quadrijuga"
Equisetopsida,Sapindales,Meliaceae,"Trichilia poeppigii"
Insecta,Diptera,Tabanidae,"Tabanus nebulosus"
Aves,Passeriformes,Turdidae,"Turdus hauxwelli"
Insecta,Lepidoptera,Hesperiidae,"Tisias quadrata quadrata"
Insecta,Diptera,Tabanidae,"Tabanus nematocallus"
Equisetopsida,Sapindales,Burseraceae,"Trattinnickia peruviana"
Insecta,Lepidoptera,Saturniidae,"Titaea tamerlan amazonensis"
Insecta,Lepidoptera,Nymphalidae,"Tithorea harmonia brunnea"
Equisetopsida,Ericales,Primulaceae,"Stylogyne ardisioides"
Equisetopsida,Gentianales,Loganiaceae,"Strychnos asperula"
Insecta,Diptera,Tabanidae,"Tabanus pellucidus"
Aves,Podicipediformes,Podicipedidae,"Tachybaptus dominicus"
Equisetopsida,Sapindales,Meliaceae,"Trichilia pleeana"
Insecta,Diptera,Tabanidae,"Tabanus piceiventris"
Insecta,Coleoptera,Scarabaeidae,"Sylvicanthon bridarolli"
Insecta,Diptera,Tabanidae,"Tabanus pungens"
Insecta,Lepidoptera,Lycaenidae,"""Thecla"" maculata"
Equisetopsida,Sapindales,Meliaceae,"Trichilia pallida"
Insecta,Lepidoptera,Lycaenidae,"""Thecla"" tympania"
Insecta,Diptera,Tabanidae,"Tabanus restrepoensis"
Insecta,Lepidoptera,Hesperiidae,"Styriodes quaka"
Insecta,Lepidoptera,Lycaenidae,"""Thecla"" mecrida"
Insecta,Lepidoptera,Erebidae,"Urolosia brodea"
Aves,Passeriformes,Tityridae,"Tityra cayana"
Insecta,Diptera,Tabanidae,"Tabanus rubripes"
Insecta,Odonata,Libellulidae,"Tholymis citrina"
Aves,Passeriformes,Thamnophilidae,"Thamnophilus doliatus"
Insecta,Diptera,Tabanidae,"Tabanus sannio"
Insecta,Lepidoptera,Riodinidae,"Theope excelsa"
Insecta,Diptera,Tabanidae,"Tabanus sextriangulus"
Mammalia,Chiroptera,Phyllostomidae,"Uroderma magnirostrum"
Insecta,Diptera,Tabanidae,"Tabanus sorbillans"
Aves,Passeriformes,Turdidae,"Turdus ignobilis"
Insecta,Diptera,Tabanidae,"Tabanus stenocephalus"
Aves,Passeriformes,Thraupidae,"Thlypopsis sordida"
Insecta,Diptera,Tabanidae,"Tabanus trivittatus"
Equisetopsida,Sapindales,Meliaceae,"Trichilia micrantha"
Insecta,Diptera,Tabanidae,"Tabanus weyrauchi"
Aves,Passeriformes,Turdidae,"Turdus lawrencii"
Aves,Charadriiformes,Charadriidae,"Vanellus resplendens"
Aves,Passeriformes,Tyrannidae,"Sublegatus obscurior"
Insecta,Lepidoptera,Lycaenidae,"""Thecla"" minyia"
Insecta,Diptera,Tabanidae,"Tabanus wilkersoni"
Insecta,Diptera,Tabanidae,"Tabanus xanthogaster"
Insecta,Diptera,Tabanidae,"Tabanus xuthopogon"
Aves,Charadriiformes,Charadriidae,"Vanellus chilensis"
Aves,Passeriformes,Tityridae,"Tityra inquisitor"
Equisetopsida,Lamiales,Bignoniaceae,"Tabebuia insignis"
Insecta,Lepidoptera,Riodinidae,"Theope eudocia eudocia"
Equisetopsida,Malpighiales,Clusiaceae,"Tovomita laurina"
Equisetopsida,Sapindales,Meliaceae,"Trichilia maynasiana"
Aves,Passeriformes,Thraupidae,"Tangara schrankii"
Equisetopsida,Lamiales,Bignoniaceae,"Tanaecium truncatum"
Equisetopsida,Celastrales,Celastraceae,"Tontelea passiflora"
Insecta,Lepidoptera,Hesperiidae,"Udranomia kikkawai"
Equisetopsida,Gentianales,Loganiaceae,"Strychnos tarapotensis"
Aves,Passeriformes,Tityridae,"Tityra semifasciata"
Equisetopsida,Sapindales,Meliaceae,"Trichilia elegans"
Aves,Passeriformes,Tyrannidae,"Tyrannus melancholicus"
Equisetopsida,Gentianales,Apocynaceae,"Tabernaemontana cymosa"
Aves,Charadriiformes,Charadriidae,"Vanellus cayanus"
Aves,Passeriformes,Thamnophilidae,"Thamnophilus palliatus"
Insecta,Lepidoptera,Lycaenidae,"Tmolus cydrara"
Insecta,Lepidoptera,Lycaenidae,"Tmolus echion"
Equisetopsida,Sapindales,Meliaceae,"Trichilia adolfi"
Insecta,Lepidoptera,Lycaenidae,"Tmolus mutina"
Actinopterygii,Characiformes,Characidae,"Tyttocharax tambopatensis"
Mammalia,Chiroptera,Phyllostomidae,"Vampyrodes caraccioli"
Insecta,Lepidoptera,Nymphalidae,"Zaretis itys itys"
Insecta,Lepidoptera,Lycaenidae,"Tmolus ufentina"
Equisetopsida,Gentianales,Apocynaceae,"Tabernaemontana sananho"
Insecta,Lepidoptera,Nymphalidae,"Yphtthimoides mythra"
Aves,Passeriformes,Thamnophilidae,"Thamnophilus schistaceus"
Equisetopsida,Gentianales,Apocynaceae,"Tabernaemontana vanheurckii"
Aves,Passeriformes,Tyrannidae,"Tyrannus tyrannus"
Equisetopsida,Lamiales,Linderniaceae,"Torenia thouarsii"
Actinopterygii,Gymnotiformes,Sternopygidae,"Sternopygus macrurus"
Aves,Passeriformes,Thraupidae,"Tangara mexicana"
Equisetopsida,Gentianales,Loganiaceae,"Strychnos solimoesana"
Equisetopsida,Magnoliales,Annonaceae,"Xylopia cuspidata"
Insecta,Odonata,Aeshnidae,"Triacanthagyna septima"
Mammalia,Chiroptera,Phyllostomidae,"Vampyressa melissa"
Insecta,Lepidoptera,Lycaenidae,"""Thecla"" terentia"
Insecta,Odonata,Aeshnidae,"Triacanthagyna satyrus"
Equisetopsida,Sapindales,Sapindaceae,"Talisia cerasina"
Insecta,Lepidoptera,Hesperiidae,"Thargella caura caura"
Equisetopsida,Rosales,Cannabaceae,"Trema micranthum"
Insecta,Odonata,Aeshnidae,"Triacanthagyna ditzleri"
Equisetopsida,Fabales,Fabaceae,"Tachigali alba"
Insecta,Lepidoptera,Lycaenidae,"""Thecla"" tephraeus"
Aves,Passeriformes,Tyrannidae,"Todirostrum chrysocrotaphum"
Equisetopsida,Fabales,Fabaceae,"Tachigali bracteosa"
Equisetopsida,Fabales,Fabaceae,"Tachigali cenepensis"
Aves,Passeriformes,Tyrannidae,"Sublegatus modestus"
Insecta,Lepidoptera,Lycaenidae,"""Thecla"" myrtea"
Equisetopsida,Ericales,Primulaceae,"Stylogyne longifolia"
Insecta,Lepidoptera,Hesperiidae,"Turesis basta"
Insecta,Lepidoptera,Hesperiidae,"Turesis complanula"
Insecta,Lepidoptera,Lycaenidae,"""Thecla"" syedra"
Equisetopsida,Lamiales,Bignoniaceae,"Tanaecium xanthophyllum"
Equisetopsida,Fabales,Fabaceae,"Tachigali chrysophylla"
Aves,Passeriformes,Thraupidae,"Tangara gyrola"
Equisetopsida,Fabales,Fabaceae,"Tachigali guianensis"
Equisetopsida,Crossosomatales,Staphyleaceae,"Turpinia occidentalis"
Equisetopsida,Fabales,Fabaceae,"Tachigali poeppigiana"
Aves,Passeriformes,Tyrannidae,"Zimmerius gracilipes"
Equisetopsida,Asterales,Asteraceae,"Tagetes erecta"
Equisetopsida,Fabales,Fabaceae,"Tachigali rugosa"
Insecta,Lepidoptera,Lycaenidae,"""Thecla"" myrtusa"
Equisetopsida,Alismatales,Araceae,"Thaumatophyllum solimoesense"
Equisetopsida,Fabales,Fabaceae,"Tachigali setifera"
Insecta,Lepidoptera,Lycaenidae,"""Thecla"" norax"
Aves,Passeriformes,Hirundinidae,"Tachycineta leucorrhoa"
Aves,Passeriformes,Tyrannidae,"Todirostrum cinereum"
Equisetopsida,Fabales,Fabaceae,"Tachigali tinctoria"
Equisetopsida,Rosales,Urticaceae,"Urera capitata"
Aves,Passeriformes,Tyrannidae,"Todirostrum maculatum"
Aves,Passeriformes,Thraupidae,"Tangara chilensis"
Aves,Apodiformes,Apodidae,"Tachornis squamata"
Equisetopsida,Fabales,Fabaceae,"Tamarindus indica"
Insecta,Lepidoptera,Erebidae,"Theages xanthura"
Equisetopsida,Celastrales,Celastraceae,"Tontelea attenuata"
Insecta,Odonata,Libellulidae,"Uracis fastigiata"
Insecta,Odonata,Libellulidae,"Uracis imbuta"
Insecta,Lepidoptera,Lycaenidae,"""Thecla"" agrippa"
Insecta,Odonata,Libellulidae,"Uracis infumata"
Equisetopsida,Magnoliales,Annonaceae,"Xylopia frutescens"
Equisetopsida,Lamiales,Bignoniaceae,"Tynanthus polyanthus"
Insecta,Odonata,Libellulidae,"Uracis siemensi"
Equisetopsida,Lamiales,Bignoniaceae,"Tynanthus schumannianus"
Equisetopsida,Magnoliales,Annonaceae,"Xylopia ligustrifolia"
Insecta,Lepidoptera,Hesperiidae,"Talides sinois sinois"
Insecta,Lepidoptera,Lycaenidae,"""Thecla"" aruma"
Insecta,Lepidoptera,Riodinidae,"Uraneis hyalina"
Insecta,Lepidoptera,Uranidae,"Urania leilus"
Insecta,Lepidoptera,Lycaenidae,"""Thecla"" parvipuncta"
Insecta,Lepidoptera,Lycaenidae,"""Thecla"" carteia"
Equisetopsida,Rosales,Urticaceae,"Urera simplex"
Equisetopsida,Magnoliales,Annonaceae,"Unonopsis veneficiorum"
Aves,Passeriformes,Furnariidae,"Synallaxis albigularis"
Equisetopsida,Asterales,Asteraceae,"Struchium sparganophorum"
Insecta,Lepidoptera,Lycaenidae,"""Thecla"" tema"
Aves,Passeriformes,Tyrannidae,"Tyrannus savana"
Insecta,Lepidoptera,Lycaenidae,"""Thecla"" strephon"
Aves,Passeriformes,Pipridae,"Tyranneutes stolzmanni"
Insecta,Lepidoptera,Erebidae,"Uranophora alterata"
Insecta,Lepidoptera,Lycaenidae,"Thestius meridionalis"
Insecta,Lepidoptera,Lycaenidae,"""Thecla"" splendor"
Aves,Passeriformes,Furnariidae,"Xiphorhynchus guttatus"
Insecta,Diptera,Tabanidae,"Stypommisa captiroptera"
Equisetopsida,Magnoliales,Annonaceae,"Unonopsis peruviana"
Aves,Passeriformes,Thraupidae,"Tangara arthus"
Insecta,Lepidoptera,Lycaenidae,"""Thecla"" ceromia"
Equisetopsida,Polypodiales,Thelypteridaceae,"Thelypteris juruensis"
Insecta,Lepidoptera,Lycaenidae,"""Thecla"" color"
Equisetopsida,Sapindales,Rutaceae,"Zanthoxylum acuminatum subsp. juniperinum"
Equisetopsida,Magnoliales,Annonaceae,"Unonopsis guatterioides"
Insecta,Lepidoptera,Lycaenidae,"Theritas mavors"
Insecta,Lepidoptera,Lycaenidae,"""Thecla"" phoster"
Equisetopsida,Malvales,Malvaceae,"Theobroma speciosum"
Insecta,Lepidoptera,Erebidae,"Uranophora leocotelus"
Insecta,Hymenoptera,Formicidae,"Strumigenys alberti"
Insecta,Lepidoptera,Lycaenidae,"""Thecla"" cosmophila"
Insecta,Diptera,Tabanidae,"Stypommisa apicalis"
Insecta,Lepidoptera,Lycaenidae,"""Thecla"" cupentus"
Aves,Passeriformes,Tyrannidae,"Tyrannopsis sulphurea"
Insecta,Hymenoptera,Formicidae,"Strumigenys denticulata"
Insecta,Hymenoptera,Formicidae,"Strumigenys hyphata"
Insecta,Lepidoptera,Erebidae,"Uranophora maranhaonis"
Equisetopsida,Gentianales,Loganiaceae,"Strychnos ramentifera"
Insecta,Hymenoptera,Formicidae,"Strumigenys perparva"
Mammalia,Chiroptera,Phyllostomidae,"Uroderma bilobatum"
Aves,Passeriformes,Tyrannidae,"Tyrannulus elatus"
Insecta,Lepidoptera,Erebidae,"Uranophora walkeri"
Equisetopsida,Malpighiales,Hypericaceae,"Vismia cayennensis"
Equisetopsida,Dilleniales,Dilleniaceae,"Tetracera parviflora"
Aves,Passeriformes,Tyrannidae,"Tolmomyias assimilis"
Equisetopsida,Asterales,Asteraceae,"Tessaria integrifolia"
Insecta,Lepidoptera,Nymphalidae,"Thyridia psidii ino"
Equisetopsida,Malpighiales,Hypericaceae,"Vismia plicatifolia"
Equisetopsida,Lamiales,Bignoniaceae,"Stizophyllum riparium"
Equisetopsida,Polypodiales,Thelypteridaceae,"Thelypteris opulenta"
Aves,Passeriformes,Tyrannidae,"Tolmomyias poliocephalus"
Aves,Passeriformes,Thraupidae,"Tachyphonus surinamus"
Equisetopsida,Magnoliales,Myristicaceae,"Virola surinamensis"
Equisetopsida,Lamiales,Lamiaceae,"Vitex triflora"
Aves,Passeriformes,Thraupidae,"Tersina viridis"
Mammalia,Chiroptera,Thyropteridae,"Thyroptera tricolor"
Insecta,Lepidoptera,Lycaenidae,"""Thecla"" ematheon"
Aves,Passeriformes,Furnariidae,"Thripophaga fusciceps"
Equisetopsida,Myrtales,Vochysiaceae,"Vochysia ferruginea"
Equisetopsida,Sapindales,Anacardiaceae,"Thyrsodium bolivianum"
Insecta,Lepidoptera,Lycaenidae,"""Thecla"" emessa"
Aves,Trogoniformes,Trogonidae,"Trogon collaris"
Aves,Passeriformes,Thraupidae,"Volatinia jacarina"
Equisetopsida,Magnoliales,Myristicaceae,"Virola sebifera"
Insecta,Diptera,Tabanidae,"Stypommisa modica"
Equisetopsida,Magnoliales,Annonaceae,"Unonopsis floribunda"
Insecta,Lepidoptera,Lycaenidae,"""Thecla"" tarena"
Equisetopsida,Magnoliales,Myristicaceae,"Virola peruviana"
Equisetopsida,Malpighiales,Malpighiaceae,"Tetrapterys crispa"
Equisetopsida,Sapindales,Anacardiaceae,"Thyrsodium spruceanum"
Aves,Passeriformes,Troglodytidae,"Troglodytes aedon"
Aves,Trogoniformes,Trogonidae,"Trogon curucui"
Equisetopsida,Myrtales,Combretaceae,"Terminalia oblonga"
Equisetopsida,Malpighiales,Malpighiaceae,"Tetrapterys maranhamensis"
Insecta,Lepidoptera,Lycaenidae,"""Thecla"" picus"
Equisetopsida,Asterales,Asteraceae,"Trixis divaricata"
Equisetopsida,Poales,Poaceae,"Streptogyna americana"
Insecta,Lepidoptera,Lycaenidae,"""Thecla"" taminella"
Insecta,Lepidoptera,Hesperiidae,"Urbanus chalco"
Equisetopsida,Magnoliales,Myristicaceae,"Virola obovata"
Equisetopsida,Poales,Bromeliaceae,"Vriesea heliconioides"
Equisetopsida,Magnoliales,Myristicaceae,"Virola multinervia"
Mammalia,Lagomorpha,Leporidae,"Sylvilagus brasiliensis"
Equisetopsida,Myrtales,Combretaceae,"Terminalia grandis"
Equisetopsida,Myrtales,Combretaceae,"Terminalia fanshawei"
Equisetopsida,Magnoliales,Myristicaceae,"Virola multiflora"
Equisetopsida,Myrtales,Combretaceae,"Terminalia amazonia"
Insecta,Lepidoptera,Hesperiidae,"Urbanus doryssus diryssus"
Equisetopsida,Gentianales,Rubiaceae,"Warszewiczia coccinea"
Equisetopsida,Magnoliales,Myristicaceae,"Virola mollissima"
Insecta,Lepidoptera,Lycaenidae,"""Thecla"" sphinx"
Insecta,Lepidoptera,Hesperiidae,"Urbanus esmeraldus"
Equisetopsida,Lamiales,Bignoniaceae,"Tanaecium jaroba"
Equisetopsida,Fabales,Fabaceae,"Swartzia myrtifolia"
Equisetopsida,Sapindales,Sapindaceae,"Talisia hexaphylla"
Aves,Passeriformes,Onychorhynchidae,"Terenotriccus erythrurus"
Insecta,Lepidoptera,Nymphalidae,"Tigridia acesta tapajona"
Insecta,Hymenoptera,Formicidae,"Strumigenys planeti"
Insecta,Lepidoptera,Lycaenidae,"Theclopsis lydus"
Insecta,Lepidoptera,Hesperiidae,"Urbanus pronta"
Equisetopsida,Magnoliales,Myristicaceae,"Virola loretensis"
Equisetopsida,Sapindales,Burseraceae,"Trattinnickia aspera"
Equisetopsida,Sapindales,Rutaceae,"Zanthoxylum sprucei"
Aves,Pelecaniformes,Ardeidae,"Tigrisoma fasciatum"
Equisetopsida,Magnoliales,Myristicaceae,"Virola flexuosa"
Aves,Trogoniformes,Trogonidae,"Trogon melanurus"
Equisetopsida,Fabales,Fabaceae,"Tephrosia sinapou"
Equisetopsida,Fabales,Fabaceae,"Tephrosia nitens"
Insecta,Lepidoptera,Nymphalidae,"Temenis pulchra pallidior"
Equisetopsida,Lamiales,Bignoniaceae,"Xylophragma myrianthum"
Insecta,Lepidoptera,Lycaenidae,"Theclopsis gargara"
Actinopterygii,Characiformes,Triportheidae,"Triportheus angulatus"
Insecta,Lepidoptera,Nymphalidae,"Temenis laothoe laothoe"
Equisetopsida,Magnoliales,Myristicaceae,"Virola elongata"
Aves,Pelecaniformes,Ardeidae,"Tigrisoma lineatum"
Mammalia,Chiroptera,Phyllostomidae,"Sturnira magna"
Equisetopsida,Polypodiales,Tectariaceae,"Triplophyllum funestum"
Equisetopsida,Caryophyllales,Polygonaceae,"Triplaris weigeltiana"
Aves,Apodiformes,Trochilidae,"Threnetes leucurus"
Aves,Passeriformes,Thraupidae,"Thraupis sayaca"
Insecta,Lepidoptera,Hesperiidae,"Tellona variegata"
Equisetopsida,Caryophyllales,Polygonaceae,"Triplaris setosa"
Insecta,Hymenoptera,Formicidae,"Strumigenys prospiciens"
Equisetopsida,Magnoliales,Myristicaceae,"Virola decorticans"
Equisetopsida,Caryophyllales,Polygonaceae,"Triplaris poeppigiana"
Equisetopsida,Gentianales,Loganiaceae,"Strychnos erichsonii"
Aves,Passeriformes,Thraupidae,"Stilpnia nigrocincta"
Insecta,Lepidoptera,Erebidae,"Telioneura glaucopis"
Equisetopsida,Rosales,Urticaceae,"Urera caracasana"
Equisetopsida,Fabales,Fabaceae,"Swartzia macrostachya"
Insecta,Lepidoptera,Riodinidae,"Symmachia  asclepia asclepia"
Insecta,Lepidoptera,Nymphalidae,"Telenassa burchelli"
Equisetopsida,Magnoliales,Myristicaceae,"Virola calophylla"
Insecta,Lepidoptera,Lycaenidae,"""Thecla"" ergina"
Equisetopsida,Caryophyllales,Polygonaceae,"Triplaris peruviana"
Insecta,Lepidoptera,Hesperiidae,"Telemiades penidas"
Equisetopsida,Caryophyllales,Polygonaceae,"Triplaris cumingiana"
Insecta,Lepidoptera,Hesperiidae,"Telemiades epicalus"
Insecta,Lepidoptera,Hesperiidae,"Telemiades delalande"
Equisetopsida,Fabales,Fabaceae,"Swartzia dipetala"
Equisetopsida,Fabales,Fabaceae,"Parkia ulei"
Equisetopsida,Fabales,Fabaceae,"Parkia pendula"
Equisetopsida,Fabales,Fabaceae,"Parkia panurensis"
Equisetopsida,Fabales,Fabaceae,"Parkia nitida"
Equisetopsida,Fabales,Fabaceae,"Parkia multijuga"
Aves,Passeriformes,Furnariidae,"Furnarius leucopus"
Insecta,Lepidoptera,Erebidae,"Mesothen desperata"
Aves,Passeriformes,Thraupidae,"Parkerthraustes humeralis"
Insecta,Odonata,Libellulidae,"Fylgia amazonica"
Insecta,Lepidoptera,Papilionidae,"Parides vertumnus astorius"
Insecta,Lepidoptera,Papilionidae,"Parides sesostris sesostris"
Actinopterygii,Carangiformes,Achiridae,"Hypoclinemus mentalis"
Insecta,Lepidoptera,Papilionidae,"Parides pizarro kuhlmanni"
Aves,Galbuliformes,Galbulidae,"Galbula cyanescens"
Insecta,Lepidoptera,Erebidae,"Hypocladia militaris"
Insecta,Lepidoptera,Papilionidae,"Parides neophilus olivencius"
Aves,Galbuliformes,Galbulidae,"Galbula dea"
Insecta,Lepidoptera,Papilionidae,"Parides anchises drucei"
Insecta,Lepidoptera,Papilionidae,"Parides aeneas lamasi"
Actinopterygii,Characiformes,Characidae,"Galeocharax gulo"
Equisetopsida,Poales,Poaceae,"Pariana ecuadorensis"
Insecta,Lepidoptera,Nymphalidae,"Pareuptychia summandosa"
Insecta,Lepidoptera,Nymphalidae,"Pareuptychia ocirrhoe"
Insecta,Lepidoptera,Nymphalidae,"Pareuptychia interjecta hesionides"
Insecta,Lepidoptera,Nymphalidae,"Pareuptychia binocula binocula"
Equisetopsida,Sapindales,Rutaceae,"Galipea trifoliata"
Aves,Gruiformes,Rallidae,"Pardirallus nigricans"
Equisetopsida,Caryophyllales,Petiveriaceae,"Gallesia integrifolia"
Insecta,Lepidoptera,Riodinidae,"Parcella amarynthina"
Insecta,Hymenoptera,Formicidae,"Paraponera clavata"
Insecta,Lepidoptera,Saturniidae,"Gamelia abasia"
Insecta,Lepidoptera,Saturniidae,"Gamelia rubriluna rubriluna"
Actinopterygii,Characiformes,Characidae,"Paragoniates alburnus"
Insecta,Lepidoptera,Nymphalidae,"Hypna clytemnestra negra"
Insecta,Lepidoptera,Riodinidae,"Hyphilaria parthenis rigrinella"
Aves,Passeriformes,Thraupidae,"Sporophila lineola"
Actinopterygii,Characiformes,Characidae,"Hyphessobrycon gracilior"
Aves,Accipitriformes,Accipitridae,"Gampsonyx swainsonii"
Insecta,Lepidoptera,Erebidae,"Paraethria flavosignata"
Insecta,Lepidoptera,Pieridae,"Ganya phaloe sublineata"
Equisetopsida,Alismatales,Araceae,"Anthurium pentaphyllum"
Equisetopsida,Malpighiales,Clusiaceae,"Garcinia brasiliensis"
Equisetopsida,Malpighiales,Clusiaceae,"Garcinia intermedia"
Insecta,Lepidoptera,Saturniidae,"Paradaemonia platydesmia"
Equisetopsida,Malpighiales,Clusiaceae,"Garcinia macrophylla"
Equisetopsida,Oxalidales,Elaeocarpaceae,"Sloanea fragrans"
Insecta,Lepidoptera,Hesperiidae,"Paracarystus menestries rona"
Aves,Passeriformes,Tyrannidae,"Ochthornis littoralis"
Mammalia,Didelphimorphia,Didelphidae,"Marmosops (Marmosops) noctivagus"
Equisetopsida,Malpighiales,Clusiaceae,"Garcinia madruno"
Actinopterygii,Characiformes,Characidae,"Hyphessobrycon agulha"
Insecta,Lepidoptera,Hesperiidae,"Paracarystus hypargyra"
Equisetopsida,Oxalidales,Elaeocarpaceae,"Sloanea eichleri"
Insecta,Lepidoptera,Hesperiidae,"Papias phainis"
Aves,Apodiformes,Apodidae,"Panyptila cayennensis"
Equisetopsida,Gentianales,Apocynaceae,"Geissospermum reticulatum"
Equisetopsida,Oxalidales,Elaeocarpaceae,"Sloanea durissima"
Insecta,Lepidoptera,Lycaenidae,"Panthiades phaleros"
Insecta,Lepidoptera,Lycaenidae,"Panthiades bitias"
Insecta,Lepidoptera,Lycaenidae,"Panthiades aeolus"
Aves,Charadriiformes,Laridae,"Gelochelidon nilotica"
Equisetopsida,Gentianales,Rubiaceae,"Genipa americana"
Mammalia,Carnivora,Felidae,"Panthera onca"
Insecta,Odonata,Libellulidae,"Pantala flavescens"
Insecta,Lepidoptera,Hesperiidae,"Panoquina fusina fusina"
Aves,Passeriformes,Thraupidae,"Sporophila leucoptera"
Insecta,Lepidoptera,Saturniidae,"Hyperchiria nausica"
Equisetopsida,Ranunculales,Menispermaceae,"Hyperbaena domingensis"
Equisetopsida,Oxalidales,Elaeocarpaceae,"Sloanea brevipes"
Equisetopsida,Arecales,Arecaceae,"Geonoma brongniartii"
Equisetopsida,Arecales,Arecaceae,"Geonoma deversa"
Aves,Accipitriformes,Pandionidae,"Pandion haliaetus"
Equisetopsida,Arecales,Arecaceae,"Geonoma maxima subsp. chelidonura"
Equisetopsida,Laurales,Lauraceae,"Aiouea napoensis"
Insecta,Lepidoptera,Nymphalidae,"Panacea regina"
Equisetopsida,Arecales,Arecaceae,"Geonoma occidentalis"
Insecta,Lepidoptera,Nymphalidae,"Panacea prola amazonica"
Equisetopsida,Ranunculales,Menispermaceae,"Abuta pahnii"
Equisetopsida,Sapindales,Anacardiaceae,"Spondias venulosa"
Equisetopsida,Arecales,Arecaceae,"Geonoma poeppigiana"
Equisetopsida,Arecales,Arecaceae,"Geonoma pohliana subsp. Weddelliana"
Insecta,Lepidoptera,Erebidae,"Antichloris eriphia"
Equisetopsida,Arecales,Arecaceae,"Geonoma stricta subsp. arundinacea"
Insecta,Lepidoptera,Hesperiidae,"Antigonus decens"
Insecta,Lepidoptera,Hesperiidae,"Antigonus erosus"
Equisetopsida,Gentianales,Rubiaceae,"Geophila cordifolia"
Insecta,Lepidoptera,Hesperiidae,"Antigonus nearchus"
Equisetopsida,Gentianales,Rubiaceae,"Geophila gracilis"
Insecta,Lepidoptera,Nymphalidae,"Antirrhea hela"
Equisetopsida,Gentianales,Rubiaceae,"Geophila repens"
Insecta,Lepidoptera,Nymphalidae,"Antirrhea philoctetes avernus"
Equisetopsida,Malpighiales,Chrysobalanaceae,"Hymenopus heteromorphus"
Equisetopsida,Malpighiales,Chrysobalanaceae,"Hymenopus caudatus"
Equisetopsida,Gentianales,Rubiaceae,"Palicourea subcuspidata"
Insecta,Lepidoptera,Erebidae,"Mesothen pyrrha"
Insecta,Lepidoptera,Nymphalidae,"Antirrheat aygetina taygetina"
Aves,Passeriformes,Tyrannidae,"Hymenops perspicillatus"
Aves,Passeriformes,Parulidae,"Geothlypis aequinoctialis"
Aves,Columbiformes,Columbidae,"Geotrygon montana"
Aves,Columbiformes,Columbidae,"Geotrygon saphirina"
Insecta,Lepidoptera,Hesperiidae,"Aethilla echina echina"
Equisetopsida,Gentianales,Rubiaceae,"Palicourea racemosa"
Equisetopsida,Gentianales,Rubiaceae,"Palicourea nigricans"
Equisetopsida,Gentianales,Rubiaceae,"Palicourea microbotrys"
Equisetopsida,Laurales,Lauraceae,"Ocotea aurantiodora"
Aves,Accipitriformes,Accipitridae,"Geranospiza caerulescens"
Equisetopsida,Gentianales,Rubiaceae,"Palicourea mansoana"
Insecta,Diptera,Asilidae,"Glaphyropyga pollinifera"
Aves,Passeriformes,Furnariidae,"Sittasomus griseicapillus"
Aves,Strigiformes,Strigidae,"Glaucidium brasilianum"
Aves,Strigiformes,Strigidae,"Glaucidium hardyi"
Equisetopsida,Gentianales,Rubiaceae,"Palicourea justiciifolia"
Aves,Apodiformes,Trochilidae,"Glaucis hirsutus"
Mammalia,Chiroptera,Phyllostomidae,"Glossophaga soricina"
Aves,Caprimulgiformes,Caprimulgidae,"Antrostomus rufus"
Aves,Passeriformes,Thraupidae,"Sporophila castaneiventris"
Insecta,Lepidoptera,Pieridae,"Glutophrissa drusilla drusilla"
Aves,Caprimulgiformes,Caprimulgidae,"Antrostomus sericocaudatus"
Aves,Gruiformes,Rallidae,"Anurolimnas castaneiceps"
Equisetopsida,Laurales,Lauraceae,"Ocotea bofa"
Equisetopsida,Malpighiales,Euphorbiaceae,"Glycydendron amazonicum"
Insecta,Lepidoptera,Nymphalidae,"Siproeta stelenes meridionalis"
Insecta,Lepidoptera,Riodinidae,"Metacharis lucius"
Equisetopsida,Malvales,Malvaceae,"Apeiba glabra"
Equisetopsida,Fabales,Fabaceae,"Hymenaea parvifolia"
Aves,Passeriformes,Furnariidae,"Glyphorynchus spirurus"
Equisetopsida,Laurales,Lauraceae,"Ocotea camphoromoea"
Equisetopsida,Malvales,Malvaceae,"Apeiba membranacea"
Equisetopsida,Fabales,Fabaceae,"Hymenaea oblongifolia"
Equisetopsida,Malvales,Malvaceae,"Apeiba tibourbou"
Actinopterygii,Characiformes,Characidae,"Moenkhausia oligolepis"
Equisetopsida,Gentianales,Rubiaceae,"Palicourea grandiflora"
Insecta,Lepidoptera,Riodinidae,"Metacharis regalis regalis"
Equisetopsida,Fabales,Fabaceae,"Hymenaea courbaril"
Equisetopsida,Poales,Poaceae,"Hymenachne grandis"
Equisetopsida,Poales,Poaceae,"Hymenachne amplexicaulis"
Insecta,Hymenoptera,Formicidae,"Gnamptogenys conccina"
Insecta,Hymenoptera,Formicidae,"Gnamptogenys horni"
Insecta,Hymenoptera,Formicidae,"Gnamptogenys pleurodon"
Equisetopsida,Gnetales,Gnetaceae,"Gnetum nodiflorum"
Actinopterygii,Siluriformes,Loricariidae,"Aphanotorulus unicolor"
Aves,Passeriformes,Thamnophilidae,"Hylophylax punctulatus"
Equisetopsida,Zingiberales,Marantaceae,"Goeppertia altissima"
Equisetopsida,Zingiberales,Marantaceae,"Goeppertia enclitica"
Mammalia,Didelphimorphia,Didelphidae,"Metachirus myosuros"
Equisetopsida,Zingiberales,Marantaceae,"Goeppertia poeppigiana"
Equisetopsida,Gentianales,Rubiaceae,"Palicourea crocea"
Aves,Passeriformes,Thamnophilidae,"Hylophylax naevius"
Equisetopsida,Lamiales,Acanthaceae,"Aphelandra aurantiaca"
Equisetopsida,Gentianales,Rubiaceae,"Palicourea casiquiaria"
Equisetopsida,Gentianales,Rubiaceae,"Palicourea campyloneura"
Equisetopsida,Gentianales,Rubiaceae,"Palicourea bracteosa"
Insecta,Lepidoptera,Hesperiidae,"Gorgopas trochilus"
Equisetopsida,Lamiales,Acanthaceae,"Aphelandra maculata"
Insecta,Lepidoptera,Hesperiidae,"Gorgythion begga pyralina"
Aves,Passeriformes,Vireonidae,"Hylophilus thoracicus"
Insecta,Odonata,Gomphidae,"Aphilla edentata"
Insecta,Lepidoptera,Hesperiidae,"Gorgythion beggina escalophoides"
Equisetopsida,Malvales,Malvaceae,"Gossypium barbadense"
Insecta,Odonata,Gomphidae,"Aphilla producta"
Insecta,Lepidoptera,Lycaenidae,"Paiwarria telemus"
Insecta,Lepidoptera,Nymphalidae,"Paititia neglecta"
Insecta,Odonata,Gomphidae,"Aphilla theodorina"
Actinopterygii,Perciformes,Sciaenidae,"Pachyurus schomburgkii"
Aves,Passeriformes,Furnariidae,"Hylexetastes stresemanni"
Insecta,Lepidoptera,Riodinidae,"Pachythone xanthe"
Aves,Passeriformes,Vireonidae,"Pachysylvia hypoxantha"
Insecta,Lepidoptera,Saturniidae,"Hylesiopsis festiva"
Equisetopsida,Poales,Poaceae,"Guadua weberbaueri"
Equisetopsida,Laurales,Lauraceae,"Ocotea leptobotra"
Insecta,Lepidoptera,Saturniidae,"Hylesia praeda"
Equisetopsida,Caryophyllales,Nyctaginaceae,"Guapira myrtiflora"
Equisetopsida,Sapindales,Meliaceae,"Guarea glabra"
Equisetopsida,Sapindales,Meliaceae,"Guarea gomma"
Insecta,Lepidoptera,Saturniidae,"Hylesia olivenca"
Insecta,Lepidoptera,Pieridae,"Aphrissa fluminensis"
Insecta,Lepidoptera,Pieridae,"Aphrissa statira statira"
Insecta,Lepidoptera,Saturniidae,"Hylesia melanostigma"
Equisetopsida,Sapindales,Meliaceae,"Guarea juglandiformis"
Aves,Passeriformes,Tityridae,"Pachyramphus validus"
Insecta,Lepidoptera,Hesperiidae,"Hylephila phyleus phyleus"
Equisetopsida,Sapindales,Meliaceae,"Guarea kunthiana"
Aves,Passeriformes,Tityridae,"Pachyramphus polychopterus"
Actinopterygii,Characiformes,Characidae,"Aphyocharax pusillus"
Equisetopsida,Sapindales,Meliaceae,"Guarea macrophylla"
Aves,Passeriformes,Thraupidae,"Sporophila caerulescens"
Aves,Passeriformes,Tityridae,"Pachyramphus minor"
Equisetopsida,Magnoliales,Annonaceae,"Guatteria blepharophylla"
Actinopterygii,Cichliformes,Cichlidae,"Apistogramma luelingi"
Equisetopsida,Zingiberales,Marantaceae,"Hylaeanthe hexantha"
Equisetopsida,Magnoliales,Annonaceae,"Guatteria campestris"
Equisetopsida,Laurales,Lauraceae,"Ocotea oblonga"
Equisetopsida,Magnoliales,Annonaceae,"Guatteria citriodora"
Actinopterygii,Cichliformes,Cichlidae,"Apistogramma urteagai"
Equisetopsida,Laurales,Lauraceae,"Ocotea oblonga subsp. cuprea"
Aves,Passeriformes,Tityridae,"Pachyramphus marginatus"
Equisetopsida,Poales,Bromeliaceae,"Hylaeaicum eleutheropetalum"
Actinopterygii,Siluriformes,Loricariidae,"Apistoloricaria ommation"
Aves,Pelecaniformes,Ardeidae,"Agamia agami"
Equisetopsida,Magnoliales,Annonaceae,"Guatteria duodecima"
Actinopterygii,Characiformes,Characidae,"Moenkhausia lepidura"
Equisetopsida,Magnoliales,Annonaceae,"Guatteria elata"
Equisetopsida,Magnoliales,Annonaceae,"Guatteria hirsuta"
Equisetopsida,Laurales,Siparunaceae,"Siparuna thecaphora"
Aves,Caprimulgiformes,Caprimulgidae,"Hydropsalis climacocerca"
Aves,Passeriformes,Tityridae,"Pachyramphus castaneus"
Actinopterygii,Characiformes,Cynodontidae,"Hydrolycus pectoralis"
Equisetopsida,Magnoliales,Annonaceae,"Guatteria meliodora"
Equisetopsida,Magnoliales,Annonaceae,"Guatteria punctata"
Equisetopsida,Magnoliales,Annonaceae,"Guatteria ramiflora"
Equisetopsida,Magnoliales,Annonaceae,"Guatteria schomburgkiana"
Equisetopsida,Lamiales,Bignoniaceae,"Pachyptera kerere"
Actinopterygii,Perciformes,Sciaenidae,"Pachypops fourcroi"
Equisetopsida,Gentianales,Rubiaceae,"Appunia odontocalyx"
Equisetopsida,Magnoliales,Annonaceae,"Guatteria scytophylla"
Insecta,Lepidoptera,Hesperiidae,"Pachyneuria lineatopunctata lineatopunctata"
Insecta,Lepidoptera,Hesperiidae,"Pachyneuria herophile"
Equisetopsida,Laurales,Lauraceae,"Ocotea puberula"
Equisetopsida,Magnoliales,Annonaceae,"Guatteria ucayalina"
Insecta,Lepidoptera,Sphingidae,"Pachyliodes resumens"
Equisetopsida,Malvales,Malvaceae,"Guazuma crinita"
Insecta,Odonata,Coenagrionidae,"Metaleptobasis manicaria"
Equisetopsida,Laurales,Lauraceae,"Ocotea rhodophylla"
Equisetopsida,Laurales,Lauraceae,"Ocotea rubrinervis"
Equisetopsida,Laurales,Siparunaceae,"Siparuna subinodora"
Equisetopsida,Malvales,Malvaceae,"Guazuma ulmifolia"
Equisetopsida,Malvales,Malvaceae,"Pachira insignis"
Equisetopsida,Cucurbitales,Cucurbitaceae,"Gurania acuminata"
Insecta,Lepidoptera,Hesperiidae,"Paches exosa"
Equisetopsida,Cucurbitales,Cucurbitaceae,"Gurania lobata"
Actinopterygii,Characiformes,Characidae,"Moenkhausia dichroura"
Equisetopsida,Cucurbitales,Cucurbitaceae,"Gurania sinuata"
Insecta,Lepidoptera,Nymphalidae,"Metamorpha elissa elissa"
Equisetopsida,Fabales,Fabaceae,"Apuleia leiocarpa"
Equisetopsida,Ericales,Lecythidaceae,"Gustavia augusta"
Insecta,Lepidoptera,Saturniidae,"Oxytenis naemia naemia"
Equisetopsida,Fabales,Fabaceae,"Hydrochorea corymbosa"
Insecta,Coleoptera,Scarabaeidae,"Oxysternon conspicillatum"
Aves,Passeriformes,Oxyruncidae,"Oxyruncus cristatus"
Actinopterygii,Characiformes,Characidae,"Gymnocorymbus ternetzi"
Equisetopsida,Laurales,Siparunaceae,"Siparuna sessiliflora"
Mammalia,Rodentia,Caviidae,"Hydrochoerus hydrochaeris"
Actinopterygii,Characiformes,Characidae,"Gymnocorymbus thayeri"
Aves,Passeriformes,Cotingidae,"Gymnoderus foetidus"
Actinopterygii,Gymnotiformes,Rhamphichthyidae,"Gymnorhamphichthys hypostomus"
Insecta,Lepidoptera,Hesperiidae,"Oxynthes corusca"
Actinopterygii,Gymnotiformes,Gymnotidae,"Gymnotus carapo"
Aves,Passeriformes,Icteridae,"Agelasticus xanthophthalmus"
Insecta,Coleoptera,Carabidae,"Oxychila strandi"
Insecta,Coleoptera,Carabidae,"Oxychila germaini"
Actinopterygii,Gymnotiformes,Gymnotidae,"Gymnotus coropinae"
Insecta,Odonata,Aeshnidae,"Gynacantha auricularis"
Insecta,Odonata,Aeshnidae,"Gynacantha gracilis"
Insecta,Odonata,Aeshnidae,"Gynacantha interioris"
Insecta,Odonata,Aeshnidae,"Gynacantha klagesi"
Insecta,Odonata,Aeshnidae,"Gynacantha membranalis"
Equisetopsida,Magnoliales,Annonaceae,"Oxandra xylopioides"
Insecta,Odonata,Aeshnidae,"Gynacantha mexicana"
Insecta,Odonata,Aeshnidae,"Gynacantha nervosa"
Insecta,Odonata,Aeshnidae,"Gynacantha tenuis"
Aves,Passeriformes,Thraupidae,"Sporophila bouvronides"
Equisetopsida,Magnoliales,Annonaceae,"Oxandra riedeliana"
Equisetopsida,Magnoliales,Annonaceae,"Oxandra polyantha"
Equisetopsida,Magnoliales,Annonaceae,"Oxandra mediocris"
Actinopterygii,Siluriformes,Auchenipteridae,"Ageneiosus brevifilis"
Equisetopsida,Magnoliales,Annonaceae,"Oxandra espintana"
Insecta,Lepidoptera,Erebidae,"Hyda basilutea"
Equisetopsida,Asparagales,Orchidaceae,"Habenaria sartor"
Aves,Passeriformes,Cardinalidae,"Habia rubica"
Mammalia,Rodentia,Sciuridae,"Hadrosciurus ignitus"
Insecta,Lepidoptera,Hesperiidae,"Hyalothyrus leucomelas"
Mammalia,Rodentia,Sciuridae,"Hadrosciurus spadiceus"
Insecta,Lepidoptera,Hesperiidae,"Haemactis sanguinalis"
Insecta,Lepidoptera,Erebidae,"Haematerion ceres"
Insecta,Lepidoptera,Erebidae,"Haematerion flavicincta"
Equisetopsida,Malpighiales,Ochnaceae,"Ouratea williamsii"
Insecta,Lepidoptera,Erebidae,"Haematerion ophion"
Insecta,Lepidoptera,Erebidae,"Hyaleucerea vulnerata"
Actinopterygii,Siluriformes,Auchenipteridae,"Ageneiosus ucayalensis"
Insecta,Lepidoptera,Erebidae,"Hyaleucerea lemoulti"
Equisetopsida,Gentianales,Apocynaceae,"Odontadenia anomala"
Aves,Psittaciformes,Psittacidae,"Ara ararauna"
Equisetopsida,Malpighiales,Ochnaceae,"Ouratea iquitosensis"
Equisetopsida,Laurales,Siparunaceae,"Siparuna guianensis"
Insecta,Lepidoptera,Erebidae,"Hyaleucerea gigantea"
Equisetopsida,Gentianales,Apocynaceae,"Odontadenia laxiflora"
Insecta,Lepidoptera,Erebidae,"Hyaleucerea fusiformis"
Insecta,Lepidoptera,Erebidae,"Hyaleucerea erythrotelus"
Aves,Psittaciformes,Psittacidae,"Ara chloropterus"
Equisetopsida,Malpighiales,Euphorbiaceae,"Hura crepitans"
Equisetopsida,Malpighiales,Ochnaceae,"Ouratea castaneifolia"
Aves,Passeriformes,Thamnophilidae,"Akletos goeldii"
Insecta,Lepidoptera,Hesperiidae,"Ouleus juxta juxta"
Insecta,Lepidoptera,Hesperiidae,"Ouleus accedens noctis"
Actinopterygii,Siluriformes,Loricariidae,"Otocinclus vittatus"
Actinopterygii,Siluriformes,Loricariidae,"Otocinclus cocama"
Insecta,Lepidoptera,Nymphalidae,"Haetera piera pakitza"
Aves,Passeriformes,Thamnophilidae,"Hafferia fortis"
Equisetopsida,Magnoliales,Myristicaceae,"Otoba parvifolia"
Insecta,Lepidoptera,Saturniidae,"Othorene purpurascens"
Insecta,Lepidoptera,Saturniidae,"Othorene bodeva"
Insecta,Lepidoptera,Nymphalidae,"Hamadryas amphinome amphinome"
Insecta,Lepidoptera,Nymphalidae,"Hamadryas chloe chloe"
Insecta,Lepidoptera,Erebidae,"Metastatia chrysorrhoea"
Insecta,Lepidoptera,Nymphalidae,"Hamadryas iphthime iphthime"
Insecta,Lepidoptera,Nymphalidae,"Hamadryas laodamia laodamia"
Equisetopsida,Laurales,Siparunaceae,"Siparuna decipiens"
Insecta,Coleoptera,Carabidae,"Odontocheila annulicornis"
Insecta,Coleoptera,Carabidae,"Odontocheila cayennensis rufipes"
Insecta,Coleoptera,Carabidae,"Odontocheila chrysis"
Insecta,Coleoptera,Carabidae,"Odontocheila confusa"
Insecta,Coleoptera,Carabidae,"Odontocheila cyanella"
Insecta,Coleoptera,Carabidae,"Odontocheila ignita"
Insecta,Coleoptera,Carabidae,"Odontocheila luridipes"
Insecta,Coleoptera,Carabidae,"Odontocheila margineguttata aegra"
Insecta,Coleoptera,Carabidae,"Odontocheila ventralis"
Equisetopsida,Gentianales,Rubiaceae,"Hamelia axillaris"
Equisetopsida,Malpighiales,Humiriaceae,"Humiriastrum excelsum"
Actinopterygii,Cyprinodontiformes,Rivulidae,"Moema ortegai"
Equisetopsida,Lamiales,Bignoniaceae,"Handroanthus capitatus"
Equisetopsida,Magnoliales,Myristicaceae,"Osteophloeum platyspermum"
Equisetopsida,Lamiales,Bignoniaceae,"Handroanthus incanus"
Equisetopsida,Malpighiales,Calophyllaceae,"Marila laxiflora"
Equisetopsida,Lamiales,Bignoniaceae,"Handroanthus serratifolius"
Aves,Psittaciformes,Psittacidae,"Ara macao"
Insecta,Lepidoptera,Hesperiidae,"Hansa devergens devergens"
Equisetopsida,Laurales,Siparunaceae,"Siparuna cuspidata"
Insecta,Hymenoptera,Ichneumonidae,"Hapsinotus guntheri"
Equisetopsida,Malvales,Malvaceae,"Huberodendron swietenioides"
Insecta,Hymenoptera,Ichneumonidae,"Hapsinotus killa"
Insecta,Lepidoptera,Nymphalidae,"Harjesia blanda"
Insecta,Lepidoptera,Nymphalidae,"Harjesia obscura"
Insecta,Lepidoptera,Nymphalidae,"Harjesia oreba"
Equisetopsida,Fabales,Fabaceae,"Harleyodendron unifoliolatum"
Aves,Accipitriformes,Accipitridae,"Harpagus bidentatus"
Aves,Gruiformes,Rallidae,"Aramides cajaneus"
Mammalia,Chiroptera,Phyllostomidae,"Hsunycteris thomasi"
Aves,Accipitriformes,Accipitridae,"Harpia harpyja"
Equisetopsida,Fabales,Fabaceae,"Osodendron altissimum"
Equisetopsida,Laurales,Siparunaceae,"Siparuna cristata"
Equisetopsida,Malpighiales,Salicaceae,"Hasseltia floribunda"
Insecta,Lepidoptera,Erebidae,"Osmocneme bracata"
Equisetopsida,Solanales,Solanaceae,"Hawkesiophyton ulei"
Equisetopsida,Caryophyllales,Amaranthaceae,"Hebanthe grandiflora"
Equisetopsida,Malpighiales,Linaceae,"Hebepetalum humiriifolium"
Insecta,Lepidoptera,Nymphalidae,"Ortilia gentina"
Equisetopsida,Zingiberales,Zingiberaceae,"Hedychium coronarium"
Insecta,Lepidoptera,Hesperiidae,"Orthos trinca"
Equisetopsida,Laurales,Siparunaceae,"Siparuna cervicornis"
Actinopterygii,Characiformes,Erythrinidae,"Hoplias malabaricus"
Insecta,Lepidoptera,Hesperiidae,"Orthos potesta"
Insecta,Lepidoptera,Hesperiidae,"Orthos orthos orthos"
Equisetopsida,Laurales,Siparunaceae,"Siparuna bifida"
Equisetopsida,Sapindales,Simaroubaceae,"Homalolepis paraensis"
Equisetopsida,Malpighiales,Salicaceae,"Homalium guianense"
Insecta,Diptera,Asilidae,"Holcocephala rufithorax"
Insecta,Diptera,Asilidae,"Holcocephala oculata"
Aves,Psittaciformes,Psittacidae,"Orthopsittaca manilatus"
Aves,Galliformes,Odontophoridae,"Odontophorus stellatus"
Equisetopsida,Santalales,Olacaceae,"Heisteria acuminata"
Insecta,Diptera,Asilidae,"Holcocephala luteipes"
Equisetopsida,Poales,Poaceae,"Orthoclada laxa"
Equisetopsida,Santalales,Olacaceae,"Heisteria duckei"
Insecta,Odonata,Libellulidae,"Orthemis regalis"
Insecta,Odonata,Libellulidae,"Orthemis ferruginea"
Insecta,Odonata,Libellulidae,"Orthemis cultriformis"
Insecta,Odonata,Libellulidae,"Orthemis concolor"
Insecta,Odonata,Libellulidae,"Orthemis biolleyi"
Insecta,Odonata,Libellulidae,"Orthemis aequilibris"
Equisetopsida,Santalales,Olacaceae,"Heisteria nitida"
Equisetopsida,Santalales,Olacaceae,"Heisteria ovata"
Equisetopsida,Santalales,Olacaceae,"Heisteria spruceana"
Equisetopsida,Gentianales,Gentianaceae,"Helia alata"
Aves,Galliformes,Cracidae,"Ortalis guttata"
Insecta,Lepidoptera,Hesperiidae,"Helias phalaenoides phalaenoides"
Aves,Accipitriformes,Accipitridae,"Helicolestes hamatus"
Actinopterygii,Characiformes,Characidae,"Odontostilbe fugitiva"
Equisetopsida,Zingiberales,Heliconiaceae,"Heliconia acuminata subsp. Immaculata"
Insecta,Lepidoptera,Hesperiidae,"Orses cynisca"
Insecta,Lepidoptera,Hesperiidae,"Orphe vatinius"
Insecta,Lepidoptera,Hesperiidae,"Orphe gerasa"
Insecta,Lepidoptera,Nymphalidae,"Historis odius dious"
Insecta,Lepidoptera,Nymphalidae,"Historis acheronta acheronta"
Equisetopsida,Zingiberales,Heliconiaceae,"Heliconia episcopalis"
Equisetopsida,Zingiberales,Heliconiaceae,"Heliconia marginata"
Insecta,Lepidoptera,Erebidae,"Histioca proserpína"
Equisetopsida,Zingiberales,Heliconiaceae,"Heliconia metallica"
Equisetopsida,Zingiberales,Heliconiaceae,"Heliconia schumanniana"
Aves,Passeriformes,Hirundinidae,"Hirundo rustica"
Aves,Gruiformes,Aramidae,"Aramus guarauna"
Equisetopsida,Zingiberales,Heliconiaceae,"Heliconia spatho-circinata"
Equisetopsida,Laurales,Siparunaceae,"Siparuna aspera"
Equisetopsida,Zingiberales,Heliconiaceae,"Heliconia stricta"
Mammalia,Rodentia,Cricetidae,"Oecomys bicolor"
Equisetopsida,Asparagales,Orchidaceae,"Ornithocephalus bicornis"
Aves,Passeriformes,Tyrannidae,"Ornithion inerme"
Aves,Psittaciformes,Psittacidae,"Ara severus"
Insecta,Lepidoptera,Nymphalidae,"Heliconius burneyi keonigi"
Insecta,Lepidoptera,Nymphalidae,"Heliconius demeter tambopata"
Aves,Psittaciformes,Psittacidae,"Aratinga weddellii"
Insecta,Lepidoptera,Nymphalidae,"Heliconius elevatus lapis"
Insecta,Lepidoptera,Nymphalidae,"Heliconius erato luscombei"
Insecta,Lepidoptera,Nymphalidae,"Heliconius hecale sisyphus"
Insecta,Lepidoptera,Nymphalidae,"Heliconius leucadia"
Insecta,Lepidoptera,Nymphalidae,"Heliconius melpomene schunkei"
Insecta,Lepidoptera,Nymphalidae,"Heliconius numata lyrcaeus"
Equisetopsida,Fabales,Fabaceae,"Ormosia panamensis"
Insecta,Lepidoptera,Nymphalidae,"Heliconius pardalinus macon"
Insecta,Lepidoptera,Nymphalidae,"Heliconius sara thamar"
Insecta,Lepidoptera,Nymphalidae,"Heliconius wallacei flavescens"
Equisetopsida,Malpighiales,Chrysobalanaceae,"Hirtella triandra subsp. triandra"
Equisetopsida,Malpighiales,Chrysobalanaceae,"Hirtella triandra"
Insecta,Lepidoptera,Nymphalidae,"Heliconius xanthocles quindecim"
Equisetopsida,Malvales,Muntingiaceae,"Muntingia calabura"
Insecta,Lepidoptera,Lycaenidae,"Arawacus separata"
Equisetopsida,Fabales,Fabaceae,"Ormosia bopiensis"
Equisetopsida,Fabales,Fabaceae,"Ormosia amazonica"
Insecta,Lepidoptera,Lycaenidae,"Arcas imperialis"
Equisetopsida,Malpighiales,Chrysobalanaceae,"Hirtella racemosa var. racemosa"
Equisetopsida,Malpighiales,Chrysobalanaceae,"Hirtella racemosa"
Equisetopsida,Rosales,Moraceae,"Helicostylis tomentosa"
Equisetopsida,Malvales,Malvaceae,"Heliocarpus americanus"
Equisetopsida,Malpighiales,Chrysobalanaceae,"Hirtella pilosissima"
Insecta,Lepidoptera,Lycaenidae,"Arcas tuneta"
Equisetopsida,Malpighiales,Chrysobalanaceae,"Hirtella hispidula"
Insecta,Lepidoptera,Nymphalidae,"Archaeoprepona amphimachus symaithus"
Equisetopsida,Arecales,Arecaceae,"Oenocarpus bataua"
Equisetopsida,Malpighiales,Phyllanthaceae,"Margaritaria nobilis"
Equisetopsida,Malpighiales,Chrysobalanaceae,"Hirtella gracilipes"
Equisetopsida,Malpighiales,Chrysobalanaceae,"Hirtella excelsa"
Insecta,Lepidoptera,Nymphalidae,"Archaeoprepona demophon andicola"
Insecta,Odonata,Dicteriastidae,"Heliocharis libera"
Equisetopsida,Malpighiales,Chrysobalanaceae,"Hirtella bullata"
Aves,Apodiformes,Trochilidae,"Heliodoxa aurescens"
Equisetopsida,Malpighiales,Malpighiaceae,"Hiraea fagifolia"
Equisetopsida,Arecales,Arecaceae,"Oenocarpus mapora"
Equisetopsida,Laurales,Lauraceae,"Aiouea montana"
Insecta,Lepidoptera,Nymphalidae,"Archaeoprepona demophon muson"
Aves,Anseriformes,Anatidae,"Oressochen jubatus"
Aves,Apodiformes,Trochilidae,"Heliomaster longirostris"
Aves,Gruiformes,Heliornithidae,"Heliornis fulica"
Aves,Apodiformes,Trochilidae,"Heliothryx auritus"
Equisetopsida,Boraginales,Heliotropiaceae,"Heliotropium angustiflorum"
Insecta,Lepidoptera,Erebidae,"Heliura cadroe"
Insecta,Lepidoptera,Erebidae,"Heliura maricum"
Insecta,Lepidoptera,Erebidae,"Heliura phaeosoma"
Equisetopsida,Celastrales,Celastraceae,"Hippocratea volubilis"
Insecta,Lepidoptera,Erebidae,"Heliura postcoeruleum"
Insecta,Lepidoptera,Nymphalidae,"Archaeoprepona licomedes"
Insecta,Lepidoptera,Erebidae,"Heliura rhodophila"
Insecta,Lepidoptera,Erebidae,"Heliura semihyalina"
Insecta,Lepidoptera,Erebidae,"Heliura stolli"
Insecta,Lepidoptera,Erebidae,"Heliura valdiviai"
Insecta,Lepidoptera,Erebidae,"Heliura zonata"
Actinopterygii,Siluriformes,Cetopsidae,"Helogenes marmoratus"
Actinopterygii,Characiformes,Characidae,"Hemigrammus unilineatus"
Insecta,Lepidoptera,Erebidae,"Orcynia calcarata"
Aves,Passeriformes,Thraupidae,"Sporophila angolensis"
Insecta,Lepidoptera,Nymphalidae,"Opsiphanes quiteria quaestor"
Aves,Passeriformes,Thraupidae,"Hemithraupis flavicollis"
Insecta,Lepidoptera,Nymphalidae,"Opsiphanes invirae amplificatus"
Insecta,Lepidoptera,Nymphalidae,"Opsiphanes cassiae crameri"
Aves,Passeriformes,Parulidae,"Oporornis agilis"
Aves,Passeriformes,Thraupidae,"Hemithraupis guira"
Insecta,Lepidoptera,Nymphalidae,"Opoptera aorsa hilara"
Aves,Passeriformes,Tyrannidae,"Hemitriccus flammulatus"
Equisetopsida,Asparagales,Amaryllidaceae,"Hippeastrum puniceum"
Aves,Opisthocomiformes,Opisthocomidae,"Opisthocomus hoazin"
Insecta,Diptera,Asilidae,"Oidardis gibbosa"
Aves,Passeriformes,Tyrannidae,"Hemitriccus griseipectus"
Insecta,Lepidoptera,Hesperiidae,"Oileides azines"
Aves,Passeriformes,Tyrannidae,"Hemitriccus iohannis"
Aves,Passeriformes,Tyrannidae,"Hemitriccus rufigularis"
Aves,Passeriformes,Tyrannidae,"Hemitriccus striaticollis"
Aves,Passeriformes,Tyrannidae,"Hemitriccus zosterops"
Insecta,Lepidoptera,Nymphalidae,"Archaeoprepona meander megabates"
Equisetopsida,Myrtales,Melastomataceae,"Henriettea fascicularis"
Insecta,Lepidoptera,Papilionidae,"Heraclides anchisiades anchisiades"
Equisetopsida,Gentianales,Apocynaceae,"Himatanthus sucuuba"
Equisetopsida,Gentianales,Rubiaceae,"Oldenlandia lancifolia"
Insecta,Lepidoptera,Papilionidae,"Heraclides androgeus androgeus"
Equisetopsida,Gentianales,Apocynaceae,"Himatanthus articulatus"
Insecta,Lepidoptera,Papilionidae,"Heraclides chiansiades chiansiades"
Insecta,Lepidoptera,Papilionidae,"Heraclides thoas cinyras"
Insecta,Lepidoptera,Papilionidae,"Heraclides torquatus torquatus"
Insecta,Lepidoptera,Erebidae,"Herea prittwitzi"
Insecta,Lepidoptera,Nymphalidae,"Hermeuptychia hermes"
Equisetopsida,Sapindales,Simaroubaceae,"Simarouba amara"
Aves,Passeriformes,Onychorhynchidae,"Onychorhynchus coronatus"
Aves,Falconiformes,Falconidae,"Herpetotheres cachinnans"
Equisetopsida,Magnoliales,Annonaceae,"Onychopetalum periquino"
Insecta,Coleoptera,Scarabaeidae,"Onthophagus haematopus"
Aves,Passeriformes,Thamnophilidae,"Herpsilochmus frater"
Insecta,Lepidoptera,Nymphalidae,"Oleria didymaea didymaea"
Insecta,Lepidoptera,Hesperiidae,"Onophas columbaria flossites"
Aves,Passeriformes,Thamnophilidae,"Oneillornis salvini"
Equisetopsida,Malvales,Malvaceae,"Herrania nitida"
Equisetopsida,Sapindales,Simaroubaceae,"Simaba polyphylla"
Insecta,Odonata,Calopterygidae,"Hetaerina papavarina"
Insecta,Odonata,Calopterygidae,"Hetaerina rosea"
Insecta,Lepidoptera,Erebidae,"Heterodontia cardinale"
Insecta,Lepidoptera,Erebidae,"Heterodontia haematica"
Insecta,Lepidoptera,Erebidae,"Heterodontia mediana"
Insecta,Lepidoptera,Nymphalidae,"Oleria onega lentita"
Aves,Pelecaniformes,Ardeidae,"Ardea alba"
Equisetopsida,Alismatales,Araceae,"Heteropsis flexuosa"
Equisetopsida,Alismatales,Araceae,"Heteropsis oblongifolia"
Equisetopsida,Malpighiales,Malpighiaceae,"Heteropterys cristata"
Insecta,Lepidoptera,Nymphalidae,"Oleria ramona calatha"
Equisetopsida,Malpighiales,Euphorbiaceae,"Omphalea diandra"
Insecta,Lepidoptera,Nymphalidae,"Oleria victorine victorine"
Insecta,Lepidoptera,Nymphalidae,"Heterosais nephele nephele"
Insecta,Lepidoptera,Hesperiidae,"Methionopsis dolor"
Insecta,Odonata,Libellulidae,"Oligoclada pachystigma"
Insecta,Odonata,Libellulidae,"Oligoclada stenoptera"
Equisetopsida,Malpighiales,Euphorbiaceae,"Hevea brasiliensis"
Equisetopsida,Poales,Poaceae,"Olyra latifolia"
Equisetopsida,Malpighiales,Euphorbiaceae,"Hevea guianensis"
Equisetopsida,Poales,Poaceae,"Olyra caudata"
Insecta,Lepidoptera,Lycaenidae,"Olynthus obsoleta"
Equisetopsida,Malvales,Malvaceae,"Hibiscus sororius"
Equisetopsida,Malpighiales,Phyllanthaceae,"Hieronyma alchorneoides"
Mammalia,Rodentia,Cricetidae,"Oligoryzomys microtis"
Equisetopsida,Malpighiales,Phyllanthaceae,"Hieronyma oblonga"
Insecta,Lepidoptera,Lycaenidae,"Siderus parvinotus"
Insecta,Lepidoptera,Lycaenidae,"Siderus metanira"
Insecta,Lepidoptera,Lycaenidae,"Siderus leucophaeus"
Insecta,Lepidoptera,Lycaenidae,"Siderus athymbra"
Insecta,Lepidoptera,Nymphalidae,"Siderone galanthis thehais"
Aves,Pelecaniformes,Ardeidae,"Ardea cocoi"
Equisetopsida,Ericales,Primulaceae,"Ardisia guianensis"
Equisetopsida,Ericales,Primulaceae,"Ardisia guyanensis"
Insecta,Odonata,Coenagrionidae,"Argentagrion nepos"
Insecta,Lepidoptera,Hesperiidae,"Methionopsis ina"
Insecta,Lepidoptera,Nymphalidae,"Methona confua psamathe"
Equisetopsida,Ericales,Marcgraviaceae,"Marcgravia crenata"
Insecta,Odonata,Coenagrionidae,"Argia mollusca"
Insecta,Odonata,Coenagrionidae,"Argia oculata"
Equisetopsida,Piperales,Aristolochiaceae,"Aristolochia pilosa"
Insecta,Lepidoptera,Nymphalidae,"Methona curvifascia"
Insecta,Odonata,Calopterygidae,"Mnesarete cupraea"
Insecta,Lepidoptera,Hesperiidae,"Arita arita"
Insecta,Lepidoptera,Hesperiidae,"Aroma aroma"
Aves,Passeriformes,Parulidae,"Setophaga striata"
Aves,Passeriformes,Parulidae,"Setophaga pitiayumi"
Aves,Passeriformes,Passerellidae,"Arremon taciturnus"
Equisetopsida,Rosales,Moraceae,"Maquira guianensis"
Insecta,Lepidoptera,Saturniidae,"Arsenura albopicta"
Insecta,Lepidoptera,Saturniidae,"Arsenura batesii batesii"
Insecta,Lepidoptera,Saturniidae,"Arsenura ciocolatina"
Mammalia,Chiroptera,Phyllostomidae,"Artibeus aequatorialis"
Aves,Caprimulgiformes,Caprimulgidae,"Setopagis parvula"
Mammalia,Chiroptera,Phyllostomidae,"Artibeus anderseni"
Equisetopsida,Rosales,Moraceae,"Maquira coriacea"
Equisetopsida,Rosales,Moraceae,"Maquira calophylla"
Insecta,Odonata,Calopterygidae,"Mnesarete aenea"
Equisetopsida,Poales,Poaceae,"Setaria parviflora"
Insecta,Lepidoptera,Riodinidae,"Setabis velutina"
Insecta,Lepidoptera,Riodinidae,"Setabis pythioides"
Insecta,Lepidoptera,Riodinidae,"Setabis flammula"
Insecta,Lepidoptera,Riodinidae,"Setabis epitus epiphanis"
Insecta,Lepidoptera,Riodinidae,"Setabis cruentata"
Mammalia,Chiroptera,Phyllostomidae,"Artibeus lituratus"
Insecta,Lepidoptera,Hesperiidae,"Mnasitheus chrysophrys"
Insecta,Lepidoptera,Erebidae,"Sesiura smaragdina"
Mammalia,Chiroptera,Phyllostomidae,"Artibeus obscurus"
Equisetopsida,Lamiales,Bignoniaceae,"Mansoa verrucifera"
Insecta,Lepidoptera,Hesperiidae,"Mnasilus allubita"
Insecta,Lepidoptera,Hesperiidae,"Artines focus"
Insecta,Lepidoptera,Hesperiidae,"Mnaseas bicolor inca"
Equisetopsida,Lamiales,Bignoniaceae,"Mansoa standleyi"
Insecta,Lepidoptera,Hesperiidae,"Artines trogon"
Equisetopsida,Lamiales,Bignoniaceae,"Mansoa parvifolia"
Actinopterygii,Characiformes,Characidae,"Serrapinnus piaba"
Equisetopsida,Lamiales,Bignoniaceae,"Mansoa alliacea"
Insecta,Lepidoptera,Pieridae,"Ascia monuste automate"
Actinopterygii,Characiformes,Characidae,"Serrapinnus heterodon"
Equisetopsida,Ericales,Sapotaceae,"Manilkara inundata"
Equisetopsida,Ericales,Sapotaceae,"Manilkara bidentata subsp. Surinamensis"
Equisetopsida,Ericales,Sapotaceae,"Manilkara bidentata"
Aves,Strigiformes,Strigidae,"Asio clamator"
Equisetopsida,Gentianales,Apocynaceae,"Aspidosperma desmanthum"
Aves,Galliformes,Cracidae,"Mitu tuberosum"
Equisetopsida,Gentianales,Apocynaceae,"Aspidosperma excelsum"
Equisetopsida,Gentianales,Apocynaceae,"Aspidosperma macrocarpon"
Equisetopsida,Gentianales,Apocynaceae,"Aspidosperma parvifolium"
Equisetopsida,Gentianales,Apocynaceae,"Aspidosperma rigidum"
Equisetopsida,Gentianales,Apocynaceae,"Aspidosperma spruceanum"
Equisetopsida,Gentianales,Apocynaceae,"Aspidosperma subincanum"
Insecta,Lepidoptera,Hesperiidae,"Aspitha agenoria sanies"
Equisetopsida,Polypodiales,Aspleniaceae,"Asplenium cirrhatum"
Equisetopsida,Polypodiales,Aspleniaceae,"Asplenium pearcei"
Equisetopsida,Polypodiales,Aspleniaceae,"Asplenium radicans"
Equisetopsida,Sapindales,Sapindaceae,"Serjania paucidentata"
Equisetopsida,Polypodiales,Aspleniaceae,"Asplenium serratum"
Equisetopsida,Sapindales,Sapindaceae,"Serjania nutans"
Equisetopsida,Pandanales,Cyclanthaceae,"Asplundia ecuadoriensis"
Equisetopsida,Sapindales,Sapindaceae,"Serjania inscripta"
Equisetopsida,Pandanales,Cyclanthaceae,"Asplundia gamotepala"
Aves,Passeriformes,Tyrannidae,"Megarynchus pitangua"
Equisetopsida,Sapindales,Sapindaceae,"Serjania glabrata"
Equisetopsida,Pandanales,Cyclanthaceae,"Asplundia peruviana"
Insecta,Lepidoptera,Nymphalidae,"Asterope markii hewitsoni"
Insecta,Hymenoptera,Formicidae,"Sericomyrmex saramama"
Equisetopsida,Sapindales,Rutaceae,"Metrodorea flavida"
Insecta,Hymenoptera,Formicidae,"Sericomyrmex parvulus"
Insecta,Hymenoptera,Formicidae,"Sericomyrmex mayri"
Insecta,Diptera,Asilidae,"Senobasis notata"
Insecta,Diptera,Asilidae,"Senobasis mendax"
Insecta,Diptera,Asilidae,"Senobasis analis"
Equisetopsida,Fabales,Fabaceae,"Senna spinescens"
Equisetopsida,Fabales,Fabaceae,"Senna reticulata"
Equisetopsida,Malpighiales,Euphorbiaceae,"Acalypha diversifolia"
Equisetopsida,Malvales,Malvaceae,"Sterculia apetala"
Insecta,Lepidoptera,Sphingidae,"Manduca rustica rustica"
Equisetopsida,Fabales,Fabaceae,"Senna occidentalis"
Equisetopsida,Fabales,Fabaceae,"Senna multijuga"
Equisetopsida,Fabales,Fabaceae,"Senna herzogii"
Equisetopsida,Fabales,Fabaceae,"Senna birostris"
Insecta,Lepidoptera,Saturniidae,"Asthenidia buckleyi buckleyi"
Equisetopsida,Fabales,Fabaceae,"Senegalia polyphylla"
Equisetopsida,Fabales,Fabaceae,"Senegalia paniculata"
Equisetopsida,Fabales,Fabaceae,"Senegalia loretensis"
Equisetopsida,Fabales,Fabaceae,"Senegalia huberi"
Equisetopsida,Fabales,Fabaceae,"Senegalia hayesii"
Equisetopsida,Fabales,Fabaceae,"Senegalia altiscandens"
Insecta,Lepidoptera,Hesperiidae,"Astraptes alector hopfferi"
Insecta,Lepidoptera,Hesperiidae,"Astraptes aulus"
Insecta,Lepidoptera,Hesperiidae,"Astraptes cretatus cretatus"
Insecta,Lepidoptera,Hesperiidae,"Astraptes creteus creteus"
Insecta,Lepidoptera,Hesperiidae,"Astraptes enotrus"
Insecta,Lepidoptera,Hesperiidae,"Astraptes fulgerator fulgerator"
Aves,Gruiformes,Rallidae,"Mustelirallus erythrops"
Insecta,Lepidoptera,Hesperiidae,"Astraptes janeira"
Insecta,Lepidoptera,Hesperiidae,"Astraptes talus"
Equisetopsida,Arecales,Arecaceae,"Astrocaryum chonta"
Equisetopsida,Arecales,Arecaceae,"Astrocaryum gratum"
Equisetopsida,Arecales,Arecaceae,"Astrocaryum murumuru"
Equisetopsida,Sapindales,Anacardiaceae,"Astronium graveolens"
Insecta,Lepidoptera,Nymphalidae,"Manataria hercyna hymethia"
Equisetopsida,Sapindales,Anacardiaceae,"Astronium lecointei"
Actinopterygii,Characiformes,Characidae,"Astyanax abramis"
Actinopterygii,Characiformes,Characidae,"Astyanax bimaculatus"
Actinopterygii,Characiformes,Characidae,"Astyanax fasciatus"
Insecta,Lepidoptera,Hesperiidae,"Metron leucogaster ambrosei"
Mammalia,Primates,Atelidae,"Ateles belzebuth"
Mammalia,Primates,Atelidae,"Ateles chamek"
Mammalia,Carnivora,Canidae,"Atelocynus microtis"
Insecta,Lepidoptera,Erebidae,"Athyphopsis tambopata"
Insecta,Lepidoptera,Nymphalidae,"Athyrtis mechanitis salvini"
Insecta,Diptera,Asilidae,"Atoniomyia mollis"
Insecta,Diptera,Asilidae,"Atoniomyia scalarata"
Insecta,Lepidoptera,Riodinidae,"Semomesia tenella tenella"
Insecta,Lepidoptera,Riodinidae,"Semomesia macaris"
Insecta,Lepidoptera,Riodinidae,"Semomesia croesus siccata"
Equisetopsida,Malpighiales,Malpighiaceae,"Mezia includens"
Equisetopsida,Malvales,Malvaceae,"Sterculia apeibophylla"
Equisetopsida,Cucurbitales,Cucurbitaceae,"Selysia prunifera"
Insecta,Hymenoptera,Formicidae,"Atta cephalotes"
Equisetopsida,Laurales,Lauraceae,"Mezilaurus subcordata"
Aves,Coraciiformes,Momotidae,"Momotus momota"
Equisetopsida,Magnoliales,Annonaceae,"Malmea dielsiana"
Insecta,Lepidoptera,Nymphalidae,"Selenophanes cassiope mapiriensis"
Equisetopsida,Arecales,Arecaceae,"Attalea butyracea"
Equisetopsida,Arecales,Arecaceae,"Attalea cephalotus"
Insecta,Diptera,Asilidae,"Mallophora robusta"
Aves,Piciformes,Ramphastidae,"Selenidera reinwardtii"
Insecta,Diptera,Asilidae,"Mallophora minos"
Equisetopsida,Arecales,Arecaceae,"Attalea maripa"
Insecta,Diptera,Asilidae,"Mallophora incanipes"
Insecta,Hymenoptera,Formicidae,"Mycetophylax faunulus"
Insecta,Diptera,Asilidae,"Mallophora clavipes"
Insecta,Hymenoptera,Formicidae,"Atta sexdens"
Insecta,Diptera,Asilidae,"Mallophora barbipes"
Aves,Passeriformes,Hirundinidae,"Atticora fasciata"
Aves,Passeriformes,Hirundinidae,"Atticora tibialis"
Aves,Passeriformes,Tyrannidae,"Attila bolivianus"
Aves,Passeriformes,Tyrannidae,"Attila cinnamomeus"
Equisetopsida,Selaginellales,Selaginellaceae,"Selaginella haematodes"
Aves,Passeriformes,Tyrannidae,"Attila spadiceus"
Aves,Ciconiiformes,Ciconiidae,"Mycteria americana"
Equisetopsida,Malpighiales,Euphorbiaceae,"Acalypha stachyura"
Insecta,Lepidoptera,Lycaenidae,"Aubergina alda"
Insecta,Odonata,Libellulidae,"Miathyria simplex"
Aves,Piciformes,Ramphastidae,"Aulacorhynchus albivitta"
Mammalia,Didelphimorphia,Didelphidae,"Monodelphis (Mygalodelphys) adusta"
Equisetopsida,Caryophyllales,Petiveriaceae,"Seguieria americana"
Equisetopsida,Malpighiales,Euphorbiaceae,"Acalypha stricta"
Insecta,Lepidoptera,Erebidae,"Autochloris completa"
Insecta,Lepidoptera,Erebidae,"Autochloris ethela"
Insecta,Lepidoptera,Hesperiidae,"Autochton longipennis"
Insecta,Lepidoptera,Hesperiidae,"Autochton neis"
Aves,Passeriformes,Rhinocryptidae,"Scytalopus simonsi"
Aves,Galbuliformes,Bucconidae,"Malacoptila semicincta"
Insecta,Lepidoptera,Hesperiidae,"Autochton zarex"
Insecta,Lepidoptera,Saturniidae,"Automerina (Automerula) auletes"
Insecta,Lepidoptera,Saturniidae,"Automeris annulata atrolimbata"
Insecta,Lepidoptera,Saturniidae,"Automeris cinctistriga"
Insecta,Lepidoptera,Saturniidae,"Automeris curvilinea"
Insecta,Lepidoptera,Saturniidae,"Automeris duchartrei"
Insecta,Lepidoptera,Saturniidae,"Automeris gabriellae"
Insecta,Lepidoptera,Lycaenidae,"Mithras nautes"
Insecta,Lepidoptera,Saturniidae,"Automeris hamata"
Insecta,Lepidoptera,Saturniidae,"Automeris heppneri"
Insecta,Lepidoptera,Saturniidae,"Automeris janus janus"
Insecta,Lepidoptera,Saturniidae,"Automeris liberia"
Insecta,Lepidoptera,Saturniidae,"Automeris moresca"
Insecta,Lepidoptera,Saturniidae,"Automeris orestes"
Aves,Passeriformes,Tyrannidae,"Myiarchus ferox"
Aves,Passeriformes,Furnariidae,"Automolus infuscatus"
Insecta,Lepidoptera,Hesperiidae,"Misius misius"
Equisetopsida,Malvales,Malvaceae,"Malachra alceifolia"
Aves,Passeriformes,Furnariidae,"Automolus melanopezus"
Aves,Passeriformes,Furnariidae,"Automolus ochrolaemus"
Aves,Passeriformes,Furnariidae,"Automolus rufipileatus"
Aves,Passeriformes,Furnariidae,"Automolus subulatus"
Actinopterygii,Siluriformes,Pimelodidae,"Megalonema xanthum"
Equisetopsida,Lamiales,Plantaginaceae,"Scoparia dulcis"
Aves,Passeriformes,Furnariidae,"Sclerurus obscurior"
Equisetopsida,Malvales,Malvaceae,"Ayenia asterotricha"
Insecta,Lepidoptera,Nymphalidae,"Magneuptychia ocypete"
Insecta,Lepidoptera,Lycaenidae,"Michaelus ira"
Equisetopsida,Malvales,Malvaceae,"Ayenia pescapraeifolia"
Insecta,Lepidoptera,Nymphalidae,"Magneuptychia modesta"
Aves,Passeriformes,Furnariidae,"Sclerurus caudacutus"
Aves,Passeriformes,Furnariidae,"Sclerurus albigularis"
Insecta,Hymenoptera,Formicidae,"Azteca bequaerti"
Equisetopsida,Fabales,Fabaceae,"Sclerolobium vasquezii"
Insecta,Lepidoptera,Nymphalidae,"Magneuptychia moderata"
Equisetopsida,Poales,Cyperaceae,"Scleria secans"
Equisetopsida,Poales,Cyperaceae,"Scleria ramosa"
Insecta,Lepidoptera,Lycaenidae,"Michaelus thordesa"
Insecta,Lepidoptera,Nymphalidae,"Magneuptychia libye"
Insecta,Lepidoptera,Nymphalidae,"Magneuptychia lea philippa"
Insecta,Odonata,Coenagrionidae,"Acanthagrion apicale"
Aves,Passeriformes,Tyrannidae,"Myiarchus swainsoni"
Insecta,Lepidoptera,Nymphalidae,"Magneuptychia iris"
Equisetopsida,Poales,Cyperaceae,"Scleria macrophylla"
Equisetopsida,Proteales,Sabiaceae,"Meliosma herbertii"
Equisetopsida,Poales,Cyperaceae,"Scleria huberi"
Aves,Passeriformes,Thamnophilidae,"Sclateria naevia"
Insecta,Lepidoptera,Erebidae,"Sciopsyche tropica"
Equisetopsida,Lamiales,Plantaginaceae,"Bacopa scoparioides"
Insecta,Odonata,Libellulidae,"Macrothemis pumila"
Equisetopsida,Arecales,Arecaceae,"Bactris acanthocarpa"
Insecta,Lepidoptera,Lycaenidae,"Michaelus vibidia"
Equisetopsida,Arecales,Arecaceae,"Bactris acanthocarpa var. Exscapa"
Actinopterygii,Siluriformes,Callichthyidae,"Megalechis thoracata"
Equisetopsida,Arecales,Arecaceae,"Bactris hirta"
Equisetopsida,Arecales,Arecaceae,"Bactris maraja var. juruensis"
Equisetopsida,Arecales,Arecaceae,"Bactris maraja var. maraja"
Insecta,Lepidoptera,Riodinidae,"Baeotis bacaenis bacaenita"
Insecta,Lepidoptera,Nymphalidae,"Baeotus amazonicus"
Insecta,Lepidoptera,Nymphalidae,"Baeotus deucalion"
Insecta,Lepidoptera,Nymphalidae,"Baeotus japetus"
Insecta,Odonata,Libellulidae,"Misagria parana"
Aves,Passeriformes,Thamnophilidae,"Sciaphylax hemimelaena"
Aves,Passeriformes,Tyrannidae,"Myiarchus tuberculifer"
Equisetopsida,Ranunculales,Menispermaceae,"Sciadotenia toxifera"
Equisetopsida,Ranunculales,Menispermaceae,"Sciadotenia eichleriana"
Equisetopsida,Myrtales,Melastomataceae,"Miconia affinis"
Equisetopsida,Malpighiales,Salicaceae,"Banara guianensis"
Insecta,Odonata,Coenagrionidae,"Acanthagrion ascendens"
Equisetopsida,Myrtales,Melastomataceae,"Miconia ampla"
Actinopterygii,Characiformes,Characidae,"Bario steindachneri"
Equisetopsida,Myrtales,Melastomataceae,"Miconia amplexicaulis"
Equisetopsida,Fabales,Fabaceae,"Schnella uleana"
Aves,Charadriiformes,Scolopacidae,"Bartramia longicauda"
Aves,Passeriformes,Tyrannidae,"Mionectes olivaceus"
Equisetopsida,Fabales,Fabaceae,"Schnella guianensis"
Equisetopsida,Fabales,Fabaceae,"Schnella glabra"
Equisetopsida,Myrtales,Melastomataceae,"Miconia bubalina"
Aves,Passeriformes,Tyrannidae,"Myiarchus tyrannulus"
Equisetopsida,Myrtales,Melastomataceae,"Miconia calvescens"
Aves,Coraciiformes,Momotidae,"Baryphthengus martii"
Insecta,Odonata,Coenagrionidae,"Acanthagrion gracile"
Equisetopsida,Myrtales,Melastomataceae,"Miconia centrodesma"
Insecta,Hymenoptera,Formicidae,"Basiceros conjugans"
Equisetopsida,Gentianales,Rubiaceae,"Macrocnemum roseum"
Insecta,Hymenoptera,Formicidae,"Basiceros militaris"
Insecta,Odonata,Coenagrionidae,"Acanthagrion lancea"
Equisetopsida,Fabales,Fabaceae,"Schizolobium parahyba"
Equisetopsida,Gentianales,Rubiaceae,"Schizocalyx peruvianus"
Equisetopsida,Rosales,Moraceae,"Batocarpus amazonicus"
Insecta,Lepidoptera,Erebidae,"Macrocneme zongonata"
Insecta,Lepidoptera,Erebidae,"Macrocneme lades"
Equisetopsida,Rosales,Moraceae,"Batocarpus costaricensis"
Actinopterygii,Siluriformes,Pseudopimelodidae,"Batrochoglanis raninus"
Aves,Passeriformes,Onychorhynchidae,"Myiobius barbatus"
Equisetopsida,Gentianales,Rubiaceae,"Schizocalyx obovatus"
Insecta,Lepidoptera,Papilionidae,"Battus crassus crassus"
Equisetopsida,Myrtales,Melastomataceae,"Miconia chrysophylla"
Equisetopsida,Laurales,Lauraceae,"Aiouea grandifolia"
Insecta,Lepidoptera,Papilionidae,"Battus polydamas polydamas"
Insecta,Lepidoptera,Papilionidae,"Battus velus varus"
Equisetopsida,Fabales,Fabaceae,"Bauhinia acreana"
Aves,Passeriformes,Tyrannidae,"Mionectes oleagineus"
Equisetopsida,Gentianales,Apocynaceae,"Macoubea guianensis"
Aves,Passeriformes,Tyrannidae,"Mionectes macconnelli"
Equisetopsida,Asterales,Asteraceae,"Schistocarpha eupatorioides"
Equisetopsida,Cucurbitales,Begoniaceae,"Begonia semiovata"
Insecta,Diptera,Asilidae,"Schildia mocrothorax"
Aves,Passeriformes,Pipridae,"Machaeropterus pyrocephalus"
Equisetopsida,Laurales,Lauraceae,"Beilschmiedia tovarensis"
Aves,Passeriformes,Tityridae,"Schiffornis turdina"
Insecta,Lepidoptera,Nymphalidae,"Memphis basila drucei"
Equisetopsida,Myrtales,Melastomataceae,"Bellucia grossularioides"
Equisetopsida,Fabales,Fabaceae,"Machaerium kegelii"
Aves,Coraciiformes,Alcedinidae,"Megaceryle torquata"
Equisetopsida,Myrtales,Melastomataceae,"Bellucia pentamera"
Aves,Passeriformes,Tityridae,"Schiffornis major"
Equisetopsida,Myrtales,Melastomataceae,"Miconia dolichorrhyncha"
Insecta,Odonata,Coenagrionidae,"Acanthagrion minutum"
Insecta,Lepidoptera,Erebidae,"Schasiura mimica"
Equisetopsida,Fabales,Fabaceae,"Machaerium floribundum"
Equisetopsida,Myrtales,Melastomataceae,"Bellucia spruceana"
Insecta,Lepidoptera,Hesperiidae,"Spioniades libethra"
Aves,Passeriformes,Furnariidae,"Berlepschia rikeri"
Equisetopsida,Asparagales,Orchidaceae,"Scaphyglottis boliviensis"
Insecta,Lepidoptera,Nymphalidae,"Scada reckia labyrintha"
Equisetopsida,Santalales,Olacaceae,"Minquartia guianensis"
Equisetopsida,Ericales,Lecythidaceae,"Bertholletia excelsa"
Equisetopsida,Malpighiales,Euphorbiaceae,"Mabea speciosa"
Insecta,Coleoptera,Carabidae,"Megacephala spixi"
Aves,Passeriformes,Tyrannidae,"Sayornis nigricans"
Insecta,Lepidoptera,Nymphalidae,"Memphis cambyses"
Insecta,Lepidoptera,Nymphalidae,"Bia actorion rebeli"
Insecta,Lepidoptera,Nymphalidae,"Biblis hyperia laticlavia"
Insecta,Coleoptera,Carabidae,"Megacephala sobrina"
Equisetopsida,Lamiales,Bignoniaceae,"Bignonia aequinoctialis"
Insecta,Coleoptera,Carabidae,"Megacephala nigricollis"
Equisetopsida,Malpighiales,Euphorbiaceae,"Mabea nitida"
Equisetopsida,Lamiales,Bignoniaceae,"Bignonia bracteomana"
Equisetopsida,Lamiales,Bignoniaceae,"Bignonia hyacinthina"
Insecta,Coleoptera,Carabidae,"Megacephala lucifera"
Insecta,Lepidoptera,Lycaenidae,"Ministrymon zilda"
Equisetopsida,Lamiales,Bignoniaceae,"Bignonia lilacina"
Insecta,Coleoptera,Carabidae,"Megacephala klugi"
Equisetopsida,Magnoliales,Annonaceae,"Maasia glauca"
Equisetopsida,Lamiales,Bignoniaceae,"Bignonia nocturna"
Equisetopsida,Lamiales,Bignoniaceae,"Bignonia sciuripabulum"
Equisetopsida,Lamiales,Bignoniaceae,"Bignonia uleana"
Aves,Passeriformes,Parulidae,"Myioborus miniatus"
Equisetopsida,Poales,Bromeliaceae,"Billbergia decora"
Equisetopsida,Poales,Bromeliaceae,"Billbergia robert-readii"
Equisetopsida,Malvales,Bixaceae,"Bixa arborea"
Equisetopsida,Polypodiales,Blechnaceae,"Blechnum asplenioides"
Insecta,Lepidoptera,Hesperiidae,"Saturnus saturnus saturnus"
Insecta,Lepidoptera,Hesperiidae,"Saturnus reticulata meton"
Insecta,Lepidoptera,Hesperiidae,"Saturnus metonidia"
Aves,Passeriformes,Tyrannidae,"Satrapa icterophrys"
Actinopterygii,Cichliformes,Cichlidae,"Satanoperca jurupari"
Aves,Passeriformes,Tyrannidae,"Myiodynastes chrysocephalus"
Insecta,Lepidoptera,Riodinidae,"Lyropteryx apollonia apollonia"
Insecta,Lepidoptera,Riodinidae,"Sarota chrysus chrysus"
Insecta,Lepidoptera,Riodinidae,"Sarota acantus"
Insecta,Lepidoptera,Erebidae,"Sarosa albraamea"
Insecta,Lepidoptera,Erebidae,"Sarosa acutior"
Insecta,Diptera,Asilidae,"Blepharepium cajennensis cajennensis"
Insecta,Lepidoptera,Erebidae,"Lymire strigivenia"
Insecta,Diptera,Asilidae,"Blepharepium subcontractum"
Aves,Cathartiformes,Cathartidae,"Sarcoramphus papa"
Insecta,Odonata,Coenagrionidae,"Acanthagrion obsoletum"
Equisetopsida,Ericales,Sapotaceae,"Sarcaulus brasiliensis"
Equisetopsida,Malpighiales,Euphorbiaceae,"Sapium marmieri"
Insecta,Lepidoptera,Hesperiidae,"Bolla cupreiceps"
Insecta,Lepidoptera,Hesperiidae,"Bolla mancoi"
Insecta,Lepidoptera,Hesperiidae,"Bolla morona morona"
Equisetopsida,Malpighiales,Euphorbiaceae,"Sapium glandulosum"
Aves,Passeriformes,Tyrannidae,"Myiodynastes luteiventris"
Insecta,Odonata,Coenagrionidae,"Acanthagrion phallicornis"
Aves,Pelecaniformes,Ardeidae,"Botaurus pinnatus"
Actinopterygii,Characiformes,Characidae,"Brachychalcinus orbicularis"
Aves,Galbuliformes,Galbulidae,"Brachygalba albogularis"
Actinopterygii,Gymnotiformes,Hypopomidae,"Brachyhypopomus beebei"
Insecta,Lepidoptera,Nymphalidae,"Lycorea ilione phenarete"
Insecta,Lepidoptera,Nymphalidae,"Lycorea halia pales"
Actinopterygii,Gymnotiformes,Hypopomidae,"Brachyhypopomus brevirostris"
Aves,Passeriformes,Tyrannidae,"Myiodynastes maculatus"
Actinopterygii,Gymnotiformes,Hypopomidae,"Brachyhypopomus pinnicaudatus"
Aves,Passeriformes,Thraupidae,"Saltator maximus"
Insecta,Odonata,Libellulidae,"Brachymesia furcata"
Insecta,Odonata,Libellulidae,"Brachymesia herbida"
Insecta,Diptera,Tabanidae,"Acanthocera bequarti"
Insecta,Hymenoptera,Formicidae,"Acanthognathus brevicornis"
Mammalia,Pilosa,Bradypodidae,"Bradypus variegatus"
Aves,Passeriformes,Thraupidae,"Saltator grossus"
Insecta,Lepidoptera,Lycaenidae,"Brangas getus"
Aves,Passeriformes,Thraupidae,"Saltator coerulescens"
Insecta,Lepidoptera,Nymphalidae,"Brassolis sophorae ardens"
Equisetopsida,Malpighiales,Malpighiaceae,"Bronwenia mathiasiae"
Equisetopsida,Malpighiales,Malpighiaceae,"Bronwenia wurdackii"
Equisetopsida,Rosales,Moraceae,"Brosimum acutifolium"
Equisetopsida,Rosales,Moraceae,"Brosimum acutifolium subsp. acutifolium"
Aves,Passeriformes,Tyrannidae,"Myiopagis caniceps"
Equisetopsida,Rosales,Moraceae,"Brosimum alicastrum"
Equisetopsida,Rosales,Moraceae,"Brosimum alicastrum subsp. bolivarense"
Equisetopsida,Rosales,Moraceae,"Brosimum guianense"
Equisetopsida,Rosales,Moraceae,"Brosimum lactescens"
Actinopterygii,Characiformes,Bryconidae,"Salminus affinis"
Insecta,Coleoptera,Carabidae,"Megacephala fulgida"
Equisetopsida,Rosales,Moraceae,"Brosimum rubescens"
Equisetopsida,Malpighiales,Salicaceae,"Salix humboldtiana"
Equisetopsida,Solanales,Solanaceae,"Lycianthes repens"
Equisetopsida,Rosales,Moraceae,"Brosimum utile"
Insecta,Lepidoptera,Hesperiidae,"Saliana triangularis"
Insecta,Lepidoptera,Hesperiidae,"Saliana salius"
Aves,Psittaciformes,Psittacidae,"Brotogeris cyanoptera"
Insecta,Coleoptera,Carabidae,"Megacephala brasiliensis"
Insecta,Lepidoptera,Hesperiidae,"Saliana saladin culta"
Insecta,Lepidoptera,Hesperiidae,"Saliana morsa"
Insecta,Lepidoptera,Hesperiidae,"Saliana longirostris"
Insecta,Lepidoptera,Hesperiidae,"Saliana fusta"
Aves,Psittaciformes,Psittacidae,"Brotogeris sanctithomae"
Insecta,Lepidoptera,Hesperiidae,"Saliana fischer"
Equisetopsida,Solanales,Solanaceae,"Lycianthes coffeifolia"
Insecta,Lepidoptera,Hesperiidae,"Saliana esperi"
Equisetopsida,Celastrales,Celastraceae,"Salacia viridiramis"
Equisetopsida,Celastrales,Celastraceae,"Salacia opacifolia"
Equisetopsida,Celastrales,Celastraceae,"Salacia macrantha"
Insecta,Coleoptera,Carabidae,"Megacephala aequinoctialis"
Equisetopsida,Celastrales,Celastraceae,"Salacia juruana"
Equisetopsida,Celastrales,Celastraceae,"Salacia impressifolia"
Insecta,Lepidoptera,Lycaenidae,"Ministrymon cruenta"
Aves,Passeriformes,Tyrannidae,"Myiopagis gaimardii"
Equisetopsida,Celastrales,Celastraceae,"Salacia gigantea"
Equisetopsida,Celastrales,Celastraceae,"Salacia elliptica"
Equisetopsida,Myrtales,Melastomataceae,"Miconia impetiolaris"
Equisetopsida,Celastrales,Celastraceae,"Salacia cordata"
Equisetopsida,Solanales,Solanaceae,"Brunfelsia grandiflora"
Equisetopsida,Celastrales,Celastraceae,"Salacia caloneura"
Insecta,Lepidoptera,Hesperiidae,"Lycas godart boisduvalii"
Equisetopsida,Celastrales,Celastraceae,"Salacia acevedoi"
Insecta,Lepidoptera,Hesperiidae,"Lycas argentea"
Aves,Passeriformes,Tyrannidae,"Myiopagis viridicata"
Actinopterygii,Characiformes,Bryconidae,"Brycon amazonicus"
Mammalia,Primates,Cebidae,"Saimiri sciureus"
Actinopterygii,Characiformes,Characidae,"Bryconops caudomaculatus"
Actinopterygii,Characiformes,Characidae,"Bryconops melanurus"
Aves,Accipitriformes,Accipitridae,"Accipiter bicolor"
Aves,Strigiformes,Strigidae,"Bubo virginianus"
Aves,Pelecaniformes,Ardeidae,"Bubulcus ibis"
Equisetopsida,Malpighiales,Euphorbiaceae,"Sagotia racemosa"
Equisetopsida,Malpighiales,Euphorbiaceae,"Sagotia brachysepala"
Aves,Galbuliformes,Bucconidae,"Bucco capensis"
Equisetopsida,Malpighiales,Humiriaceae,"Sacoglottis mattogrossensis"
Equisetopsida,Malpighiales,Humiriaceae,"Sacoglottis amazonica"
Aves,Galbuliformes,Bucconidae,"Bucco macrodactylus"
Insecta,Lepidoptera,Hesperiidae,"Aides duma argyrina"
Mammalia,Chiroptera,Emballonuridae,"Saccopteryx bilineata"
Equisetopsida,Polypodiales,Saccolomataceae,"Saccoloma inaequale"
Equisetopsida,Polypodiales,Saccolomataceae,"Saccoloma elegans"
Aves,Passeriformes,Tyrannidae,"Myiophobus fasciatus"
Actinopterygii,Cichliformes,Cichlidae,"Bujurquina cordemadi"
Equisetopsida,Gentianales,Rubiaceae,"Sabicea subinvolucrata"
Actinopterygii,Cichliformes,Cichlidae,"Bujurquina tambopatae"
Equisetopsida,Gentianales,Rubiaceae,"Sabicea mattogrossensis"
Aves,Accipitriformes,Accipitridae,"Accipiter poliogaster"
Equisetopsida,Malpighiales,Malpighiaceae,"Bunchosia glandulifera"
Insecta,Lepidoptera,Hesperiidae,"Bungalotis astylos"
Aves,Charadriiformes,Rhynchopidae,"Rynchops niger"
Aves,Accipitriformes,Accipitridae,"Busarellus nigricollis"
Aves,Accipitriformes,Accipitridae,"Buteo albonotatus"
Equisetopsida,Caryophyllales,Polygonaceae,"Ruprechtia tangarana"
Aves,Accipitriformes,Accipitridae,"Buteo brachyurus"
Aves,Accipitriformes,Accipitridae,"Rupornis magnirostris"
Aves,Accipitriformes,Accipitridae,"Accipiter striatus"
Aves,Accipitriformes,Accipitridae,"Buteogallus schistaceus"
Aves,Accipitriformes,Accipitridae,"Buteogallus urubitinga"
Aves,Accipitriformes,Accipitridae,"Buteo nitidus"
Aves,Accipitriformes,Accipitridae,"Buteo platypterus"
Aves,Pelecaniformes,Ardeidae,"Butorides striata"
Equisetopsida,Magnoliales,Annonaceae,"Ruizodendron ovale"
Equisetopsida,Malpighiales,Malpighiaceae,"Byrsonima arthropoda"
Equisetopsida,Poales,Poaceae,"Rugoloa pilosa"
Equisetopsida,Malpighiales,Malpighiaceae,"Byrsonima poeppigiana"
Equisetopsida,Malpighiales,Malpighiaceae,"Byrsonima putumayensis"
Aves,Passeriformes,Tyrannidae,"Myiornis albiventris"
Equisetopsida,Lamiales,Acanthaceae,"Ruellia yurimaguensis"
Equisetopsida,Lamiales,Acanthaceae,"Ruellia thyrsostachya"
Equisetopsida,Lamiales,Acanthaceae,"Ruellia tarapotana"
Aves,Caprimulgiformes,Caprimulgidae,"Lurocalis semitorquatus"
Equisetopsida,Myrtales,Melastomataceae,"Miconia lanata"
Insecta,Lepidoptera,Nymphalidae,"Memphis memphis memphis"
Equisetopsida,Sapindales,Meliaceae,"Cabralea canjerana"
Aves,Passeriformes,Tyrannidae,"Myiornis ecaudatus"
Equisetopsida,Lamiales,Acanthaceae,"Ruellia inflata"
Aves,Passeriformes,Icteridae,"Cacicus cela"
Aves,Passeriformes,Icteridae,"Cacicus haemorrhous"
Aves,Passeriformes,Icteridae,"Cacicus oseryi"
Aves,Passeriformes,Icteridae,"Cacicus solitarius"
Insecta,Lepidoptera,Erebidae,"Cacostatia germana"
Equisetopsida,Gentianales,Rubiaceae,"Rudgea sessiliflora"
Insecta,Lepidoptera,Lycaenidae,"Caerofethra carnica"
Insecta,Lepidoptera,Nymphalidae,"Caerois chorinaeus protonoe"
Insecta,Lepidoptera,Nymphalidae,"Caeruleuptychia aegrota"
Insecta,Lepidoptera,Nymphalidae,"Caeruleuptychia cyanites"
Insecta,Lepidoptera,Nymphalidae,"Caeruleuptychia helios"
Insecta,Lepidoptera,Nymphalidae,"Caeruleuptychia lobelia"
Insecta,Lepidoptera,Nymphalidae,"Caeruleuptychia scopulata"
Aves,Accipitriformes,Accipitridae,"Accipiter superciliosus"
Insecta,Lepidoptera,Nymphalidae,"Caeruleuptychia zisa"
Equisetopsida,Gentianales,Rubiaceae,"Rudgea guyanensis"
Actinopterygii,Characiformes,Characidae,"Acestrocephalus boehlkei"
Aves,Anseriformes,Anatidae,"Cairina moschata"
Equisetopsida,Zingiberales,Marantaceae,"Calathea micans"
Equisetopsida,Metteniusales,Metteniusaceae,"Calatola costaricensis"
Equisetopsida,Oxalidales,Connaraceae,"Rourea cuspidata"
Equisetopsida,Oxalidales,Connaraceae,"Rourea camptoneura"
Equisetopsida,Proteales,Proteaceae,"Roupala montana"
Equisetopsida,Malpighiales,Linaceae,"Roucheria columbiana"
Insecta,Lepidoptera,Saturniidae,"Rothschildia erycina erycina"
Insecta,Lepidoptera,Saturniidae,"Rothschildia aurota aurota"
Aves,Accipitriformes,Accipitridae,"Rostrhamus sociabilis"
Equisetopsida,Brassicales,Brassicaceae,"Rorippa palustris"
Actinopterygii,Characiformes,Characidae,"Roeboides myersii"
Actinopterygii,Characiformes,Characidae,"Roeboides affinis"
Actinopterygii,Cyprinodontiformes,Rivulidae,"Rivulus iridescens"
Aves,Passeriformes,Hirundinidae,"Riparia riparia"
Insecta,Lepidoptera,Riodinidae,"Riodina lysippus lysias"
Equisetopsida,Malpighiales,Violaceae,"Rinorea viridifolia"
Aves,Charadriiformes,Scolopacidae,"Calidris fuscicollis"
Aves,Charadriiformes,Scolopacidae,"Calidris himantopus"
Equisetopsida,Malpighiales,Violaceae,"Rinorea pubiflora"
Equisetopsida,Malpighiales,Violaceae,"Rinorea lindeniana"
Aves,Charadriiformes,Scolopacidae,"Calidris melanotos"
Equisetopsida,Malpighiales,Violaceae,"Rinorea flavescens"
Insecta,Lepidoptera,Hesperiidae,"Achlyodes bisurus heros"
Aves,Charadriiformes,Scolopacidae,"Calidris subruficollis"
Insecta,Lepidoptera,Hesperiidae,"Achlyodes mithridates thraso"
Insecta,Lepidoptera,Nymphalidae,"Caligo euphorbus euphorbus"
Insecta,Lepidoptera,Nymphalidae,"Caligo eurilochus livius"
Insecta,Lepidoptera,Nymphalidae,"Caligo idomeneus idomenides"
Insecta,Lepidoptera,Nymphalidae,"Caligo placidianus"
Insecta,Lepidoptera,Nymphalidae,"Caligopsis seleucida seleucida"
Insecta,Lepidoptera,Nymphalidae,"Caligo teucer phorkys"
Equisetopsida,Malpighiales,Malpighiaceae,"Callaeum antifebrile"
Insecta,Lepidoptera,Hesperiidae,"Calliades zeutus"
Aves,Passeriformes,Tyrannidae,"Rhytipterna simplex"
Equisetopsida,Lamiales,Bignoniaceae,"Callichlamys latifolia"
Equisetopsida,Poales,Cyperaceae,"Rhynchospora umbraticola"
Equisetopsida,Lamiales,Bignoniaceae,"Lundia puberula"
Equisetopsida,Malpighiales,Salicaceae,"Lunania parviflora"
Actinopterygii,Siluriformes,Callichthyidae,"Callichthys callichthys"
Equisetopsida,Myrtales,Melastomataceae,"Miconia longicoma"
Insecta,Lepidoptera,Nymphalidae,"Callicore astarte stratiotes"
Insecta,Lepidoptera,Nymphalidae,"Callicore cynosura cynosura"
Insecta,Lepidoptera,Nymphalidae,"Callicore eunomia incarnata"
Insecta,Lepidoptera,Nymphalidae,"Callicore hesperis"
Insecta,Lepidoptera,Nymphalidae,"Callicore hystaspes zelphanta"
Equisetopsida,Myrtales,Melastomataceae,"Miconia longifolia"
Insecta,Lepidoptera,Nymphalidae,"Callicore pygas cyllene"
Insecta,Lepidoptera,Hesperiidae,"Callimormus radiola radiola"
Aves,Apodiformes,Trochilidae,"Calliphlox amethystina"
Insecta,Lepidoptera,Nymphalidae,"Callithomia alexirrhoe thornax"
Equisetopsida,Malvales,Malvaceae,"Lueheopsis hoehnei"
Equisetopsida,Myrtales,Melastomataceae,"Miconia matthaei"
Insecta,Lepidoptera,Nymphalidae,"Callithomia lenea zelie"
Insecta,Lepidoptera,Erebidae,"Rhynchopyga garleppi"
Insecta,Lepidoptera,Erebidae,"Calonotos chalcipleura"
Equisetopsida,Malpighiales,Calophyllaceae,"Calophyllum angulare"
Equisetopsida,Malpighiales,Calophyllaceae,"Calophyllum brasiliense"
Mammalia,Chiroptera,Emballonuridae,"Rhynchonycteris naso"
Aves,Passeriformes,Tyrannidae,"Rhynchocyclus olivaceus"
Insecta,Lepidoptera,Riodinidae,"Calospila emylius emyliana"
Insecta,Lepidoptera,Riodinidae,"Calospila lucianus lucianus"
Insecta,Lepidoptera,Riodinidae,"Calospila parthaon"
Insecta,Lepidoptera,Riodinidae,"Calospila rhodope amphis"
Insecta,Lepidoptera,Riodinidae,"Calospila zeanger pirene"
Insecta,Lepidoptera,Hesperiidae,"Calpodes ethlius"
Mammalia,Didelphimorphia,Didelphidae,"Caluromys lanatus"
Insecta,Odonata,Coenagrionidae,"Calvertagrion dicellularis"
Equisetopsida,Gentianales,Rubiaceae,"Calycophyllum megistocaulum"
Equisetopsida,Gentianales,Rubiaceae,"Calycophyllum obovatum"
Equisetopsida,Gentianales,Rubiaceae,"Calycophyllum spruceanum"
Equisetopsida,Myrtales,Onagraceae,"Ludwigia octovalvis"
Insecta,Lepidoptera,Nymphalidae,"Rhodussa cantobrica pamina"
Equisetopsida,Myrtales,Onagraceae,"Ludwigia nervosa"
Insecta,Lepidoptera,Lycaenidae,"Calycopis anastasia"
Insecta,Lepidoptera,Nymphalidae,"Memphis moruus morpheus"
Insecta,Lepidoptera,Lycaenidae,"Calycopis anfracta"
Insecta,Lepidoptera,Lycaenidae,"Calycopis atnius"
Insecta,Lepidoptera,Lycaenidae,"Calycopis barza"
Equisetopsida,Myrtales,Melastomataceae,"Miconia mayeta"
Equisetopsida,Myrtales,Onagraceae,"Ludwigia leptocarpa"
Equisetopsida,Myrtales,Onagraceae,"Ludwigia latifolia"
Insecta,Lepidoptera,Lycaenidae,"Calycopis buphonia"
Equisetopsida,Myrtales,Melastomataceae,"Miconia microphysca"
Insecta,Lepidoptera,Lycaenidae,"Calycopis caesaries"
Insecta,Lepidoptera,Lycaenidae,"Calycopis calus"
Insecta,Lepidoptera,Pieridae,"Melete lycimnia peruviana"
Equisetopsida,Laurales,Lauraceae,"Rhodostemonodaphne kunthiana"
Insecta,Lepidoptera,Hesperiidae,"Ludens silvaticus"
Aves,Passeriformes,Tyrannidae,"Myiotriccus ornatus"
Insecta,Lepidoptera,Lycaenidae,"Calycopis centoripa"
Insecta,Lepidoptera,Lycaenidae,"Calycopis cerata"
Insecta,Lepidoptera,Lycaenidae,"Calycopis demonassa"
Equisetopsida,Laurales,Lauraceae,"Rhodostemonodaphne grandis"
Insecta,Lepidoptera,Lycaenidae,"Calycopis devia"
Insecta,Lepidoptera,Lycaenidae,"Calycopis naka"
Insecta,Lepidoptera,Lycaenidae,"Calycopis nicolayi"
Insecta,Lepidoptera,Lycaenidae,"Calycopis trebula"
Equisetopsida,Myrtales,Melastomataceae,"Miconia minutiflora"
Insecta,Lepidoptera,Lycaenidae,"Calycopis vitruvia"
Insecta,Lepidoptera,Erebidae,"Loxophlebia picta"
Insecta,Lepidoptera,Erebidae,"Loxophlebia geminata"
Insecta,Lepidoptera,Erebidae,"Loxophlebia diaphana"
Insecta,Lepidoptera,Erebidae,"Loxophlebia chrysobasis"
Insecta,Lepidoptera,Hesperiidae,"Aides brino"
Aves,Passeriformes,Tyrannidae,"Myiozetetes cayanensis"
Equisetopsida,Myrtales,Melastomataceae,"Miconia neosecunda"
Insecta,Lepidoptera,Saturniidae,"Loxolomia johnsoni"
Insecta,Lepidoptera,Riodinidae,"Calydna catana"
Insecta,Lepidoptera,Riodinidae,"Calydna maculosa"
Aves,Passeriformes,Tyrannidae,"Myiozetetes granadensis"
Aves,Passeriformes,Thraupidae,"Loriotus rufiventer"
Insecta,Lepidoptera,Papilionidae,"Mimoides xynias xynias"
Insecta,Lepidoptera,Riodinidae,"Calydna punctata"
Insecta,Odonata,Libellulidae,"Rhodopygia cardinalis"
Aves,Piciformes,Picidae,"Campephilus melanoleucos"
Aves,Piciformes,Picidae,"Campephilus rubricollis"
Mammalia,Chiroptera,Phyllostomidae,"Rhinophylla pumilio"
Equisetopsida,Myrtales,Melastomataceae,"Miconia nervosa"
Insecta,Hymenoptera,Formicidae,"Camponotus helleri"
Aves,Passeriformes,Thraupidae,"Loriotus luctuosus"
Insecta,Hymenoptera,Formicidae,"Camponotus mirabilis"
Insecta,Lepidoptera,Hesperiidae,"Camptopleura auxo"
Insecta,Lepidoptera,Hesperiidae,"Camptopleura theramenes"
Aves,Passeriformes,Tyrannidae,"Camptostoma obsoletum"
Equisetopsida,Asparagales,Orchidaceae,"Campylocentrum micranthum"
Aves,Passeriformes,Thraupidae,"Loriotus cristatus"
Equisetopsida,Zingiberales,Marantaceae,"Monotagma laxum"
Equisetopsida,Polypodiales,Polypodiaceae,"Campyloneurum fuscosquamatum"
Insecta,Lepidoptera,Hesperiidae,"Aides aegita"
Aves,Apodiformes,Trochilidae,"Campylopterus largipennis"
Aves,Passeriformes,Furnariidae,"Campylorhamphus pusillus"
Aves,Passeriformes,Furnariidae,"Campylorhamphus trochilirostris"
Insecta,Lepidoptera,Riodinidae,"Rhetus periander laonome"
Aves,Passeriformes,Troglodytidae,"Campylorhynchus turdinus"
Insecta,Lepidoptera,Papilionidae,"Mimoides pausanias pausanias"
Insecta,Lepidoptera,Riodinidae,"Rhetus arcius huanus"
Insecta,Lepidoptera,Saturniidae,"Rhescyntis hippodamia hippodamia"
Insecta,Diptera,Tabanidae,"Stenobanus incipiens"
Actinopterygii,Siluriformes,Loricariidae,"Loricaria clavipinna"
Aves,Passeriformes,Tyrannidae,"Myiozetetes luteiventris"
Aves,Passeriformes,Thamnophilidae,"Rhegmatorhina melanosticta"
Insecta,Lepidoptera,Papilionidae,"Mimoides ariarathes gayi"
Equisetopsida,Fabales,Fabaceae,"Canavalia grandiflora"
Insecta,Lepidoptera,Hesperiidae,"Cantha calva"
Insecta,Coleoptera,Scarabaeidae,"Canthon aequinoctialis"
Aves,Passeriformes,Tyrannidae,"Myiozetetes similis"
Equisetopsida,Myrtales,Melastomataceae,"Miconia phaeophylla"
Insecta,Coleoptera,Scarabaeidae,"Canthon luteicollis"
Insecta,Diptera,Tabanidae,"Stenobanus cinereus"
Insecta,Lepidoptera,Erebidae,"Agyrtidia uranophila"
Insecta,Diptera,Tabanidae,"Stenobanus albilinearis"
Insecta,Coleoptera,Scarabaeidae,"Canthon monilifer"
Insecta,Coleoptera,Scarabaeidae,"Canthon quinquemaculatus"
Insecta,Coleoptera,Scarabaeidae,"Canthon smaragdulus"
Insecta,Lepidoptera,Pieridae,"Rhabdodryas trite trite"
Aves,Passeriformes,Troglodytidae,"Cantorchilus leucotis"
Equisetopsida,Gentianales,Rubiaceae,"Capirona macrophylla"
Equisetopsida,Zingiberales,Zingiberaceae,"Renealmia thyrsoidea subsp. thyrsoidea"
Aves,Passeriformes,Tyrannidae,"Lophotriccus eulophotes"
Aves,Strigiformes,Strigidae,"Lophostrix cristata"
Equisetopsida,Myrtales,Melastomataceae,"Miconia prasina"
Equisetopsida,Zingiberales,Zingiberaceae,"Renealmia monosperma"
Equisetopsida,Solanales,Solanaceae,"Capsicum coccineum"
Aves,Falconiformes,Falconidae,"Milvago chimachima"
Equisetopsida,Zingiberales,Zingiberaceae,"Renealmia breviscapa"
Aves,Falconiformes,Falconidae,"Caracara plancus"
Equisetopsida,Myrtales,Melastomataceae,"Miconia punctata"
Equisetopsida,Malpighiales,Calophyllaceae,"Caraipa densifolia"
Mammalia,Chiroptera,Phyllostomidae,"Lophostoma silvicolum"
Equisetopsida,Malpighiales,Calophyllaceae,"Caraipa myrcioides"
Insecta,Lepidoptera,Hesperiidae,"Remella remus"
Equisetopsida,Sapindales,Rutaceae,"Ravenia biramosa"
Equisetopsida,Gentianales,Apocynaceae,"Rauvolfia praecox"
Aves,Passeriformes,Parulidae,"Cardellina canadensis"
Insecta,Lepidoptera,Hesperiidae,"Mylon ander ander"
Mammalia,Chiroptera,Phyllostomidae,"Lophostoma brasiliense"
Insecta,Lepidoptera,Hesperiidae,"Mylon jason"
Insecta,Lepidoptera,Hesperiidae,"Milanion pilumnus pilumnus"
Equisetopsida,Sapindales,Sapindaceae,"Cardiospermum grandiflorum"
Insecta,Lepidoptera,Hesperiidae,"Mylon menippus"
Equisetopsida,Santalales,Balanophoraceae,"Lophophytum mirabile"
Insecta,Lepidoptera,Hesperiidae,"Mylon pelopidas"
Insecta,Hymenoptera,Formicidae,"Carebara urichi"
Insecta,Lepidoptera,Nymphalidae,"Rareuptychia clio"
Insecta,Lepidoptera,Riodinidae,"Caria mantinea amazonica"
Aves,Accipitriformes,Accipitridae,"Spizaetus ornatus"
Insecta,Lepidoptera,Riodinidae,"Caria trochilus arete"
Insecta,Lepidoptera,Riodinidae,"Cariomothis erythromelas fulvus"
Actinopterygii,Characiformes,Gasteropelecidae,"Carnegiella myersi"
Actinopterygii,Characiformes,Gasteropelecidae,"Carnegiella schereri"
Mammalia,Chiroptera,Phyllostomidae,"Carollia brevicauda"
Mammalia,Rodentia,Dasyproctidae,"Myoprocta pratti"
Mammalia,Chiroptera,Phyllostomidae,"Carollia castanea"
Mammalia,Chiroptera,Phyllostomidae,"Carollia perspicillata"
Equisetopsida,Malpighiales,Achariaceae,"Carpotroche amazonica"
Equisetopsida,Malpighiales,Achariaceae,"Carpotroche longifolia"
Insecta,Lepidoptera,Hesperiidae,"Carrhenes canescens leada"
Equisetopsida,Myrtales,Melastomataceae,"Miconia pyrifolia"
Insecta,Lepidoptera,Hesperiidae,"Carrhenes fuscescens conia"
Insecta,Lepidoptera,Hesperiidae,"Carrhenes santes"
Equisetopsida,Gentianales,Rubiaceae,"Randia armata"
Insecta,Diptera,Asilidae,"Lophoceraea pennata"
Equisetopsida,Malpighiales,Caryocaraceae,"Caryocar amygdaliforme"
Equisetopsida,Gentianales,Rubiaceae,"Randia aculeata var. aculeata"
Aves,Passeriformes,Tyrannidae,"Ramphotrigon ruficauda"
Insecta,Lepidoptera,Nymphalidae,"Memphis phantes phantes"
Insecta,Lepidoptera,Hesperiidae,"Milanion hemes"
Equisetopsida,Malpighiales,Euphorbiaceae,"Caryodendron orinocense"
Aves,Passeriformes,Tyrannidae,"Ramphotrigon megacephalum"
Insecta,Lepidoptera,Hesperiidae,"Carystoides basoches"
Insecta,Lepidoptera,Hesperiidae,"Carystoides cathaea"
Insecta,Lepidoptera,Hesperiidae,"Carystoides noseda"
Insecta,Lepidoptera,Hesperiidae,"Carystoides sicania orbius"
Aves,Passeriformes,Tyrannidae,"Ramphotrigon fuscicauda"
Equisetopsida,Malpighiales,Salicaceae,"Casearia arborea"
Mammalia,Chiroptera,Vespertilionidae,"Myotis albescens"
Aves,Passeriformes,Thraupidae,"Ramphocelus nigrogularis"
Equisetopsida,Malpighiales,Salicaceae,"Casearia gossypiosperma"
Mammalia,Carnivora,Mustelidae,"Lontra longicaudis"
Equisetopsida,Malpighiales,Salicaceae,"Casearia maynacarpa"
Equisetopsida,Malpighiales,Salicaceae,"Casearia obovalis"
Equisetopsida,Malpighiales,Salicaceae,"Casearia pitumba"
Equisetopsida,Malpighiales,Salicaceae,"Casearia singularis"
Equisetopsida,Malpighiales,Salicaceae,"Casearia ulmifolia"
Aves,Passeriformes,Thraupidae,"Ramphocelus carbo"
Aves,Passeriformes,Tyrannidae,"Casiornis rufus"
Insecta,Lepidoptera,Nymphalidae,"Castilia angusta"
Insecta,Lepidoptera,Nymphalidae,"Castilia perilla"
Equisetopsida,Rosales,Moraceae,"Castilla ulei"
Insecta,Diptera,Tabanidae,"Catachlorops rubuginosus"
Aves,Passeriformes,Polioptilidae,"Ramphocaenus melanurus"
Insecta,Lepidoptera,Nymphalidae,"Catacore kolyma pasithea"
Mammalia,Chiroptera,Vespertilionidae,"Myotis nigricans"
Insecta,Lepidoptera,Erebidae,"Agyrta porphyria rothschildi"
Aves,Piciformes,Ramphastidae,"Ramphastos vitellinus"
Aves,Piciformes,Ramphastidae,"Ramphastos tucanus"
Insecta,Lepidoptera,Saturniidae,"Lonomia (Periga) prattorum"
Insecta,Lepidoptera,Saturniidae,"Lonomia (Periga) bispinosa"
Insecta,Lepidoptera,Saturniidae,"Lonomia (Periga) angulosa"
Insecta,Lepidoptera,Saturniidae,"Lonomia (Lonomia) descimoni descimoni"
Equisetopsida,Asparagales,Orchidaceae,"Acianthera fumioi"
Aves,Cathartiformes,Cathartidae,"Cathartes aura"
Aves,Cathartiformes,Cathartidae,"Cathartes melambrotus"
Aves,Passeriformes,Turdidae,"Catharus fuscescens"
Insecta,Lepidoptera,Nymphalidae,"Memphis philumena philumena"
Equisetopsida,Myrtales,Melastomataceae,"Miconia serrulata"
Equisetopsida,Malpighiales,Ochnaceae,"Quiina florida"
Equisetopsida,Malpighiales,Ochnaceae,"Quiina cruegeriana"
Aves,Passeriformes,Turdidae,"Catharus minimus"
Aves,Passeriformes,Turdidae,"Catharus ustulatus"
Equisetopsida,Malpighiales,Ochnaceae,"Quiina amazonica"
Mammalia,Chiroptera,Vespertilionidae,"Myotis riparius"
Equisetopsida,Polypodiales,Lomariopsidaceae,"Lomariopsis nigropaleata"
Equisetopsida,Polypodiales,Lomariopsidaceae,"Lomariopsis japurensis"
Insecta,Lepidoptera,Nymphalidae,"Catoblepia berecynthia adjecta"
Aves,Passeriformes,Cotingidae,"Querula purpurata"
Insecta,Lepidoptera,Nymphalidae,"Catoblepia soranus"
Insecta,Lepidoptera,Nymphalidae,"Catoblepia xanthicles belisar"
Insecta,Odonata,Pseudostigmatidae,"Mecistogaster ornata"
Insecta,Lepidoptera,Nymphalidae,"Catonephele acontius acontius"
Insecta,Lepidoptera,Nymphalidae,"Catonephele antinoe"
Insecta,Lepidoptera,Nymphalidae,"Catonephele numilia numilia"
Insecta,Lepidoptera,Hesperiidae,"Quasimellana pandora"
Equisetopsida,Malvales,Malvaceae,"Quararibea wittii"
Equisetopsida,Cucurbitales,Cucurbitaceae,"Cayaponia crugeri"
Insecta,Odonata,Pseudostigmatidae,"Mecistogaster linearis"
Equisetopsida,Cucurbitales,Cucurbitaceae,"Cayaponia ophthalmica"
Equisetopsida,Cucurbitales,Cucurbitaceae,"Cayaponia tubulosa"
Equisetopsida,Malvales,Malvaceae,"Quararibea guianensis"
Equisetopsida,Malvales,Malvaceae,"Quararibea amazonica"
Equisetopsida,Myrtales,Vochysiaceae,"Qualea grandiflora"
Insecta,Lepidoptera,Hesperiidae,"Quadrus deyrollei porta"
Insecta,Lepidoptera,Hesperiidae,"Quadrus contubernalis contubernalis"
Mammalia,Primates,Cebidae,"Cebus (Cebus) albifrons"
Insecta,Lepidoptera,Hesperiidae,"Quadrus cerialis"
Insecta,Lepidoptera,Hesperiidae,"Pythonides lerina"
Mammalia,Primates,Cebidae,"Cebus (Sapajus) apella"
Insecta,Lepidoptera,Hesperiidae,"Pythonides jovianus fabricii"
Insecta,Lepidoptera,Hesperiidae,"Pythonides herennius herennius"
Insecta,Odonata,Pseudostigmatidae,"Mecistogaster jocaste"
Insecta,Odonata,Pseudostigmatidae,"Mecistogaster buckleyi"
Insecta,Lepidoptera,Nymphalidae,"Mechanitis polymnia angustifascia"
Insecta,Lepidoptera,Nymphalidae,"Mechanitis mazaeus mazaeus"
Insecta,Lepidoptera,Erebidae,"Agyrta pandemia"
Equisetopsida,Myrtales,Melastomataceae,"Miconia splendens"
Aves,Passeriformes,Cotingidae,"Lipaugus vociferans"
Insecta,Lepidoptera,Hesperiidae,"Pythonides grandis assecla"
Aves,Psittaciformes,Psittacidae,"Pyrrhura rupicola"
Equisetopsida,Rosales,Urticaceae,"Cecropia engleriana"
Equisetopsida,Rosales,Urticaceae,"Cecropia ficifolia"
Insecta,Lepidoptera,Nymphalidae,"Memphis polycarmes"
Actinopterygii,Characiformes,Lebiasinidae,"Pyrrhulina vittata"
Insecta,Lepidoptera,Erebidae,"Agyrta dux"
Equisetopsida,Rosales,Urticaceae,"Cecropia latiloba"
Equisetopsida,Rosales,Urticaceae,"Cecropia membranacea"
Insecta,Lepidoptera,Hesperiidae,"Pyrrhopygopsis socrates orasus"
Equisetopsida,Rosales,Urticaceae,"Cecropia obtusifolia"
Equisetopsida,Rosales,Urticaceae,"Cecropia peltata"
Equisetopsida,Rosales,Urticaceae,"Cecropia polystachya"
Equisetopsida,Rosales,Urticaceae,"Cecropia sciadophylla"
Insecta,Lepidoptera,Nymphalidae,"Memphis polyxo"
Insecta,Lepidoptera,Hesperiidae,"Pyrrhopyge proculus drauti"
Equisetopsida,Myrtales,Myrtaceae,"Myrcia densiflora"
Insecta,Lepidoptera,Hesperiidae,"Pyrrhopyge cometes"
Insecta,Lepidoptera,Hesperiidae,"Aguna coleus"
Aves,Passeriformes,Tyrannidae,"Pyrrhomyias cinnamomeus"
Insecta,Lepidoptera,Nymphalidae,"Mechanitis lysimnia menecles"
Equisetopsida,Sapindales,Meliaceae,"Cedrela fissilis"
Insecta,Lepidoptera,Nymphalidae,"Pyrrhogyra otolais olivenca"
Insecta,Lepidoptera,Nymphalidae,"Pyrrhogyra neaerea amphiro"
Insecta,Lepidoptera,Nymphalidae,"Pyrrhogyra edocla cuparina"
Insecta,Lepidoptera,Nymphalidae,"Pyrrhogyra crameri hagnodorus"
Equisetopsida,Lamiales,Bignoniaceae,"Pyrostegia venusta"
Insecta,Lepidoptera,Hesperiidae,"Aguna aurunce"
Equisetopsida,Fabales,Fabaceae,"Cedrelinga cateniformis"
Equisetopsida,Myrtales,Myrtaceae,"Myrcia guianensis"
Equisetopsida,Malvales,Malvaceae,"Ceiba insignis"
Equisetopsida,Malvales,Malvaceae,"Ceiba lupuna"
Insecta,Lepidoptera,Erebidae,"Aclytia gynamorpha"
Equisetopsida,Malvales,Malvaceae,"Ceiba pentandra"
Insecta,Lepidoptera,Hesperiidae,"Celaenorrhinus disjunctus"
Equisetopsida,Myrtales,Myrtaceae,"Myrcia hylobates"
Insecta,Lepidoptera,Hesperiidae,"Celaenorrhinus jao"
Insecta,Lepidoptera,Hesperiidae,"Celaenorrhinus shema shema"
Insecta,Lepidoptera,Hesperiidae,"Celaenorrhinus syllius"
Aves,Passeriformes,Tyrannidae,"Pyrocephalus rubinus"
Equisetopsida,Myrtales,Melastomataceae,"Miconia sulcicaulis"
Insecta,Lepidoptera,Pieridae,"Pyrisitia nice"
Insecta,Lepidoptera,Pieridae,"Pyrisitia leuce flavilla"
Aves,Piciformes,Picidae,"Celeus elegans"
Aves,Piciformes,Picidae,"Celeus flavus"
Aves,Psittaciformes,Psittacidae,"Pyrilia barrabandi"
Aves,Piciformes,Picidae,"Celeus grammicus"
Aves,Piciformes,Picidae,"Celeus spectabilis"
Aves,Piciformes,Picidae,"Celeus torquatus"
Insecta,Lepidoptera,Lycaenidae,"Celmia celmus"
Equisetopsida,Myrtales,Melastomataceae,"Miconia symplectocaulos"
Equisetopsida,Asterales,Asteraceae,"Mikania lindleyana"
Equisetopsida,Myrtales,Melastomataceae,"Miconia trinervia"
Equisetopsida,Rosales,Cannabaceae,"Celtis iguanaea"
Insecta,Lepidoptera,Hesperiidae,"Lindra boliviana"
Equisetopsida,Myrtales,Melastomataceae,"Miconia triplinervis"
Equisetopsida,Malpighiales,Achariaceae,"Lindackeria paludosa"
Insecta,Lepidoptera,Nymphalidae,"Memphis xenocles xenocles"
Equisetopsida,Rosales,Cannabaceae,"Celtis schippii"
Aves,Passeriformes,Hirundinidae,"Pygochelidon cyanoleuca"
Insecta,Lepidoptera,Erebidae,"Centronia capysca"
Insecta,Lepidoptera,Erebidae,"Centronia demonis"
Insecta,Lepidoptera,Erebidae,"Centronia dodaba"
Insecta,Lepidoptera,Erebidae,"Centronia grisescens"
Insecta,Lepidoptera,Erebidae,"Centronia hypoleuca"
Insecta,Lepidoptera,Erebidae,"Centronia lenaeus"
Insecta,Lepidoptera,Erebidae,"Centronia melanitis"
Equisetopsida,Myrtales,Myrtaceae,"Myrcia neospeciosa"
Aves,Passeriformes,Thamnophilidae,"Pygiptila stellaris"
Aves,Passeriformes,Cotingidae,"Cephalopterus ornatus"
Insecta,Hymenoptera,Formicidae,"Cephalotes umbraculatus"
Insecta,Lepidoptera,Nymphalidae,"Cepheuptychia cephus cephus"
Insecta,Lepidoptera,Riodinidae,"Melanis xarifa quadripunctata"
Insecta,Lepidoptera,Hesperiidae,"Cephise cephise"
Insecta,Lepidoptera,Erebidae,"Ceramidia fumipennis"
Insecta,Lepidoptera,Nymphalidae,"Ceratinia neso peruensis"
Insecta,Lepidoptera,Nymphalidae,"Ceratinia tutia fuscens"
Insecta,Lepidoptera,Nymphalidae,"Ceratiscada hymen hymen"
Mammalia,Carnivora,Felidae,"Puma yagouaroundi"
Aves,Passeriformes,Pipridae,"Ceratopipra chloromeros"
Aves,Passeriformes,Pipridae,"Ceratopipra rubrocapilla"
Aves,Passeriformes,Thamnophilidae,"Cercomacra cinerascens"
Aves,Passeriformes,Thamnophilidae,"Cercomacra manu"
Aves,Passeriformes,Thamnophilidae,"Cercomacroides nigrescens"
Aves,Passeriformes,Thamnophilidae,"Cercomacroides serva"
Mammalia,Carnivora,Felidae,"Puma concolor"
Insecta,Lepidoptera,Saturniidae,"Cerodirphia araguensis"
Insecta,Lepidoptera,Saturniidae,"Cerodirphia speciosa"
Equisetopsida,Asterales,Asteraceae,"Mikania aquaria"
Insecta,Diptera,Asilidae,"Cerotainia debilis"
Insecta,Diptera,Asilidae,"Cerotainia marginata"
Insecta,Lepidoptera,Erebidae,"Aclytia heber"
Aves,Passeriformes,Furnariidae,"Certhiaxis cinnamomeus"
Aves,Strigiformes,Strigidae,"Pulsatrix perspicillata"
Insecta,Lepidoptera,Hesperiidae,"Mictris crispus"
Aves,Strigiformes,Strigidae,"Pulsatrix melanota"
Equisetopsida,Lamiales,Acanthaceae,"Pulchranthus adenostachyus"
Equisetopsida,Solanales,Solanaceae,"Cestrum reflexum"
Insecta,Lepidoptera,Erebidae,"Ptychotrichus zeus"
Insecta,Lepidoptera,Erebidae,"Aclytia klagesi"
Equisetopsida,Lamiales,Acanthaceae,"Mendoncia aspera"
Insecta,Lepidoptera,Nymphalidae,"Pteronymia forsteri"
Aves,Falconiformes,Falconidae,"Micrastur gilvicollis"
Insecta,Lepidoptera,Nymphalidae,"Pteronymia antisao guntheri"
Insecta,Lepidoptera,Erebidae,"Aclytia petra"
Aves,Falconiformes,Falconidae,"Micrastur mirandollei"
Aves,Falconiformes,Falconidae,"Micrastur ruficollis"
Mammalia,Carnivora,Mustelidae,"Pteronura brasiliensis"
Mammalia,Cetartiodactyla,Cervidae,"Mazama americana"
Equisetopsida,Laurales,Lauraceae,"Licaria canella"
Aves,Apodiformes,Apodidae,"Chaetura brachyura"
Equisetopsida,Myrtales,Myrtaceae,"Myrcia simulata"
Equisetopsida,Alismatales,Araceae,"Monstera lechleriana"
Aves,Passeriformes,Furnariidae,"Microxenops milleri"
Equisetopsida,Laurales,Lauraceae,"Licaria aurea"
Aves,Apodiformes,Apodidae,"Chaetura cinereiventris"
Equisetopsida,Laurales,Lauraceae,"Licaria armeniaca"
Equisetopsida,Myrtales,Myrtaceae,"Myrcia splendens"
Insecta,Odonata,Pseudostigmatidae,"Microstigma anomalum"
Insecta,Lepidoptera,Riodinidae,"Melanis marathon stenotaenia"
Aves,Apodiformes,Apodidae,"Chaetura egregia"
Aves,Falconiformes,Falconidae,"Micrastur semitorquatus"
Insecta,Lepidoptera,Erebidae,"Aclytia reducta"
Insecta,Odonata,Libellulidae,"Micrathyria artemis"
Insecta,Odonata,Libellulidae,"Micrathyria atra"
Equisetopsida,Malpighiales,Chrysobalanaceae,"Licania harlingii"
Equisetopsida,Malpighiales,Chrysobalanaceae,"Licania canescens"
Equisetopsida,Celastrales,Celastraceae,"Maytenus sprucei"
Aves,Piciformes,Ramphastidae,"Pteroglossus inscriptus"
Actinopterygii,Characiformes,Chalceidae,"Chalceus erythrurus"
Aves,Piciformes,Ramphastidae,"Pteroglossus castanotis"
Equisetopsida,Alismatales,Araceae,"Monstera obliqua"
Insecta,Odonata,Libellulidae,"Micrathyria dido"
Insecta,Odonata,Libellulidae,"Micrathyria dythemoides"
Equisetopsida,Celastrales,Celastraceae,"Maytenus macrocarpa"
Insecta,Odonata,Libellulidae,"Micrathyria hippolyte"
Insecta,Lepidoptera,Nymphalidae,"Libytheana carinenta carinenta"
Insecta,Odonata,Polythoridae,"Chalcopteryx rutilans"
Insecta,Lepidoptera,Riodinidae,"Chalodeta chaonitis"
Insecta,Lepidoptera,Riodinidae,"Chalodeta lypera"
Equisetopsida,Rosales,Urticaceae,"Myriocarpa longipes"
Aves,Piciformes,Ramphastidae,"Pteroglossus beauharnaesii"
Insecta,Lepidoptera,Riodinidae,"Chalodeta theodora theodora"
Equisetopsida,Arecales,Arecaceae,"Chamaedorea angustisecta"
Equisetopsida,Arecales,Arecaceae,"Chamaedorea pauciflora"
Equisetopsida,Arecales,Arecaceae,"Chamaedorea pinnatifrons"
Aves,Piciformes,Ramphastidae,"Pteroglossus azara"
Insecta,Lepidoptera,Riodinidae,"Chamaelimnas tircis iaeris"
Insecta,Lepidoptera,Riodinidae,"Chamaelimnas urbana"
Equisetopsida,Fabales,Fabaceae,"Pterocarpus santalinoides"
Equisetopsida,Asterales,Asteraceae,"Acmella ciliata"
Equisetopsida,Fabales,Fabaceae,"Pterocarpus rohrii"
Aves,Passeriformes,Formicariidae,"Chamaeza nobilis"
Equisetopsida,Fabales,Fabaceae,"Pterocarpus amazonum"
Equisetopsida,Polypodiales,Pteridaceae,"Pteris pungens"
Actinopterygii,Characiformes,Crenuchidae,"Characidium bolivianum"
Aves,Charadriiformes,Charadriidae,"Charadrius collaris"
Actinopterygii,Characiformes,Characidae,"Charax caudimaculatus"
Equisetopsida,Gentianales,Rubiaceae,"Psychotria viridis"
Actinopterygii,Characiformes,Characidae,"Charax tectifer"
Insecta,Odonata,Libellulidae,"Micrathyria laevigata"
Insecta,Lepidoptera,Riodinidae,"Charis anius"
Insecta,Lepidoptera,Riodinidae,"Charis gynaea zama"
Insecta,Lepidoptera,Erebidae,"Leucotmemis varipes"
Insecta,Odonata,Libellulidae,"Micrathyria mengeri"
Equisetopsida,Asparagales,Orchidaceae,"Chaubardia klugii"
Insecta,Odonata,Libellulidae,"Micrathyria romani"
Insecta,Lepidoptera,Erebidae,"Leucotmemis tenthredoides"
Insecta,Lepidoptera,Erebidae,"Leucotmemis hemileuca"
Insecta,Lepidoptera,Erebidae,"Leucotmemis emergens"
Insecta,Diptera,Tabanidae,"Leucotabanus weyrauchi"
Insecta,Diptera,Tabanidae,"Leucotabanus flavinotum"
Insecta,Diptera,Tabanidae,"Leucotabanus exaestuans"
Insecta,Diptera,Tabanidae,"Leucotabanus albovarius"
Insecta,Odonata,Libellulidae,"Micrathyria tibialis"
Aves,Anseriformes,Anhimidae,"Chauna torquata"
Mammalia,Pilosa,Myrmecophagidae,"Myrmecophaga tridactyla"
Aves,Accipitriformes,Accipitridae,"Leucopternis kuhli"
Equisetopsida,Gentianales,Rubiaceae,"Psychotria trivialis"
Equisetopsida,Celastrales,Celastraceae,"Cheiloclinium cognatum"
Equisetopsida,Celastrales,Celastraceae,"Cheiloclinium hippocrateoides"
Equisetopsida,Celastrales,Celastraceae,"Cheiloclinium klugii"
Equisetopsida,Gentianales,Rubiaceae,"Psychotria santaremica"
Actinopterygii,Siluriformes,Pimelodidae,"Cheirocerus eques"
Aves,Charadriiformes,Laridae,"Leucophaeus pipixcan"
Insecta,Lepidoptera,Erebidae,"Myrmecopsis caurensis"
Insecta,Lepidoptera,Erebidae,"Myrmecopsis ichneumonea"
Insecta,Lepidoptera,Erebidae,"Myrmecopsis polistes"
Insecta,Hymenoptera,Formicidae,"Myrmelachista schumanni"
Aves,Passeriformes,Polioptilidae,"Microbates cinereiventris"
Actinopterygii,Characiformes,Characidae,"Cheirodon ortegai"
Aves,Passeriformes,Thamnophilidae,"Myrmelastes hyperythrus"
Aves,Galbuliformes,Bucconidae,"Chelidoptera tenebrosa"
Equisetopsida,Gentianales,Rubiaceae,"Psychotria remota"
Equisetopsida,Gentianales,Rubiaceae,"Psychotria ortiziana"
Actinopterygii,Characiformes,Chilodontidae,"Chilodus fritillus"
Insecta,Coleoptera,Carabidae,"Chiloxia binotata"
Equisetopsida,Gentianales,Rubiaceae,"Chimarrhis glabriflora"
Equisetopsida,Gentianales,Rubiaceae,"Chimarrhis hookeri"
Equisetopsida,Gentianales,Rubiaceae,"Psychotria juninensis"
Equisetopsida,Gentianales,Rubiaceae,"Psychotria herzogii"
Equisetopsida,Gentianales,Rubiaceae,"Psychotria guianensis"
Aves,Apodiformes,Trochilidae,"Chionomesa lactea"
Mammalia,Chiroptera,Phyllostomidae,"Chiroderma salvini"
Aves,Passeriformes,Troglodytidae,"Microcerculus marginatus"
Equisetopsida,Gentianales,Rubiaceae,"Psychotria carthagenensis"
Mammalia,Chiroptera,Phyllostomidae,"Chiroderma villosum"
Mammalia,Didelphimorphia,Didelphidae,"Chironectes minimus"
Equisetopsida,Gentianales,Rubiaceae,"Psychotria anceps"
Aves,Gruiformes,Psophiidae,"Psophia leucoptera"
Aves,Passeriformes,Pipridae,"Chiroxiphia boliviana"
Insecta,Diptera,Asilidae,"Acronyches fenestratulus"
Aves,Charadriiformes,Laridae,"Chlidonias niger"
Insecta,Lepidoptera,Hesperiidae,"Chloeria psittacina"
Insecta,Lepidoptera,Erebidae,"Psoloptera thoracica"
Aves,Apodiformes,Trochilidae,"Chlorestes cyanus"
Insecta,Lepidoptera,Nymphalidae,"Chloreuptychia arnaca"
Insecta,Lepidoptera,Nymphalidae,"Actinote pellenea hyalina"
Insecta,Lepidoptera,Nymphalidae,"Chloreuptychia catharina"
Aves,Psittaciformes,Psittacidae,"Psittacara leucophthalmus"
Insecta,Lepidoptera,Nymphalidae,"Chloreuptychia herseis"
Aves,Coraciiformes,Alcedinidae,"Chloroceryle aenea"
Aves,Galbuliformes,Bucconidae,"Monasa morphoeus"
Aves,Coraciiformes,Alcedinidae,"Chloroceryle amazona"
Equisetopsida,Santalales,Loranthaceae,"Psittacanthus acinarius"
Aves,Coraciiformes,Alcedinidae,"Chloroceryle americana"
Aves,Coraciiformes,Alcedinidae,"Chloroceryle inda"
Equisetopsida,Cucurbitales,Cucurbitaceae,"Psiguria triphylla"
Insecta,Lepidoptera,Riodinidae,"Leucochimona metata chionea"
Equisetopsida,Cucurbitales,Cucurbitaceae,"Psiguria ternata"
Insecta,Lepidoptera,Riodinidae,"Leucochimona matisca"
Equisetopsida,Celastrales,Celastraceae,"Maytenus ebenifolia"
Equisetopsida,Myrtales,Myrtaceae,"Psidium friedrichsthalianum"
Equisetopsida,Magnoliales,Annonaceae,"Pseudoxandra polyphleba"
Aves,Passeriformes,Thraupidae,"Chlorophanes spiza"
Aves,Passeriformes,Fringillidae,"Chlorophonia cyanea"
Actinopterygii,Siluriformes,Trichomycteridae,"Pseudostegophilus nemurus"
Insecta,Lepidoptera,Saturniidae,"Leucanella maasseni"
Aves,Passeriformes,Passerellidae,"Chlorospingus canigularis"
Insecta,Lepidoptera,Sphingidae,"Pseudosphinx tetrio"
Insecta,Lepidoptera,Erebidae,"Pseudosphex tetrazona"
Insecta,Lepidoptera,Erebidae,"Pseudosphex pelopia"
Aves,Passeriformes,Thamnophilidae,"Myrmoborus leucophrys"
Insecta,Odonata,Lestidae,"Lestes pictus"
Insecta,Lepidoptera,Erebidae,"Pseudosphex munda"
Insecta,Lepidoptera,Erebidae,"Pseudosphex fulvisphex"
Insecta,Lepidoptera,Erebidae,"Pseudosphex faveria"
Insecta,Lepidoptera,Erebidae,"Pseudosphex caurensis"
Insecta,Lepidoptera,Erebidae,"Pseudosphex analis"
Aves,Passeriformes,Thamnophilidae,"Myrmoborus lophotes"
Insecta,Lepidoptera,Erebidae,"Pseudosphenoptera chimaera"
Equisetopsida,Cucurbitales,Cucurbitaceae,"Pseudosicydium acaranthum"
Insecta,Lepidoptera,Nymphalidae,"Pseudoscada timna"
Aves,Apodiformes,Trochilidae,"Chlorostilbon mellisugus"
Insecta,Diptera,Asilidae,"Pseudorus distendens"
Insecta,Diptera,Asilidae,"Pseudorus dimidiatus"
Insecta,Diptera,Tabanidae,"Chlorotabanus inanis"
Insecta,Diptera,Tabanidae,"Chlorotabanus pleucochlorus"
Aves,Passeriformes,Thamnophilidae,"Microrhopias quixensis"
Aves,Passeriformes,Cardinalidae,"Chlorothraupis carmioli"
Insecta,Hymenoptera,Formicidae,"Pseudoponera stigma"
Insecta,Hymenoptera,Formicidae,"Pseudoponera gilberti"
Aves,Charadriiformes,Scolopacidae,"Actitis macularius"
Aves,Passeriformes,Thamnophilidae,"Myrmoborus myotherinus"
Actinopterygii,Siluriformes,Pimelodidae,"Pseudoplatystoma punctifer"
Mammalia,Pilosa,Choloepodidae,"Choloepus hoffmanni"
Equisetopsida,Gentianales,Rubiaceae,"Chomelia apodantha"
Equisetopsida,Fabales,Fabaceae,"Pseudopiptadenia suaveolens"
Equisetopsida,Gentianales,Rubiaceae,"Chomelia tenuiflora"
Equisetopsida,Ranunculales,Menispermaceae,"Chondrodendron tomentosum"
Aves,Accipitriformes,Accipitridae,"Chondrohierax uncinatus"
Equisetopsida,Icacinales,Icacinaceae,"Leretia cordata"
Insecta,Lepidoptera,Pieridae,"Pseudopieris nehemia melania"
Aves,Caprimulgiformes,Caprimulgidae,"Chordeiles acutipennis"
Insecta,Hymenoptera,Formicidae,"Pseudomyrmex tenuis"
Insecta,Hymenoptera,Formicidae,"Pseudomyrmex pupa"
Equisetopsida,Ericales,Sapotaceae,"Micropholis venulosa"
Insecta,Hymenoptera,Formicidae,"Pseudomyrmex gracilis"
Insecta,Hymenoptera,Formicidae,"Pseudomyrmex dendroicus"
Insecta,Lepidoptera,Erebidae,"Pseudomya vindonissa"
Equisetopsida,Alismatales,Araceae,"Monstera pinnatipartita"
Insecta,Lepidoptera,Erebidae,"Pseudomya tipulina"
Aves,Columbiformes,Columbidae,"Leptotila verreauxi"
Insecta,Lepidoptera,Erebidae,"Pseudomya tetraema"
Aves,Caprimulgiformes,Caprimulgidae,"Chordeiles minor"
Insecta,Lepidoptera,Erebidae,"Pseudomya temenus"
Insecta,Lepidoptera,Erebidae,"Pseudomya obscura"
Insecta,Lepidoptera,Erebidae,"Pseudomya lasiphlebia"
Insecta,Lepidoptera,Erebidae,"Pseudomya fumosa"
Insecta,Lepidoptera,Erebidae,"Pseudomya cassandra"
Aves,Passeriformes,Thamnophilidae,"Myrmophylax atrothorax"
Equisetopsida,Magnoliales,Annonaceae,"Pseudomalmea diclina"
Equisetopsida,Rosales,Moraceae,"Pseudolmedia rigida"
Aves,Caprimulgiformes,Caprimulgidae,"Chordeiles rupestris"
Equisetopsida,Rosales,Moraceae,"Pseudolmedia murure"
Equisetopsida,Rosales,Moraceae,"Pseudolmedia macrophylla"
Equisetopsida,Rosales,Moraceae,"Pseudolmedia laevis"
Equisetopsida,Asterales,Asteraceae,"Chromolaena laevigata"
Equisetopsida,Rosales,Moraceae,"Pseudolmedia laevigata"
Aves,Passeriformes,Grallariidae,"Myrmothera berlepschi"
Equisetopsida,Polypodiales,Polypodiaceae,"Microgramma dictyophylla"
Insecta,Lepidoptera,Erebidae,"Chrostosoma flavothorax"
Insecta,Lepidoptera,Erebidae,"Chrostosoma metallescens"
Insecta,Lepidoptera,Erebidae,"Chrostosoma phoenicophora"
Insecta,Lepidoptera,Erebidae,"Chrostosoma stilbosticta"
Insecta,Lepidoptera,Erebidae,"Chrostosoma subflamma"
Insecta,Lepidoptera,Erebidae,"Chrostosoma telepus"
Insecta,Lepidoptera,Erebidae,"Chrostosoma tenthras"
Equisetopsida,Ericales,Sapotaceae,"Micropholis melinoniana"
Aves,Columbiformes,Columbidae,"Leptotila rufaxilla"
Insecta,Lepidoptera,Erebidae,"Chrostosoma thoracicum"
Equisetopsida,Polypodiales,Polypodiaceae,"Microgramma reptans"
Insecta,Lepidoptera,Erebidae,"Chrostosoma xanthostictum"
Mammalia,Chiroptera,Phyllostomidae,"Chrotopterus auritus"
Insecta,Lepidoptera,Saturniidae,"Pseudodirphia uniformis"
Insecta,Lepidoptera,Saturniidae,"Pseudodirphia obliqua"
Insecta,Lepidoptera,Saturniidae,"Pseudodirphia eumedidoides"
Equisetopsida,Alismatales,Araceae,"Monstera spruceana"
Insecta,Lepidoptera,Saturniidae,"Pseudodirphia agis"
Aves,Passeriformes,Grallariidae,"Myrmothera campanisona"
Insecta,Lepidoptera,Nymphalidae,"Pseudodebis valentina"
Insecta,Lepidoptera,Nymphalidae,"Pseudodebis marpessa"
Insecta,Lepidoptera,Nymphalidae,"Pseudodebis griseola"
Equisetopsida,Ericales,Sapotaceae,"Chrysophyllum pomiferum"
Aves,Passeriformes,Thamnophilidae,"Myrmotherula axillaris"
Equisetopsida,Oxalidales,Connaraceae,"Pseudoconnarus macrophyllus"
Equisetopsida,Ericales,Sapotaceae,"Chrysophyllum venezuelanense"
Aves,Passeriformes,Tyrannidae,"Pseudocolopteryx acutipennis"
Equisetopsida,Ericales,Sapotaceae,"Micropholis guyanensis"
Insecta,Lepidoptera,Hesperiidae,"Chrysoplectrum perniciosus perniciosus"
Insecta,Lepidoptera,Hesperiidae,"Chrysoplectrum pervivax"
Insecta,Diptera,Tabanidae,"Chrysops bulbicornis"
Insecta,Diptera,Tabanidae,"Chrysops calogaster"
Insecta,Diptera,Tabanidae,"Chrysops ecuadorensis"
Insecta,Diptera,Tabanidae,"Chrysops insisus"
Insecta,Diptera,Tabanidae,"Chrysops leucospilus"
Insecta,Diptera,Tabanidae,"Chrysops varians var. Turdus"
Insecta,Diptera,Tabanidae,"Chrysops variegata"
Insecta,Diptera,Tabanidae,"Chrysops weberi"
Aves,Apodiformes,Trochilidae,"Chrysuronia oenone"
Equisetopsida,Malvales,Malvaceae,"Pseudobombax munguba"
Insecta,Lepidoptera,Saturniidae,"Pseudatomeris lata"
Insecta,Lepidoptera,Saturniidae,"Pseudatomeris irene arminirene"
Aves,Passeriformes,Thamnophilidae,"Myrmotherula brachyura"
Aves,Accipitriformes,Accipitridae,"Pseudastur albicollis"
Aves,Strigiformes,Strigidae,"Ciccaba huhula"
Aves,Passeriformes,Tyrannidae,"Leptopogon amaurocephalus"
Aves,Strigiformes,Strigidae,"Ciccaba virgata"
Actinopterygii,Cichliformes,Cichlidae,"Cichlasoma amazonarum"
Insecta,Lepidoptera,Erebidae,"Pseudaclytia opponens"
Insecta,Hymenoptera,Formicidae,"Leptogenys langi"
Insecta,Lepidoptera,Erebidae,"Pseudaclytia minor"
Insecta,Lepidoptera,Saturniidae,"Psedatomeris pobli"
Actinopterygii,Characiformes,Curimatidae,"Psectrogaster rutiloides"
Equisetopsida,Ericales,Sapotaceae,"Micropholis egensis"
Aves,Accipitriformes,Accipitridae,"Leptodon cayanensis"
Actinopterygii,Cichliformes,Cichlidae,"Cichlasoma boliviense"
Aves,Passeriformes,Icteridae,"Molothrus oryzivorus"
Insecta,Coleoptera,Carabidae,"Cicindela argentata"
Insecta,Coleoptera,Carabidae,"Cicindela suturalis"
Aves,Passeriformes,Icteridae,"Psarocolius decumanus"
Aves,Passeriformes,Icteridae,"Psarocolius bifasciatus"
Aves,Passeriformes,Icteridae,"Psarocolius angustifrons"
Mammalia,Chiroptera,Phyllostomidae,"Micronycteris minuta"
Insecta,Odonata,Protoneuridae,"Psaironeura cerasina"
Equisetopsida,Malpighiales,Euphorbiaceae,"Alchornea castaneifolia"
Aves,Passeriformes,Icteridae,"Molothrus bonariensis"
Equisetopsida,Asparagales,Iridaceae,"Cipura paludosa"
Equisetopsida,Rosales,Rosaceae,"Prunus detrita"
Equisetopsida,Rosales,Rosaceae,"Prunus debilis"
Equisetopsida,Malpighiales,Achariaceae,"Mayna odorata"
Aves,Piciformes,Picidae,"Melanerpes cruentatus"
Equisetopsida,Rosales,Rosaceae,"Prunus amplifolia"
Insecta,Lepidoptera,Nymphalidae,"Cisandina philippa"
Equisetopsida,Malpighiales,Euphorbiaceae,"Alchornea discolor"
Insecta,Lepidoptera,Hesperiidae,"Molo mango"
Insecta,Lepidoptera,Nymphalidae,"Cissia myncea"
Insecta,Hymenoptera,Formicidae,"Mayaponera constricta"
Aves,Passeriformes,Thamnophilidae,"Myrmotherula iheringi"
Equisetopsida,Malpighiales,Euphorbiaceae,"Alchornea glandulosa"
Insecta,Lepidoptera,Nymphalidae,"Cissia palladia"
Insecta,Odonata,Protoneuridae,"Protoneura tenuis"
Insecta,Odonata,Protoneuridae,"Protoneura paucinervis"
Equisetopsida,Malpighiales,Chrysobalanaceae,"Leptobalanus octandrus"
Equisetopsida,Solanales,Convolvulaceae,"Merremia umbellata"
Insecta,Lepidoptera,Papilionidae,"Protographium agesilaus autosilaus"
Aves,Passeriformes,Thamnophilidae,"Myrmotherula longicauda"
Equisetopsida,Malpighiales,Euphorbiaceae,"Alchornea triplinervia"
Insecta,Lepidoptera,Riodinidae,"Alesa amesis"
Equisetopsida,Malpighiales,Chrysobalanaceae,"Leptobalanus apetalus"
Actinopterygii,Siluriformes,Callichthyidae,"Lepthoplosternum beni"
Insecta,Lepidoptera,Nymphalidae,"Cissia proba"
Equisetopsida,Sapindales,Burseraceae,"Protium unifoliolatum"
Equisetopsida,Sapindales,Burseraceae,"Protium tenuifolium"
Aves,Passeriformes,Thraupidae,"Cissopis leverianus"
Equisetopsida,Vitales,Vitaceae,"Cissus alata"
Equisetopsida,Sapindales,Burseraceae,"Protium stevensonii"
Equisetopsida,Vitales,Vitaceae,"Cissus glaucotricha"
Aves,Passeriformes,Thamnophilidae,"Myrmotherula longipennis"
Equisetopsida,Vitales,Vitaceae,"Cissus pseudoverticillata"
Equisetopsida,Sapindales,Burseraceae,"Protium spruceanum"
Equisetopsida,Vitales,Vitaceae,"Cissus rubropilosa"
Equisetopsida,Vitales,Vitaceae,"Cissus trigona"
Equisetopsida,Sapindales,Burseraceae,"Protium sagotianum"
Equisetopsida,Sapindales,Burseraceae,"Protium robustum"
Insecta,Lepidoptera,Riodinidae,"Alesa hemiurga"
Equisetopsida,Sapindales,Burseraceae,"Protium rhynchophyllum"
Insecta,Lepidoptera,Nymphalidae,"Cithaerias pireta"
Insecta,Lepidoptera,Nymphalidae,"Cithaerias pireta tambopata"
Equisetopsida,Sapindales,Burseraceae,"Protium puncticulatum"
Insecta,Lepidoptera,Saturniidae,"Citheronia (Citheronia) phoronea"
Equisetopsida,Sapindales,Burseraceae,"Protium paniculatum"
Equisetopsida,Sapindales,Burseraceae,"Protium pallidum"
Aves,Columbiformes,Columbidae,"Claravis pretiosa"
Equisetopsida,Sapindales,Burseraceae,"Protium klugii"
Equisetopsida,Rosales,Moraceae,"Clarisia biflora"
Equisetopsida,Gentianales,Rubiaceae,"Alibertia claviflora"
Equisetopsida,Sapindales,Burseraceae,"Protium goudotianum"
Equisetopsida,Rosales,Moraceae,"Clarisia racemosa"
Equisetopsida,Sapindales,Burseraceae,"Protium glabrescens"
Equisetopsida,Ericales,Primulaceae,"Clavija cardenasii"
Actinopterygii,Characiformes,Anostomidae,"Leporinus yophorus"
Actinopterygii,Characiformes,Anostomidae,"Leporinus striatus"
Aves,Passeriformes,Thamnophilidae,"Myrmotherula menetriesii"
Equisetopsida,Ericales,Primulaceae,"Clavija poeppigii"
Equisetopsida,Gentianales,Apocynaceae,"Mesechites trifidus"
Actinopterygii,Characiformes,Anostomidae,"Leporinus friderici"
Equisetopsida,Ericales,Primulaceae,"Clavija tarapotana"
Equisetopsida,Sapindales,Burseraceae,"Protium excelsior"
Equisetopsida,Ericales,Primulaceae,"Clavija weberbaueri"
Equisetopsida,Gentianales,Rubiaceae,"Alibertia latifolia"
Equisetopsida,Brassicales,Cleomaceae,"Cleome virens"
Equisetopsida,Gentianales,Apocynaceae,"Allamanda cathartica"
Insecta,Diptera,Tabanidae,"Lepiselaga crassipes"
Equisetopsida,Ericales,Lecythidaceae,"Allantoma decandra"
Equisetopsida,Sapindales,Burseraceae,"Protium aracouchini"
Equisetopsida,Sapindales,Burseraceae,"Protium apiculatum"
Equisetopsida,Sapindales,Burseraceae,"Protium amazonicum"
Insecta,Lepidoptera,Erebidae,"Sphecosoma surrentum"
Aves,Passeriformes,Pipridae,"Lepidothrix coronata"
Aves,Passeriformes,Furnariidae,"Clibanornis rubiginosus"
Insecta,Lepidoptera,Papilionidae,"Protesilaus telesilaus telesilaus"
Insecta,Lepidoptera,Papilionidae,"Protesilaus macrosilaus hetaerius"
Insecta,Lepidoptera,Papilionidae,"Protesilaus glaucoaus leucas"
Insecta,Lepidoptera,Papilionidae,"Protesilaus ariarathes gayi"
Insecta,Lepidoptera,Hesperiidae,"Proteides mercurius mercurius"
Equisetopsida,Asparagales,Orchidaceae,"Prosthechea vespa"
Aves,Passeriformes,Thamnophilidae,"Myrmotherula sclateri"
Insecta,Lepidoptera,Hesperiidae,"Clito clito"
Actinopterygii,Characiformes,Characidae,"Clupeacharax anchoveoides"
Insecta,Lepidoptera,Hesperiidae,"Propertius propertius"
Insecta,Lepidoptera,Hesperiidae,"Propapias proximus"
Insecta,Diptera,Asilidae,"Promachus horni"
Insecta,Odonata,Gomphidae,"Progomphus boliviensis"
Aves,Passeriformes,Hirundinidae,"Progne tapera"
Insecta,Lepidoptera,Erebidae,"Clystea aner"
Insecta,Lepidoptera,Erebidae,"Clystea eliza"
Insecta,Lepidoptera,Erebidae,"Clystea leucaspis"
Aves,Passeriformes,Hirundinidae,"Progne chalybea"
Aves,Passeriformes,Tyrannidae,"Cnemotriccus fuscatus"
Mammalia,Rodentia,Echimyidae,"Proechimys simonsi"
Aves,Passeriformes,Tyrannidae,"Cnipodectes superrufus"
Insecta,Lepidoptera,Hesperiidae,"Cobalopsis nero"
Insecta,Lepidoptera,Hesperiidae,"Cobalus calvina"
Insecta,Lepidoptera,Hesperiidae,"Cobalus virbius virbius"
Equisetopsida,Caryophyllales,Polygonaceae,"Coccoloba acuminata"
Mammalia,Rodentia,Echimyidae,"Proechimys brevicauda"
Equisetopsida,Fabales,Fabaceae,"Myroxylon balsamum"
Equisetopsida,Caryophyllales,Polygonaceae,"Coccoloba densifrons"
Equisetopsida,Caryophyllales,Polygonaceae,"Coccoloba excelsa"
Equisetopsida,Caryophyllales,Polygonaceae,"Coccoloba lehmannii"
Aves,Passeriformes,Furnariidae,"Lepidocolaptes duidae"
Equisetopsida,Caryophyllales,Polygonaceae,"Coccoloba mollis"
Mammalia,Carnivora,Procyonidae,"Procyon cancrivorus"
Insecta,Lepidoptera,Saturniidae,"Adeloneivaia boisduvalii"
Aves,Cuculiformes,Cuculidae,"Coccycua cinerea"
Aves,Cuculiformes,Cuculidae,"Coccycua minuta"
Aves,Pelecaniformes,Threskiornithidae,"Mesembrinibis cayennensis"
Aves,Cuculiformes,Cuculidae,"Coccyzus americanus"
Aves,Cuculiformes,Cuculidae,"Coccyzus erythropthalmus"
Equisetopsida,Malpighiales,Salicaceae,"Prockia crucis"
Aves,Cuculiformes,Cuculidae,"Coccyzus melacoryphus"
Insecta,Lepidoptera,Saturniidae,"Procitheronia fenestrata"
Aves,Pelecaniformes,Ardeidae,"Cochlearius cochlearius"
Actinopterygii,Characiformes,Prochilodontidae,"Prochilodus nigricans"
Mammalia,Rodentia,Erethizontidae,"Coendou bicolor"
Aves,Passeriformes,Thraupidae,"Coereba flaveola"
Equisetopsida,Poales,Poaceae,"Coix lacryma-jobi"
Aves,Piciformes,Picidae,"Colaptes punctigula"
Insecta,Lepidoptera,Saturniidae,"Adeloneivaia catoxantha catoxantha"
Insecta,Hymenoptera,Formicidae,"Prionopelta marthae"
Actinopterygii,Characiformes,Characidae,"Prionobrama filigera"
Equisetopsida,Asterales,Asteraceae,"Lepidaploa salzmannii"
Insecta,Lepidoptera,Saturniidae,"Adeloneivaia jason jason"
Mammalia,Cingulata,Chlamyphoridae,"Priodontes maximus"
Aves,Psittaciformes,Psittacidae,"Primolius couloni"
Insecta,Lepidoptera,Nymphalidae,"Colobura dirce dirce"
Insecta,Lepidoptera,Saturniidae,"Adeloneivaia subangulata subangulata"
Aves,Passeriformes,Tyrannidae,"Colonia colonus"
Equisetopsida,Gentianales,Apocynaceae,"Prestonia trifida"
Insecta,Lepidoptera,Riodinidae,"Adelotypa aminias aminias"
Equisetopsida,Gentianales,Apocynaceae,"Prestonia ornata"
Equisetopsida,Gentianales,Apocynaceae,"Prestonia mollis"
Insecta,Lepidoptera,Nymphalidae,"Prepona pheridamas"
Insecta,Lepidoptera,Nymphalidae,"Prepona laertes demodice"
Insecta,Lepidoptera,Nymphalidae,"Prepona dexamenus dexamenus"
Aves,Columbiformes,Columbidae,"Columbina picui"
Aves,Columbiformes,Columbidae,"Columbina talpacoti"
Equisetopsida,Rosales,Cannabaceae,"Pouzolzia obliqua"
Insecta,Lepidoptera,Riodinidae,"Adelotypa annulifera"
Equisetopsida,Ericales,Sapotaceae,"Pouteria trilocularis"
Equisetopsida,Myrtales,Combretaceae,"Combretum gracile"
Equisetopsida,Myrtales,Combretaceae,"Combretum laxum"
Equisetopsida,Myrtales,Combretaceae,"Combretum llewelynii"
Equisetopsida,Myrtales,Combretaceae,"Combretum paraguariense"
Equisetopsida,Myrtales,Combretaceae,"Combretum vernicosum"
Equisetopsida,Ericales,Sapotaceae,"Pouteria torta"
Equisetopsida,Ericales,Sapotaceae,"Pouteria tarapotensis"
Insecta,Lepidoptera,Riodinidae,"Adelotypa epixanthe"
Equisetopsida,Asparagales,Orchidaceae,"Comparettia micrantha"
Equisetopsida,Ericales,Sapotaceae,"Pouteria reticulata"
Insecta,Lepidoptera,Riodinidae,"Adelotypa huebneri pauxilla"
Mammalia,Carnivora,Felidae,"Leopardus wiedii"
Equisetopsida,Ericales,Sapotaceae,"Pouteria procera"
Insecta,Lepidoptera,Riodinidae,"""Adelotypa"" lampros"
Equisetopsida,Malpighiales,Euphorbiaceae,"Conceveiba guianensis"
Equisetopsida,Ericales,Sapotaceae,"Pouteria macrophylla"
Equisetopsida,Malpighiales,Euphorbiaceae,"Conceveiba rhytidocarpa"
Insecta,Lepidoptera,Riodinidae,"Adelotypa leucocyana"
Equisetopsida,Ericales,Sapotaceae,"Pouteria guianensis"
Insecta,Lepidoptera,Erebidae,"Sphecosoma mathani"
Aves,Passeriformes,Hirundinidae,"Stelgidopteryx ruficollis"
Equisetopsida,Ericales,Sapotaceae,"Pouteria franciscana"
Equisetopsida,Ericales,Sapotaceae,"Pouteria ephedrantha"
Equisetopsida,Ericales,Sapotaceae,"Pouteria elegans"
Equisetopsida,Ericales,Sapotaceae,"Pouteria durlandii"
Insecta,Lepidoptera,Riodinidae,"Adelotypa mollis asemna"
Mammalia,Carnivora,Felidae,"Leopardus pardalis"
Equisetopsida,Ericales,Sapotaceae,"Pouteria cuspidata"
Equisetopsida,Ericales,Sapotaceae,"Pouteria cladantha"
Equisetopsida,Ericales,Sapotaceae,"Pouteria caimito"
Equisetopsida,Ericales,Sapotaceae,"Pouteria bilocularis"
Equisetopsida,Ericales,Sapotaceae,"Pouteria bangii"
Equisetopsida,Rosales,Urticaceae,"Pourouma tomentosa"
Equisetopsida,Oxalidales,Connaraceae,"Connarus punctatus"
Equisetopsida,Rosales,Urticaceae,"Pourouma mollis"
Insecta,Lepidoptera,Nymphalidae,"Adelpha aethalia davisii"
Equisetopsida,Rosales,Urticaceae,"Pourouma minor"
Aves,Passeriformes,Conopophagidae,"Conopophaga peruviana"
Equisetopsida,Asparagales,Orchidaceae,"Maxillaria setigera"
Aves,Passeriformes,Thraupidae,"Conothraupis speculigera"
Insecta,Lepidoptera,Nymphalidae,"Consul fabius divisus"
Aves,Passeriformes,Tyrannidae,"Contopus cinereus"
Equisetopsida,Rosales,Urticaceae,"Pourouma guianensis"
Aves,Passeriformes,Tyrannidae,"Contopus cooperi"
Equisetopsida,Rosales,Urticaceae,"Pourouma cuspidata"
Equisetopsida,Rosales,Urticaceae,"Pourouma cucura"
Aves,Passeriformes,Tyrannidae,"Contopus virens"
Insecta,Lepidoptera,Nymphalidae,"Myscelia capenas octomaculata"
Equisetopsida,Rosales,Urticaceae,"Pourouma cecropiifolia"
Insecta,Lepidoptera,Hesperiidae,"Myscelus amystis mysus"
Equisetopsida,Rosales,Urticaceae,"Pourouma bicolor subsp. tessmannii"
Equisetopsida,Rosales,Urticaceae,"Pourouma bicolor"
Equisetopsida,Fabales,Fabaceae,"Copaifera reticulata"
Insecta,Lepidoptera,Saturniidae,"Copiopteryx semiramis semiramis"
Insecta,Lepidoptera,Hesperiidae,"Myscelus nobilis"
Equisetopsida,Rosales,Moraceae,"Poulsenia armata"
Insecta,Lepidoptera,Hesperiidae,"Mysoria sejanus"
Insecta,Coleoptera,Scarabaeidae,"Coprophanaeus telamon"
Insecta,Lepidoptera,Nymphalidae,"Adelpha attica"
Insecta,Lepidoptera,Erebidae,"Sphecops abdominalis"
Mammalia,Carnivora,Procyonidae,"Potos flavus"
Aves,Cathartiformes,Cathartidae,"Coragyps atratus"
Insecta,Lepidoptera,Nymphalidae,"Adelpha cocala urraca"
Actinopterygii,Beloniformes,Belonidae,"Potamorrhaphis eigenmanni"
Actinopterygii,Characiformes,Curimatidae,"Steindachnerina hypostoma"
Equisetopsida,Lamiales,Cordiaceae,"Cordia bifurcata"
Aves,Psittaciformes,Psittacidae,"Nannopsittaca dachilleae"
Equisetopsida,Lamiales,Cordiaceae,"Cordia lomatoloba"
Equisetopsida,Laurales,Monimiaceae,"Mollinedia ovata"
Equisetopsida,Lamiales,Cordiaceae,"Cordia mexiana"
Equisetopsida,Lamiales,Cordiaceae,"Cordia nodosa"
Equisetopsida,Malpighiales,Violaceae,"Leonia ulei"
Equisetopsida,Malpighiales,Chrysobalanaceae,"Moquilea brittoniana"
Equisetopsida,Lamiales,Cordiaceae,"Cordia panamensis"
Equisetopsida,Malpighiales,Violaceae,"Leonia sphaerocarpa"
Equisetopsida,Malpighiales,Violaceae,"Leonia racemosa"
Equisetopsida,Gentianales,Gentianaceae,"Potalia resinifera"
Equisetopsida,Malpighiales,Violaceae,"Leonia glycycarpa"
Equisetopsida,Lamiales,Cordiaceae,"Cordia ripicola"
Insecta,Lepidoptera,Nymphalidae,"Adelpha cytherea lanilla"
Equisetopsida,Sapindales,Sapindaceae,"Allophylus floribundus"
Equisetopsida,Lamiales,Cordiaceae,"Cordia scabrifolia"
Equisetopsida,Lamiales,Cordiaceae,"Cordia tetrandra"
Insecta,Lepidoptera,Riodinidae,"Mesene leucophrys"
Aves,Galbuliformes,Bucconidae,"Monasa nigrifrons"
Equisetopsida,Lamiales,Cordiaceae,"Cordia toqueve"
Equisetopsida,Lamiales,Cordiaceae,"Cordia ucayaliensis"
Insecta,Lepidoptera,Nymphalidae,"Napeogenes aethra deucalion"
Equisetopsida,Malpighiales,Violaceae,"Leonia crassa"
Equisetopsida,Gentianales,Gentianaceae,"Potalia amara"
Insecta,Lepidoptera,Nymphalidae,"Napeogenes inachia patientia"
Insecta,Lepidoptera,Nymphalidae,"Adelpha iphiclus iphiclus"
Insecta,Lepidoptera,Nymphalidae,"Napeogenes pharo pharo"
Equisetopsida,Sapindales,Sapindaceae,"Allophylus incanus"
Insecta,Lepidoptera,Nymphalidae,"Posttaygetis penelea penelea"
Equisetopsida,Gentianales,Rubiaceae,"Cordiera macrophylla"
Insecta,Lepidoptera,Erebidae,"Corematura chrysogastra"
Insecta,Lepidoptera,Hesperiidae,"Lento imerius"
Insecta,Lepidoptera,Hesperiidae,"Lento ferrago"
Insecta,Lepidoptera,Nymphalidae,"Adelpha ixia pseudomessana"
Insecta,Lepidoptera,Erebidae,"Correbidia calopteridia"
Insecta,Lepidoptera,Erebidae,"Correbidia simonsi"
Insecta,Lepidoptera,Hesperiidae,"Narcosius narcosius narcosius"
Insecta,Lepidoptera,Erebidae,"Correbidia tristitia"
Aves,Passeriformes,Icteridae,"Leistes superciliaris"
Insecta,Lepidoptera,Nymphalidae,"Adelpha jordani"
Insecta,Lepidoptera,Hesperiidae,"Corticea corticea"
Insecta,Lepidoptera,Nymphalidae,"Narope cyllabarus"
Insecta,Lepidoptera,Nymphalidae,"Adelpha lerna lerna"
Aves,Passeriformes,Cotingidae,"Porphyrolaema porphyrolaema"
Insecta,Lepidoptera,Nymphalidae,"Narope nesope"
Insecta,Lepidoptera,Nymphalidae,"Narope panniculus"
Actinopterygii,Siluriformes,Callichthyidae,"Corydoras stenocephalus"
Insecta,Lepidoptera,Nymphalidae,"Narope syllabus"
Actinopterygii,Siluriformes,Callichthyidae,"Corydoras trilineatus"
Aves,Gruiformes,Rallidae,"Porphyrio martinica"
Aves,Gruiformes,Rallidae,"Porphyrio flavirostris"
Insecta,Lepidoptera,Nymphalidae,"Adelpha mesentina chancha"
Insecta,Odonata,Aeshnidae,"Coryphaeschna adnexa"
Insecta,Odonata,Aeshnidae,"Coryphaeschna perrensi"
Equisetopsida,Asterales,Asteraceae,"Porophyllum ruderale"
Equisetopsida,Magnoliales,Annonaceae,"Porcelia ponderosa"
Equisetopsida,Sapindales,Sapindaceae,"Allophylus loretensis"
Equisetopsida,Magnoliales,Annonaceae,"Porcelia nitidifolia"
Insecta,Lepidoptera,Nymphalidae,"Adelpha naxia naxia"
Aves,Passeriformes,Tyrannidae,"Corythopis torquatus"
Insecta,Lepidoptera,Nymphalidae,"Adelpha phylaca juruana"
Equisetopsida,Zingiberales,Costaceae,"Costus acreanus"
Equisetopsida,Zingiberales,Costaceae,"Costus scaber"
Aves,Passeriformes,Cotingidae,"Cotinga cayana"
Equisetopsida,Commelinales,Pontederiaceae,"Pontederia crassipes"
Insecta,Lepidoptera,Erebidae,"Pompiliodes aliena"
Aves,Passeriformes,Cotingidae,"Cotinga maynana"
Insecta,Lepidoptera,Hesperiidae,"Polythrix octomaculata octomaculata"
Insecta,Lepidoptera,Hesperiidae,"Polythrix minvanes"
Insecta,Lepidoptera,Hesperiidae,"Polythrix metallescens"
Insecta,Lepidoptera,Hesperiidae,"Polythrix auginus"
Equisetopsida,Malpighiales,Chrysobalanaceae,"Couepia latifolia"
Aves,Passeriformes,Tyrannidae,"Legatus leucophaius"
Insecta,Lepidoptera,Hesperiidae,"Nascus paulliniae"
Equisetopsida,Sapindales,Sapindaceae,"Allophylus pilosus"
Equisetopsida,Sapindales,Sapindaceae,"Allophylus punctatus"
Equisetopsida,Fabales,Fabaceae,"Lecointea peruviana"
Equisetopsida,Polypodiales,Pteridaceae,"Polytaenium guayanense"
Mammalia,Carnivora,Canidae,"Speothos venaticus"
Aves,Passeriformes,Hirundinidae,"Alopochelidon fucata"
Equisetopsida,Malpighiales,Chrysobalanaceae,"Moquilea tambopatensis"
Equisetopsida,Malpighiales,Chrysobalanaceae,"Moquilea unguiculata"
Equisetopsida,Ericales,Lecythidaceae,"Couratari guianensis"
Aves,Passeriformes,Furnariidae,"Nasica longirostris"
Equisetopsida,Ericales,Lecythidaceae,"Couratari macrosperma"
Equisetopsida,Rosales,Urticaceae,"Coussapoa trinervia"
Aves,Passeriformes,Furnariidae,"Cranioleuca curtata"
Aves,Passeriformes,Furnariidae,"Cranioleuca gutturata"
Equisetopsida,Brassicales,Capparaceae,"Crateva tapia"
Actinopterygii,Characiformes,Characidae,"Creagrutus anary"
Actinopterygii,Characiformes,Characidae,"Creagrutus beni"
Aves,Passeriformes,Tyrannidae,"Lathrotriccus euleri"
Insecta,Lepidoptera,Riodinidae,"Mesene monostigma"
Insecta,Lepidoptera,Hesperiidae,"Polygonus manueli manueli"
Actinopterygii,Characiformes,Characidae,"Creagrutus manu"
Actinopterygii,Characiformes,Characidae,"Creagrutus occidaneus"
Aves,Gruiformes,Rallidae,"Laterallus melanophaius"
Actinopterygii,Characiformes,Characidae,"Creagrutus pearsoni"
Mammalia,Primates,Atelidae,"Alouatta seniculus"
Insecta,Lepidoptera,Hesperiidae,"Polyctor polyctor polyctor"
Actinopterygii,Characiformes,Characidae,"Creagrutus ungulus"
Equisetopsida,Magnoliales,Annonaceae,"Cremastosperma monospermum"
Insecta,Hymenoptera,Formicidae,"Crematogaster nitidiceps"
Equisetopsida,Gentianales,Rubiaceae,"Alseis blackiana"
Insecta,Lepidoptera,Riodinidae,"Cremna actoris meleagris"
Aves,Gruiformes,Rallidae,"Laterallus exilis"
Insecta,Lepidoptera,Riodinidae,"Cremna thasus subrutila"
Actinopterygii,Characiformes,Curimatidae,"Steindachnerina guentheri"
Actinopterygii,Cichliformes,Cichlidae,"Crenicichla semicincta"
Mammalia,Chiroptera,Vespertilionidae,"Lasiurus ega"
Equisetopsida,Polypodiales,Dryopteridaceae,"Polybotrya caudata"
Equisetopsida,Cyatheales,Cyatheaceae,"Alsophila cuspidata"
Insecta,Lepidoptera,Erebidae,"Cresera affinis"
Insecta,Lepidoptera,Erebidae,"Cresera hieroglyphica"
Insecta,Lepidoptera,Erebidae,"Cresera ilus"
Insecta,Lepidoptera,Erebidae,"Cresera optimus"
Insecta,Lepidoptera,Erebidae,"Cresera similis"
Insecta,Lepidoptera,Erebidae,"Poliopastea plumbea"
Insecta,Lepidoptera,Erebidae,"Poliopastea anthracina"
Insecta,Lepidoptera,Riodinidae,"Crocozona coecias coecias"
Equisetopsida,Poales,Poaceae,"Lasiacis maculata"
Insecta,Lepidoptera,Nymphalidae,"Adelpha plesaure phliassa"
Aves,Passeriformes,Tyrannidae,"Poecilotriccus latirostris"
Actinopterygii,Siluriformes,Loricariidae,"Crossoloricaria bahuaja"
Aves,Passeriformes,Tyrannidae,"Poecilotriccus albifacies"
Insecta,Lepidoptera,Erebidae,"Poecilosoma eone"
Insecta,Lepidoptera,Erebidae,"Poecilosoma chrysis"
Insecta,Lepidoptera,Riodinidae,"Lasaia pseudomeris"
Insecta,Lepidoptera,Riodinidae,"Lasaia arsis"
Insecta,Lepidoptera,Riodinidae,"Lasaia agesilas agesilas"
Insecta,Diptera,Tabanidae,"Poeciloderus quadripunctatus"
Equisetopsida,Malpighiales,Euphorbiaceae,"Croton lechleri"
Equisetopsida,Malpighiales,Euphorbiaceae,"Croton tessmannii"
Aves,Cuculiformes,Cuculidae,"Crotophaga ani"
Aves,Cuculiformes,Cuculidae,"Crotophaga major"
Equisetopsida,Fabales,Fabaceae,"Crudia glaberrima"
Insecta,Diptera,Tabanidae,"Cryptolytus unicolor"
Aves,Passeriformes,Pipridae,"Cryptopipo holochlora"
Aves,Tinamiformes,Tinamidae,"Crypturellus atrocapillus"
Aves,Tinamiformes,Tinamidae,"Crypturellus bartletti"
Aves,Tinamiformes,Tinamidae,"Crypturellus cinereus"
Aves,Tinamiformes,Tinamidae,"Crypturellus obsoletus"
Mammalia,Carnivora,Procyonidae,"Nasua nasua"
Aves,Tinamiformes,Tinamidae,"Crypturellus parvirostris"
Aves,Tinamiformes,Tinamidae,"Crypturellus soui"
Aves,Tinamiformes,Tinamidae,"Crypturellus strigulosus"
Aves,Tinamiformes,Tinamidae,"Crypturellus undulatus"
Aves,Tinamiformes,Tinamidae,"Crypturellus variegatus"
Equisetopsida,Zingiberales,Marantaceae,"Ctenanthe amphiandina"
Equisetopsida,Polypodiales,Dryopteridaceae,"Ctenitis refulgens"
Actinopterygii,Characiformes,Characidae,"Ctenobrycon hauxwellianus"
Actinopterygii,Characiformes,Characidae,"Ctenobrycon spilurus"
Insecta,Diptera,Asilidae,"Ctenodontina maya"
Insecta,Coleoptera,Carabidae,"Ctenostoma luctuosa"
Aves,Charadriiformes,Charadriidae,"Pluvialis dominica"
Insecta,Lepidoptera,Hesperiidae,"Plumbago plumbago"
Equisetopsida,Rosales,Moraceae,"Naucleopsis concinna"
Equisetopsida,Lamiales,Bignoniaceae,"Sparattosperma leucanthum"
Actinopterygii,Characiformes,Curimatidae,"Steindachnerina dobula"
Mammalia,Rodentia,Cuniculidae,"Cuniculus paca"
Equisetopsida,Asparagales,Orchidaceae,"Maxillaria ponerantha"
Equisetopsida,Sapindales,Sapindaceae,"Cupania cinerea"
Equisetopsida,Laurales,Lauraceae,"Pleurothyrium williamsii"
Equisetopsida,Laurales,Lauraceae,"Pleurothyrium vasquezii"
Equisetopsida,Sapindales,Sapindaceae,"Cupania scrobiculata"
Equisetopsida,Laurales,Lauraceae,"Pleurothyrium poeppigii"
Equisetopsida,Myrtales,Lythraceae,"Cuphea melvilla"
Equisetopsida,Laurales,Lauraceae,"Pleurothyrium intermedium"
Equisetopsida,Ranunculales,Menispermaceae,"Curarea toxicofera"
Insecta,Lepidoptera,Nymphalidae,"Laparus doris doris"
Equisetopsida,Rosales,Moraceae,"Naucleopsis glabra"
Equisetopsida,Lamiales,Verbenaceae,"Lantana trifolia"
Equisetopsida,Laurales,Hernandiaceae,"Sparattanthelium tarapotanum"
Equisetopsida,Laurales,Lauraceae,"Pleurothyrium cuneifolium"
Equisetopsida,Asparagales,Orchidaceae,"Maxillaria parviflora"
Equisetopsida,Lamiales,Bignoniaceae,"Cuspidaria emmonsii"
Insecta,Lepidoptera,Hesperiidae,"Sostrata pusilla pusilla"
Equisetopsida,Lamiales,Bignoniaceae,"Cuspidaria floribunda"
Insecta,Lepidoptera,Hesperiidae,"Cyanea bistrigula"
Insecta,Lepidoptera,Hesperiidae,"Sostrata festiva"
Insecta,Lepidoptera,Hesperiidae,"Cyanea corisana"
Insecta,Lepidoptera,Hesperiidae,"Cyanea diluta"
Insecta,Lepidoptera,Hesperiidae,"Cyanea iquita"
Insecta,Lepidoptera,Hesperiidae,"Cyanea popla"
Equisetopsida,Rosales,Moraceae,"Sorocea trophoides"
Equisetopsida,Gentianales,Rubiaceae,"Amaioua glomerulata"
Aves,Passeriformes,Thraupidae,"Cyanerpes caeruleus"
Aves,Passeriformes,Thraupidae,"Cyanerpes cyaneus"
Equisetopsida,Rosales,Moraceae,"Naucleopsis oblongifolia"
Aves,Passeriformes,Corvidae,"Cyanocorax cyanomelas"
Aves,Passeriformes,Corvidae,"Cyanocorax violaceus"
Equisetopsida,Gentianales,Rubiaceae,"Amaioua guianensis"
Equisetopsida,Malpighiales,Phyllanthaceae,"Amanoa oblongifolia"
Equisetopsida,Rosales,Moraceae,"Naucleopsis ternstroemiiflora"
Insecta,Lepidoptera,Erebidae,"Pleurosoma testacea"
Insecta,Lepidoptera,Erebidae,"Pleurosoma angustata"
Equisetopsida,Brassicales,Capparaceae,"Morisonia amplissima"
Equisetopsida,Cyatheales,Cyatheaceae,"Cyathea andina"
Equisetopsida,Cyatheales,Cyatheaceae,"Cyathea lindigii"
Aves,Passeriformes,Thraupidae,"Lanio versicolor"
Equisetopsida,Polypodiales,Polypodiaceae,"Pleopeltis desvauxii"
Equisetopsida,Ericales,Myrsinaceae,"Cybianthus candamoensis"
Equisetopsida,Rosales,Moraceae,"Sorocea pubivena subsp. oligotricha"
Equisetopsida,Ericales,Primulaceae,"Cybianthus cuyabensis"
Equisetopsida,Lamiales,Bignoniaceae,"Pleonotoma melioides"
Equisetopsida,Ericales,Primulaceae,"Cybianthus cyclopetalus"
Equisetopsida,Rosales,Moraceae,"Sorocea pubivena subsp. hirtella"
Equisetopsida,Rosales,Moraceae,"Sorocea pubivena"
Insecta,Lepidoptera,Riodinidae,"Amarynthis meneria"
Equisetopsida,Ericales,Primulaceae,"Cybianthus nanayensis"
Equisetopsida,Ericales,Primulaceae,"Cybianthus resinosus"
Insecta,Hymenoptera,Formicidae,"Platythyrea sinuata"
Equisetopsida,Rosales,Moraceae,"Sorocea guilleminiana"
Actinopterygii,Siluriformes,Pimelodidae,"Platystomatichthys sturio"
Equisetopsida,Rosales,Moraceae,"Sorocea briquetii"
Aves,Passeriformes,Vireonidae,"Cyclarhis gujanensis"
Insecta,Lepidoptera,Hesperiidae,"Cycloglypha thrasibulus thrasibulus"
Insecta,Lepidoptera,Hesperiidae,"Cycloglypha tisias"
Insecta,Lepidoptera,Hesperiidae,"Cyclosemia earina"
Aves,Psittaciformes,Psittacidae,"Amazona farinosa"
Insecta,Lepidoptera,Nymphalidae,"Adelpha thesprotia delphicola"
Aves,Passeriformes,Tityridae,"Laniocera hypopyrra"
Insecta,Lepidoptera,Hesperiidae,"Cymaenes cavalla"
Insecta,Lepidoptera,Hesperiidae,"Cymaenes hazarma"
Aves,Passeriformes,Tyrannidae,"Platyrinchus platyrhynchos"
Insecta,Lepidoptera,Hesperiidae,"Cymaenes uruba taberi"
Mammalia,Rodentia,Cricetidae,"Neacomys spinosus"
Aves,Passeriformes,Thamnophilidae,"Cymbilaimus lineatus"
Aves,Passeriformes,Mitrospingidae,"Lamprospiza melanoleuca"
Aves,Passeriformes,Thamnophilidae,"Cymbilaimus sanctaemariae"
Equisetopsida,Poales,Poaceae,"Cymbopogon citratus"
Insecta,Lepidoptera,Lycaenidae,"Lamprospilus orcidia"
Aves,Psittaciformes,Psittacidae,"Amazona ochrocephala"
Aves,Passeriformes,Icteridae,"Amblycercus holosericeus"
Aves,Passeriformes,Tyrannidae,"Platyrinchus coronatus"
Equisetopsida,Fabales,Fabaceae,"Platymiscium stipulare"
Insecta,Diptera,Asilidae,"Lampria dives"
Insecta,Diptera,Asilidae,"Lampria clavipes"
Insecta,Lepidoptera,Nymphalidae,"Adelpha zunilaces"
Equisetopsida,Fabales,Fabaceae,"Platymiscium pinnatum"
Equisetopsida,Malpighiales,Euphorbiaceae,"Nealchornea yapurensis"
Insecta,Diptera,Asilidae,"Amblyonychus titan"
Aves,Pelecaniformes,Threskiornithidae,"Platalea ajaja"
Equisetopsida,Poales,Cyperaceae,"Cyperus luzulae"
Aves,Passeriformes,Troglodytidae,"Cyphorhinus arada"
Aves,Apodiformes,Apodidae,"Cypseloides cryptus"
Insecta,Lepidoptera,Riodinidae,"Cyrenia martia martia"
Insecta,Odonata,Libellulidae,"Planiplax machadoi"
Insecta,Odonata,Libellulidae,"Planiplax arachne"
Equisetopsida,Polypodiales,Pteridaceae,"Pityrogramma calomelanos"
Insecta,Diptera,Tabanidae,"Pityocera cervus"
Aves,Passeriformes,Thraupidae,"Dacnis cayana"
Aves,Passeriformes,Thraupidae,"Dacnis flaviventer"
Equisetopsida,Solanales,Solanaceae,"Solanum tenuisetosum"
Equisetopsida,Lamiales,Bignoniaceae,"Adenocalymma bracteolatum"
Aves,Passeriformes,Thraupidae,"Dacnis lineata"
Mammalia,Rodentia,Echimyidae,"Dactylomys dactylinus"
Aves,Passeriformes,Passerellidae,"Ammodramus aurifrons"
Equisetopsida,Fabales,Fabaceae,"Dalbergia ovalis"
Aves,Passeriformes,Tyrannidae,"Pitangus sulphuratus"
Insecta,Lepidoptera,Hesperiidae,"Damas clavus"
Insecta,Lepidoptera,Nymphalidae,"Danaus eresimus"
Aves,Falconiformes,Falconidae,"Daptrius ater"
Aves,Passeriformes,Tyrannidae,"Pitangus lictor"
Equisetopsida,Solanales,Solanaceae,"Darcyanthus spruceanus"
Equisetopsida,Laurales,Lauraceae,"Nectandra cissiflora"
Insecta,Diptera,Tabanidae,"Dasychela amazonensis"
Insecta,Diptera,Asilidae,"Dasyllis haemorrhoa"
Aves,Accipitriformes,Accipitridae,"Spizaetus tyrannus"
Mammalia,Rodentia,Dasyproctidae,"Dasyprocta punctata"
Mammalia,Rodentia,Dasyproctidae,"Dasyprocta variegata"
Equisetopsida,Laurales,Lauraceae,"Nectandra cuneatocordata"
Aves,Passeriformes,Cardinalidae,"Piranga rubra"
Mammalia,Cingulata,Dasypodidae,"Dasypus novemcinctus"
Equisetopsida,Malvales,Malvaceae,"Abelmoschus moschatus"
Aves,Passeriformes,Cardinalidae,"Piranga olivacea"
Equisetopsida,Malpighiales,Malpighiaceae,"Amorimia amazonica"
Equisetopsida,Laurales,Lauraceae,"Nectandra cuspidata"
Equisetopsida,Malpighiales,Salicaceae,"Laetia suaveolens"
Equisetopsida,Malpighiales,Salicaceae,"Laetia procera"
Equisetopsida,Solanales,Solanaceae,"Solanum robustifrons"
Equisetopsida,Brassicales,Capparaceae,"Morisonia oblongifolia"
Equisetopsida,Malpighiales,Salicaceae,"Laetia corymbulosa"
Equisetopsida,Rosales,Ulmaceae,"Ampelocera edentula"
Mammalia,Cingulata,Dasypodidae,"Dasypus pastasae"
Insecta,Odonata,Libellulidae,"Dasythemis esmeralda"
Insecta,Odonata,Libellulidae,"Dasythemis essequiba"
Aves,Passeriformes,Cardinalidae,"Piranga flava"
Equisetopsida,Dilleniales,Dilleniaceae,"Davilla kunthii"
Insecta,Lepidoptera,Hesperiidae,"Decinea decinea derisor"
Aves,Passeriformes,Furnariidae,"Deconychura longicauda"
Equisetopsida,Laurales,Lauraceae,"Nectandra globosa"
Insecta,Lepidoptera,Erebidae,"Delphyre dizona"
Equisetopsida,Brassicales,Capparaceae,"Morisonia osmantha"
Equisetopsida,Rosales,Ulmaceae,"Ampelocera ruizii"
Equisetopsida,Solanales,Solanaceae,"Solanum riparium"
Equisetopsida,Fabales,Fabaceae,"Piptadenia retusa"
Equisetopsida,Brassicales,Capparaceae,"Morisonia petiolaris"
Insecta,Lepidoptera,Erebidae,"Delphyre hebes"
Insecta,Lepidoptera,Erebidae,"Delphyre lemoulti"
Equisetopsida,Rosales,Ulmaceae,"Ampelocera verrucosa"
Insecta,Lepidoptera,Erebidae,"Delphyre pusilla"
Insecta,Lepidoptera,Nymphalidae,"Amphidecta calliomma"
Equisetopsida,Fabales,Fabaceae,"Piptadenia killipii"
Insecta,Lepidoptera,Erebidae,"Delphyre rufiventris"
Insecta,Coleoptera,Scarabaeidae,"Deltochilum amazonicus"
Insecta,Coleoptera,Scarabaeidae,"Deltochilum carinatum"
Insecta,Coleoptera,Scarabaeidae,"Deltochilum orbiculare"
Aves,Passeriformes,Tyrannidae,"Piprites chloris"
Aves,Passeriformes,Furnariidae,"Dendrexetastes rufigula"
Equisetopsida,Metteniusales,Metteniusaceae,"Dendrobangia boliviana"
Insecta,Lepidoptera,Nymphalidae,"Amphidecta pignerator"
Aves,Passeriformes,Furnariidae,"Dendrocincla fuliginosa"
Equisetopsida,Malpighiales,Ochnaceae,"Lacunaria macrostachya"
Aves,Passeriformes,Furnariidae,"Dendrocincla merula"
Equisetopsida,Lamiales,Bignoniaceae,"Amphilophium crucigerum"
Aves,Passeriformes,Cotingidae,"Pipreola chlorolepidota"
Equisetopsida,Malpighiales,Ochnaceae,"Lacunaria jenmanii"
Aves,Passeriformes,Furnariidae,"Dendrocolaptes certhia"
Aves,Passeriformes,Furnariidae,"Dendrocolaptes picumnus"
Equisetopsida,Lamiales,Bignoniaceae,"Amphilophium magnoliifolium"
Equisetopsida,Lamiales,Bignoniaceae,"Amphilophium paniculatum"
Aves,Anseriformes,Anatidae,"Dendrocygna autumnalis"
Aves,Passeriformes,Furnariidae,"Dendroma erythroptera"
Equisetopsida,Solanales,Solanaceae,"Solanum pendulum"
Equisetopsida,Brassicales,Capparaceae,"Morisonia sola"
Equisetopsida,Laurales,Lauraceae,"Nectandra longifolia"
Equisetopsida,Lamiales,Bignoniaceae,"Adenocalymma impressum"
Equisetopsida,Gentianales,Apocynaceae,"Lacmellea arborescens"
Equisetopsida,Malpighiales,Lacistemataceae,"Lacistema nena"
Equisetopsida,Lamiales,Bignoniaceae,"Amphilophium racemosum"
Aves,Passeriformes,Furnariidae,"Dendroma rufa"
Equisetopsida,Malpighiales,Lacistemataceae,"Lacistema aggregatum"
Equisetopsida,Laurales,Lauraceae,"Nectandra maynensis"
Aves,Passeriformes,Pipridae,"Pipra fasciicauda"
Aves,Passeriformes,Thraupidae,"Pipraeidea melanonota"
Aves,Passeriformes,Furnariidae,"Anabacerthia ruficaudata"
Equisetopsida,Apiales,Araliaceae,"Dendropanax arboreus"
Equisetopsida,Apiales,Araliaceae,"Dendropanax cuneatus"
Aves,Galliformes,Cracidae,"Pipile cumanensis"
Equisetopsida,Laurales,Lauraceae,"Nectandra membranacea"
Aves,Passeriformes,Furnariidae,"Dendroplex picus"
Insecta,Lepidoptera,Lycaenidae,"Denivia acontius"
Insecta,Lepidoptera,Lycaenidae,"Denivia hemon"
Insecta,Lepidoptera,Lycaenidae,"Denivia phegeus"
Equisetopsida,Lamiales,Bignoniaceae,"Adenocalymma uleanum"
Equisetopsida,Piperales,Piperaceae,"Piper silvivagum"
Insecta,Lepidoptera,Lycaenidae,"Denivia Viresco"
Equisetopsida,Piperales,Piperaceae,"Piper reticulatum"
Equisetopsida,Piperales,Piperaceae,"Piper puberulescens"
Equisetopsida,Piperales,Piperaceae,"Piper obtusilimbum"
Equisetopsida,Piperales,Piperaceae,"Piper obliquum"
Equisetopsida,Asterales,Asteraceae,"Adenostemma vargasii"
Equisetopsida,Solanales,Solanaceae,"Solanum oxyphyllum"
Equisetopsida,Piperales,Piperaceae,"Piper nematanthera"
Equisetopsida,Piperales,Piperaceae,"Piper multiplinervium"
Mammalia,Chiroptera,Phyllostomidae,"Desmodus rotundus"
Equisetopsida,Piperales,Piperaceae,"Piper longifolium"
Equisetopsida,Arecales,Arecaceae,"Desmoncus madrensis"
Equisetopsida,Laurales,Lauraceae,"Nectandra pulverulenta"
Equisetopsida,Arecales,Arecaceae,"Desmoncus mitis"
Equisetopsida,Piperales,Piperaceae,"Piper lehmannianum"
Equisetopsida,Arecales,Arecaceae,"Desmoncus polyacanthos"
Equisetopsida,Piperales,Piperaceae,"Piper laevigatum"
Insecta,Coleoptera,Scarabaeidae,"Diabroctis mimas"
Equisetopsida,Solanales,Solanaceae,"Solanum oppositifolium"
Equisetopsida,Gentianales,Rubiaceae,"Kutchubaea urophylla"
Aves,Passeriformes,Furnariidae,"Anabazenops dorsalis"
Equisetopsida,Sapindales,Anacardiaceae,"Anacardium occidentale"
Equisetopsida,Solanales,Solanaceae,"Solanum nemorense"
Insecta,Diptera,Tabanidae,"Diachlorus bicinctus"
Insecta,Diptera,Asilidae,"Anarmostus iopterus"
Insecta,Diptera,Tabanidae,"Diachlorus bimaculatus"
Insecta,Diptera,Tabanidae,"Diachlorus curvipes"
Equisetopsida,Piperales,Piperaceae,"Piper hispidum"
Insecta,Diptera,Tabanidae,"Diachlorus ficsistigma"
Insecta,Diptera,Tabanidae,"Diachlorus heppneri"
Equisetopsida,Piperales,Piperaceae,"Piper heterophyllum"
Insecta,Diptera,Tabanidae,"Diachlorus nuneztovari"
Insecta,Diptera,Tabanidae,"Diachlorus pechumani"
Insecta,Diptera,Tabanidae,"Diachlorus scutellatus"
Insecta,Lepidoptera,Nymphalidae,"Anartia amathea sticheli"
Equisetopsida,Laurales,Lauraceae,"Nectandra viburnoides"
Insecta,Diptera,Tabanidae,"Diachlorus xynus"
Equisetopsida,Piperales,Piperaceae,"Piper dumosum"
Actinopterygii,Characiformes,Characidae,"Knodus smithi"
Insecta,Lepidoptera,Nymphalidae,"Diaethria clymena peruviana"
Equisetopsida,Fabales,Fabaceae,"Dialium guianense"
Equisetopsida,Gentianales,Rubiaceae,"Dialypetalanthus fuscescens"
Equisetopsida,Piperales,Piperaceae,"Piper darienense"
Actinopterygii,Characiformes,Characidae,"Knodus megalops"
Equisetopsida,Solanales,Solanaceae,"Solanum mite"
Insecta,Odonata,Libellulidae,"Diastatops intensa"
Actinopterygii,Characiformes,Characidae,"Knodus beta"
Equisetopsida,Piperales,Piperaceae,"Piper crassinervium"
Equisetopsida,Caryophyllales,Nyctaginaceae,"Neea altissima"
Equisetopsida,Malpighiales,Malpighiaceae,"Dicella julianii"
Equisetopsida,Asparagales,Orchidaceae,"Dichaea ancoraelabia"
Equisetopsida,Piperales,Piperaceae,"Piper coruscans"
Equisetopsida,Commelinales,Commelinaceae,"Dichorisandra hexandra"
Equisetopsida,Solanales,Solanaceae,"Solanum leucopogon"
Insecta,Lepidoptera,Nymphalidae,"Agrias claudina sardanapalus"
Insecta,Odonata,Aeshnidae,"Staurophlebia reticulata"
Equisetopsida,Caryophyllales,Nyctaginaceae,"Neea divaricata"
Equisetopsida,Commelinales,Commelinaceae,"Dichorisandra ulei"
Equisetopsida,Piperales,Piperaceae,"Piper casapiense"
Equisetopsida,Piperales,Piperaceae,"Piper callosum"
Insecta,Coleoptera,Scarabaeidae,"Dichotomius conicollis"
Equisetopsida,Caryophyllales,Nyctaginaceae,"Neea floribunda"
Insecta,Odonata,Aeshnidae,"Staurophlebia auca"
Insecta,Coleoptera,Scarabaeidae,"Dichotomius mamillatus"
Insecta,Coleoptera,Scarabaeidae,"Dichotomius prietoi"
Equisetopsida,Piperales,Piperaceae,"Piper augustum"
Insecta,Coleoptera,Scarabaeidae,"Dichotomius robustus"
Insecta,Coleoptera,Scarabaeidae,"Dichotomius worontzowi"
Equisetopsida,Malvales,Malvaceae,"Sterculia tessmannii"
Insecta,Lepidoptera,Hesperiidae,"Staphylus putumayo"
Insecta,Lepidoptera,Hesperiidae,"Anastrus meliboea bactra"
Equisetopsida,Magnoliales,Annonaceae,"Klarobelia candida"
Equisetopsida,Caryophyllales,Nyctaginaceae,"Neea longipedunculata"
Equisetopsida,Magnoliales,Annonaceae,"Klarobelia anomala"
Aves,Apodiformes,Trochilidae,"Klais guimeti"
Aves,Passeriformes,Thamnophilidae,"Dichrozona cincta"
Equisetopsida,Caryophyllales,Nyctaginaceae,"Neea macrophylla"
Insecta,Lepidoptera,Lycaenidae,"Kisutam hesperitis"
Equisetopsida,Piperales,Piperaceae,"Piper asterotrichum"
Equisetopsida,Piperales,Piperaceae,"Piper arboreum"
Mammalia,Cetartiodactyla,Tayassuidae,"Dicotyles tajacu"
Insecta,Lepidoptera,Nymphalidae,"Agraulis vanillae lucina"
Equisetopsida,Piperales,Piperaceae,"Piper anonifolium var. anonifolium"
Insecta,Lepidoptera,Hesperiidae,"Anastrus obscurus narva"
Equisetopsida,Solanales,Convolvulaceae,"Dicranostyles ampla"
Equisetopsida,Caryophyllales,Nyctaginaceae,"Neea ovalifolia"
Equisetopsida,Piperales,Piperaceae,"Piper aleyreanum"
Insecta,Diptera,Asilidae,"Dicranus schrottkyi"
Mammalia,Didelphimorphia,Didelphidae,"Didelphis marsupialis"
Equisetopsida,Piperales,Piperaceae,"Piper aduncum"
Equisetopsida,Piperales,Piperaceae,"Piper acutilimbum"
Insecta,Lepidoptera,Hesperiidae,"Staphylus lizeri lizeri"
Insecta,Lepidoptera,Hesperiidae,"Anastrus petius petius"
Equisetopsida,Malpighiales,Clusiaceae,"Moronobea coccinea"
Equisetopsida,Malpighiales,Salicaceae,"Piparea multiflora"
Equisetopsida,Saxifragales,Crassulaceae,"Kalanchoe pinnata"
Equisetopsida,Polypodiales,Didymochlaenaceae,"Didymochlaena truncatula"
Equisetopsida,Apiales,Araliaceae,"Didymopanax morototoni"
Equisetopsida,Alismatales,Araceae,"Dieffenbachia alexiadesii"
Insecta,Lepidoptera,Nymphalidae,"Melinaea maelus lamasi"
Insecta,Lepidoptera,Nymphalidae,"Splendeuptychia boliviensis"
Equisetopsida,Alismatales,Araceae,"Dieffenbachia humilis"
Equisetopsida,Caryophyllales,Nyctaginaceae,"Neea spruceana"
Equisetopsida,Alismatales,Araceae,"Dieffenbachia parvifolia"
Equisetopsida,Alismatales,Araceae,"Dieffenbachia tambopatensis"
Equisetopsida,Alismatales,Araceae,"Dieffenbachia weberbaueri"
Insecta,Lepidoptera,Hesperiidae,"Justinia phaetusa phaetusa"
Insecta,Lepidoptera,Hesperiidae,"Justinia justinianus dappa"
Equisetopsida,Caryophyllales,Nyctaginaceae,"Neea verticillata"
Insecta,Lepidoptera,Hesperiidae,"Staphylus corumba"
Insecta,Lepidoptera,Hesperiidae,"Anastrus sempiternus simplicior"
Insecta,Lepidoptera,Hesperiidae,"Anastrus tolimus robigus"
Insecta,Odonata,Libellulidae,"Anatya guttata"
Aves,Psittaciformes,Psittacidae,"Pionus menstruus"
Insecta,Hymenoptera,Formicidae,"Neivamyrmex cristatus"
Aves,Psittaciformes,Psittacidae,"Pionites leucogaster"
Insecta,Lepidoptera,Erebidae,"Pionia lycoides"
Equisetopsida,Malpighiales,Passifloraceae,"Dilkea retusa"
Equisetopsida,Sapindales,Sapindaceae,"Dilodendron elegans"
Insecta,Lepidoptera,Erebidae,"Dinia mena"
Mammalia,Rodentia,Dinomyidae,"Dinomys branickii"
Insecta,Lepidoptera,Hesperiidae,"Staphylus chlora"
Insecta,Lepidoptera,Hesperiidae,"Staphylus astra"
Insecta,Diptera,Asilidae,"Diogmites castaneus"
Insecta,Diptera,Asilidae,"Diogmites inclusus"
Insecta,Diptera,Asilidae,"Diogmites rufipalpis"
Equisetopsida,Lamiales,Acanthaceae,"Justicia boliviana"
Insecta,Lepidoptera,Nymphalidae,"Splendeuptychia itonis"
Insecta,Diptera,Asilidae,"Diogmites vulgaris"
Equisetopsida,Asparagales,Orchidaceae,"Maxillaria alba"
Actinopterygii,Siluriformes,Doradidae,"Nemadoras humeralis"
Actinopterygii,Siluriformes,Pimelodidae,"Pimelodus maculatus"
Equisetopsida,Fabales,Fabaceae,"Jupunba trapezifolia var. micradenia"
Aves,Passeriformes,Thraupidae,"Nemosia pileata"
Equisetopsida,Fabales,Fabaceae,"Jupunba macradenia"
Actinopterygii,Siluriformes,Pimelodidae,"Pimelodus blochii"
Insecta,Lepidoptera,Nymphalidae,"Splendeuptychia purusana"
Equisetopsida,Santalales,Opiliaceae,"Agonandra silvatica"
Equisetopsida,Polypodiales,Pteridaceae,"Adiantum argutum"
Equisetopsida,Fabales,Fabaceae,"Jupunba floribunda"
Actinopterygii,Siluriformes,Heptapteridae,"Pimelodella gracilis"
Actinopterygii,Siluriformes,Heptapteridae,"Pimelodella cristata"
Equisetopsida,Polypodiales,Pteridaceae,"Adiantum fuliginosum"
Equisetopsida,Ericales,Ebenaceae,"Diospyros capreaefolia"
Equisetopsida,Ericales,Ebenaceae,"Diospyros capreifolia"
Insecta,Diptera,Asilidae,"Pilica erythogaster"
Equisetopsida,Polypodiales,Pteridaceae,"Adiantum latifolium"
Equisetopsida,Ericales,Ebenaceae,"Diospyros inconstans"
Equisetopsida,Ericales,Ebenaceae,"Diospyros manu"
Insecta,Lepidoptera,Nymphalidae,"Junonia genoveva occidentalis"
Aves,Pelecaniformes,Ardeidae,"Pilherodius pileatus"
Equisetopsida,Ericales,Ebenaceae,"Diospyros subrotata"
Mammalia,Chiroptera,Phyllostomidae,"Diphylla ecaudata"
Equisetopsida,Poales,Cyperaceae,"Diplasia karatifolia"
Equisetopsida,Polypodiales,Athyriaceae,"Diplazium cristatum"
Equisetopsida,Polypodiales,Athyriaceae,"Diplazium grandifolium"
Equisetopsida,Polypodiales,Woodsiaceae,"Diplazium striatum"
Insecta,Lepidoptera,Pieridae,"Pieriballia viardi rubecula"
Insecta,Lepidoptera,Nymphalidae,"Pierella lena brasiliensis"
Equisetopsida,Ericales,Sapotaceae,"Diploon cuspidatum"
Insecta,Lepidoptera,Nymphalidae,"Pierella lamia chalybaea"
Equisetopsida,Fabales,Fabaceae,"Diplotropis martiusii"
Equisetopsida,Fabales,Fabaceae,"Diplotropis purpurea"
Insecta,Lepidoptera,Nymphalidae,"Pierella hortona albofasciata"
Equisetopsida,Fabales,Fabaceae,"Dipteryx alata"
Equisetopsida,Fabales,Fabaceae,"Dipteryx micrantha"
Equisetopsida,Fabales,Fabaceae,"Dipteryx odorata"
Insecta,Lepidoptera,Erebidae,"Diptilion proleuca"
Insecta,Lepidoptera,Nymphalidae,"Dircenna dero"
Aves,Piciformes,Picidae,"Picumnus rufiventris"
Insecta,Lepidoptera,Nymphalidae,"Dircenna loreta acreana"
Insecta,Lepidoptera,Saturniidae,"Dirphia avia"
Insecta,Lepidoptera,Saturniidae,"Dirphia fraterna"
Insecta,Lepidoptera,Saturniidae,"Dirphiopsis flora orientalis"
Equisetopsida,Ranunculales,Menispermaceae,"Disciphania heterophylla"
Aves,Piciformes,Picidae,"Picumnus aurifrons"
Aves,Apodiformes,Trochilidae,"Discosura langsdorffi"
Insecta,Lepidoptera,Pieridae,"Dismorphia theucharila argochloe"
Aves,Piciformes,Picidae,"Piculus leucolaemus"
Aves,Piciformes,Picidae,"Piculus flavigula"
Aves,Passeriformes,Thamnophilidae,"Neoctantes niger"
Aves,Piciformes,Picidae,"Piculus chrysochloros"
Insecta,Lepidoptera,Nymphalidae,"Splendeuptychia triangula"
Equisetopsida,Picramniales,Picramniaceae,"Picramnia sellowii"
Insecta,Lepidoptera,Riodinidae,"Juditha molpe molpe"
Actinopterygii,Clupeiformes,Engraulididae,"Anchoviella alleni"
Insecta,Lepidoptera,Riodinidae,"Juditha azan"
Insecta,Lepidoptera,Erebidae,"Dixophlebia quadristrigata"
Equisetopsida,Picramniales,Picramniaceae,"Picramnia latifolia"
Equisetopsida,Lamiales,Bignoniaceae,"Dolichandra unguis-cati"
Equisetopsida,Picramniales,Picramniaceae,"Picramnia juniniana"
Aves,Cuculiformes,Cuculidae,"Piaya melanogaster"
Insecta,Lepidoptera,Riodinidae,"Stalachtis calliope"
Insecta,Lepidoptera,Hesperiidae,"Joanna boxi"
Aves,Passeriformes,Icteridae,"Dolichonyx oryzivorus"
Insecta,Lepidoptera,Hesperiidae,"Jemadia hewitsonii hewitsonii"
Equisetopsida,Dilleniales,Dilleniaceae,"Doliocarpus amazonicus"
Equisetopsida,Dilleniales,Dilleniaceae,"Doliocarpus dentatus"
Aves,Passeriformes,Donacobiidae,"Donacobius atricapilla"
Equisetopsida,Rosales,Moraceae,"Dorstenia umbricola"
Aves,Cuculiformes,Cuculidae,"Piaya cayana"
Insecta,Lepidoptera,Nymphalidae,"Doxocopa agathina agathina"
Insecta,Lepidoptera,Nymphalidae,"Doxocopa laure griseldis"
Insecta,Lepidoptera,Nymphalidae,"Doxocopa lavinia"
Insecta,Lepidoptera,Nymphalidae,"Doxocopa linda linda"
Insecta,Lepidoptera,Nymphalidae,"Doxocopa pavon pavon"
Insecta,Lepidoptera,Nymphalidae,"Doxocopa zunilda floris"
Insecta,Lepidoptera,Lycaenidae,"Janthecla sista"
Equisetopsida,Polypodiales,Pteridaceae,"Adiantum petiolatum"
Insecta,Lepidoptera,Lycaenidae,"Janthecla rocena"
Insecta,Lepidoptera,Lycaenidae,"Janthecla malvina"
Insecta,Lepidoptera,Lycaenidae,"Janthecla leea"
Equisetopsida,Alismatales,Araceae,"Dracontium plowmanii"
Equisetopsida,Alismatales,Araceae,"Dracontium spruceanum"
Insecta,Lepidoptera,Hesperiidae,"Drephalys hypargus"
Equisetopsida,Caryophyllales,Phytolaccaceae,"Phytolacca rivinoides"
Aves,Cuculiformes,Cuculidae,"Dromococcyx pavoninus"
Aves,Cuculiformes,Cuculidae,"Dromococcyx phasianellus"
Insecta,Lepidoptera,Nymphalidae,"Dryas iulia alcionea"
Equisetopsida,Myrtales,Lythraceae,"Physocalymma scaberrimum"
Equisetopsida,Lamiales,Gesneriaceae,"Drymonia coccinea"
Equisetopsida,Lamiales,Gesneriaceae,"Drymonia doratostyla"
Equisetopsida,Solanales,Solanaceae,"Physalis angulata"
Equisetopsida,Lamiales,Gesneriaceae,"Drymonia semicordata"
Aves,Cuculiformes,Cuculidae,"Neomorphus geoffroyi"
Equisetopsida,Lamiales,Gesneriaceae,"Drymonia serrulata"
Aves,Passeriformes,Thamnophilidae,"Drymophila devillei"
Aves,Piciformes,Picidae,"Dryobates affinis"
Mammalia,Chiroptera,Phyllostomidae,"Phyllostomus hastatus"
Mammalia,Chiroptera,Phyllostomidae,"Phyllostomus elongatus"
Aves,Piciformes,Picidae,"Dryobates passerinus"
Aves,Piciformes,Picidae,"Dryocopus lineatus"
Equisetopsida,Malpighiales,Putranjivaceae,"Drypetes amazonica"
Equisetopsida,Malpighiales,Putranjivaceae,"Drypetes gentryana"
Equisetopsida,Malpighiales,Putranjivaceae,"Drypetes gentryi"
Equisetopsida,Solanales,Solanaceae,"Solanum goodspeedii"
Aves,Passeriformes,Tyrannidae,"Phylloscartes orbitalis"
Insecta,Lepidoptera,Hesperiidae,"Dubiella dubius"
Insecta,Lepidoptera,Hesperiidae,"Dubiella fiscella fiscella"
Aves,Passeriformes,Pipridae,"Neopelma sulphureiventer"
Equisetopsida,Magnoliales,Annonaceae,"Duguetia flagellaris"
Equisetopsida,Magnoliales,Annonaceae,"Duguetia hadrantha"
Aves,Accipitriformes,Accipitridae,"Morphnus guianensis"
Equisetopsida,Magnoliales,Annonaceae,"Duguetia lucida"
Insecta,Lepidoptera,Riodinidae,"Mesene nola eupteryx"
Equisetopsida,Magnoliales,Annonaceae,"Duguetia odorata"
Equisetopsida,Brassicales,Caricaceae,"Jacaratia spinosa"
Equisetopsida,Brassicales,Caricaceae,"Jacaratia digitata"
Equisetopsida,Magnoliales,Annonaceae,"Duguetia quitarensis"
Insecta,Hymenoptera,Formicidae,"Neoponera apicalis"
Insecta,Hymenoptera,Formicidae,"Neoponera bactronica"
Insecta,Hymenoptera,Formicidae,"Neoponera commutata"
Insecta,Hymenoptera,Formicidae,"Neoponera luteola"
Equisetopsida,Magnoliales,Annonaceae,"Duguetia spixiana"
Equisetopsida,Lamiales,Bignoniaceae,"Jacaranda obtusifolia"
Equisetopsida,Fabales,Fabaceae,"Dussia tessmannii"
Insecta,Lepidoptera,Nymphalidae,"Dynamine aerata aerata"
Aves,Passeriformes,Furnariidae,"Ancistrops strigilatus"
Actinopterygii,Siluriformes,Loricariidae,"Ancistrus tamboensis"
Insecta,Lepidoptera,Nymphalidae,"Dynamine artemisia glauce"
Insecta,Lepidoptera,Nymphalidae,"Dynamine athemon barreiroi"
Insecta,Lepidoptera,Nymphalidae,"Dynamine coenus leucothea"
Insecta,Lepidoptera,Hesperiidae,"Dyscophellus euribates euribates"
Insecta,Lepidoptera,Hesperiidae,"Dyscophellus nicephorus"
Insecta,Lepidoptera,Hesperiidae,"Dyscophellus sebaldus"
Equisetopsida,Lamiales,Bignoniaceae,"Jacaranda glabra"
Insecta,Lepidoptera,Riodinidae,"Mesene phyrrha"
Equisetopsida,Lamiales,Bignoniaceae,"Jacaranda copaia subsp. spectabilis"
Insecta,Lepidoptera,Saturniidae,"Dysdaemonia boreas"
Equisetopsida,Arecales,Arecaceae,"Mauritia flexuosa"
Insecta,Odonata,Gomphidae,"Phyllocycla malkini"
Aves,Passeriformes,Thamnophilidae,"Dysithamnus mentalis"
Insecta,Odonata,Libellulidae,"Dythemis cannacrioides"
Equisetopsida,Lamiales,Bignoniaceae,"Jacaranda copaia"
Insecta,Lepidoptera,Saturniidae,"Eacles barnesi"
Insecta,Lepidoptera,Saturniidae,"Eacles penelope"
Insecta,Lepidoptera,Hesperiidae,"Ebrietas anacreon anacreon"
Mammalia,Rodentia,Echimyidae,"Mesomys hispidus"
Aves,Charadriiformes,Jacanidae,"Jacana jacana"
Insecta,Lepidoptera,Hesperiidae,"Neoxeniades braesia braesia"
Insecta,Lepidoptera,Hesperiidae,"Ebrietas evanidus"
Insecta,Lepidoptera,Hesperiidae,"Ebrietas infanda"
Insecta,Lepidoptera,Hesperiidae,"Ebusus ebusus ebusus"
Insecta,Diptera,Asilidae,"Eccritosia barbata"
Insecta,Lepidoptera,Erebidae,"Ecdemus hypoleucus"
Aves,Galbuliformes,Galbulidae,"Jacamerops aureus"
Insecta,Hymenoptera,Formicidae,"Eciton hamatum"
Insecta,Hymenoptera,Formicidae,"Eciton rapax"
Insecta,Lepidoptera,Nymphalidae,"Ectima iona"
Insecta,Lepidoptera,Nymphalidae,"Ectima thecla peruviana"
Equisetopsida,Polypodiales,Pteridaceae,"Adiantum pulverulentum"
Aves,Ciconiiformes,Ciconiidae,"Jabiru mycteria"
Aves,Pelecaniformes,Ardeidae,"Egretta caerulea"
Equisetopsida,Santalales,Santalaceae,"Phoradendron perrottetii"
Aves,Pelecaniformes,Ardeidae,"Egretta thula"
Equisetopsida,Santalales,Santalaceae,"Phoradendron bathyoryctum"
Insecta,Diptera,Asilidae,"Eicherax macularis"
Actinopterygii,Gymnotiformes,Sternopygidae,"Eigenmannia virescens"
Insecta,Lepidoptera,Erebidae,"Phoenicoprocta vacillans"
Insecta,Odonata,Libellulidae,"Nephepeltia flavifrons"
Insecta,Odonata,Libellulidae,"Nephepeltia leonardina"
Insecta,Odonata,Libellulidae,"Nephepeltia phryne"
Mammalia,Carnivora,Mustelidae,"Eira barbara"
Insecta,Lepidoptera,Pieridae,"Phoebis sennae marcellina"
Insecta,Lepidoptera,Riodinidae,"Ancyluris aulestes eryxo"
Insecta,Lepidoptera,Pieridae,"Phoebis philea philea"
Aves,Passeriformes,Thraupidae,"Ixothraupis xanthogastra"
Insecta,Lepidoptera,Nymphalidae,"Morpho achilles theodorus"
Insecta,Lepidoptera,Pieridae,"Phoebis argante larra"
Actinopterygii,Cichliformes,Cichlidae,"Mesonauta festivus"
Insecta,Lepidoptera,Riodinidae,"Ancyluris etias melior"
Insecta,Lepidoptera,Hesperiidae,"Phocides pigmalion hewitsonius"
Equisetopsida,Gentianales,Rubiaceae,"Ixora peruviana"
Insecta,Lepidoptera,Hesperiidae,"Phocides padrona"
Insecta,Lepidoptera,Riodinidae,"Ancyluris meliboeus meliboeus"
Insecta,Lepidoptera,Hesperiidae,"Phocides novalis"
Insecta,Lepidoptera,Hesperiidae,"Phocides metrodorus metrodorus"
Aves,Passeriformes,Tyrannidae,"Elaenia gigas"
Equisetopsida,Fabales,Fabaceae,"Andira inermis"
Aves,Passeriformes,Tyrannidae,"Elaenia parvirostris"
Aves,Pelecaniformes,Ardeidae,"Ixobrychus involucris"
Aves,Passeriformes,Thamnophilidae,"Phlegopsis nigromaculata"
Aves,Passeriformes,Tyrannidae,"Elaenia spectabilis"
Aves,Passeriformes,Tyrannidae,"Elaenia strepera"
Aves,Pelecaniformes,Ardeidae,"Ixobrychus exilis"
Aves,Accipitriformes,Accipitridae,"Elanoides forficatus"
Insecta,Lepidoptera,Hesperiidae,"Phlebodes virgo"
Insecta,Lepidoptera,Hesperiidae,"Phlebodes torax"
Insecta,Lepidoptera,Hesperiidae,"Phlebodes pertinax"
Insecta,Lepidoptera,Hesperiidae,"Phlebodes notex"
Equisetopsida,Fabales,Fabaceae,"Andira multistipula"
Equisetopsida,Fabales,Fabaceae,"Andira surinamensis"
Actinopterygii,Siluriformes,Trichomycteridae,"Ituglanis amazonicus"
Insecta,Lepidoptera,Hesperiidae,"Phlebodes campo sifax"
Aves,Passeriformes,Furnariidae,"Philydor pyrrhodes"
Insecta,Lepidoptera,Hesperiidae,"Elbella azeta azeta"
Insecta,Lepidoptera,Hesperiidae,"Elbella blanda"
Insecta,Lepidoptera,Nymphalidae,"Ithomia salapia ardea"
Insecta,Lepidoptera,Nymphalidae,"Ithomia lichyi neivai"
Insecta,Lepidoptera,Hesperiidae,"Elbella madeira"
Insecta,Lepidoptera,Nymphalidae,"Ithomia arduinna arduinna"
Insecta,Lepidoptera,Nymphalidae,"Ithomia agnosia agnosia"
Insecta,Lepidoptera,Hesperiidae,"Elbella merops"
Insecta,Lepidoptera,Riodinidae,"Ithomeis lauronia"
Insecta,Lepidoptera,Nymphalidae,"Neruda aoede manu"
Insecta,Lepidoptera,Pieridae,"Itaballia pandiosa pisonis"
Insecta,Lepidoptera,Lycaenidae,"Nesiostrymon celona"
Insecta,Lepidoptera,Pieridae,"Itaballia demophile lucania"
Insecta,Lepidoptera,Hesperiidae,"Elbella patrobas tingo"
Aves,Coraciiformes,Momotidae,"Electron platyrhynchum"
Insecta,Lepidoptera,Riodinidae,"Mesophthalma idotea"
Insecta,Lepidoptera,Nymphalidae,"Nessaea obrina lesoudieri"
Aves,Passeriformes,Furnariidae,"Philydor erythrocercum"
Equisetopsida,Asparagales,Iridaceae,"Eleutherine bulbosa"
Actinopterygii,Siluriformes,Loricariidae,"Squaliforma phrixosoma"
Insecta,Lepidoptera,Riodinidae,"Emesis castigata castigata"
Equisetopsida,Polypodiales,Pteridaceae,"Adiantum tetraphyllum"
Insecta,Lepidoptera,Riodinidae,"Emesis fatimella fatimella"
Aves,Passeriformes,Thamnophilidae,"Isleria hauxwelli"
Insecta,Lepidoptera,Riodinidae,"Emesis mandana mandana"
Insecta,Odonata,Aeshnidae,"Neuraeschna calverti"
Insecta,Odonata,Aeshnidae,"Neuraeschna mina"
Insecta,Lepidoptera,Riodinidae,"Emesis ocypore ocypore"
Insecta,Lepidoptera,Riodinidae,"Emesis temesa emesina"
Equisetopsida,Solanales,Solanaceae,"Solanum caricaefolium"
Equisetopsida,Alismatales,Araceae,"Philodendron ornatum"
Insecta,Lepidoptera,Nymphalidae,"Nica flavilla sylvestris"
Insecta,Lepidoptera,Nymphalidae,"Morpho deidamia grambergi"
Insecta,Odonata,Coenagrionidae,"Ischnura capreola"
Equisetopsida,Polypodiales,Pteridaceae,"Adiantum tomentosum"
Insecta,Lepidoptera,Erebidae,"Andrenimorpha lucens"
Aves,Passeriformes,Tyrannidae,"Empidonax alnorum"
Aves,Passeriformes,Tyrannidae,"Empidonomus aurantioatrocristatus"
Aves,Passeriformes,Tyrannidae,"Empidonomus varius"
Equisetopsida,Zingiberales,Marantaceae,"Ischnosiphon puberulus"
Insecta,Lepidoptera,Hesperiidae,"Niconiades linga"
Insecta,Diptera,Asilidae,"Andrenosoma phoenicogaster"
Insecta,Diptera,Asilidae,"Andrenosoma sarcophaga"
Equisetopsida,Alismatales,Araceae,"Philodendron lechlerianum"
Insecta,Lepidoptera,Hesperiidae,"Niconiades xanthaphes"
Equisetopsida,Zingiberales,Marantaceae,"Ischnosiphon leucophaeus subsp. leucophaeus"
Insecta,Lepidoptera,Pieridae,"Enantia lina galanthis"
Equisetopsida,Zingiberales,Marantaceae,"Ischnosiphon leucophaeus"
Insecta,Lepidoptera,Pieridae,"Enantia melite linealis"
Equisetopsida,Alismatales,Araceae,"Philodendron hylaeae"
Equisetopsida,Lamiales,Bignoniaceae,"Anemopaegma flavum"
Equisetopsida,Laurales,Lauraceae,"Endlicheria bracteata"
Equisetopsida,Laurales,Lauraceae,"Endlicheria dysodantha"
Equisetopsida,Laurales,Lauraceae,"Endlicheria formosa"
Equisetopsida,Laurales,Lauraceae,"Endlicheria krukovii"
Equisetopsida,Zingiberales,Marantaceae,"Ischnosiphon killipii"
Equisetopsida,Lamiales,Bignoniaceae,"Anemopaegma insculptum"
Equisetopsida,Laurales,Lauraceae,"Endlicheria metallica"
Equisetopsida,Alismatales,Araceae,"Philodendron herthae"
Insecta,Lepidoptera,Nymphalidae,"Megeuptychia antonoe"
Equisetopsida,Laurales,Lauraceae,"Endlicheria paniculata"
Equisetopsida,Alismatales,Araceae,"Philodendron hederaceum"
Equisetopsida,Laurales,Lauraceae,"Endlicheria rubiflora"
Equisetopsida,Alismatales,Araceae,"Philodendron guttiferum"
Equisetopsida,Alismatales,Araceae,"Philodendron guianense"
Equisetopsida,Laurales,Lauraceae,"Endlicheria ruforamula"
Equisetopsida,Malpighiales,Malpighiaceae,"Niedenzuella stannea"
Equisetopsida,Laurales,Monimiaceae,"Mollinedia lanceolata"
Equisetopsida,Zingiberales,Marantaceae,"Ischnosiphon hirsutus"
Equisetopsida,Laurales,Lauraceae,"Endlicheria sericea"
Aves,Anseriformes,Anhimidae,"Anhima cornuta"
Insecta,Lepidoptera,Riodinidae,"Isapis agyrtus sestus"
Equisetopsida,Malvales,Malvaceae,"Matisia ochrocalyx"
Equisetopsida,Laurales,Lauraceae,"Endlicheria williamsii"
Insecta,Lepidoptera,Erebidae,"Isanthrene porphyria"
Insecta,Lepidoptera,Nymphalidae,"Melinaea marsaeus clara"
Equisetopsida,Alismatales,Araceae,"Philodendron fragrantissimum"
Actinopterygii,Characiformes,Characidae,"Engraulisoma taeniatum"
Insecta,Lepidoptera,Hesperiidae,"Enosis blotta"
Insecta,Lepidoptera,Hesperiidae,"Enosis iccius"
Insecta,Lepidoptera,Hesperiidae,"Enosis immaculata demon"
Aves,Suliformes,Anhingidae,"Anhinga anhinga"
Insecta,Lepidoptera,Hesperiidae,"Enosis pruinosa pruinosa"
Equisetopsida,Fabales,Fabaceae,"Enterolobium barnebianum"
Equisetopsida,Magnoliales,Myristicaceae,"Iryanthera tessmannii"
Mammalia,Chiroptera,Phyllostomidae,"Mesophylla macconnelli"
Insecta,Lepidoptera,Hesperiidae,"Nisoniades brunneata"
Equisetopsida,Laurales,Lauraceae,"Aniba canelilla"
Insecta,Lepidoptera,Hesperiidae,"Nisoniades evansi"
Equisetopsida,Fabales,Fabaceae,"Enterolobium schomburgkii"
Insecta,Lepidoptera,Hesperiidae,"Entheus eumelus ninyas"
Insecta,Lepidoptera,Nymphalidae,"Morpho menelaus alexandrovna"
Insecta,Lepidoptera,Hesperiidae,"Nisoniades macarius"
Insecta,Lepidoptera,Hesperiidae,"Nisoniades mimas"
Equisetopsida,Laurales,Monimiaceae,"Mollinedia killipii"
Equisetopsida,Fabales,Fabaceae,"Nissolia brasiliensis"
Equisetopsida,Magnoliales,Myristicaceae,"Iryanthera olacoides"
Equisetopsida,Alismatales,Araceae,"Philodendron brevispathum"
Equisetopsida,Poales,Bromeliaceae,"Aechmea bromeliifolia"
Equisetopsida,Malvales,Malvaceae,"Matisia malacocalyx"
Equisetopsida,Solanales,Solanaceae,"Solanum aphyodendron"
Equisetopsida,Alismatales,Araceae,"Philodendron brandtianum"
Equisetopsida,Laurales,Lauraceae,"Aniba guianensis"
Insecta,Lepidoptera,Erebidae,"Epanycles imperialis"
Insecta,Lepidoptera,Hesperiidae,"Epargyreus clavicornis clavicornis"
Insecta,Lepidoptera,Hesperiidae,"Epargyreus exadeus exadeus"
Aves,Strigiformes,Strigidae,"Megascops watsonii"
Insecta,Lepidoptera,Riodinidae,"Mesosemia cippus"
Equisetopsida,Magnoliales,Myristicaceae,"Iryanthera laevis"
Equisetopsida,Magnoliales,Myristicaceae,"Iryanthera juruensis"
Equisetopsida,Laurales,Lauraceae,"Aniba panurensis"
Insecta,Lepidoptera,Hesperiidae,"Epargyreus socus sinus"
Insecta,Lepidoptera,Nymphalidae,"Morpho telemachus iphiclus"
Equisetopsida,Magnoliales,Myristicaceae,"Iryanthera hostmannii"
Insecta,Lepidoptera,Nymphalidae,"Melinaea menophilus orestes"
Equisetopsida,Alismatales,Araceae,"Philodendron acreanum"
Insecta,Diptera,Tabanidae,"Philipotabanus tenuifasciatus"
Mammalia,Chiroptera,Noctilionidae,"Noctilio leporinus"
Equisetopsida,Malvales,Malvaceae,"Sterculia rebeccae"
Insecta,Diptera,Tabanidae,"Philipotabanus stigmaticalis"
Insecta,Lepidoptera,Nymphalidae,"Philaethria dido"
Aves,Passeriformes,Troglodytidae,"Pheugopedius genibarbis"
Aves,Passeriformes,Cardinalidae,"Pheucticus ludovicianus"
Aves,Passeriformes,Cardinalidae,"Pheucticus aureoventris"
Equisetopsida,Zingiberales,Strelitziaceae,"Phenakospermum guyannense"
Actinopterygii,Characiformes,Characidae,"Phenacogaster pectinatus"
Actinopterygii,Characiformes,Characidae,"Phenacogaster megalostictus"
Insecta,Lepidoptera,Hesperiidae,"Phemiades pohli cidra"
Insecta,Lepidoptera,Erebidae,"Pheia proteria"
Insecta,Lepidoptera,Erebidae,"Pheia albisigna"
Equisetopsida,Poales,Poaceae,"Pharus virescens"
Equisetopsida,Poales,Poaceae,"Pharus latifolius"
Equisetopsida,Poales,Poaceae,"Pharus lappulaceus"
Aves,Anseriformes,Anatidae,"Nomonyx dominicus"
Aves,Trogoniformes,Trogonidae,"Pharomachrus pavoninus"
Equisetopsida,Asparagales,Orchidaceae,"Epidendrum strobiliferum"
Insecta,Lepidoptera,Hesperiidae,"Phareas coeleste"
Insecta,Lepidoptera,Hesperiidae,"Phanus vitreus"
Insecta,Lepidoptera,Erebidae,"Epidesma aurimaculata"
Insecta,Lepidoptera,Riodinidae,"Mesosemia decolorata"
Insecta,Lepidoptera,Erebidae,"Epidesma hoffmannsi"
Insecta,Lepidoptera,Riodinidae,"Mesosemia ibycus"
Equisetopsida,Malvales,Malvaceae,"Matisia glandifera"
Insecta,Lepidoptera,Erebidae,"Epidesma klagesi"
Equisetopsida,Laurales,Lauraceae,"Aniba puchury-minor"
Insecta,Lepidoptera,Hesperiidae,"Phanus ecitonorum"
Equisetopsida,Solanales,Solanaceae,"Solanum americanum"
Insecta,Lepidoptera,Erebidae,"Epidesma oblicua"
Aves,Galbuliformes,Bucconidae,"Nonnula ruficapilla"
Equisetopsida,Laurales,Lauraceae,"Aniba taubertiana"
Insecta,Lepidoptera,Hesperiidae,"Phanes aletes"
Insecta,Lepidoptera,Erebidae,"Epidesma similis"
Insecta,Coleoptera,Scarabaeidae,"Anisocanthon villosus"
Insecta,Lepidoptera,Erebidae,"Epidesma ursula"
Equisetopsida,Arecales,Arecaceae,"Iriartea deltoidea"
Insecta,Coleoptera,Scarabaeidae,"Phanaeus chalcomelas"
Insecta,Odonata,Gomphidae,"Epigomphus gracilis"
Insecta,Coleoptera,Scarabaeidae,"Phanaeus cambeforti"
Equisetopsida,Caryophyllales,Amaranthaceae,"Iresine diffusa"
Insecta,Coleoptera,Scarabaeidae,"Phanaeus bispinus"
Insecta,Coleoptera,Carabidae,"Iresia binotata peruviana"
Insecta,Lepidoptera,Hesperiidae,"Anisochoria pedaliodina pedaliodina"
Equisetopsida,Magnoliales,Annonaceae,"Annona amazonica"
Aves,Passeriformes,Thamnophilidae,"Epinecrophylla amazonica"
Aves,Passeriformes,Thamnophilidae,"Epinecrophylla leucophthalma"
Aves,Passeriformes,Thamnophilidae,"Epinecrophylla ornata"
Equisetopsida,Caryophyllales,Cactaceae,"Epiphyllum phyllanthus"
Aves,Suliformes,Phalacrocoracidae,"Phalacrocorax brasilianus"
Aves,Charadriiformes,Laridae,"Phaetusa simplex"
Insecta,Lepidoptera,Hesperiidae,"Eracon paulinus"
Aves,Apodiformes,Trochilidae,"Phaethornis ruber"
Equisetopsida,Asterales,Asteraceae,"Erechtites hieraciifolius"
Insecta,Lepidoptera,Nymphalidae,"Eresia clara clara"
Insecta,Lepidoptera,Nymphalidae,"Eresia eunice eunice"
Insecta,Lepidoptera,Nymphalidae,"Eresia nauplius plagiata"
Insecta,Lepidoptera,Nymphalidae,"Erichthodes antonina"
Aves,Apodiformes,Trochilidae,"Phaethornis philippii"
Aves,Strigiformes,Strigidae,"Megascops roraimae"
Aves,Apodiformes,Trochilidae,"Phaethornis malaris"
Insecta,Lepidoptera,Sphingidae,"Erinnyis alope alope"
Insecta,Lepidoptera,Sphingidae,"Erinnyis crameri"
Insecta,Lepidoptera,Hesperiidae,"Morvina fissimacula rema"
Aves,Galbuliformes,Bucconidae,"Notharchus ordii"
Equisetopsida,Magnoliales,Annonaceae,"Annona ambotay"
Insecta,Lepidoptera,Sphingidae,"Erinnyis ello ello"
Aves,Apodiformes,Trochilidae,"Phaethornis hispidus"
Equisetopsida,Malvales,Malvaceae,"Eriotheca globosa"
Insecta,Lepidoptera,Lycaenidae,"Erora phrosine"
Equisetopsida,Asparagales,Orchidaceae,"Erycina glossomystax"
Aves,Galbuliformes,Bucconidae,"Notharchus tectus"
Equisetopsida,Asparagales,Orchidaceae,"Erycina pumilio"
Equisetopsida,Magnoliales,Annonaceae,"Annona centrantha"
Insecta,Lepidoptera,Riodinidae,"Notheme albertus albetus"
Insecta,Odonata,Libellulidae,"Erythemys attala"
Insecta,Odonata,Libellulidae,"Erythemys haemathogastra"
Insecta,Lepidoptera,Riodinidae,"Notheme erota diadema"
Equisetopsida,Solanales,Convolvulaceae,"Ipomoea clavata"
Insecta,Odonata,Libellulidae,"Erythemys mithroides"
Insecta,Lepidoptera,Hesperiidae,"Phaeraeus maria"
Insecta,Odonata,Libellulidae,"Erythemys peruviana"
Insecta,Odonata,Libellulidae,"Erythemys vesiculosa"
Insecta,Diptera,Tabanidae,"Phaeotabanus phaeopterus"
Insecta,Diptera,Tabanidae,"Phaeotabanus inotescens"
Insecta,Diptera,Tabanidae,"Phaeotabanus fervens"
Insecta,Diptera,Tabanidae,"Phaeotabanus cajennensis"
Insecta,Lepidoptera,Erebidae,"Phaeosphecia opaca"
Insecta,Odonata,Libellulidae,"Erythodyplax angustipennis"
Insecta,Odonata,Libellulidae,"Erythodyplax attenuata"
Insecta,Lepidoptera,Hesperiidae,"Morys geisa geisa"
Equisetopsida,Sapindales,Sapindaceae,"Matayba scrobiculata"
Insecta,Odonata,Libellulidae,"Erythodyplax basalis"
Aves,Passeriformes,Tyrannidae,"Phaeomyias murina"
Insecta,Odonata,Libellulidae,"Erythodyplax costanea"
Insecta,Odonata,Libellulidae,"Erythodyplax famula"
Insecta,Odonata,Libellulidae,"Erythodyplax fusca"
Insecta,Odonata,Libellulidae,"Erythodyplax lativittata"
Insecta,Odonata,Libellulidae,"Erythodyplax tenuis"
Insecta,Odonata,Libellulidae,"Erythodyplax umbrata"
Insecta,Odonata,Libellulidae,"Erythodyplax unimaculata"
Insecta,Lepidoptera,Riodinidae,"Phaenochitonia sophistes"
Equisetopsida,Solanales,Convolvulaceae,"Ipomoea alba"
Equisetopsida,Fabales,Fabaceae,"Erythrina mulungu"
Aves,Passeriformes,Hirundinidae,"Petrochelidon pyrrhonota"
Equisetopsida,Lamiales,Verbenaceae,"Petrea maynensis"
Actinopterygii,Characiformes,Erythrinidae,"Erythrinus erythrinus"
Equisetopsida,Malpighiales,Erythroxylaceae,"Erythroxylum citrifolium"
Equisetopsida,Malpighiales,Erythroxylaceae,"Erythroxylum ruryi"
Insecta,Lepidoptera,Pieridae,"Perrhybris pamela mazuka"
Aves,Passeriformes,Tityridae,"Iodopleura isabellae"
Equisetopsida,Sapindales,Sapindaceae,"Matayba purgans"
Equisetopsida,Ericales,Lecythidaceae,"Eschweilera coriacea"
Equisetopsida,Ericales,Lecythidaceae,"Eschweilera gigantea"
Equisetopsida,Ericales,Lecythidaceae,"Eschweilera juruensis"
Insecta,Lepidoptera,Riodinidae,"Perophthalma tullius tullius"
Insecta,Odonata,Libellulidae,"Perithemis thais"
Insecta,Odonata,Libellulidae,"Perithemis lais"
Insecta,Odonata,Libellulidae,"Perithemis electra"
Insecta,Odonata,Libellulidae,"Perithemis bella"
Equisetopsida,Celastrales,Celastraceae,"Peritassa pruinosa"
Insecta,Diptera,Tabanidae,"Esenbeckia suturalis"
Insecta,Odonata,Perilestidae,"Perissolestes paprzyckii"
Insecta,Lepidoptera,Saturniidae,"Periphoba bircia"
Insecta,Lepidoptera,Saturniidae,"Periphoba afflata"
Equisetopsida,Magnoliales,Annonaceae,"Annona edulis"
Insecta,Odonata,Perilestidae,"Perilestes attenuatus"
Insecta,Lepidoptera,Sphingidae,"Perigonia stulta"
Insecta,Lepidoptera,Hesperiidae,"Perichares philetes philetes"
Aves,Piciformes,Capitonidae,"Eubucco richardsoni"
Insecta,Lepidoptera,Hesperiidae,"Perichares lotus"
Insecta,Lepidoptera,Nymphalidae,"Peria lamis"
Aves,Piciformes,Capitonidae,"Eubucco tucinkae"
Insecta,Lepidoptera,Erebidae,"Eucereon albitorna"
Insecta,Lepidoptera,Riodinidae,"Mesosemia luperca"
Insecta,Lepidoptera,Erebidae,"Eucereon amadis"
Insecta,Lepidoptera,Riodinidae,"Mesosemia machaera"
Insecta,Lepidoptera,Saturniidae,"Molippa nibasa nibasa"
Equisetopsida,Sapindales,Sapindaceae,"Matayba arborescens"
Insecta,Lepidoptera,Erebidae,"Eucereon archias"
Insecta,Lepidoptera,Erebidae,"Eucereon atrigutta"
Equisetopsida,Magnoliales,Annonaceae,"Annona foetida"
Equisetopsida,Fabales,Fabaceae,"Inga umbellifera"
Insecta,Lepidoptera,Erebidae,"Eucereon facundum"
Insecta,Lepidoptera,Erebidae,"Eucereon latifascia"
Equisetopsida,Fabales,Fabaceae,"Inga tomentosa"
Insecta,Lepidoptera,Saturniidae,"Molippa latemedia"
Insecta,Lepidoptera,Erebidae,"Eucereon leria"
Insecta,Lepidoptera,Erebidae,"Eucereon maia"
Equisetopsida,Fabales,Fabaceae,"Inga thibaudiana"
Insecta,Lepidoptera,Erebidae,"Eucereon marmoratum"
Equisetopsida,Fabales,Fabaceae,"Inga tessmannii"
Equisetopsida,Fabales,Fabaceae,"Inga tenuistipula"
Insecta,Lepidoptera,Riodinidae,"Mesosemia materna"
Insecta,Lepidoptera,Erebidae,"Eucereon obscurum"
Equisetopsida,Poales,Bromeliaceae,"Aechmea magdalenae"
Equisetopsida,Fabales,Fabaceae,"Inga striata"
Equisetopsida,Rosales,Moraceae,"Perebea xanthochyma"
Equisetopsida,Fabales,Fabaceae,"Inga stipularis"
Insecta,Lepidoptera,Hesperiidae,"Moeros moeros"
Insecta,Lepidoptera,Erebidae,"Eucereon parascyton"
Insecta,Lepidoptera,Erebidae,"Eucereon pseudoarchias"
Equisetopsida,Magnoliales,Annonaceae,"Annona fosteri"
Insecta,Lepidoptera,Erebidae,"Eucereon punctatum"
Equisetopsida,Fabales,Fabaceae,"Inga stenoptera"
Insecta,Lepidoptera,Erebidae,"Eucereon sarisa"
Equisetopsida,Fabales,Fabaceae,"Inga splendens"
Equisetopsida,Fabales,Fabaceae,"Inga spectabilis"
Equisetopsida,Magnoliales,Annonaceae,"Annona montana"
Insecta,Lepidoptera,Erebidae,"Eucereon scyton"
Insecta,Lepidoptera,Erebidae,"Eucereon taperinhae"
Equisetopsida,Poales,Bromeliaceae,"Aechmea mertensii"
Insecta,Lepidoptera,Erebidae,"Euceron varium"
Equisetopsida,Fabales,Fabaceae,"Inga setosa"
Equisetopsida,Rosales,Moraceae,"Perebea humilis"
Equisetopsida,Fabales,Fabaceae,"Inga sertulifera subsp. Sertulifera"
Aves,Passeriformes,Thamnophilidae,"Euchrepomis humeralis"
Equisetopsida,Magnoliales,Annonaceae,"Annona mucosa"
Equisetopsida,Myrtales,Melastomataceae,"Mouriri apiranga"
Insecta,Lepidoptera,Erebidae,"Euclera hoffmannsi"
Equisetopsida,Rosales,Moraceae,"Perebea guianensis"
Aves,Passeriformes,Thraupidae,"Eucometis penicillata"
Equisetopsida,Gentianales,Rubiaceae,"Notopleura parasiggersiana"
Equisetopsida,Arecales,Arecaceae,"Socratea exorrhiza"
Insecta,Lepidoptera,Nymphalidae,"Eueides aliphera aliphera"
Insecta,Lepidoptera,Riodinidae,"Mesosemia menoetes paetula"
Equisetopsida,Fabales,Fabaceae,"Inga ruiziana"
Insecta,Lepidoptera,Nymphalidae,"Eueides isabella hippolinus"
Equisetopsida,Fabales,Fabaceae,"Inga punctata"
Equisetopsida,Magnoliales,Annonaceae,"Annona muricata"
Insecta,Lepidoptera,Nymphalidae,"Eueides tales tabernula"
Insecta,Lepidoptera,Nymphalidae,"Eueides vibilia unifasciata"
Equisetopsida,Rosales,Moraceae,"Perebea angustifolia"
Insecta,Hymenoptera,Apidae,"Eufriesea duckei"
Equisetopsida,Fabales,Fabaceae,"Inga poeppigiana"
Equisetopsida,Magnoliales,Annonaceae,"Annona neochrysocarpa"
Equisetopsida,Magnoliales,Annonaceae,"Annona neoulei"
Insecta,Hymenoptera,Apidae,"Eufriesea flaviventris"
Equisetopsida,Magnoliales,Annonaceae,"Annona papilionella"
Insecta,Hymenoptera,Apidae,"Eufriesea fragrocara"
Insecta,Hymenoptera,Formicidae,"Anochetus mayri"
Insecta,Hymenoptera,Apidae,"Eufriesea pulchra"
Equisetopsida,Malpighiales,Peraceae,"Pera tomentosa"
Equisetopsida,Malpighiales,Peraceae,"Pera glabrata"
Insecta,Hymenoptera,Apidae,"Eufriesea purpurata"
Equisetopsida,Malpighiales,Peraceae,"Pera benensis"
Equisetopsida,Fabales,Fabaceae,"Inga oerstediana"
Insecta,Hymenoptera,Apidae,"Eufriesea superba"
Insecta,Hymenoptera,Apidae,"Eufriesea xantha"
Equisetopsida,Fabales,Fabaceae,"Inga nobilis"
Insecta,Hymenoptera,Ichneumonidae,"Anomalon cotoi"
Equisetopsida,Ranunculales,Menispermaceae,"Anomospermum bolivianum"
Equisetopsida,Myrtales,Myrtaceae,"Eugenia florida"
Equisetopsida,Myrtales,Myrtaceae,"Eugenia heterochroma"
Equisetopsida,Fabales,Fabaceae,"Inga marginata"
Equisetopsida,Myrtales,Myrtaceae,"Eugenia moschata"
Equisetopsida,Myrtales,Myrtaceae,"Eugenia muricata"
Equisetopsida,Myrtales,Myrtaceae,"Eugenia ochrophloea"
Equisetopsida,Myrtales,Myrtaceae,"Eugenia patrisii"
Equisetopsida,Myrtales,Myrtaceae,"Eugenia schunkei"
Insecta,Hymenoptera,Apidae,"Euglossa allosticta"
Equisetopsida,Ranunculales,Menispermaceae,"Anomospermum grandifolium"
Insecta,Hymenoptera,Apidae,"Euglossa amazonica"
Insecta,Hymenoptera,Apidae,"Euglossa augaspis"
Insecta,Hymenoptera,Apidae,"Euglossa bidentata"
Equisetopsida,Myrtales,Melastomataceae,"Mouriri grandiflora"
Equisetopsida,Fabales,Fabaceae,"Inga macrophylla"
Mammalia,Chiroptera,Phyllostomidae,"Anoura caudifer"
Insecta,Lepidoptera,Nymphalidae,"Smyrna blomfildia blomfildia"
Equisetopsida,Fabales,Fabaceae,"Inga laurina"
Equisetopsida,Liliales,Smilacaceae,"Smilax purhampuy"
Equisetopsida,Fabales,Fabaceae,"Inga laevigata"
Equisetopsida,Fabales,Fabaceae,"Inga ingoides"
Insecta,Hymenoptera,Apidae,"Euglossa chalybeata"
Insecta,Lepidoptera,Pieridae,"Anteos menippe"
Insecta,Hymenoptera,Apidae,"Euglossa chlorina"
Equisetopsida,Fabales,Fabaceae,"Inga heterophylla"
Insecta,Lepidoptera,Hesperiidae,"Moeris submetallescens"
Insecta,Lepidoptera,Riodinidae,"Mesosemia naiadella naiadella"
Insecta,Hymenoptera,Apidae,"Euglossa cognata"
Insecta,Hymenoptera,Apidae,"Euglossa crassipunctata"
Insecta,Hymenoptera,Apidae,"Euglossa despecta"
Insecta,Hymenoptera,Apidae,"Euglossa gaianii"
Equisetopsida,Piperales,Piperaceae,"Peperomia serpens"
Equisetopsida,Fabales,Fabaceae,"Inga edulis"
Insecta,Hymenoptera,Apidae,"Euglossa ignita"
Insecta,Hymenoptera,Apidae,"Euglossa imperialis"
Equisetopsida,Piperales,Piperaceae,"Peperomia rotundifolia"
Insecta,Hymenoptera,Apidae,"Euglossa intersecta"
Insecta,Lepidoptera,Riodinidae,"Anteros fromosus formosus"
Insecta,Hymenoptera,Apidae,"Euglossa iophyrra"
Insecta,Hymenoptera,Apidae,"Euglossa mixta"
Insecta,Hymenoptera,Apidae,"Euglossa modestior"
Insecta,Hymenoptera,Apidae,"Euglossa mourei"
Insecta,Hymenoptera,Apidae,"Euglossa perviridis"
Insecta,Hymenoptera,Apidae,"Euglossa piliventris"
Insecta,Hymenoptera,Apidae,"Euglossa securigera"
Insecta,Hymenoptera,Apidae,"Euglossa singularis"
Insecta,Lepidoptera,Riodinidae,"Anteros renaldus renaldus"
Insecta,Hymenoptera,Apidae,"Euglossa townsendi"
Insecta,Hymenoptera,Apidae,"Euglossa viridifrons"
Equisetopsida,Fabales,Fabaceae,"Inga coruscans"
Equisetopsida,Piperales,Piperaceae,"Peperomia pubinervosa"
Insecta,Hymenoptera,Apidae,"Eulaema bombiformis"
Equisetopsida,Malpighiales,Caryocaraceae,"Anthodiscus klugii"
Equisetopsida,Malpighiales,Caryocaraceae,"Anthodiscus peruanus"
Insecta,Hymenoptera,Apidae,"Eulaema meriana"
Aves,Nyctibiiformes,Nyctibiidae,"Nyctibius aethereus"
Equisetopsida,Celastrales,Celastraceae,"Anthodon decussatus"
Insecta,Hymenoptera,Apidae,"Eulaema mocsaryi"
Insecta,Hymenoptera,Apidae,"Eulaema nigrita"
Equisetopsida,Malpighiales,Malpighiaceae,"Mascagnia glabrata"
Equisetopsida,Fabales,Fabaceae,"Inga cinnamomea"
Insecta,Hymenoptera,Apidae,"Eulaema polyzona"
Aves,Passeriformes,Thraupidae,"Sporophila schistacea"
Insecta,Hymenoptera,Apidae,"Eulaema seabrai"
Insecta,Hymenoptera,Apidae,"Eulaema singulata"
Equisetopsida,Fabales,Fabaceae,"Inga chartacea"
Aves,Nyctibiiformes,Nyctibiidae,"Nyctibius bracteatus"
Insecta,Lepidoptera,Hesperiidae,"Anthoptus epictetus"
Equisetopsida,Fabales,Fabaceae,"Inga cayennensis"
Equisetopsida,Gentianales,Rubiaceae,"Eumachia inconspicua"
Insecta,Diptera,Asilidae,"Martinia schnusei"
Equisetopsida,Gentianales,Rubiaceae,"Eumachia nana"
Equisetopsida,Fabales,Fabaceae,"Inga capitata"
Equisetopsida,Fabales,Fabaceae,"Inga buorgoni"
Insecta,Lepidoptera,Nymphalidae,"Eunica alpais alpais"
Insecta,Lepidoptera,Nymphalidae,"Eunica amelia erroneata"
Insecta,Lepidoptera,Nymphalidae,"Eunica caelina alycia"
Insecta,Diptera,Asilidae,"Martinia scalaris"
Equisetopsida,Fabales,Fabaceae,"Inga brachyrhachis"
Equisetopsida,Fabales,Fabaceae,"Inga bourgonii"
Equisetopsida,Myrtales,Melastomataceae,"Mouriri nigra"
Insecta,Lepidoptera,Riodinidae,"Mesosemia philocles thyestes"
Equisetopsida,Piperales,Piperaceae,"Peperomia macrostachya"
Aves,Nyctibiiformes,Nyctibiidae,"Nyctibius grandis"
Insecta,Lepidoptera,Nymphalidae,"Eunica clytia"
Actinopterygii,Characiformes,Characidae,"Moenkhausia ovalis"
Equisetopsida,Fabales,Fabaceae,"Inga auristellae"
Insecta,Lepidoptera,Nymphalidae,"Eunica concordia"
Insecta,Lepidoptera,Hesperiidae,"Anthoptus insignis"
Insecta,Lepidoptera,Nymphalidae,"Eunica eurota eurota"
Equisetopsida,Fabales,Fabaceae,"Inga alba"
Insecta,Lepidoptera,Nymphalidae,"Eunica maja noerina"
Insecta,Lepidoptera,Nymphalidae,"Eunica malvina malvina"
Insecta,Lepidoptera,Nymphalidae,"Eunica marsolia fasula"
Aves,Nyctibiiformes,Nyctibiidae,"Nyctibius griseus"
Equisetopsida,Fabales,Fabaceae,"Inga acuminata"
Insecta,Lepidoptera,Nymphalidae,"Eunica mygdonia mygdonia"
Insecta,Lepidoptera,Nymphalidae,"Eunica orphise"
Insecta,Lepidoptera,Nymphalidae,"Eunica sophonisba agele"
Equisetopsida,Myrtales,Memecylaceae,"Mouriri peruviana"
Insecta,Lepidoptera,Nymphalidae,"Eunica sydonia sydonia"
Insecta,Lepidoptera,Riodinidae,"Eunogyra satyrus"
Aves,Passeriformes,Fringillidae,"Euphonia chrysopasta"
Aves,Passeriformes,Fringillidae,"Euphonia laniirostris"
Equisetopsida,Fabales,Fabaceae,"Inga acrocephala"
Aves,Passeriformes,Fringillidae,"Euphonia minuta"
Equisetopsida,Fabales,Fabaceae,"Inga acreana"
Aves,Apodiformes,Trochilidae,"Anthracothorax nigricollis"
Aves,Passeriformes,Tyrannidae,"Inezia inornata"
Aves,Passeriformes,Fringillidae,"Euphonia rufiventris"
Equisetopsida,Piperales,Piperaceae,"Peperomia circinnata"
Aves,Passeriformes,Fringillidae,"Euphonia xanthogaster"
Aves,Galbuliformes,Bucconidae,"Monasa flavirostris"
Equisetopsida,Malpighiales,Euphorbiaceae,"Euphorbia hirta"
Insecta,Coleoptera,Carabidae,"Pentacomia lacordairei"
Insecta,Coleoptera,Carabidae,"Pentacomia egregia"
Insecta,Coleoptera,Carabidae,"Pentacomia cupriventris"
Insecta,Coleoptera,Carabidae,"Pentacomia cribata"
Aves,Psittaciformes,Psittacidae,"Eupsittula aurea"
Insecta,Lepidoptera,Nymphalidae,"Euptychia enyo"
Insecta,Lepidoptera,Nymphalidae,"""Euptychia"" ordinata"
Insecta,Lepidoptera,Hesperiidae,"Penicula crista"
Aves,Pelecaniformes,Ardeidae,"Nycticorax nycticorax"
Insecta,Lepidoptera,Hesperiidae,"Penicula bryanti"
Insecta,Lepidoptera,Pieridae,"Eurema agave agave"
Insecta,Lepidoptera,Pieridae,"Eurema albula espinosae"
Insecta,Lepidoptera,Hesperiidae,"Penicula advena advena"
Insecta,Lepidoptera,Pieridae,"Eurema paulina"
Insecta,Lepidoptera,Riodinidae,"Eurybia caerulescens caerulescens"
Insecta,Lepidoptera,Riodinidae,"Eurybia dardus franciscana"
Insecta,Lepidoptera,Riodinidae,"Eurybia halimede halimede"
Insecta,Lepidoptera,Riodinidae,"Eurybia nicaea"
Insecta,Lepidoptera,Riodinidae,"Eurybia promota"
Aves,Eurypygiformes,Eurypygidae,"Eurypyga helias"
Insecta,Coleoptera,Scarabaeidae,"Eurysternus caribaeus"
Aves,Galliformes,Cracidae,"Penelope jacquacu"
Insecta,Coleoptera,Scarabaeidae,"Eurysternus hamaticollis"
Insecta,Coleoptera,Scarabaeidae,"Eurysternus hypocrita"
Equisetopsida,Fabales,Fabaceae,"Peltogyne floribunda"
Insecta,Lepidoptera,Hesperiidae,"Pellicia trax"
Equisetopsida,Oxalidales,Elaeocarpaceae,"Sloanea terniflora"
Insecta,Lepidoptera,Hesperiidae,"Pellicia klugi"
Insecta,Lepidoptera,Papilionidae,"Eurytides dolicaon deileon"
Insecta,Lepidoptera,Hesperiidae,"Pellicia costimacula costimacula"
Insecta,Lepidoptera,Riodinidae,"Euselasia angulata"
Insecta,Lepidoptera,Riodinidae,"Euselasia arbas"
Insecta,Lepidoptera,Riodinidae,"Euselasia brevicauda"
Insecta,Lepidoptera,Riodinidae,"Euselasia crinon"
Insecta,Lepidoptera,Riodinidae,"Euselasia euboea euboea"
Insecta,Lepidoptera,Riodinidae,"Euselasia eubotes eubotes"
Insecta,Lepidoptera,Riodinidae,"Euselasia eugeon"
Insecta,Lepidoptera,Riodinidae,"Euselasia euodias euodias"
Insecta,Lepidoptera,Riodinidae,"Mesosemia sirenia sirenia"
Insecta,Lepidoptera,Riodinidae,"Euselasia euoras"
Insecta,Lepidoptera,Riodinidae,"Euselasia euriteus euriteus"
Insecta,Lepidoptera,Riodinidae,"Euselasia euryone euryone"
Insecta,Lepidoptera,Riodinidae,"Euselasia eutychus"
Insecta,Lepidoptera,Riodinidae,"Euselasia gelanor erilis"
Insecta,Lepidoptera,Riodinidae,"Euselasia hygenius"
Insecta,Lepidoptera,Riodinidae,"Euselasia jugata"
Insecta,Lepidoptera,Riodinidae,"Euselasia melaphaea condensa"
Insecta,Lepidoptera,Riodinidae,"Euselasia mirania"
Insecta,Lepidoptera,Riodinidae,"Euselasia orba spectralis"
Insecta,Lepidoptera,Riodinidae,"Euselasia pellonia"
Insecta,Lepidoptera,Riodinidae,"Euselasia teleclus teleclus"
Insecta,Lepidoptera,Riodinidae,"Euselasia toppini"
Equisetopsida,Oxalidales,Elaeocarpaceae,"Sloanea sinemariensis"
Insecta,Lepidoptera,Riodinidae,"Euselasia uria angustifascia"
Insecta,Lepidoptera,Riodinidae,"Euselasia utica euphaes"
Insecta,Lepidoptera,Riodinidae,"Euselasia violetta"
Insecta,Diptera,Tabanidae,"Eutabanus pictus"
Equisetopsida,Arecales,Arecaceae,"Euterpe precatoria"
Equisetopsida,Alismatales,Araceae,"Anthurium clavigerum"
Insecta,Lepidoptera,Hesperiidae,"Eutocus matildae vinda"
Equisetopsida,Lamiales,Lamiaceae,"Aegiphila elegans"
Insecta,Lepidoptera,Hesperiidae,"Eutocus quichua"
Aves,Apodiformes,Trochilidae,"Eutoxeres condamini"
Insecta,Lepidoptera,Hesperiidae,"Eutychide complana"
Insecta,Odonata,Libellulidae,"Idiataphe amazonica"
Insecta,Lepidoptera,Hesperiidae,"Eutychide subcordata subcordata"
Insecta,Lepidoptera,Lycaenidae,"Evenus batesii"
Insecta,Lepidoptera,Lycaenidae,"Evenus floralia"
Insecta,Lepidoptera,Lycaenidae,"Evenus gabriela"
Insecta,Lepidoptera,Lycaenidae,"Evenus satyroides"
Aves,Caprimulgiformes,Caprimulgidae,"Nyctiphrynus ocellatus"
Aves,Accipitriformes,Accipitridae,"Ictinia plumbea"
Equisetopsida,Pandanales,Cyclanthaceae,"Evodianthus funifer"
Insecta,Hymenoptera,Ichneumonidae,"Exochus izbus"
Equisetopsida,Fabales,Polygalaceae,"Moutabea aculeata"
Insecta,Lepidoptera,Riodinidae,"Exoplisia cadmeis"
Equisetopsida,Malvales,Malvaceae,"Pavonia fruticosa"
Equisetopsida,Malvales,Malvaceae,"Pavonia castaneifolia"
Aves,Galliformes,Cracidae,"Pauxi koepckeae"
Equisetopsida,Malpighiales,Euphorbiaceae,"Pausandra trianae"
Aves,Falconiformes,Falconidae,"Falco deiroleucus"
Insecta,Lepidoptera,Nymphalidae,"Paulogramma pyracmon peristera"
Equisetopsida,Sapindales,Sapindaceae,"Paullinia reticulata"
Equisetopsida,Lamiales,Lamiaceae,"Aegiphila ulei"
Equisetopsida,Sapindales,Sapindaceae,"Paullinia granatensis"
Aves,Passeriformes,Thraupidae,"Sporophila nigricollis"
Equisetopsida,Oxalidales,Elaeocarpaceae,"Sloanea rufa"
Aves,Falconiformes,Falconidae,"Falco rufigularis"
Equisetopsida,Sapindales,Sapindaceae,"Paullinia cuneata"
Equisetopsida,Ranunculales,Menispermaceae,"Abuta grandifolia"
Equisetopsida,Sapindales,Sapindaceae,"Paullinia clavigera"
Insecta,Lepidoptera,Riodinidae,"Mesosemia ulrica ulrica"
Insecta,Odonata,Coenagrionidae,"Aeolagrion dorsale"
Equisetopsida,Sapindales,Sapindaceae,"Paullinia bracteosa"
Equisetopsida,Sapindales,Anacardiaceae,"Spondias mombin"
Insecta,Lepidoptera,Nymphalidae,"Marpesia themistocles norica"
Aves,Passeriformes,Icteridae,"Icterus cayanensis"
Equisetopsida,Sapindales,Sapindaceae,"Paullinia bidentata"
Equisetopsida,Sapindales,Sapindaceae,"Paullinia alata"
Insecta,Lepidoptera,Erebidae,"Patreliura capys"
Insecta,Odonata,Coenagrionidae,"Aeolagrion inca"
Equisetopsida,Alismatales,Araceae,"Anthurium croatii"
Insecta,Lepidoptera,Riodinidae,"Nymphidium acherois erymanthus"
Equisetopsida,Poales,Poaceae,"Ichnanthus panicoides"
Insecta,Lepidoptera,Riodinidae,"Nymphidium ascolia augea"
Aves,Accipitriformes,Accipitridae,"Spizaetus melanoleucus"
Equisetopsida,Poales,Poaceae,"Ichnanthus pallens"
Insecta,Lepidoptera,Riodinidae,"Nymphidium azanoides amazonensis"
Equisetopsida,Gentianales,Rubiaceae,"Faramea anisocalyx"
Insecta,Lepidoptera,Riodinidae,"Nymphidium baeotia"
Equisetopsida,Gentianales,Rubiaceae,"Faramea capillipes"
Aves,Falconiformes,Falconidae,"Ibycter americanus"
Equisetopsida,Oxalidales,Elaeocarpaceae,"Sloanea robusta"
Insecta,Lepidoptera,Riodinidae,"Nymphidium caricae parthenium"
Equisetopsida,Gentianales,Rubiaceae,"Faramea glandulosa"
Equisetopsida,Gentianales,Rubiaceae,"Faramea multiflora"
Insecta,Lepidoptera,Riodinidae,"Nymphidium fulminans fulminans"
Insecta,Lepidoptera,Riodinidae,"Nymphidium leucosia medusa"
Aves,Columbiformes,Columbidae,"Patagioenas subvinacea"
Insecta,Lepidoptera,Riodinidae,"Nymphidium lisimon lisimon"
Aves,Columbiformes,Columbidae,"Patagioenas speciosa"
Insecta,Lepidoptera,Lycaenidae,"Iaspis temesa"
Insecta,Lepidoptera,Riodinidae,"Nymphidium mantus"
Equisetopsida,Gentianales,Rubiaceae,"Faramea occidentalis"
Insecta,Lepidoptera,Riodinidae,"Nymphidium minuta"
Insecta,Lepidoptera,Riodinidae,"Nymphidium omosis"
Equisetopsida,Gentianales,Rubiaceae,"Ferdinandusa goudotiana"
Equisetopsida,Gentianales,Rubiaceae,"Ferdinandusa loretensis"
Aves,Columbiformes,Columbidae,"Patagioenas plumbea"
Aves,Columbiformes,Columbidae,"Patagioenas cayennensis"
Equisetopsida,Rosales,Moraceae,"Ficus boliviana"
Equisetopsida,Rosales,Moraceae,"Ficus caballina"
Equisetopsida,Rosales,Moraceae,"Ficus citrifolia"
Equisetopsida,Santalales,Loranthaceae,"Passovia pedunculata"
Equisetopsida,Rosales,Moraceae,"Ficus coerulescens"
Insecta,Lepidoptera,Hesperiidae,"Passova passova styx"
Equisetopsida,Malpighiales,Passifloraceae,"Passiflora vespertilio"
Equisetopsida,Rosales,Moraceae,"Ficus gomelleira"
Equisetopsida,Rosales,Moraceae,"Ficus hebetifolia"
Insecta,Lepidoptera,Nymphalidae,"Marpesia petreus petreus"
Insecta,Lepidoptera,Nymphalidae,"Marpesia furcula oechalia"
Equisetopsida,Rosales,Moraceae,"Ficus insipida"
Aves,Strigiformes,Strigidae,"Megascops choliba"
Equisetopsida,Rosales,Moraceae,"Ficus lauretana"
Equisetopsida,Oxalidales,Elaeocarpaceae,"Sloanea pubescens"
Insecta,Lepidoptera,Lycaenidae,"Ocaria ocrisia"
Equisetopsida,Malvales,Malvaceae,"Sterculia peruviana"
Equisetopsida,Rosales,Moraceae,"Ficus mathewsii"
Equisetopsida,Malpighiales,Passifloraceae,"Passiflora riparia"
Equisetopsida,Rosales,Moraceae,"Ficus maxima"
Aves,Passeriformes,Thraupidae,"Sporophila luctuosa"
Equisetopsida,Rosales,Moraceae,"Ficus panurensis"
Equisetopsida,Rosales,Moraceae,"Ficus paraensis"
Insecta,Lepidoptera,Nymphalidae,"Marpesia egina"
Insecta,Lepidoptera,Nymphalidae,"Marpesia crethon"
Equisetopsida,Poales,Poaceae,"Ocellochloa stolonifera"
Equisetopsida,Alismatales,Araceae,"Anthurium ernesti"
Equisetopsida,Malpighiales,Passifloraceae,"Passiflora misera"
Equisetopsida,Oxalidales,Elaeocarpaceae,"Sloanea obtusifolia"
Equisetopsida,Rosales,Moraceae,"Ficus sphenophylla"
Equisetopsida,Rosales,Moraceae,"Ficus trigona"
Actinopterygii,Perciformes,Cichlidae,"Aequidens tetramerus"
Equisetopsida,Malpighiales,Passifloraceae,"Passiflora ferruginea"
Equisetopsida,Rosales,Moraceae,"Ficus yoponensis"
Insecta,Lepidoptera,Nymphalidae,"Marpesia chiron marius"
Insecta,Lepidoptera,Nymphalidae,"Marpesia berania berania"
Insecta,Diptera,Tabanidae,"Fidena freemani"
Insecta,Lepidoptera,Nymphalidae,"Hypothyris euclea"
Actinopterygii,Siluriformes,Loricariidae,"Hypostomus pyrineusi"
Insecta,Diptera,Tabanidae,"Fidena kroeberi"
Equisetopsida,Gentianales,Apocynaceae,"Fischeria stellata"
Insecta,Lepidoptera,Hesperiidae,"Flaccilla aecas"
Aves,Apodiformes,Trochilidae,"Florisuga mellivora"
Aves,Passeriformes,Tyrannidae,"Fluvicola pica"
Equisetopsida,Malpighiales,Passifloraceae,"Passiflora auriculata"
Insecta,Lepidoptera,Nymphalidae,"Forbestra olivencia aeneola"
Aves,Passeriformes,Formicariidae,"Formicarius analis"
Aves,Passeriformes,Formicariidae,"Formicarius colma"
Aves,Passeriformes,Formicariidae,"Formicarius rufifrons"
Equisetopsida,Oxalidales,Elaeocarpaceae,"Sloanea macrophylla"
Actinopterygii,Siluriformes,Loricariidae,"Hypoptopoma thoracatum"
Equisetopsida,Alismatales,Araceae,"Anthurium kunthii"
Aves,Psittaciformes,Psittacidae,"Forpus modestus"
Equisetopsida,Gentianales,Apocynaceae,"Forsteronia amblybasis"
Equisetopsida,Gentianales,Apocynaceae,"Forsteronia graciloides"
Equisetopsida,Gentianales,Apocynaceae,"Forsteronia tarapotensis"
Equisetopsida,Poales,Poaceae,"Paspalum fasciculatum"
Aves,Passeriformes,Thamnophilidae,"Frederickena unduliger"
Insecta,Lepidoptera,Nymphalidae,"Paryphthimoides binalinea"
Insecta,Lepidoptera,Nymphalidae,"Hypoleria virginia vitiosa"
Insecta,Lepidoptera,Lycaenidae,"Parrhasius polibetes"
Insecta,Lepidoptera,Nymphalidae,"""Hypoleria"" orolina arzalia"
Equisetopsida,Alismatales,Araceae,"Anthurium manuanum"
Equisetopsida,Lamiales,Bignoniaceae,"Fridericia chica"
Equisetopsida,Oxalidales,Elaeocarpaceae,"Sloanea guianensis"
Equisetopsida,Lamiales,Bignoniaceae,"Fridericia florida"
Insecta,Lepidoptera,Hesperiidae,"Parphorus storax storax"
Insecta,Lepidoptera,Hesperiidae,"Parphorus prosper"
Insecta,Lepidoptera,Hesperiidae,"Parphorus decora"
Equisetopsida,Lamiales,Bignoniaceae,"Fridericia patellifera"
Aves,Passeriformes,Thamnophilidae,"Hypocnemoides maculicauda"
Equisetopsida,Lamiales,Bignoniaceae,"Fridericia pearcei"
Equisetopsida,Lamiales,Bignoniaceae,"Fridericia platyphylla"
Equisetopsida,Lamiales,Bignoniaceae,"Fridericia trailii"
Equisetopsida,Alismatales,Araceae,"Anthurium oxycarpum"
Aves,Passeriformes,Thraupidae,"Paroaria gularis"
Insecta,Lepidoptera,Riodinidae,"Parnes philotes"
Insecta,Lepidoptera,Riodinidae,"Parnes nycteis"
,,,
