Clase,Orden,Familia,Especie
Equisetopsida,Lamiales,Gesneriaceae,"Corytoplectus speciosus var. orbicularis"
Equisetopsida,Gentianales,Rubiaceae,"Bertiera angustifolia"
Equisetopsida,Asparagales,Orchidaceae,"Scaphosepalum atropurpureum"
Equisetopsida,Asparagales,Orchidaceae,"Scaphyglottis bidentata"
Equisetopsida,Gentianales,Rubiaceae,"Palicourea compta"
Insecta,Lepidoptera,Nymphalidae,"Catagramma hystaspes"
Insecta,Lepidoptera,Nymphalidae,"Catagramma pyracmon"
Equisetopsida,Asparagales,Orchidaceae,"Scaphyglottis boliviensis"
Equisetopsida,Alismatales,Araceae,"Philodendron fragrantissimum"
Equisetopsida,Proteales,Sabiaceae,"Meliosma glossophylla"
Equisetopsida,Asparagales,Orchidaceae,"Scaphyglottis conferta"
Equisetopsida,Ericales,Marcgraviaceae,"Souroubea peruviana"
Aves,Passeriformes,Thraupidae,"Catamblyrhynchus diadema"
Equisetopsida,Asparagales,Orchidaceae,"Scaphyglottis graminifolia"
Equisetopsida,Asparagales,Orchidaceae,"Gomphichis macbridei"
Equisetopsida,Asparagales,Orchidaceae,"Gomphichis longifolia"
Equisetopsida,Asparagales,Orchidaceae,"Scaphyglottis punctulata"
Equisetopsida,Zingiberales,Marantaceae,"Goeppertia undulata"
Equisetopsida,Zingiberales,Marantaceae,"Goeppertia standleyi"
Aves,Accipitriformes,Accipitridae,"Ictinia plumbea"
Equisetopsida,Zingiberales,Marantaceae,"Goeppertia propinqua"
Aves,Passeriformes,Thraupidae,"Catamenia homochroa"
Equisetopsida,Zingiberales,Marantaceae,"Goeppertia poeppigiana"
Equisetopsida,Asparagales,Orchidaceae,"Ida ariasii"
Equisetopsida,Gentianales,Rubiaceae,"Palicourea dichotoma"
Equisetopsida,Zingiberales,Costaceae,"Costus arabicus"
Equisetopsida,Asparagales,Orchidaceae,"Ida castanea"
Equisetopsida,Myrtales,Melastomataceae,"Bellucia pentamera"
Equisetopsida,Asparagales,Orchidaceae,"Ida cobbiana"
Equisetopsida,Gentianales,Rubiaceae,"Palicourea falcata"
Equisetopsida,Asparagales,Orchidaceae,"Ida costata"
Equisetopsida,Zingiberales,Marantaceae,"Goeppertia dicephala"
Equisetopsida,Asparagales,Orchidaceae,"Ida gigantea"
Equisetopsida,Asparagales,Orchidaceae,"Ida jamesiorum"
Equisetopsida,Gentianales,Rubiaceae,"Palicourea flaviflora"
Equisetopsida,Myrtales,Melastomataceae,"Miconia multispicata"
Equisetopsida,Lamiales,Lamiaceae,"Aegiphila elegans"
Equisetopsida,Asparagales,Orchidaceae,"Stelis aviceps"
Aves,Passeriformes,Thraupidae,"Catamenia inornata"
Aves,Psittaciformes,Psittacidae,"Pionus tumultuosus"
Equisetopsida,Asparagales,Orchidaceae,"Ida laciniata"
Equisetopsida,Asparagales,Orchidaceae,"Catasetum gnomus"
Equisetopsida,Asparagales,Orchidaceae,"Ida locusta"
Equisetopsida,Polypodiales,Polypodiaceae,"Pleopeltis remota"
Aves,Piciformes,Ramphastidae,"Ramphastos ambiguus"
Equisetopsida,Asparagales,Orchidaceae,"Ida reichenbachii"
Equisetopsida,Cyatheales,Cyatheaceae,"Cyathea lechleri"
Equisetopsida,Zingiberales,Costaceae,"Costus guanaiensis var. guanaiensis"
Equisetopsida,Gnetales,Gnetaceae,"Gnetum nodiflorum"
Equisetopsida,Gentianales,Apocynaceae,"Mandevilla glandulosa"
Equisetopsida,Gentianales,Rubiaceae,"Palicourea gemmiflora"
Equisetopsida,Polypodiales,Pteridaceae,"Radiovittaria stipitata"
Aves,Passeriformes,Thraupidae,"Sporophila angolensis"
Equisetopsida,Aquifoliales,Aquifoliaceae,"Ilex anonoides"
Equisetopsida,Ericales,Ericaceae,"Bejaria aestuans"
Equisetopsida,Alismatales,Araceae,"Spathiphyllum cannifolium"
Equisetopsida,Polypodiales,Pteridaceae,"Radiovittaria ruiziana"
Equisetopsida,Gentianales,Rubiaceae,"Palicourea gracilenta"
Equisetopsida,Laurales,Lauraceae,"Beilschmiedia tovarensis"
Equisetopsida,Asparagales,Orchidaceae,"Altensteinia fimbriata"
Aves,Passeriformes,Furnariidae,"Glyphorynchus spirurus"
Equisetopsida,Laurales,Lauraceae,"Beilschmiedia latifolia"
Equisetopsida,Aquifoliales,Aquifoliaceae,"Ilex guayusa"
Equisetopsida,Laurales,Lauraceae,"Endlicheria ruforamula"
Equisetopsida,Polypodiales,Pteridaceae,"Radiovittaria moritziana"
Equisetopsida,Laurales,Lauraceae,"Beilschmiedia costaricensis"
Equisetopsida,Cucurbitales,Begoniaceae,"Begonia urticae"
Equisetopsida,Aquifoliales,Aquifoliaceae,"Ilex inundata"
Equisetopsida,Zingiberales,Costaceae,"Costus guanaiensis var. tarmicus"
Equisetopsida,Alismatales,Araceae,"Spathiphyllum juninense"
Equisetopsida,Gentianales,Rubiaceae,"Palicourea guianensis"
Equisetopsida,Aquifoliales,Aquifoliaceae,"Ilex juttana"
Equisetopsida,Cucurbitales,Begoniaceae,"Begonia semiovata"
Equisetopsida,Malpighiales,Euphorbiaceae,"Glycydendron amazonicum"
Equisetopsida,Zingiberales,Costaceae,"Costus lasius"
Equisetopsida,Cucurbitales,Begoniaceae,"Begonia rossmanniae"
Equisetopsida,Gentianales,Apocynaceae,"Mandevilla rugellosa"
Equisetopsida,Poales,Bromeliaceae,"Racinaea seemannii"
Equisetopsida,Cyatheales,Cyatheaceae,"Alsophila erinacea"
Equisetopsida,Lamiales,Gesneriaceae,"Gloxinia xanthophylla"
Aves,Cathartiformes,Cathartidae,"Cathartes aura"
Equisetopsida,Laurales,Monimiaceae,"Mollinedia lanceolata"
Aves,Apodiformes,Trochilidae,"Schistes geoffroyi"
Equisetopsida,Aquifoliales,Aquifoliaceae,"Ilex laurina"
Equisetopsida,Gentianales,Rubiaceae,"Palicourea herrerae"
Equisetopsida,Laurales,Lauraceae,"Endlicheria rubriflora"
Mammalia,Chiroptera,Phyllostomidae,"Glossophaga soricina"
Equisetopsida,Cucurbitales,Begoniaceae,"Begonia peruviana"
Equisetopsida,Asparagales,Orchidaceae,"Ponthieva villosa"
Equisetopsida,Myrtales,Melastomataceae,"Miconia centrodesma"
Equisetopsida,Gentianales,Rubiaceae,"Palicourea hoffmannseggiana"
Equisetopsida,Aquifoliales,Aquifoliaceae,"Ilex microphylla"
Equisetopsida,Aquifoliales,Aquifoliaceae,"Ilex nayana"
Equisetopsida,Cucurbitales,Begoniaceae,"Begonia parviflora"
Equisetopsida,Lamiales,Gesneriaceae,"Glossoloma medusaeum"
Equisetopsida,Lamiales,Gesneriaceae,"Glossoloma ichthyoderma"
Equisetopsida,Cucurbitales,Begoniaceae,"Begonia monadelpha"
Equisetopsida,Gentianales,Rubiaceae,"Palicourea huantensis"
Aves,Cathartiformes,Cathartidae,"Cathartes melambrotus"
Equisetopsida,Alismatales,Araceae,"Philodendron hederaceum"
Equisetopsida,Alismatales,Araceae,"Spathiphyllum lechlerianum"
Aves,Passeriformes,Turdidae,"Catharus fuscater"
Equisetopsida,Cucurbitales,Begoniaceae,"Begonia glabra"
Equisetopsida,Aquifoliales,Aquifoliaceae,"Ilex sessiliflora"
Equisetopsida,Laurales,Lauraceae,"Endlicheria pyriformis"
Equisetopsida,Asparagales,Orchidaceae,"Ponthieva pseudoracemosa"
Equisetopsida,Aquifoliales,Aquifoliaceae,"Ilex teratopis"
Equisetopsida,Cyatheales,Cyatheaceae,"Alsophila cuspidata"
Equisetopsida,Zingiberales,Costaceae,"Costus productus var. productus"
Equisetopsida,Asparagales,Orchidaceae,"Maxillaria rhomboglossa"
Equisetopsida,Myrtales,Melastomataceae,"Miconia myrmecodomatia"
Equisetopsida,Malpighiales,Ochnaceae,"Quiina cruegeriana"
Equisetopsida,Poales,Poaceae,"Schizachyrium microstachyum"
Equisetopsida,Alismatales,Araceae,"Spathiphyllum minus"
Mammalia,Chiroptera,Phyllostomidae,"Phyllostomus hastatus"
Equisetopsida,Asparagales,Orchidaceae,"Beclardia macrostachys"
Equisetopsida,Zingiberales,Costaceae,"Costus scaber"
Equisetopsida,Malpighiales,Euphorbiaceae,"Incadendron esseri"
Equisetopsida,Gentianales,Rubiaceae,"Palicourea lasiantha"
Equisetopsida,Malpighiales,Ochnaceae,"Quiina amazonica"
Equisetopsida,Alismatales,Araceae,"Incarum pavonii"
Equisetopsida,Laurales,Lauraceae,"Endlicheria paniculata"
Equisetopsida,Schizaeales,Schizaeaceae,"Schizaea elegans"
Aves,Strigiformes,Strigidae,"Glaucidium jardinii"
Equisetopsida,Gentianales,Rubiaceae,"Palicourea levis"
Equisetopsida,Schizaeales,Schizaeaceae,"Schizaea fluminensis"
Insecta,Lepidoptera,Papilionidae,"Battus crassus crassus"
Equisetopsida,Gentianales,Rubiaceae,"Schizocalyx obovatus"
Equisetopsida,Lamiales,Acanthaceae,"Stenostephanus longistaminus"
Equisetopsida,Gentianales,Rubiaceae,"Palicourea lewisiorum"
Equisetopsida,Myrtales,Melastomataceae,"Miconia chionophila"
Insecta,Lepidoptera,Nymphalidae,"Catoblepia berecynthia"
Equisetopsida,Rosales,Moraceae,"Batocarpus orinocensis"
Equisetopsida,Laurales,Lauraceae,"Aiouea napoensis"
Equisetopsida,Gentianales,Rubiaceae,"Palicourea lineata"
Equisetopsida,Asparagales,Orchidaceae,"Ponthieva hermiliae"
Equisetopsida,Gentianales,Rubiaceae,"Manettia glandulosa"
Equisetopsida,Fabales,Fabaceae,"Inga acreana"
Insecta,Lepidoptera,Nymphalidae,"Catonephele acontius"
Equisetopsida,Fabales,Fabaceae,"Inga acrocephala"
Equisetopsida,Asparagales,Orchidaceae,"Ponthieva fertilis"
Equisetopsida,Alismatales,Araceae,"Philodendron herthae"
Aves,Passeriformes,Cotingidae,"Querula purpurata"
Equisetopsida,Gentianales,Rubiaceae,"Palicourea luteonivea"
Equisetopsida,Rosales,Moraceae,"Batocarpus costaricensis"
Equisetopsida,Gentianales,Rubiaceae,"Manettia pearcei"
Insecta,Lepidoptera,Nymphalidae,"Catonephele numilia numilia"
Equisetopsida,Gentianales,Rubiaceae,"Schizocalyx peruvianus"
Equisetopsida,Asparagales,Orchidaceae,"Batemannia lepida"
Equisetopsida,Gentianales,Rubiaceae,"Schizocalyx sterculioides"
Equisetopsida,Gentianales,Rubiaceae,"Palicourea luteovirescens"
Equisetopsida,Fabales,Fabaceae,"Inga alba"
Equisetopsida,Asparagales,Orchidaceae,"Baskervilla colombiana"
Equisetopsida,Asparagales,Orchidaceae,"Quechua glabrescens"
Equisetopsida,Fabales,Fabaceae,"Inga auristellae"
Equisetopsida,Laurales,Lauraceae,"Endlicheria metallica"
Equisetopsida,Ericales,Ericaceae,"Cavendishia bracteata"
Equisetopsida,Gentianales,Rubiaceae,"Schizocalyx truncatus"
Equisetopsida,Ranunculales,Menispermaceae,"Disciphania heterophylla"
Equisetopsida,Fabales,Fabaceae,"Inga bourgonii"
Equisetopsida,Fabales,Fabaceae,"Inga brachyrhachis"
Equisetopsida,Poales,Poaceae,"Digitaria horizontalis"
Equisetopsida,Gentianales,Rubiaceae,"Palicourea macbridei"
Actinopterygii,Characiformes,Anostomidae,"Schizodon fasciatus"
Equisetopsida,Laurales,Lauraceae,"Endlicheria macrophylla"
Equisetopsida,Laurales,Lauraceae,"Endlicheria krukovii"
Equisetopsida,Ericales,Ericaceae,"Cavendishia engleriana"
Mammalia,Primates,Atelidae,"Alouatta seniculus"
Equisetopsida,Ericales,Ericaceae,"Cavendishia nobilis"
Equisetopsida,Gentianales,Rubiaceae,"Palicourea mansoana"
Aves,Strigiformes,Strigidae,"Megascops ingens"
Equisetopsida,Fabales,Fabaceae,"Inga capitata"
Equisetopsida,Laurales,Lauraceae,"Endlicheria klugii"
Equisetopsida,Laurales,Lauraceae,"Endlicheria griseosericea"
Equisetopsida,Asparagales,Orchidaceae,"Maxillaria rotundilabia"
Aves,Passeriformes,Parulidae,"Basileuterus tristriatus"
Equisetopsida,Gentianales,Rubiaceae,"Palicourea microbotrys"
Equisetopsida,Laurales,Lauraceae,"Endlicheria gracilis"
Equisetopsida,Asparagales,Orchidaceae,"Schlimmia condorana"
Equisetopsida,Asparagales,Orchidaceae,"Schlimmia jasminodora"
Equisetopsida,Malvales,Malvaceae,"Quararibea wittii"
Equisetopsida,Fabales,Fabaceae,"Inga cayennensis"
Equisetopsida,Fabales,Fabaceae,"Inga chartacea"
Equisetopsida,Laurales,Lauraceae,"Endlicheria formosa"
Equisetopsida,Malvales,Malvaceae,"Quararibea guianensis"
Equisetopsida,Fabales,Fabaceae,"Inga ciliata"
Equisetopsida,Laurales,Lauraceae,"Endlicheria dysodantha"
Equisetopsida,Fabales,Fabaceae,"Inga ciliata subsp. subcapitata"
Equisetopsida,Laurales,Lauraceae,"Endlicheria directonervia"
Equisetopsida,Gentianales,Rubiaceae,"Palicourea nigricans"
Equisetopsida,Fabales,Fabaceae,"Inga cinnamomea"
Equisetopsida,Fabales,Fabaceae,"Inga cordatoalata"
Equisetopsida,Poales,Poaceae,"Sporobolus indicus"
Equisetopsida,Fabales,Fabaceae,"Inga coruscans"
Equisetopsida,Gentianales,Rubiaceae,"Palicourea obovata"
Equisetopsida,Fabales,Fabaceae,"Schnella guianensis"
Equisetopsida,Ericales,Sapotaceae,"Manilkara bidentata"
Equisetopsida,Ericales,Sapotaceae,"Manilkara inundata"
Equisetopsida,Myrtales,Vochysiaceae,"Qualea paraensis"
Aves,Accipitriformes,Accipitridae,"Geranoaetus polyosoma"
Equisetopsida,Gentianales,Rubiaceae,"Palicourea ostreophora"
Mammalia,Primates,Cebidae,"Cebus (Cebus) albifrons"
Equisetopsida,Fabales,Fabaceae,"Inga edulis"
Equisetopsida,Proteales,Sabiaceae,"Meliosma herbertii"
Equisetopsida,Laurales,Lauraceae,"Endlicheria canescens"
Equisetopsida,Gentianales,Rubiaceae,"Palicourea parvijelskii"
Equisetopsida,Alismatales,Araceae,"Philodendron hylaeae"
Equisetopsida,Fabales,Fabaceae,"Inga feuillei"
Equisetopsida,Laurales,Lauraceae,"Endlicheria bracteata"
Equisetopsida,Malvales,Malvaceae,"Sterculia peruviana"
Equisetopsida,Malvales,Thymelaeaceae,"Schoenobiblus daphnoides"
Equisetopsida,Gentianales,Rubiaceae,"Palicourea pilosa"
Equisetopsida,Alismatales,Araceae,"Monstera pinnatipartita"
Equisetopsida,Asparagales,Orchidaceae,"Barbosella vasquezii"
Equisetopsida,Ericales,Sapotaceae,"Diploon cuspidatum"
Equisetopsida,Cyatheales,Cyatheaceae,"Cyathea pallescens"
Equisetopsida,Asparagales,Orchidaceae,"Barbosella cucullata"
Mammalia,Primates,Cebidae,"Cebus (Sapajus) apella"
Equisetopsida,Fabales,Fabaceae,"Inga fosteriana"
Equisetopsida,Fabales,Fabaceae,"Inga gracilifolia"
Equisetopsida,Malpighiales,Malpighiaceae,"Banisteriopsis padifolia"
Equisetopsida,Lamiales,Acanthaceae,"Stenostephanus longistaminus var. longistaminus"
Equisetopsida,Gentianales,Rubiaceae,"Palicourea punicea"
Equisetopsida,Malpighiales,Malpighiaceae,"Banisteriopsis muricata"
Equisetopsida,Myrtales,Melastomataceae,"Miconia chrysophylla"
Equisetopsida,Rosales,Urticaceae,"Cecropia angustifolia"
Equisetopsida,Fabales,Fabaceae,"Inga heterophylla"
Equisetopsida,Geraniales,Geraniaceae,"Geranium sibbaldioides"
Equisetopsida,Rosales,Moraceae,"Maquira calophylla"
Equisetopsida,Alismatales,Araceae,"Monstera spruceana"
Equisetopsida,Rosales,Urticaceae,"Cecropia distachya"
Equisetopsida,Fabales,Fabaceae,"Inga laevigata"
Equisetopsida,Malpighiales,Chrysobalanaceae,"Couepia chrysocalyx"
Equisetopsida,Fabales,Fabaceae,"Inga laurina"
Equisetopsida,Rosales,Urticaceae,"Cecropia engleriana"
Equisetopsida,Fabales,Polygalaceae,"Monnina marginata"
Equisetopsida,Rosales,Moraceae,"Maquira coriacea"
Equisetopsida,Gentianales,Rubiaceae,"Palicourea racemosa"
Equisetopsida,Malpighiales,Salicaceae,"Banara guianensis"
Equisetopsida,Rosales,Urticaceae,"Cecropia ficifolia"
Equisetopsida,Myrtales,Melastomataceae,"Miconia neoepiphytica"
Mammalia,Chiroptera,Phyllostomidae,"Enchisthenes hartii"
Equisetopsida,Fabales,Fabaceae,"Inga lineata"
Equisetopsida,Fabales,Fabaceae,"Inga macrophylla"
Insecta,Lepidoptera,Nymphalidae,"Pierella lena"
Equisetopsida,Gentianales,Rubiaceae,"Palicourea reticulata"
Equisetopsida,Ericales,Marcgraviaceae,"Marcgravia browneii"
Equisetopsida,Polypodiales,Pteridaceae,"Polytaenium lineatum"
Equisetopsida,Fabales,Fabaceae,"Inga marginata"
Equisetopsida,Asterales,Asteraceae,"Ageratum conyzoides"
Aves,Columbiformes,Columbidae,"Geotrygon montana"
Insecta,Lepidoptera,Nymphalidae,"Baeotus baeotus"
Equisetopsida,Gentianales,Rubiaceae,"Palicourea schunkei"
Equisetopsida,Fabales,Fabaceae,"Inga nobilis"
Equisetopsida,Polypodiales,Pteridaceae,"Polytaenium guayanense"
Equisetopsida,Gentianales,Rubiaceae,"Palicourea stenostachya"
Aves,Passeriformes,Thraupidae,"Geospizopsis unicolor"
Equisetopsida,Rosales,Urticaceae,"Cecropia membranacea"
Equisetopsida,Arecales,Arecaceae,"Bactris simplicifrons"
Equisetopsida,Fabales,Fabaceae,"Inga nobilis subsp. quaternata"
Equisetopsida,Malpighiales,Chrysobalanaceae,"Couepia obovata"
Equisetopsida,Ericales,Marcgraviaceae,"Marcgravia crenata"
Aves,Passeriformes,Thraupidae,"Sporathraupis cyanocephala"
Equisetopsida,Arecales,Arecaceae,"Bactris maraja"
Equisetopsida,Gentianales,Rubiaceae,"Notopleura triaxillaris"
Equisetopsida,Rosales,Urticaceae,"Cecropia polystachya"
Equisetopsida,Fabales,Fabaceae,"Inga poeppigiana"
Equisetopsida,Fabales,Fabaceae,"Inga pruriens"
Equisetopsida,Myrtales,Melastomataceae,"Miconia condylata"
Equisetopsida,Alismatales,Araceae,"Philodendron kroemeri"
Equisetopsida,Fabales,Fabaceae,"Inga punctata"
Equisetopsida,Rosales,Urticaceae,"Cecropia sciadophylla"
Equisetopsida,Arecales,Arecaceae,"Bactris gasipaes"
Equisetopsida,Gentianales,Rubiaceae,"Palicourea stipularis"
Equisetopsida,Polypodiales,Pteridaceae,"Polytaenium cajenense"
Insecta,Lepidoptera,Hesperiidae,"Pyrrhopyge hadassa"
Equisetopsida,Fabales,Fabaceae,"Inga ruiziana"
Insecta,Lepidoptera,Hesperiidae,"Pyrrhopyge crida"
Equisetopsida,Gentianales,Rubiaceae,"Notopleura montana"
Equisetopsida,Rosales,Urticaceae,"Cecropia strigosa"
Equisetopsida,Malpighiales,Chrysobalanaceae,"Couepia williamsii"
Amphibia,Anura,Hylidae,"Scinax oreites"
Equisetopsida,Ericales,Marcgraviaceae,"Marcgraviastrum macrocarpum"
Equisetopsida,Rosales,Urticaceae,"Cecropia tacuna"
Equisetopsida,Fabales,Fabaceae,"Inga setosa"
Equisetopsida,Rosales,Urticaceae,"Cecropia utcubambana"
Equisetopsida,Sapindales,Meliaceae,"Cedrela angustifolia"
Equisetopsida,Gentianales,Rubiaceae,"Notopleura macrophylla"
Equisetopsida,Arecales,Arecaceae,"Bactris acanthocarpa"
Equisetopsida,Gentianales,Rubiaceae,"Notopleura leucantha"
Equisetopsida,Lamiales,Gesneriaceae,"Drymonia warszewicziana"
Equisetopsida,Gentianales,Rubiaceae,"Palicourea subspicata"
Equisetopsida,Apiales,Araliaceae,"Sciodaphyllum acuminatum"
Aves,Passeriformes,Thraupidae,"Geospizopsis plebejus"
Equisetopsida,Alismatales,Araceae,"Philodendron lechlerianum"
Equisetopsida,Lamiales,Scrophulariaceae,"Alonsoa meridionalis"
Equisetopsida,Fabales,Fabaceae,"Inga stenoptera"
Equisetopsida,Gentianales,Rubiaceae,"Palicourea subtomentosa"
Equisetopsida,Gentianales,Apocynaceae,"Couma macrocarpa"
Aves,Passeriformes,Tyrannidae,"Pyrrhomyias cinnamomeus"
Equisetopsida,Gentianales,Rubiaceae,"Palicourea sulphurea"
Aves,Passeriformes,Thraupidae,"Diglossa brunneiventris"
Equisetopsida,Sapindales,Meliaceae,"Cedrela montana"
Equisetopsida,Alismatales,Araceae,"Philodendron linnaei"
Equisetopsida,Fabales,Fabaceae,"Inga stipularis"
Equisetopsida,Gentianales,Rubiaceae,"Notopleura iridescens"
Equisetopsida,Sapindales,Meliaceae,"Cedrela nebulosa"
Equisetopsida,Asterales,Asteraceae,"Baccharis venosa"
Equisetopsida,Cyatheales,Cyatheaceae,"Cyathea poeppigii"
Equisetopsida,Gentianales,Rubiaceae,"Palicourea thyrsiflora"
Equisetopsida,Gentianales,Rubiaceae,"Palicourea tinctoria"
Equisetopsida,Asparagales,Orchidaceae,"Stenia bismarckii"
Equisetopsida,Alismatales,Araceae,"Philodendron maximum"
Equisetopsida,Fabales,Fabaceae,"Inga striata"
Equisetopsida,Gentianales,Rubiaceae,"Notopleura epiphytica"
Equisetopsida,Gentianales,Rubiaceae,"Palicourea tomentosa"
Equisetopsida,Asterales,Asteraceae,"Baccharis trinervis"
Equisetopsida,Asparagales,Orchidaceae,"Muscarella zephyrina"
Equisetopsida,Apiales,Araliaceae,"Sciodaphyllum patulum"
Equisetopsida,Apiales,Araliaceae,"Sciodaphyllum pentandrum"
Equisetopsida,Fabales,Fabaceae,"Inga thibaudiana"
Mammalia,Rodentia,Cricetidae,"Akodon torques"
Equisetopsida,Fabales,Fabaceae,"Cedrelinga cateniformis"
Equisetopsida,Gentianales,Rubiaceae,"Palicourea trichocephala"
Equisetopsida,Ericales,Lecythidaceae,"Couratari guianensis"
Equisetopsida,Gentianales,Rubiaceae,"Notopleura capacifolia"
Equisetopsida,Gentianales,Rubiaceae,"Palicourea triphylla"
Equisetopsida,Gentianales,Rubiaceae,"Palicourea tristis"
Equisetopsida,Ericales,Lecythidaceae,"Couratari macrosperma"
Equisetopsida,Gentianales,Rubiaceae,"Geophila gracilis"
Equisetopsida,Gentianales,Rubiaceae,"Palicourea ucayalina"
Equisetopsida,Apiales,Araliaceae,"Sciodaphyllum sprucei"
Aves,Psittaciformes,Psittacidae,"Pionus menstruus"
Equisetopsida,Gentianales,Rubiaceae,"Geophila cordifolia"
Aves,Passeriformes,Cotingidae,"Pyroderus scutatus"
Equisetopsida,Fabales,Fabaceae,"Inga umbellifera"
Equisetopsida,Fabales,Fabaceae,"Inga velutina"
Equisetopsida,Gentianales,Rubiaceae,"Palicourea valenzuelana"
Equisetopsida,Arecales,Arecaceae,"Geonoma undata subsp. undata"
Equisetopsida,Asterales,Asteraceae,"Baccharis salicifolia"
Equisetopsida,Gentianales,Rubiaceae,"Palicourea vellerea"
Equisetopsida,Malpighiales,Phyllanthaceae,"Margaritaria nobilis"
Equisetopsida,Sapindales,Anacardiaceae,"Spondias mombin"
Aves,Passeriformes,Furnariidae,"Margarornis squamiger"
Equisetopsida,Arecales,Arecaceae,"Geonoma undata"
Aves,Passeriformes,Tyrannidae,"Empidonax alnorum"
Equisetopsida,Malvales,Malvaceae,"Ceiba pentandra"
Equisetopsida,Solanales,Solanaceae,"Iochroma arborescens"
Equisetopsida,Arecales,Arecaceae,"Geonoma trigona"
Equisetopsida,Arecales,Arecaceae,"Geonoma triglochin"
Equisetopsida,Asterales,Asteraceae,"Baccharis pedunculata"
Equisetopsida,Arecales,Arecaceae,"Geonoma stricta subsp. bracteata"
Aves,Passeriformes,Thamnophilidae,"Sclateria naevia"
Equisetopsida,Arecales,Arecaceae,"Geonoma stricta subsp. arundinacea"
Equisetopsida,Asterales,Asteraceae,"Baccharis oblongifolia"
Equisetopsida,Fagales,Betulaceae,"Alnus acuminata"
Equisetopsida,Asterales,Asteraceae,"Baccharis nitida"
Equisetopsida,Cyatheales,Cyatheaceae,"Cyathea pungens"
Equisetopsida,Gentianales,Rubiaceae,"Palicourea winkleri"
Equisetopsida,Alismatales,Araceae,"Philodendron ornatum"
Equisetopsida,Proteales,Sabiaceae,"Meliosma peytonii"
Equisetopsida,Gentianales,Rubiaceae,"Emmeorhiza umbellata"
Equisetopsida,Poales,Cyperaceae,"Scleria gaertneri"
Equisetopsida,Gentianales,Rubiaceae,"Palicourea woronovii"
Equisetopsida,Arecales,Arecaceae,"Geonoma orbignyana subsp. orbignyana"
Equisetopsida,Lamiales,Gesneriaceae,"Alloplectus peruvianus"
Equisetopsida,Sapindales,Sapindaceae,"Allophylus punctatus"
Equisetopsida,Arecales,Arecaceae,"Geonoma orbignyana"
Equisetopsida,Arecales,Arecaceae,"Geonoma maxima subsp. chelidonura"
Equisetopsida,Lamiales,Gesneriaceae,"Drymonia urceolata"
Equisetopsida,Myrtales,Melastomataceae,"Meriania radula"
Equisetopsida,Asterales,Asteraceae,"Baccharis decussata subsp. jelskii"
Equisetopsida,Arecales,Arecaceae,"Geonoma maxima"
Equisetopsida,Asterales,Asteraceae,"Achyrocline satureioides"
Equisetopsida,Sapindales,Sapindaceae,"Allophylus pilosus"
Equisetopsida,Gentianales,Rubiaceae,"Spermacoce remota"
Equisetopsida,Arecales,Arecaceae,"Geonoma macrostachys"
Equisetopsida,Arecales,Arecaceae,"Geonoma leptospadix"
Equisetopsida,Asterales,Asteraceae,"Baccharis brachylaenoides"
Aves,Passeriformes,Furnariidae,"Sclerurus albigularis"
Equisetopsida,Asparagales,Orchidaceae,"Polystachya paulensis"
Equisetopsida,Dilleniales,Dilleniaceae,"Davilla kunthii"
Equisetopsida,Arecales,Arecaceae,"Geonoma deversa"
Aves,Piciformes,Picidae,"Celeus grammicus"
Equisetopsida,Arecales,Arecaceae,"Geonoma brongniartii subsp. pascoensis"
Equisetopsida,Myrtales,Melastomataceae,"Miconia crassipes"
Equisetopsida,Arecales,Arecaceae,"Geonoma brongniartii subsp. brongniartii"
Equisetopsida,Arecales,Arecaceae,"Geonoma brongniartii"
Equisetopsida,Poales,Poaceae,"Panicum millegrana"
Equisetopsida,Poales,Bromeliaceae,"Aechmea penduliflora"
Equisetopsida,Cyatheales,Cyatheaceae,"Cyathea ruiziana"
Equisetopsida,Asparagales,Orchidaceae,"Polystachya foliosa"
Aves,Strigiformes,Strigidae,"Megascops albogularis"
Aves,Piciformes,Picidae,"Celeus torquatus"
Equisetopsida,Sapindales,Sapindaceae,"Allophylus loretensis"
Equisetopsida,Alismatales,Araceae,"Philodendron paxianum"
Aves,Passeriformes,Thamnophilidae,"Pyriglena maura"
Equisetopsida,Asparagales,Orchidaceae,"Polystachya boliviensis"
Equisetopsida,Rosales,Urticaceae,"Coussapoa villosa"
Equisetopsida,Solanales,Convolvulaceae,"Ipomoea philomega"
Equisetopsida,Sapindales,Sapindaceae,"Allophylus floribundus"
Equisetopsida,Asterales,Asteraceae,"Nordenstamia cajamarcensis"
Equisetopsida,Malvales,Malvaceae,"Ayenia hirsuta"
Insecta,Lepidoptera,Riodinidae,"Emesis lucinda"
Aves,Passeriformes,Furnariidae,"Sclerurus obscurior"
Equisetopsida,Malvales,Malvaceae,"Ayenia cordata"
Equisetopsida,Lamiales,Gesneriaceae,"Drymonia serrulata"
Equisetopsida,Malpighiales,Calophyllaceae,"Marila laxiflora"
Equisetopsida,Poales,Poaceae,"Cenchrus purpureus"
Aves,Passeriformes,Hirundinidae,"Pygochelidon cyanoleuca"
Aves,Apodiformes,Trochilidae,"Aglaeactis cupripennis"
Equisetopsida,Alismatales,Araceae,"Philodendron pulchrum"
Mammalia,Carnivora,Felidae,"Panthera onca"
Equisetopsida,Poales,Poaceae,"Axonopus scoparius"
Equisetopsida,Malpighiales,Calophyllaceae,"Marila tomentosa"
Equisetopsida,Gentianales,Gentianaceae,"Gentiana sedifolia"
Equisetopsida,Arecales,Arecaceae,"Iriartea deltoidea"
Equisetopsida,Asterales,Asteraceae,"Munnozia senecionidis"
Equisetopsida,Gentianales,Rubiaceae,"Coussarea flava"
Actinopterygii,Characiformes,Characidae,"Pygocentrus nattereri"
Equisetopsida,Gentianales,Rubiaceae,"Genipa americana"
Equisetopsida,Arecales,Arecaceae,"Iriartella setigera"
Equisetopsida,Sapindales,Sapindaceae,"Allophylus divaricatus"
Equisetopsida,Arecales,Arecaceae,"Iriartella stenocarpa"
Equisetopsida,Asterales,Campanulaceae,"Centropogon cornutus"
Equisetopsida,Lamiales,Gesneriaceae,"Drymonia semicordata"
Aves,Passeriformes,Thraupidae,"Iridosornis jelskii"
Equisetopsida,Asterales,Campanulaceae,"Centropogon featherstonei"
Aves,Passeriformes,Thraupidae,"Sporophila schistacea"
Equisetopsida,Asterales,Campanulaceae,"Centropogon ferrugineus"
Aves,Passeriformes,Thraupidae,"Iridosornis reinhardti"
Aves,Passeriformes,Furnariidae,"Automolus subulatus"
Aves,Passeriformes,Thraupidae,"Iridosornis rufivertex"
Equisetopsida,Cyatheales,Cyatheaceae,"Cyathea squamipes"
Equisetopsida,Asterales,Campanulaceae,"Centropogon granulosus"
Equisetopsida,Cyatheales,Cyatheaceae,"Cyathea straminea"
Equisetopsida,Sapindales,Sapindaceae,"Allophylus amazonicus"
Equisetopsida,Myrtales,Melastomataceae,"Miconia crenata"
Equisetopsida,Magnoliales,Myristicaceae,"Iryanthera elliptica"
Equisetopsida,Asterales,Campanulaceae,"Centropogon macrophyllus"
Equisetopsida,Magnoliales,Myristicaceae,"Iryanthera hostmannii"
Equisetopsida,Solanales,Convolvulaceae,"Maripa reticulata var. reticulata"
Equisetopsida,Gentianales,Rubiaceae,"Coussarea macrophylla"
Equisetopsida,Ericales,Primulaceae,"Geissanthus ambiguus"
Equisetopsida,Asterales,Campanulaceae,"Centropogon roseus"
Aves,Passeriformes,Furnariidae,"Automolus rufipileatus"
Equisetopsida,Solanales,Solanaceae,"Markea plowmanii"
Equisetopsida,Asterales,Campanulaceae,"Centropogon sciaphilus"
Aves,Passeriformes,Rhinocryptidae,"Scytalopus acutirostris"
Equisetopsida,Pandanales,Cyclanthaceae,"Sphaeradenia angustifolia"
Equisetopsida,Ericales,Ericaceae,"Gaultheria vaccinioides"
Equisetopsida,Asterales,Campanulaceae,"Centropogon undulatus"
Equisetopsida,Magnoliales,Myristicaceae,"Iryanthera juruensis"
Equisetopsida,Asterales,Campanulaceae,"Centropogon urubambae"
Equisetopsida,Asterales,Campanulaceae,"Centropogon verbascifolius"
Equisetopsida,Magnoliales,Myristicaceae,"Iryanthera laevis"
Equisetopsida,Asparagales,Orchidaceae,"Paphinia cristata"
Aves,Apodiformes,Trochilidae,"Aglaiocercus kingi"
Aves,Passeriformes,Furnariidae,"Automolus ochrolaemus"
Equisetopsida,Apiales,Araliaceae,"Cephalopanax jahnii"
Aves,Passeriformes,Cotingidae,"Cephalopterus ornatus"
Equisetopsida,Asterales,Asteraceae,"Munnozia hastifolia"
Equisetopsida,Magnoliales,Myristicaceae,"Iryanthera paraensis"
Equisetopsida,Ericales,Ericaceae,"Gaultheria myrsinoides"
Equisetopsida,Magnoliales,Myristicaceae,"Iryanthera tricornis"
Equisetopsida,Alismatales,Araceae,"Philodendron ruizii"
Aves,Passeriformes,Rhinocryptidae,"Scytalopus femoralis"
Equisetopsida,Poales,Poaceae,"Isachne arundinacea"
Equisetopsida,Poales,Bromeliaceae,"Puya ferruginea"
Aves,Passeriformes,Rhinocryptidae,"Scytalopus macropus"
Equisetopsida,Gentianales,Rubiaceae,"Coussarea rudgeoides"
Aves,Passeriformes,Rhinocryptidae,"Scytalopus parvirostris"
Actinopterygii,Characiformes,Characidae,"Ceratobranchia binghami"
Equisetopsida,Cyatheales,Cyatheaceae,"Cyathea subincisa"
Equisetopsida,Ericales,Ericaceae,"Gaultheria erecta"
Equisetopsida,Zingiberales,Marantaceae,"Ischnosiphon cerotus"
Equisetopsida,Poales,Poaceae,"Muhlenbergia ligularis"
Equisetopsida,Ericales,Ericaceae,"Gaultheria buxifolia"
Equisetopsida,Ericales,Ericaceae,"Gaultheria bracteata"
Aves,Passeriformes,Pipridae,"Ceratopipra chloromeros"
Equisetopsida,Asparagales,Orchidaceae,"Cranichis calva"
Aves,Passeriformes,Tyrannidae,"Mionectes oleagineus"
Equisetopsida,Asparagales,Orchidaceae,"Cranichis ciliata"
Aves,Apodiformes,Trochilidae,"Elliotomyia viridicauda"
Equisetopsida,Solanales,Solanaceae,"Nicotiana tabacum"
Mammalia,Didelphimorphia,Didelphidae,"Marmosa (Micoureus) constantiae"
Amphibia,Anura,Hemiphractidae,"Gastrotheca griswoldi"
Aves,Accipitriformes,Accipitridae,"Parabuteo leucorrhous"
Equisetopsida,Asparagales,Orchidaceae,"Cranichis polyantha"
Equisetopsida,Alismatales,Araceae,"Philodendron strictum"
Equisetopsida,Zingiberales,Marantaceae,"Ischnosiphon obliquus"
Equisetopsida,Lamiales,Gesneriaceae,"Gasteranthus wendlandianus"
Mammalia,Chiroptera,Phyllostomidae,"Gardnerycteris crenulata"
Equisetopsida,Lamiales,Gesneriaceae,"Seemannia sylvatica"
Equisetopsida,Cyatheales,Cyatheaceae,"Cyathea tortuosa"
Equisetopsida,Malpighiales,Clusiaceae,"Garcinia madruno"
Equisetopsida,Gentianales,Rubiaceae,"Isertia laevis"
Mammalia,Carnivora,Felidae,"Puma concolor"
Equisetopsida,Malpighiales,Clusiaceae,"Garcinia macrophylla"
Equisetopsida,Cyatheales,Cyatheaceae,"Cyathea traillii"
Aves,Piciformes,Ramphastidae,"Aulacorhynchus derbianus"
Equisetopsida,Ericales,Lecythidaceae,"Allantoma decandra"
Aves,Passeriformes,Thamnophilidae,"Cercomacroides nigrescens"
Mammalia,Didelphimorphia,Didelphidae,"Marmosops (Marmosops) caucae"
Equisetopsida,Caryophyllales,Petiveriaceae,"Seguieria americana"
Equisetopsida,Lamiales,Gesneriaceae,"Paradrymonia ciliosa"
Mammalia,Didelphimorphia,Didelphidae,"Marmosops (Marmosops) noctivagus"
Aves,Piciformes,Ramphastidae,"Aulacorhynchus coeruleicinctis"
Aves,Piciformes,Ramphastidae,"Aulacorhynchus albivitta"
Equisetopsida,Asparagales,Orchidaceae,"Elleanthus virgatus"
Equisetopsida,Lamiales,Gesneriaceae,"Paradrymonia longifolia"
Aves,Passeriformes,Thamnophilidae,"Cercomacroides serva"
Equisetopsida,Asparagales,Orchidaceae,"Elleanthus strobilifer"
Actinopterygii,Characiformes,Characidae,"Paragoniates alburnus"
Reptilia,Sauria,Gymnophthalmidae,"Cercosaura argulus"
Equisetopsida,Asterales,Asteraceae,"Gamochaeta americana"
Equisetopsida,Asparagales,Orchidaceae,"Elleanthus scopulus"
Equisetopsida,Malpighiales,Malpighiaceae,"Alicia anisopetala"
Equisetopsida,Selaginellales,Selaginellaceae,"Selaginella exaltata"
Equisetopsida,Polypodiales,Dryopteridaceae,"Parapolystichum effusum subsp. Effusum"
Insecta,Lepidoptera,Nymphalidae,"Nessaea hewitsonii hewitsonii"
Actinopterygii,Characiformes,Characidae,"Attonitus irisae"
Equisetopsida,Selaginellales,Selaginellaceae,"Selaginella geniculata"
Equisetopsida,Gentianales,Rubiaceae,"Alibertia occidentalis"
Actinopterygii,Characiformes,Characidae,"Attonitus ephimeros"
Equisetopsida,Asparagales,Orchidaceae,"Elleanthus robustus"
Equisetopsida,Malpighiales,Euphorbiaceae,"Acalypha stricta"
Aves,Charadriiformes,Scolopacidae,"Gallinago jamesoni"
Equisetopsida,Gentianales,Rubiaceae,"Nertera granadensis"
Aves,Passeriformes,Tyrannidae,"Attila spadiceus"
Equisetopsida,Ericales,Primulaceae,"Parathesis adenanthera"
Aves,Strigiformes,Strigidae,"Pulsatrix perspicillata"
Aves,Passeriformes,Thraupidae,"Sphenopsis frontalis"
Equisetopsida,Polypodiales,Nephrolepidaceae,"Nephrolepis pectinata"
Elasmobranchii,Myliobatiformes,Potamotrygonidae,"Paratrygon aiereba"
Equisetopsida,Asparagales,Orchidaceae,"Elleanthus myrosmatis"
Equisetopsida,Malpighiales,Ochnaceae,"Cespedesia spathulata"
Equisetopsida,Asparagales,Orchidaceae,"Elleanthus magnicallosus"
Equisetopsida,Selaginellales,Selaginellaceae,"Selaginella lechleri"
Equisetopsida,Santalales,Opiliaceae,"Agonandra peruviana"
Equisetopsida,Asparagales,Orchidaceae,"Elleanthus longibracteatus"
Equisetopsida,Myrtales,Melastomataceae,"Miconia neriifolia"
Equisetopsida,Gentianales,Rubiaceae,"Galium hypocarpium"
Equisetopsida,Selaginellales,Selaginellaceae,"Selaginella praestans"
Equisetopsida,Selaginellales,Selaginellaceae,"Selaginella quadrifaria"
Equisetopsida,Polypodiales,Nephrolepidaceae,"Nephrolepis cordifolia"
Equisetopsida,Selaginellales,Selaginellaceae,"Selaginella trisulcata"
Aves,Passeriformes,Thraupidae,"Ixothraupis xanthogastra"
Aves,Gruiformes,Rallidae,"Pardirallus nigricans"
Aves,Passeriformes,Thraupidae,"Nephelornis oneilli"
Equisetopsida,Solanales,Solanaceae,"Cestrum conglomeratum"
Equisetopsida,Asparagales,Orchidaceae,"Elleanthus hymenophorus"
Equisetopsida,Polypodiales,Polypodiaceae,"Pleopeltis desvauxii"
Mammalia,Rodentia,Cricetidae,"Nephelomys keaysi"
Aves,Passeriformes,Hirundinidae,"Atticora fasciata"
Equisetopsida,Gentianales,Rubiaceae,"Galium corymbosum"
Insecta,Lepidoptera,Nymphalidae,"Mesotaenia vaninka doris"
Aves,Passeriformes,Tyrannidae,"Nephelomyias ochraceiventris"
Equisetopsida,Solanales,Solanaceae,"Cestrum microcalyx"
Aves,Galbuliformes,Galbulidae,"Jacamerops aureus"
Equisetopsida,Solanales,Solanaceae,"Cestrum parqui"
Equisetopsida,Santalales,Opiliaceae,"Agonandra silvatica"
Mammalia,Cetartiodactyla,Cervidae,"Pudu mephistophiles"
Equisetopsida,Malpighiales,Salicaceae,"Neosprucea tenuisepala"
Equisetopsida,Lamiales,Bignoniaceae,"Jacaranda copaia"
Equisetopsida,Malpighiales,Salicaceae,"Neosprucea montana"
Equisetopsida,Solanales,Solanaceae,"Cestrum reflexum"
Equisetopsida,Asparagales,Orchidaceae,"Elleanthus gracilis"
Equisetopsida,Solanales,Solanaceae,"Cestrum rigidum"
Equisetopsida,Malpighiales,Salicaceae,"Neoptychocarpus killipii"
Equisetopsida,Gentianales,Rubiaceae,"Alibertia edulis"
Equisetopsida,Brassicales,Caricaceae,"Jacaratia chocoensis"
Aves,Passeriformes,Thraupidae,"Diglossa cyanea"
Aves,Passeriformes,Tyrannidae,"Neopipo cinnamomea"
Equisetopsida,Asterales,Asteraceae,"Galinsoga quadriradiata"
Equisetopsida,Brassicales,Caricaceae,"Jacaratia digitata"
Equisetopsida,Cucurbitales,Cucurbitaceae,"Selysia prunifera"
Equisetopsida,Solanales,Solanaceae,"Cestrum schlechtendalii"
Equisetopsida,Malvales,Malvaceae,"Sterculia tessmannii"
Equisetopsida,Brassicales,Caricaceae,"Jacaratia spinosa"
Equisetopsida,Asparagales,Orchidaceae,"Elleanthus conifer"
Equisetopsida,Alismatales,Araceae,"Philodendron wittianum"
Equisetopsida,Asparagales,Orchidaceae,"Elleanthus capitatus"
Equisetopsida,Asparagales,Orchidaceae,"Galeottia acuminata"
Actinopterygii,Characiformes,Characidae,"Galeocharax gulo"
Mammalia,Didelphimorphia,Didelphidae,"Marmosops (Sciophanes) bishopi"
Equisetopsida,Asparagales,Orchidaceae,"Elleanthus blatteus"
Aves,Passeriformes,Thraupidae,"Diglossa glauca"
Insecta,Lepidoptera,Papilionidae,"Parides childrenae childrenae"
Aves,Passeriformes,Thraupidae,"Sphenopsis melanotis"
Equisetopsida,Caryophyllales,Polygonaceae,"Muehlenbeckia tamnifolia"
Equisetopsida,Polypodiales,Pteridaceae,"Jamesonia flexuosa"
Actinopterygii,Cichliformes,Cichlidae,"Pterophyllum scalare"
Equisetopsida,Asparagales,Orchidaceae,"Elleanthus aurantiacus"
Equisetopsida,Asparagales,Orchidaceae,"Elleanthus ampliflorus"
Aves,Passeriformes,Passerellidae,"Atlapetes tricolor"
Aves,Apodiformes,Trochilidae,"Pterophanes cyanopterus"
Equisetopsida,Alismatales,Araceae,"Philodendron wurdackii"
Equisetopsida,Myrtales,Melastomataceae,"Chaetogastra longifolia"
Aves,Passeriformes,Passerellidae,"Atlapetes schistaceus"
Equisetopsida,Asparagales,Orchidaceae,"Elleanthus amethystinus"
Actinopterygii,Siluriformes,Loricariidae,"Chaetostoma lineopunctatum"
Aves,Galbuliformes,Galbulidae,"Galbula cyanescens"
Insecta,Lepidoptera,Nymphalidae,"Polygrapha xenocrates"
Equisetopsida,Malpighiales,Euphorbiaceae,"Alchorneopsis floribunda"
Aves,Piciformes,Picidae,"Picumnus aurifrons"
Equisetopsida,Poales,Cyperaceae,"Cyperus hermaphroditus"
Actinopterygii,Characiformes,Anostomidae,"Abramites hypselonotus"
Actinopterygii,Characiformes,Characidae,"Creagrutus changae"
Mammalia,Carnivora,Mustelidae,"Pteronura brasiliensis"
Equisetopsida,Asterales,Asteraceae,"Senecio burkartii"
Equisetopsida,Asparagales,Orchidaceae,"Cyrtochilum cordatum"
Equisetopsida,Asparagales,Orchidaceae,"Acianthera capillaris"
Equisetopsida,Malpighiales,Chrysobalanaceae,"Parinari klugii"
Equisetopsida,Gentianales,Rubiaceae,"Sphinctanthus maculatus"
Equisetopsida,Santalales,Loranthaceae,"Gaiadendron punctatum"
Equisetopsida,Malpighiales,Euphorbiaceae,"Alchornea triplinervia"
Equisetopsida,Myrtales,Melastomataceae,"Meriania tetragona"
Equisetopsida,Malpighiales,Chrysobalanaceae,"Parinari occidentalis"
Equisetopsida,Poales,Poaceae,"Eleusine indica"
Mammalia,Carnivora,Mustelidae,"Neogale frenata"
Aves,Apodiformes,Apodidae,"Chaetura cinereiventris"
Equisetopsida,Fabales,Polygalaceae,"Polygala paniculata"
Mammalia,Cingulata,Dasypodidae,"Dasypus pilosus"
Equisetopsida,Fabales,Fabaceae,"Parkia igneiflora"
Insecta,Lepidoptera,Nymphalidae,"Marpesia crethon"
Equisetopsida,Ericales,Primulaceae,"Cybianthus flavovirens"
Actinopterygii,Characiformes,Characidae,"Creagrutus ortegai"
Actinopterygii,Characiformes,Characidae,"Creagrutus ouranonastes"
Equisetopsida,Fabales,Fabaceae,"Parkia nitida"
Equisetopsida,Malpighiales,Achariaceae,"Mayna odorata"
Equisetopsida,Fabales,Fabaceae,"Parkia ulei"
Equisetopsida,Fabales,Fabaceae,"Parkia velutina"
Equisetopsida,Gentianales,Rubiaceae,"Joosia dichotoma"
Equisetopsida,Solanales,Solanaceae,"Physalis angulata"
Equisetopsida,Malpighiales,Euphorbiaceae,"Alchornea pearcei"
Equisetopsida,Asparagales,Orchidaceae,"Neodryas llanachagaensis"
Equisetopsida,Lamiales,Gesneriaceae,"Drymonia pendula"
Equisetopsida,Solanales,Solanaceae,"Juanulloa parasitica"
Insecta,Lepidoptera,Nymphalidae,"Marpesia petreus"
Equisetopsida,Ericales,Primulaceae,"Cybianthus granulosus"
Actinopterygii,Characiformes,Characidae,"Creagrutus ungulus"
Amphibia,Anura,Bufonidae,"Atelopus oxapampae"
Equisetopsida,Fagales,Juglandaceae,"Juglans neotropica"
Aves,Apodiformes,Trochilidae,"Chalcostigma ruficeps"
Equisetopsida,Myrtales,Onagraceae,"Fuchsia macrophylla"
Equisetopsida,Myrtales,Onagraceae,"Fuchsia inflata"
Equisetopsida,Malpighiales,Euphorbiaceae,"Alchornea latifolia"
Equisetopsida,Ranunculales,Menispermaceae,"Elephantomene eburnea"
Aves,Passeriformes,Thraupidae,"Chalcothraupis ruficervix"
Equisetopsida,Myrtales,Onagraceae,"Fuchsia denticulata"
Aves,Passeriformes,Thraupidae,"Diglossa mystacalis"
Equisetopsida,Malpighiales,Euphorbiaceae,"Alchornea grandis"
Equisetopsida,Malpighiales,Euphorbiaceae,"Alchornea grandiflora"
Equisetopsida,Fabales,Polygalaceae,"Moutabea aculeata"
Aves,Coraciiformes,Momotidae,"Momotus aequatorialis"
Equisetopsida,Malpighiales,Euphorbiaceae,"Alchornea glandulosa"
Equisetopsida,Lamiales,Gesneriaceae,"Drymonia macrophylla"
Equisetopsida,Myrtales,Melastomataceae,"Mouriri nigra"
Equisetopsida,Magnoliales,Annonaceae,"Cremastosperma oblongum"
Equisetopsida,Myrtales,Onagraceae,"Fuchsia apetala"
Equisetopsida,Arecales,Arecaceae,"Chamaedorea fragrans"
Equisetopsida,Arecales,Arecaceae,"Chamaedorea linearis"
Equisetopsida,Arecales,Arecaceae,"Chamaedorea pauciflora"
Actinopterygii,Characiformes,Parodontidae,"Parodon buckleyi"
Equisetopsida,Asparagales,Orchidaceae,"Frondaria caulescens"
Equisetopsida,Malpighiales,Malpighiaceae,"Mascagnia divaricata"
Equisetopsida,Malpighiales,Euphorbiaceae,"Alchornea discolor"
Aves,Piciformes,Ramphastidae,"Pteroglossus azara"
Equisetopsida,Myrtales,Melastomataceae,"Miconia dimorphica"
Equisetopsida,Arecales,Arecaceae,"Chamaedorea pinnatifrons"
Equisetopsida,Poales,Cyperaceae,"Eleocharis elegans"
Equisetopsida,Lamiales,Gesneriaceae,"Drymonia erythroloma"
Mammalia,Chiroptera,Phyllostomidae,"Micronycteris megalotis"
Equisetopsida,Polypodiales,Dryopteridaceae,"Polybotrya osmundacea"
Actinopterygii,Characiformes,Characidae,"Astyanax maximus"
Aves,Galliformes,Cracidae,"Chamaepetes goudotii"
Equisetopsida,Brassicales,Brassicaceae,"Cremolobus peruvianus"
Actinopterygii,Siluriformes,Doradidae,"Pterodoras granulosus"
Aves,Passeriformes,Formicariidae,"Chamaeza campanisona"
Actinopterygii,Characiformes,Characidae,"Astyanax fasciatus"
Equisetopsida,Ericales,Pentaphylacaceae,"Freziera lanata"
Actinopterygii,Gymnotiformes,Gymnotidae,"Electrophorus electricus"
Equisetopsida,Fabales,Fabaceae,"Pterocarpus rohrii"
Equisetopsida,Ericales,Pentaphylacaceae,"Freziera incana"
Aves,Coraciiformes,Momotidae,"Electron platyrhynchum"
Equisetopsida,Polypodiales,Dryopteridaceae,"Polybotrya fractiserialis"
Amphibia,Anura,Leptodactylidae,"Adenomera andreae"
Equisetopsida,Fabales,Fabaceae,"Pterocarpus amazonum"
Equisetopsida,Polypodiales,Pteridaceae,"Pteris speciosa"
Actinopterygii,Characiformes,Characidae,"Astyanax bimaculatus"
Equisetopsida,Asparagales,Orchidaceae,"Acianthera erinacea"
Aves,Apodiformes,Trochilidae,"Adelomyia melanogenys"
Equisetopsida,Poales,Poaceae,"Paspalum candidum"
Aves,Passeriformes,Thraupidae,"Diglossa sittoides"
Equisetopsida,Asterales,Asteraceae,"Jungia rugosa"
Equisetopsida,Polypodiales,Pteridaceae,"Pteris podophylla"
Actinopterygii,Characiformes,Characidae,"Astyanacinus multidens"
Equisetopsida,Asparagales,Orchidaceae,"Masdevallia amaluzae"
Equisetopsida,Polypodiales,Dryopteridaceae,"Polybotrya crassirhizoma"
Equisetopsida,Poales,Poaceae,"Paspalum conjugatum"
Equisetopsida,Rosales,Rhamnaceae,"Frangula granulosa"
Equisetopsida,Polypodiales,Pteridaceae,"Pteris livida"
Equisetopsida,Ericales,Primulaceae,"Cybianthus marginatus"
Insecta,Lepidoptera,Nymphalidae,"Fountainea eurypyle confusa"
Equisetopsida,Ericales,Primulaceae,"Cybianthus minutiflorus"
Equisetopsida,Polypodiales,Pteridaceae,"Pteris haenkeana"
Equisetopsida,Dilleniales,Dilleniaceae,"Pinzona coriacea"
Insecta,Lepidoptera,Nymphalidae,"Adelpha erotia"
Equisetopsida,Asparagales,Orchidaceae,"Acianthera erythrogramma"
Equisetopsida,Gentianales,Apocynaceae,"Forsteronia graciloides"
Aves,Charadriiformes,Charadriidae,"Charadrius collaris"
Equisetopsida,Fabales,Fabaceae,"Jupunba laeta"
Equisetopsida,Fabales,Fabaceae,"Jupunba macradenia"
Equisetopsida,Gentianales,Apocynaceae,"Forsteronia amblybasis"
Equisetopsida,Polypodiales,Pteridaceae,"Pteris altissima"
Equisetopsida,Fabales,Fabaceae,"Jupunba trapezifolia var. micradenia"
Equisetopsida,Gentianales,Apocynaceae,"Forsteronia affinis"
Actinopterygii,Cichliformes,Cichlidae,"Crenicichla sedentaria"
Equisetopsida,Gentianales,Apocynaceae,"Forsteronia acouci"
Equisetopsida,Asparagales,Orchidaceae,"Pterichis weberbaueriana"
Equisetopsida,Asparagales,Orchidaceae,"Pterichis parvifolia"
Equisetopsida,Asparagales,Orchidaceae,"Pterichis macbridei"
Equisetopsida,Asterales,Asteraceae,"Senecio tenuisagittatus"
Equisetopsida,Myrtales,Lythraceae,"Adenaria floribunda"
Actinopterygii,Siluriformes,Astroblepidae,"Astroblepus vanceae"
Actinopterygii,Siluriformes,Astroblepidae,"Astroblepus longifilis"
Equisetopsida,Gentianales,Rubiaceae,"Psychotria viridis"
Equisetopsida,Malpighiales,Passifloraceae,"Dilkea retusa"
Actinopterygii,Siluriformes,Astroblepidae,"Astroblepus fissidens"
Equisetopsida,Asparagales,Orchidaceae,"Masdevallia antonii"
Equisetopsida,Polypodiales,Dryopteridaceae,"Polybotrya caudata"
Equisetopsida,Polypodiales,Dryopteridaceae,"Elaphoglossum zebrinum"
Actinopterygii,Characiformes,Characidae,"Charax tectifer"
Mammalia,Chiroptera,Phyllostomidae,"Micronycteris hirsuta"
Equisetopsida,Poales,Poaceae,"Paspalum virgatum"
Equisetopsida,Gentianales,Rubiaceae,"Psychotria villosa"
Equisetopsida,Caryophyllales,Nyctaginaceae,"Neea spruceana"
Equisetopsida,Caryophyllales,Nyctaginaceae,"Neea ovalifolia"
Equisetopsida,Asparagales,Orchidaceae,"Chaubardia klugii"
Equisetopsida,Myrtales,Melastomataceae,"Miconia dipsacea"
Equisetopsida,Polypodiales,Dryopteridaceae,"Elaphoglossum vittarioides"
Equisetopsida,Asterales,Asteraceae,"Polyanthina nemorosa"
Equisetopsida,Gentianales,Rubiaceae,"Psychotria trivialis"
Insecta,Lepidoptera,Erebidae,"Cresera affinis"
Insecta,Lepidoptera,Erebidae,"Cresera hieroglyphica"
Equisetopsida,Gentianales,Rubiaceae,"Psychotria trichotoma"
Equisetopsida,Fabales,Fabaceae,"Senegalia loretensis"
Equisetopsida,Caryophyllales,Cactaceae,"Kimnachia ramulosa subsp. Ramulosa"
Mammalia,Cingulata,Dasypodidae,"Dasypus novemcinctus"
Equisetopsida,Malpighiales,Passifloraceae,"Passiflora alata"
Equisetopsida,Caryophyllales,Nyctaginaceae,"Neea macrophylla"
Equisetopsida,Gentianales,Rubiaceae,"Psychotria tenuicaulis"
Insecta,Lepidoptera,Erebidae,"Cresera ilioides"
Insecta,Lepidoptera,Erebidae,"Cresera ilus"
Equisetopsida,Cornales,Loasaceae,"Klaprothia mentzelioides"
Equisetopsida,Malpighiales,Passifloraceae,"Passiflora ambigua"
Aves,Passeriformes,Formicariidae,"Formicarius analis"
Equisetopsida,Celastrales,Celastraceae,"Cheiloclinium hippocrateoides"
Equisetopsida,Myrtales,Melastomataceae,"Miconia dispar"
Aves,Galbuliformes,Bucconidae,"Micromonacha lanceolata"
Equisetopsida,Malpighiales,Passifloraceae,"Passiflora auriculata"
Equisetopsida,Polypodiales,Dryopteridaceae,"Elaphoglossum styriacum"
Aves,Passeriformes,Thraupidae,"Kleinothraupis atropileus"
Equisetopsida,Caryophyllales,Nyctaginaceae,"Neea floribunda"
Equisetopsida,Gentianales,Rubiaceae,"Psychotria ruizii"
Insecta,Lepidoptera,Erebidae,"Cresera optimus"
Aves,Passeriformes,Fringillidae,"Spinus olivaceus"
Equisetopsida,Commelinales,Commelinaceae,"Floscopa peruviana"
Equisetopsida,Malpighiales,Passifloraceae,"Passiflora candollei"
Equisetopsida,Caryophyllales,Nyctaginaceae,"Neea divaricata"
Aves,Galbuliformes,Bucconidae,"Chelidoptera tenebrosa"
Aves,Apodiformes,Trochilidae,"Florisuga mellivora"
Equisetopsida,Asparagales,Orchidaceae,"Acianthera polystachya"
Equisetopsida,Polypodiales,Dryopteridaceae,"Elaphoglossum setigerum"
Insecta,Lepidoptera,Erebidae,"Cresera similis"
Equisetopsida,Myrtales,Melastomataceae,"Monolena primuliflora"
Aves,Passeriformes,Tyrannidae,"Knipolegus poecilurus"
Equisetopsida,Asparagales,Orchidaceae,"Masdevallia aurorae"
Equisetopsida,Asparagales,Orchidaceae,"Masdevallia bennettii"
Equisetopsida,Malpighiales,Passifloraceae,"Passiflora cisnana"
Equisetopsida,Asparagales,Orchidaceae,"Masdevallia calosiphon"
Equisetopsida,Gentianales,Rubiaceae,"Psychotria remota"
Equisetopsida,Malpighiales,Passifloraceae,"Passiflora coccinea"
Equisetopsida,Lamiales,Gesneriaceae,"Drymonia coriacea"
Equisetopsida,Zingiberales,Costaceae,"Dimerocostus argenteus"
Actinopterygii,Characiformes,Characidae,"Knodus beta"
Equisetopsida,Ericales,Sapotaceae,"Micropholis egensis"
Equisetopsida,Asparagales,Orchidaceae,"Masdevallia eumeliae"
Actinopterygii,Characiformes,Characidae,"Knodus breviceps"
Equisetopsida,Polypodiales,Dryopteridaceae,"Elaphoglossum ruficomum"
Mammalia,Rodentia,Cricetidae,"Nectomys apicalis"
Equisetopsida,Malpighiales,Passifloraceae,"Passiflora cumbalensis"
Equisetopsida,Gentianales,Rubiaceae,"Psychotria pichisensis"
Actinopterygii,Characiformes,Characidae,"Knodus septentrionalis"
Equisetopsida,Fabales,Fabaceae,"Senna silvestris"
Aves,Passeriformes,Tyrannidae,"Mionectes macconnelli"
Equisetopsida,Laurales,Lauraceae,"Nectandra villosa"
Aves,Passeriformes,Furnariidae,"Asthenes fuliginosa"
Aves,Passeriformes,Thraupidae,"Sericossypha albocristata"
Aves,Passeriformes,Furnariidae,"Asthenes flammulata"
Equisetopsida,Malpighiales,Passifloraceae,"Passiflora edulis"
Equisetopsida,Gentianales,Rubiaceae,"Psychotria ortiziana"
Equisetopsida,Asparagales,Orchidaceae,"Koellensteinia graminea"
Equisetopsida,Rosales,Moraceae,"Ficus trigona"
Equisetopsida,Gentianales,Rubiaceae,"Psychotria oinochrophylla"
Insecta,Lepidoptera,Nymphalidae,"Asterope markii"
Equisetopsida,Lamiales,Gesneriaceae,"Kohleria peruviana"
Aves,Passeriformes,Thraupidae,"Creurgops verticalis"
Equisetopsida,Pandanales,Cyclanthaceae,"Asplundia ulei"
Equisetopsida,Laurales,Lauraceae,"Nectandra turbacensis"
Equisetopsida,Ericales,Sapotaceae,"Micropholis guyanensis"
Equisetopsida,Rosales,Moraceae,"Ficus tonduzii"
Equisetopsida,Malpighiales,Passifloraceae,"Passiflora micropetala"
Equisetopsida,Asparagales,Orchidaceae,"Masdevallia manchinazae"
Equisetopsida,Polypodiales,Dryopteridaceae,"Elaphoglossum raywaense"
Equisetopsida,Rosales,Moraceae,"Ficus schippii"
Equisetopsida,Polypodiales,Aspleniaceae,"Asplenium uniseriale"
Equisetopsida,Malpighiales,Passifloraceae,"Passiflora mixta"
Equisetopsida,Laurales,Lauraceae,"Nectandra reflexa"
Equisetopsida,Rosales,Moraceae,"Ficus popenoei"
Equisetopsida,Gentianales,Rubiaceae,"Chimarrhis glabriflora"
Equisetopsida,Gentianales,Rubiaceae,"Chimarrhis hookeri"
Mammalia,Chiroptera,Phyllostomidae,"Mesophylla macconnelli"
Equisetopsida,Gentianales,Rubiaceae,"Psychotria juninensis"
Equisetopsida,Gentianales,Rubiaceae,"Psychotria japurensis"
Equisetopsida,Malpighiales,Rhizophoraceae,"Sterigmapetalum obovatum"
Equisetopsida,Asterales,Asteraceae,"Critoniopsis pycnantha"
Equisetopsida,Polypodiales,Aspleniaceae,"Asplenium sulcatum"
Equisetopsida,Gentianales,Rubiaceae,"Chione venosa"
Equisetopsida,Polypodiales,Aspleniaceae,"Asplenium stuebelianum"
Equisetopsida,Rosales,Moraceae,"Ficus pertusa"
Equisetopsida,Asparagales,Orchidaceae,"Acianthera rodolfo-vasquezii"
Equisetopsida,Laurales,Lauraceae,"Nectandra pulverulenta"
Equisetopsida,Asparagales,Orchidaceae,"Crocodeilanthe floribunda"
Equisetopsida,Malpighiales,Passifloraceae,"Passiflora mollissima"
Equisetopsida,Polypodiales,Pteridaceae,"Adiantum tomentosum"
Equisetopsida,Ericales,Primulaceae,"Cybianthus pastensis"
Equisetopsida,Malpighiales,Passifloraceae,"Passiflora nitida"
Equisetopsida,Rosales,Moraceae,"Ficus paraensis"
Equisetopsida,Polypodiales,Aspleniaceae,"Asplenium serratum"
Equisetopsida,Polypodiales,Dryopteridaceae,"Elaphoglossum plumosum"
Equisetopsida,Laurales,Lauraceae,"Nectandra pearcei"
Equisetopsida,Solanales,Solanaceae,"Physalis peruviana"
Equisetopsida,Polypodiales,Polypodiaceae,"Microgramma tecta"
Equisetopsida,Rosales,Moraceae,"Ficus obtusifolia"
Mammalia,Chiroptera,Phyllostomidae,"Chiroderma salvini"
Mammalia,Rodentia,Dasyproctidae,"Dasyprocta variegata"
Mammalia,Chiroptera,Phyllostomidae,"Chiroderma trinitatum"
Equisetopsida,Polypodiales,Aspleniaceae,"Asplenium serra"
Equisetopsida,Gentianales,Rubiaceae,"Psychotria carthagenensis"
Equisetopsida,Asparagales,Orchidaceae,"Masdevallia oxapampaensis"
Equisetopsida,Rosales,Moraceae,"Ficus mutisii"
Equisetopsida,Laurales,Lauraceae,"Nectandra oppositifolia"
Equisetopsida,Polypodiales,Aspleniaceae,"Asplenium salicifolium"
Equisetopsida,Asparagales,Orchidaceae,"Maxillaria pyhalae"
Aves,Passeriformes,Furnariidae,"Philydor pyrrhodes"
Equisetopsida,Rosales,Moraceae,"Ficus maximoides"
Equisetopsida,Asparagales,Orchidaceae,"Masdevallia parvula"
Equisetopsida,Polypodiales,Aspleniaceae,"Asplenium rutaceum"
Equisetopsida,Asparagales,Orchidaceae,"Masdevallia picta"
Mammalia,Chiroptera,Phyllostomidae,"Chiroderma villosum"
Equisetopsida,Rosales,Moraceae,"Ficus maxima"
Equisetopsida,Asparagales,Orchidaceae,"Masdevallia roseola"
Equisetopsida,Polypodiales,Aspleniaceae,"Asplenium quitense"
Equisetopsida,Asparagales,Orchidaceae,"Crossoglossa harlingii"
Equisetopsida,Asparagales,Orchidaceae,"Crossoglossa hirtzii"
Equisetopsida,Asparagales,Orchidaceae,"Crossoglossa neirynckiana"
Equisetopsida,Myrtales,Melastomataceae,"Miconia dolichorrhyncha"
Equisetopsida,Polypodiales,Polypodiaceae,"Microgramma reptans"
Equisetopsida,Rosales,Moraceae,"Ficus maroma"
Equisetopsida,Ericales,Sapotaceae,"Micropholis guyanensis subsp. duckeana"
Equisetopsida,Malpighiales,Passifloraceae,"Passiflora rubra"
Equisetopsida,Gentianales,Rubiaceae,"Psychotria boninensis"
Equisetopsida,Polypodiales,Aspleniaceae,"Asplenium pearcei"
Equisetopsida,Asparagales,Orchidaceae,"Crossoglossa tipuloides"
Equisetopsida,Polypodiales,Polypodiaceae,"Serpocaulon caceresii"
Equisetopsida,Rosales,Moraceae,"Ficus macbridei"
Equisetopsida,Polypodiales,Dryopteridaceae,"Elaphoglossum peltatum fo. flabellatum"
Equisetopsida,Polypodiales,Polypodiaceae,"Serpocaulon dasypleuron"
Equisetopsida,Ericales,Sapotaceae,"Micropholis guyanensis subsp. guyanensis"
Equisetopsida,Laurales,Lauraceae,"Nectandra membranacea"
Actinopterygii,Siluriformes,Loricariidae,"Crossoloricaria rhami"
Equisetopsida,Rosales,Moraceae,"Ficus insipida"
Aves,Passeriformes,Pipridae,"Chiroxiphia pareola"
Equisetopsida,Myrtales,Melastomataceae,"Meriania tomentosa"
Equisetopsida,Asparagales,Orchidaceae,"Masdevallia schudelii"
Equisetopsida,Polypodiales,Polypodiaceae,"Microgramma percussa"
Equisetopsida,Asparagales,Orchidaceae,"Masdevallia ustulata"
Equisetopsida,Polypodiales,Dryopteridaceae,"Elaphoglossum peltatum"
Equisetopsida,Malpighiales,Passifloraceae,"Passiflora tripartita"
Equisetopsida,Polypodiales,Aspleniaceae,"Asplenium flabellulatum"
Equisetopsida,Ericales,Sapotaceae,"Micropholis melinoniana"
Equisetopsida,Polypodiales,Aspleniaceae,"Asplenium divaricatum"
Equisetopsida,Rosales,Moraceae,"Ficus gigantosyce"
Equisetopsida,Polypodiales,Polypodiaceae,"Serpocaulon fraxinifolium"
Actinopterygii,Characiformes,Characidae,"Moenkhausia oligolepis"
Equisetopsida,Malpighiales,Passifloraceae,"Passiflora vespertilio"
Equisetopsida,Laurales,Lauraceae,"Nectandra maynensis"
Equisetopsida,Asparagales,Orchidaceae,"Masdevallia yungasensis"
Equisetopsida,Polypodiales,Aspleniaceae,"Asplenium cuspidatum"
Equisetopsida,Malpighiales,Lacistemataceae,"Lacistema aggregatum"
Equisetopsida,Polypodiales,Aspleniaceae,"Asplenium cirrhatum"
Equisetopsida,Polypodiales,Polypodiaceae,"Serpocaulon levigatum"
Aves,Psittaciformes,Psittacidae,"Psittacara mitratus"
Equisetopsida,Gentianales,Apocynaceae,"Lacmellea arborescens"
Equisetopsida,Rosales,Moraceae,"Ficus cuatrecasasiana"
Equisetopsida,Malpighiales,Passifloraceae,"Passiflora viridescens"
Equisetopsida,Polypodiales,Aspleniaceae,"Asplenium bangii"
Insecta,Lepidoptera,Nymphalidae,"Chloreuptychia agatha"
Equisetopsida,Polypodiales,Aspleniaceae,"Asplenium auritum"
Equisetopsida,Asparagales,Orchidaceae,"Miltoniopsis bismarckii"
Equisetopsida,Rosales,Moraceae,"Ficus cuatrecasana"
Equisetopsida,Sapindales,Sapindaceae,"Matayba arborescens"
Equisetopsida,Asparagales,Orchidaceae,"Maxillaria xanthorhoda"
Equisetopsida,Polypodiales,Dryopteridaceae,"Elaphoglossum pachyphyllum"
Equisetopsida,Laurales,Lauraceae,"Nectandra longifolia"
Equisetopsida,Polypodiales,Aspleniaceae,"Asplenium auriculatum"
Equisetopsida,Malpighiales,Euphorbiaceae,"Alchornea brittonii"
Equisetopsida,Santalales,Loranthaceae,"Passovia pedunculata"
Equisetopsida,Sapindales,Sapindaceae,"Matayba inelegans"
Equisetopsida,Gentianales,Apocynaceae,"Lacmellea peruviana"
Equisetopsida,Gentianales,Apocynaceae,"Lacmellea ramosissima"
Equisetopsida,Polypodiales,Aspleniaceae,"Asplenium angustum"
Equisetopsida,Laurales,Lauraceae,"Nectandra lineatifolia"
Equisetopsida,Polypodiales,Aspleniaceae,"Asplenium alatum"
Equisetopsida,Rosales,Moraceae,"Ficus citrifolia"
Equisetopsida,Santalales,Loranthaceae,"Passovia pyrifolia"
Equisetopsida,Sapindales,Sapindaceae,"Matayba peruviana"
Equisetopsida,Malpighiales,Ochnaceae,"Lacunaria macrostachya"
Equisetopsida,Polypodiales,Polypodiaceae,"Microgramma dictyophylla"
Equisetopsida,Gentianales,Rubiaceae,"Ladenbergia acutifolia"
Equisetopsida,Gentianales,Apocynaceae,"Aspidosperma spruceanum"
Equisetopsida,Rosales,Moraceae,"Ficus caballina"
Equisetopsida,Asparagales,Orchidaceae,"Cyrtochilum ligulatum"
Equisetopsida,Polypodiales,Polypodiaceae,"Serpocaulon loriceum"
Equisetopsida,Gentianales,Rubiaceae,"Ladenbergia amazonensis"
Equisetopsida,Sapindales,Sapindaceae,"Matayba purgans"
Aves,Coraciiformes,Alcedinidae,"Chloroceryle amazona"
Equisetopsida,Rosales,Moraceae,"Ficus aripuanensis"
Equisetopsida,Gentianales,Apocynaceae,"Aspidosperma schultesii"
Equisetopsida,Rosales,Moraceae,"Ficus americana subsp. subapiculata"
Equisetopsida,Rosales,Moraceae,"Ficus americana subsp. guianensis"
Equisetopsida,Gentianales,Rubiaceae,"Ladenbergia discolor"
Equisetopsida,Gentianales,Apocynaceae,"Aspidosperma rigidum"
Equisetopsida,Santalales,Loranthaceae,"Psittacanthus acinarius"
Equisetopsida,Rosales,Moraceae,"Ficus americana subsp. andicola"
Equisetopsida,Gentianales,Rubiaceae,"Ladenbergia graciliflora"
Equisetopsida,Polypodiales,Polypodiaceae,"Microgramma bifrons"
Equisetopsida,Polypodiales,Dryopteridaceae,"Elaphoglossum moorei"
Equisetopsida,Laurales,Lauraceae,"Nectandra laurel"
Equisetopsida,Rosales,Moraceae,"Ficus americana"
Equisetopsida,Gentianales,Apocynaceae,"Matelea rivularis"
Equisetopsida,Gentianales,Rubiaceae,"Ladenbergia klugii"
Equisetopsida,Polypodiales,Polypodiaceae,"Serpocaulon sessilifolium"
Aves,Coraciiformes,Alcedinidae,"Chloroceryle americana"
Equisetopsida,Ericales,Primulaceae,"Cybianthus peruvianus"
Equisetopsida,Cucurbitales,Cucurbitaceae,"Fevillea cordifolia"
Equisetopsida,Asparagales,Orchidaceae,"Psilochilus macrophyllus"
Equisetopsida,Polypodiales,Pteridaceae,"Adiantum scalare"
Equisetopsida,Gentianales,Apocynaceae,"Aspidosperma macrocarpon"
Equisetopsida,Gentianales,Apocynaceae,"Aspidosperma excelsum"
Equisetopsida,Cucurbitales,Cucurbitaceae,"Psiguria triphylla"
Equisetopsida,Gentianales,Rubiaceae,"Ladenbergia oblongifolia"
Actinopterygii,Characiformes,Characidae,"Moenkhausia simulata"
Equisetopsida,Myrtales,Melastomataceae,"Miconia elata"
Equisetopsida,Rosales,Moraceae,"Morus insignis"
Equisetopsida,Asterales,Asteraceae,"Mikania vitifolia"
Equisetopsida,Myrtales,Myrtaceae,"Psidium rutidocarpum"
Aves,Passeriformes,Thraupidae,"Chlorochrysa calliparaea"
Equisetopsida,Myrtales,Melastomataceae,"Miconia elongata"
Equisetopsida,Ericales,Primulaceae,"Cybianthus poeppigii"
Equisetopsida,Poales,Poaceae,"Festuca procera"
Equisetopsida,Myrtales,Myrtaceae,"Psidium guajava"
Equisetopsida,Polypodiales,Polypodiaceae,"Serpocaulon triseriale"
Equisetopsida,Gentianales,Rubiaceae,"Ladenbergia riveroana"
Equisetopsida,Gentianales,Apocynaceae,"Aspidosperma desmanthum"
Equisetopsida,Myrtales,Melastomataceae,"Miconia radula"
Equisetopsida,Asparagales,Orchidaceae,"Aspidogyne stigmatoptera"
Equisetopsida,Myrtales,Myrtaceae,"Psidium acutangulum"
Aves,Passeriformes,Thraupidae,"Chlorophanes spiza"
Aves,Passeriformes,Tyrannidae,"Serpophaga cinerea"
Equisetopsida,Polypodiales,Dryopteridaceae,"Elaphoglossum metallicum"
Equisetopsida,Laurales,Lauraceae,"Nectandra hihua"
Actinopterygii,Beloniformes,Belonidae,"Pseudotylosurus angusticeps"
Equisetopsida,Gentianales,Rubiaceae,"Agouticarpa isernii"
Equisetopsida,Ericales,Sapotaceae,"Micropholis venulosa"
Aves,Columbiformes,Columbidae,"Patagioenas fasciata"
Aves,Passeriformes,Tyrannidae,"Pseudotriccus ruficeps"
Equisetopsida,Asparagales,Orchidaceae,"Microchilus vesicifer"
Equisetopsida,Malpighiales,Salicaceae,"Laetia corymbulosa"
Aves,Passeriformes,Thraupidae,"Asemospiza obscura"
Equisetopsida,Malvales,Malvaceae,"Matisia cordata"
Equisetopsida,Malpighiales,Salicaceae,"Laetia procera"
Aves,Passeriformes,Fringillidae,"Chlorophonia cyanea"
Equisetopsida,Fabales,Polygalaceae,"Asemeia acuminata"
Equisetopsida,Laurales,Lauraceae,"Nectandra cuspidata"
Actinopterygii,Characiformes,Characidae,"Serrapinnus heterodon"
Aves,Passeriformes,Pipridae,"Chloropipo unicolor"
Equisetopsida,Laurales,Lauraceae,"Nectandra cuneatocordata"
Equisetopsida,Poales,Poaceae,"Arundinella berteroniana"
Equisetopsida,Asparagales,Orchidaceae,"Arundina graminifolia"
Aves,Passeriformes,Thraupidae,"Chlorornis riefferii"
Aves,Passeriformes,Thraupidae,"Pseudospingus xanthophthalmus"
Equisetopsida,Malpighiales,Euphorbiaceae,"Croton lechleri"
Aves,Passeriformes,Passerellidae,"Chlorospingus flavigularis"
Equisetopsida,Laurales,Lauraceae,"Nectandra cissiflora"
Mammalia,Chiroptera,Phyllostomidae,"Artibeus planirostris"
Equisetopsida,Malvales,Malvaceae,"Matisia malacocalyx"
Equisetopsida,Malvales,Malvaceae,"Sterculia apeibophylla"
Actinopterygii,Characiformes,Serrasalmidae,"Serrasalmus rhombeus"
Equisetopsida,Asparagales,Orchidaceae,"Fernandezia subbiflora"
Mammalia,Primates,Atelidae,"Lagothrix lagothricha"
Insecta,Lepidoptera,Nymphalidae,"Morpho helenor"
Equisetopsida,Malpighiales,Euphorbiaceae,"Pseudosenefeldera inclinata"
Equisetopsida,Asparagales,Orchidaceae,"Fernandezia stuebelii"
Equisetopsida,Asparagales,Orchidaceae,"Fernandezia pectinata"
Equisetopsida,Laurales,Lauraceae,"Nectandra acutifolia"
Equisetopsida,Malpighiales,Euphorbiaceae,"Nealchornea yapurensis"
Equisetopsida,Asparagales,Orchidaceae,"Fernandezia ionanthera"
Aves,Passeriformes,Passerellidae,"Chlorospingus flavopectus"
Equisetopsida,Lamiales,Gesneriaceae,"Drymonia coccinea"
Aves,Passeriformes,Passerellidae,"Chlorospingus parvirostris"
Equisetopsida,Asparagales,Orchidaceae,"Fernandezia distichoides"
Mammalia,Rodentia,Dinomyidae,"Dinomys branickii"
Equisetopsida,Malpighiales,Euphorbiaceae,"Croton pachypodus"
Equisetopsida,Myrtales,Melastomataceae,"Miconia eriocalyx"
Mammalia,Chiroptera,Phyllostomidae,"Artibeus lituratus"
Equisetopsida,Asparagales,Orchidaceae,"Fernandezia crystallina"
Aves,Apodiformes,Trochilidae,"Chlorostilbon mellisugus"
Mammalia,Chiroptera,Phyllostomidae,"Artibeus glaucus"
Aves,Passeriformes,Troglodytidae,"Microcerculus marginatus"
Equisetopsida,Poales,Poaceae,"Setaria parviflora"
Equisetopsida,Polypodiales,Dryopteridaceae,"Elaphoglossum mathewsii"
Equisetopsida,Polypodiales,Dryopteridaceae,"Elaphoglossum luridum"
Equisetopsida,Lamiales,Gesneriaceae,"Nautilocalyx bullatus"
Equisetopsida,Rosales,Moraceae,"Naucleopsis ulei subsp. subandina"
Equisetopsida,Gentianales,Rubiaceae,"Ferdinandusa loretensis"
Aves,Columbiformes,Columbidae,"Patagioenas plumbea"
Equisetopsida,Gentianales,Rubiaceae,"Ferdinandusa chlorantha"
Aves,Passeriformes,Thraupidae,"Lanio versicolor"
Aves,Passeriformes,Cardinalidae,"Chlorothraupis carmioli"
Actinopterygii,Siluriformes,Loricariidae,"Farlowella smithi"
Actinopterygii,Siluriformes,Loricariidae,"Farlowella oxyrryncha"
Mammalia,Chiroptera,Phyllostomidae,"Artibeus cinereus"
Equisetopsida,Gentianales,Rubiaceae,"Faramea vasquezii"
Equisetopsida,Polypodiales,Dryopteridaceae,"Elaphoglossum lloense"
Equisetopsida,Gentianales,Rubiaceae,"Faramea uniflora"
Equisetopsida,Gentianales,Rubiaceae,"Faramea torquata"
Equisetopsida,Asparagales,Orchidaceae,"Lankesterella orthantha"
Equisetopsida,Rosales,Moraceae,"Naucleopsis ulei"
Equisetopsida,Polypodiales,Dryopteridaceae,"Elaphoglossum lingua"
Equisetopsida,Gentianales,Rubiaceae,"Faramea spathacea"
Equisetopsida,Gentianales,Rubiaceae,"Faramea quinqueflora"
Equisetopsida,Gentianales,Rubiaceae,"Faramea occidentalis"
Equisetopsida,Gentianales,Rubiaceae,"Faramea oblongifolia"
Actinopterygii,Siluriformes,Pimelodidae,"Pseudoplatystoma tigrinum"
Equisetopsida,Rosales,Moraceae,"Naucleopsis krukovii"
Equisetopsida,Malpighiales,Euphorbiaceae,"Croton rimbachii"
Equisetopsida,Gentianales,Rubiaceae,"Faramea multiflora"
Equisetopsida,Gentianales,Rubiaceae,"Faramea miconioides"
Equisetopsida,Myrtales,Melastomataceae,"Arthrostemma ciliatum"
Equisetopsida,Gentianales,Rubiaceae,"Faramea jasminoides"
Equisetopsida,Santalales,Olacaceae,"Minquartia guianensis"
Aves,Columbiformes,Columbidae,"Patagioenas subvinacea"
Equisetopsida,Fabales,Fabaceae,"Pseudopiptadenia suaveolens"
Equisetopsida,Sapindales,Anacardiaceae,"Mauria denticulata"
Equisetopsida,Gentianales,Rubiaceae,"Chomelia paniculata"
Equisetopsida,Rosales,Moraceae,"Naucleopsis glabra"
Equisetopsida,Gentianales,Rubiaceae,"Chomelia tenuiflora"
Equisetopsida,Gentianales,Rubiaceae,"Faramea capillipes"
Aves,Passeriformes,Passerellidae,"Arremon torquatus"
Equisetopsida,Podocarpales,Podocarpaceae,"Podocarpus oleifolius"
Equisetopsida,Gentianales,Rubiaceae,"Faramea candelabrum"
Mammalia,Rodentia,Cricetidae,"Microryzomys minutus"
Aves,Piciformes,Picidae,"Picumnus lafresnayi"
Aves,Accipitriformes,Accipitridae,"Chondrohierax uncinatus"
Mammalia,Carnivora,Procyonidae,"Nasua nasua"
Equisetopsida,Gentianales,Rubiaceae,"Faramea bangii"
Equisetopsida,Sapindales,Anacardiaceae,"Mauria heterophylla"
Aves,Passeriformes,Tyrannidae,"Mecocerculus stictopterus"
Equisetopsida,Gentianales,Rubiaceae,"Faramea anisocalyx"
Equisetopsida,Malpighiales,Euphorbiaceae,"Croton schiedeanus"
Equisetopsida,Brassicales,Brassicaceae,"Nasturtium officinale"
Aves,Passeriformes,Passerellidae,"Arremon brunneinucha"
Equisetopsida,Poales,Poaceae,"Lasiacis ligulata"
Aves,Passeriformes,Polioptilidae,"Microbates cinereiventris"
Aves,Passeriformes,Parulidae,"Setophaga pitiayumi"
Insecta,Lepidoptera,Nymphalidae,"Pierella lamia"
Equisetopsida,Malpighiales,Euphorbiaceae,"Croton tessmannii"
Equisetopsida,Polypodiales,Dryopteridaceae,"Elaphoglossum latifolium"
Equisetopsida,Poales,Poaceae,"Lasiacis maculata"
Equisetopsida,Magnoliales,Annonaceae,"Pseudomalmea diclina"
Insecta,Lepidoptera,Nymphalidae,"Morpho deidamia"
Equisetopsida,Asparagales,Orchidaceae,"Diodonopsis anachaeta"
Equisetopsida,Myrtales,Melastomataceae,"Miconia flaccida"
Equisetopsida,Sapindales,Sapindaceae,"Paullinia alata"
Equisetopsida,Rosales,Moraceae,"Pseudolmedia rigida"
Equisetopsida,Myrtales,Melastomataceae,"Miconia punctata"
Insecta,Lepidoptera,Nymphalidae,"Memphis glauce"
Insecta,Lepidoptera,Nymphalidae,"Morpho cisseis jeannoti"
Insecta,Lepidoptera,Riodinidae,"Chorinea octauius"
Equisetopsida,Rosales,Moraceae,"Pseudolmedia macrophylla"
Equisetopsida,Myrtales,Melastomataceae,"Miconia florbella"
Equisetopsida,Sapindales,Sapindaceae,"Paullinia bracteosa"
Mammalia,Rodentia,Sciuridae,"Microsciurus flaviventer"
Equisetopsida,Piperales,Aristolochiaceae,"Aristolochia cauliflora"
Aves,Falconiformes,Falconidae,"Falco rufigularis"
Equisetopsida,Rosales,Moraceae,"Pseudolmedia laevis"
Equisetopsida,Sapindales,Sapindaceae,"Paullinia hemiptera"
Insecta,Lepidoptera,Riodinidae,"Mesosemia philocles"
Aves,Charadriiformes,Laridae,"Chroicocephalus serranus"
Equisetopsida,Podocarpales,Podocarpaceae,"Podocarpus celatus"
Equisetopsida,Rosales,Moraceae,"Pseudolmedia laevigata"
Aves,Passeriformes,Tyrannidae,"Mecocerculus poecilocercus"
Equisetopsida,Asparagales,Orchidaceae,"Maxillaria acuminata"
Aves,Cuculiformes,Cuculidae,"Crotophaga ani"
Equisetopsida,Asterales,Asteraceae,"Aristeguietia discolor"
Equisetopsida,Polypodiales,Dryopteridaceae,"Elaphoglossum guamanianum"
Aves,Passeriformes,Tyrannidae,"Lathrotriccus euleri"
Equisetopsida,Asparagales,Orchidaceae,"Maxillaria xantholeuca"
Mammalia,Chiroptera,Phyllostomidae,"Chrotopterus auritus"
Equisetopsida,Asterales,Asteraceae,"Pseudognaphalium elegans"
Equisetopsida,Polypodiales,Dryopteridaceae,"Elaphoglossum eximium"
Aves,Passeriformes,Thraupidae,"Microspingus trifasciatus"
Aves,Falconiformes,Falconidae,"Micrastur ruficollis"
Equisetopsida,Fabales,Fabaceae,"Lecointea amazonica"
Equisetopsida,Asparagales,Orchidaceae,"Maxillaria aggregata"
Equisetopsida,Malpighiales,Clusiaceae,"Chrysochlamys membranacea"
Insecta,Hymenoptera,Ichneumonidae,"Exochus izbus"
Equisetopsida,Asparagales,Orchidaceae,"Maxillaria albiflora"
Equisetopsida,Myrtales,Melastomataceae,"Miconia floribunda"
Equisetopsida,Malpighiales,Clusiaceae,"Chrysochlamys weberbaueri"
Equisetopsida,Asparagales,Orchidaceae,"Maxillaria alpestris"
Equisetopsida,Caryophyllales,Caryophyllaceae,"Arenaria lanuginosa"
Actinopterygii,Siluriformes,Pimelodidae,"Pimelodus ornatus"
Equisetopsida,Myrtales,Melastomataceae,"Miconia formicoheterophylla"
Equisetopsida,Pandanales,Cyclanthaceae,"Evodianthus funifer subsp. funifer"
Equisetopsida,Asparagales,Orchidaceae,"Maxillaria alticola"
Equisetopsida,Ericales,Sapotaceae,"Chrysophyllum amazonicum"
Equisetopsida,Ericales,Sapotaceae,"Chrysophyllum argenteum"
Equisetopsida,Asterales,Asteraceae,"Pseudognaphalium attenuatum"
Equisetopsida,Polypodiales,Dryopteridaceae,"Elaphoglossum erinaceum"
Equisetopsida,Asparagales,Orchidaceae,"Maxillaria aurea"
Equisetopsida,Polypodiales,Dryopteridaceae,"Elaphoglossum engelii"
Equisetopsida,Asparagales,Orchidaceae,"Maxillaria bicallosa"
Equisetopsida,Ericales,Sapotaceae,"Chrysophyllum manaosense"
Equisetopsida,Ericales,Sapotaceae,"Chrysophyllum ovale"
Insecta,Lepidoptera,Nymphalidae,"Pseudodebis marpessa"
Equisetopsida,Ericales,Sapotaceae,"Chrysophyllum pomiferum"
Equisetopsida,Malpighiales,Euphorbiaceae,"Alchornea acutifolia"
Equisetopsida,Ericales,Sapotaceae,"Chrysophyllum prieurii"
Reptilia,Serpentes,Elapidae,"Micrurus annellatus"
Equisetopsida,Ericales,Sapotaceae,"Chrysophyllum sanguinolentum"
Aves,Passeriformes,Tyrannidae,"Legatus leucophaius"
Aves,Passeriformes,Tyrannidae,"Pseudocolopteryx acutipennis"
Equisetopsida,Ericales,Sapotaceae,"Chrysophyllum venezuelanense"
Reptilia,Serpentes,Colubridae,"Drymoluber dichrous"
Equisetopsida,Asparagales,Orchidaceae,"Maxillaria bicentenaria"
Equisetopsida,Polypodiales,Dryopteridaceae,"Elaphoglossum concinnum"
Equisetopsida,Ericales,Primulaceae,"Ardisia loretensis"
Aves,Apodiformes,Trochilidae,"Eutoxeres condamini"
Aves,Passeriformes,Furnariidae,"Pseudocolaptes boissonneautii"
Aves,Apodiformes,Trochilidae,"Chrysuronia oenone"
Equisetopsida,Lamiales,Gesneriaceae,"Pearcea purpurea"
Equisetopsida,Asparagales,Orchidaceae,"Pseudocentrum sylvicola"
Equisetopsida,Asparagales,Orchidaceae,"Pseudocentrum bursarium"
Equisetopsida,Lamiales,Gesneriaceae,"Pearcea sprucei"
Equisetopsida,Asparagales,Orchidaceae,"Maxillaria bocazensis"
Equisetopsida,Lamiales,Gesneriaceae,"Pearcea strigosa"
Equisetopsida,Zingiberales,Marantaceae,"Monotagma laxum"
Equisetopsida,Asparagales,Orchidaceae,"Maxillaria brevifolia"
Aves,Pelecaniformes,Ardeidae,"Ardea cocoi"
Equisetopsida,Asparagales,Orchidaceae,"Maxillaria camaridii"
Equisetopsida,Asparagales,Orchidaceae,"Maxillaria carinulata"
Equisetopsida,Asterales,Asteraceae,"Sigesbeckia jorullensis"
Equisetopsida,Poales,Poaceae,"Chusquea scandens"
Equisetopsida,Asparagales,Orchidaceae,"Maxillaria cassapensis"
Equisetopsida,Malpighiales,Violaceae,"Leonia crassa"
Equisetopsida,Sapindales,Simaroubaceae,"Simaba guianensis"
Equisetopsida,Poales,Poaceae,"Chusquea tarmensis"
Equisetopsida,Sapindales,Simaroubaceae,"Simaba polyphylla"
Equisetopsida,Malpighiales,Violaceae,"Leonia cymosa"
Equisetopsida,Gentianales,Rubiaceae,"Arcytophyllum thymifolium"
Aves,Strigiformes,Strigidae,"Ciccaba albitarsis"
Equisetopsida,Malpighiales,Violaceae,"Leonia glycycarpa"
Equisetopsida,Sapindales,Simaroubaceae,"Simarouba amara"
Equisetopsida,Arecales,Arecaceae,"Euterpe precatoria"
Equisetopsida,Malpighiales,Violaceae,"Leonia racemosa"
Insecta,Lepidoptera,Nymphalidae,"Archaeoprepona demophon"
Equisetopsida,Brassicales,Capparaceae,"Morisonia sola"
Equisetopsida,Polypodiales,Polypodiaceae,"Pecluma venturii"
Equisetopsida,Gentianales,Rubiaceae,"Simira rubescens"
Equisetopsida,Asparagales,Orchidaceae,"Maxillaria cordyline"
Equisetopsida,Gentianales,Rubiaceae,"Simira tinctoria"
Equisetopsida,Podocarpales,Podocarpaceae,"Pectinopitys harmsiana"
Reptilia,Sauria,Gymnophthalmidae,"Euspondylus spinalis"
Equisetopsida,Asparagales,Orchidaceae,"Maxillaria cryptobulbon"
Insecta,Lepidoptera,Riodinidae,"Euselasia zena"
Equisetopsida,Asparagales,Orchidaceae,"Maxillaria cuzcoensis"
Equisetopsida,Polypodiales,Dryopteridaceae,"Elaphoglossum andicola"
Equisetopsida,Brassicales,Capparaceae,"Morisonia pittieri"
Equisetopsida,Asparagales,Orchidaceae,"Maxillaria deuteropastensis"
Equisetopsida,Asparagales,Orchidaceae,"Cyrtochilum cimiciferum"
Equisetopsida,Asparagales,Orchidaceae,"Maxillaria discolor"
Aves,Passeriformes,Tyrannidae,"Mecocerculus leucophrys"
Actinopterygii,Cichliformes,Cichlidae,"Cichlasoma amazonarum"
Equisetopsida,Asparagales,Orchidaceae,"Maxillaria edwardsii"
Equisetopsida,Aquifoliales,Stemonuraceae,"Discophora guianensis"
Insecta,Lepidoptera,Nymphalidae,"Pedaliodes misericordiosa"
Equisetopsida,Asparagales,Orchidaceae,"Maxillaria egertoniana"
Equisetopsida,Asparagales,Orchidaceae,"Stelis scabrata"
Mammalia,Carnivora,Felidae,"Leopardus pardalis"
Aves,Accipitriformes,Accipitridae,"Elanoides forficatus"
Equisetopsida,Gentianales,Rubiaceae,"Cinchona calisaya"
Equisetopsida,Asparagales,Orchidaceae,"Maxillaria violaceopunctata"
Equisetopsida,Myrtales,Melastomataceae,"Miconia weberbaueri"
Equisetopsida,Gentianales,Rubiaceae,"Cinchona fruticosa"
Aves,Psittaciformes,Psittacidae,"Ara severus"
Equisetopsida,Gentianales,Rubiaceae,"Cinchona hirsuta"
Equisetopsida,Gentianales,Rubiaceae,"Cinchona krauseana"
Aves,Passeriformes,Pipridae,"Cryptopipo holochlora"
Mammalia,Chiroptera,Phyllostomidae,"Platyrrhinus masu"
Equisetopsida,Myrtales,Myrtaceae,"Myrteola phylicoides"
Equisetopsida,Asparagales,Orchidaceae,"Maxillaria elegantula"
Equisetopsida,Asparagales,Orchidaceae,"Maxillaria exaltata"
Insecta,Lepidoptera,Nymphalidae,"Adelpha boeotia boeotia"
Mammalia,Carnivora,Felidae,"Leopardus tigrinus"
Equisetopsida,Gentianales,Rubiaceae,"Cinchona officinalis"
Equisetopsida,Malpighiales,Euphorbiaceae,"Acalypha diversifolia"
Equisetopsida,Laurales,Siparunaceae,"Siparuna aspera"
Aves,Passeriformes,Thamnophilidae,"Phlegopsis nigromaculata"
Mammalia,Carnivora,Felidae,"Leopardus wiedii"
Equisetopsida,Laurales,Siparunaceae,"Siparuna bifida"
Aves,Passeriformes,Tyrannidae,"Elaenia parvirostris"
Equisetopsida,Pandanales,Cyclanthaceae,"Cyclanthus bipartitus"
Equisetopsida,Gentianales,Rubiaceae,"Cinchona pubescens"
Insecta,Lepidoptera,Nymphalidae,"Memphis morvus morvus"
Aves,Passeriformes,Tyrannidae,"Elaenia pallatangae"
Equisetopsida,Gentianales,Rubiaceae,"Cinchonopsis amazonica"
Equisetopsida,Ericales,Primulaceae,"Myrsine pellucida"
Equisetopsida,Asparagales,Orchidaceae,"Lepanthes aculeata"
Aves,Passeriformes,Icteridae,"Psarocolius decumanus"
Equisetopsida,Asparagales,Orchidaceae,"Maxillaria floribunda"
Equisetopsida,Brassicales,Capparaceae,"Morisonia petiolaris"
Equisetopsida,Asparagales,Orchidaceae,"Lepanthes alticola"
Equisetopsida,Asparagales,Orchidaceae,"Lepanthes amphioxa"
Equisetopsida,Asparagales,Orchidaceae,"Lepanthes auriculata"
Insecta,Lepidoptera,Nymphalidae,"Dione juno"
Equisetopsida,Asparagales,Orchidaceae,"Lepanthes brachypogon"
Equisetopsida,Solanales,Solanaceae,"Darcyanthus spruceanus"
Equisetopsida,Asparagales,Orchidaceae,"Lepanthes calyptrata"
Equisetopsida,Asparagales,Orchidaceae,"Lepanthes caudatisepala"
Aves,Passeriformes,Icteridae,"Psarocolius bifasciatus"
Aves,Passeriformes,Icteridae,"Psarocolius atrovirens"
Equisetopsida,Asparagales,Orchidaceae,"Maxillaria frechettei"
Insecta,Lepidoptera,Papilionidae,"Eurytides serville"
Aves,Passeriformes,Tyrannidae,"Elaenia obscura"
Equisetopsida,Ericales,Primulaceae,"Myrsine oligophylla"
Equisetopsida,Myrtales,Melastomataceae,"Miconia valenzuelana"
Equisetopsida,Myrtales,Melastomataceae,"Miconia triplinervis"
Equisetopsida,Malvales,Malvaceae,"Mollia gracilis"
Equisetopsida,Asparagales,Orchidaceae,"Lepanthes chorista"
Equisetopsida,Lamiales,Lamiaceae,"Peltanthera floribunda"
Equisetopsida,Brassicales,Capparaceae,"Morisonia osmantha"
Insecta,Lepidoptera,Hesperiidae,"Phocides metrodorus"
Equisetopsida,Asparagales,Orchidaceae,"Maxillaria graminifolia"
Equisetopsida,Asparagales,Orchidaceae,"Pendusalpinx berlineri"
Aves,Passeriformes,Icteridae,"Psarocolius angustifrons"
Equisetopsida,Laurales,Siparunaceae,"Siparuna cristata"
Equisetopsida,Asparagales,Orchidaceae,"Lepanthes cloesii"
Equisetopsida,Asparagales,Orchidaceae,"Lepanthes ctenophora"
Equisetopsida,Zingiberales,Marantaceae,"Monotagma plurispicatum"
Equisetopsida,Asparagales,Orchidaceae,"Lepanthes falcata"
Equisetopsida,Polypodiales,Pteridaceae,"Adiantum pulverulentum"
Aves,Passeriformes,Cinclidae,"Cinclus leucocephalus"
Equisetopsida,Asparagales,Orchidaceae,"Lepanthes gnoma"
Mammalia,Rodentia,Cricetidae,"Euryoryzomys nitidus"
Equisetopsida,Laurales,Siparunaceae,"Siparuna cuspidata"
Equisetopsida,Asparagales,Orchidaceae,"Lepanthes helcium"
Equisetopsida,Asterales,Asteraceae,"Mikania banisteriae"
Equisetopsida,Asparagales,Orchidaceae,"Lepanthes ilensis"
Equisetopsida,Asparagales,Orchidaceae,"Lepanthes incisa"
Equisetopsida,Asparagales,Orchidaceae,"Lepanthes ionoptera"
Equisetopsida,Picramniales,Picramniaceae,"Picramnia sellowii"
Equisetopsida,Asparagales,Orchidaceae,"Lepanthes mucronata"
Equisetopsida,Ericales,Ericaceae,"Psammisia ulbrichiana"
Mammalia,Rodentia,Cricetidae,"Euryoryzomys macconnelli"
Aves,Galliformes,Cracidae,"Penelope jacquacu"
Equisetopsida,Asterales,Asteraceae,"Diplostephium sagasteguii"
Aves,Passeriformes,Tyrannidae,"Elaenia chiriquensis"
Equisetopsida,Laurales,Siparunaceae,"Siparuna decipiens"
Equisetopsida,Ericales,Primulaceae,"Myrsine latifolia"
Equisetopsida,Asparagales,Orchidaceae,"Lepanthes nontecta"
Equisetopsida,Asparagales,Orchidaceae,"Maxillaria haemathodes"
Equisetopsida,Asparagales,Orchidaceae,"Lepanthes nycteris"
Equisetopsida,Ericales,Ericaceae,"Psammisia coarctata"
Equisetopsida,Asparagales,Orchidaceae,"Lepanthes orchestris"
Equisetopsida,Asparagales,Orchidaceae,"Lepanthes oxapampaensis"
Equisetopsida,Asparagales,Orchidaceae,"Maxillaria hastulata"
Equisetopsida,Poales,Poaceae,"Cinnagrostis macrophylla"
Equisetopsida,Asparagales,Orchidaceae,"Lepanthes pilosa"
Equisetopsida,Asparagales,Orchidaceae,"Lepanthes plumifera"
Aves,Tinamiformes,Tinamidae,"Crypturellus cinereus"
Insecta,Lepidoptera,Riodinidae,"Eurybia dardus"
Insecta,Lepidoptera,Riodinidae,"Mesosemia machaera"
Insecta,Lepidoptera,Riodinidae,"Eurybia caerulescens"
Equisetopsida,Asparagales,Orchidaceae,"Lepanthes pumila"
Equisetopsida,Poales,Poaceae,"Cinnagrostis tarmensis"
Equisetopsida,Rosales,Rosaceae,"Prunus stipulata"
Equisetopsida,Asparagales,Orchidaceae,"Lepanthes scapha"
Equisetopsida,Asparagales,Orchidaceae,"Lepanthes serriola"
Equisetopsida,Asparagales,Orchidaceae,"Lepanthes stelidipetala"
Equisetopsida,Asparagales,Orchidaceae,"Lepanthes surrogata"
Equisetopsida,Laurales,Siparunaceae,"Siparuna grandiflora"
Equisetopsida,Asparagales,Orchidaceae,"Lepanthes terborchii"
Equisetopsida,Rosales,Rosaceae,"Prunus pleiantha"
Aves,Galliformes,Cracidae,"Penelope montagnii"
Equisetopsida,Asparagales,Orchidaceae,"Lepanthes tracheia"
Equisetopsida,Rosales,Rosaceae,"Prunus integrifolia"
Equisetopsida,Asparagales,Orchidaceae,"Lepanthes urania"
Aves,Passeriformes,Troglodytidae,"Cinnycerthia peruana"
Equisetopsida,Asparagales,Orchidaceae,"Lepanthopsis farrago"
Equisetopsida,Poales,Bromeliaceae,"Cipuropsis capituligera"
Equisetopsida,Cyatheales,Metaxyaceae,"Metaxya rostrata"
Equisetopsida,Poales,Bromeliaceae,"Cipuropsis delicatula"
Insecta,Lepidoptera,Nymphalidae,"Dryas iulia"
Equisetopsida,Asparagales,Orchidaceae,"Maxillaria huancabambae"
Equisetopsida,Ericales,Primulaceae,"Myrsine dependens"
Aves,Falconiformes,Falconidae,"Daptrius ater"
Equisetopsida,Asterales,Asteraceae,"Mikania decora"
Equisetopsida,Asparagales,Orchidaceae,"Maxillaria huanucoensis"
Equisetopsida,Rosales,Rosaceae,"Prunus debilis"
Equisetopsida,Asparagales,Orchidaceae,"Maxillaria inaequisepala"
Equisetopsida,Asterales,Asteraceae,"Lepidaploa myriocephala"
Equisetopsida,Ericales,Primulaceae,"Myrsine coriacea"
Equisetopsida,Gentianales,Rubiaceae,"Elaeagia utilis"
Equisetopsida,Asterales,Asteraceae,"Mikania desmocephala"
Equisetopsida,Rosales,Rosaceae,"Prunus amplifolia"
Equisetopsida,Podocarpales,Podocarpaceae,"Prumnopitys montana"
Actinopterygii,Siluriformes,Pimelodidae,"Pimelodus blochii"
Aves,Tinamiformes,Tinamidae,"Crypturellus obsoletus"
Equisetopsida,Asparagales,Orchidaceae,"Maxillaria jacquelineana"
Equisetopsida,Myrtales,Melastomataceae,"Miconia tomentosa"
Equisetopsida,Gentianales,Rubiaceae,"Elaeagia pastoensis"
Equisetopsida,Asparagales,Orchidaceae,"Dryadella aurea"
Equisetopsida,Myrtales,Melastomataceae,"Miconia galactantha"
Aves,Tinamiformes,Tinamidae,"Crypturellus soui"
Equisetopsida,Asparagales,Orchidaceae,"Maxillaria lepidota"
Equisetopsida,Marattiales,Marattiaceae,"Eupodium laeve"
Equisetopsida,Asterales,Asteraceae,"Pentacalia oronocensis"
Insecta,Lepidoptera,Pieridae,"Phoebis philea"
Equisetopsida,Gentianales,Rubiaceae,"Elaeagia mariae"
Equisetopsida,Malvales,Malvaceae,"Mollia lepidota"
Equisetopsida,Ericales,Primulaceae,"Myrsine andina"
Equisetopsida,Laurales,Siparunaceae,"Siparuna subinodora"
Equisetopsida,Malpighiales,Euphorbiaceae,"Euphorbia poeppigii"
Equisetopsida,Laurales,Siparunaceae,"Siparuna thecaphora"
Aves,Passeriformes,Thraupidae,"Cissopis leverianus"
Equisetopsida,Sapindales,Burseraceae,"Protium tenuifolium"
Equisetopsida,Gentianales,Rubiaceae,"Pentagonia amazonica"
Equisetopsida,Asparagales,Orchidaceae,"Maxillaria longibracteata"
Equisetopsida,Rosales,Rosaceae,"Alchemilla orbiculata"
Equisetopsida,Gentianales,Rubiaceae,"Elaeagia karstenii"
Aves,Passeriformes,Furnariidae,"Lepidocolaptes fatimalimae"
Equisetopsida,Asterales,Asteraceae,"Eirmocephala megaphylla"
Equisetopsida,Gentianales,Rubiaceae,"Pentagonia spathicalyx"
Equisetopsida,Sapindales,Burseraceae,"Protium stevensonii"
Equisetopsida,Piperales,Piperaceae,"Peperomia acuminata"
Equisetopsida,Asterales,Asteraceae,"Eirmocephala cainarachiensis"
Aves,Passeriformes,Furnariidae,"Lepidocolaptes lacrymiger"
Equisetopsida,Asparagales,Orchidaceae,"Maxillaria longipes"
Equisetopsida,Asparagales,Orchidaceae,"Stelis salpingantha"
Equisetopsida,Laurales,Siparunaceae,"Siparuna tomentosa"
Equisetopsida,Laurales,Siparunaceae,"Siparuna vasqueziana"
Equisetopsida,Asterales,Asteraceae,"Mikania guaco"
Equisetopsida,Vitales,Vitaceae,"Cissus obliqua"
Equisetopsida,Vitales,Vitaceae,"Cissus peruviana"
Actinopterygii,Characiformes,Characidae,"Aphyocharax pusillus"
Actinopterygii,Characiformes,Characidae,"Aphyocharax alburnus"
Equisetopsida,Sapindales,Burseraceae,"Protium spruceanum"
Equisetopsida,Asparagales,Orchidaceae,"Maxillaria longipetala"
Equisetopsida,Vitales,Vitaceae,"Cissus trianae"
Aves,Passeriformes,Thamnophilidae,"Myrmotherula schisticolor"
Equisetopsida,Vitales,Vitaceae,"Cissus ulmifolia"
Equisetopsida,Asparagales,Orchidaceae,"Maxillaria machinazensis"
Aves,Passeriformes,Pipridae,"Lepidothrix coeruleocapilla"
Equisetopsida,Piperales,Piperaceae,"Peperomia alata"
Aves,Passeriformes,Fringillidae,"Euphonia xanthogaster"
Equisetopsida,Alismatales,Araceae,"Adelonema crinipes"
Equisetopsida,Sapindales,Burseraceae,"Protium sagotianum"
Equisetopsida,Lamiales,Acanthaceae,"Aphelandra mucronata"
Equisetopsida,Piperales,Piperaceae,"Peperomia andicola"
Aves,Passeriformes,Pipridae,"Lepidothrix coronata"
Aves,Passeriformes,Troglodytidae,"Cistothorus platensis"
Mammalia,Chiroptera,Phyllostomidae,"Platyrrhinus infuscus"
Equisetopsida,Lamiales,Acanthaceae,"Aphelandra maculata"
Actinopterygii,Characiformes,Anostomidae,"Leporellus vittatus"
Equisetopsida,Alismatales,Araceae,"Monstera adansonii"
Mammalia,Carnivora,Mustelidae,"Eira barbara"
Actinopterygii,Characiformes,Anostomidae,"Leporinus friderici"
Insecta,Lepidoptera,Nymphalidae,"Cithaerias pireta"
Aves,Passeriformes,Fringillidae,"Euphonia rufiventris"
Equisetopsida,Asparagales,Orchidaceae,"Maxillaria margretiae"
Equisetopsida,Lamiales,Acanthaceae,"Aphelandra aurantiaca"
Equisetopsida,Sapindales,Burseraceae,"Protium rhoifolium"
Actinopterygii,Characiformes,Anostomidae,"Leporinus trifasciatus"
Actinopterygii,Characiformes,Characidae,"Leptagoniates steindachneri"
Equisetopsida,Asparagales,Orchidaceae,"Cyrtochilum ionodon"
Equisetopsida,Sapindales,Burseraceae,"Protium puncticulatum"
Aves,Passeriformes,Thamnophilidae,"Myrmotherula menetriesii"
Equisetopsida,Asparagales,Orchidaceae,"Maxillaria meridensis"
Actinopterygii,Siluriformes,Loricariidae,"Aphanotorulus unicolor"
Equisetopsida,Myrtales,Melastomataceae,"Miconia theizans"
Insecta,Hymenoptera,Ichneumonidae,"Aphanistes ruthae"
Actinopterygii,Gymnotiformes,Sternopygidae,"Eigenmannia virescens"
Equisetopsida,Sapindales,Burseraceae,"Protium paniculatum"
Equisetopsida,Asterales,Asteraceae,"Mikania hookeriana"
Equisetopsida,Aquifoliales,Cardiopteridaceae,"Citronella costaricensis"
Equisetopsida,Piperales,Piperaceae,"Peperomia emarginella"
Equisetopsida,Aquifoliales,Cardiopteridaceae,"Citronella incarum"
Aves,Passeriformes,Thamnophilidae,"Myrmotherula longipennis"
Equisetopsida,Malpighiales,Chrysobalanaceae,"Leptobalanus apetalus"
Equisetopsida,Aquifoliales,Cardiopteridaceae,"Citronella melliodora"
Aves,Passeriformes,Fringillidae,"Euphonia laniirostris"
Equisetopsida,Malvales,Malvaceae,"Apeiba membranacea"
Equisetopsida,Poales,Poaceae,"Poa annua"
Equisetopsida,Malvales,Malvaceae,"Apeiba glabra"
Insecta,Lepidoptera,Nymphalidae,"Siproeta stelenes"
Equisetopsida,Malpighiales,Euphorbiaceae,"Aparisthmium cordatum"
Equisetopsida,Malvales,Malvaceae,"Sterculia apetala"
Equisetopsida,Myrtales,Melastomataceae,"Miconia theaezans"
Amphibia,Anura,Leptodactylidae,"Leptodactylus rhodonotus"
Mammalia,Primates,Cebidae,"Aotus nigriceps"
Aves,Passeriformes,Thamnophilidae,"Myrmotherula brachyura"
Equisetopsida,Arecales,Arecaceae,"Pholidostachys synanthera"
Equisetopsida,Sapindales,Burseraceae,"Protium klugii"
Equisetopsida,Asterales,Asteraceae,"Mikania juninensis"
Equisetopsida,Asparagales,Orchidaceae,"Maxillaria notylioglossa"
Equisetopsida,Myrtales,Melastomataceae,"Miconia terera"
Equisetopsida,Arecales,Arecaceae,"Pholidostachys synanthera subsp. synanthera"
Equisetopsida,Asparagales,Orchidaceae,"Maxillaria nubigena"
Aves,Passeriformes,Tyrannidae,"Leptopogon superciliaris"
Equisetopsida,Rosales,Moraceae,"Clarisia biflora"
Equisetopsida,Alismatales,Araceae,"Adelonema picturatum"
Equisetopsida,Asterales,Asteraceae,"Mikania micrantha"
Aves,Passeriformes,Tyrannidae,"Leptopogon taczanowskii"
Equisetopsida,Asparagales,Orchidaceae,"Maxillaria nutans"
Equisetopsida,Myrtales,Melastomataceae,"Miconia piperilamina"
Equisetopsida,Piperales,Piperaceae,"Peperomia lancifolia"
Equisetopsida,Santalales,Santalaceae,"Phoradendron chrysocladon"
Equisetopsida,Fabales,Fabaceae,"Diplotropis purpurea"
Equisetopsida,Asparagales,Orchidaceae,"Maxillaria ochroleuca"
Equisetopsida,Myrtales,Melastomataceae,"Miconia sulcicaulis"
Equisetopsida,Caryophyllales,Phytolaccaceae,"Phytolacca rivinoides"
Equisetopsida,Rosales,Moraceae,"Clarisia racemosa"
Equisetopsida,Myrtales,Melastomataceae,"Miconia subandicola"
Aves,Passeriformes,Grallariidae,"Myrmothera campanisona"
Equisetopsida,Piperales,Piperaceae,"Peperomia macrostachya"
Equisetopsida,Asparagales,Orchidaceae,"Maxillaria oxapampensis"
Equisetopsida,Asparagales,Orchidaceae,"Maxillaria pacholskii"
Equisetopsida,Ericales,Primulaceae,"Clavija longifolia"
Equisetopsida,Santalales,Santalaceae,"Antidaphne andina"
Equisetopsida,Ericales,Primulaceae,"Clavija macrocarpa"
Aves,Columbiformes,Columbidae,"Leptotila rufaxilla"
Insecta,Lepidoptera,Nymphalidae,"Pierella hortona hortona"
Equisetopsida,Alismatales,Araceae,"Monstera adansonii var. Laniata"
Aves,Passeriformes,Thraupidae,"Dacnis cayana"
Equisetopsida,Oxalidales,Elaeocarpaceae,"Sloanea brevipes"
Equisetopsida,Sapindales,Burseraceae,"Protium excelsior"
Actinopterygii,Siluriformes,Heptapteridae,"Pimelodella gracilis"
Equisetopsida,Oxalidales,Elaeocarpaceae,"Sloanea eichleri"
Equisetopsida,Ericales,Primulaceae,"Clavija weberbaueri"
Equisetopsida,Myrtales,Melastomataceae,"Miconia inusitata"
Equisetopsida,Polypodiales,Dryopteridaceae,"Ctenitis ampla"
Equisetopsida,Asterales,Asteraceae,"Acmella ciliata"
Aves,Passeriformes,Motacillidae,"Anthus bogotensis"
Equisetopsida,Sapindales,Burseraceae,"Protium divaricatum subsp. krukoffii"
Equisetopsida,Myrtales,Melastomataceae,"Miconia stelligera"
Equisetopsida,Gentianales,Rubiaceae,"Eumachia haematocarpa"
Equisetopsida,Asparagales,Orchidaceae,"Phragmipedium boissierianum"
Equisetopsida,Piperales,Piperaceae,"Peperomia microphylla"
Equisetopsida,Gentianales,Rubiaceae,"Eumachia cephalantha"
Reptilia,Serpentes,Dipsadidae,"Clelia clelia"
Equisetopsida,Sapindales,Burseraceae,"Protium divaricatum"
Aves,Passeriformes,Tyrannidae,"Pitangus lictor"
Equisetopsida,Gentianales,Rubiaceae,"Eumachia boliviana"
Equisetopsida,Asparagales,Orchidaceae,"Maxillaria pendula"
Equisetopsida,Oxalidales,Elaeocarpaceae,"Sloanea floribunda"
Equisetopsida,Gentianales,Rubiaceae,"Eumachia albert-smithii"
Equisetopsida,Sapindales,Burseraceae,"Protium crassipetalum"
Aves,Passeriformes,Thamnophilidae,"Myrmoborus myotherinus"
Equisetopsida,Brassicales,Cleomaceae,"Cleome hispidula"
Actinopterygii,Characiformes,Characidae,"Ctenobrycon hauxwellianus"
Equisetopsida,Asterales,Asteraceae,"Mikania parviflora"
Equisetopsida,Brassicales,Cleomaceae,"Cleome lechleri"
Equisetopsida,Marattiales,Marattiaceae,"Danaea vivax"
Equisetopsida,Asparagales,Orchidaceae,"Maxillaria perryae"
Equisetopsida,Alismatales,Araceae,"Anthurium truncicola"
Equisetopsida,Asparagales,Orchidaceae,"Phragmipedium caudatum"
Equisetopsida,Alismatales,Araceae,"Anthurium triphyllum"
Reptilia,Serpentes,Dipsadidae,"Dipsas catesbyi"
Equisetopsida,Sapindales,Burseraceae,"Protium aracouchini"
Equisetopsida,Alismatales,Araceae,"Anthurium trinervium"
Equisetopsida,Asparagales,Orchidaceae,"Maxillaria peruviana"
Equisetopsida,Polypodiales,Dryopteridaceae,"Cyclodium meniscioides"
Aves,Passeriformes,Thamnophilidae,"Myrmoborus leucophrys"
Equisetopsida,Alismatales,Araceae,"Anthurium scandens subsp. scandens"
Equisetopsida,Ericales,Clethraceae,"Clethra obovata"
Equisetopsida,Alismatales,Araceae,"Anthurium scandens"
Equisetopsida,Ericales,Ebenaceae,"Diospyros capreaefolia"
Equisetopsida,Oxalidales,Elaeocarpaceae,"Sloanea fragrans"
Equisetopsida,Ericales,Clethraceae,"Clethra pedicellaris"
Equisetopsida,Piperales,Piperaceae,"Peperomia serpens"
Equisetopsida,Alismatales,Araceae,"Anthurium paraguayense"
Equisetopsida,Fagales,Myricaceae,"Morella pubescens"
Equisetopsida,Ericales,Clethraceae,"Clethra revoluta"
Equisetopsida,Alismatales,Araceae,"Anthurium pachylaminum"
Aves,Passeriformes,Thamnophilidae,"Myrmelastes leucostigma"
Equisetopsida,Alismatales,Araceae,"Anthurium oxycarpum"
Equisetopsida,Asterales,Asteraceae,"Clibadium divaricatum"
Equisetopsida,Ericales,Ebenaceae,"Diospyros capreifolia"
Equisetopsida,Sapindales,Burseraceae,"Protium amazonicum"
Equisetopsida,Oxalidales,Elaeocarpaceae,"Sloanea grandiflora"
Equisetopsida,Asparagales,Orchidaceae,"Phragmipedium pearcei"
Equisetopsida,Asterales,Asteraceae,"Clibadium surinamense"
Equisetopsida,Alismatales,Araceae,"Anthurium obtusum"
Equisetopsida,Myrtales,Myrtaceae,"Eugenia polystachya"
Aves,Passeriformes,Thamnophilidae,"Pithys albifrons"
Equisetopsida,Myrtales,Myrtaceae,"Eugenia patrisii"
Equisetopsida,Gentianales,Rubiaceae,"Pittoniotis rotata"
Equisetopsida,Myrtales,Melastomataceae,"Miconia splendens"
Actinopterygii,Characiformes,Characidae,"Moenkhausia comma"
Equisetopsida,Piperales,Piperaceae,"Peperomia striata"
Equisetopsida,Alismatales,Araceae,"Anthurium nigrescens"
Insecta,Lepidoptera,Papilionidae,"Protesilaus protesilaus protesilaus"
Insecta,Hymenoptera,Ichneumonidae,"Leurus caeruliventris"
Equisetopsida,Bruniales,Columelliaceae,"Desfontainia spinosa"
Equisetopsida,Lamiales,Bignoniaceae,"Adenocalymma impressum"
Insecta,Lepidoptera,Hesperiidae,"Proteides mercurius"
Equisetopsida,Myrtales,Myrtaceae,"Eugenia moschata"
Equisetopsida,Alismatales,Araceae,"Anthurium mindense"
Equisetopsida,Solanales,Solanaceae,"Cuatresia cuneata"
Equisetopsida,Alismatales,Araceae,"Anthurium microspadix"
Equisetopsida,Asparagales,Orchidaceae,"Prosthechea vespa"
Insecta,Lepidoptera,Riodinidae,"Echydna punctata"
Equisetopsida,Alismatales,Araceae,"Anthurium michelii"
Equisetopsida,Asterales,Asteraceae,"Liabum amplexicaule"
Equisetopsida,Asterales,Asteraceae,"Liabum eriocaulon"
Equisetopsida,Alismatales,Araceae,"Anthurium macleani"
Equisetopsida,Asparagales,Orchidaceae,"Prosthechea pulcherrima"
Equisetopsida,Alismatales,Araceae,"Anthurium longistrorsum"
Equisetopsida,Myrtales,Melastomataceae,"Miconia poeppigii"
Equisetopsida,Asparagales,Orchidaceae,"Prosthechea grammatoglossa"
Reptilia,Serpentes,Dipsadidae,"Dipsas indica"
Equisetopsida,Myrtales,Myrtaceae,"Eugenia florida"
Equisetopsida,Marattiales,Marattiaceae,"Danaea moritziana"
Equisetopsida,Fabales,Fabaceae,"Clitoria arborea"
Equisetopsida,Asparagales,Orchidaceae,"Stelis pulchella"
Equisetopsida,Rosales,Urticaceae,"Myriocarpa stipitata"
Equisetopsida,Alismatales,Araceae,"Anthurium latissimum"
Equisetopsida,Alismatales,Araceae,"Anthurium kunthii"
Equisetopsida,Rosales,Urticaceae,"Myriocarpa laevigata"
Equisetopsida,Myrtales,Myrtaceae,"Eugenia egensis"
Equisetopsida,Oxalidales,Elaeocarpaceae,"Sloanea guianensis"
Actinopterygii,Characiformes,Characidae,"Clupeacharax anchoveoides"
Equisetopsida,Malpighiales,Clusiaceae,"Clusia alata"
Equisetopsida,Malpighiales,Chrysobalanaceae,"Licania canescens"
Equisetopsida,Asparagales,Orchidaceae,"Prosthechea crassilabia"
Equisetopsida,Alismatales,Araceae,"Anthurium incurvatum"
Reptilia,Serpentes,Dipsadidae,"Dipsas peruana"
Equisetopsida,Oxalidales,Elaeocarpaceae,"Sloanea laurifolia"
Equisetopsida,Alismatales,Araceae,"Anthurium gracilipedunculatum"
Equisetopsida,Malpighiales,Chrysobalanaceae,"Licania hypoleuca"
Equisetopsida,Alismatales,Araceae,"Anthurium gracile"
Equisetopsida,Malpighiales,Clusiaceae,"Clusia ducuoides"
Equisetopsida,Myrtales,Myrtaceae,"Myrcia splendens"
Equisetopsida,Malpighiales,Clusiaceae,"Clusia elliptica"
Equisetopsida,Piperales,Piperaceae,"Peperomia verschaffeltii"
Equisetopsida,Laurales,Lauraceae,"Licaria aurea"
Equisetopsida,Marattiales,Marattiaceae,"Danaea lingua-cervina"
Equisetopsida,Poales,Bromeliaceae,"Pepinia werffii"
Equisetopsida,Malpighiales,Clusiaceae,"Clusia hammeliana"
Equisetopsida,Malpighiales,Peraceae,"Pera tomentosa"
Equisetopsida,Laurales,Lauraceae,"Licaria canella"
Equisetopsida,Asparagales,Orchidaceae,"Stelis pittieri"
Equisetopsida,Malpighiales,Clusiaceae,"Clusia haughtii"
Equisetopsida,Asparagales,Asphodelaceae,"Eccremis coarctata"
Reptilia,Serpentes,Colubridae,"Phrynonax poecilonotus"
Equisetopsida,Alismatales,Araceae,"Anthurium flavidum"
Equisetopsida,Ericales,Sapotaceae,"Ecclinusa lanceolata"
Equisetopsida,Rosales,Moraceae,"Perebea angustifolia"
Equisetopsida,Alismatales,Araceae,"Anthurium flavescens"
Equisetopsida,Marattiales,Marattiaceae,"Danaea arbuscula"
Equisetopsida,Alismatales,Araceae,"Anthurium ernestii"
Equisetopsida,Myrtales,Myrtaceae,"Myrcia paivae"
Equisetopsida,Myrtales,Myrtaceae,"Myrcianthes rhopaloides"
Equisetopsida,Alismatales,Araceae,"Anthurium ernesti"
Equisetopsida,Piperales,Piperaceae,"Piper peltatum"
Equisetopsida,Asparagales,Orchidaceae,"Cyclopogon elatus"
Equisetopsida,Rosales,Moraceae,"Perebea guianensis"
Equisetopsida,Oxalidales,Elaeocarpaceae,"Sloanea obtusifolia"
Equisetopsida,Malpighiales,Euphorbiaceae,"Plukenetia volubilis"
Equisetopsida,Myrtales,Melastomataceae,"Miconia lanata"
Equisetopsida,Asparagales,Orchidaceae,"Cyclopogon gracilis"
Equisetopsida,Asparagales,Orchidaceae,"Cyclopogon lindleyanus"
Equisetopsida,Alismatales,Araceae,"Anthurium eminens"
Equisetopsida,Malpighiales,Clusiaceae,"Clusia schultesii"
Amphibia,Anura,Craugastoridae,"Phrynopus auriculatus"
Actinopterygii,Siluriformes,Loricariidae,"Limatulichthys griseus"
Equisetopsida,Oxalidales,Elaeocarpaceae,"Sloanea pubescens"
Equisetopsida,Rosales,Moraceae,"Perebea xanthochyma"
Equisetopsida,Malpighiales,Clusiaceae,"Clusia sphaerocarpa"
Amphibia,Anura,Craugastoridae,"Phrynopus bracki"
Equisetopsida,Myrtales,Myrtaceae,"Myrcia neospeciosa"
Equisetopsida,Asparagales,Orchidaceae,"Cyclopogon ovalifolius"
Insecta,Lepidoptera,Nymphalidae,"Metamorpha elissa elissa"
Equisetopsida,Laurales,Lauraceae,"Damburneya purpurea"
Equisetopsida,Malpighiales,Clusiaceae,"Clusia thurifera"
Amphibia,Anura,Craugastoridae,"Phrynopus tribulosus"
Equisetopsida,Malpighiales,Clusiaceae,"Clusia trochiformis"
Equisetopsida,Myrtales,Myrtaceae,"Myrcia mollis"
Aves,Passeriformes,Hirundinidae,"Progne elegans"
Equisetopsida,Alismatales,Araceae,"Anthurium croatii"
Equisetopsida,Myrtales,Myrtaceae,"Myrcia minutiflora"
Equisetopsida,Oxalidales,Elaeocarpaceae,"Sloanea robusta"
Equisetopsida,Alismatales,Araceae,"Anthurium coripatense"
Equisetopsida,Oxalidales,Elaeocarpaceae,"Sloanea rufa"
Equisetopsida,Malpighiales,Clusiaceae,"Dystovomita paniculata"
Aves,Passeriformes,Tyrannidae,"Cnemarchus erythropygius"
Aves,Piciformes,Capitonidae,"Eubucco versicolor"
Equisetopsida,Piperales,Piperaceae,"Piper obliquum"
Equisetopsida,Alismatales,Araceae,"Anthurium clavigerum"
Equisetopsida,Polypodiales,Lindsaeaceae,"Lindsaea falcata"
Equisetopsida,Polypodiales,Lindsaeaceae,"Lindsaea guianensis"
Equisetopsida,Polypodiales,Lindsaeaceae,"Lindsaea lancea"
Equisetopsida,Rosales,Rosaceae,"Acaena cylindristachya"
Equisetopsida,Myrtales,Myrtaceae,"Myrcia hylobates"
Equisetopsida,Asparagales,Orchidaceae,"Cyclopogon peruvianus"
Aves,Piciformes,Capitonidae,"Eubucco richardsoni"
Equisetopsida,Lamiales,Acanthaceae,"Mendoncia aspera"
Aves,Apodiformes,Trochilidae,"Metallura tyrianthina"
Mammalia,Rodentia,Cuniculidae,"Cuniculus paca"
Equisetopsida,Alismatales,Araceae,"Anthurium breviscapum"
Equisetopsida,Alismatales,Araceae,"Anthurium brevipedunculatum"
Equisetopsida,Asparagales,Orchidaceae,"Liparis brachystalix"
Equisetopsida,Asparagales,Orchidaceae,"Cyrtochilum incarum"
Equisetopsida,Ericales,Lecythidaceae,"Eschweilera gigantea"
Mammalia,Chiroptera,Phyllostomidae,"Desmodus rotundus"
Equisetopsida,Oxalidales,Elaeocarpaceae,"Sloanea sinemariensis"
Mammalia,Rodentia,Echimyidae,"Proechimys simonsi"
Mammalia,Chiroptera,Emballonuridae,"Peropteryx kappleri"
Equisetopsida,Asparagales,Orchidaceae,"Liparis cordiformis"
Equisetopsida,Ericales,Lecythidaceae,"Eschweilera decolorans"
Equisetopsida,Oxalidales,Elaeocarpaceae,"Sloanea terniflora"
Equisetopsida,Ericales,Lecythidaceae,"Eschweilera coriacea"
Equisetopsida,Polypodiales,Dennstaedtiaceae,"Dennstaedtia cicutaria"
Equisetopsida,Oxalidales,Elaeocarpaceae,"Sloanea tuerckheimii"
Equisetopsida,Asparagales,Orchidaceae,"Coccineorchis cernua"
Equisetopsida,Gentianales,Rubiaceae,"Coccocypselum condalia"
Equisetopsida,Alismatales,Araceae,"Anthurium apaporanum"
Insecta,Lepidoptera,Nymphalidae,"Adelpha mesentina"
Equisetopsida,Alismatales,Araceae,"Anthurium amoenum"
Equisetopsida,Asparagales,Orchidaceae,"Liparis serpens"
Equisetopsida,Asparagales,Orchidaceae,"Liparis yanachagae"
Mammalia,Rodentia,Cuniculidae,"Cuniculus taczanowskii"
Equisetopsida,Ericales,Lecythidaceae,"Eschweilera andina"
Equisetopsida,Poales,Poaceae,"Agrostis breviculmis"
Equisetopsida,Arecales,Arecaceae,"Desmoncus mitis"
Mammalia,Chiroptera,Phyllostomidae,"Platyrrhinus brachycephalus"
Equisetopsida,Arecales,Arecaceae,"Desmoncus mitis subsp. leptospadix"
Equisetopsida,Piperales,Piperaceae,"Piper lineatum"
Equisetopsida,Myrtales,Melastomataceae,"Miconia latifolia"
Equisetopsida,Asparagales,Orchidaceae,"Draconanthes aberrans"
Equisetopsida,Myrtales,Myrtaceae,"Myrcia amazonica"
Aves,Passeriformes,Cotingidae,"Lipaugus vociferans"
Equisetopsida,Laurales,Lauraceae,"Persea americana"
Equisetopsida,Polypodiales,Tectariaceae,"Dracoglossum plantagineum"
Aves,Passeriformes,Thamnophilidae,"Dysithamnus mentalis"
Equisetopsida,Sapindales,Sapindaceae,"Cupania cinerea"
Equisetopsida,Laurales,Lauraceae,"Persea areolatocostae"
Equisetopsida,Asparagales,Orchidaceae,"Lissocarpa bracki"
Aves,Apodiformes,Trochilidae,"Anthracothorax nigricollis"
Reptilia,Serpentes,Dipsadidae,"Dipsas schunkii"
Equisetopsida,Ericales,Ebenaceae,"Lissocarpa uyat"
Equisetopsida,Arecales,Arecaceae,"Desmoncus polyacanthos"
Equisetopsida,Polypodiales,Desmophlebiaceae,"Desmophlebium lechleri"
Equisetopsida,Escalloniales,Escalloniaceae,"Escallonia pendula"
Mammalia,Chiroptera,Phyllostomidae,"Platyrrhinus albericoi"
Equisetopsida,Escalloniales,Escalloniaceae,"Escallonia paniculata"
Mammalia,Carnivora,Procyonidae,"Procyon cancrivorus"
Equisetopsida,Liliales,Smilacaceae,"Smilax domingensis"
Equisetopsida,Myrtales,Myrtaceae,"Myrcia aliena"
Equisetopsida,Escalloniales,Escalloniaceae,"Escallonia myrtilloides"
Equisetopsida,Myrtales,Melastomataceae,"Miconia leacrenata"
Equisetopsida,Malpighiales,Caryocaraceae,"Anthodiscus klugii"
Equisetopsida,Malpighiales,Caryocaraceae,"Anthodiscus amazonicus"
Equisetopsida,Liliales,Smilacaceae,"Smilax purhampuy"
Insecta,Lepidoptera,Pieridae,"Anteos menippe"
Equisetopsida,Laurales,Lauraceae,"Pleurothyrium trianae"
Aves,Passeriformes,Tyrannidae,"Pitangus sulphuratus"
Aves,Cuculiformes,Cuculidae,"Coccyzus americanus"
Equisetopsida,Laurales,Lauraceae,"Persea mutisii"
Mammalia,Chiroptera,Phyllostomidae,"Anoura latidens"
Aves,Cuculiformes,Cuculidae,"Coccyzus erythropthalmus"
Equisetopsida,Myrtales,Lythraceae,"Cuphea bombonasae"
Equisetopsida,Asparagales,Orchidaceae,"Stelis kefersteiniana"
Aves,Cuculiformes,Cuculidae,"Coccyzus melacoryphus"
Mammalia,Chiroptera,Phyllostomidae,"Anoura geoffroyi"
Equisetopsida,Myrtales,Lythraceae,"Cuphea ciliata"
Equisetopsida,Laurales,Lauraceae,"Persea nudigemma"
Equisetopsida,Malpighiales,Salicaceae,"Prockia crucis"
Equisetopsida,Malpighiales,Erythroxylaceae,"Erythroxylum mucronatum"
Equisetopsida,Asterales,Campanulaceae,"Lobelia tenera"
Mammalia,Chiroptera,Phyllostomidae,"Anoura cultrata"
Equisetopsida,Malpighiales,Erythroxylaceae,"Erythroxylum macrophyllum"
Equisetopsida,Laurales,Lauraceae,"Pleurothyrium poeppigii"
Actinopterygii,Characiformes,Prochilodontidae,"Prochilodus nigricans"
Equisetopsida,Malpighiales,Erythroxylaceae,"Erythroxylum coca"
Equisetopsida,Malpighiales,Erythroxylaceae,"Erythroxylum citrifolium"
Equisetopsida,Fabales,Fabaceae,"Cochliasanthus caracalla"
Mammalia,Chiroptera,Phyllostomidae,"Anoura caudifer"
Equisetopsida,Asparagales,Orchidaceae,"Sobralia crocea"
Equisetopsida,Laurales,Lauraceae,"Persea pseudofasciculata"
Equisetopsida,Polypodiales,Pteridaceae,"Pityrogramma calomelanos"
Mammalia,Chiroptera,Vespertilionidae,"Myotis riparius"
Equisetopsida,Asparagales,Orchidaceae,"Sobralia dichotoma"
Equisetopsida,Piperales,Piperaceae,"Piper hispidum"
Equisetopsida,Polypodiales,Lomariopsidaceae,"Lomariopsis japurensis"
Equisetopsida,Ranunculales,Menispermaceae,"Anomospermum bolivianum"
Equisetopsida,Lamiales,Gesneriaceae,"Codonanthopsis dissimulata"
Equisetopsida,Lamiales,Gesneriaceae,"Codonanthopsis uleana"
Equisetopsida,Polypodiales,Lomariopsidaceae,"Lomariopsis nigropaleata"
Equisetopsida,Asparagales,Orchidaceae,"Sobralia fimbriata"
Actinopterygii,Characiformes,Serrasalmidae,"Piaractus brachypomus"
Equisetopsida,Rosales,Urticaceae,"Pilea myriophylla"
Amphibia,Anura,Craugastoridae,"Pristimantis ventrimarmoratus"
Aves,Apodiformes,Trochilidae,"Coeligena coeligena"
Insecta,Hymenoptera,Ichneumonidae,"Anomalon duniae"
Equisetopsida,Laurales,Lauraceae,"Pleurothyrium cuneifolium"
Equisetopsida,Asparagales,Orchidaceae,"Sobralia klotzscheana"
Equisetopsida,Polypodiales,Lomariopsidaceae,"Lomariopsis salicifolia"
Insecta,Hymenoptera,Ichneumonidae,"Anomalon cotoi"
Equisetopsida,Piperales,Piperaceae,"Piper heterophyllum"
Equisetopsida,Polypodiales,Cystopteridaceae,"Cystopteris fragilis"
Amphibia,Anura,Craugastoridae,"Pristimantis stictogaster"
Equisetopsida,Asparagales,Orchidaceae,"Sobralia macrophylla"
Amphibia,Anura,Craugastoridae,"Pristimantis sagittulus"
Amphibia,Anura,Craugastoridae,"Pristimantis rhabdolaemus"
Equisetopsida,Polypodiales,Lonchitidaceae,"Lonchitis hirsuta"
Equisetopsida,Asparagales,Orchidaceae,"Maxillaria valleculata"
Aves,Apodiformes,Trochilidae,"Coeligena torquata"
Aves,Apodiformes,Trochilidae,"Coeligena violifer"
Amphibia,Anura,Craugastoridae,"Pristimantis rhabdocnemus"
Aves,Passeriformes,Tyrannidae,"Platyrinchus mystaceus"
Mammalia,Chiroptera,Phyllostomidae,"Lonchophylla handleyi"
Equisetopsida,Asparagales,Orchidaceae,"Cyrtochilum caespitosum"
Equisetopsida,Asparagales,Orchidaceae,"Maxillaria uniflora"
Mammalia,Chiroptera,Phyllostomidae,"Lonchophylla robusta"
Mammalia,Chiroptera,Phyllostomidae,"Phylloderma stenops"
Reptilia,Sauria,Dactyloidae,"Anolis ortonii"
Mammalia,Chiroptera,Phyllostomidae,"Lonchorhina aurita"
Mammalia,Chiroptera,Vespertilionidae,"Myotis nigricans"
Mammalia,Chiroptera,Vespertilionidae,"Myotis keaysi"
Aves,Piciformes,Picidae,"Picumnus dorbignyanus"
Reptilia,Sauria,Dactyloidae,"Anolis fuscoauratus"
Equisetopsida,Fabales,Fabaceae,"Erythrina edulis"
Equisetopsida,Asparagales,Orchidaceae,"Sobralia turkeliae"
Equisetopsida,Asparagales,Orchidaceae,"Sobralia virginalis"
Mammalia,Chiroptera,Phyllostomidae,"Diphylla ecaudata"
Mammalia,Chiroptera,Vespertilionidae,"Myotis albescens"
Equisetopsida,Fabales,Fabaceae,"Dussia tessmannii"
Equisetopsida,Lamiales,Plantaginaceae,"Plantago major"
Mammalia,Carnivora,Mustelidae,"Lontra longicaudis"
Amphibia,Anura,Craugastoridae,"Pristimantis minutulus"
Insecta,Lepidoptera,Nymphalidae,"Diaethria clymena"
Equisetopsida,Magnoliales,Annonaceae,"Annona neoulei"
Equisetopsida,Arecales,Arecaceae,"Socratea exorrhiza"
Equisetopsida,Magnoliales,Annonaceae,"Annona neglecta"
Equisetopsida,Ericales,Ericaceae,"Disterigma alaternoides"
Equisetopsida,Magnoliales,Annonaceae,"Annona montana"
Aves,Passeriformes,Thraupidae,"Coereba flaveola"
Amphibia,Anura,Craugastoridae,"Pristimantis mendax"
Equisetopsida,Cyatheales,Dicksoniaceae,"Lophosoria quadripinnata"
Equisetopsida,Asparagales,Orchidaceae,"Erycina pusilla"
Equisetopsida,Arecales,Arecaceae,"Socratea salazarii"
Equisetopsida,Magnoliales,Annonaceae,"Annona excellens"
Equisetopsida,Gentianales,Rubiaceae,"Coffea arabica"
Insecta,Lepidoptera,Erebidae,"Coiffaitarctia imperatrix"
Equisetopsida,Asparagales,Orchidaceae,"Erycina glossomystax"
Equisetopsida,Gentianales,Rubiaceae,"Duroia hirsuta"
Equisetopsida,Solanales,Solanaceae,"Solanum abitaguense"
Equisetopsida,Polypodiales,Pteridaceae,"Pityrogramma ebenea"
Equisetopsida,Malpighiales,Salicaceae,"Abatia parviflora"
Amphibia,Anura,Craugastoridae,"Pristimantis lucasi"
Equisetopsida,Fabales,Fabaceae,"Dialium guianense"
Amphibia,Anura,Craugastoridae,"Pristimantis leucorrhinus"
Equisetopsida,Magnoliales,Annonaceae,"Annona ambotay"
Equisetopsida,Lamiales,Acanthaceae,"Dianthera appendiculata"
Equisetopsida,Asterales,Asteraceae,"Cyrtocymura scorpioides"
Aves,Apodiformes,Trochilidae,"Phaethornis guy"
Mammalia,Chiroptera,Phyllostomidae,"Lophostoma silvicolum"
Equisetopsida,Myrtales,Vochysiaceae,"Erisma uncinatum"
Aves,Passeriformes,Icteridae,"Molothrus oryzivorus"
Equisetopsida,Polypodiales,Athyriaceae,"Diplazium alienum"
Aves,Piciformes,Picidae,"Colaptes rivolii"
Equisetopsida,Santalales,Santalaceae,"Dendrophthora lindeniana"
Aves,Passeriformes,Tyrannidae,"Myiozetetes similis"
Equisetopsida,Myrtales,Vochysiaceae,"Erisma bicolor"
Aves,Apodiformes,Trochilidae,"Phaethornis hispidus"
Equisetopsida,Solanales,Solanaceae,"Solanum albidum"
Equisetopsida,Malvales,Malvaceae,"Eriotheca macrophylla"
Equisetopsida,Asparagales,Orchidaceae,"Pleurothallis xanthochlora"
Aves,Passeriformes,Thraupidae,"Anisognathus somptuosus"
Aves,Passeriformes,Thraupidae,"Anisognathus lacrymosus"
Aves,Passeriformes,Tyrannidae,"Phyllomyias cinereiceps"
Aves,Passeriformes,Tyrannidae,"Lophotriccus pileatus"
Amphibia,Anura,Craugastoridae,"Pristimantis cruciocularis"
Aves,Passeriformes,Thraupidae,"Anisognathus igniventris"
Equisetopsida,Gentianales,Apocynaceae,"Mesechites trifidus"
Aves,Piciformes,Picidae,"Colaptes rubiginosus"
Aves,Apodiformes,Trochilidae,"Phaethornis koepckeae"
Equisetopsida,Solanales,Solanaceae,"Solanum amblophyllum"
Aves,Apodiformes,Trochilidae,"Eriocnemis aline"
Aves,Piciformes,Picidae,"Colaptes rupicola"
Equisetopsida,Piperales,Piperaceae,"Piper crassinervium"
Amphibia,Anura,Craugastoridae,"Pristimantis bromeliaceus"
Amphibia,Anura,Craugastoridae,"Pristimantis bipunctatus"
Equisetopsida,Arecales,Arecaceae,"Aiphanes weberbaueri"
Equisetopsida,Laurales,Lauraceae,"Aniba taubertiana"
Amphibia,Anura,Craugastoridae,"Pristimantis albertus"
Amphibia,Anura,Craugastoridae,"Pristimantis adiastolus"
Aves,Apodiformes,Trochilidae,"Phaethornis malaris"
Equisetopsida,Lamiales,Acanthaceae,"Mendoncia pedunculata"
Equisetopsida,Asterales,Asteraceae,"Erigeron bonariensis"
Equisetopsida,Hypnales,Prionodontaceae,"Prionodon fuscolutescens"
Equisetopsida,Asparagales,Orchidaceae,"Aa paleacea"
Aves,Apodiformes,Trochilidae,"Colibri coruscans"
Aves,Apodiformes,Trochilidae,"Colibri cyanotus"
Equisetopsida,Asparagales,Orchidaceae,"Pleurothallis suspensa"
Equisetopsida,Laurales,Lauraceae,"Aniba perutilis"
Equisetopsida,Laurales,Lauraceae,"Aniba panurensis"
Actinopterygii,Characiformes,Characidae,"Prionobrama filigera"
Insecta,Lepidoptera,Nymphalidae,"Adelpha cytherea"
Equisetopsida,Laurales,Lauraceae,"Aniba muca"
Equisetopsida,Laurales,Lauraceae,"Aniba megaphylla"
Equisetopsida,Solanales,Solanaceae,"Solanum anisophyllum"
Aves,Passeriformes,Thraupidae,"Loriotus rufiventer"
Actinopterygii,Perciformes,Sciaenidae,"Plagioscion squamosissimus"
Equisetopsida,Laurales,Lauraceae,"Aniba guianensis"
Equisetopsida,Solanales,Solanaceae,"Solanum antisuyo"
Equisetopsida,Laurales,Lauraceae,"Aniba firmula"
Equisetopsida,Asterales,Asteraceae,"Erechtites hieraciifolius"
Aves,Galliformes,Cracidae,"Pipile cumanensis"
Equisetopsida,Solanales,Solanaceae,"Solanum aphyodendron"
Equisetopsida,Malvales,Malvaceae,"Sterculia frondosa"
Equisetopsida,Asterales,Asteraceae,"Erato polymnioides"
Equisetopsida,Solanales,Solanaceae,"Solanum appressum"
Equisetopsida,Poales,Poaceae,"Steinchisma laxum"
Equisetopsida,Asparagales,Orchidaceae,"Anguloa virginalis"
Actinopterygii,Characiformes,Characidae,"Moenkhausia dichroura"
Aves,Passeriformes,Thraupidae,"Cyanerpes caeruleus"
Equisetopsida,Ranunculales,Menispermaceae,"Abuta pahnii"
Equisetopsida,Lamiales,Gesneriaceae,"Diastema racemiferum"
Equisetopsida,Solanales,Solanaceae,"Solanum asperolanatum"
Equisetopsida,Laurales,Monimiaceae,"Mollinedia killipii"
Equisetopsida,Lamiales,Gesneriaceae,"Diastema scabrum"
Equisetopsida,Apiales,Araliaceae,"Dendropanax umbellatus"
Aves,Passeriformes,Tyrannidae,"Platyrinchus flavigularis"
Equisetopsida,Schizaeales,Anemiaceae,"Anemia phyllitidis"
Equisetopsida,Apiales,Araliaceae,"Dendropanax tessmannii"
Equisetopsida,Asparagales,Orchidaceae,"Dichaea calyculata"
Aves,Passeriformes,Parulidae,"Myiothlypis signata"
Equisetopsida,Equisetales,Equisetaceae,"Equisetum giganteum"
Equisetopsida,Poales,Poaceae,"Andropogon bicornis"
Equisetopsida,Ericales,Ericaceae,"Disterigma acuminatum"
Equisetopsida,Asparagales,Orchidaceae,"Dichaea campanulata"
Equisetopsida,Solanales,Solanaceae,"Solanum betaceum"
Aves,Psittaciformes,Psittacidae,"Primolius couloni"
Equisetopsida,Myrtales,Onagraceae,"Ludwigia leptocarpa"
Aves,Passeriformes,Tyrannidae,"Colonia colonus"
Equisetopsida,Equisetales,Equisetaceae,"Equisetum bogotense"
Aves,Passeriformes,Thraupidae,"Pipraeidea melanonota"
Equisetopsida,Fabales,Fabaceae,"Andira surinamensis"
Aves,Passeriformes,Tyrannidae,"Phyllomyias nigrocapillus"
Equisetopsida,Asparagales,Orchidaceae,"Dichaea ecuadorensis"
Equisetopsida,Fabales,Fabaceae,"Andira macrothyrsa"
Mammalia,Chiroptera,Vespertilionidae,"Eptesicus (Histiotus) velatus"
Equisetopsida,Apiales,Araliaceae,"Dendropanax macropodus"
Equisetopsida,Magnoliales,Annonaceae,"Cymbopetalum longipes"
Equisetopsida,Apiales,Araliaceae,"Dendropanax cuneatus"
Aves,Passeriformes,Parulidae,"Myiothlypis luteoviridis"
Mammalia,Chiroptera,Vespertilionidae,"Eptesicus brasiliensis"
Equisetopsida,Gentianales,Apocynaceae,"Prestonia annularis"
Equisetopsida,Arecales,Arecaceae,"Prestoea schultzeana"
Equisetopsida,Myrtales,Melastomataceae,"Miconia procumbens"
Equisetopsida,Asparagales,Orchidaceae,"Andinia vestigipetala"
Equisetopsida,Solanales,Solanaceae,"Solanum conicum"
Equisetopsida,Arecales,Arecaceae,"Prestoea acuminata var. acuminata"
Equisetopsida,Arecales,Arecaceae,"Prestoea acuminata"
Equisetopsida,Asparagales,Orchidaceae,"Cyrtochilum volubile"
Aves,Piciformes,Ramphastidae,"Andigena hypoglauca"
Equisetopsida,Caryophyllales,Cactaceae,"Epiphyllum phyllanthus"
Equisetopsida,Solanales,Solanaceae,"Solanum dimorphandrum"
Aves,Passeriformes,Parulidae,"Myiothlypis fulvicauda"
Equisetopsida,Asparagales,Orchidaceae,"Prescottia stachyodes"
Equisetopsida,Myrtales,Melastomataceae,"Andesanthus lepidotus"
Insecta,Lepidoptera,Riodinidae,"Ancyluris etias etias"
Equisetopsida,Solanales,Solanaceae,"Solanum endopogon"
Aves,Apodiformes,Trochilidae,"Doryfera ludovicae"
Equisetopsida,Asparagales,Orchidaceae,"Dichaea kegelii"
Aves,Passeriformes,Thamnophilidae,"Epinecrophylla spodionota"
Equisetopsida,Apiales,Araliaceae,"Dendropanax arboreus"
Insecta,Lepidoptera,Nymphalidae,"Prepona dexamenus dexamenus"
Insecta,Lepidoptera,Nymphalidae,"Prepona claudina"
Equisetopsida,Malpighiales,Salicaceae,"Lunania parviflora"
Aves,Passeriformes,Thamnophilidae,"Epinecrophylla ornata"
Aves,Passeriformes,Furnariidae,"Ancistrops strigilatus"
Aves,Anseriformes,Anatidae,"Merganetta armata"
Aves,Passeriformes,Thraupidae,"Cyanerpes cyaneus"
Equisetopsida,Asparagales,Orchidaceae,"Pleurothallis ruberrima"
Aves,Falconiformes,Falconidae,"Phalcoboenus megalopterus"
Actinopterygii,Clupeiformes,Engraulididae,"Anchoviella guianensis"
Aves,Passeriformes,Thamnophilidae,"Epinecrophylla leucophthalma"
Equisetopsida,Magnoliales,Annonaceae,"Duguetia latifolia"
Aves,Passeriformes,Parulidae,"Myiothlypis coronata"
Aves,Passeriformes,Furnariidae,"Premnornis guttuliger"
Equisetopsida,Asparagales,Orchidaceae,"Pleurothallis roseola"
Aves,Passeriformes,Parulidae,"Myiothlypis chrysogaster"
Aves,Passeriformes,Furnariidae,"Premnoplex brunnescens"
Equisetopsida,Piperales,Piperaceae,"Piper coruscans"
Equisetopsida,Asparagales,Orchidaceae,"Dichaea morrisii"
Aves,Columbiformes,Columbidae,"Columbina talpacoti"
Equisetopsida,Malpighiales,Violaceae,"Anchietea frangulifolia"
Equisetopsida,Asparagales,Orchidaceae,"Maxillaria procurrens"
Equisetopsida,Asparagales,Orchidaceae,"Pleurothallis phyllocardioides"
Equisetopsida,Polypodiales,Pteridaceae,"Pityrogramma trifoliata"
Equisetopsida,Lamiales,Gesneriaceae,"Columnea anisophylla"
Equisetopsida,Asparagales,Orchidaceae,"Dichaea picta"
Aves,Passeriformes,Thraupidae,"Dubusia taeniata"
Aves,Cuculiformes,Cuculidae,"Piaya cayana"
Equisetopsida,Asparagales,Orchidaceae,"Epidendrum yungasense"
Equisetopsida,Asparagales,Orchidaceae,"Epidendrum yanesharum"
Equisetopsida,Lamiales,Gesneriaceae,"Columnea ericae"
Equisetopsida,Asparagales,Orchidaceae,"Epidendrum yanachagaense"
Insecta,Lepidoptera,Hesperiidae,"Phareas coeleste"
Equisetopsida,Myrtales,Melastomataceae,"Miconia reflexipila"
Equisetopsida,Lamiales,Gesneriaceae,"Columnea guttata"
Aves,Passeriformes,Tyrannidae,"Myiotheretes striaticollis"
Aves,Passeriformes,Tyrannidae,"Myiotheretes fuscorufus"
Equisetopsida,Lamiales,Gesneriaceae,"Columnea inaequilatera"
Equisetopsida,Lamiales,Gesneriaceae,"Columnea moesta"
Equisetopsida,Polypodiales,Athyriaceae,"Diplazium macrophyllum"
Equisetopsida,Lamiales,Gesneriaceae,"Columnea peruviana"
Equisetopsida,Asparagales,Orchidaceae,"Dichaea trulla"
Equisetopsida,Ericales,Sapotaceae,"Pouteria williamii"
Equisetopsida,Lamiales,Gesneriaceae,"Columnea tenensis"
Equisetopsida,Lamiales,Gesneriaceae,"Columnea tessmannii"
Equisetopsida,Asparagales,Orchidaceae,"Epidendrum vidal-senegei"
Aves,Passeriformes,Fringillidae,"Spinus magellanicus"
Equisetopsida,Asparagales,Orchidaceae,"Epidendrum vesicolumna"
Equisetopsida,Lamiales,Gesneriaceae,"Columnea xiphoidea"
Equisetopsida,Asparagales,Orchidaceae,"Epidendrum vesicinanum"
Equisetopsida,Sapindales,Burseraceae,"Dacryodes peruviana"
Equisetopsida,Ericales,Sapotaceae,"Pouteria trilocularis"
Equisetopsida,Solanales,Solanaceae,"Solanum junctum"
Equisetopsida,Asparagales,Orchidaceae,"Pleurothallis microcardia"
Equisetopsida,Asparagales,Orchidaceae,"Epidendrum vesicicaule"
Aves,Passeriformes,Tyrannidae,"Myiotheretes fumigatus"
Equisetopsida,Asparagales,Orchidaceae,"Pleurothallis loranthophylla"
Equisetopsida,Asparagales,Orchidaceae,"Epidendrum ventricosum"
Equisetopsida,Asparagales,Orchidaceae,"Epidendrum vale-ramiroi"
Equisetopsida,Asparagales,Orchidaceae,"Epidendrum valenzuelae"
Equisetopsida,Solanales,Solanaceae,"Solanum laxissimum"
Equisetopsida,Asparagales,Orchidaceae,"Epidendrum unguiculatum"
Equisetopsida,Asparagales,Orchidaceae,"Epidendrum uncinatum"
Equisetopsida,Solanales,Solanaceae,"Solanum lepidotum"
Equisetopsida,Asparagales,Orchidaceae,"Anathallis carnosifolia"
Aves,Caprimulgiformes,Caprimulgidae,"Lurocalis rufiventris"
Equisetopsida,Myrtales,Combretaceae,"Combretum paraguariense"
Equisetopsida,Ericales,Sapotaceae,"Pouteria torta"
Aves,Passeriformes,Pipridae,"Pipra fasciicauda"
Equisetopsida,Asparagales,Orchidaceae,"Epidendrum tridens"
Equisetopsida,Solanales,Solanaceae,"Solanum leptopodum"
Aves,Trogoniformes,Trogonidae,"Pharomachrus antisianus"
Equisetopsida,Commelinales,Commelinaceae,"Dichorisandra ulei"
Equisetopsida,Asparagales,Orchidaceae,"Pleurothallis linguifera"
Equisetopsida,Asparagales,Orchidaceae,"Epidendrum tingo-mariae"
Equisetopsida,Asparagales,Orchidaceae,"Comparettia falcata"
Actinopterygii,Characiformes,Curimatidae,"Steindachnerina guentheri"
Equisetopsida,Asparagales,Orchidaceae,"Epidendrum syringothyrsis"
Equisetopsida,Ericales,Sapotaceae,"Pouteria reticulata"
Equisetopsida,Myrtales,Melastomataceae,"Miconia manserichensis"
Equisetopsida,Ericales,Sapotaceae,"Pouteria procera"
Equisetopsida,Asparagales,Orchidaceae,"Epidendrum subliberum"
Aves,Passeriformes,Corvidae,"Cyanocorax violaceus"
Aves,Anseriformes,Anatidae,"Anas flavirostris"
Equisetopsida,Solanales,Solanaceae,"Solanum leucopogon"
Equisetopsida,Asparagales,Orchidaceae,"Epidendrum subliberhombicum"
Equisetopsida,Magnoliales,Myristicaceae,"Compsoneura capitellata"
Equisetopsida,Solanales,Solanaceae,"Solanum lindenii"
Equisetopsida,Magnoliales,Myristicaceae,"Compsoneura sprucei"
Aves,Trogoniformes,Trogonidae,"Pharomachrus auriceps"
Aves,Apodiformes,Trochilidae,"Doryfera johannae"
Aves,Passeriformes,Tyrannidae,"Phylloscartes ophthalmicus"
Equisetopsida,Ericales,Sapotaceae,"Pouteria opposita"
Equisetopsida,Ericales,Sapotaceae,"Pouteria oblanceolata"
Equisetopsida,Asparagales,Orchidaceae,"Epidendrum stictoglossum"
Equisetopsida,Solanales,Solanaceae,"Solanum longifilamentum"
Equisetopsida,Asparagales,Orchidaceae,"Epidendrum stenophyton"
Aves,Passeriformes,Thraupidae,"Dubusia castaneoventris"
Equisetopsida,Ericales,Sapotaceae,"Pouteria melanopoda"
Equisetopsida,Solanales,Solanaceae,"Solanum maturecalvans"
Equisetopsida,Asparagales,Orchidaceae,"Epidendrum soratae"
Equisetopsida,Ericales,Sapotaceae,"Pouteria macrophylla"
Equisetopsida,Malpighiales,Euphorbiaceae,"Conceveiba rhytidocarpa"
Mammalia,Cetartiodactyla,Cervidae,"Mazama americana"
Equisetopsida,Asparagales,Orchidaceae,"Epidendrum sophronitis"
Aves,Passeriformes,Tyrannidae,"Myiophobus flavicans"
Equisetopsida,Malpighiales,Euphorbiaceae,"Conceveiba terminalis"
Equisetopsida,Ericales,Sapotaceae,"Pouteria lucuma"
Equisetopsida,Asparagales,Orchidaceae,"Epidendrum sigmostachyum"
Equisetopsida,Asparagales,Orchidaceae,"Cyrtochilum aureum"
Aves,Passeriformes,Cotingidae,"Pipreola arcuata"
Equisetopsida,Fabales,Fabaceae,"Platymiscium trinitatis"
Equisetopsida,Solanales,Solanaceae,"Solanum mite"
Insecta,Lepidoptera,Nymphalidae,"Anartia jatrophae jatrophae"
Equisetopsida,Gentianales,Rubiaceae,"Condaminea corymbosa"
Equisetopsida,Ericales,Sapotaceae,"Pouteria laevigata"
Aves,Passeriformes,Hirundinidae,"Stelgidopteryx ruficollis"
Equisetopsida,Malpighiales,Putranjivaceae,"Drypetes gentryana"
Equisetopsida,Cyatheales,Dicksoniaceae,"Dicksonia sellowiana"
Equisetopsida,Solanales,Solanaceae,"Solanum monadelphum"
Equisetopsida,Ericales,Sapotaceae,"Pouteria juruana"
Aves,Passeriformes,Tyrannidae,"Myiophobus cryptoxanthus"
Equisetopsida,Ericales,Sapotaceae,"Pouteria guianensis"
Equisetopsida,Malpighiales,Putranjivaceae,"Drypetes amazonica"
Equisetopsida,Asparagales,Orchidaceae,"Epidendrum secundum"
Equisetopsida,Asparagales,Orchidaceae,"Epidendrum schlimii"
Mammalia,Carnivora,Mephitidae,"Conepatus chinga"
Equisetopsida,Ericales,Sapotaceae,"Pouteria glomerata"
Aves,Passeriformes,Tyrannidae,"Anairetes parulus"
Equisetopsida,Myrtales,Melastomataceae,"Miconia salicifolia"
Equisetopsida,Asparagales,Orchidaceae,"Epidendrum scabrum"
Equisetopsida,Asparagales,Orchidaceae,"Epidendrum saxicola"
Aves,Passeriformes,Thraupidae,"Conirostrum albifrons"
Equisetopsida,Sapindales,Burseraceae,"Dacryodes olivifera"
Equisetopsida,Asparagales,Orchidaceae,"Pleurothallis glossopogon"
Equisetopsida,Asterales,Asteraceae,"Monticalia andicola"
Equisetopsida,Asparagales,Orchidaceae,"Epidendrum sarcostalix"
Equisetopsida,Asparagales,Orchidaceae,"Epidendrum sarcostachyum"
Equisetopsida,Polypodiales,Dryopteridaceae,"Dryopteris wallichiana"
Equisetopsida,Asparagales,Orchidaceae,"Epidendrum rugulosum"
Equisetopsida,Ericales,Sapotaceae,"Pouteria durlandii"
Equisetopsida,Ericales,Sapotaceae,"Pouteria cuspidata subsp. robusta"
Equisetopsida,Ericales,Sapotaceae,"Pouteria cuspidata subsp. dura"
Equisetopsida,Asparagales,Orchidaceae,"Epidendrum rostrigerum"
Equisetopsida,Asparagales,Orchidaceae,"Epidendrum rhopalostele"
Equisetopsida,Solanales,Solanaceae,"Solanum nemorense"
Equisetopsida,Myrtales,Melastomataceae,"Miconia mayeta"
Equisetopsida,Ericales,Sapotaceae,"Pouteria cuspidata"
Equisetopsida,Ericales,Sapotaceae,"Pouteria condorensis"
Equisetopsida,Asparagales,Orchidaceae,"Pleurothallis furcifera"
Equisetopsida,Solanales,Solanaceae,"Lycianthes acutifolia"
Equisetopsida,Ericales,Sapotaceae,"Pouteria campanulata"
Equisetopsida,Asparagales,Orchidaceae,"Epidendrum ramosum"
Equisetopsida,Asparagales,Orchidaceae,"Epidendrum purum"
Equisetopsida,Asparagales,Orchidaceae,"Epidendrum pteroglottis"
Aves,Passeriformes,Furnariidae,"Dendrocolaptes certhia"
Equisetopsida,Ericales,Sapotaceae,"Pouteria caimito"
Equisetopsida,Asparagales,Orchidaceae,"Epidendrum pterogastrium"
Aves,Passeriformes,Corvidae,"Cyanocorax yncas"
Equisetopsida,Ericales,Sapotaceae,"Pouteria bilocularis"
Equisetopsida,Asparagales,Orchidaceae,"Epidendrum pseudocardioepichilum"
Equisetopsida,Asparagales,Orchidaceae,"Epidendrum prostratum"
Equisetopsida,Ericales,Sapotaceae,"Pouteria bangii"
Aves,Passeriformes,Furnariidae,"Hellmayrea gularis"
Equisetopsida,Ranunculales,Menispermaceae,"Abuta imene"
Equisetopsida,Asparagales,Orchidaceae,"Epidendrum probosantherum"
Aves,Passeriformes,Tyrannidae,"Phylloscartes parkeri"
Equisetopsida,Gentianales,Rubiaceae,"Rudgea psychotriifolia"
Equisetopsida,Ericales,Sapotaceae,"Pouteria baehniana"
Equisetopsida,Solanales,Solanaceae,"Solanum obliquum"
Aves,Passeriformes,Thraupidae,"Conirostrum sitticolor"
Equisetopsida,Solanales,Solanaceae,"Solanum oblongum"
Equisetopsida,Solanales,Solanaceae,"Lycianthes inaequilatera"
Equisetopsida,Asparagales,Orchidaceae,"Epidendrum porphyreodiscum"
Equisetopsida,Gentianales,Rubiaceae,"Rudgea poeppigii"
Equisetopsida,Asparagales,Orchidaceae,"Epidendrum polystachyum"
Equisetopsida,Proteales,Proteaceae,"Oreocallis grandiflora"
Equisetopsida,Asparagales,Orchidaceae,"Helonoma peruviana"
Equisetopsida,Ericales,Sapotaceae,"Pouteria aubrevillei"
Equisetopsida,Piperales,Piperaceae,"Piper arboreum"
Mammalia,Cetartiodactyla,Tayassuidae,"Dicotyles tajacu"
Equisetopsida,Solanales,Solanaceae,"Solanum oppositifolium"
Equisetopsida,Santalales,Balanophoraceae,"Helosis cayennensis"
Aves,Passeriformes,Icteridae,"Cacicus solitarius"
Amphibia,Anura,Craugastoridae,"Oreobates saxatilis"
Equisetopsida,Rosales,Urticaceae,"Pourouma tomentosa"
Aves,Passeriformes,Furnariidae,"Dendrocincla tyrannina"
Actinopterygii,Characiformes,Characidae,"Hemibrycon jelskii"
Equisetopsida,Gentianales,Rubiaceae,"Rudgea verticillata"
Equisetopsida,Polypodiales,Hemidictyaceae,"Hemidictyum marginatum"
Equisetopsida,Asparagales,Orchidaceae,"Epidendrum parvilabre"
Equisetopsida,Apiales,Araliaceae,"Oreopanax eriocephalus"
Equisetopsida,Solanales,Solanaceae,"Lycianthes medusocalyx"
Equisetopsida,Myrtales,Melastomataceae,"Miconia astroplocama"
Equisetopsida,Gentianales,Rubiaceae,"Rudgea viburnoides subsp. megalocarpa"
Equisetopsida,Gentianales,Rubiaceae,"Rudgea lanceifolia"
Equisetopsida,Myrtales,Melastomataceae,"Miconia aurea"
Equisetopsida,Gentianales,Rubiaceae,"Rudgea crassipetiolata"
Equisetopsida,Apiales,Araliaceae,"Oreopanax pavonii"
Equisetopsida,Poales,Poaceae,"Cynodon dactylon"
Equisetopsida,Gentianales,Rubiaceae,"Rudgea cornifolia"
Equisetopsida,Asparagales,Orchidaceae,"Epidendrum parviflorum"
Equisetopsida,Asparagales,Orchidaceae,"Epidendrum paniculolateribilobum"
Equisetopsida,Asparagales,Orchidaceae,"Epidendrum paniculatum"
Equisetopsida,Boraginales,Heliotropiaceae,"Heliotropium arborescens"
Equisetopsida,Solanales,Solanaceae,"Lycianthes pauciflora"
Equisetopsida,Asparagales,Orchidaceae,"Rudolfiella bicornaria"
Equisetopsida,Asparagales,Orchidaceae,"Rudolfiella floribunda"
Equisetopsida,Gentianales,Rubiaceae,"Rudgea citrifolia"
Equisetopsida,Apiales,Araliaceae,"Oreopanax ruizii"
Equisetopsida,Asparagales,Orchidaceae,"Epidendrum pampatamboense"
Equisetopsida,Gentianales,Rubiaceae,"Rudgea ciliata"
Aves,Passeriformes,Icteridae,"Cacicus chrysonotus"
Equisetopsida,Rosales,Urticaceae,"Pourouma ovata"
Aves,Passeriformes,Furnariidae,"Anabacerthia striaticollis"
Equisetopsida,Solanales,Solanaceae,"Lycianthes radiata"
Equisetopsida,Alismatales,Araceae,"Caladium bicolor"
Equisetopsida,Myrtales,Melastomataceae,"Miconia bailloniana"
Equisetopsida,Lamiales,Acanthaceae,"Ruellia brevifolia"
Aves,Passeriformes,Icteridae,"Cacicus cela"
Equisetopsida,Asparagales,Orchidaceae,"Epidendrum oxyglossum"
Actinopterygii,Siluriformes,Pimelodidae,"Hemisorubim platyrhynchos"
Aves,Passeriformes,Thraupidae,"Hemithraupis flavicollis"
Equisetopsida,Rosales,Rosaceae,"Rubus weberbaueri"
Aves,Passeriformes,Tyrannidae,"Conopias cinchoneti"
Equisetopsida,Poales,Poaceae,"Calamagrostis longearistata"
Insecta,Lepidoptera,Nymphalidae,"Opsiphanes cassina"
Equisetopsida,Asparagales,Orchidaceae,"Epidendrum oxycalyx"
Equisetopsida,Asparagales,Orchidaceae,"Epidendrum oxapampense"
Equisetopsida,Poales,Poaceae,"Oplismenus hirtellus"
Aves,Apodiformes,Trochilidae,"Heliodoxa leadbeateri"
Equisetopsida,Solanales,Solanaceae,"Lycianthes sprucei"
Aves,Passeriformes,Tyrannidae,"Hemitriccus granadensis"
Equisetopsida,Sapindales,Meliaceae,"Cabralea canjerana"
Aves,Passeriformes,Furnariidae,"Dendrocincla merula"
Equisetopsida,Asparagales,Orchidaceae,"Epidendrum orbiculatum"
Aves,Opisthocomiformes,Opisthocomidae,"Opisthocomus hoazin"
Aves,Apodiformes,Trochilidae,"Heliodoxa branickii"
Equisetopsida,Asparagales,Orchidaceae,"Epidendrum odontostachyum"
Aves,Passeriformes,Troglodytidae,"Henicorhina leucophrys"
Aves,Passeriformes,Troglodytidae,"Henicorhina leucoptera"
Equisetopsida,Malpighiales,Malpighiaceae,"Byrsonima poeppigiana"
Aves,Passeriformes,Troglodytidae,"Henicorhina leucosticta"
Equisetopsida,Poales,Poaceae,"Rugoloa polygonata"
Equisetopsida,Ophioglossales,Ophioglossaceae,"Ophioglossum palmatum"
Equisetopsida,Zingiberales,Marantaceae,"Calathea lateralis"
Equisetopsida,Rosales,Urticaceae,"Pourouma mollis"
Equisetopsida,Myrtales,Melastomataceae,"Henriettea fascicularis"
Equisetopsida,Malvales,Malvaceae,"Heliocarpus americanus"
Equisetopsida,Malpighiales,Malpighiaceae,"Byrsonima arthropoda"
Equisetopsida,Zingiberales,Marantaceae,"Calathea lutea"
Equisetopsida,Asparagales,Orchidaceae,"Epidendrum odontospathum"
Equisetopsida,Asterales,Asteraceae,"Oritrophium peruvianum"
Insecta,Lepidoptera,Papilionidae,"Heraclides androgeus epidaurus"
Equisetopsida,Sapindales,Meliaceae,"Ruagea glabra"
Aves,Accipitriformes,Accipitridae,"Accipiter striatus"
Equisetopsida,Rosales,Moraceae,"Helicostylis tovarensis"
Equisetopsida,Piperales,Piperaceae,"Piper apodum"
Equisetopsida,Metteniusales,Metteniusaceae,"Calatola costaricensis"
Equisetopsida,Solanales,Solanaceae,"Solanum pallidum"
Equisetopsida,Asparagales,Orchidaceae,"Epidendrum notostachyum"
Insecta,Lepidoptera,Papilionidae,"Heraclides thoas"
Equisetopsida,Myrtales,Vochysiaceae,"Ruizterania trichanthera"
Equisetopsida,Proteales,Sabiaceae,"Ophiocaryon manausense"
Equisetopsida,Proteales,Sabiaceae,"Ophiocaryon heterophyllum"
Insecta,Lepidoptera,Nymphalidae,"Hermeuptychia fallax fallax"
Equisetopsida,Rosales,Moraceae,"Helicostylis tomentosa"
Aves,Passeriformes,Tyrannidae,"Phylloscartes poecilotis"
Equisetopsida,Myrtales,Melastomataceae,"Miconia bangii"
Equisetopsida,Asparagales,Orchidaceae,"Epidendrum nocturnum"
Equisetopsida,Oxalidales,Connaraceae,"Rourea camptoneura"
Equisetopsida,Asparagales,Orchidaceae,"Epidendrum naviculare"
Equisetopsida,Fabales,Fabaceae,"Ormosia amazonica"
Equisetopsida,Fabales,Fabaceae,"Ormosia bopiensis"
Equisetopsida,Proteales,Proteaceae,"Roupala montana"
Insecta,Lepidoptera,Nymphalidae,"Hermeuptychia harmonia"
Aves,Passeriformes,Thraupidae,"Buthraupis montana"
Equisetopsida,Asparagales,Orchidaceae,"Epidendrum natator"
Equisetopsida,Rosales,Moraceae,"Helicostylis scabra"
Equisetopsida,Proteales,Proteaceae,"Roupala monosperma"
Equisetopsida,Asparagales,Orchidaceae,"Lycomormium fiskei"
Insecta,Lepidoptera,Nymphalidae,"Hermeuptychia hermes"
Equisetopsida,Fabales,Fabaceae,"Ormosia coccinea"
Aves,Passeriformes,Furnariidae,"Anabacerthia ruficaudata"
Equisetopsida,Ranunculales,Menispermaceae,"Rupertiella boliviana"
Aves,Passeriformes,Conopophagidae,"Conopophaga castaneiceps"
Equisetopsida,Malpighiales,Linaceae,"Roucheria columbiana"
Equisetopsida,Asparagales,Orchidaceae,"Epidendrum monzonense"
Insecta,Lepidoptera,Nymphalidae,"Heliconius wallacei"
Aves,Passeriformes,Cotingidae,"Rupicola peruvianus"
Equisetopsida,Fabales,Fabaceae,"Mimosa tenuiflora"
Equisetopsida,Pandanales,Cyclanthaceae,"Dicranopygium lugonis"
Aves,Galliformes,Cracidae,"Aburria aburri"
Equisetopsida,Asparagales,Orchidaceae,"Epidendrum montispichinchense"
Equisetopsida,Rosales,Urticaceae,"Pourouma minor"
Equisetopsida,Asparagales,Orchidaceae,"Epidendrum monteagudoi"
Equisetopsida,Santalales,Loranthaceae,"Aetanthus nodosus"
Insecta,Lepidoptera,Nymphalidae,"Heliconius melpomene"
Equisetopsida,Gentianales,Rubiaceae,"Rosenbergiodendron longiflorum"
Equisetopsida,Asparagales,Orchidaceae,"Cyrtochilum myanthum"
Equisetopsida,Asparagales,Orchidaceae,"Epidendrum modestum"
Equisetopsida,Asparagales,Orchidaceae,"Oncidium x wattianum"
Equisetopsida,Asparagales,Orchidaceae,"Epidendrum miserrimum"
Equisetopsida,Asparagales,Orchidaceae,"Oncidium wyattianum"
Equisetopsida,Asparagales,Orchidaceae,"Oncidium vulcanicum"
Aves,Accipitriformes,Accipitridae,"Buteogallus solitarius"
Equisetopsida,Rosales,Rosaceae,"Hesperomeles ferruginea"
Aves,Passeriformes,Conopophagidae,"Conopophaga peruviana"
Equisetopsida,Asparagales,Orchidaceae,"Epidendrum miradoranum"
Equisetopsida,Asparagales,Orchidaceae,"Epidendrum minutiflorum"
Insecta,Lepidoptera,Nymphalidae,"Heliconius elevatus"
Equisetopsida,Lamiales,Calceolariaceae,"Calceolaria pinnata"
Equisetopsida,Poales,Bromeliaceae,"Ronnbergia veitchii"
Equisetopsida,Asparagales,Orchidaceae,"Epidendrum miniatum"
Equisetopsida,Zingiberales,Heliconiaceae,"Heliconia velutina"
Equisetopsida,Myrtales,Melastomataceae,"Miconia argyrophylla"
Aves,Passeriformes,Cotingidae,"Pipreola intermedia"
Equisetopsida,Asparagales,Orchidaceae,"Oncidium tigroides"
Equisetopsida,Lamiales,Calceolariaceae,"Calceolaria rhododendroides"
Equisetopsida,Asparagales,Orchidaceae,"Oncidium llanachagaense"
Equisetopsida,Asparagales,Orchidaceae,"Epidendrum milpoense"
Equisetopsida,Gentianales,Rubiaceae,"Ronabea latifolia"
Equisetopsida,Asparagales,Orchidaceae,"Epidendrum microtum"
Equisetopsida,Lycopodiales,Lycopodiaceae,"Lycopodiella cernua"
Equisetopsida,Lamiales,Calceolariaceae,"Calceolaria tenuis"
Equisetopsida,Asparagales,Orchidaceae,"Oncidium harryanum"
Equisetopsida,Asparagales,Orchidaceae,"Oncidium gramineum"
Equisetopsida,Zingiberales,Heliconiaceae,"Heliconia subulata subsp. subulata"
Equisetopsida,Asparagales,Orchidaceae,"Oncidium gramazuense"
Equisetopsida,Solanales,Solanaceae,"Solanum pendulum"
Equisetopsida,Lamiales,Calceolariaceae,"Calceolaria tripartita"
Aves,Accipitriformes,Accipitridae,"Rupornis magnirostris"
Equisetopsida,Asparagales,Orchidaceae,"Oncidium crescentilabium"
Equisetopsida,Asparagales,Orchidaceae,"Oncidium contaypacchaense"
Equisetopsida,Asparagales,Orchidaceae,"Oncidium buchtienoides"
Equisetopsida,Asparagales,Orchidaceae,"Ornithocephalus escobarianus"
Equisetopsida,Fabales,Fabaceae,"Platymiscium stipulare"
Equisetopsida,Zingiberales,Heliconiaceae,"Heliconia stricta"
Equisetopsida,Asparagales,Orchidaceae,"Oncidium blandum"
Equisetopsida,Asparagales,Orchidaceae,"Oncidium armatum"
Equisetopsida,Alismatales,Araceae,"Heteropsis flexuosa"
Equisetopsida,Alismatales,Araceae,"Heteropsis flexuosa var. flexuosa"
Equisetopsida,Asparagales,Orchidaceae,"Epidendrum microcephalum"
Actinopterygii,Characiformes,Characidae,"Roeboides affinis"
Equisetopsida,Zingiberales,Heliconiaceae,"Heliconia spatho-circinata"
Equisetopsida,Lycopodiales,Lycopodiaceae,"Lycopodium clavatum"
Equisetopsida,Asparagales,Orchidaceae,"Oncidium amazonicum"
Equisetopsida,Alismatales,Araceae,"Heteropsis tenuispadix"
Equisetopsida,Asparagales,Orchidaceae,"Rodriguezia bracteata"
Equisetopsida,Gentianales,Rubiaceae,"Rustia rubra"
Actinopterygii,Cyprinodontiformes,Rivulidae,"Rivulus urophthalmus"
Equisetopsida,Malpighiales,Malpighiaceae,"Heteropterys uribei"
Equisetopsida,Zingiberales,Heliconiaceae,"Heliconia rostrata"
Equisetopsida,Santalales,Balanophoraceae,"Ombrophytum peruvianum"
Equisetopsida,Asparagales,Orchidaceae,"Epidendrum microcattleyioides"
Equisetopsida,Zingiberales,Heliconiaceae,"Heliconia penduloides"
Equisetopsida,Asparagales,Orchidaceae,"Epidendrum micro-cattleya"
Aves,Passeriformes,Hirundinidae,"Orochelidon flavipes"
Equisetopsida,Solanales,Convolvulaceae,"Dicranostyles ampla"
Equisetopsida,Asparagales,Orchidaceae,"Epidendrum mesomicron"
Equisetopsida,Zingiberales,Heliconiaceae,"Heliconia magnifica"
Equisetopsida,Asparagales,Orchidaceae,"Epidendrum melanoporphyreum"
Equisetopsida,Zingiberales,Heliconiaceae,"Heliconia lingulata"
Equisetopsida,Gentianales,Rubiaceae,"Rustia schunkeana"
Equisetopsida,Myrtales,Melastomataceae,"Miconia aprica"
Equisetopsida,Malpighiales,Euphorbiaceae,"Hevea guianensis"
Equisetopsida,Lamiales,Bignoniaceae,"Adenocalymma bracteolatum"
Equisetopsida,Malpighiales,Salicaceae,"Ryania speciosa"
Equisetopsida,Asparagales,Orchidaceae,"Epidendrum megalopentadactylum"
Equisetopsida,Zingiberales,Heliconiaceae,"Heliconia hirsuta"
Aves,Passeriformes,Thraupidae,"Sporophila castaneiventris"
Equisetopsida,Rosales,Urticaceae,"Pourouma guianensis"
Equisetopsida,Malpighiales,Salicaceae,"Ryania speciosa var. tomentosa"
Equisetopsida,Asparagales,Orchidaceae,"Epidendrum megagastrium"
Equisetopsida,Zingiberales,Heliconiaceae,"Heliconia chartacea"
Aves,Passeriformes,Tyrannidae,"Mionectes striaticollis"
Equisetopsida,Zingiberales,Heliconiaceae,"Heliconia apparicioi"
Equisetopsida,Myrtales,Melastomataceae,"Miconia barbeyana"
Equisetopsida,Laurales,Monimiaceae,"Mollinedia ovata"
Equisetopsida,Asparagales,Orchidaceae,"Epidendrum marsupiale"
Equisetopsida,Myrtales,Melastomataceae,"Miconia amplexicaulis"
Equisetopsida,Asparagales,Orchidaceae,"Epidendrum marcapatense"
Equisetopsida,Malpighiales,Malpighiaceae,"Bunchosia hookeriana"
Equisetopsida,Malpighiales,Phyllanthaceae,"Hieronyma alchorneoides"
Equisetopsida,Malpighiales,Malpighiaceae,"Bunchosia argentea"
Equisetopsida,Rosales,Rhamnaceae,"Ampelozizyphus amazonicus"
Equisetopsida,Solanales,Solanaceae,"Solanum quitoense"
Aves,Galliformes,Cracidae,"Ortalis guttata"
Equisetopsida,Malpighiales,Phyllanthaceae,"Hieronyma asperifolia"
Equisetopsida,Laurales,Monimiaceae,"Mollinedia repanda"
Equisetopsida,Asparagales,Orchidaceae,"Epidendrum magnisaxicola"
Actinopterygii,Siluriformes,Loricariidae,"Rineloricaria morrowi"
Aves,Apodiformes,Trochilidae,"Heliangelus amethysticollis"
Equisetopsida,Rosales,Urticaceae,"Pourouma cuspidata"
Actinopterygii,Siluriformes,Loricariidae,"Rineloricaria lanceolata"
Actinopterygii,Cichliformes,Cichlidae,"Bujurquina hophrys"
Equisetopsida,Gentianales,Gentianaceae,"Helia alata"
Equisetopsida,Gentianales,Rubiaceae,"Sabicea panamensis"
Equisetopsida,Malpighiales,Phyllanthaceae,"Hieronyma macrocarpa"
Equisetopsida,Santalales,Olacaceae,"Heisteria spruceana"
Mammalia,Rodentia,Cricetidae,"Oligoryzomys destructor"
Aves,Passeriformes,Tyrannidae,"Myiodynastes maculatus"
Aves,Piciformes,Picidae,"Dryocopus lineatus"
Equisetopsida,Lycopodiales,Lycopodiaceae,"Lycopodium jussiaei"
Equisetopsida,Ericales,Ericaceae,"Orthaea ferreyrae"
Actinopterygii,Perciformes,Cichlidae,"Aequidens tetramerus"
Equisetopsida,Ericales,Ericaceae,"Orthaea secundiflora"
Equisetopsida,Polypodiales,Saccolomataceae,"Saccoloma inaequale"
Equisetopsida,Malpighiales,Phyllanthaceae,"Richeria grandis"
Aves,Piciformes,Picidae,"Melanerpes cruentatus"
Equisetopsida,Poales,Poaceae,"Orthoclada laxa"
Equisetopsida,Asparagales,Orchidaceae,"Epidendrum macrum"
Equisetopsida,Malpighiales,Phyllanthaceae,"Hieronyma oblonga"
Equisetopsida,Asparagales,Orchidaceae,"Epidendrum macrocarpum"
Equisetopsida,Santalales,Olacaceae,"Heisteria acuminata"
Aves,Passeriformes,Tyrannidae,"Contopus fumigatus"
Equisetopsida,Polypodiales,Dryopteridaceae,"Olfersia cervina"
Equisetopsida,Asparagales,Orchidaceae,"Epidendrum macbridei"
Equisetopsida,Malpighiales,Phyllanthaceae,"Hieronyma scabra"
Insecta,Lepidoptera,Erebidae,"Metacrisia eckstromi"
Actinopterygii,Cichliformes,Cichlidae,"Mesonauta  insignis"
Equisetopsida,Ranunculales,Menispermaceae,"Abuta grandifolia"
Equisetopsida,Solanales,Solanaceae,"Solanum robustifrons"
Equisetopsida,Chloranthales,Chloranthaceae,"Hedyosmum translucidum"
Equisetopsida,Myrtales,Melastomataceae,"Miconia alternidomatia"
Equisetopsida,Chloranthales,Chloranthaceae,"Hedyosmum sprucei"
Equisetopsida,Fabales,Fabaceae,"Calliandra angustifolia"
Insecta,Lepidoptera,Nymphalidae,"Oleria onega crispinilla"
Equisetopsida,Fabales,Fabaceae,"Calliandra magdalenae"
Mammalia,Chiroptera,Emballonuridae,"Saccopteryx bilineata"
Equisetopsida,Lycopodiales,Lycopodiaceae,"Lycopodium thyoides"
Equisetopsida,Chloranthales,Chloranthaceae,"Hedyosmum spectabile"
Equisetopsida,Gentianales,Rubiaceae,"Hillia parasitica"
Aves,Passeriformes,Cotingidae,"Pipreola pulchra"
Equisetopsida,Gentianales,Rubiaceae,"Hillia wurdackii"
Equisetopsida,Polypodiales,Oleandraceae,"Oleandra pilosa"
Equisetopsida,Asparagales,Orchidaceae,"Epidendrum lueri"
Equisetopsida,Chloranthales,Chloranthaceae,"Hedyosmum scabrum"
Equisetopsida,Gentianales,Apocynaceae,"Himatanthus articulatus"
Aves,Galbuliformes,Bucconidae,"Monasa morphoeus"
Equisetopsida,Malvales,Malvaceae,"Callianthe sylvatica"
Equisetopsida,Chloranthales,Chloranthaceae,"Hedyosmum racemosum"
Aves,Passeriformes,Cotingidae,"Ampelion rufaxilla"
Equisetopsida,Lamiales,Orobanchaceae,"Agalinis lanceolata"
Equisetopsida,Chloranthales,Chloranthaceae,"Hedyosmum peruvianum"
Equisetopsida,Asparagales,Orchidaceae,"Epidendrum leuconanum"
Equisetopsida,Chloranthales,Chloranthaceae,"Hedyosmum goudotianum"
Equisetopsida,Chloranthales,Chloranthaceae,"Hedyosmum dombeyanum"
Equisetopsida,Chloranthales,Chloranthaceae,"Hedyosmum cumbalense"
Equisetopsida,Asparagales,Orchidaceae,"Epidendrum leucochilum"
Equisetopsida,Chloranthales,Chloranthaceae,"Hedyosmum cuatrecazanum"
Equisetopsida,Rosales,Urticaceae,"Pourouma cecropiifolia"
Equisetopsida,Gentianales,Rubiaceae,"Hippotis triflora"
Equisetopsida,Arecales,Arecaceae,"Oenocarpus mapora"
Equisetopsida,Solanales,Convolvulaceae,"Dicranostyles mildbraediana"
Aves,Pelecaniformes,Threskiornithidae,"Mesembrinibis cayennensis"
Equisetopsida,Myrtales,Melastomataceae,"Miconia media"
Equisetopsida,Malpighiales,Chrysobalanaceae,"Hirtella excelsa"
Equisetopsida,Myrtales,Melastomataceae,"Miconia biglandulosa"
Equisetopsida,Chloranthales,Chloranthaceae,"Hedyosmum anisodorum"
Equisetopsida,Asparagales,Orchidaceae,"Epidendrum lehmannii"
Equisetopsida,Solanales,Solanaceae,"Solanum saponaceum"
Equisetopsida,Chloranthales,Chloranthaceae,"Hedyosmum angustifolium"
Equisetopsida,Arecales,Arecaceae,"Oenocarpus bataua"
Equisetopsida,Malpighiales,Chrysobalanaceae,"Hirtella hispidula"
Equisetopsida,Poales,Cyperaceae,"Rhynchospora polyphylla"
Equisetopsida,Asparagales,Orchidaceae,"Epidendrum lanipes"
Insecta,Lepidoptera,Nymphalidae,"Callicore cynosura"
Equisetopsida,Asparagales,Orchidaceae,"Epidendrum lanioides"
Equisetopsida,Malpighiales,Chrysobalanaceae,"Hirtella pilosissima"
Insecta,Lepidoptera,Nymphalidae,"Callicore eunomia"
Equisetopsida,Asparagales,Iridaceae,"Orthrosanthus chimboracensis"
Equisetopsida,Asparagales,Orchidaceae,"Epidendrum laceratum"
Equisetopsida,Malpighiales,Chrysobalanaceae,"Hirtella racemosa"
Insecta,Lepidoptera,Nymphalidae,"Callicore excelsior inferior"
Equisetopsida,Malpighiales,Chrysobalanaceae,"Hirtella racemosa var. hexandra"
Equisetopsida,Solanales,Solanaceae,"Solanum schlechtendalianum"
Equisetopsida,Malpighiales,Chrysobalanaceae,"Hirtella triandra subsp. triandra"
Aves,Passeriformes,Cotingidae,"Ampelion rubrocristatus"
Equisetopsida,Polypodiales,Pteridaceae,"Hecistopteris pumila"
Equisetopsida,Asparagales,Orchidaceae,"Pleurothallis cordata"
Equisetopsida,Rosales,Urticaceae,"Pourouma bicolor"
Equisetopsida,Asparagales,Orchidaceae,"Pleurothallis brachiata"
Equisetopsida,Asparagales,Orchidaceae,"Epidendrum jejunum"
Actinopterygii,Characiformes,Bryconidae,"Brycon melanopterus"
Equisetopsida,Asparagales,Orchidaceae,"Epidendrum jasminosmum"
Equisetopsida,Santalales,Loranthaceae,"Oryctanthus alveolatus"
Actinopterygii,Characiformes,Bryconidae,"Brycon hilarii"
Equisetopsida,Asparagales,Orchidaceae,"Epidendrum jajense"
Equisetopsida,Myrtales,Melastomataceae,"Miconia brachyanthera"
Equisetopsida,Solanales,Solanaceae,"Solanum sessile"
Mammalia,Rodentia,Cricetidae,"Oecomys bicolor"
Equisetopsida,Celastrales,Celastraceae,"Maytenus macrocarpa"
Equisetopsida,Solanales,Solanaceae,"Hawkesiophyton ulei"
Equisetopsida,Myrtales,Melastomataceae,"Miconia bracteolata"
Aves,Passeriformes,Passerellidae,"Ammodramus aurifrons"
Actinopterygii,Characiformes,Characidae,"Bryconamericus pachacuti"
Equisetopsida,Malpighiales,Salicaceae,"Hasseltia floribunda"
Equisetopsida,Commelinales,Commelinaceae,"Callisia serrulata"
Equisetopsida,Polypodiales,Dennstaedtiaceae,"Histiopteris incisa"
Equisetopsida,Asparagales,Orchidaceae,"Epidendrum inamoenum"
Equisetopsida,Osmundales,Osmundaceae,"Osmundastrum cinnamomeum"
Mammalia,Chiroptera,Emballonuridae,"Rhynchonycteris naso"
Equisetopsida,Fabales,Fabaceae,"Copaifera paupera"
Insecta,Lepidoptera,Nymphalidae,"Historis odius dious"
Equisetopsida,Solanales,Solanaceae,"Brunfelsia grandiflora subsp. grandiflora"
Equisetopsida,Asparagales,Orchidaceae,"Epidendrum imthurnii"
Aves,Passeriformes,Tyrannidae,"Myiodynastes chrysocephalus"
Aves,Passeriformes,Cardinalidae,"Cyanoloxia rothschildii"
Equisetopsida,Gentianales,Rubiaceae,"Hoffmannia latifolia"
Aves,Passeriformes,Thraupidae,"Calochaetes coccineus"
Equisetopsida,Alismatales,Tofieldiaceae,"Harperocallis falcata"
Actinopterygii,Perciformes,Cichlidae,"Aequidens patricki"
Equisetopsida,Celastrales,Celastraceae,"Salacia acevedoi"
Equisetopsida,Solanales,Solanaceae,"Brunfelsia grandiflora"
Aves,Accipitriformes,Accipitridae,"Harpagus bidentatus"
Equisetopsida,Oxalidales,Brunelliaceae,"Brunellia weberbaueri"
Equisetopsida,Oxalidales,Brunelliaceae,"Brunellia inermis"
Equisetopsida,Malpighiales,Calophyllaceae,"Calophyllum brasiliense"
Equisetopsida,Asparagales,Orchidaceae,"Epidendrum haenkeanum"
Equisetopsida,Asparagales,Orchidaceae,"Cyrtochilum murinum"
Equisetopsida,Solanales,Solanaceae,"Solanum suaveolens"
Aves,Passeriformes,Tyrannidae,"Rhynchocyclus olivaceus"
Aves,Passeriformes,Thraupidae,"Haplospiza rustica"
Equisetopsida,Oxalidales,Brunelliaceae,"Brunellia dulcis"
Amphibia,Anura,Hylidae,"Osteocephalus vasquezi"
Aves,Passeriformes,Thraupidae,"Sporophila luctuosa"
Equisetopsida,Asparagales,Orchidaceae,"Hapalorchis pumila"
Equisetopsida,Malpighiales,Calophyllaceae,"Calophyllum longifolium"
Equisetopsida,Celastrales,Celastraceae,"Salacia cordata"
Equisetopsida,Asparagales,Orchidaceae,"Epidendrum gentryi"
Aves,Psittaciformes,Psittacidae,"Hapalopsittaca melanotis"
Equisetopsida,Rosales,Urticaceae,"Pourouma acuminata"
Equisetopsida,Asparagales,Orchidaceae,"Epidendrum geminiochraceum"
Equisetopsida,Rosales,Moraceae,"Poulsenia armata"
Equisetopsida,Asparagales,Orchidaceae,"Epidendrum geminiflorum"
Equisetopsida,Magnoliales,Myristicaceae,"Osteophloeum platyspermum"
Equisetopsida,Magnoliales,Annonaceae,"Maasia glauca"
Amphibia,Anura,Dendrobatidae,"Ameerega planipaleae"
Aves,Passeriformes,Tyrannidae,"Rhynchocyclus fulvipectus"
Equisetopsida,Asparagales,Orchidaceae,"Epidendrum fruticulum"
Aves,Passeriformes,Furnariidae,"Dendrocincla fuliginosa"
Equisetopsida,Myrtales,Melastomataceae,"Miconia alpina"
Aves,Passeriformes,Parulidae,"Myioborus miniatus"
Equisetopsida,Asparagales,Orchidaceae,"Epidendrum fritzianum"
Equisetopsida,Asparagales,Orchidaceae,"Epidendrum freireanum"
Equisetopsida,Myrtales,Melastomataceae,"Miconia micropetala"
Equisetopsida,Celastrales,Celastraceae,"Salacia macrantha"
Equisetopsida,Gentianales,Rubiaceae,"Hoffmannia verticillata"
Equisetopsida,Asparagales,Orchidaceae,"Epidendrum frechetteanum"
Mammalia,Didelphimorphia,Didelphidae,"Caluromys lanatus"
Equisetopsida,Arecales,Arecaceae,"Dictyocaryum lamarckianum"
Equisetopsida,Gentianales,Rubiaceae,"Hoffmannia viridis"
Equisetopsida,Gentianales,Rubiaceae,"Hoffmannia williamsii"
Aves,Piciformes,Picidae,"Dryobates passerinus"
Aves,Passeriformes,Troglodytidae,"Odontorchilus branickii"
Equisetopsida,Asparagales,Orchidaceae,"Hofmeisterella eumicroscopica"
Equisetopsida,Malpighiales,Euphorbiaceae,"Mabea pulcherrima"
Equisetopsida,Solanales,Solanaceae,"Browallia americana"
Aves,Galliformes,Odontophoridae,"Odontophorus stellatus"
Equisetopsida,Malpighiales,Euphorbiaceae,"Mabea speciosa"
Equisetopsida,Gentianales,Rubiaceae,"Calycophyllum megistocaulum"
Equisetopsida,Gentianales,Rubiaceae,"Hamelia calycosa"
Equisetopsida,Celastrales,Celastraceae,"Salacia opacifolia"
Aves,Passeriformes,Tyrannidae,"Mionectes olivaceus"
Equisetopsida,Asparagales,Orchidaceae,"Pleurothallis bivalvis"
Equisetopsida,Gentianales,Rubiaceae,"Macbrideina peruviana"
Aves,Galliformes,Odontophoridae,"Odontophorus speciosus"
Actinopterygii,Characiformes,Erythrinidae,"Hoplias malabaricus"
Equisetopsida,Asparagales,Orchidaceae,"Houlletia sanderi"
Equisetopsida,Gentianales,Rubiaceae,"Hamelia axillaris"
Equisetopsida,Asparagales,Orchidaceae,"Epidendrum fimbriatum"
Mammalia,Carnivora,Procyonidae,"Potos flavus"
Equisetopsida,Solanales,Solanaceae,"Solanum sycophanta"
Equisetopsida,Asparagales,Orchidaceae,"Houlletia wallisii"
Aves,Passeriformes,Corvidae,"Cyanolyca viridicyanus"
Equisetopsida,Asparagales,Orchidaceae,"Epidendrum filamentosum"
Mammalia,Chiroptera,Phyllostomidae,"Hsunycteris thomasi"
Equisetopsida,Asparagales,Orchidaceae,"Epidendrum falcivesicicaule"
Equisetopsida,Asterales,Asteraceae,"Ambrosia arborescens"
Equisetopsida,Malvales,Malvaceae,"Huberodendron swietenioides"
Equisetopsida,Asparagales,Orchidaceae,"Epidendrum excisum"
Equisetopsida,Huerteales,Tapisciaceae,"Huertea glandulosa"
Aves,Passeriformes,Parulidae,"Myioborus melanocephalus"
Equisetopsida,Asparagales,Orchidaceae,"Epidendrum erosum"
Equisetopsida,Asparagales,Orchidaceae,"Huntleya burtii"
Equisetopsida,Asparagales,Orchidaceae,"Epidendrum erica-moroniae"
Equisetopsida,Asparagales,Orchidaceae,"Epidendrum elleanthoides"
Equisetopsida,Asparagales,Orchidaceae,"Huntleya vargasii"
Equisetopsida,Laurales,Lauraceae,"Rhodostemonodaphne kunthiana"
Equisetopsida,Solanales,Solanaceae,"Solanum ternatum"
Equisetopsida,Lycopodiales,Lycopodiaceae,"Huperzia brevifolia"
Aves,Passeriformes,Pipridae,"Machaeropterus pyrocephalus"
Equisetopsida,Asparagales,Orchidaceae,"Epidendrum elatum"
Aves,Passeriformes,Icteridae,"Amblycercus holosericeus"
Equisetopsida,Asparagales,Orchidaceae,"Epidendrum effusipetalum"
Equisetopsida,Ericales,Ericaceae,"Macleania rupestris"
Equisetopsida,Asparagales,Orchidaceae,"Epidendrum dermatanthum"
Equisetopsida,Asparagales,Orchidaceae,"Epidendrum deorsus"
Equisetopsida,Solanales,Solanaceae,"Solanum thelopodium"
Equisetopsida,Alismatales,Araceae,"Rhodospatha moritziana"
Equisetopsida,Asparagales,Orchidaceae,"Epidendrum dentiferum"
Equisetopsida,Asparagales,Orchidaceae,"Epidendrum dendrobii"
Equisetopsida,Sapindales,Burseraceae,"Dacryodes nitens"
Mammalia,Didelphimorphia,Didelphidae,"Metachirus myosuros"
Equisetopsida,Ranunculales,Menispermaceae,"Odontocarya tripetala"
Equisetopsida,Asparagales,Orchidaceae,"Epidendrum cylindraceum"
Equisetopsida,Rosales,Moraceae,"Maclura tinctoria"
Equisetopsida,Myrtales,Melastomataceae,"Miconia allardii"
Actinopterygii,Characiformes,Bryconidae,"Salminus affinis"
Equisetopsida,Magnoliales,Myristicaceae,"Otoba parvifolia"
Equisetopsida,Poales,Cyperaceae,"Calyptrocarya bicolor"
Equisetopsida,Fabales,Fabaceae,"Mimosa guilandinae"
Equisetopsida,Rosales,Moraceae,"Brosimum rubescens"
Equisetopsida,Poales,Cyperaceae,"Calyptrocarya glomerulata"
Equisetopsida,Gentianales,Gentianaceae,"Halenia bella"
Equisetopsida,Gentianales,Apocynaceae,"Ambelania occidentalis"
Equisetopsida,Gentianales,Apocynaceae,"Ambelania duckei"
Equisetopsida,Poales,Cyperaceae,"Calyptrocarya poeppigiana"
Equisetopsida,Alismatales,Araceae,"Rhodospatha latifolia"
Equisetopsida,Alismatales,Araceae,"Rhodospatha katipas"
Aves,Passeriformes,Thamnophilidae,"Hafferia fortis"
Equisetopsida,Solanales,Solanaceae,"Solanum uleanum"
Equisetopsida,Ranunculales,Menispermaceae,"Odontocarya echinus"
Equisetopsida,Lycopodiales,Lycopodiaceae,"Huperzia reflexa"
Equisetopsida,Asparagales,Orchidaceae,"Maxillaria subulata"
Equisetopsida,Asparagales,Orchidaceae,"Otoglossum scansor"
Equisetopsida,Rosales,Moraceae,"Brosimum potabile"
Equisetopsida,Asparagales,Orchidaceae,"Otoglossum weberbaueranum"
Equisetopsida,Asparagales,Orchidaceae,"Epidendrum constricolumna"
Aves,Piciformes,Picidae,"Campephilus haematogaster"
Equisetopsida,Rosales,Moraceae,"Brosimum parinarioides"
Equisetopsida,Solanales,Solanaceae,"Solanum uncinellum"
Actinopterygii,Characiformes,Curimatidae,"Potamorhina altamazonica"
Equisetopsida,Rosales,Moraceae,"Brosimum multinervium"
Equisetopsida,Asparagales,Orchidaceae,"Maxillaria quitensis"
Equisetopsida,Malpighiales,Ochnaceae,"Ouratea weberbaueri"
Equisetopsida,Gentianales,Apocynaceae,"Macoubea guianensis"
Equisetopsida,Rosales,Moraceae,"Brosimum longifolium"
Equisetopsida,Asparagales,Orchidaceae,"Epidendrum compressum"
Equisetopsida,Rosales,Moraceae,"Brosimum lactescens"
Equisetopsida,Oxalidales,Oxalidaceae,"Oxalis dolichopoda"
Mammalia,Rodentia,Sciuridae,"Hadrosciurus spadiceus"
Equisetopsida,Gentianales,Apocynaceae,"Odontadenia puncticulosa"
Mammalia,Rodentia,Sciuridae,"Hadrosciurus pyrrhinus"
Amphibia,Anura,Centrolenidae,"Hyalinobatrachium carlesvilai"
Aves,Piciformes,Picidae,"Campephilus melanoleucos"
Equisetopsida,Asparagales,Orchidaceae,"Epidendrum colombianum"
Aves,Piciformes,Picidae,"Campephilus pollens"
Mammalia,Cetartiodactyla,Cervidae,"Odocoileus peruvianus"
Equisetopsida,Rosales,Moraceae,"Brosimum guianense"
Equisetopsida,Cornales,Hydrangeaceae,"Hydrangea peruviana"
Equisetopsida,Asparagales,Orchidaceae,"Epidendrum coilotrienum"
Aves,Psittaciformes,Psittacidae,"Amazona ochrocephala"
Equisetopsida,Asparagales,Orchidaceae,"Epidendrum cochabambanum"
Equisetopsida,Asparagales,Orchidaceae,"Epidendrum clavadista"
Equisetopsida,Gentianales,Gentianaceae,"Macrocarpaea robin-fosteri"
Mammalia,Rodentia,Sciuridae,"Hadrosciurus igniventris"
Equisetopsida,Cyatheales,Cyatheaceae,"Cyathea bipinnatifida"
Equisetopsida,Gentianales,Gentianaceae,"Macrocarpaea wallnoeferi"
Mammalia,Rodentia,Sciuridae,"Hadrosciurus ignitus"
Equisetopsida,Cornales,Hydrangeaceae,"Hydrangea preslii"
Equisetopsida,Cornales,Hydrangeaceae,"Hydrangea tarapotensis"
Equisetopsida,Asparagales,Orchidaceae,"Macrocentrum andinum"
Equisetopsida,Myrtales,Myrtaceae,"Campomanesia speciosa"
Equisetopsida,Rosales,Moraceae,"Brosimum acutifolium"
Equisetopsida,Asparagales,Orchidaceae,"Epidendrum chrysomyristicum"
Equisetopsida,Myrtales,Melastomataceae,"Miconia bullata"
Equisetopsida,Alismatales,Araceae,"Stenospermation amomifolium"
Equisetopsida,Solanales,Solanaceae,"Solanum ursinum"
Mammalia,Chiroptera,Phyllostomidae,"Rhinophylla pumilio"
Equisetopsida,Asparagales,Orchidaceae,"Epidendrum chrisii-sharoniae"
Equisetopsida,Oxalidales,Oxalidaceae,"Oxalis ortgiesii"
Equisetopsida,Asparagales,Orchidaceae,"Macroclinium chasei"
Mammalia,Chiroptera,Phyllostomidae,"Rhinophylla fischerae"
Equisetopsida,Asparagales,Orchidaceae,"Habenaria repens"
Equisetopsida,Lamiales,Cordiaceae,"Cordia bicolor"
Equisetopsida,Poales,Poaceae,"Bromus pitensis"
Amphibia,Anura,Bufonidae,"Rhinella yanachaga"
Equisetopsida,Asparagales,Orchidaceae,"Epidendrum chondrochilum"
Aves,Piciformes,Picidae,"Dryobates nigriceps"
Equisetopsida,Myrtales,Melastomataceae,"Miconia microphysca"
Aves,Apodiformes,Trochilidae,"Ocreatus underwoodii"
Mammalia,Rodentia,Caviidae,"Hydrochoerus hydrochaeris"
Equisetopsida,Asparagales,Orchidaceae,"Epidendrum choccei"
Equisetopsida,Asparagales,Orchidaceae,"Habenaria monorrhiza"
Equisetopsida,Solanales,Solanaceae,"Solanum verecundum"
Aves,Passeriformes,Thraupidae,"Saltator aurantiirostris"
Equisetopsida,Apiales,Araliaceae,"Hydrocotyle acutifolia"
Equisetopsida,Laurales,Lauraceae,"Ocotea subrutilans"
Equisetopsida,Asparagales,Orchidaceae,"Macroclinium villenaorum"
Aves,Psittaciformes,Psittacidae,"Amazona mercenarius"
Equisetopsida,Laurales,Lauraceae,"Ocotea splendens"
Equisetopsida,Polypodiales,Polypodiaceae,"Campyloneurum albopunctatissimum"
Aves,Passeriformes,Onychorhynchidae,"Myiobius atricaudus"
Amphibia,Anura,Bufonidae,"Rhinella poeppigii"
Equisetopsida,Polypodiales,Polypodiaceae,"Campyloneurum amphostenon"
Equisetopsida,Laurales,Lauraceae,"Ocotea puberula"
Equisetopsida,Myrtales,Melastomataceae,"Miconia aggregata"
Equisetopsida,Laurales,Lauraceae,"Ocotea papyracea"
Equisetopsida,Asparagales,Orchidaceae,"Epidendrum chinchaoense"
Equisetopsida,Polypodiales,Polypodiaceae,"Campyloneurum angustifolium"
Equisetopsida,Asparagales,Orchidaceae,"Epidendrum chaoticum"
Equisetopsida,Polypodiales,Polypodiaceae,"Campyloneurum angustipaleatum"
Equisetopsida,Gentianales,Rubiaceae,"Macrocnemum roseum"
Equisetopsida,Polypodiales,Polypodiaceae,"Campyloneurum aphanophlebium"
Equisetopsida,Asparagales,Orchidaceae,"Maxillaria saragurensis"
Equisetopsida,Laurales,Lauraceae,"Ocotea ovalifolia"
Equisetopsida,Asparagales,Orchidaceae,"Epidendrum chalmersii"
Equisetopsida,Polypodiales,Polypodiaceae,"Campyloneurum asplundii"
Equisetopsida,Lamiales,Cordiaceae,"Cordia lomatoloba"
Equisetopsida,Laurales,Lauraceae,"Ocotea olivacea"
Equisetopsida,Asparagales,Orchidaceae,"Brassia rolandoi"
Equisetopsida,Laurales,Lauraceae,"Aiouea grandifolia"
Equisetopsida,Polypodiales,Polypodiaceae,"Campyloneurum crassifolium"
Equisetopsida,Asparagales,Orchidaceae,"Brassia euodes"
Equisetopsida,Asparagales,Orchidaceae,"Brassia bennettiorum"
Equisetopsida,Asparagales,Orchidaceae,"Epidendrum catillus"
Mammalia,Rodentia,Cricetidae,"Hylaeamys perenensis"
Equisetopsida,Asterales,Asteraceae,"Gynoxys calyculisolvens"
Equisetopsida,Polypodiales,Polypodiaceae,"Campyloneurum fuscosquamatum"
Equisetopsida,Laurales,Lauraceae,"Ocotea obovata"
Equisetopsida,Poales,Poaceae,"Gynerium sagittatum"
Equisetopsida,Polypodiales,Polypodiaceae,"Campyloneurum nitidissimum"
Equisetopsida,Asparagales,Orchidaceae,"Epidendrum cartilaginiflorum"
Mammalia,Rodentia,Cricetidae,"Hylaeamys yunganus"
Equisetopsida,Laurales,Lauraceae,"Ocotea oblonga"
Equisetopsida,Myrtales,Melastomataceae,"Miconia affinis"
Equisetopsida,Polypodiales,Polypodiaceae,"Campyloneurum ophiocaulon"
Equisetopsida,Laurales,Lauraceae,"Ocotea longipetiolata"
Equisetopsida,Magnoliales,Annonaceae,"Oxandra xylopioides"
Equisetopsida,Polypodiales,Polypodiaceae,"Campyloneurum phyllitidis"
Equisetopsida,Laurales,Lauraceae,"Ocotea kolera"
Aves,Charadriiformes,Scolopacidae,"Actitis macularius"
Equisetopsida,Asparagales,Orchidaceae,"Epidendrum cardiomorphum"
Aves,Passeriformes,Troglodytidae,"Pheugopedius coraya"
Equisetopsida,Fabales,Fabaceae,"Macrolobium angustifolium"
Equisetopsida,Laurales,Lauraceae,"Ocotea javitensis"
Aves,Passeriformes,Vireonidae,"Hylophilus olivaceus"
Equisetopsida,Metteniusales,Metteniusaceae,"Dendrobangia boliviana"
Equisetopsida,Fabales,Fabaceae,"Macrolobium bifolium"
Actinopterygii,Siluriformes,Pimelodidae,"Brachyplatystoma flavicans"
Equisetopsida,Asparagales,Orchidaceae,"Epidendrum calyptrandrium"
Equisetopsida,Gentianales,Apocynaceae,"Oxypetalum dombeyanum"
Equisetopsida,Fabales,Fabaceae,"Macrolobium gracile"
Aves,Apodiformes,Trochilidae,"Campylopterus largipennis"
Aves,Passeriformes,Thraupidae,"Saltator grossus"
Equisetopsida,Lamiales,Cordiaceae,"Cordia nodosa"
Aves,Passeriformes,Thraupidae,"Sporophila nigricollis"
Equisetopsida,Asparagales,Orchidaceae,"Epidendrum borealistachyum"
Equisetopsida,Asparagales,Orchidaceae,"Epidendrum bolivianum"
Reptilia,Serpentes,Dipsadidae,"Oxyrhopus melanogenys"
Equisetopsida,Asparagales,Orchidaceae,"Epidendrum blepharistes"
Equisetopsida,Poales,Bromeliaceae,"Guzmania xipholepis"
Amphibia,Anura,Bufonidae,"Rhinella leptoscelis"
Equisetopsida,Poales,Bromeliaceae,"Guzmania strobilantha"
Equisetopsida,Poales,Bromeliaceae,"Guzmania squarrosa"
Equisetopsida,Polypodiales,Athyriaceae,"Diplazium praestans"
Equisetopsida,Asparagales,Orchidaceae,"Solenocentrum asplundii"
Equisetopsida,Poales,Bromeliaceae,"Guzmania paniculata"
Equisetopsida,Laurales,Lauraceae,"Ocotea gracilis"
Equisetopsida,Asparagales,Orchidaceae,"Epidendrum birostratum"
Aves,Passeriformes,Furnariidae,"Campylorhamphus trochilirostris"
Insecta,Coleoptera,Scarabaeidae,"Oxysternon conspicillatum"
Equisetopsida,Laurales,Lauraceae,"Ocotea floribunda"
Aves,Passeriformes,Thraupidae,"Saltator maximus"
Equisetopsida,Fabales,Fabaceae,"Hymenaea courbaril"
Equisetopsida,Asterales,Asteraceae,"Oyedaea buphthalmoides"
Equisetopsida,Cucurbitales,Cucurbitaceae,"Gurania sinuata"
Equisetopsida,Laurales,Lauraceae,"Ocotea cuneifolia"
Equisetopsida,Cucurbitales,Cucurbitaceae,"Gurania rhizantha"
Equisetopsida,Gentianales,Apocynaceae,"Macropharynx spectabilis"
Actinopterygii,Characiformes,Characidae,"Brachychalcinus nummus"
Equisetopsida,Myrtales,Melastomataceae,"Miconia adinantha"
Equisetopsida,Asparagales,Orchidaceae,"Brachionidium yanachagaensis"
Equisetopsida,Polypodiales,Aspleniaceae,"Hymenasplenium repandulum"
Equisetopsida,Asparagales,Orchidaceae,"Brachionidium quatuor"
Equisetopsida,Lamiales,Cordiaceae,"Cordia panamensis"
Equisetopsida,Cucurbitales,Cucurbitaceae,"Gurania lobata"
Equisetopsida,Gentianales,Gentianaceae,"Potalia resinifera"
Equisetopsida,Asparagales,Orchidaceae,"Epidendrum becerrae"
Equisetopsida,Asparagales,Orchidaceae,"Brachionidium montieliae"
Equisetopsida,Asparagales,Orchidaceae,"Brachionidium hirtzii"
Equisetopsida,Cucurbitales,Cucurbitaceae,"Gurania eriantha"
Equisetopsida,Asparagales,Orchidaceae,"Brachionidium gonzalesii"
Equisetopsida,Asparagales,Orchidaceae,"Brachionidium galeatum"
Equisetopsida,Asparagales,Orchidaceae,"Maxillaria pulla"
Equisetopsida,Myrtales,Melastomataceae,"Miconia calophylla"
Equisetopsida,Asparagales,Orchidaceae,"Epidendrum aquilalatum"
Equisetopsida,Asparagales,Orchidaceae,"Brachionidium ecuadorense"
Equisetopsida,Zingiberales,Cannaceae,"Canna paniculata"
Equisetopsida,Asparagales,Orchidaceae,"Brachionidium alpestre"
Equisetopsida,Rosales,Moraceae,"Sorocea briquetii"
Equisetopsida,Lamiales,Cordiaceae,"Cordia ucayaliensis"
Aves,Passeriformes,Thamnophilidae,"Rhegmatorhina melanosticta"
Equisetopsida,Malvales,Malvaceae,"Pachira insignis"
Equisetopsida,Malvales,Malvaceae,"Pachira macrocalyx"
Equisetopsida,Gentianales,Rubiaceae,"Guettarda aromatica"
Actinopterygii,Siluriformes,Heptapteridae,"Rhamdia quelen"
Equisetopsida,Gentianales,Gentianaceae,"Potalia amara"
Equisetopsida,Laurales,Lauraceae,"Ocotea bofa"
Equisetopsida,Polypodiales,Thelypteridaceae,"Macrothelypteris torresiana"
Equisetopsida,Fabales,Fabaceae,"Hymenolobium pulcherrimum"
Equisetopsida,Piperales,Piperaceae,"Piper aduncum"
Aves,Passeriformes,Tyrannidae,"Myiarchus tuberculifer"
Equisetopsida,Myrtales,Melastomataceae,"Miconia calvescens"
Equisetopsida,Podocarpales,Podocarpaceae,"Retrophyllum rospigliosii"
Equisetopsida,Magnoliales,Annonaceae,"Guatteria ucayalina"
Equisetopsida,Cyatheales,Cyatheaceae,"Cyathea caracasana"
Equisetopsida,Laurales,Lauraceae,"Ocotea aurantiodora"
Equisetopsida,Hymenophyllales,Hymenophyllaceae,"Hymenophyllum fucoides"
Equisetopsida,Gentianales,Rubiaceae,"Retiniphyllum fuchsioides"
Equisetopsida,Hymenophyllales,Hymenophyllaceae,"Hymenophyllum plumieri"
Equisetopsida,Piperales,Piperaceae,"Piper acutifolium"
Equisetopsida,Magnoliales,Annonaceae,"Guatteria terminalis"
Equisetopsida,Dipsacales,Viburnaceae,"Sambucus peruviana"
Equisetopsida,Hymenophyllales,Hymenophyllaceae,"Hymenophyllum polyanthos"
Equisetopsida,Laurales,Lauraceae,"Ocotea arnottiana"
Equisetopsida,Lamiales,Lamiaceae,"Aegiphila ulei"
Equisetopsida,Magnoliales,Annonaceae,"Guatteria scytophylla"
Equisetopsida,Hymenophyllales,Hymenophyllaceae,"Hymenophyllum trichomanoides"
Equisetopsida,Laurales,Lauraceae,"Ocotea amplissima"
Equisetopsida,Malpighiales,Chrysobalanaceae,"Hymenopus heteromorphus"
Equisetopsida,Magnoliales,Annonaceae,"Guatteria ramiflora"
Equisetopsida,Laurales,Lauraceae,"Ocotea amplifolia"
Equisetopsida,Asparagales,Orchidaceae,"Restrepia elegans"
Equisetopsida,Magnoliales,Annonaceae,"Guatteria punctata"
Equisetopsida,Lamiales,Acanthaceae,"Sanchezia oblonga"
Equisetopsida,Asparagales,Orchidaceae,"Restrepia antennifera"
Aves,Piciformes,Capitonidae,"Capito auratus"
Insecta,Lepidoptera,Nymphalidae,"Magneuptychia libye"
Equisetopsida,Laurales,Lauraceae,"Ocotea amazonica"
Equisetopsida,Gentianales,Rubiaceae,"Posoqueria latifolia subsp. Latifolia"
Equisetopsida,Magnoliales,Annonaceae,"Guatteria oblongifolia"
Equisetopsida,Zingiberales,Zingiberaceae,"Renealmia thyrsoidea subsp. thyrsoidea"
Equisetopsida,Ranunculales,Menispermaceae,"Borismene japurensis"
Equisetopsida,Arecales,Arecaceae,"Hyospathe elegans"
Equisetopsida,Asparagales,Orchidaceae,"Epidendrum amplum"
Equisetopsida,Gentianales,Loganiaceae,"Bonyunia pulchra"
Equisetopsida,Magnoliales,Annonaceae,"Guatteria megalophylla"
Equisetopsida,Magnoliales,Annonaceae,"Guatteria hirsuta"
Equisetopsida,Malpighiales,Bonnetiaceae,"Bonnetia paniculata"
Equisetopsida,Magnoliales,Annonaceae,"Guatteria guianensis"
Equisetopsida,Asparagales,Orchidaceae,"Epidendrum amazonicoriifolium"
Equisetopsida,Arecales,Arecaceae,"Hyospathe elegans subsp. elegans"
Equisetopsida,Liliales,Alstroemeriaceae,"Bomarea setacea"
Equisetopsida,Magnoliales,Annonaceae,"Guatteria duodecima"
Equisetopsida,Zingiberales,Zingiberaceae,"Renealmia thyrsoidea"
Equisetopsida,Asparagales,Orchidaceae,"Epidendrum amaruense"
Equisetopsida,Rosales,Moraceae,"Sorocea muriculata"
Equisetopsida,Zingiberales,Zingiberaceae,"Renealmia nicolaioides"
Equisetopsida,Magnoliales,Annonaceae,"Guatteria blepharophylla"
Equisetopsida,Asparagales,Orchidaceae,"Epidendrum alopecurium"
Equisetopsida,Sapindales,Meliaceae,"Guarea velutina"
Equisetopsida,Zingiberales,Zingiberaceae,"Renealmia monosperma"
Equisetopsida,Laurales,Lauraceae,"Ocotea aciphylla"
Equisetopsida,Sapindales,Meliaceae,"Guarea silvatica"
Equisetopsida,Zingiberales,Zingiberaceae,"Renealmia krukovii"
Equisetopsida,Lamiales,Lamiaceae,"Aegiphila smithii"
Equisetopsida,Zingiberales,Zingiberaceae,"Renealmia breviscapa"
Equisetopsida,Asparagales,Orchidaceae,"Epidendrum aida-alvareziae"
Equisetopsida,Liliales,Alstroemeriaceae,"Bomarea nervosa"
Equisetopsida,Sapindales,Meliaceae,"Guarea pubescens"
Insecta,Lepidoptera,Nymphalidae,"Hypanartia kefersteini"
Insecta,Lepidoptera,Riodinidae,"Monethe albertus"
Insecta,Lepidoptera,Nymphalidae,"Hypanartia splendida"
Aves,Strigiformes,Strigidae,"Megascops watsonii"
Equisetopsida,Cucurbitales,Coriariaceae,"Coriaria ruscifolia"
Equisetopsida,Malpighiales,Salicaceae,"Pleuranthodendron lindenii"
Equisetopsida,Sapindales,Meliaceae,"Guarea pterorhachis"
Equisetopsida,Gentianales,Rubiaceae,"Remijia chelomaphylla"
Equisetopsida,Liliales,Alstroemeriaceae,"Bomarea dulcis"
Equisetopsida,Sapindales,Meliaceae,"Guarea macrophylla"
Mammalia,Didelphimorphia,Didelphidae,"Didelphis marsupialis"
Equisetopsida,Asparagales,Orchidaceae,"Epidendrum aggregatum"
Aves,Passeriformes,Tityridae,"Pachyramphus polychopterus"
Equisetopsida,Liliales,Alstroemeriaceae,"Bomarea distichophylla"
Equisetopsida,Liliales,Alstroemeriaceae,"Bomarea distichifolia"
Equisetopsida,Liliales,Alstroemeriaceae,"Bomarea dispar"
Equisetopsida,Sapindales,Meliaceae,"Guarea kunthiana"
Equisetopsida,Asparagales,Orchidaceae,"Epidendrum acuminatum"
Equisetopsida,Gentianales,Rubiaceae,"Carapichea affinis"
Equisetopsida,Cornales,Cornaceae,"Cornus peruviana"
Equisetopsida,Asparagales,Orchidaceae,"Epidendrum acrobatesii"
Equisetopsida,Liliales,Alstroemeriaceae,"Bomarea cordifolia"
Equisetopsida,Malpighiales,Euphorbiaceae,"Sapium glandulosum"
Equisetopsida,Gentianales,Apocynaceae,"Rauvolfia sprucei"
Equisetopsida,Brassicales,Brassicaceae,"Cardamine bonariensis"
Equisetopsida,Malpighiales,Euphorbiaceae,"Sapium laurifolium"
Equisetopsida,Rosales,Moraceae,"Sorocea pubivena"
Equisetopsida,Rosales,Moraceae,"Sorocea pubivena subsp. hirtella"
Aves,Passeriformes,Tityridae,"Pachyramphus versicolor"
Equisetopsida,Magnoliales,Magnoliaceae,"Magnolia juninensis"
Equisetopsida,Gentianales,Rubiaceae,"Posoqueria latifolia"
Equisetopsida,Malpighiales,Hypericaceae,"Hypericum laricifolium"
Equisetopsida,Sapindales,Meliaceae,"Guarea guidonia"
Equisetopsida,Laurales,Lauraceae,"Aiouea montana"
Amphibia,Caudata,Plethodontidae,"Bolitoglossa peruviana"
Equisetopsida,Gentianales,Rubiaceae,"Posoqueria coriacea"
Equisetopsida,Malpighiales,Euphorbiaceae,"Sapium marmieri"
Equisetopsida,Malpighiales,Hypericaceae,"Hypericum thesiifolium"
Aves,Psittaciformes,Psittacidae,"Bolborhynchus orbygnesius"
Equisetopsida,Sapindales,Meliaceae,"Guarea guentheri"
Equisetopsida,Solanales,Solanaceae,"Saracha punctata"
Equisetopsida,Gentianales,Rubiaceae,"Raritebe palicoureoides"
Equisetopsida,Sapindales,Meliaceae,"Guarea gomma"
Aves,Passeriformes,Tityridae,"Pachyramphus viridis"
Equisetopsida,Sapindales,Meliaceae,"Guarea glabra"
Aves,Psittaciformes,Psittacidae,"Bolborhynchus lineola"
Equisetopsida,Cyatheales,Cyatheaceae,"Cyathea catacampta"
Equisetopsida,Sapindales,Meliaceae,"Guarea ecuadoriensis"
Aves,Galbuliformes,Bucconidae,"Malacoptila fulvogularis"
Equisetopsida,Poales,Cyperaceae,"Carex pichinchensis"
Equisetopsida,Caryophyllales,Nyctaginaceae,"Guapira myrtiflora"
Equisetopsida,Polypodiales,Dryopteridaceae,"Bolbitis serratifolia"
Equisetopsida,Poales,Cyperaceae,"Carex polystachya"
Equisetopsida,Ericales,Sapotaceae,"Sarcaulus brasiliensis"
Equisetopsida,Polypodiales,Dryopteridaceae,"Bolbitis pandurifolia"
Equisetopsida,Proteales,Sabiaceae,"Meliosma boliviensis"
Aves,Passeriformes,Tyrannidae,"Ochthoeca rufipectoralis"
Mammalia,Didelphimorphia,Didelphidae,"Didelphis pernigra"
Equisetopsida,Cyatheales,Cyatheaceae,"Cyathea conjugata"
Equisetopsida,Malpighiales,Salicaceae,"Piparea multiflora"
Equisetopsida,Ericales,Sapotaceae,"Sarcaulus brasiliensis subsp. brasiliensis"
Equisetopsida,Poales,Rapateaceae,"Rapatea paludosa"
Equisetopsida,Gentianales,Rubiaceae,"Amaioua guianensis"
Equisetopsida,Poales,Poaceae,"Cortaderia bifida"
Aves,Apodiformes,Trochilidae,"Boissonneaua matthewsii"
Aves,Passeriformes,Tyrannidae,"Ochthoeca pulchella"
Equisetopsida,Asparagales,Orchidaceae,"Sarcoglottis acaulis"
Equisetopsida,Pandanales,Cyclanthaceae,"Carludovica palmata"
Equisetopsida,Asparagales,Orchidaceae,"Sarcoglottis grandiflora"
Aves,Passeriformes,Troglodytidae,"Cyphorhinus thoracicus"
Equisetopsida,Lamiales,Lamiaceae,"Aegiphila integrifolia"
Equisetopsida,Asparagales,Orchidaceae,"Sarcoglottis neillii"
Equisetopsida,Asparagales,Orchidaceae,"Sarcoglottis turkeliae"
Equisetopsida,Rosales,Urticaceae,"Boehmeria ulmifolia"
Equisetopsida,Rosales,Urticaceae,"Boehmeria pavonii"
Equisetopsida,Polypodiales,Polypodiaceae,"Grammitis wolfii"
Equisetopsida,Polypodiales,Polypodiaceae,"Grammitis subsessilis"
Equisetopsida,Polypodiales,Polypodiaceae,"Grammitis serrulata"
Aves,Passeriformes,Tyrannidae,"Myiarchus cephalotes"
Equisetopsida,Ericales,Marcgraviaceae,"Sarcopera anomala"
Equisetopsida,Ranunculales,Papaveraceae,"Bocconia integrifolia"
Equisetopsida,Polypodiales,Polypodiaceae,"Grammitis moniliformis"
Mammalia,Chiroptera,Phyllostomidae,"Carollia brevicauda"
Equisetopsida,Polypodiales,Polypodiaceae,"Grammitis mathewsii"
Equisetopsida,Ranunculales,Papaveraceae,"Bocconia frutescens"
Equisetopsida,Polypodiales,Polypodiaceae,"Grammitis leucosticta"
Equisetopsida,Polypodiales,Polypodiaceae,"Grammitis eunoe"
Aves,Passeriformes,Vireonidae,"Pachysylvia hypoxantha"
Mammalia,Chiroptera,Phyllostomidae,"Carollia castanea"
Equisetopsida,Malpighiales,Salicaceae,"Piparea dentata"
Actinopterygii,Perciformes,Sciaenidae,"Pachyurus schomburgkii"
Reptilia,Sauria,Tropiduridae,"Stenocercus torquatus"
Aves,Passeriformes,Thamnophilidae,"Hypocnemis peruviana"
Aves,Passeriformes,Grallariidae,"Grallaricula leymebambae"
Aves,Passeriformes,Grallariidae,"Grallaricula flavirostris"
Equisetopsida,Gentianales,Rubiaceae,"Amaioua glomerulata"
Equisetopsida,Asparagales,Orchidaceae,"Bletia catenulata"
Aves,Apodiformes,Trochilidae,"Discosura popelairii"
Aves,Passeriformes,Grallariidae,"Grallaria squamigera"
Mammalia,Chiroptera,Phyllostomidae,"Carollia perspicillata"
Equisetopsida,Alismatales,Araceae,"Philodendron acreanum"
Equisetopsida,Gentianales,Apocynaceae,"Blepharodon salicinum"
Equisetopsida,Myrtales,Melastomataceae,"Miconia abbreviata"
Aves,Passeriformes,Thamnophilidae,"Hypocnemis subflava"
Aves,Passeriformes,Tyrannidae,"Ochthoeca fumicolor"
Equisetopsida,Malpighiales,Achariaceae,"Carpotroche longifolia"
Equisetopsida,Polypodiales,Blechnaceae,"Blechnum occidentale"
Aves,Passeriformes,Grallariidae,"Grallaria rufula"
Equisetopsida,Cyatheales,Cyatheaceae,"Cyathea delgadii"
Equisetopsida,Polypodiales,Blechnaceae,"Blechnum fragile"
Equisetopsida,Ericales,Ericaceae,"Demosthenesia mandonii"
Equisetopsida,Gentianales,Rubiaceae,"Pagamea dudleyi"
Equisetopsida,Cyatheales,Cyatheaceae,"Cyathea dintelmannii"
Equisetopsida,Alismatales,Araceae,"Philodendron acutifolium"
Equisetopsida,Polypodiales,Didymochlaenaceae,"Didymochlaena truncatula"
Equisetopsida,Gentianales,Rubiaceae,"Randia armata"
Equisetopsida,Polypodiales,Blechnaceae,"Blechnum divergens"
Equisetopsida,Gentianales,Rubiaceae,"Pagamea guianensis"
Equisetopsida,Cyatheales,Cyatheaceae,"Cyathea divergens"
Equisetopsida,Polypodiales,Blechnaceae,"Blechnum cordatum"
Aves,Coraciiformes,Momotidae,"Momotus momota"
Equisetopsida,Malpighiales,Caryocaraceae,"Caryocar amygdaliforme"
Equisetopsida,Alismatales,Araceae,"Philodendron alatum"
Equisetopsida,Alismatales,Araceae,"Philodendron angustialatum"
Equisetopsida,Malpighiales,Caryocaraceae,"Caryocar glabrum"
Equisetopsida,Myrtales,Alzateaceae,"Alzatea verticillata subsp. verticillata"
Actinopterygii,Characiformes,Characidae,"Cynopotamus amazonus"
Equisetopsida,Polypodiales,Blechnaceae,"Blechnum auratum"
Equisetopsida,Alismatales,Araceae,"Philodendron asplundii"
Equisetopsida,Lamiales,Acanthaceae,"Stenostephanus densiflorus"
Mammalia,Chiroptera,Phyllostomidae,"Phyllostomus elongatus"
Equisetopsida,Proteales,Sabiaceae,"Meliosma caballeroensis"
Equisetopsida,Polypodiales,Blechnaceae,"Blechnum asplenioides"
Aves,Passeriformes,Grallariidae,"Grallaria guatimalensis"
Aves,Piciformes,Picidae,"Dryobates affinis"
Aves,Passeriformes,Cotingidae,"Doliornis sclateri"
Actinopterygii,Siluriformes,Callichthyidae,"Corydoras panda"
Equisetopsida,Asparagales,Orchidaceae,"Stelis cassidis"
Equisetopsida,Polypodiales,Dennstaedtiaceae,"Hypolepis parallelogramma"
Equisetopsida,Myrtales,Melastomataceae,"Blakea sawadae"
Equisetopsida,Malpighiales,Euphorbiaceae,"Caryodendron orinocense"
Aves,Passeriformes,Grallariidae,"Grallaria capitalis"
Equisetopsida,Cyatheales,Cyatheaceae,"Cyathea herzogii"
Equisetopsida,Myrtales,Melastomataceae,"Blakea rosea"
Aves,Passeriformes,Grallariidae,"Grallaria blakei"
Equisetopsida,Alismatales,Araceae,"Philodendron attenuatum"
Equisetopsida,Asparagales,Orchidaceae,"Malaxis sodiroi"
Aves,Passeriformes,Turdidae,"Entomodestes leucotis"
Equisetopsida,Alismatales,Araceae,"Philodendron brandtianum"
Aves,Passeriformes,Tyrannidae,"Ochthoeca frontalis"
Equisetopsida,Cyatheales,Cyatheaceae,"Cyathea lasiosora"
Equisetopsida,Gentianales,Rubiaceae,"Palicourea acuminata"
Equisetopsida,Fabales,Fabaceae,"Enterolobium schomburgkii"
Equisetopsida,Alismatales,Araceae,"Philodendron chinchamayense"
Aves,Passeriformes,Grallariidae,"Grallaria andicolus"
Equisetopsida,Asparagales,Orchidaceae,"Stelis biserrula"
Equisetopsida,Fabales,Fabaceae,"Enterolobium barnebianum"
Equisetopsida,Myrtales,Melastomataceae,"Blakea repens"
Aves,Passeriformes,Tyrannidae,"Ochthoeca cinnamomeiventris"
Equisetopsida,Asparagales,Orchidaceae,"Maxillaria splendens"
Equisetopsida,Santalales,Balanophoraceae,"Corynaea crassa"
Equisetopsida,Proteales,Sabiaceae,"Meliosma frondosa"
Equisetopsida,Myrtales,Melastomataceae,"Graffenrieda miconioides"
Equisetopsida,Malpighiales,Salicaceae,"Casearia acuminata"
Equisetopsida,Myrtales,Melastomataceae,"Blakea paludosa"
Equisetopsida,Alismatales,Araceae,"Philodendron deflexum"
Equisetopsida,Myrtales,Melastomataceae,"Blakea multiflora"
Equisetopsida,Malpighiales,Salicaceae,"Casearia arborea"
Mammalia,Chiroptera,Molossidae,"Molossus molossus"
Aves,Passeriformes,Turdidae,"Myadestes ralloides"
Equisetopsida,Ericales,Ericaceae,"Satyria panurensis"
Equisetopsida,Gentianales,Rubiaceae,"Palicourea allenii"
Equisetopsida,Asterales,Asteraceae,"Porophyllum ruderale"
Equisetopsida,Myrtales,Melastomataceae,"Graffenrieda gracilis"
Equisetopsida,Ericales,Ericaceae,"Satyria warszewiczii"
Equisetopsida,Malpighiales,Salicaceae,"Casearia decandra"
Equisetopsida,Malpighiales,Salicaceae,"Casearia fasciculata"
Equisetopsida,Ericales,Actinidiaceae,"Saurauia glabra"
Equisetopsida,Fabales,Polygalaceae,"Monnina connectisepala"
Aves,Apodiformes,Trochilidae,"Ensifera ensifera"
Amphibia,Anura,Hylidae,"Hypsiboas aguilari"
Actinopterygii,Siluriformes,Pimelodidae,"Sorubim lima"
Equisetopsida,Myrtales,Melastomataceae,"Graffenrieda emarginata"
Equisetopsida,Gentianales,Rubiaceae,"Palicourea amethystina"
Equisetopsida,Polypodiales,Dryopteridaceae,"Mickelia oligarchica"
Equisetopsida,Myrtales,Melastomataceae,"Graffenrieda cucullata"
Equisetopsida,Apiales,Araliaceae,"Didymopanax confusus"
Equisetopsida,Ericales,Actinidiaceae,"Saurauia prainiana"
Equisetopsida,Polypodiales,Athyriaceae,"Diplazium tungurahuae"
Equisetopsida,Malpighiales,Salicaceae,"Casearia pitumba"
Equisetopsida,Malpighiales,Ochnaceae,"Sauvagesia aliciae"
Equisetopsida,Proteales,Sabiaceae,"Meliosma glabrata"
Aves,Passeriformes,Thraupidae,"Ramphocelus nigrogularis"
Aves,Passeriformes,Tyrannidae,"Piprites chloris"
Mammalia,Didelphimorphia,Didelphidae,"Gracilinanus peruanus"
Equisetopsida,Malpighiales,Ochnaceae,"Sauvagesia erecta"
Equisetopsida,Asparagales,Orchidaceae,"Cyrtochilum multiflorum"
Equisetopsida,Asterales,Asteraceae,"Bidens pilosa"
Equisetopsida,Malpighiales,Goupiaceae,"Goupia glabra"
Equisetopsida,Malpighiales,Salicaceae,"Casearia sylvestris"
Equisetopsida,Lamiales,Lamiaceae,"Aegiphila insignis"
Equisetopsida,Apiales,Araliaceae,"Didymopanax morototoni"
Equisetopsida,Alismatales,Araceae,"Philodendron deltoideum"
Actinopterygii,Siluriformes,Pimelodidae,"Goslinia platynema"
Equisetopsida,Asterales,Asteraceae,"Bidens andicola"
Equisetopsida,Malpighiales,Salicaceae,"Casearia ulmifolia"
Equisetopsida,Asparagales,Orchidaceae,"Mesadenella cuspidata"
Equisetopsida,Gentianales,Rubiaceae,"Palicourea bertieroides"
Aves,Passeriformes,Tyrannidae,"Sayornis nigricans"
Insecta,Lepidoptera,Nymphalidae,"Bia peruana"
Equisetopsida,Ericales,Marcgraviaceae,"Souroubea corallina"
Equisetopsida,Gentianales,Rubiaceae,"Palicourea bolivarensis"
Aves,Passeriformes,Thraupidae,"Dacnis lineata"
Equisetopsida,Ericales,Theaceae,"Gordonia fruticosa"
Equisetopsida,Alismatales,Araceae,"Philodendron ernestii"
Equisetopsida,Gentianales,Rubiaceae,"Palicourea bracteosa"
Equisetopsida,Malpighiales,Rhizophoraceae,"Cassipourea peruviana"
Equisetopsida,Lamiales,Gesneriaceae,"Besleria variabilis"
Insecta,Lepidoptera,Nymphalidae,"Castilia angusta"
Equisetopsida,Lamiales,Gesneriaceae,"Besleria trichiata"
Insecta,Lepidoptera,Nymphalidae,"Castilia perilla"
Actinopterygii,Characiformes,Characidae,"Engraulisoma taeniatum"
Equisetopsida,Gentianales,Rubiaceae,"Gonzalagunia cornifolia"
Equisetopsida,Lamiales,Gesneriaceae,"Besleria racemosa"
Equisetopsida,Gentianales,Rubiaceae,"Palicourea cajamarcana"
Equisetopsida,Gentianales,Rubiaceae,"Palicourea campyloneura"
Equisetopsida,Asterales,Asteraceae,"Mutisia lanata"
Equisetopsida,Fabales,Polygalaceae,"Monnina densecomata"
Aves,Falconiformes,Falconidae,"Ibycter americanus"
Equisetopsida,Lamiales,Gesneriaceae,"Besleria immitis"
Equisetopsida,Lamiales,Gesneriaceae,"Besleria capitata"
Equisetopsida,Asparagales,Orchidaceae,"Gongora scaphephorus"
Equisetopsida,Poales,Poaceae,"Ichnanthus nemorosus"
Aves,Passeriformes,Thraupidae,"Ramphocelus carbo"
Equisetopsida,Asparagales,Orchidaceae,"Gongora rufescens"
Equisetopsida,Lamiales,Gesneriaceae,"Besleria barclayi"
Equisetopsida,Asparagales,Orchidaceae,"Gongora quinquenervis"
Equisetopsida,Lamiales,Gesneriaceae,"Besleria barbata"
Equisetopsida,Lamiales,Gesneriaceae,"Corytoplectus speciosus"
Equisetopsida,Poales,Poaceae,"Ichnanthus pallens"
Equisetopsida,Lamiales,Gesneriaceae,"Besleria aggregata"
Equisetopsida,Asparagales,Orchidaceae,"Gongora latisepala"
Equisetopsida,Poales,Poaceae,"Ichnanthus panicoides"
Equisetopsida,Myrtales,Combretaceae,"Terminalia viridiflora"
Equisetopsida,Malpighiales,Euphorbiaceae,"Tetrorchidium macrophyllum"
Equisetopsida,Malpighiales,Clusiaceae,"Tovomita weddelliana"
Equisetopsida,Ericales,Symplocaceae,"Symplocos fimbriata"
Equisetopsida,Malpighiales,Clusiaceae,"Tovomita laurina"
Mammalia,Chiroptera,Thyropteridae,"Thyroptera tricolor"
Equisetopsida,Polypodiales,Tectariaceae,"Tectaria pilosa"
Equisetopsida,Hymenophyllales,Hymenophyllaceae,"Trichomanes pinnatum"
Equisetopsida,Ericales,Styracaceae,"Styrax foveolaria"
Equisetopsida,Alismatales,Araceae,"Syngonium podophyllum var. podophyllum"
Aves,Passeriformes,Thraupidae,"Tangara xanthocephala"
Equisetopsida,Asparagales,Orchidaceae,"Xylobium subintegrum"
Equisetopsida,Fabales,Fabaceae,"Tachigali bracteosa"
Equisetopsida,Asterales,Asteraceae,"Werneria nubigena"
Equisetopsida,Gleicheniales,Gleicheniaceae,"Sticherus revolutus"
Equisetopsida,Fabales,Fabaceae,"Tachigali cenepensis"
Equisetopsida,Ericales,Symplocaceae,"Symplocos psiloclada"
Equisetopsida,Gleicheniales,Gleicheniaceae,"Sticherus remotus"
Equisetopsida,Fabales,Fabaceae,"Tachigali chrysaloides"
Mammalia,Chiroptera,Phyllostomidae,"Sturnira erythromos"
Equisetopsida,Caryophyllales,Petiveriaceae,"Trichostigma octandrum"
Equisetopsida,Oxalidales,Cunoniaceae,"Weinmannia spruceana"
Equisetopsida,Oxalidales,Cunoniaceae,"Weinmannia sorbifolia"
Aves,Passeriformes,Troglodytidae,"Troglodytes solstitialis"
Equisetopsida,Fabales,Fabaceae,"Tachigali chrysophylla"
Equisetopsida,Asparagales,Orchidaceae,"Zygopetalum maculatum"
Equisetopsida,Asparagales,Orchidaceae,"Telipogon astroglossus"
Equisetopsida,Oxalidales,Cunoniaceae,"Weinmannia reticulata"
Equisetopsida,Oxalidales,Cunoniaceae,"Weinmannia pubescens"
Aves,Charadriiformes,Charadriidae,"Vanellus cayanus"
Equisetopsida,Asparagales,Orchidaceae,"Telipogon bowmanii"
Equisetopsida,Polypodiales,Thelypteridaceae,"Thelypteris concinna"
Equisetopsida,Oxalidales,Cunoniaceae,"Weinmannia pinnata"
Equisetopsida,Malpighiales,Malpighiaceae,"Stigmaphyllon argenteum"
Equisetopsida,Gentianales,Loganiaceae,"Strychnos bredemeyeri"
Mammalia,Chiroptera,Phyllostomidae,"Uroderma bilobatum"
Equisetopsida,Polypodiales,Thelypteridaceae,"Thelypteris consobrina"
Equisetopsida,Polypodiales,Thelypteridaceae,"Thelypteris depilata"
Equisetopsida,Oxalidales,Cunoniaceae,"Weinmannia pentaphylla"
Equisetopsida,Oxalidales,Cunoniaceae,"Weinmannia ovata"
Aves,Passeriformes,Thamnophilidae,"Thamnophilus schistaceus"
Aves,Passeriformes,Tyrannidae,"Uromyias agraphia"
Equisetopsida,Oxalidales,Cunoniaceae,"Weinmannia multijuga"
Equisetopsida,Oxalidales,Cunoniaceae,"Weinmannia microphylla"
Equisetopsida,Asparagales,Orchidaceae,"Telipogon pseudobulbosus"
Equisetopsida,Oxalidales,Cunoniaceae,"Weinmannia lentiscifolia"
Equisetopsida,Oxalidales,Cunoniaceae,"Weinmannia lechleriana"
Equisetopsida,Rosales,Urticaceae,"Urera caracasana"
Equisetopsida,Oxalidales,Cunoniaceae,"Weinmannia jelskii"
Equisetopsida,Hymenophyllales,Hymenophyllaceae,"Trichomanes lucens"
Equisetopsida,Oxalidales,Cunoniaceae,"Weinmannia haenkeana"
Equisetopsida,Magnoliales,Annonaceae,"Unonopsis spectabilis"
Equisetopsida,Polypodiales,Thelypteridaceae,"Thelypteris glandulosa"
Equisetopsida,Oxalidales,Cunoniaceae,"Weinmannia fagaroides"
Equisetopsida,Sapindales,Rutaceae,"Zanthoxylum melanostictum"
Equisetopsida,Oxalidales,Cunoniaceae,"Weinmannia cymbifolia"
Equisetopsida,Lamiales,Bignoniaceae,"Tourrettia lappacea"
Equisetopsida,Polypodiales,Thelypteridaceae,"Thelypteris glandulosa var. brachyodus"
Equisetopsida,Fabales,Fabaceae,"Tachigali formicarum"
Aves,Passeriformes,Furnariidae,"Thripadectes scrutator"
Equisetopsida,Oxalidales,Cunoniaceae,"Weinmannia crassifolia"
Equisetopsida,Magnoliales,Annonaceae,"Unonopsis guatterioides"
Insecta,Lepidoptera,Nymphalidae,"Temenis laothoe"
Mammalia,Perissodactyla,Tapiridae,"Tapirus terrestris"
Equisetopsida,Oxalidales,Cunoniaceae,"Weinmannia balbisiana"
Mammalia,Chiroptera,Phyllostomidae,"Sturnira bogotensis"
Aves,Passeriformes,Furnariidae,"Thripadectes holostictus"
Aves,Passeriformes,Furnariidae,"Synallaxis azarae"
Aves,Passeriformes,Passerellidae,"Zonotrichia capensis"
Equisetopsida,Oxalidales,Cunoniaceae,"Weinmannia auriculata"
Actinopterygii,Cichliformes,Cichlidae,"Tahuantinsuyoa chipi"
Aves,Charadriiformes,Charadriidae,"Vanellus resplendens"
Aves,Passeriformes,Thamnophilidae,"Thamnophilus doliatus"
Equisetopsida,Ericales,Symplocaceae,"Symplocos quitensis"
Aves,Apodiformes,Trochilidae,"Threnetes leucurus"
Aves,Passeriformes,Thraupidae,"Trichothraupis melanops"
Mammalia,Chiroptera,Phyllostomidae,"Sturnira bidens"
Equisetopsida,Gentianales,Rubiaceae,"Warszewiczia cordata"
Equisetopsida,Commelinales,Haemodoraceae,"Xiphidium caeruleum"
Equisetopsida,Sapindales,Anacardiaceae,"Tapirira retusa"
Aves,Passeriformes,Tyrannidae,"Todirostrum cinereum"
Aves,Trogoniformes,Trogonidae,"Trogon personatus"
Insecta,Lepidoptera,Erebidae,"Theages occultus"
Equisetopsida,Gentianales,Rubiaceae,"Warszewiczia coccinea"
Aves,Passeriformes,Onychorhynchidae,"Terenotriccus erythrurus"
Mammalia,Chiroptera,Phyllostomidae,"Trachops cirrhosus"
Mammalia,Chiroptera,Phyllostomidae,"Sturnira tildae"
Mammalia,Carnivora,Ursidae,"Tremarctos ornatus"
Equisetopsida,Fabales,Fabaceae,"Swartzia myrtifolia var. peruviana"
Equisetopsida,Polypodiales,Thelypteridaceae,"Thelypteris leprieurii"
Equisetopsida,Asparagales,Orchidaceae,"Vargasiella peruviana"
Equisetopsida,Rosales,Urticaceae,"Urera laciniata"
Equisetopsida,Myrtales,Combretaceae,"Terminalia amazonia"
Equisetopsida,Gentianales,Gentianaceae,"Symbolanthus incaicus"
Equisetopsida,Sapindales,Sapindaceae,"Toulicia reticulata"
Equisetopsida,Gentianales,Rubiaceae,"Tournefortiopsis reticulata"
Equisetopsida,Fabales,Fabaceae,"Trifolium repens"
Aves,Passeriformes,Thraupidae,"Tangara gyrola"
Aves,Passeriformes,Thraupidae,"Thraupis palmarum"
Equisetopsida,Fabales,Fabaceae,"Tachigali guianensis"
Aves,Passeriformes,Thraupidae,"Tachyphonus surinamus"
Equisetopsida,Fabales,Fabaceae,"Tachigali inconspicua"
Equisetopsida,Myrtales,Combretaceae,"Terminalia grandis"
Equisetopsida,Poales,Bromeliaceae,"Vriesea dubia"
Aves,Passeriformes,Furnariidae,"Xiphorhynchus triangularis"
Equisetopsida,Polypodiales,Thelypteridaceae,"Thelypteris membranacea"
Equisetopsida,Myrtales,Combretaceae,"Terminalia oblonga"
Equisetopsida,Gentianales,Gentianaceae,"Voyria tenella"
Aves,Passeriformes,Thraupidae,"Tangara schrankii"
Aves,Trogoniformes,Trogonidae,"Trogon viridis"
Aves,Passeriformes,Thraupidae,"Thraupis episcopus"
Equisetopsida,Ericales,Primulaceae,"Stylogyne micrantha"
Equisetopsida,Malpighiales,Clusiaceae,"Symphonia globulifera"
Aves,Passeriformes,Thraupidae,"Tangara cyanotis"
Equisetopsida,Gentianales,Gentianaceae,"Voyria aphylla"
Equisetopsida,Dipsacales,Caprifoliaceae,"Valeriana pilosa"
Equisetopsida,Rosales,Moraceae,"Trophis caucana"
Equisetopsida,Fabales,Fabaceae,"Swartzia arborescens"
Aves,Passeriformes,Thamnophilidae,"Thamnophilus caerulescens"
Equisetopsida,Fabales,Fabaceae,"Stryphnodendron microstachyum"
Equisetopsida,Gentianales,Loganiaceae,"Strychnos erichsonii"
Equisetopsida,Sapindales,Anacardiaceae,"Toxicodendron striatum"
Aves,Passeriformes,Thraupidae,"Volatinia jacarina"
Equisetopsida,Fabales,Fabaceae,"Zygia coccinea"
Equisetopsida,Sapindales,Meliaceae,"Trichilia pallida"
Actinopterygii,Characiformes,Gasteropelecidae,"Thoracocharax stellatus"
Equisetopsida,Ericales,Pentaphylacaceae,"Ternstroemia jelskii"
Equisetopsida,Myrtales,Vochysiaceae,"Vochysia venulosa"
Equisetopsida,Myrtales,Vochysiaceae,"Vochysia obscura"
Equisetopsida,Sapindales,Rutaceae,"Zanthoxylum kellermanii"
Equisetopsida,Ericales,Pentaphylacaceae,"Ternstroemia pachytrocha"
Equisetopsida,Cycadales,Zamiaceae,"Zamia poeppigiana"
Equisetopsida,Fabales,Fabaceae,"Vatairea erythrocarpa"
Insecta,Lepidoptera,Erebidae,"Theages luculentus"
Aves,Passeriformes,Furnariidae,"Xiphorhynchus ocellatus"
Aves,Passeriformes,Tyrannidae,"Zimmerius viridiflavus"
Aves,Apodiformes,Apodidae,"Streptoprocne zonaris"
Equisetopsida,Gleicheniales,Gleicheniaceae,"Sticherus bifidus"
Mammalia,Chiroptera,Phyllostomidae,"Vampyressa melissa"
Equisetopsida,Myrtales,Myrtaceae,"Syzygium borbonicum"
Equisetopsida,Fabales,Fabaceae,"Tachigali macbridei"
Aves,Passeriformes,Thraupidae,"Tersina viridis"
Equisetopsida,Ericales,Ericaceae,"Vaccinium floribundum"
Equisetopsida,Asterales,Asteraceae,"Vernonanthura patens"
Equisetopsida,Fabales,Fabaceae,"Zygia coccinea var. coccinea"
Actinopterygii,Characiformes,Characidae,"Xenurobrycon polyancistrus"
Aves,Passeriformes,Turdidae,"Turdus fuscater"
Equisetopsida,Polypodiales,Pteridaceae,"Vittaria graminifolia"
Equisetopsida,Polypodiales,Thelypteridaceae,"Thelypteris rudis"
Aves,Passeriformes,Tyrannidae,"Tolmomyias poliocephalus"
Equisetopsida,Lamiales,Lamiaceae,"Vitex triflora"
Mammalia,Rodentia,Cricetidae,"Thomasomys notatus"
Equisetopsida,Sapindales,Anacardiaceae,"Tapirira obtusa"
Mammalia,Rodentia,Cricetidae,"Thomasomys kalinowskii"
Equisetopsida,Fabales,Fabaceae,"Tachigali pilosa"
Aves,Passeriformes,Turdidae,"Turdus hauxwelli"
Equisetopsida,Lamiales,Lamiaceae,"Vitex cymosa"
Equisetopsida,Ericales,Primulaceae,"Stylogyne serpentina"
Equisetopsida,Magnoliales,Annonaceae,"Unonopsis floribunda"
Mammalia,Rodentia,Cricetidae,"Thomasomys incanus"
Equisetopsida,Fabales,Fabaceae,"Swartzia myrtifolia"
Equisetopsida,Polypodiales,Thelypteridaceae,"Thelypteris serrata"
Equisetopsida,Dipsacales,Caprifoliaceae,"Valeriana virgata"
Aves,Caprimulgiformes,Caprimulgidae,"Uropsalis segmentata"
Equisetopsida,Gentianales,Loganiaceae,"Strychnos toxifera"
Equisetopsida,Malpighiales,Hypericaceae,"Vismia gracilis"
Aves,Passeriformes,Turdidae,"Turdus ignobilis"
Equisetopsida,Ericales,Ericaceae,"Vaccinium crenatum"
Equisetopsida,Commelinales,Commelinaceae,"Tradescantia zanonia"
Equisetopsida,Lamiales,Plantaginaceae,"Veronica serpyllifolia"
Equisetopsida,Malpighiales,Hypericaceae,"Vismia baccifera"
Aves,Passeriformes,Thamnophilidae,"Thamnomanes schistogynus"
Equisetopsida,Magnoliales,Myristicaceae,"Virola weberbaueri"
Mammalia,Rodentia,Cricetidae,"Thomasomys aureus"
Equisetopsida,Ericales,Ericaceae,"Themistoclesia david-smithii"
Actinopterygii,Characiformes,Characidae,"Tetragonopterus argenteus"
Aves,Passeriformes,Thraupidae,"Thlypopsis superciliaris"
Equisetopsida,Magnoliales,Myristicaceae,"Virola sebifera"
Equisetopsida,Sapindales,Meliaceae,"Trichilia quadrijuga"
Mammalia,Chiroptera,Phyllostomidae,"Sturnira oporaphilum"
Aves,Passeriformes,Thraupidae,"Thlypopsis ruficeps"
Aves,Passeriformes,Thraupidae,"Thlypopsis ornata"
Equisetopsida,Ericales,Ericaceae,"Themistoclesia gigantiflora"
Aves,Passeriformes,Turdidae,"Turdus leucops"
Equisetopsida,Malpighiales,Malpighiaceae,"Tetrapterys crispa"
Aves,Passeriformes,Thraupidae,"Tangara chrysotis"
Equisetopsida,Magnoliales,Myristicaceae,"Virola pavonis"
Mammalia,Pilosa,Myrmecophagidae,"Tamandua tetradactyla"
Equisetopsida,Magnoliales,Annonaceae,"Xylopia calophylla"
Equisetopsida,Malpighiales,Salicaceae,"Tetrathylacium macrophyllum"
Aves,Passeriformes,Thraupidae,"Tangara chilensis"
Equisetopsida,Gentianales,Loganiaceae,"Strychnos solimoesana"
Equisetopsida,Malpighiales,Dichapetalaceae,"Tapura peruviana"
Equisetopsida,Magnoliales,Myristicaceae,"Virola multinervia"
Aves,Passeriformes,Turdidae,"Turdus serranus"
Equisetopsida,Crossosomatales,Staphyleaceae,"Turpinia occidentalis"
Equisetopsida,Rosales,Cannabaceae,"Trema micranthum"
Equisetopsida,Gentianales,Loganiaceae,"Strychnos schunkei"
Equisetopsida,Dipsacales,Viburnaceae,"Viburnum hallii"
Equisetopsida,Magnoliales,Myristicaceae,"Virola marlenei"
Equisetopsida,Ericales,Symplocaceae,"Symplocos reflexa"
Equisetopsida,Ericales,Ericaceae,"Thibaudia crenulata"
Aves,Passeriformes,Pipridae,"Tyranneutes stolzmanni"
Aves,Caprimulgiformes,Caprimulgidae,"Uropsalis lyra"
Aves,Apodiformes,Apodidae,"Streptoprocne rutila"
Equisetopsida,Magnoliales,Myristicaceae,"Virola elongata"
Equisetopsida,Sapindales,Rutaceae,"Zanthoxylum acuminatum subsp. juniperinum"
Equisetopsida,Magnoliales,Myristicaceae,"Virola duckei"
Equisetopsida,Fabales,Fabaceae,"Tachigali setifera"
Equisetopsida,Magnoliales,Myristicaceae,"Virola calophylla"
Equisetopsida,Hymenophyllales,Hymenophyllaceae,"Trichomanes elegans"
Mammalia,Chiroptera,Phyllostomidae,"Uroderma magnirostrum"
Equisetopsida,Sapindales,Burseraceae,"Trattinnickia aspera"
Equisetopsida,Malvales,Malvaceae,"Theobroma bicolor"
Aves,Passeriformes,Tyrannidae,"Tyrannus melancholicus"
Equisetopsida,Gentianales,Loganiaceae,"Strychnos peckii"
Equisetopsida,Magnoliales,Myristicaceae,"Virola caducifolia"
Equisetopsida,Magnoliales,Myristicaceae,"Virola albidiflora"
Equisetopsida,Gentianales,Rubiaceae,"Uncaria guianensis"
Aves,Passeriformes,Tyrannidae,"Tolmomyias flaviventris"
Equisetopsida,Ericales,Styracaceae,"Styrax vilcabambae"
Aves,Passeriformes,Thraupidae,"Tangara vassorii"
Equisetopsida,Malvales,Malvaceae,"Theobroma subincanum"
Equisetopsida,Oxalidales,Elaeocarpaceae,"Vallea stipularis"
Equisetopsida,Sapindales,Burseraceae,"Trattinnickia peruviana"
Aves,Apodiformes,Trochilidae,"Thalurania furcata"
Equisetopsida,Hymenophyllales,Hymenophyllaceae,"Trichomanes rigidum"
Aves,Passeriformes,Vireonidae,"Vireo olivaceus"
Aves,Passeriformes,Thamnophilidae,"Thamnomanes ardesiacus"
Equisetopsida,Celastrales,Celastraceae,"Tontelea laxiflora"
Equisetopsida,Gentianales,Rubiaceae,"Tournefortiopsis dependens"
Equisetopsida,Gentianales,Rubiaceae,"Tournefortiopsis crispiflora subsp. Discolor"
Equisetopsida,Sapindales,Sapindaceae,"Talisia cerasina"
Equisetopsida,Sapindales,Burseraceae,"Trattinnickia lawrancei"
Aves,Passeriformes,Furnariidae,"Xenops rutilans"
Equisetopsida,Hymenophyllales,Hymenophyllaceae,"Trichomanes diversifrons"
Equisetopsida,Gentianales,Apocynaceae,"Tabernaemontana cuspidata"
Equisetopsida,Gentianales,Loganiaceae,"Strychnos gubleri"
Equisetopsida,Sapindales,Anacardiaceae,"Tapirira guianensis"
Aves,Passeriformes,Vireonidae,"Vireolanius leucotis"
Aves,Passeriformes,Furnariidae,"Xiphorhynchus elegans"
Equisetopsida,Malvales,Malvaceae,"Theobroma cacao"
Equisetopsida,Gentianales,Rubiaceae,"Tournefortiopsis crispiflora"
Equisetopsida,Sapindales,Burseraceae,"Trattinnickia boliviana"
Equisetopsida,Malvales,Malvaceae,"Theobroma grandiflorum"
Actinopterygii,Gymnotiformes,Sternopygidae,"Sternopygus macrurus"
Equisetopsida,Poales,Bromeliaceae,"Tillandsia fendleri"
Aves,Passeriformes,Furnariidae,"Synallaxis rutilans"
Equisetopsida,Ericales,Primulaceae,"Stylogyne ardisioides"
Mammalia,Chiroptera,Phyllostomidae,"Vampyrum spectrum"
Equisetopsida,Sapindales,Meliaceae,"Trichilia micrantha"
Equisetopsida,Gentianales,Apocynaceae,"Tabernaemontana cymosa"
Equisetopsida,Hymenophyllales,Hymenophyllaceae,"Trichomanes crispum"
Equisetopsida,Gentianales,Apocynaceae,"Tabernaemontana flavicans"
Equisetopsida,Asparagales,Orchidaceae,"Trichopilia fragrans"
Aves,Passeriformes,Furnariidae,"Xenops minutus"
Equisetopsida,Asparagales,Orchidaceae,"Trichopilia undulatissima"
Equisetopsida,Malpighiales,Malpighiaceae,"Stigmaphyllon maynense"
Equisetopsida,Hymenophyllales,Hymenophyllaceae,"Trichomanes trollii"
Aves,Passeriformes,Thraupidae,"Tangara parzudakii"
Equisetopsida,Myrtales,Melastomataceae,"Triolena amazonica"
Aves,Passeriformes,Furnariidae,"Xiphocolaptes promeropirhynchus"
Equisetopsida,Sapindales,Meliaceae,"Trichilia maynasiana"
Equisetopsida,Ericales,Symplocaceae,"Symplocos nana"
Aves,Passeriformes,Furnariidae,"Synallaxis unirufa"
Actinopterygii,Siluriformes,Pimelodidae,"Zungaro zungaro"
Equisetopsida,Caryophyllales,Polygonaceae,"Triplaris americana"
Equisetopsida,Asparagales,Orchidaceae,"Trichosalpinx barbelifera"
Equisetopsida,Asparagales,Orchidaceae,"Trichosalpinx chamaelepanthes"
Equisetopsida,Hymenophyllales,Hymenophyllaceae,"Trichomanes radicans"
Equisetopsida,Ericales,Symplocaceae,"Symplocos baehnii"
Equisetopsida,Hymenophyllales,Hymenophyllaceae,"Trichomanes cellulosum"
Equisetopsida,Gentianales,Apocynaceae,"Tabernaemontana sananho"
Equisetopsida,Polypodiales,Thelypteridaceae,"Thelypteris aspidioides"
Equisetopsida,Gleicheniales,Gleicheniaceae,"Sticherus simplex"
Equisetopsida,Hymenophyllales,Hymenophyllaceae,"Trichomanes plumosum"
Aves,Passeriformes,Tityridae,"Tityra semifasciata"
Equisetopsida,Gentianales,Apocynaceae,"Tassadia kamaensis"
Equisetopsida,Lamiales,Gesneriaceae,"Trichodrymonia metamorphophylla"
Equisetopsida,Sapindales,Meliaceae,"Trichilia elegans"
Equisetopsida,Alismatales,Araceae,"Xanthosoma viviparum"
Equisetopsida,Alismatales,Araceae,"Xanthosoma undipes"
Equisetopsida,Buxales,Buxaceae,"Styloceras laurifolium"
Equisetopsida,Sapindales,Rutaceae,"Zanthoxylum sprucei"
Equisetopsida,Alismatales,Araceae,"Xanthosoma pubescens"
Equisetopsida,Polypodiales,Thelypteridaceae,"Thelypteris brausei"
Actinopterygii,Characiformes,Triportheidae,"Triportheus angulatus"
Mammalia,Cetartiodactyla,Tayassuidae,"Tayassu pecari"
Equisetopsida,Sapindales,Meliaceae,"Trichilia septentrionalis"
Aves,Pelecaniformes,Ardeidae,"Tigrisoma fasciatum"
Equisetopsida,Alismatales,Araceae,"Xanthosoma hylaeae"
Equisetopsida,Asparagales,Orchidaceae,"Trichosalpinx intricata"
Equisetopsida,Ericales,Symplocaceae,"Symplocos coriacea"
Equisetopsida,Gleicheniales,Gleicheniaceae,"Sticherus tomentosus"
Equisetopsida,Fabales,Fabaceae,"Trischidium alternum"
Aves,Passeriformes,Thraupidae,"Tangara nigroviridis"
Aves,Tinamiformes,Tinamidae,"Tinamus major"
Equisetopsida,Asparagales,Orchidaceae,"Trisetella triglochin"
Equisetopsida,Gentianales,Apocynaceae,"Tabernaemontana siphilitica"
Insecta,Lepidoptera,Nymphalidae,"Zaretis itys"
Equisetopsida,Sapindales,Meliaceae,"Trichilia adolfi"
Aves,Passeriformes,Furnariidae,"Syndactyla rufosuperciliata"
Aves,Cuculiformes,Cuculidae,"Tapera naevia"
Equisetopsida,Celastrales,Celastraceae,"Tontelea corymbosa"
Aves,Passeriformes,Thamnophilidae,"Thamnophilus palliatus"
Equisetopsida,Solanales,Solanaceae,"Witheringia solanacea"
Equisetopsida,Gentianales,Rubiaceae,"Tocoyena pittieri"
Equisetopsida,Gentianales,Gentianaceae,"Tachia occidentalis"
Equisetopsida,Asparagales,Orchidaceae,"Zootrophion dayanum"
Aves,Passeriformes,Furnariidae,"Syndactyla striata"
Aves,Passeriformes,Furnariidae,"Syndactyla subalaris"
Equisetopsida,Celastrales,Celastraceae,"Tontelea passiflora"
Aves,Passeriformes,Tyrannidae,"Todirostrum chrysocrotaphum"
Equisetopsida,Sapindales,Rutaceae,"Ticorea tubiflora"
Equisetopsida,Asparagales,Orchidaceae,"Xylobium elatum"
Equisetopsida,Sapindales,Rutaceae,"Toxosiphon macropodus"
Equisetopsida,Gentianales,Gentianaceae,"Tapeinostemon zamoranus"
Aves,Passeriformes,Tyrannidae,"Zimmerius gracilipes"
Equisetopsida,Arecales,Arecaceae,"Wettinia maynensis"
Equisetopsida,Gentianales,Gentianaceae,"Tachia parviflora"
Equisetopsida,Sapindales,Meliaceae,"Trichilia solitudinis"
Equisetopsida,Solanales,Solanaceae,"Trianaea speciosa"
Equisetopsida,Arecales,Arecaceae,"Wettinia longipetala"
Equisetopsida,Pandanales,Triuridaceae,"Triuris hyalina"
Equisetopsida,Asterales,Asteraceae,"Trixis divaricata"
Equisetopsida,Polypodiales,Tectariaceae,"Tectaria antioquoiana"
Mammalia,Chiroptera,Phyllostomidae,"Sturnira magna"
Aves,Tinamiformes,Tinamidae,"Tinamus osgoodi"
Equisetopsida,Polypodiales,Thelypteridaceae,"Thelypteris angustifolia"
Mammalia,Chiroptera,Phyllostomidae,"Vampyriscus bidens"
Aves,Passeriformes,Troglodytidae,"Troglodytes aedon"
Equisetopsida,Polypodiales,Tectariaceae,"Tectaria incisa"
Aves,Passeriformes,Thraupidae,"Stilpnia cyanicollis"
Equisetopsida,Ericales,Symplocaceae,"Symplocos arechea"
Aves,Passeriformes,Thraupidae,"Tangara arthus"
Equisetopsida,Alismatales,Araceae,"Syngonium podophyllum"
Equisetopsida,Arecales,Arecaceae,"Wettinia augusta"
,,,
