Clase,Orden,Familia,Especie,endemica,amenazada
Equisetopsida,Lamiales,Gesneriaceae,Corytoplectus speciosus var. orbicularis,FALSE,FALSE
Equisetopsida,Gentianales,Rubiaceae,Bertiera angustifolia,FALSE,FALSE
Equisetopsida,Asparagales,Orchidaceae,Scaphosepalum atropurpureum,FALSE,FALSE
Equisetopsida,Asparagales,Orchidaceae,Scaphyglottis bidentata,FALSE,FALSE
Equisetopsida,Gentianales,Rubiaceae,Palicourea compta,FALSE,FALSE
Insecta,Lepidoptera,Nymphalidae,Catagramma hystaspes,FALSE,FALSE
Insecta,Lepidoptera,Nymphalidae,Catagramma pyracmon,FALSE,FALSE
Equisetopsida,Asparagales,Orchidaceae,Scaphyglottis boliviensis,FALSE,FALSE
Equisetopsida,Alismatales,Araceae,Philodendron fragrantissimum,FALSE,FALSE
Equisetopsida,Proteales,Sabiaceae,Meliosma glossophylla,FALSE,FALSE
Equisetopsida,Asparagales,Orchidaceae,Scaphyglottis conferta,TRUE,FALSE
Equisetopsida,Ericales,Marcgraviaceae,Souroubea peruviana,TRUE,FALSE
Aves,Passeriformes,Thraupidae,Catamblyrhynchus diadema,FALSE,FALSE
Equisetopsida,Asparagales,Orchidaceae,Scaphyglottis graminifolia,FALSE,FALSE
Equisetopsida,Asparagales,Orchidaceae,Gomphichis macbridei,FALSE,FALSE
Equisetopsida,Asparagales,Orchidaceae,Gomphichis longifolia,FALSE,FALSE
Equisetopsida,Asparagales,Orchidaceae,Scaphyglottis punctulata,FALSE,FALSE
Equisetopsida,Zingiberales,Marantaceae,Goeppertia undulata,FALSE,FALSE
Equisetopsida,Zingiberales,Marantaceae,Goeppertia standleyi,FALSE,FALSE
Aves,Accipitriformes,Accipitridae,Ictinia plumbea,FALSE,FALSE
Equisetopsida,Zingiberales,Marantaceae,Goeppertia propinqua,FALSE,FALSE
Aves,Passeriformes,Thraupidae,Catamenia homochroa,FALSE,FALSE
Equisetopsida,Zingiberales,Marantaceae,Goeppertia poeppigiana,FALSE,FALSE
Equisetopsida,Asparagales,Orchidaceae,Ida ariasii,TRUE,FALSE
Equisetopsida,Gentianales,Rubiaceae,Palicourea dichotoma,FALSE,FALSE
Equisetopsida,Zingiberales,Costaceae,Costus arabicus,FALSE,FALSE
Equisetopsida,Asparagales,Orchidaceae,Ida castanea,FALSE,FALSE
Equisetopsida,Myrtales,Melastomataceae,Bellucia pentamera,FALSE,FALSE
Equisetopsida,Asparagales,Orchidaceae,Ida cobbiana,FALSE,FALSE
Equisetopsida,Gentianales,Rubiaceae,Palicourea falcata,FALSE,FALSE
Equisetopsida,Asparagales,Orchidaceae,Ida costata,FALSE,FALSE
Equisetopsida,Zingiberales,Marantaceae,Goeppertia dicephala,FALSE,FALSE
Equisetopsida,Asparagales,Orchidaceae,Ida gigantea,FALSE,TRUE
Equisetopsida,Asparagales,Orchidaceae,Ida jamesiorum,FALSE,FALSE
Equisetopsida,Gentianales,Rubiaceae,Palicourea flaviflora,FALSE,FALSE
Equisetopsida,Myrtales,Melastomataceae,Miconia multispicata,FALSE,FALSE
Equisetopsida,Lamiales,Lamiaceae,Aegiphila elegans,FALSE,FALSE
Equisetopsida,Asparagales,Orchidaceae,Stelis aviceps,FALSE,FALSE
Aves,Passeriformes,Thraupidae,Catamenia inornata,FALSE,FALSE
Aves,Psittaciformes,Psittacidae,Pionus tumultuosus,FALSE,FALSE
Equisetopsida,Asparagales,Orchidaceae,Ida laciniata,FALSE,FALSE
Equisetopsida,Asparagales,Orchidaceae,Catasetum gnomus,FALSE,FALSE
Equisetopsida,Asparagales,Orchidaceae,Ida locusta,FALSE,TRUE
Equisetopsida,Polypodiales,Polypodiaceae,Pleopeltis remota,FALSE,FALSE
Aves,Piciformes,Ramphastidae,Ramphastos ambiguus,FALSE,FALSE
Equisetopsida,Asparagales,Orchidaceae,Ida reichenbachii,FALSE,FALSE
Equisetopsida,Cyatheales,Cyatheaceae,Cyathea lechleri,FALSE,FALSE
Equisetopsida,Zingiberales,Costaceae,Costus guanaiensis var. guanaiensis,FALSE,FALSE
Equisetopsida,Gnetales,Gnetaceae,Gnetum nodiflorum,FALSE,FALSE
Equisetopsida,Gentianales,Apocynaceae,Mandevilla glandulosa,FALSE,FALSE
Equisetopsida,Gentianales,Rubiaceae,Palicourea gemmiflora,FALSE,FALSE
Equisetopsida,Polypodiales,Pteridaceae,Radiovittaria stipitata,FALSE,FALSE
Aves,Passeriformes,Thraupidae,Sporophila angolensis,FALSE,FALSE
Equisetopsida,Aquifoliales,Aquifoliaceae,Ilex anonoides,FALSE,FALSE
Equisetopsida,Ericales,Ericaceae,Bejaria aestuans,FALSE,FALSE
Equisetopsida,Alismatales,Araceae,Spathiphyllum cannifolium,FALSE,FALSE
Equisetopsida,Polypodiales,Pteridaceae,Radiovittaria ruiziana,FALSE,FALSE
Equisetopsida,Gentianales,Rubiaceae,Palicourea gracilenta,FALSE,FALSE
Equisetopsida,Laurales,Lauraceae,Beilschmiedia tovarensis,FALSE,FALSE
Equisetopsida,Asparagales,Orchidaceae,Altensteinia fimbriata,FALSE,FALSE
Aves,Passeriformes,Furnariidae,Glyphorynchus spirurus,FALSE,FALSE
Equisetopsida,Laurales,Lauraceae,Beilschmiedia latifolia,FALSE,FALSE
Equisetopsida,Aquifoliales,Aquifoliaceae,Ilex guayusa,FALSE,FALSE
Equisetopsida,Laurales,Lauraceae,Endlicheria ruforamula,FALSE,FALSE
Equisetopsida,Polypodiales,Pteridaceae,Radiovittaria moritziana,FALSE,FALSE
Equisetopsida,Laurales,Lauraceae,Beilschmiedia costaricensis,FALSE,FALSE
Equisetopsida,Cucurbitales,Begoniaceae,Begonia urticae,FALSE,FALSE
Equisetopsida,Aquifoliales,Aquifoliaceae,Ilex inundata,FALSE,FALSE
Equisetopsida,Zingiberales,Costaceae,Costus guanaiensis var. tarmicus,FALSE,FALSE
Equisetopsida,Alismatales,Araceae,Spathiphyllum juninense,FALSE,FALSE
Equisetopsida,Gentianales,Rubiaceae,Palicourea guianensis,FALSE,FALSE
Equisetopsida,Aquifoliales,Aquifoliaceae,Ilex juttana,FALSE,FALSE
Equisetopsida,Cucurbitales,Begoniaceae,Begonia semiovata,FALSE,FALSE
Equisetopsida,Malpighiales,Euphorbiaceae,Glycydendron amazonicum,FALSE,FALSE
Equisetopsida,Zingiberales,Costaceae,Costus lasius,FALSE,FALSE
Equisetopsida,Cucurbitales,Begoniaceae,Begonia rossmanniae,FALSE,FALSE
Equisetopsida,Gentianales,Apocynaceae,Mandevilla rugellosa,FALSE,FALSE
Equisetopsida,Poales,Bromeliaceae,Racinaea seemannii,FALSE,FALSE
Equisetopsida,Cyatheales,Cyatheaceae,Alsophila erinacea,FALSE,FALSE
Equisetopsida,Lamiales,Gesneriaceae,Gloxinia xanthophylla,FALSE,FALSE
Aves,Cathartiformes,Cathartidae,Cathartes aura,FALSE,FALSE
Equisetopsida,Laurales,Monimiaceae,Mollinedia lanceolata,FALSE,FALSE
Aves,Apodiformes,Trochilidae,Schistes geoffroyi,FALSE,FALSE
Equisetopsida,Aquifoliales,Aquifoliaceae,Ilex laurina,FALSE,FALSE
Equisetopsida,Gentianales,Rubiaceae,Palicourea herrerae,FALSE,FALSE
Equisetopsida,Laurales,Lauraceae,Endlicheria rubriflora,FALSE,FALSE
Mammalia,Chiroptera,Phyllostomidae,Glossophaga soricina,FALSE,FALSE
Equisetopsida,Cucurbitales,Begoniaceae,Begonia peruviana,FALSE,FALSE
Equisetopsida,Asparagales,Orchidaceae,Ponthieva villosa,FALSE,FALSE
Equisetopsida,Myrtales,Melastomataceae,Miconia centrodesma,FALSE,FALSE
Equisetopsida,Gentianales,Rubiaceae,Palicourea hoffmannseggiana,FALSE,FALSE
Equisetopsida,Aquifoliales,Aquifoliaceae,Ilex microphylla,FALSE,FALSE
Equisetopsida,Aquifoliales,Aquifoliaceae,Ilex nayana,FALSE,FALSE
Equisetopsida,Cucurbitales,Begoniaceae,Begonia parviflora,FALSE,FALSE
Equisetopsida,Lamiales,Gesneriaceae,Glossoloma medusaeum,FALSE,FALSE
Equisetopsida,Lamiales,Gesneriaceae,Glossoloma ichthyoderma,FALSE,FALSE
Equisetopsida,Cucurbitales,Begoniaceae,Begonia monadelpha,TRUE,FALSE
Equisetopsida,Gentianales,Rubiaceae,Palicourea huantensis,FALSE,FALSE
Aves,Cathartiformes,Cathartidae,Cathartes melambrotus,FALSE,FALSE
Equisetopsida,Alismatales,Araceae,Philodendron hederaceum,FALSE,FALSE
Equisetopsida,Alismatales,Araceae,Spathiphyllum lechlerianum,FALSE,FALSE
Aves,Passeriformes,Turdidae,Catharus fuscater,FALSE,FALSE
Equisetopsida,Cucurbitales,Begoniaceae,Begonia glabra,FALSE,FALSE
Equisetopsida,Aquifoliales,Aquifoliaceae,Ilex sessiliflora,FALSE,FALSE
Equisetopsida,Laurales,Lauraceae,Endlicheria pyriformis,FALSE,FALSE
Equisetopsida,Asparagales,Orchidaceae,Ponthieva pseudoracemosa,FALSE,FALSE
Equisetopsida,Aquifoliales,Aquifoliaceae,Ilex teratopis,FALSE,FALSE
Equisetopsida,Cyatheales,Cyatheaceae,Alsophila cuspidata,FALSE,FALSE
Equisetopsida,Zingiberales,Costaceae,Costus productus var. productus,TRUE,FALSE
Equisetopsida,Asparagales,Orchidaceae,Maxillaria rhomboglossa,FALSE,FALSE
Equisetopsida,Myrtales,Melastomataceae,Miconia myrmecodomatia,FALSE,FALSE
Equisetopsida,Malpighiales,Ochnaceae,Quiina cruegeriana,FALSE,FALSE
Equisetopsida,Poales,Poaceae,Schizachyrium microstachyum,FALSE,FALSE
Equisetopsida,Alismatales,Araceae,Spathiphyllum minus,FALSE,FALSE
Mammalia,Chiroptera,Phyllostomidae,Phyllostomus hastatus,FALSE,FALSE
Equisetopsida,Asparagales,Orchidaceae,Beclardia macrostachys,FALSE,FALSE
Equisetopsida,Zingiberales,Costaceae,Costus scaber,FALSE,FALSE
Equisetopsida,Malpighiales,Euphorbiaceae,Incadendron esseri,FALSE,FALSE
Equisetopsida,Gentianales,Rubiaceae,Palicourea lasiantha,FALSE,FALSE
Equisetopsida,Malpighiales,Ochnaceae,Quiina amazonica,FALSE,FALSE
Equisetopsida,Alismatales,Araceae,Incarum pavonii,FALSE,FALSE
Equisetopsida,Laurales,Lauraceae,Endlicheria paniculata,FALSE,FALSE
Equisetopsida,Schizaeales,Schizaeaceae,Schizaea elegans,FALSE,FALSE
Aves,Strigiformes,Strigidae,Glaucidium jardinii,FALSE,FALSE
Equisetopsida,Gentianales,Rubiaceae,Palicourea levis,FALSE,FALSE
Equisetopsida,Schizaeales,Schizaeaceae,Schizaea fluminensis,FALSE,FALSE
Insecta,Lepidoptera,Papilionidae,Battus crassus crassus,FALSE,FALSE
Equisetopsida,Gentianales,Rubiaceae,Schizocalyx obovatus,FALSE,FALSE
Equisetopsida,Lamiales,Acanthaceae,Stenostephanus longistaminus,FALSE,FALSE
Equisetopsida,Gentianales,Rubiaceae,Palicourea lewisiorum,FALSE,FALSE
Equisetopsida,Myrtales,Melastomataceae,Miconia chionophila,FALSE,FALSE
Insecta,Lepidoptera,Nymphalidae,Catoblepia berecynthia,FALSE,FALSE
Equisetopsida,Rosales,Moraceae,Batocarpus orinocensis,FALSE,FALSE
Equisetopsida,Laurales,Lauraceae,Aiouea napoensis,FALSE,FALSE
Equisetopsida,Gentianales,Rubiaceae,Palicourea lineata,FALSE,FALSE
Equisetopsida,Asparagales,Orchidaceae,Ponthieva hermiliae,TRUE,FALSE
Equisetopsida,Gentianales,Rubiaceae,Manettia glandulosa,FALSE,FALSE
Equisetopsida,Fabales,Fabaceae,Inga acreana,FALSE,FALSE
Insecta,Lepidoptera,Nymphalidae,Catonephele acontius,FALSE,FALSE
Equisetopsida,Fabales,Fabaceae,Inga acrocephala,FALSE,FALSE
Equisetopsida,Asparagales,Orchidaceae,Ponthieva fertilis,FALSE,FALSE
Equisetopsida,Alismatales,Araceae,Philodendron herthae,FALSE,FALSE
Aves,Passeriformes,Cotingidae,Querula purpurata,FALSE,FALSE
Equisetopsida,Gentianales,Rubiaceae,Palicourea luteonivea,FALSE,FALSE
Equisetopsida,Rosales,Moraceae,Batocarpus costaricensis,FALSE,FALSE
Equisetopsida,Gentianales,Rubiaceae,Manettia pearcei,FALSE,FALSE
Insecta,Lepidoptera,Nymphalidae,Catonephele numilia numilia,FALSE,FALSE
Equisetopsida,Gentianales,Rubiaceae,Schizocalyx peruvianus,FALSE,FALSE
Equisetopsida,Asparagales,Orchidaceae,Batemannia lepida,FALSE,FALSE
Equisetopsida,Gentianales,Rubiaceae,Schizocalyx sterculioides,FALSE,FALSE
Equisetopsida,Gentianales,Rubiaceae,Palicourea luteovirescens,FALSE,FALSE
Equisetopsida,Fabales,Fabaceae,Inga alba,FALSE,FALSE
Equisetopsida,Asparagales,Orchidaceae,Baskervilla colombiana,FALSE,FALSE
Equisetopsida,Asparagales,Orchidaceae,Quechua glabrescens,FALSE,FALSE
Equisetopsida,Fabales,Fabaceae,Inga auristellae,FALSE,FALSE
Equisetopsida,Laurales,Lauraceae,Endlicheria metallica,FALSE,FALSE
Equisetopsida,Ericales,Ericaceae,Cavendishia bracteata,FALSE,FALSE
Equisetopsida,Gentianales,Rubiaceae,Schizocalyx truncatus,FALSE,FALSE
Equisetopsida,Ranunculales,Menispermaceae,Disciphania heterophylla,FALSE,FALSE
Equisetopsida,Fabales,Fabaceae,Inga bourgonii,FALSE,FALSE
Equisetopsida,Fabales,Fabaceae,Inga brachyrhachis,FALSE,FALSE
Equisetopsida,Poales,Poaceae,Digitaria horizontalis,FALSE,FALSE
Equisetopsida,Gentianales,Rubiaceae,Palicourea macbridei,FALSE,FALSE
Actinopterygii,Characiformes,Anostomidae,Schizodon fasciatus,FALSE,FALSE
Equisetopsida,Laurales,Lauraceae,Endlicheria macrophylla,FALSE,FALSE
Equisetopsida,Laurales,Lauraceae,Endlicheria krukovii,FALSE,FALSE
Equisetopsida,Ericales,Ericaceae,Cavendishia engleriana,FALSE,FALSE
Mammalia,Primates,Atelidae,Alouatta seniculus,FALSE,TRUE
Equisetopsida,Ericales,Ericaceae,Cavendishia nobilis,TRUE,FALSE
Equisetopsida,Gentianales,Rubiaceae,Palicourea mansoana,FALSE,FALSE
Aves,Strigiformes,Strigidae,Megascops ingens,FALSE,FALSE
Equisetopsida,Fabales,Fabaceae,Inga capitata,FALSE,FALSE
Equisetopsida,Laurales,Lauraceae,Endlicheria klugii,FALSE,FALSE
Equisetopsida,Laurales,Lauraceae,Endlicheria griseosericea,FALSE,FALSE
Equisetopsida,Asparagales,Orchidaceae,Maxillaria rotundilabia,FALSE,FALSE
Aves,Passeriformes,Parulidae,Basileuterus tristriatus,FALSE,FALSE
Equisetopsida,Gentianales,Rubiaceae,Palicourea microbotrys,FALSE,FALSE
Equisetopsida,Laurales,Lauraceae,Endlicheria gracilis,FALSE,FALSE
Equisetopsida,Asparagales,Orchidaceae,Schlimmia condorana,FALSE,FALSE
Equisetopsida,Asparagales,Orchidaceae,Schlimmia jasminodora,FALSE,FALSE
Equisetopsida,Malvales,Malvaceae,Quararibea wittii,FALSE,FALSE
Equisetopsida,Fabales,Fabaceae,Inga cayennensis,FALSE,FALSE
Equisetopsida,Fabales,Fabaceae,Inga chartacea,FALSE,FALSE
Equisetopsida,Laurales,Lauraceae,Endlicheria formosa,FALSE,FALSE
Equisetopsida,Malvales,Malvaceae,Quararibea guianensis,FALSE,FALSE
Equisetopsida,Fabales,Fabaceae,Inga ciliata,FALSE,FALSE
Equisetopsida,Laurales,Lauraceae,Endlicheria dysodantha,FALSE,FALSE
Equisetopsida,Fabales,Fabaceae,Inga ciliata subsp. subcapitata,FALSE,FALSE
Equisetopsida,Laurales,Lauraceae,Endlicheria directonervia,FALSE,FALSE
Equisetopsida,Gentianales,Rubiaceae,Palicourea nigricans,FALSE,FALSE
Equisetopsida,Fabales,Fabaceae,Inga cinnamomea,FALSE,FALSE
Equisetopsida,Fabales,Fabaceae,Inga cordatoalata,FALSE,FALSE
Equisetopsida,Poales,Poaceae,Sporobolus indicus,FALSE,FALSE
Equisetopsida,Fabales,Fabaceae,Inga coruscans,FALSE,FALSE
Equisetopsida,Gentianales,Rubiaceae,Palicourea obovata,FALSE,FALSE
Equisetopsida,Fabales,Fabaceae,Schnella guianensis,FALSE,FALSE
Equisetopsida,Ericales,Sapotaceae,Manilkara bidentata,FALSE,TRUE
Equisetopsida,Ericales,Sapotaceae,Manilkara inundata,FALSE,FALSE
Equisetopsida,Myrtales,Vochysiaceae,Qualea paraensis,FALSE,FALSE
Aves,Accipitriformes,Accipitridae,Geranoaetus polyosoma,FALSE,FALSE
Equisetopsida,Gentianales,Rubiaceae,Palicourea ostreophora,FALSE,FALSE
Mammalia,Primates,Cebidae,Cebus (Cebus) albifrons,FALSE,FALSE
Equisetopsida,Fabales,Fabaceae,Inga edulis,FALSE,FALSE
Equisetopsida,Proteales,Sabiaceae,Meliosma herbertii,FALSE,FALSE
Equisetopsida,Laurales,Lauraceae,Endlicheria canescens,FALSE,FALSE
Equisetopsida,Gentianales,Rubiaceae,Palicourea parvijelskii,FALSE,FALSE
Equisetopsida,Alismatales,Araceae,Philodendron hylaeae,FALSE,FALSE
Equisetopsida,Fabales,Fabaceae,Inga feuillei,FALSE,FALSE
Equisetopsida,Laurales,Lauraceae,Endlicheria bracteata,FALSE,FALSE
Equisetopsida,Malvales,Malvaceae,Sterculia peruviana,FALSE,FALSE
Equisetopsida,Malvales,Thymelaeaceae,Schoenobiblus daphnoides,FALSE,FALSE
Equisetopsida,Gentianales,Rubiaceae,Palicourea pilosa,FALSE,FALSE
Equisetopsida,Alismatales,Araceae,Monstera pinnatipartita,FALSE,FALSE
Equisetopsida,Asparagales,Orchidaceae,Barbosella vasquezii,FALSE,FALSE
Equisetopsida,Ericales,Sapotaceae,Diploon cuspidatum,FALSE,FALSE
Equisetopsida,Cyatheales,Cyatheaceae,Cyathea pallescens,FALSE,FALSE
Equisetopsida,Asparagales,Orchidaceae,Barbosella cucullata,FALSE,FALSE
Mammalia,Primates,Cebidae,Cebus (Sapajus) apella,FALSE,FALSE
Equisetopsida,Fabales,Fabaceae,Inga fosteriana,TRUE,FALSE
Equisetopsida,Fabales,Fabaceae,Inga gracilifolia,FALSE,FALSE
Equisetopsida,Malpighiales,Malpighiaceae,Banisteriopsis padifolia,FALSE,FALSE
Equisetopsida,Lamiales,Acanthaceae,Stenostephanus longistaminus var. longistaminus,FALSE,FALSE
Equisetopsida,Gentianales,Rubiaceae,Palicourea punicea,FALSE,FALSE
Equisetopsida,Malpighiales,Malpighiaceae,Banisteriopsis muricata,FALSE,FALSE
Equisetopsida,Myrtales,Melastomataceae,Miconia chrysophylla,FALSE,FALSE
Equisetopsida,Rosales,Urticaceae,Cecropia angustifolia,FALSE,FALSE
Equisetopsida,Fabales,Fabaceae,Inga heterophylla,FALSE,FALSE
Equisetopsida,Geraniales,Geraniaceae,Geranium sibbaldioides,FALSE,FALSE
Equisetopsida,Rosales,Moraceae,Maquira calophylla,FALSE,FALSE
Equisetopsida,Alismatales,Araceae,Monstera spruceana,FALSE,FALSE
Equisetopsida,Rosales,Urticaceae,Cecropia distachya,FALSE,FALSE
Equisetopsida,Fabales,Fabaceae,Inga laevigata,FALSE,FALSE
Equisetopsida,Malpighiales,Chrysobalanaceae,Couepia chrysocalyx,FALSE,FALSE
Equisetopsida,Fabales,Fabaceae,Inga laurina,FALSE,FALSE
Equisetopsida,Rosales,Urticaceae,Cecropia engleriana,FALSE,FALSE
Equisetopsida,Fabales,Polygalaceae,Monnina marginata,TRUE,FALSE
Equisetopsida,Rosales,Moraceae,Maquira coriacea,FALSE,FALSE
Equisetopsida,Gentianales,Rubiaceae,Palicourea racemosa,FALSE,FALSE
Equisetopsida,Malpighiales,Salicaceae,Banara guianensis,FALSE,FALSE
Equisetopsida,Rosales,Urticaceae,Cecropia ficifolia,FALSE,FALSE
Equisetopsida,Myrtales,Melastomataceae,Miconia neoepiphytica,FALSE,FALSE
Mammalia,Chiroptera,Phyllostomidae,Enchisthenes hartii,FALSE,FALSE
Equisetopsida,Fabales,Fabaceae,Inga lineata,FALSE,FALSE
Equisetopsida,Fabales,Fabaceae,Inga macrophylla,FALSE,FALSE
Insecta,Lepidoptera,Nymphalidae,Pierella lena,FALSE,FALSE
Equisetopsida,Gentianales,Rubiaceae,Palicourea reticulata,FALSE,FALSE
Equisetopsida,Ericales,Marcgraviaceae,Marcgravia browneii,FALSE,FALSE
Equisetopsida,Polypodiales,Pteridaceae,Polytaenium lineatum,FALSE,FALSE
Equisetopsida,Fabales,Fabaceae,Inga marginata,FALSE,FALSE
Equisetopsida,Asterales,Asteraceae,Ageratum conyzoides,FALSE,FALSE
Aves,Columbiformes,Columbidae,Geotrygon montana,FALSE,FALSE
Insecta,Lepidoptera,Nymphalidae,Baeotus baeotus,FALSE,FALSE
Equisetopsida,Gentianales,Rubiaceae,Palicourea schunkei,FALSE,FALSE
Equisetopsida,Fabales,Fabaceae,Inga nobilis,FALSE,FALSE
Equisetopsida,Polypodiales,Pteridaceae,Polytaenium guayanense,FALSE,FALSE
Equisetopsida,Gentianales,Rubiaceae,Palicourea stenostachya,FALSE,FALSE
Aves,Passeriformes,Thraupidae,Geospizopsis unicolor,FALSE,FALSE
Equisetopsida,Rosales,Urticaceae,Cecropia membranacea,FALSE,FALSE
Equisetopsida,Arecales,Arecaceae,Bactris simplicifrons,FALSE,FALSE
Equisetopsida,Fabales,Fabaceae,Inga nobilis subsp. quaternata,FALSE,FALSE
Equisetopsida,Malpighiales,Chrysobalanaceae,Couepia obovata,FALSE,FALSE
Equisetopsida,Ericales,Marcgraviaceae,Marcgravia crenata,FALSE,FALSE
Aves,Passeriformes,Thraupidae,Sporathraupis cyanocephala,FALSE,FALSE
Equisetopsida,Arecales,Arecaceae,Bactris maraja,FALSE,FALSE
Equisetopsida,Gentianales,Rubiaceae,Notopleura triaxillaris,FALSE,FALSE
Equisetopsida,Rosales,Urticaceae,Cecropia polystachya,FALSE,FALSE
Equisetopsida,Fabales,Fabaceae,Inga poeppigiana,FALSE,FALSE
Equisetopsida,Fabales,Fabaceae,Inga pruriens,FALSE,FALSE
Equisetopsida,Myrtales,Melastomataceae,Miconia condylata,FALSE,FALSE
Equisetopsida,Alismatales,Araceae,Philodendron kroemeri,FALSE,FALSE
Equisetopsida,Fabales,Fabaceae,Inga punctata,FALSE,FALSE
Equisetopsida,Rosales,Urticaceae,Cecropia sciadophylla,FALSE,FALSE
Equisetopsida,Arecales,Arecaceae,Bactris gasipaes,FALSE,FALSE
Equisetopsida,Gentianales,Rubiaceae,Palicourea stipularis,FALSE,FALSE
Equisetopsida,Polypodiales,Pteridaceae,Polytaenium cajenense,FALSE,FALSE
Insecta,Lepidoptera,Hesperiidae,Pyrrhopyge hadassa,FALSE,FALSE
Equisetopsida,Fabales,Fabaceae,Inga ruiziana,FALSE,FALSE
Insecta,Lepidoptera,Hesperiidae,Pyrrhopyge crida,FALSE,FALSE
Equisetopsida,Gentianales,Rubiaceae,Notopleura montana,FALSE,FALSE
Equisetopsida,Rosales,Urticaceae,Cecropia strigosa,FALSE,FALSE
Equisetopsida,Malpighiales,Chrysobalanaceae,Couepia williamsii,FALSE,FALSE
Amphibia,Anura,Hylidae,Scinax oreites,TRUE,FALSE
Equisetopsida,Ericales,Marcgraviaceae,Marcgraviastrum macrocarpum,FALSE,FALSE
Equisetopsida,Rosales,Urticaceae,Cecropia tacuna,FALSE,FALSE
Equisetopsida,Fabales,Fabaceae,Inga setosa,FALSE,FALSE
Equisetopsida,Rosales,Urticaceae,Cecropia utcubambana,FALSE,FALSE
Equisetopsida,Sapindales,Meliaceae,Cedrela angustifolia,FALSE,TRUE
Equisetopsida,Gentianales,Rubiaceae,Notopleura macrophylla,FALSE,FALSE
Equisetopsida,Arecales,Arecaceae,Bactris acanthocarpa,FALSE,FALSE
Equisetopsida,Gentianales,Rubiaceae,Notopleura leucantha,FALSE,FALSE
Equisetopsida,Lamiales,Gesneriaceae,Drymonia warszewicziana,FALSE,FALSE
Equisetopsida,Gentianales,Rubiaceae,Palicourea subspicata,FALSE,FALSE
Equisetopsida,Apiales,Araliaceae,Sciodaphyllum acuminatum,FALSE,FALSE
Aves,Passeriformes,Thraupidae,Geospizopsis plebejus,FALSE,FALSE
Equisetopsida,Alismatales,Araceae,Philodendron lechlerianum,FALSE,FALSE
Equisetopsida,Lamiales,Scrophulariaceae,Alonsoa meridionalis,FALSE,FALSE
Equisetopsida,Fabales,Fabaceae,Inga stenoptera,FALSE,FALSE
Equisetopsida,Gentianales,Rubiaceae,Palicourea subtomentosa,FALSE,FALSE
Equisetopsida,Gentianales,Apocynaceae,Couma macrocarpa,FALSE,FALSE
Aves,Passeriformes,Tyrannidae,Pyrrhomyias cinnamomeus,FALSE,FALSE
Equisetopsida,Gentianales,Rubiaceae,Palicourea sulphurea,FALSE,FALSE
Aves,Passeriformes,Thraupidae,Diglossa brunneiventris,FALSE,FALSE
Equisetopsida,Sapindales,Meliaceae,Cedrela montana,FALSE,TRUE
Equisetopsida,Alismatales,Araceae,Philodendron linnaei,FALSE,FALSE
Equisetopsida,Fabales,Fabaceae,Inga stipularis,FALSE,FALSE
Equisetopsida,Gentianales,Rubiaceae,Notopleura iridescens,FALSE,FALSE
Equisetopsida,Sapindales,Meliaceae,Cedrela nebulosa,FALSE,FALSE
Equisetopsida,Asterales,Asteraceae,Baccharis venosa,FALSE,FALSE
Equisetopsida,Cyatheales,Cyatheaceae,Cyathea poeppigii,FALSE,FALSE
Equisetopsida,Gentianales,Rubiaceae,Palicourea thyrsiflora,FALSE,FALSE
Equisetopsida,Gentianales,Rubiaceae,Palicourea tinctoria,FALSE,FALSE
Equisetopsida,Asparagales,Orchidaceae,Stenia bismarckii,TRUE,FALSE
Equisetopsida,Alismatales,Araceae,Philodendron maximum,FALSE,FALSE
Equisetopsida,Fabales,Fabaceae,Inga striata,FALSE,FALSE
Equisetopsida,Gentianales,Rubiaceae,Notopleura epiphytica,FALSE,FALSE
Equisetopsida,Gentianales,Rubiaceae,Palicourea tomentosa,FALSE,FALSE
Equisetopsida,Asterales,Asteraceae,Baccharis trinervis,FALSE,FALSE
Equisetopsida,Asparagales,Orchidaceae,Muscarella zephyrina,FALSE,FALSE
Equisetopsida,Apiales,Araliaceae,Sciodaphyllum patulum,FALSE,FALSE
Equisetopsida,Apiales,Araliaceae,Sciodaphyllum pentandrum,FALSE,FALSE
Equisetopsida,Fabales,Fabaceae,Inga thibaudiana,FALSE,FALSE
Mammalia,Rodentia,Cricetidae,Akodon torques,TRUE,FALSE
Equisetopsida,Fabales,Fabaceae,Cedrelinga cateniformis,FALSE,FALSE
Equisetopsida,Gentianales,Rubiaceae,Palicourea trichocephala,FALSE,FALSE
Equisetopsida,Ericales,Lecythidaceae,Couratari guianensis,FALSE,FALSE
Equisetopsida,Gentianales,Rubiaceae,Notopleura capacifolia,FALSE,FALSE
Equisetopsida,Gentianales,Rubiaceae,Palicourea triphylla,FALSE,FALSE
Equisetopsida,Gentianales,Rubiaceae,Palicourea tristis,FALSE,FALSE
Equisetopsida,Ericales,Lecythidaceae,Couratari macrosperma,FALSE,FALSE
Equisetopsida,Gentianales,Rubiaceae,Geophila gracilis,FALSE,FALSE
Equisetopsida,Gentianales,Rubiaceae,Palicourea ucayalina,FALSE,FALSE
Equisetopsida,Apiales,Araliaceae,Sciodaphyllum sprucei,FALSE,FALSE
Aves,Psittaciformes,Psittacidae,Pionus menstruus,FALSE,FALSE
Equisetopsida,Gentianales,Rubiaceae,Geophila cordifolia,FALSE,FALSE
Aves,Passeriformes,Cotingidae,Pyroderus scutatus,FALSE,FALSE
Equisetopsida,Fabales,Fabaceae,Inga umbellifera,FALSE,FALSE
Equisetopsida,Fabales,Fabaceae,Inga velutina,FALSE,FALSE
Equisetopsida,Gentianales,Rubiaceae,Palicourea valenzuelana,FALSE,FALSE
Equisetopsida,Arecales,Arecaceae,Geonoma undata subsp. undata,FALSE,FALSE
Equisetopsida,Asterales,Asteraceae,Baccharis salicifolia,FALSE,FALSE
Equisetopsida,Gentianales,Rubiaceae,Palicourea vellerea,FALSE,FALSE
Equisetopsida,Malpighiales,Phyllanthaceae,Margaritaria nobilis,FALSE,FALSE
Equisetopsida,Sapindales,Anacardiaceae,Spondias mombin,FALSE,FALSE
Aves,Passeriformes,Furnariidae,Margarornis squamiger,FALSE,FALSE
Equisetopsida,Arecales,Arecaceae,Geonoma undata,FALSE,FALSE
Aves,Passeriformes,Tyrannidae,Empidonax alnorum,FALSE,FALSE
Equisetopsida,Malvales,Malvaceae,Ceiba pentandra,FALSE,FALSE
Equisetopsida,Solanales,Solanaceae,Iochroma arborescens,FALSE,FALSE
Equisetopsida,Arecales,Arecaceae,Geonoma trigona,FALSE,FALSE
Equisetopsida,Arecales,Arecaceae,Geonoma triglochin,FALSE,FALSE
Equisetopsida,Asterales,Asteraceae,Baccharis pedunculata,FALSE,FALSE
Equisetopsida,Arecales,Arecaceae,Geonoma stricta subsp. bracteata,FALSE,FALSE
Aves,Passeriformes,Thamnophilidae,Sclateria naevia,FALSE,FALSE
Equisetopsida,Arecales,Arecaceae,Geonoma stricta subsp. arundinacea,FALSE,FALSE
Equisetopsida,Asterales,Asteraceae,Baccharis oblongifolia,FALSE,FALSE
Equisetopsida,Fagales,Betulaceae,Alnus acuminata,FALSE,TRUE
Equisetopsida,Asterales,Asteraceae,Baccharis nitida,FALSE,FALSE
Equisetopsida,Cyatheales,Cyatheaceae,Cyathea pungens,FALSE,FALSE
Equisetopsida,Gentianales,Rubiaceae,Palicourea winkleri,FALSE,FALSE
Equisetopsida,Alismatales,Araceae,Philodendron ornatum,FALSE,FALSE
Equisetopsida,Proteales,Sabiaceae,Meliosma peytonii,FALSE,FALSE
Equisetopsida,Gentianales,Rubiaceae,Emmeorhiza umbellata,FALSE,FALSE
Equisetopsida,Poales,Cyperaceae,Scleria gaertneri,FALSE,FALSE
Equisetopsida,Gentianales,Rubiaceae,Palicourea woronovii,FALSE,FALSE
Equisetopsida,Arecales,Arecaceae,Geonoma orbignyana subsp. orbignyana,FALSE,FALSE
Equisetopsida,Lamiales,Gesneriaceae,Alloplectus peruvianus,FALSE,FALSE
Equisetopsida,Sapindales,Sapindaceae,Allophylus punctatus,FALSE,FALSE
Equisetopsida,Arecales,Arecaceae,Geonoma orbignyana,FALSE,FALSE
Equisetopsida,Arecales,Arecaceae,Geonoma maxima subsp. chelidonura,FALSE,FALSE
Equisetopsida,Lamiales,Gesneriaceae,Drymonia urceolata,FALSE,FALSE
Equisetopsida,Myrtales,Melastomataceae,Meriania radula,FALSE,FALSE
Equisetopsida,Asterales,Asteraceae,Baccharis decussata subsp. jelskii,FALSE,FALSE
Equisetopsida,Arecales,Arecaceae,Geonoma maxima,FALSE,FALSE
Equisetopsida,Asterales,Asteraceae,Achyrocline satureioides,FALSE,FALSE
Equisetopsida,Sapindales,Sapindaceae,Allophylus pilosus,FALSE,FALSE
Equisetopsida,Gentianales,Rubiaceae,Spermacoce remota,FALSE,FALSE
Equisetopsida,Arecales,Arecaceae,Geonoma macrostachys,FALSE,FALSE
Equisetopsida,Arecales,Arecaceae,Geonoma leptospadix,FALSE,FALSE
Equisetopsida,Asterales,Asteraceae,Baccharis brachylaenoides,FALSE,FALSE
Aves,Passeriformes,Furnariidae,Sclerurus albigularis,FALSE,FALSE
Equisetopsida,Asparagales,Orchidaceae,Polystachya paulensis,FALSE,FALSE
Equisetopsida,Dilleniales,Dilleniaceae,Davilla kunthii,FALSE,FALSE
Equisetopsida,Arecales,Arecaceae,Geonoma deversa,FALSE,FALSE
Aves,Piciformes,Picidae,Celeus grammicus,FALSE,FALSE
Equisetopsida,Arecales,Arecaceae,Geonoma brongniartii subsp. pascoensis,TRUE,FALSE
Equisetopsida,Myrtales,Melastomataceae,Miconia crassipes,FALSE,FALSE
Equisetopsida,Arecales,Arecaceae,Geonoma brongniartii subsp. brongniartii,FALSE,FALSE
Equisetopsida,Arecales,Arecaceae,Geonoma brongniartii,FALSE,FALSE
Equisetopsida,Poales,Poaceae,Panicum millegrana,FALSE,FALSE
Equisetopsida,Poales,Bromeliaceae,Aechmea penduliflora,FALSE,FALSE
Equisetopsida,Cyatheales,Cyatheaceae,Cyathea ruiziana,TRUE,FALSE
Equisetopsida,Asparagales,Orchidaceae,Polystachya foliosa,FALSE,FALSE
Aves,Strigiformes,Strigidae,Megascops albogularis,FALSE,FALSE
Aves,Piciformes,Picidae,Celeus torquatus,FALSE,FALSE
Equisetopsida,Sapindales,Sapindaceae,Allophylus loretensis,FALSE,FALSE
Equisetopsida,Alismatales,Araceae,Philodendron paxianum,FALSE,FALSE
Aves,Passeriformes,Thamnophilidae,Pyriglena maura,FALSE,FALSE
Equisetopsida,Asparagales,Orchidaceae,Polystachya boliviensis,FALSE,FALSE
Equisetopsida,Rosales,Urticaceae,Coussapoa villosa,FALSE,FALSE
Equisetopsida,Solanales,Convolvulaceae,Ipomoea philomega,FALSE,FALSE
Equisetopsida,Sapindales,Sapindaceae,Allophylus floribundus,FALSE,FALSE
Equisetopsida,Asterales,Asteraceae,Nordenstamia cajamarcensis,TRUE,FALSE
Equisetopsida,Malvales,Malvaceae,Ayenia hirsuta,FALSE,FALSE
Insecta,Lepidoptera,Riodinidae,Emesis lucinda,FALSE,FALSE
Aves,Passeriformes,Furnariidae,Sclerurus obscurior,FALSE,FALSE
Equisetopsida,Malvales,Malvaceae,Ayenia cordata,TRUE,FALSE
Equisetopsida,Lamiales,Gesneriaceae,Drymonia serrulata,FALSE,FALSE
Equisetopsida,Malpighiales,Calophyllaceae,Marila laxiflora,FALSE,FALSE
Equisetopsida,Poales,Poaceae,Cenchrus purpureus,FALSE,FALSE
Aves,Passeriformes,Hirundinidae,Pygochelidon cyanoleuca,FALSE,FALSE
Aves,Apodiformes,Trochilidae,Aglaeactis cupripennis,FALSE,FALSE
Equisetopsida,Alismatales,Araceae,Philodendron pulchrum,FALSE,FALSE
Mammalia,Carnivora,Felidae,Panthera onca,FALSE,FALSE
Equisetopsida,Poales,Poaceae,Axonopus scoparius,FALSE,FALSE
Equisetopsida,Malpighiales,Calophyllaceae,Marila tomentosa,FALSE,FALSE
Equisetopsida,Gentianales,Gentianaceae,Gentiana sedifolia,FALSE,FALSE
Equisetopsida,Arecales,Arecaceae,Iriartea deltoidea,FALSE,FALSE
Equisetopsida,Asterales,Asteraceae,Munnozia senecionidis,FALSE,FALSE
Equisetopsida,Gentianales,Rubiaceae,Coussarea flava,FALSE,FALSE
Actinopterygii,Characiformes,Characidae,Pygocentrus nattereri,FALSE,FALSE
Equisetopsida,Gentianales,Rubiaceae,Genipa americana,FALSE,FALSE
Equisetopsida,Arecales,Arecaceae,Iriartella setigera,FALSE,FALSE
Equisetopsida,Sapindales,Sapindaceae,Allophylus divaricatus,FALSE,FALSE
Equisetopsida,Arecales,Arecaceae,Iriartella stenocarpa,FALSE,FALSE
Equisetopsida,Asterales,Campanulaceae,Centropogon cornutus,FALSE,FALSE
Equisetopsida,Lamiales,Gesneriaceae,Drymonia semicordata,FALSE,FALSE
Aves,Passeriformes,Thraupidae,Iridosornis jelskii,FALSE,FALSE
Equisetopsida,Asterales,Campanulaceae,Centropogon featherstonei,TRUE,FALSE
Aves,Passeriformes,Thraupidae,Sporophila schistacea,FALSE,FALSE
Equisetopsida,Asterales,Campanulaceae,Centropogon ferrugineus,FALSE,FALSE
Aves,Passeriformes,Thraupidae,Iridosornis reinhardti,TRUE,FALSE
Aves,Passeriformes,Furnariidae,Automolus subulatus,FALSE,FALSE
Aves,Passeriformes,Thraupidae,Iridosornis rufivertex,FALSE,FALSE
Equisetopsida,Cyatheales,Cyatheaceae,Cyathea squamipes,FALSE,FALSE
Equisetopsida,Asterales,Campanulaceae,Centropogon granulosus,FALSE,FALSE
Equisetopsida,Cyatheales,Cyatheaceae,Cyathea straminea,FALSE,FALSE
Equisetopsida,Sapindales,Sapindaceae,Allophylus amazonicus,FALSE,FALSE
Equisetopsida,Myrtales,Melastomataceae,Miconia crenata,FALSE,FALSE
Equisetopsida,Magnoliales,Myristicaceae,Iryanthera elliptica,FALSE,FALSE
Equisetopsida,Asterales,Campanulaceae,Centropogon macrophyllus,FALSE,FALSE
Equisetopsida,Magnoliales,Myristicaceae,Iryanthera hostmannii,FALSE,FALSE
Equisetopsida,Solanales,Convolvulaceae,Maripa reticulata var. reticulata,FALSE,FALSE
Equisetopsida,Gentianales,Rubiaceae,Coussarea macrophylla,FALSE,FALSE
Equisetopsida,Ericales,Primulaceae,Geissanthus ambiguus,FALSE,FALSE
Equisetopsida,Asterales,Campanulaceae,Centropogon roseus,FALSE,FALSE
Aves,Passeriformes,Furnariidae,Automolus rufipileatus,FALSE,FALSE
Equisetopsida,Solanales,Solanaceae,Markea plowmanii,FALSE,FALSE
Equisetopsida,Asterales,Campanulaceae,Centropogon sciaphilus,FALSE,FALSE
Aves,Passeriformes,Rhinocryptidae,Scytalopus acutirostris,TRUE,FALSE
Equisetopsida,Pandanales,Cyclanthaceae,Sphaeradenia angustifolia,TRUE,FALSE
Equisetopsida,Ericales,Ericaceae,Gaultheria vaccinioides,FALSE,FALSE
Equisetopsida,Asterales,Campanulaceae,Centropogon undulatus,FALSE,FALSE
Equisetopsida,Magnoliales,Myristicaceae,Iryanthera juruensis,FALSE,FALSE
Equisetopsida,Asterales,Campanulaceae,Centropogon urubambae,FALSE,FALSE
Equisetopsida,Asterales,Campanulaceae,Centropogon verbascifolius,FALSE,FALSE
Equisetopsida,Magnoliales,Myristicaceae,Iryanthera laevis,FALSE,FALSE
Equisetopsida,Asparagales,Orchidaceae,Paphinia cristata,FALSE,TRUE
Aves,Apodiformes,Trochilidae,Aglaiocercus kingi,FALSE,FALSE
Aves,Passeriformes,Furnariidae,Automolus ochrolaemus,FALSE,FALSE
Equisetopsida,Apiales,Araliaceae,Cephalopanax jahnii,FALSE,FALSE
Aves,Passeriformes,Cotingidae,Cephalopterus ornatus,FALSE,FALSE
Equisetopsida,Asterales,Asteraceae,Munnozia hastifolia,FALSE,FALSE
Equisetopsida,Magnoliales,Myristicaceae,Iryanthera paraensis,FALSE,FALSE
Equisetopsida,Ericales,Ericaceae,Gaultheria myrsinoides,FALSE,FALSE
Equisetopsida,Magnoliales,Myristicaceae,Iryanthera tricornis,FALSE,FALSE
Equisetopsida,Alismatales,Araceae,Philodendron ruizii,FALSE,FALSE
Aves,Passeriformes,Rhinocryptidae,Scytalopus femoralis,TRUE,FALSE
Equisetopsida,Poales,Poaceae,Isachne arundinacea,FALSE,FALSE
Equisetopsida,Poales,Bromeliaceae,Puya ferruginea,FALSE,FALSE
Aves,Passeriformes,Rhinocryptidae,Scytalopus macropus,TRUE,FALSE
Equisetopsida,Gentianales,Rubiaceae,Coussarea rudgeoides,FALSE,FALSE
Aves,Passeriformes,Rhinocryptidae,Scytalopus parvirostris,FALSE,FALSE
Actinopterygii,Characiformes,Characidae,Ceratobranchia binghami,FALSE,FALSE
Equisetopsida,Cyatheales,Cyatheaceae,Cyathea subincisa,FALSE,FALSE
Equisetopsida,Ericales,Ericaceae,Gaultheria erecta,FALSE,FALSE
Equisetopsida,Zingiberales,Marantaceae,Ischnosiphon cerotus,FALSE,FALSE
Equisetopsida,Poales,Poaceae,Muhlenbergia ligularis,FALSE,FALSE
Equisetopsida,Ericales,Ericaceae,Gaultheria buxifolia,FALSE,FALSE
Equisetopsida,Ericales,Ericaceae,Gaultheria bracteata,FALSE,FALSE
Aves,Passeriformes,Pipridae,Ceratopipra chloromeros,FALSE,FALSE
Equisetopsida,Asparagales,Orchidaceae,Cranichis calva,TRUE,FALSE
Aves,Passeriformes,Tyrannidae,Mionectes oleagineus,FALSE,FALSE
Equisetopsida,Asparagales,Orchidaceae,Cranichis ciliata,FALSE,FALSE
Aves,Apodiformes,Trochilidae,Elliotomyia viridicauda,TRUE,FALSE
Equisetopsida,Solanales,Solanaceae,Nicotiana tabacum,FALSE,FALSE
Mammalia,Didelphimorphia,Didelphidae,Marmosa (Micoureus) constantiae,FALSE,FALSE
Amphibia,Anura,Hemiphractidae,Gastrotheca griswoldi,TRUE,FALSE
Aves,Accipitriformes,Accipitridae,Parabuteo leucorrhous,FALSE,FALSE
Equisetopsida,Asparagales,Orchidaceae,Cranichis polyantha,FALSE,FALSE
Equisetopsida,Alismatales,Araceae,Philodendron strictum,FALSE,FALSE
Equisetopsida,Zingiberales,Marantaceae,Ischnosiphon obliquus,FALSE,FALSE
Equisetopsida,Lamiales,Gesneriaceae,Gasteranthus wendlandianus,FALSE,FALSE
Mammalia,Chiroptera,Phyllostomidae,Gardnerycteris crenulata,FALSE,FALSE
Equisetopsida,Lamiales,Gesneriaceae,Seemannia sylvatica,FALSE,FALSE
Equisetopsida,Cyatheales,Cyatheaceae,Cyathea tortuosa,FALSE,FALSE
Equisetopsida,Malpighiales,Clusiaceae,Garcinia madruno,FALSE,FALSE
Equisetopsida,Gentianales,Rubiaceae,Isertia laevis,FALSE,FALSE
Mammalia,Carnivora,Felidae,Puma concolor,FALSE,FALSE
Equisetopsida,Malpighiales,Clusiaceae,Garcinia macrophylla,FALSE,FALSE
Equisetopsida,Cyatheales,Cyatheaceae,Cyathea traillii,FALSE,FALSE
Aves,Piciformes,Ramphastidae,Aulacorhynchus derbianus,FALSE,FALSE
Equisetopsida,Ericales,Lecythidaceae,Allantoma decandra,FALSE,FALSE
Aves,Passeriformes,Thamnophilidae,Cercomacroides nigrescens,FALSE,FALSE
Mammalia,Didelphimorphia,Didelphidae,Marmosops (Marmosops) caucae,FALSE,FALSE
Equisetopsida,Caryophyllales,Petiveriaceae,Seguieria americana,FALSE,FALSE
Equisetopsida,Lamiales,Gesneriaceae,Paradrymonia ciliosa,FALSE,FALSE
Mammalia,Didelphimorphia,Didelphidae,Marmosops (Marmosops) noctivagus,FALSE,FALSE
Aves,Piciformes,Ramphastidae,Aulacorhynchus coeruleicinctis,FALSE,FALSE
Aves,Piciformes,Ramphastidae,Aulacorhynchus albivitta,FALSE,FALSE
Equisetopsida,Asparagales,Orchidaceae,Elleanthus virgatus,TRUE,FALSE
Equisetopsida,Lamiales,Gesneriaceae,Paradrymonia longifolia,FALSE,FALSE
Aves,Passeriformes,Thamnophilidae,Cercomacroides serva,FALSE,FALSE
Equisetopsida,Asparagales,Orchidaceae,Elleanthus strobilifer,FALSE,FALSE
Actinopterygii,Characiformes,Characidae,Paragoniates alburnus,FALSE,FALSE
Reptilia,Sauria,Gymnophthalmidae,Cercosaura argulus,FALSE,FALSE
Equisetopsida,Asterales,Asteraceae,Gamochaeta americana,FALSE,FALSE
Equisetopsida,Asparagales,Orchidaceae,Elleanthus scopulus,FALSE,FALSE
Equisetopsida,Malpighiales,Malpighiaceae,Alicia anisopetala,FALSE,FALSE
Equisetopsida,Selaginellales,Selaginellaceae,Selaginella exaltata,FALSE,FALSE
Equisetopsida,Polypodiales,Dryopteridaceae,Parapolystichum effusum subsp. Effusum,FALSE,FALSE
Insecta,Lepidoptera,Nymphalidae,Nessaea hewitsonii hewitsonii,FALSE,FALSE
Actinopterygii,Characiformes,Characidae,Attonitus irisae,FALSE,FALSE
Equisetopsida,Selaginellales,Selaginellaceae,Selaginella geniculata,FALSE,FALSE
Equisetopsida,Gentianales,Rubiaceae,Alibertia occidentalis,FALSE,FALSE
Actinopterygii,Characiformes,Characidae,Attonitus ephimeros,FALSE,FALSE
Equisetopsida,Asparagales,Orchidaceae,Elleanthus robustus,FALSE,FALSE
Equisetopsida,Malpighiales,Euphorbiaceae,Acalypha stricta,FALSE,FALSE
Aves,Charadriiformes,Scolopacidae,Gallinago jamesoni,FALSE,FALSE
Equisetopsida,Gentianales,Rubiaceae,Nertera granadensis,FALSE,FALSE
Aves,Passeriformes,Tyrannidae,Attila spadiceus,FALSE,FALSE
Equisetopsida,Ericales,Primulaceae,Parathesis adenanthera,FALSE,FALSE
Aves,Strigiformes,Strigidae,Pulsatrix perspicillata,FALSE,FALSE
Aves,Passeriformes,Thraupidae,Sphenopsis frontalis,FALSE,FALSE
Equisetopsida,Polypodiales,Nephrolepidaceae,Nephrolepis pectinata,FALSE,FALSE
Elasmobranchii,Myliobatiformes,Potamotrygonidae,Paratrygon aiereba,FALSE,FALSE
Equisetopsida,Asparagales,Orchidaceae,Elleanthus myrosmatis,FALSE,FALSE
Equisetopsida,Malpighiales,Ochnaceae,Cespedesia spathulata,FALSE,FALSE
Equisetopsida,Asparagales,Orchidaceae,Elleanthus magnicallosus,FALSE,FALSE
Equisetopsida,Selaginellales,Selaginellaceae,Selaginella lechleri,FALSE,FALSE
Equisetopsida,Santalales,Opiliaceae,Agonandra peruviana,FALSE,FALSE
Equisetopsida,Asparagales,Orchidaceae,Elleanthus longibracteatus,FALSE,FALSE
Equisetopsida,Myrtales,Melastomataceae,Miconia neriifolia,FALSE,FALSE
Equisetopsida,Gentianales,Rubiaceae,Galium hypocarpium,FALSE,FALSE
Equisetopsida,Selaginellales,Selaginellaceae,Selaginella praestans,FALSE,FALSE
Equisetopsida,Selaginellales,Selaginellaceae,Selaginella quadrifaria,FALSE,FALSE
Equisetopsida,Polypodiales,Nephrolepidaceae,Nephrolepis cordifolia,FALSE,FALSE
Equisetopsida,Selaginellales,Selaginellaceae,Selaginella trisulcata,FALSE,FALSE
Aves,Passeriformes,Thraupidae,Ixothraupis xanthogastra,FALSE,FALSE
Aves,Gruiformes,Rallidae,Pardirallus nigricans,FALSE,FALSE
Aves,Passeriformes,Thraupidae,Nephelornis oneilli,TRUE,FALSE
Equisetopsida,Solanales,Solanaceae,Cestrum conglomeratum,FALSE,FALSE
Equisetopsida,Asparagales,Orchidaceae,Elleanthus hymenophorus,FALSE,FALSE
Equisetopsida,Polypodiales,Polypodiaceae,Pleopeltis desvauxii,FALSE,FALSE
Mammalia,Rodentia,Cricetidae,Nephelomys keaysi,FALSE,FALSE
Aves,Passeriformes,Hirundinidae,Atticora fasciata,FALSE,FALSE
Equisetopsida,Gentianales,Rubiaceae,Galium corymbosum,FALSE,FALSE
Insecta,Lepidoptera,Nymphalidae,Mesotaenia vaninka doris,FALSE,FALSE
Aves,Passeriformes,Tyrannidae,Nephelomyias ochraceiventris,FALSE,FALSE
Equisetopsida,Solanales,Solanaceae,Cestrum microcalyx,FALSE,FALSE
Aves,Galbuliformes,Galbulidae,Jacamerops aureus,FALSE,FALSE
Equisetopsida,Solanales,Solanaceae,Cestrum parqui,FALSE,FALSE
Equisetopsida,Santalales,Opiliaceae,Agonandra silvatica,FALSE,FALSE
Mammalia,Cetartiodactyla,Cervidae,Pudu mephistophiles,FALSE,TRUE
Equisetopsida,Malpighiales,Salicaceae,Neosprucea tenuisepala,FALSE,FALSE
Equisetopsida,Lamiales,Bignoniaceae,Jacaranda copaia,FALSE,FALSE
Equisetopsida,Malpighiales,Salicaceae,Neosprucea montana,FALSE,FALSE
Equisetopsida,Solanales,Solanaceae,Cestrum reflexum,FALSE,FALSE
Equisetopsida,Asparagales,Orchidaceae,Elleanthus gracilis,FALSE,FALSE
Equisetopsida,Solanales,Solanaceae,Cestrum rigidum,FALSE,FALSE
Equisetopsida,Malpighiales,Salicaceae,Neoptychocarpus killipii,FALSE,FALSE
Equisetopsida,Gentianales,Rubiaceae,Alibertia edulis,FALSE,FALSE
Equisetopsida,Brassicales,Caricaceae,Jacaratia chocoensis,FALSE,FALSE
Aves,Passeriformes,Thraupidae,Diglossa cyanea,FALSE,FALSE
Aves,Passeriformes,Tyrannidae,Neopipo cinnamomea,FALSE,FALSE
Equisetopsida,Asterales,Asteraceae,Galinsoga quadriradiata,FALSE,FALSE
Equisetopsida,Brassicales,Caricaceae,Jacaratia digitata,FALSE,FALSE
Equisetopsida,Cucurbitales,Cucurbitaceae,Selysia prunifera,FALSE,FALSE
Equisetopsida,Solanales,Solanaceae,Cestrum schlechtendalii,FALSE,FALSE
Equisetopsida,Malvales,Malvaceae,Sterculia tessmannii,FALSE,FALSE
Equisetopsida,Brassicales,Caricaceae,Jacaratia spinosa,FALSE,FALSE
Equisetopsida,Asparagales,Orchidaceae,Elleanthus conifer,FALSE,FALSE
Equisetopsida,Alismatales,Araceae,Philodendron wittianum,FALSE,FALSE
Equisetopsida,Asparagales,Orchidaceae,Elleanthus capitatus,FALSE,FALSE
Equisetopsida,Asparagales,Orchidaceae,Galeottia acuminata,FALSE,FALSE
Actinopterygii,Characiformes,Characidae,Galeocharax gulo,FALSE,FALSE
Mammalia,Didelphimorphia,Didelphidae,Marmosops (Sciophanes) bishopi,FALSE,FALSE
Equisetopsida,Asparagales,Orchidaceae,Elleanthus blatteus,FALSE,FALSE
Aves,Passeriformes,Thraupidae,Diglossa glauca,FALSE,FALSE
Insecta,Lepidoptera,Papilionidae,Parides childrenae childrenae,FALSE,FALSE
Aves,Passeriformes,Thraupidae,Sphenopsis melanotis,FALSE,FALSE
Equisetopsida,Caryophyllales,Polygonaceae,Muehlenbeckia tamnifolia,FALSE,FALSE
Equisetopsida,Polypodiales,Pteridaceae,Jamesonia flexuosa,FALSE,FALSE
Actinopterygii,Cichliformes,Cichlidae,Pterophyllum scalare,FALSE,FALSE
Equisetopsida,Asparagales,Orchidaceae,Elleanthus aurantiacus,FALSE,FALSE
Equisetopsida,Asparagales,Orchidaceae,Elleanthus ampliflorus,FALSE,FALSE
Aves,Passeriformes,Passerellidae,Atlapetes tricolor,FALSE,FALSE
Aves,Apodiformes,Trochilidae,Pterophanes cyanopterus,FALSE,FALSE
Equisetopsida,Alismatales,Araceae,Philodendron wurdackii,FALSE,FALSE
Equisetopsida,Myrtales,Melastomataceae,Chaetogastra longifolia,FALSE,FALSE
Aves,Passeriformes,Passerellidae,Atlapetes schistaceus,FALSE,FALSE
Equisetopsida,Asparagales,Orchidaceae,Elleanthus amethystinus,FALSE,FALSE
Actinopterygii,Siluriformes,Loricariidae,Chaetostoma lineopunctatum,FALSE,FALSE
Aves,Galbuliformes,Galbulidae,Galbula cyanescens,FALSE,FALSE
Insecta,Lepidoptera,Nymphalidae,Polygrapha xenocrates,FALSE,FALSE
Equisetopsida,Malpighiales,Euphorbiaceae,Alchorneopsis floribunda,FALSE,FALSE
Aves,Piciformes,Picidae,Picumnus aurifrons,FALSE,FALSE
Equisetopsida,Poales,Cyperaceae,Cyperus hermaphroditus,FALSE,FALSE
Actinopterygii,Characiformes,Anostomidae,Abramites hypselonotus,FALSE,FALSE
Actinopterygii,Characiformes,Characidae,Creagrutus changae,FALSE,FALSE
Mammalia,Carnivora,Mustelidae,Pteronura brasiliensis,FALSE,TRUE
Equisetopsida,Asterales,Asteraceae,Senecio burkartii,FALSE,FALSE
Equisetopsida,Asparagales,Orchidaceae,Cyrtochilum cordatum,TRUE,FALSE
Equisetopsida,Asparagales,Orchidaceae,Acianthera capillaris,FALSE,FALSE
Equisetopsida,Malpighiales,Chrysobalanaceae,Parinari klugii,FALSE,FALSE
Equisetopsida,Gentianales,Rubiaceae,Sphinctanthus maculatus,FALSE,FALSE
Equisetopsida,Santalales,Loranthaceae,Gaiadendron punctatum,FALSE,FALSE
Equisetopsida,Malpighiales,Euphorbiaceae,Alchornea triplinervia,FALSE,FALSE
Equisetopsida,Myrtales,Melastomataceae,Meriania tetragona,FALSE,FALSE
Equisetopsida,Malpighiales,Chrysobalanaceae,Parinari occidentalis,FALSE,FALSE
Equisetopsida,Poales,Poaceae,Eleusine indica,FALSE,FALSE
Mammalia,Carnivora,Mustelidae,Neogale frenata,FALSE,FALSE
Aves,Apodiformes,Apodidae,Chaetura cinereiventris,FALSE,FALSE
Equisetopsida,Fabales,Polygalaceae,Polygala paniculata,FALSE,FALSE
Mammalia,Cingulata,Dasypodidae,Dasypus pilosus,TRUE,TRUE
Equisetopsida,Fabales,Fabaceae,Parkia igneiflora,FALSE,FALSE
Insecta,Lepidoptera,Nymphalidae,Marpesia crethon,FALSE,FALSE
Equisetopsida,Ericales,Primulaceae,Cybianthus flavovirens,TRUE,FALSE
Actinopterygii,Characiformes,Characidae,Creagrutus ortegai,FALSE,FALSE
Actinopterygii,Characiformes,Characidae,Creagrutus ouranonastes,FALSE,FALSE
Equisetopsida,Fabales,Fabaceae,Parkia nitida,FALSE,FALSE
Equisetopsida,Malpighiales,Achariaceae,Mayna odorata,FALSE,FALSE
Equisetopsida,Fabales,Fabaceae,Parkia ulei,FALSE,FALSE
Equisetopsida,Fabales,Fabaceae,Parkia velutina,FALSE,FALSE
Equisetopsida,Gentianales,Rubiaceae,Joosia dichotoma,TRUE,FALSE
Equisetopsida,Solanales,Solanaceae,Physalis angulata,FALSE,FALSE
Equisetopsida,Malpighiales,Euphorbiaceae,Alchornea pearcei,FALSE,FALSE
Equisetopsida,Asparagales,Orchidaceae,Neodryas llanachagaensis,TRUE,FALSE
Equisetopsida,Lamiales,Gesneriaceae,Drymonia pendula,FALSE,FALSE
Equisetopsida,Solanales,Solanaceae,Juanulloa parasitica,FALSE,FALSE
Insecta,Lepidoptera,Nymphalidae,Marpesia petreus,FALSE,FALSE
Equisetopsida,Ericales,Primulaceae,Cybianthus granulosus,FALSE,FALSE
Actinopterygii,Characiformes,Characidae,Creagrutus ungulus,FALSE,FALSE
Amphibia,Anura,Bufonidae,Atelopus oxapampae,TRUE,TRUE
Equisetopsida,Fagales,Juglandaceae,Juglans neotropica,FALSE,FALSE
Aves,Apodiformes,Trochilidae,Chalcostigma ruficeps,FALSE,FALSE
Equisetopsida,Myrtales,Onagraceae,Fuchsia macrophylla,FALSE,FALSE
Equisetopsida,Myrtales,Onagraceae,Fuchsia inflata,TRUE,FALSE
Equisetopsida,Malpighiales,Euphorbiaceae,Alchornea latifolia,FALSE,FALSE
Equisetopsida,Ranunculales,Menispermaceae,Elephantomene eburnea,FALSE,FALSE
Aves,Passeriformes,Thraupidae,Chalcothraupis ruficervix,FALSE,FALSE
Equisetopsida,Myrtales,Onagraceae,Fuchsia denticulata,FALSE,FALSE
Aves,Passeriformes,Thraupidae,Diglossa mystacalis,FALSE,FALSE
Equisetopsida,Malpighiales,Euphorbiaceae,Alchornea grandis,FALSE,FALSE
Equisetopsida,Malpighiales,Euphorbiaceae,Alchornea grandiflora,FALSE,FALSE
Equisetopsida,Fabales,Polygalaceae,Moutabea aculeata,FALSE,FALSE
Aves,Coraciiformes,Momotidae,Momotus aequatorialis,FALSE,FALSE
Equisetopsida,Malpighiales,Euphorbiaceae,Alchornea glandulosa,FALSE,FALSE
Equisetopsida,Lamiales,Gesneriaceae,Drymonia macrophylla,FALSE,FALSE
Equisetopsida,Myrtales,Melastomataceae,Mouriri nigra,FALSE,FALSE
Equisetopsida,Magnoliales,Annonaceae,Cremastosperma oblongum,TRUE,FALSE
Equisetopsida,Myrtales,Onagraceae,Fuchsia apetala,FALSE,FALSE
Equisetopsida,Arecales,Arecaceae,Chamaedorea fragrans,FALSE,FALSE
Equisetopsida,Arecales,Arecaceae,Chamaedorea linearis,FALSE,FALSE
Equisetopsida,Arecales,Arecaceae,Chamaedorea pauciflora,FALSE,FALSE
Actinopterygii,Characiformes,Parodontidae,Parodon buckleyi,FALSE,FALSE
Equisetopsida,Asparagales,Orchidaceae,Frondaria caulescens,FALSE,FALSE
Equisetopsida,Malpighiales,Malpighiaceae,Mascagnia divaricata,FALSE,FALSE
Equisetopsida,Malpighiales,Euphorbiaceae,Alchornea discolor,FALSE,FALSE
Aves,Piciformes,Ramphastidae,Pteroglossus azara,FALSE,FALSE
Equisetopsida,Myrtales,Melastomataceae,Miconia dimorphica,FALSE,FALSE
Equisetopsida,Arecales,Arecaceae,Chamaedorea pinnatifrons,FALSE,FALSE
Equisetopsida,Poales,Cyperaceae,Eleocharis elegans,FALSE,FALSE
Equisetopsida,Lamiales,Gesneriaceae,Drymonia erythroloma,TRUE,FALSE
Mammalia,Chiroptera,Phyllostomidae,Micronycteris megalotis,FALSE,FALSE
Equisetopsida,Polypodiales,Dryopteridaceae,Polybotrya osmundacea,FALSE,FALSE
Actinopterygii,Characiformes,Characidae,Astyanax maximus,FALSE,FALSE
Aves,Galliformes,Cracidae,Chamaepetes goudotii,FALSE,FALSE
Equisetopsida,Brassicales,Brassicaceae,Cremolobus peruvianus,FALSE,FALSE
Actinopterygii,Siluriformes,Doradidae,Pterodoras granulosus,FALSE,FALSE
Aves,Passeriformes,Formicariidae,Chamaeza campanisona,FALSE,FALSE
Actinopterygii,Characiformes,Characidae,Astyanax fasciatus,FALSE,FALSE
Equisetopsida,Ericales,Pentaphylacaceae,Freziera lanata,FALSE,FALSE
Actinopterygii,Gymnotiformes,Gymnotidae,Electrophorus electricus,FALSE,FALSE
Equisetopsida,Fabales,Fabaceae,Pterocarpus rohrii,FALSE,FALSE
Equisetopsida,Ericales,Pentaphylacaceae,Freziera incana,FALSE,FALSE
Aves,Coraciiformes,Momotidae,Electron platyrhynchum,FALSE,FALSE
Equisetopsida,Polypodiales,Dryopteridaceae,Polybotrya fractiserialis,FALSE,FALSE
Amphibia,Anura,Leptodactylidae,Adenomera andreae,FALSE,FALSE
Equisetopsida,Fabales,Fabaceae,Pterocarpus amazonum,FALSE,FALSE
Equisetopsida,Polypodiales,Pteridaceae,Pteris speciosa,FALSE,FALSE
Actinopterygii,Characiformes,Characidae,Astyanax bimaculatus,FALSE,FALSE
Equisetopsida,Asparagales,Orchidaceae,Acianthera erinacea,FALSE,FALSE
Aves,Apodiformes,Trochilidae,Adelomyia melanogenys,FALSE,FALSE
Equisetopsida,Poales,Poaceae,Paspalum candidum,FALSE,FALSE
Aves,Passeriformes,Thraupidae,Diglossa sittoides,FALSE,FALSE
Equisetopsida,Asterales,Asteraceae,Jungia rugosa,FALSE,FALSE
Equisetopsida,Polypodiales,Pteridaceae,Pteris podophylla,FALSE,FALSE
Actinopterygii,Characiformes,Characidae,Astyanacinus multidens,FALSE,FALSE
Equisetopsida,Asparagales,Orchidaceae,Masdevallia amaluzae,FALSE,TRUE
Equisetopsida,Polypodiales,Dryopteridaceae,Polybotrya crassirhizoma,FALSE,FALSE
Equisetopsida,Poales,Poaceae,Paspalum conjugatum,FALSE,FALSE
Equisetopsida,Rosales,Rhamnaceae,Frangula granulosa,FALSE,FALSE
Equisetopsida,Polypodiales,Pteridaceae,Pteris livida,FALSE,FALSE
Equisetopsida,Ericales,Primulaceae,Cybianthus marginatus,FALSE,FALSE
Insecta,Lepidoptera,Nymphalidae,Fountainea eurypyle confusa,FALSE,FALSE
Equisetopsida,Ericales,Primulaceae,Cybianthus minutiflorus,FALSE,FALSE
Equisetopsida,Polypodiales,Pteridaceae,Pteris haenkeana,FALSE,FALSE
Equisetopsida,Dilleniales,Dilleniaceae,Pinzona coriacea,FALSE,FALSE
Insecta,Lepidoptera,Nymphalidae,Adelpha erotia,FALSE,FALSE
Equisetopsida,Asparagales,Orchidaceae,Acianthera erythrogramma,FALSE,FALSE
Equisetopsida,Gentianales,Apocynaceae,Forsteronia graciloides,FALSE,FALSE
Aves,Charadriiformes,Charadriidae,Charadrius collaris,FALSE,FALSE
Equisetopsida,Fabales,Fabaceae,Jupunba laeta,FALSE,FALSE
Equisetopsida,Fabales,Fabaceae,Jupunba macradenia,FALSE,FALSE
Equisetopsida,Gentianales,Apocynaceae,Forsteronia amblybasis,FALSE,FALSE
Equisetopsida,Polypodiales,Pteridaceae,Pteris altissima,FALSE,FALSE
Equisetopsida,Fabales,Fabaceae,Jupunba trapezifolia var. micradenia,FALSE,FALSE
Equisetopsida,Gentianales,Apocynaceae,Forsteronia affinis,FALSE,FALSE
Actinopterygii,Cichliformes,Cichlidae,Crenicichla sedentaria,FALSE,FALSE
Equisetopsida,Gentianales,Apocynaceae,Forsteronia acouci,FALSE,FALSE
Equisetopsida,Asparagales,Orchidaceae,Pterichis weberbaueriana,TRUE,FALSE
Equisetopsida,Asparagales,Orchidaceae,Pterichis parvifolia,FALSE,FALSE
Equisetopsida,Asparagales,Orchidaceae,Pterichis macbridei,FALSE,FALSE
Equisetopsida,Asterales,Asteraceae,Senecio tenuisagittatus,FALSE,FALSE
Equisetopsida,Myrtales,Lythraceae,Adenaria floribunda,FALSE,FALSE
Actinopterygii,Siluriformes,Astroblepidae,Astroblepus vanceae,FALSE,FALSE
Actinopterygii,Siluriformes,Astroblepidae,Astroblepus longifilis,FALSE,FALSE
Equisetopsida,Gentianales,Rubiaceae,Psychotria viridis,FALSE,FALSE
Equisetopsida,Malpighiales,Passifloraceae,Dilkea retusa,FALSE,FALSE
Actinopterygii,Siluriformes,Astroblepidae,Astroblepus fissidens,FALSE,FALSE
Equisetopsida,Asparagales,Orchidaceae,Masdevallia antonii,TRUE,FALSE
Equisetopsida,Polypodiales,Dryopteridaceae,Polybotrya caudata,FALSE,FALSE
Equisetopsida,Polypodiales,Dryopteridaceae,Elaphoglossum zebrinum,FALSE,FALSE
Actinopterygii,Characiformes,Characidae,Charax tectifer,FALSE,FALSE
Mammalia,Chiroptera,Phyllostomidae,Micronycteris hirsuta,FALSE,FALSE
Equisetopsida,Poales,Poaceae,Paspalum virgatum,FALSE,FALSE
Equisetopsida,Gentianales,Rubiaceae,Psychotria villosa,FALSE,FALSE
Equisetopsida,Caryophyllales,Nyctaginaceae,Neea spruceana,FALSE,FALSE
Equisetopsida,Caryophyllales,Nyctaginaceae,Neea ovalifolia,FALSE,FALSE
Equisetopsida,Asparagales,Orchidaceae,Chaubardia klugii,FALSE,TRUE
Equisetopsida,Myrtales,Melastomataceae,Miconia dipsacea,FALSE,FALSE
Equisetopsida,Polypodiales,Dryopteridaceae,Elaphoglossum vittarioides,TRUE,FALSE
Equisetopsida,Asterales,Asteraceae,Polyanthina nemorosa,FALSE,FALSE
Equisetopsida,Gentianales,Rubiaceae,Psychotria trivialis,FALSE,FALSE
Insecta,Lepidoptera,Erebidae,Cresera affinis,FALSE,FALSE
Insecta,Lepidoptera,Erebidae,Cresera hieroglyphica,FALSE,FALSE
Equisetopsida,Gentianales,Rubiaceae,Psychotria trichotoma,FALSE,FALSE
Equisetopsida,Fabales,Fabaceae,Senegalia loretensis,FALSE,FALSE
Equisetopsida,Caryophyllales,Cactaceae,Kimnachia ramulosa subsp. Ramulosa,FALSE,FALSE
Mammalia,Cingulata,Dasypodidae,Dasypus novemcinctus,FALSE,FALSE
Equisetopsida,Malpighiales,Passifloraceae,Passiflora alata,FALSE,FALSE
Equisetopsida,Caryophyllales,Nyctaginaceae,Neea macrophylla,FALSE,FALSE
Equisetopsida,Gentianales,Rubiaceae,Psychotria tenuicaulis,FALSE,FALSE
Insecta,Lepidoptera,Erebidae,Cresera ilioides,FALSE,FALSE
Insecta,Lepidoptera,Erebidae,Cresera ilus,FALSE,FALSE
Equisetopsida,Cornales,Loasaceae,Klaprothia mentzelioides,FALSE,FALSE
Equisetopsida,Malpighiales,Passifloraceae,Passiflora ambigua,FALSE,FALSE
Aves,Passeriformes,Formicariidae,Formicarius analis,FALSE,FALSE
Equisetopsida,Celastrales,Celastraceae,Cheiloclinium hippocrateoides,FALSE,FALSE
Equisetopsida,Myrtales,Melastomataceae,Miconia dispar,FALSE,FALSE
Aves,Galbuliformes,Bucconidae,Micromonacha lanceolata,FALSE,FALSE
Equisetopsida,Malpighiales,Passifloraceae,Passiflora auriculata,FALSE,FALSE
Equisetopsida,Polypodiales,Dryopteridaceae,Elaphoglossum styriacum,FALSE,FALSE
Aves,Passeriformes,Thraupidae,Kleinothraupis atropileus,FALSE,FALSE
Equisetopsida,Caryophyllales,Nyctaginaceae,Neea floribunda,FALSE,FALSE
Equisetopsida,Gentianales,Rubiaceae,Psychotria ruizii,FALSE,FALSE
Insecta,Lepidoptera,Erebidae,Cresera optimus,FALSE,FALSE
Aves,Passeriformes,Fringillidae,Spinus olivaceus,FALSE,FALSE
Equisetopsida,Commelinales,Commelinaceae,Floscopa peruviana,FALSE,FALSE
Equisetopsida,Malpighiales,Passifloraceae,Passiflora candollei,FALSE,FALSE
Equisetopsida,Caryophyllales,Nyctaginaceae,Neea divaricata,FALSE,FALSE
Aves,Galbuliformes,Bucconidae,Chelidoptera tenebrosa,FALSE,FALSE
Aves,Apodiformes,Trochilidae,Florisuga mellivora,FALSE,FALSE
Equisetopsida,Asparagales,Orchidaceae,Acianthera polystachya,FALSE,FALSE
Equisetopsida,Polypodiales,Dryopteridaceae,Elaphoglossum setigerum,FALSE,FALSE
Insecta,Lepidoptera,Erebidae,Cresera similis,FALSE,FALSE
Equisetopsida,Myrtales,Melastomataceae,Monolena primuliflora,FALSE,FALSE
Aves,Passeriformes,Tyrannidae,Knipolegus poecilurus,FALSE,FALSE
Equisetopsida,Asparagales,Orchidaceae,Masdevallia aurorae,TRUE,TRUE
Equisetopsida,Asparagales,Orchidaceae,Masdevallia bennettii,TRUE,FALSE
Equisetopsida,Malpighiales,Passifloraceae,Passiflora cisnana,FALSE,FALSE
Equisetopsida,Asparagales,Orchidaceae,Masdevallia calosiphon,TRUE,FALSE
Equisetopsida,Gentianales,Rubiaceae,Psychotria remota,FALSE,FALSE
Equisetopsida,Malpighiales,Passifloraceae,Passiflora coccinea,FALSE,FALSE
Equisetopsida,Lamiales,Gesneriaceae,Drymonia coriacea,FALSE,FALSE
Equisetopsida,Zingiberales,Costaceae,Dimerocostus argenteus,FALSE,FALSE
Actinopterygii,Characiformes,Characidae,Knodus beta,FALSE,FALSE
Equisetopsida,Ericales,Sapotaceae,Micropholis egensis,FALSE,FALSE
Equisetopsida,Asparagales,Orchidaceae,Masdevallia eumeliae,TRUE,TRUE
Actinopterygii,Characiformes,Characidae,Knodus breviceps,FALSE,FALSE
Equisetopsida,Polypodiales,Dryopteridaceae,Elaphoglossum ruficomum,TRUE,FALSE
Mammalia,Rodentia,Cricetidae,Nectomys apicalis,FALSE,FALSE
Equisetopsida,Malpighiales,Passifloraceae,Passiflora cumbalensis,FALSE,FALSE
Equisetopsida,Gentianales,Rubiaceae,Psychotria pichisensis,FALSE,FALSE
Actinopterygii,Characiformes,Characidae,Knodus septentrionalis,FALSE,FALSE
Equisetopsida,Fabales,Fabaceae,Senna silvestris,FALSE,FALSE
Aves,Passeriformes,Tyrannidae,Mionectes macconnelli,FALSE,FALSE
Equisetopsida,Laurales,Lauraceae,Nectandra villosa,FALSE,FALSE
Aves,Passeriformes,Furnariidae,Asthenes fuliginosa,FALSE,FALSE
Aves,Passeriformes,Thraupidae,Sericossypha albocristata,FALSE,FALSE
Aves,Passeriformes,Furnariidae,Asthenes flammulata,FALSE,FALSE
Equisetopsida,Malpighiales,Passifloraceae,Passiflora edulis,FALSE,FALSE
Equisetopsida,Gentianales,Rubiaceae,Psychotria ortiziana,FALSE,FALSE
Equisetopsida,Asparagales,Orchidaceae,Koellensteinia graminea,FALSE,FALSE
Equisetopsida,Rosales,Moraceae,Ficus trigona,FALSE,FALSE
Equisetopsida,Gentianales,Rubiaceae,Psychotria oinochrophylla,FALSE,FALSE
Insecta,Lepidoptera,Nymphalidae,Asterope markii,FALSE,FALSE
Equisetopsida,Lamiales,Gesneriaceae,Kohleria peruviana,FALSE,FALSE
Aves,Passeriformes,Thraupidae,Creurgops verticalis,FALSE,FALSE
Equisetopsida,Pandanales,Cyclanthaceae,Asplundia ulei,TRUE,FALSE
Equisetopsida,Laurales,Lauraceae,Nectandra turbacensis,FALSE,FALSE
Equisetopsida,Ericales,Sapotaceae,Micropholis guyanensis,FALSE,FALSE
Equisetopsida,Rosales,Moraceae,Ficus tonduzii,FALSE,FALSE
Equisetopsida,Malpighiales,Passifloraceae,Passiflora micropetala,FALSE,FALSE
Equisetopsida,Asparagales,Orchidaceae,Masdevallia manchinazae,FALSE,TRUE
Equisetopsida,Polypodiales,Dryopteridaceae,Elaphoglossum raywaense,FALSE,FALSE
Equisetopsida,Rosales,Moraceae,Ficus schippii,FALSE,FALSE
Equisetopsida,Polypodiales,Aspleniaceae,Asplenium uniseriale,FALSE,FALSE
Equisetopsida,Malpighiales,Passifloraceae,Passiflora mixta,FALSE,FALSE
Equisetopsida,Laurales,Lauraceae,Nectandra reflexa,FALSE,FALSE
Equisetopsida,Rosales,Moraceae,Ficus popenoei,FALSE,FALSE
Equisetopsida,Gentianales,Rubiaceae,Chimarrhis glabriflora,FALSE,FALSE
Equisetopsida,Gentianales,Rubiaceae,Chimarrhis hookeri,FALSE,FALSE
Mammalia,Chiroptera,Phyllostomidae,Mesophylla macconnelli,FALSE,FALSE
Equisetopsida,Gentianales,Rubiaceae,Psychotria juninensis,FALSE,FALSE
Equisetopsida,Gentianales,Rubiaceae,Psychotria japurensis,FALSE,FALSE
Equisetopsida,Malpighiales,Rhizophoraceae,Sterigmapetalum obovatum,FALSE,FALSE
Equisetopsida,Asterales,Asteraceae,Critoniopsis pycnantha,FALSE,FALSE
Equisetopsida,Polypodiales,Aspleniaceae,Asplenium sulcatum,FALSE,FALSE
Equisetopsida,Gentianales,Rubiaceae,Chione venosa,FALSE,FALSE
Equisetopsida,Polypodiales,Aspleniaceae,Asplenium stuebelianum,FALSE,FALSE
Equisetopsida,Rosales,Moraceae,Ficus pertusa,FALSE,FALSE
Equisetopsida,Asparagales,Orchidaceae,Acianthera rodolfo-vasquezii,TRUE,FALSE
Equisetopsida,Laurales,Lauraceae,Nectandra pulverulenta,FALSE,FALSE
Equisetopsida,Asparagales,Orchidaceae,Crocodeilanthe floribunda,FALSE,FALSE
Equisetopsida,Malpighiales,Passifloraceae,Passiflora mollissima,FALSE,FALSE
Equisetopsida,Polypodiales,Pteridaceae,Adiantum tomentosum,FALSE,FALSE
Equisetopsida,Ericales,Primulaceae,Cybianthus pastensis,FALSE,FALSE
Equisetopsida,Malpighiales,Passifloraceae,Passiflora nitida,FALSE,FALSE
Equisetopsida,Rosales,Moraceae,Ficus paraensis,FALSE,FALSE
Equisetopsida,Polypodiales,Aspleniaceae,Asplenium serratum,FALSE,FALSE
Equisetopsida,Polypodiales,Dryopteridaceae,Elaphoglossum plumosum,FALSE,FALSE
Equisetopsida,Laurales,Lauraceae,Nectandra pearcei,FALSE,FALSE
Equisetopsida,Solanales,Solanaceae,Physalis peruviana,FALSE,FALSE
Equisetopsida,Polypodiales,Polypodiaceae,Microgramma tecta,FALSE,FALSE
Equisetopsida,Rosales,Moraceae,Ficus obtusifolia,FALSE,FALSE
Mammalia,Chiroptera,Phyllostomidae,Chiroderma salvini,FALSE,FALSE
Mammalia,Rodentia,Dasyproctidae,Dasyprocta variegata,FALSE,FALSE
Mammalia,Chiroptera,Phyllostomidae,Chiroderma trinitatum,FALSE,FALSE
Equisetopsida,Polypodiales,Aspleniaceae,Asplenium serra,FALSE,FALSE
Equisetopsida,Gentianales,Rubiaceae,Psychotria carthagenensis,FALSE,FALSE
Equisetopsida,Asparagales,Orchidaceae,Masdevallia oxapampaensis,TRUE,FALSE
Equisetopsida,Rosales,Moraceae,Ficus mutisii,FALSE,FALSE
Equisetopsida,Laurales,Lauraceae,Nectandra oppositifolia,FALSE,FALSE
Equisetopsida,Polypodiales,Aspleniaceae,Asplenium salicifolium,FALSE,FALSE
Equisetopsida,Asparagales,Orchidaceae,Maxillaria pyhalae,FALSE,TRUE
Aves,Passeriformes,Furnariidae,Philydor pyrrhodes,FALSE,FALSE
Equisetopsida,Rosales,Moraceae,Ficus maximoides,FALSE,FALSE
Equisetopsida,Asparagales,Orchidaceae,Masdevallia parvula,FALSE,FALSE
Equisetopsida,Polypodiales,Aspleniaceae,Asplenium rutaceum,FALSE,FALSE
Equisetopsida,Asparagales,Orchidaceae,Masdevallia picta,FALSE,FALSE
Mammalia,Chiroptera,Phyllostomidae,Chiroderma villosum,FALSE,FALSE
Equisetopsida,Rosales,Moraceae,Ficus maxima,FALSE,FALSE
Equisetopsida,Asparagales,Orchidaceae,Masdevallia roseola,FALSE,FALSE
Equisetopsida,Polypodiales,Aspleniaceae,Asplenium quitense,FALSE,FALSE
Equisetopsida,Asparagales,Orchidaceae,Crossoglossa harlingii,FALSE,FALSE
Equisetopsida,Asparagales,Orchidaceae,Crossoglossa hirtzii,FALSE,FALSE
Equisetopsida,Asparagales,Orchidaceae,Crossoglossa neirynckiana,FALSE,FALSE
Equisetopsida,Myrtales,Melastomataceae,Miconia dolichorrhyncha,FALSE,FALSE
Equisetopsida,Polypodiales,Polypodiaceae,Microgramma reptans,FALSE,FALSE
Equisetopsida,Rosales,Moraceae,Ficus maroma,FALSE,FALSE
Equisetopsida,Ericales,Sapotaceae,Micropholis guyanensis subsp. duckeana,FALSE,FALSE
Equisetopsida,Malpighiales,Passifloraceae,Passiflora rubra,FALSE,FALSE
Equisetopsida,Gentianales,Rubiaceae,Psychotria boninensis,FALSE,FALSE
Equisetopsida,Polypodiales,Aspleniaceae,Asplenium pearcei,FALSE,FALSE
Equisetopsida,Asparagales,Orchidaceae,Crossoglossa tipuloides,FALSE,FALSE
Equisetopsida,Polypodiales,Polypodiaceae,Serpocaulon caceresii,FALSE,FALSE
Equisetopsida,Rosales,Moraceae,Ficus macbridei,FALSE,FALSE
Equisetopsida,Polypodiales,Dryopteridaceae,Elaphoglossum peltatum fo. flabellatum,FALSE,FALSE
Equisetopsida,Polypodiales,Polypodiaceae,Serpocaulon dasypleuron,FALSE,FALSE
Equisetopsida,Ericales,Sapotaceae,Micropholis guyanensis subsp. guyanensis,FALSE,FALSE
Equisetopsida,Laurales,Lauraceae,Nectandra membranacea,FALSE,FALSE
Actinopterygii,Siluriformes,Loricariidae,Crossoloricaria rhami,FALSE,FALSE
Equisetopsida,Rosales,Moraceae,Ficus insipida,FALSE,FALSE
Aves,Passeriformes,Pipridae,Chiroxiphia pareola,FALSE,FALSE
Equisetopsida,Myrtales,Melastomataceae,Meriania tomentosa,FALSE,FALSE
Equisetopsida,Asparagales,Orchidaceae,Masdevallia schudelii,FALSE,FALSE
Equisetopsida,Polypodiales,Polypodiaceae,Microgramma percussa,FALSE,FALSE
Equisetopsida,Asparagales,Orchidaceae,Masdevallia ustulata,FALSE,FALSE
Equisetopsida,Polypodiales,Dryopteridaceae,Elaphoglossum peltatum,FALSE,FALSE
Equisetopsida,Malpighiales,Passifloraceae,Passiflora tripartita,FALSE,FALSE
Equisetopsida,Polypodiales,Aspleniaceae,Asplenium flabellulatum,FALSE,FALSE
Equisetopsida,Ericales,Sapotaceae,Micropholis melinoniana,FALSE,FALSE
Equisetopsida,Polypodiales,Aspleniaceae,Asplenium divaricatum,TRUE,FALSE
Equisetopsida,Rosales,Moraceae,Ficus gigantosyce,FALSE,FALSE
Equisetopsida,Polypodiales,Polypodiaceae,Serpocaulon fraxinifolium,FALSE,FALSE
Actinopterygii,Characiformes,Characidae,Moenkhausia oligolepis,FALSE,FALSE
Equisetopsida,Malpighiales,Passifloraceae,Passiflora vespertilio,FALSE,FALSE
Equisetopsida,Laurales,Lauraceae,Nectandra maynensis,FALSE,FALSE
Equisetopsida,Asparagales,Orchidaceae,Masdevallia yungasensis,FALSE,FALSE
Equisetopsida,Polypodiales,Aspleniaceae,Asplenium cuspidatum,FALSE,FALSE
Equisetopsida,Malpighiales,Lacistemataceae,Lacistema aggregatum,FALSE,FALSE
Equisetopsida,Polypodiales,Aspleniaceae,Asplenium cirrhatum,FALSE,FALSE
Equisetopsida,Polypodiales,Polypodiaceae,Serpocaulon levigatum,FALSE,FALSE
Aves,Psittaciformes,Psittacidae,Psittacara mitratus,FALSE,FALSE
Equisetopsida,Gentianales,Apocynaceae,Lacmellea arborescens,FALSE,FALSE
Equisetopsida,Rosales,Moraceae,Ficus cuatrecasasiana,FALSE,FALSE
Equisetopsida,Malpighiales,Passifloraceae,Passiflora viridescens,FALSE,FALSE
Equisetopsida,Polypodiales,Aspleniaceae,Asplenium bangii,FALSE,FALSE
Insecta,Lepidoptera,Nymphalidae,Chloreuptychia agatha,FALSE,FALSE
Equisetopsida,Polypodiales,Aspleniaceae,Asplenium auritum,FALSE,FALSE
Equisetopsida,Asparagales,Orchidaceae,Miltoniopsis bismarckii,TRUE,FALSE
Equisetopsida,Rosales,Moraceae,Ficus cuatrecasana,FALSE,FALSE
Equisetopsida,Sapindales,Sapindaceae,Matayba arborescens,FALSE,FALSE
Equisetopsida,Asparagales,Orchidaceae,Maxillaria xanthorhoda,TRUE,FALSE
Equisetopsida,Polypodiales,Dryopteridaceae,Elaphoglossum pachyphyllum,FALSE,FALSE
Equisetopsida,Laurales,Lauraceae,Nectandra longifolia,FALSE,FALSE
Equisetopsida,Polypodiales,Aspleniaceae,Asplenium auriculatum,FALSE,FALSE
Equisetopsida,Malpighiales,Euphorbiaceae,Alchornea brittonii,FALSE,FALSE
Equisetopsida,Santalales,Loranthaceae,Passovia pedunculata,FALSE,FALSE
Equisetopsida,Sapindales,Sapindaceae,Matayba inelegans,FALSE,FALSE
Equisetopsida,Gentianales,Apocynaceae,Lacmellea peruviana,FALSE,FALSE
Equisetopsida,Gentianales,Apocynaceae,Lacmellea ramosissima,FALSE,FALSE
Equisetopsida,Polypodiales,Aspleniaceae,Asplenium angustum,FALSE,FALSE
Equisetopsida,Laurales,Lauraceae,Nectandra lineatifolia,FALSE,FALSE
Equisetopsida,Polypodiales,Aspleniaceae,Asplenium alatum,FALSE,FALSE
Equisetopsida,Rosales,Moraceae,Ficus citrifolia,FALSE,FALSE
Equisetopsida,Santalales,Loranthaceae,Passovia pyrifolia,FALSE,FALSE
Equisetopsida,Sapindales,Sapindaceae,Matayba peruviana,FALSE,FALSE
Equisetopsida,Malpighiales,Ochnaceae,Lacunaria macrostachya,FALSE,FALSE
Equisetopsida,Polypodiales,Polypodiaceae,Microgramma dictyophylla,FALSE,FALSE
Equisetopsida,Gentianales,Rubiaceae,Ladenbergia acutifolia,FALSE,FALSE
Equisetopsida,Gentianales,Apocynaceae,Aspidosperma spruceanum,FALSE,FALSE
Equisetopsida,Rosales,Moraceae,Ficus caballina,FALSE,FALSE
Equisetopsida,Asparagales,Orchidaceae,Cyrtochilum ligulatum,TRUE,FALSE
Equisetopsida,Polypodiales,Polypodiaceae,Serpocaulon loriceum,FALSE,FALSE
Equisetopsida,Gentianales,Rubiaceae,Ladenbergia amazonensis,FALSE,FALSE
Equisetopsida,Sapindales,Sapindaceae,Matayba purgans,FALSE,FALSE
Aves,Coraciiformes,Alcedinidae,Chloroceryle amazona,FALSE,FALSE
Equisetopsida,Rosales,Moraceae,Ficus aripuanensis,FALSE,FALSE
Equisetopsida,Gentianales,Apocynaceae,Aspidosperma schultesii,FALSE,FALSE
Equisetopsida,Rosales,Moraceae,Ficus americana subsp. subapiculata,FALSE,FALSE
Equisetopsida,Rosales,Moraceae,Ficus americana subsp. guianensis,FALSE,FALSE
Equisetopsida,Gentianales,Rubiaceae,Ladenbergia discolor,FALSE,FALSE
Equisetopsida,Gentianales,Apocynaceae,Aspidosperma rigidum,FALSE,FALSE
Equisetopsida,Santalales,Loranthaceae,Psittacanthus acinarius,FALSE,FALSE
Equisetopsida,Rosales,Moraceae,Ficus americana subsp. andicola,FALSE,FALSE
Equisetopsida,Gentianales,Rubiaceae,Ladenbergia graciliflora,FALSE,FALSE
Equisetopsida,Polypodiales,Polypodiaceae,Microgramma bifrons,FALSE,FALSE
Equisetopsida,Polypodiales,Dryopteridaceae,Elaphoglossum moorei,FALSE,FALSE
Equisetopsida,Laurales,Lauraceae,Nectandra laurel,FALSE,FALSE
Equisetopsida,Rosales,Moraceae,Ficus americana,FALSE,FALSE
Equisetopsida,Gentianales,Apocynaceae,Matelea rivularis,FALSE,FALSE
Equisetopsida,Gentianales,Rubiaceae,Ladenbergia klugii,FALSE,FALSE
Equisetopsida,Polypodiales,Polypodiaceae,Serpocaulon sessilifolium,FALSE,FALSE
Aves,Coraciiformes,Alcedinidae,Chloroceryle americana,FALSE,FALSE
Equisetopsida,Ericales,Primulaceae,Cybianthus peruvianus,FALSE,FALSE
Equisetopsida,Cucurbitales,Cucurbitaceae,Fevillea cordifolia,FALSE,FALSE
Equisetopsida,Asparagales,Orchidaceae,Psilochilus macrophyllus,FALSE,FALSE
Equisetopsida,Polypodiales,Pteridaceae,Adiantum scalare,FALSE,FALSE
Equisetopsida,Gentianales,Apocynaceae,Aspidosperma macrocarpon,FALSE,FALSE
Equisetopsida,Gentianales,Apocynaceae,Aspidosperma excelsum,FALSE,FALSE
Equisetopsida,Cucurbitales,Cucurbitaceae,Psiguria triphylla,FALSE,FALSE
Equisetopsida,Gentianales,Rubiaceae,Ladenbergia oblongifolia,FALSE,FALSE
Actinopterygii,Characiformes,Characidae,Moenkhausia simulata,FALSE,FALSE
Equisetopsida,Myrtales,Melastomataceae,Miconia elata,FALSE,FALSE
Equisetopsida,Rosales,Moraceae,Morus insignis,FALSE,FALSE
Equisetopsida,Asterales,Asteraceae,Mikania vitifolia,FALSE,FALSE
Equisetopsida,Myrtales,Myrtaceae,Psidium rutidocarpum,TRUE,TRUE
Aves,Passeriformes,Thraupidae,Chlorochrysa calliparaea,FALSE,FALSE
Equisetopsida,Myrtales,Melastomataceae,Miconia elongata,FALSE,FALSE
Equisetopsida,Ericales,Primulaceae,Cybianthus poeppigii,FALSE,FALSE
Equisetopsida,Poales,Poaceae,Festuca procera,FALSE,FALSE
Equisetopsida,Myrtales,Myrtaceae,Psidium guajava,FALSE,FALSE
Equisetopsida,Polypodiales,Polypodiaceae,Serpocaulon triseriale,FALSE,FALSE
Equisetopsida,Gentianales,Rubiaceae,Ladenbergia riveroana,FALSE,FALSE
Equisetopsida,Gentianales,Apocynaceae,Aspidosperma desmanthum,FALSE,FALSE
Equisetopsida,Myrtales,Melastomataceae,Miconia radula,FALSE,FALSE
Equisetopsida,Asparagales,Orchidaceae,Aspidogyne stigmatoptera,FALSE,FALSE
Equisetopsida,Myrtales,Myrtaceae,Psidium acutangulum,FALSE,FALSE
Aves,Passeriformes,Thraupidae,Chlorophanes spiza,FALSE,FALSE
Aves,Passeriformes,Tyrannidae,Serpophaga cinerea,FALSE,FALSE
Equisetopsida,Polypodiales,Dryopteridaceae,Elaphoglossum metallicum,TRUE,FALSE
Equisetopsida,Laurales,Lauraceae,Nectandra hihua,FALSE,FALSE
Actinopterygii,Beloniformes,Belonidae,Pseudotylosurus angusticeps,FALSE,FALSE
Equisetopsida,Gentianales,Rubiaceae,Agouticarpa isernii,FALSE,FALSE
Equisetopsida,Ericales,Sapotaceae,Micropholis venulosa,FALSE,FALSE
Aves,Columbiformes,Columbidae,Patagioenas fasciata,FALSE,FALSE
Aves,Passeriformes,Tyrannidae,Pseudotriccus ruficeps,FALSE,FALSE
Equisetopsida,Asparagales,Orchidaceae,Microchilus vesicifer,FALSE,FALSE
Equisetopsida,Malpighiales,Salicaceae,Laetia corymbulosa,FALSE,FALSE
Aves,Passeriformes,Thraupidae,Asemospiza obscura,FALSE,FALSE
Equisetopsida,Malvales,Malvaceae,Matisia cordata,FALSE,FALSE
Equisetopsida,Malpighiales,Salicaceae,Laetia procera,FALSE,FALSE
Aves,Passeriformes,Fringillidae,Chlorophonia cyanea,FALSE,FALSE
Equisetopsida,Fabales,Polygalaceae,Asemeia acuminata,FALSE,FALSE
Equisetopsida,Laurales,Lauraceae,Nectandra cuspidata,FALSE,FALSE
Actinopterygii,Characiformes,Characidae,Serrapinnus heterodon,FALSE,FALSE
Aves,Passeriformes,Pipridae,Chloropipo unicolor,FALSE,FALSE
Equisetopsida,Laurales,Lauraceae,Nectandra cuneatocordata,FALSE,FALSE
Equisetopsida,Poales,Poaceae,Arundinella berteroniana,FALSE,FALSE
Equisetopsida,Asparagales,Orchidaceae,Arundina graminifolia,FALSE,FALSE
Aves,Passeriformes,Thraupidae,Chlorornis riefferii,FALSE,FALSE
Aves,Passeriformes,Thraupidae,Pseudospingus xanthophthalmus,FALSE,FALSE
Equisetopsida,Malpighiales,Euphorbiaceae,Croton lechleri,FALSE,FALSE
Aves,Passeriformes,Passerellidae,Chlorospingus flavigularis,FALSE,FALSE
Equisetopsida,Laurales,Lauraceae,Nectandra cissiflora,FALSE,FALSE
Mammalia,Chiroptera,Phyllostomidae,Artibeus planirostris,FALSE,FALSE
Equisetopsida,Malvales,Malvaceae,Matisia malacocalyx,FALSE,FALSE
Equisetopsida,Malvales,Malvaceae,Sterculia apeibophylla,FALSE,FALSE
Actinopterygii,Characiformes,Serrasalmidae,Serrasalmus rhombeus,FALSE,FALSE
Equisetopsida,Asparagales,Orchidaceae,Fernandezia subbiflora,FALSE,TRUE
Mammalia,Primates,Atelidae,Lagothrix lagothricha,FALSE,TRUE
Insecta,Lepidoptera,Nymphalidae,Morpho helenor,FALSE,FALSE
Equisetopsida,Malpighiales,Euphorbiaceae,Pseudosenefeldera inclinata,FALSE,FALSE
Equisetopsida,Asparagales,Orchidaceae,Fernandezia stuebelii,FALSE,FALSE
Equisetopsida,Asparagales,Orchidaceae,Fernandezia pectinata,FALSE,FALSE
Equisetopsida,Laurales,Lauraceae,Nectandra acutifolia,FALSE,FALSE
Equisetopsida,Malpighiales,Euphorbiaceae,Nealchornea yapurensis,FALSE,FALSE
Equisetopsida,Asparagales,Orchidaceae,Fernandezia ionanthera,FALSE,TRUE
Aves,Passeriformes,Passerellidae,Chlorospingus flavopectus,FALSE,FALSE
Equisetopsida,Lamiales,Gesneriaceae,Drymonia coccinea,FALSE,FALSE
Aves,Passeriformes,Passerellidae,Chlorospingus parvirostris,FALSE,FALSE
Equisetopsida,Asparagales,Orchidaceae,Fernandezia distichoides,FALSE,FALSE
Mammalia,Rodentia,Dinomyidae,Dinomys branickii,FALSE,TRUE
Equisetopsida,Malpighiales,Euphorbiaceae,Croton pachypodus,FALSE,FALSE
Equisetopsida,Myrtales,Melastomataceae,Miconia eriocalyx,FALSE,FALSE
Mammalia,Chiroptera,Phyllostomidae,Artibeus lituratus,FALSE,FALSE
Equisetopsida,Asparagales,Orchidaceae,Fernandezia crystallina,FALSE,FALSE
Aves,Apodiformes,Trochilidae,Chlorostilbon mellisugus,FALSE,FALSE
Mammalia,Chiroptera,Phyllostomidae,Artibeus glaucus,FALSE,FALSE
Aves,Passeriformes,Troglodytidae,Microcerculus marginatus,FALSE,FALSE
Equisetopsida,Poales,Poaceae,Setaria parviflora,FALSE,FALSE
Equisetopsida,Polypodiales,Dryopteridaceae,Elaphoglossum mathewsii,FALSE,FALSE
Equisetopsida,Polypodiales,Dryopteridaceae,Elaphoglossum luridum,FALSE,FALSE
Equisetopsida,Lamiales,Gesneriaceae,Nautilocalyx bullatus,TRUE,FALSE
Equisetopsida,Rosales,Moraceae,Naucleopsis ulei subsp. subandina,FALSE,FALSE
Equisetopsida,Gentianales,Rubiaceae,Ferdinandusa loretensis,FALSE,FALSE
Aves,Columbiformes,Columbidae,Patagioenas plumbea,FALSE,FALSE
Equisetopsida,Gentianales,Rubiaceae,Ferdinandusa chlorantha,FALSE,FALSE
Aves,Passeriformes,Thraupidae,Lanio versicolor,FALSE,FALSE
Aves,Passeriformes,Cardinalidae,Chlorothraupis carmioli,FALSE,FALSE
Actinopterygii,Siluriformes,Loricariidae,Farlowella smithi,FALSE,FALSE
Actinopterygii,Siluriformes,Loricariidae,Farlowella oxyrryncha,FALSE,FALSE
Mammalia,Chiroptera,Phyllostomidae,Artibeus cinereus,FALSE,FALSE
Equisetopsida,Gentianales,Rubiaceae,Faramea vasquezii,TRUE,FALSE
Equisetopsida,Polypodiales,Dryopteridaceae,Elaphoglossum lloense,FALSE,FALSE
Equisetopsida,Gentianales,Rubiaceae,Faramea uniflora,FALSE,FALSE
Equisetopsida,Gentianales,Rubiaceae,Faramea torquata,FALSE,FALSE
Equisetopsida,Asparagales,Orchidaceae,Lankesterella orthantha,TRUE,FALSE
Equisetopsida,Rosales,Moraceae,Naucleopsis ulei,FALSE,FALSE
Equisetopsida,Polypodiales,Dryopteridaceae,Elaphoglossum lingua,FALSE,FALSE
Equisetopsida,Gentianales,Rubiaceae,Faramea spathacea,FALSE,FALSE
Equisetopsida,Gentianales,Rubiaceae,Faramea quinqueflora,FALSE,FALSE
Equisetopsida,Gentianales,Rubiaceae,Faramea occidentalis,FALSE,FALSE
Equisetopsida,Gentianales,Rubiaceae,Faramea oblongifolia,FALSE,FALSE
Actinopterygii,Siluriformes,Pimelodidae,Pseudoplatystoma tigrinum,FALSE,FALSE
Equisetopsida,Rosales,Moraceae,Naucleopsis krukovii,FALSE,FALSE
Equisetopsida,Malpighiales,Euphorbiaceae,Croton rimbachii,FALSE,FALSE
Equisetopsida,Gentianales,Rubiaceae,Faramea multiflora,FALSE,FALSE
Equisetopsida,Gentianales,Rubiaceae,Faramea miconioides,FALSE,FALSE
Equisetopsida,Myrtales,Melastomataceae,Arthrostemma ciliatum,FALSE,FALSE
Equisetopsida,Gentianales,Rubiaceae,Faramea jasminoides,FALSE,FALSE
Equisetopsida,Santalales,Olacaceae,Minquartia guianensis,FALSE,FALSE
Aves,Columbiformes,Columbidae,Patagioenas subvinacea,FALSE,FALSE
Equisetopsida,Fabales,Fabaceae,Pseudopiptadenia suaveolens,FALSE,FALSE
Equisetopsida,Sapindales,Anacardiaceae,Mauria denticulata,TRUE,FALSE
Equisetopsida,Gentianales,Rubiaceae,Chomelia paniculata,FALSE,FALSE
Equisetopsida,Rosales,Moraceae,Naucleopsis glabra,FALSE,FALSE
Equisetopsida,Gentianales,Rubiaceae,Chomelia tenuiflora,FALSE,FALSE
Equisetopsida,Gentianales,Rubiaceae,Faramea capillipes,FALSE,FALSE
Aves,Passeriformes,Passerellidae,Arremon torquatus,FALSE,FALSE
Equisetopsida,Podocarpales,Podocarpaceae,Podocarpus oleifolius,FALSE,TRUE
Equisetopsida,Gentianales,Rubiaceae,Faramea candelabrum,FALSE,FALSE
Mammalia,Rodentia,Cricetidae,Microryzomys minutus,FALSE,FALSE
Aves,Piciformes,Picidae,Picumnus lafresnayi,FALSE,FALSE
Aves,Accipitriformes,Accipitridae,Chondrohierax uncinatus,FALSE,FALSE
Mammalia,Carnivora,Procyonidae,Nasua nasua,FALSE,FALSE
Equisetopsida,Gentianales,Rubiaceae,Faramea bangii,FALSE,FALSE
Equisetopsida,Sapindales,Anacardiaceae,Mauria heterophylla,FALSE,TRUE
Aves,Passeriformes,Tyrannidae,Mecocerculus stictopterus,FALSE,FALSE
Equisetopsida,Gentianales,Rubiaceae,Faramea anisocalyx,FALSE,FALSE
Equisetopsida,Malpighiales,Euphorbiaceae,Croton schiedeanus,FALSE,FALSE
Equisetopsida,Brassicales,Brassicaceae,Nasturtium officinale,FALSE,FALSE
Aves,Passeriformes,Passerellidae,Arremon brunneinucha,FALSE,FALSE
Equisetopsida,Poales,Poaceae,Lasiacis ligulata,FALSE,FALSE
Aves,Passeriformes,Polioptilidae,Microbates cinereiventris,FALSE,FALSE
Aves,Passeriformes,Parulidae,Setophaga pitiayumi,FALSE,FALSE
Insecta,Lepidoptera,Nymphalidae,Pierella lamia,FALSE,FALSE
Equisetopsida,Malpighiales,Euphorbiaceae,Croton tessmannii,FALSE,FALSE
Equisetopsida,Polypodiales,Dryopteridaceae,Elaphoglossum latifolium,FALSE,FALSE
Equisetopsida,Poales,Poaceae,Lasiacis maculata,FALSE,FALSE
Equisetopsida,Magnoliales,Annonaceae,Pseudomalmea diclina,FALSE,FALSE
Insecta,Lepidoptera,Nymphalidae,Morpho deidamia,FALSE,FALSE
Equisetopsida,Asparagales,Orchidaceae,Diodonopsis anachaeta,FALSE,FALSE
Equisetopsida,Myrtales,Melastomataceae,Miconia flaccida,FALSE,FALSE
Equisetopsida,Sapindales,Sapindaceae,Paullinia alata,FALSE,FALSE
Equisetopsida,Rosales,Moraceae,Pseudolmedia rigida,FALSE,FALSE
Equisetopsida,Myrtales,Melastomataceae,Miconia punctata,FALSE,FALSE
Insecta,Lepidoptera,Nymphalidae,Memphis glauce,FALSE,FALSE
Insecta,Lepidoptera,Nymphalidae,Morpho cisseis jeannoti,FALSE,FALSE
Insecta,Lepidoptera,Riodinidae,Chorinea octauius,FALSE,FALSE
Equisetopsida,Rosales,Moraceae,Pseudolmedia macrophylla,FALSE,FALSE
Equisetopsida,Myrtales,Melastomataceae,Miconia florbella,FALSE,FALSE
Equisetopsida,Sapindales,Sapindaceae,Paullinia bracteosa,FALSE,FALSE
Mammalia,Rodentia,Sciuridae,Microsciurus flaviventer,FALSE,FALSE
Equisetopsida,Piperales,Aristolochiaceae,Aristolochia cauliflora,FALSE,FALSE
Aves,Falconiformes,Falconidae,Falco rufigularis,FALSE,FALSE
Equisetopsida,Rosales,Moraceae,Pseudolmedia laevis,FALSE,FALSE
Equisetopsida,Sapindales,Sapindaceae,Paullinia hemiptera,FALSE,FALSE
Insecta,Lepidoptera,Riodinidae,Mesosemia philocles,FALSE,FALSE
Aves,Charadriiformes,Laridae,Chroicocephalus serranus,FALSE,FALSE
Equisetopsida,Podocarpales,Podocarpaceae,Podocarpus celatus,FALSE,FALSE
Equisetopsida,Rosales,Moraceae,Pseudolmedia laevigata,FALSE,FALSE
Aves,Passeriformes,Tyrannidae,Mecocerculus poecilocercus,FALSE,FALSE
Equisetopsida,Asparagales,Orchidaceae,Maxillaria acuminata,FALSE,FALSE
Aves,Cuculiformes,Cuculidae,Crotophaga ani,FALSE,FALSE
Equisetopsida,Asterales,Asteraceae,Aristeguietia discolor,FALSE,FALSE
Equisetopsida,Polypodiales,Dryopteridaceae,Elaphoglossum guamanianum,FALSE,FALSE
Aves,Passeriformes,Tyrannidae,Lathrotriccus euleri,FALSE,FALSE
Equisetopsida,Asparagales,Orchidaceae,Maxillaria xantholeuca,FALSE,FALSE
Mammalia,Chiroptera,Phyllostomidae,Chrotopterus auritus,FALSE,FALSE
Equisetopsida,Asterales,Asteraceae,Pseudognaphalium elegans,FALSE,FALSE
Equisetopsida,Polypodiales,Dryopteridaceae,Elaphoglossum eximium,FALSE,FALSE
Aves,Passeriformes,Thraupidae,Microspingus trifasciatus,FALSE,FALSE
Aves,Falconiformes,Falconidae,Micrastur ruficollis,FALSE,FALSE
Equisetopsida,Fabales,Fabaceae,Lecointea amazonica,FALSE,FALSE
Equisetopsida,Asparagales,Orchidaceae,Maxillaria aggregata,FALSE,FALSE
Equisetopsida,Malpighiales,Clusiaceae,Chrysochlamys membranacea,FALSE,FALSE
Insecta,Hymenoptera,Ichneumonidae,Exochus izbus,FALSE,FALSE
Equisetopsida,Asparagales,Orchidaceae,Maxillaria albiflora,FALSE,FALSE
Equisetopsida,Myrtales,Melastomataceae,Miconia floribunda,FALSE,FALSE
Equisetopsida,Malpighiales,Clusiaceae,Chrysochlamys weberbaueri,FALSE,FALSE
Equisetopsida,Asparagales,Orchidaceae,Maxillaria alpestris,FALSE,FALSE
Equisetopsida,Caryophyllales,Caryophyllaceae,Arenaria lanuginosa,FALSE,FALSE
Actinopterygii,Siluriformes,Pimelodidae,Pimelodus ornatus,FALSE,FALSE
Equisetopsida,Myrtales,Melastomataceae,Miconia formicoheterophylla,FALSE,FALSE
Equisetopsida,Pandanales,Cyclanthaceae,Evodianthus funifer subsp. funifer,FALSE,FALSE
Equisetopsida,Asparagales,Orchidaceae,Maxillaria alticola,FALSE,FALSE
Equisetopsida,Ericales,Sapotaceae,Chrysophyllum amazonicum,FALSE,FALSE
Equisetopsida,Ericales,Sapotaceae,Chrysophyllum argenteum,FALSE,FALSE
Equisetopsida,Asterales,Asteraceae,Pseudognaphalium attenuatum,FALSE,FALSE
Equisetopsida,Polypodiales,Dryopteridaceae,Elaphoglossum erinaceum,FALSE,FALSE
Equisetopsida,Asparagales,Orchidaceae,Maxillaria aurea,FALSE,FALSE
Equisetopsida,Polypodiales,Dryopteridaceae,Elaphoglossum engelii,FALSE,FALSE
Equisetopsida,Asparagales,Orchidaceae,Maxillaria bicallosa,FALSE,FALSE
Equisetopsida,Ericales,Sapotaceae,Chrysophyllum manaosense,FALSE,FALSE
Equisetopsida,Ericales,Sapotaceae,Chrysophyllum ovale,FALSE,FALSE
Insecta,Lepidoptera,Nymphalidae,Pseudodebis marpessa,FALSE,FALSE
Equisetopsida,Ericales,Sapotaceae,Chrysophyllum pomiferum,FALSE,FALSE
Equisetopsida,Malpighiales,Euphorbiaceae,Alchornea acutifolia,FALSE,FALSE
Equisetopsida,Ericales,Sapotaceae,Chrysophyllum prieurii,FALSE,FALSE
Reptilia,Serpentes,Elapidae,Micrurus annellatus,FALSE,FALSE
Equisetopsida,Ericales,Sapotaceae,Chrysophyllum sanguinolentum,FALSE,FALSE
Aves,Passeriformes,Tyrannidae,Legatus leucophaius,FALSE,FALSE
Aves,Passeriformes,Tyrannidae,Pseudocolopteryx acutipennis,FALSE,FALSE
Equisetopsida,Ericales,Sapotaceae,Chrysophyllum venezuelanense,FALSE,FALSE
Reptilia,Serpentes,Colubridae,Drymoluber dichrous,FALSE,FALSE
Equisetopsida,Asparagales,Orchidaceae,Maxillaria bicentenaria,FALSE,FALSE
Equisetopsida,Polypodiales,Dryopteridaceae,Elaphoglossum concinnum,TRUE,FALSE
Equisetopsida,Ericales,Primulaceae,Ardisia loretensis,FALSE,FALSE
Aves,Apodiformes,Trochilidae,Eutoxeres condamini,FALSE,FALSE
Aves,Passeriformes,Furnariidae,Pseudocolaptes boissonneautii,FALSE,FALSE
Aves,Apodiformes,Trochilidae,Chrysuronia oenone,FALSE,FALSE
Equisetopsida,Lamiales,Gesneriaceae,Pearcea purpurea,TRUE,FALSE
Equisetopsida,Asparagales,Orchidaceae,Pseudocentrum sylvicola,FALSE,FALSE
Equisetopsida,Asparagales,Orchidaceae,Pseudocentrum bursarium,FALSE,FALSE
Equisetopsida,Lamiales,Gesneriaceae,Pearcea sprucei,FALSE,FALSE
Equisetopsida,Asparagales,Orchidaceae,Maxillaria bocazensis,TRUE,FALSE
Equisetopsida,Lamiales,Gesneriaceae,Pearcea strigosa,TRUE,FALSE
Equisetopsida,Zingiberales,Marantaceae,Monotagma laxum,FALSE,FALSE
Equisetopsida,Asparagales,Orchidaceae,Maxillaria brevifolia,FALSE,FALSE
Aves,Pelecaniformes,Ardeidae,Ardea cocoi,FALSE,FALSE
Equisetopsida,Asparagales,Orchidaceae,Maxillaria camaridii,FALSE,FALSE
Equisetopsida,Asparagales,Orchidaceae,Maxillaria carinulata,FALSE,FALSE
Equisetopsida,Asterales,Asteraceae,Sigesbeckia jorullensis,FALSE,FALSE
Equisetopsida,Poales,Poaceae,Chusquea scandens,FALSE,FALSE
Equisetopsida,Asparagales,Orchidaceae,Maxillaria cassapensis,FALSE,FALSE
Equisetopsida,Malpighiales,Violaceae,Leonia crassa,FALSE,FALSE
Equisetopsida,Sapindales,Simaroubaceae,Simaba guianensis,FALSE,FALSE
Equisetopsida,Poales,Poaceae,Chusquea tarmensis,FALSE,FALSE
Equisetopsida,Sapindales,Simaroubaceae,Simaba polyphylla,FALSE,FALSE
Equisetopsida,Malpighiales,Violaceae,Leonia cymosa,FALSE,FALSE
Equisetopsida,Gentianales,Rubiaceae,Arcytophyllum thymifolium,FALSE,FALSE
Aves,Strigiformes,Strigidae,Ciccaba albitarsis,FALSE,FALSE
Equisetopsida,Malpighiales,Violaceae,Leonia glycycarpa,FALSE,FALSE
Equisetopsida,Sapindales,Simaroubaceae,Simarouba amara,FALSE,FALSE
Equisetopsida,Arecales,Arecaceae,Euterpe precatoria,FALSE,FALSE
Equisetopsida,Malpighiales,Violaceae,Leonia racemosa,FALSE,FALSE
Insecta,Lepidoptera,Nymphalidae,Archaeoprepona demophon,FALSE,FALSE
Equisetopsida,Brassicales,Capparaceae,Morisonia sola,FALSE,FALSE
Equisetopsida,Polypodiales,Polypodiaceae,Pecluma venturii,FALSE,FALSE
Equisetopsida,Gentianales,Rubiaceae,Simira rubescens,FALSE,FALSE
Equisetopsida,Asparagales,Orchidaceae,Maxillaria cordyline,FALSE,FALSE
Equisetopsida,Gentianales,Rubiaceae,Simira tinctoria,FALSE,FALSE
Equisetopsida,Podocarpales,Podocarpaceae,Pectinopitys harmsiana,FALSE,TRUE
Reptilia,Sauria,Gymnophthalmidae,Euspondylus spinalis,TRUE,FALSE
Equisetopsida,Asparagales,Orchidaceae,Maxillaria cryptobulbon,FALSE,FALSE
Insecta,Lepidoptera,Riodinidae,Euselasia zena,FALSE,FALSE
Equisetopsida,Asparagales,Orchidaceae,Maxillaria cuzcoensis,TRUE,FALSE
Equisetopsida,Polypodiales,Dryopteridaceae,Elaphoglossum andicola,FALSE,FALSE
Equisetopsida,Brassicales,Capparaceae,Morisonia pittieri,FALSE,FALSE
Equisetopsida,Asparagales,Orchidaceae,Maxillaria deuteropastensis,TRUE,FALSE
Equisetopsida,Asparagales,Orchidaceae,Cyrtochilum cimiciferum,FALSE,FALSE
Equisetopsida,Asparagales,Orchidaceae,Maxillaria discolor,FALSE,FALSE
Aves,Passeriformes,Tyrannidae,Mecocerculus leucophrys,FALSE,FALSE
Actinopterygii,Cichliformes,Cichlidae,Cichlasoma amazonarum,FALSE,FALSE
Equisetopsida,Asparagales,Orchidaceae,Maxillaria edwardsii,TRUE,FALSE
Equisetopsida,Aquifoliales,Stemonuraceae,Discophora guianensis,FALSE,FALSE
Insecta,Lepidoptera,Nymphalidae,Pedaliodes misericordiosa,FALSE,FALSE
Equisetopsida,Asparagales,Orchidaceae,Maxillaria egertoniana,FALSE,FALSE
Equisetopsida,Asparagales,Orchidaceae,Stelis scabrata,FALSE,FALSE
Mammalia,Carnivora,Felidae,Leopardus pardalis,FALSE,FALSE
Aves,Accipitriformes,Accipitridae,Elanoides forficatus,FALSE,FALSE
Equisetopsida,Gentianales,Rubiaceae,Cinchona calisaya,TRUE,TRUE
Equisetopsida,Asparagales,Orchidaceae,Maxillaria violaceopunctata,FALSE,FALSE
Equisetopsida,Myrtales,Melastomataceae,Miconia weberbaueri,FALSE,FALSE
Equisetopsida,Gentianales,Rubiaceae,Cinchona fruticosa,TRUE,FALSE
Aves,Psittaciformes,Psittacidae,Ara severus,FALSE,FALSE
Equisetopsida,Gentianales,Rubiaceae,Cinchona hirsuta,FALSE,FALSE
Equisetopsida,Gentianales,Rubiaceae,Cinchona krauseana,TRUE,FALSE
Aves,Passeriformes,Pipridae,Cryptopipo holochlora,FALSE,FALSE
Mammalia,Chiroptera,Phyllostomidae,Platyrrhinus masu,FALSE,FALSE
Equisetopsida,Myrtales,Myrtaceae,Myrteola phylicoides,FALSE,FALSE
Equisetopsida,Asparagales,Orchidaceae,Maxillaria elegantula,FALSE,FALSE
Equisetopsida,Asparagales,Orchidaceae,Maxillaria exaltata,FALSE,FALSE
Insecta,Lepidoptera,Nymphalidae,Adelpha boeotia boeotia,FALSE,FALSE
Mammalia,Carnivora,Felidae,Leopardus tigrinus,FALSE,FALSE
Equisetopsida,Gentianales,Rubiaceae,Cinchona officinalis,FALSE,FALSE
Equisetopsida,Malpighiales,Euphorbiaceae,Acalypha diversifolia,FALSE,FALSE
Equisetopsida,Laurales,Siparunaceae,Siparuna aspera,FALSE,FALSE
Aves,Passeriformes,Thamnophilidae,Phlegopsis nigromaculata,FALSE,FALSE
Mammalia,Carnivora,Felidae,Leopardus wiedii,FALSE,FALSE
Equisetopsida,Laurales,Siparunaceae,Siparuna bifida,FALSE,FALSE
Aves,Passeriformes,Tyrannidae,Elaenia parvirostris,FALSE,FALSE
Equisetopsida,Pandanales,Cyclanthaceae,Cyclanthus bipartitus,FALSE,FALSE
Equisetopsida,Gentianales,Rubiaceae,Cinchona pubescens,FALSE,FALSE
Insecta,Lepidoptera,Nymphalidae,Memphis morvus morvus,FALSE,FALSE
Aves,Passeriformes,Tyrannidae,Elaenia pallatangae,FALSE,FALSE
Equisetopsida,Gentianales,Rubiaceae,Cinchonopsis amazonica,FALSE,FALSE
Equisetopsida,Ericales,Primulaceae,Myrsine pellucida,FALSE,FALSE
Equisetopsida,Asparagales,Orchidaceae,Lepanthes aculeata,FALSE,FALSE
Aves,Passeriformes,Icteridae,Psarocolius decumanus,FALSE,FALSE
Equisetopsida,Asparagales,Orchidaceae,Maxillaria floribunda,FALSE,FALSE
Equisetopsida,Brassicales,Capparaceae,Morisonia petiolaris,FALSE,FALSE
Equisetopsida,Asparagales,Orchidaceae,Lepanthes alticola,FALSE,FALSE
Equisetopsida,Asparagales,Orchidaceae,Lepanthes amphioxa,FALSE,FALSE
Equisetopsida,Asparagales,Orchidaceae,Lepanthes auriculata,FALSE,FALSE
Insecta,Lepidoptera,Nymphalidae,Dione juno,FALSE,FALSE
Equisetopsida,Asparagales,Orchidaceae,Lepanthes brachypogon,FALSE,FALSE
Equisetopsida,Solanales,Solanaceae,Darcyanthus spruceanus,FALSE,FALSE
Equisetopsida,Asparagales,Orchidaceae,Lepanthes calyptrata,FALSE,FALSE
Equisetopsida,Asparagales,Orchidaceae,Lepanthes caudatisepala,FALSE,FALSE
Aves,Passeriformes,Icteridae,Psarocolius bifasciatus,FALSE,FALSE
Aves,Passeriformes,Icteridae,Psarocolius atrovirens,FALSE,FALSE
Equisetopsida,Asparagales,Orchidaceae,Maxillaria frechettei,TRUE,FALSE
Insecta,Lepidoptera,Papilionidae,Eurytides serville,FALSE,FALSE
Aves,Passeriformes,Tyrannidae,Elaenia obscura,FALSE,FALSE
Equisetopsida,Ericales,Primulaceae,Myrsine oligophylla,FALSE,FALSE
Equisetopsida,Myrtales,Melastomataceae,Miconia valenzuelana,FALSE,FALSE
Equisetopsida,Myrtales,Melastomataceae,Miconia triplinervis,FALSE,FALSE
Equisetopsida,Malvales,Malvaceae,Mollia gracilis,FALSE,FALSE
Equisetopsida,Asparagales,Orchidaceae,Lepanthes chorista,FALSE,FALSE
Equisetopsida,Lamiales,Lamiaceae,Peltanthera floribunda,FALSE,FALSE
Equisetopsida,Brassicales,Capparaceae,Morisonia osmantha,FALSE,FALSE
Insecta,Lepidoptera,Hesperiidae,Phocides metrodorus,FALSE,FALSE
Equisetopsida,Asparagales,Orchidaceae,Maxillaria graminifolia,FALSE,FALSE
Equisetopsida,Asparagales,Orchidaceae,Pendusalpinx berlineri,FALSE,FALSE
Aves,Passeriformes,Icteridae,Psarocolius angustifrons,FALSE,FALSE
Equisetopsida,Laurales,Siparunaceae,Siparuna cristata,FALSE,FALSE
Equisetopsida,Asparagales,Orchidaceae,Lepanthes cloesii,TRUE,FALSE
Equisetopsida,Asparagales,Orchidaceae,Lepanthes ctenophora,FALSE,FALSE
Equisetopsida,Zingiberales,Marantaceae,Monotagma plurispicatum,FALSE,FALSE
Equisetopsida,Asparagales,Orchidaceae,Lepanthes falcata,FALSE,FALSE
Equisetopsida,Polypodiales,Pteridaceae,Adiantum pulverulentum,FALSE,FALSE
Aves,Passeriformes,Cinclidae,Cinclus leucocephalus,FALSE,FALSE
Equisetopsida,Asparagales,Orchidaceae,Lepanthes gnoma,FALSE,FALSE
Mammalia,Rodentia,Cricetidae,Euryoryzomys nitidus,FALSE,FALSE
Equisetopsida,Laurales,Siparunaceae,Siparuna cuspidata,FALSE,FALSE
Equisetopsida,Asparagales,Orchidaceae,Lepanthes helcium,FALSE,FALSE
Equisetopsida,Asterales,Asteraceae,Mikania banisteriae,FALSE,FALSE
Equisetopsida,Asparagales,Orchidaceae,Lepanthes ilensis,FALSE,FALSE
Equisetopsida,Asparagales,Orchidaceae,Lepanthes incisa,FALSE,FALSE
Equisetopsida,Asparagales,Orchidaceae,Lepanthes ionoptera,FALSE,FALSE
Equisetopsida,Picramniales,Picramniaceae,Picramnia sellowii,FALSE,FALSE
Equisetopsida,Asparagales,Orchidaceae,Lepanthes mucronata,FALSE,FALSE
Equisetopsida,Ericales,Ericaceae,Psammisia ulbrichiana,FALSE,FALSE
Mammalia,Rodentia,Cricetidae,Euryoryzomys macconnelli,FALSE,FALSE
Aves,Galliformes,Cracidae,Penelope jacquacu,FALSE,FALSE
Equisetopsida,Asterales,Asteraceae,Diplostephium sagasteguii,TRUE,FALSE
Aves,Passeriformes,Tyrannidae,Elaenia chiriquensis,FALSE,FALSE
Equisetopsida,Laurales,Siparunaceae,Siparuna decipiens,FALSE,FALSE
Equisetopsida,Ericales,Primulaceae,Myrsine latifolia,FALSE,FALSE
Equisetopsida,Asparagales,Orchidaceae,Lepanthes nontecta,FALSE,FALSE
Equisetopsida,Asparagales,Orchidaceae,Maxillaria haemathodes,FALSE,TRUE
Equisetopsida,Asparagales,Orchidaceae,Lepanthes nycteris,FALSE,FALSE
Equisetopsida,Ericales,Ericaceae,Psammisia coarctata,FALSE,FALSE
Equisetopsida,Asparagales,Orchidaceae,Lepanthes orchestris,FALSE,FALSE
Equisetopsida,Asparagales,Orchidaceae,Lepanthes oxapampaensis,TRUE,FALSE
Equisetopsida,Asparagales,Orchidaceae,Maxillaria hastulata,FALSE,FALSE
Equisetopsida,Poales,Poaceae,Cinnagrostis macrophylla,FALSE,FALSE
Equisetopsida,Asparagales,Orchidaceae,Lepanthes pilosa,FALSE,FALSE
Equisetopsida,Asparagales,Orchidaceae,Lepanthes plumifera,FALSE,FALSE
Aves,Tinamiformes,Tinamidae,Crypturellus cinereus,FALSE,FALSE
Insecta,Lepidoptera,Riodinidae,Eurybia dardus,FALSE,FALSE
Insecta,Lepidoptera,Riodinidae,Mesosemia machaera,FALSE,FALSE
Insecta,Lepidoptera,Riodinidae,Eurybia caerulescens,FALSE,FALSE
Equisetopsida,Asparagales,Orchidaceae,Lepanthes pumila,TRUE,FALSE
Equisetopsida,Poales,Poaceae,Cinnagrostis tarmensis,FALSE,FALSE
Equisetopsida,Rosales,Rosaceae,Prunus stipulata,FALSE,FALSE
Equisetopsida,Asparagales,Orchidaceae,Lepanthes scapha,FALSE,FALSE
Equisetopsida,Asparagales,Orchidaceae,Lepanthes serriola,FALSE,FALSE
Equisetopsida,Asparagales,Orchidaceae,Lepanthes stelidipetala,FALSE,FALSE
Equisetopsida,Asparagales,Orchidaceae,Lepanthes surrogata,FALSE,FALSE
Equisetopsida,Laurales,Siparunaceae,Siparuna grandiflora,FALSE,FALSE
Equisetopsida,Asparagales,Orchidaceae,Lepanthes terborchii,TRUE,FALSE
Equisetopsida,Rosales,Rosaceae,Prunus pleiantha,FALSE,FALSE
Aves,Galliformes,Cracidae,Penelope montagnii,FALSE,FALSE
Equisetopsida,Asparagales,Orchidaceae,Lepanthes tracheia,FALSE,FALSE
Equisetopsida,Rosales,Rosaceae,Prunus integrifolia,FALSE,FALSE
Equisetopsida,Asparagales,Orchidaceae,Lepanthes urania,FALSE,FALSE
Aves,Passeriformes,Troglodytidae,Cinnycerthia peruana,TRUE,FALSE
Equisetopsida,Asparagales,Orchidaceae,Lepanthopsis farrago,FALSE,FALSE
Equisetopsida,Poales,Bromeliaceae,Cipuropsis capituligera,FALSE,FALSE
Equisetopsida,Cyatheales,Metaxyaceae,Metaxya rostrata,FALSE,FALSE
Equisetopsida,Poales,Bromeliaceae,Cipuropsis delicatula,FALSE,FALSE
Insecta,Lepidoptera,Nymphalidae,Dryas iulia,FALSE,FALSE
Equisetopsida,Asparagales,Orchidaceae,Maxillaria huancabambae,FALSE,FALSE
Equisetopsida,Ericales,Primulaceae,Myrsine dependens,FALSE,FALSE
Aves,Falconiformes,Falconidae,Daptrius ater,FALSE,FALSE
Equisetopsida,Asterales,Asteraceae,Mikania decora,FALSE,FALSE
Equisetopsida,Asparagales,Orchidaceae,Maxillaria huanucoensis,TRUE,FALSE
Equisetopsida,Rosales,Rosaceae,Prunus debilis,FALSE,FALSE
Equisetopsida,Asparagales,Orchidaceae,Maxillaria inaequisepala,FALSE,FALSE
Equisetopsida,Asterales,Asteraceae,Lepidaploa myriocephala,FALSE,FALSE
Equisetopsida,Ericales,Primulaceae,Myrsine coriacea,FALSE,FALSE
Equisetopsida,Gentianales,Rubiaceae,Elaeagia utilis,FALSE,FALSE
Equisetopsida,Asterales,Asteraceae,Mikania desmocephala,FALSE,FALSE
Equisetopsida,Rosales,Rosaceae,Prunus amplifolia,FALSE,FALSE
Equisetopsida,Podocarpales,Podocarpaceae,Prumnopitys montana,FALSE,FALSE
Actinopterygii,Siluriformes,Pimelodidae,Pimelodus blochii,FALSE,FALSE
Aves,Tinamiformes,Tinamidae,Crypturellus obsoletus,FALSE,FALSE
Equisetopsida,Asparagales,Orchidaceae,Maxillaria jacquelineana,FALSE,FALSE
Equisetopsida,Myrtales,Melastomataceae,Miconia tomentosa,FALSE,FALSE
Equisetopsida,Gentianales,Rubiaceae,Elaeagia pastoensis,FALSE,FALSE
Equisetopsida,Asparagales,Orchidaceae,Dryadella aurea,FALSE,FALSE
Equisetopsida,Myrtales,Melastomataceae,Miconia galactantha,FALSE,FALSE
Aves,Tinamiformes,Tinamidae,Crypturellus soui,FALSE,FALSE
Equisetopsida,Asparagales,Orchidaceae,Maxillaria lepidota,FALSE,TRUE
Equisetopsida,Marattiales,Marattiaceae,Eupodium laeve,FALSE,FALSE
Equisetopsida,Asterales,Asteraceae,Pentacalia oronocensis,FALSE,FALSE
Insecta,Lepidoptera,Pieridae,Phoebis philea,FALSE,FALSE
Equisetopsida,Gentianales,Rubiaceae,Elaeagia mariae,FALSE,FALSE
Equisetopsida,Malvales,Malvaceae,Mollia lepidota,FALSE,FALSE
Equisetopsida,Ericales,Primulaceae,Myrsine andina,FALSE,FALSE
Equisetopsida,Laurales,Siparunaceae,Siparuna subinodora,FALSE,FALSE
Equisetopsida,Malpighiales,Euphorbiaceae,Euphorbia poeppigii,FALSE,FALSE
Equisetopsida,Laurales,Siparunaceae,Siparuna thecaphora,FALSE,FALSE
Aves,Passeriformes,Thraupidae,Cissopis leverianus,FALSE,FALSE
Equisetopsida,Sapindales,Burseraceae,Protium tenuifolium,FALSE,FALSE
Equisetopsida,Gentianales,Rubiaceae,Pentagonia amazonica,FALSE,FALSE
Equisetopsida,Asparagales,Orchidaceae,Maxillaria longibracteata,FALSE,FALSE
Equisetopsida,Rosales,Rosaceae,Alchemilla orbiculata,FALSE,FALSE
Equisetopsida,Gentianales,Rubiaceae,Elaeagia karstenii,FALSE,FALSE
Aves,Passeriformes,Furnariidae,Lepidocolaptes fatimalimae,FALSE,FALSE
Equisetopsida,Asterales,Asteraceae,Eirmocephala megaphylla,FALSE,FALSE
Equisetopsida,Gentianales,Rubiaceae,Pentagonia spathicalyx,FALSE,FALSE
Equisetopsida,Sapindales,Burseraceae,Protium stevensonii,FALSE,FALSE
Equisetopsida,Piperales,Piperaceae,Peperomia acuminata,FALSE,FALSE
Equisetopsida,Asterales,Asteraceae,Eirmocephala cainarachiensis,FALSE,FALSE
Aves,Passeriformes,Furnariidae,Lepidocolaptes lacrymiger,FALSE,FALSE
Equisetopsida,Asparagales,Orchidaceae,Maxillaria longipes,FALSE,FALSE
Equisetopsida,Asparagales,Orchidaceae,Stelis salpingantha,FALSE,FALSE
Equisetopsida,Laurales,Siparunaceae,Siparuna tomentosa,FALSE,FALSE
Equisetopsida,Laurales,Siparunaceae,Siparuna vasqueziana,FALSE,FALSE
Equisetopsida,Asterales,Asteraceae,Mikania guaco,FALSE,FALSE
Equisetopsida,Vitales,Vitaceae,Cissus obliqua,FALSE,FALSE
Equisetopsida,Vitales,Vitaceae,Cissus peruviana,FALSE,FALSE
Actinopterygii,Characiformes,Characidae,Aphyocharax pusillus,FALSE,FALSE
Actinopterygii,Characiformes,Characidae,Aphyocharax alburnus,FALSE,FALSE
Equisetopsida,Sapindales,Burseraceae,Protium spruceanum,FALSE,FALSE
Equisetopsida,Asparagales,Orchidaceae,Maxillaria longipetala,FALSE,FALSE
Equisetopsida,Vitales,Vitaceae,Cissus trianae,FALSE,FALSE
Aves,Passeriformes,Thamnophilidae,Myrmotherula schisticolor,FALSE,FALSE
Equisetopsida,Vitales,Vitaceae,Cissus ulmifolia,FALSE,FALSE
Equisetopsida,Asparagales,Orchidaceae,Maxillaria machinazensis,TRUE,FALSE
Aves,Passeriformes,Pipridae,Lepidothrix coeruleocapilla,TRUE,FALSE
Equisetopsida,Piperales,Piperaceae,Peperomia alata,FALSE,FALSE
Aves,Passeriformes,Fringillidae,Euphonia xanthogaster,FALSE,FALSE
Equisetopsida,Alismatales,Araceae,Adelonema crinipes,FALSE,FALSE
Equisetopsida,Sapindales,Burseraceae,Protium sagotianum,FALSE,FALSE
Equisetopsida,Lamiales,Acanthaceae,Aphelandra mucronata,FALSE,FALSE
Equisetopsida,Piperales,Piperaceae,Peperomia andicola,FALSE,FALSE
Aves,Passeriformes,Pipridae,Lepidothrix coronata,FALSE,FALSE
Aves,Passeriformes,Troglodytidae,Cistothorus platensis,FALSE,FALSE
Mammalia,Chiroptera,Phyllostomidae,Platyrrhinus infuscus,FALSE,FALSE
Equisetopsida,Lamiales,Acanthaceae,Aphelandra maculata,FALSE,FALSE
Actinopterygii,Characiformes,Anostomidae,Leporellus vittatus,FALSE,FALSE
Equisetopsida,Alismatales,Araceae,Monstera adansonii,FALSE,FALSE
Mammalia,Carnivora,Mustelidae,Eira barbara,FALSE,FALSE
Actinopterygii,Characiformes,Anostomidae,Leporinus friderici,FALSE,FALSE
Insecta,Lepidoptera,Nymphalidae,Cithaerias pireta,FALSE,FALSE
Aves,Passeriformes,Fringillidae,Euphonia rufiventris,FALSE,FALSE
Equisetopsida,Asparagales,Orchidaceae,Maxillaria margretiae,FALSE,FALSE
Equisetopsida,Lamiales,Acanthaceae,Aphelandra aurantiaca,FALSE,FALSE
Equisetopsida,Sapindales,Burseraceae,Protium rhoifolium,FALSE,FALSE
Actinopterygii,Characiformes,Anostomidae,Leporinus trifasciatus,FALSE,FALSE
Actinopterygii,Characiformes,Characidae,Leptagoniates steindachneri,FALSE,FALSE
Equisetopsida,Asparagales,Orchidaceae,Cyrtochilum ionodon,FALSE,FALSE
Equisetopsida,Sapindales,Burseraceae,Protium puncticulatum,FALSE,FALSE
Aves,Passeriformes,Thamnophilidae,Myrmotherula menetriesii,FALSE,FALSE
Equisetopsida,Asparagales,Orchidaceae,Maxillaria meridensis,FALSE,FALSE
Actinopterygii,Siluriformes,Loricariidae,Aphanotorulus unicolor,FALSE,FALSE
Equisetopsida,Myrtales,Melastomataceae,Miconia theizans,FALSE,FALSE
Insecta,Hymenoptera,Ichneumonidae,Aphanistes ruthae,FALSE,FALSE
Actinopterygii,Gymnotiformes,Sternopygidae,Eigenmannia virescens,FALSE,FALSE
Equisetopsida,Sapindales,Burseraceae,Protium paniculatum,FALSE,FALSE
Equisetopsida,Asterales,Asteraceae,Mikania hookeriana,FALSE,FALSE
Equisetopsida,Aquifoliales,Cardiopteridaceae,Citronella costaricensis,FALSE,FALSE
Equisetopsida,Piperales,Piperaceae,Peperomia emarginella,FALSE,FALSE
Equisetopsida,Aquifoliales,Cardiopteridaceae,Citronella incarum,FALSE,FALSE
Aves,Passeriformes,Thamnophilidae,Myrmotherula longipennis,FALSE,FALSE
Equisetopsida,Malpighiales,Chrysobalanaceae,Leptobalanus apetalus,FALSE,FALSE
Equisetopsida,Aquifoliales,Cardiopteridaceae,Citronella melliodora,FALSE,FALSE
Aves,Passeriformes,Fringillidae,Euphonia laniirostris,FALSE,FALSE
Equisetopsida,Malvales,Malvaceae,Apeiba membranacea,FALSE,FALSE
Equisetopsida,Poales,Poaceae,Poa annua,FALSE,FALSE
Equisetopsida,Malvales,Malvaceae,Apeiba glabra,FALSE,FALSE
Insecta,Lepidoptera,Nymphalidae,Siproeta stelenes,FALSE,FALSE
Equisetopsida,Malpighiales,Euphorbiaceae,Aparisthmium cordatum,FALSE,FALSE
Equisetopsida,Malvales,Malvaceae,Sterculia apetala,FALSE,FALSE
Equisetopsida,Myrtales,Melastomataceae,Miconia theaezans,FALSE,FALSE
Amphibia,Anura,Leptodactylidae,Leptodactylus rhodonotus,FALSE,FALSE
Mammalia,Primates,Cebidae,Aotus nigriceps,FALSE,FALSE
Aves,Passeriformes,Thamnophilidae,Myrmotherula brachyura,FALSE,FALSE
Equisetopsida,Arecales,Arecaceae,Pholidostachys synanthera,FALSE,FALSE
Equisetopsida,Sapindales,Burseraceae,Protium klugii,FALSE,FALSE
Equisetopsida,Asterales,Asteraceae,Mikania juninensis,FALSE,FALSE
Equisetopsida,Asparagales,Orchidaceae,Maxillaria notylioglossa,FALSE,FALSE
Equisetopsida,Myrtales,Melastomataceae,Miconia terera,FALSE,FALSE
Equisetopsida,Arecales,Arecaceae,Pholidostachys synanthera subsp. synanthera,FALSE,FALSE
Equisetopsida,Asparagales,Orchidaceae,Maxillaria nubigena,FALSE,FALSE
Aves,Passeriformes,Tyrannidae,Leptopogon superciliaris,FALSE,FALSE
Equisetopsida,Rosales,Moraceae,Clarisia biflora,FALSE,FALSE
Equisetopsida,Alismatales,Araceae,Adelonema picturatum,FALSE,FALSE
Equisetopsida,Asterales,Asteraceae,Mikania micrantha,FALSE,FALSE
Aves,Passeriformes,Tyrannidae,Leptopogon taczanowskii,TRUE,FALSE
Equisetopsida,Asparagales,Orchidaceae,Maxillaria nutans,FALSE,FALSE
Equisetopsida,Myrtales,Melastomataceae,Miconia piperilamina,FALSE,FALSE
Equisetopsida,Piperales,Piperaceae,Peperomia lancifolia,FALSE,FALSE
Equisetopsida,Santalales,Santalaceae,Phoradendron chrysocladon,FALSE,FALSE
Equisetopsida,Fabales,Fabaceae,Diplotropis purpurea,FALSE,FALSE
Equisetopsida,Asparagales,Orchidaceae,Maxillaria ochroleuca,FALSE,FALSE
Equisetopsida,Myrtales,Melastomataceae,Miconia sulcicaulis,FALSE,FALSE
Equisetopsida,Caryophyllales,Phytolaccaceae,Phytolacca rivinoides,FALSE,FALSE
Equisetopsida,Rosales,Moraceae,Clarisia racemosa,FALSE,FALSE
Equisetopsida,Myrtales,Melastomataceae,Miconia subandicola,FALSE,FALSE
Aves,Passeriformes,Grallariidae,Myrmothera campanisona,FALSE,FALSE
Equisetopsida,Piperales,Piperaceae,Peperomia macrostachya,FALSE,FALSE
Equisetopsida,Asparagales,Orchidaceae,Maxillaria oxapampensis,TRUE,FALSE
Equisetopsida,Asparagales,Orchidaceae,Maxillaria pacholskii,FALSE,FALSE
Equisetopsida,Ericales,Primulaceae,Clavija longifolia,FALSE,FALSE
Equisetopsida,Santalales,Santalaceae,Antidaphne andina,FALSE,FALSE
Equisetopsida,Ericales,Primulaceae,Clavija macrocarpa,TRUE,FALSE
Aves,Columbiformes,Columbidae,Leptotila rufaxilla,FALSE,FALSE
Insecta,Lepidoptera,Nymphalidae,Pierella hortona hortona,FALSE,FALSE
Equisetopsida,Alismatales,Araceae,Monstera adansonii var. Laniata,FALSE,FALSE
Aves,Passeriformes,Thraupidae,Dacnis cayana,FALSE,FALSE
Equisetopsida,Oxalidales,Elaeocarpaceae,Sloanea brevipes,FALSE,FALSE
Equisetopsida,Sapindales,Burseraceae,Protium excelsior,FALSE,FALSE
Actinopterygii,Siluriformes,Heptapteridae,Pimelodella gracilis,FALSE,FALSE
Equisetopsida,Oxalidales,Elaeocarpaceae,Sloanea eichleri,FALSE,FALSE
Equisetopsida,Ericales,Primulaceae,Clavija weberbaueri,FALSE,FALSE
Equisetopsida,Myrtales,Melastomataceae,Miconia inusitata,FALSE,FALSE
Equisetopsida,Polypodiales,Dryopteridaceae,Ctenitis ampla,FALSE,FALSE
Equisetopsida,Asterales,Asteraceae,Acmella ciliata,FALSE,FALSE
Aves,Passeriformes,Motacillidae,Anthus bogotensis,FALSE,FALSE
Equisetopsida,Sapindales,Burseraceae,Protium divaricatum subsp. krukoffii,FALSE,FALSE
Equisetopsida,Myrtales,Melastomataceae,Miconia stelligera,FALSE,FALSE
Equisetopsida,Gentianales,Rubiaceae,Eumachia haematocarpa,FALSE,FALSE
Equisetopsida,Asparagales,Orchidaceae,Phragmipedium boissierianum,FALSE,FALSE
Equisetopsida,Piperales,Piperaceae,Peperomia microphylla,FALSE,FALSE
Equisetopsida,Gentianales,Rubiaceae,Eumachia cephalantha,FALSE,FALSE
Reptilia,Serpentes,Dipsadidae,Clelia clelia,FALSE,FALSE
Equisetopsida,Sapindales,Burseraceae,Protium divaricatum,FALSE,FALSE
Aves,Passeriformes,Tyrannidae,Pitangus lictor,FALSE,FALSE
Equisetopsida,Gentianales,Rubiaceae,Eumachia boliviana,FALSE,FALSE
Equisetopsida,Asparagales,Orchidaceae,Maxillaria pendula,FALSE,FALSE
Equisetopsida,Oxalidales,Elaeocarpaceae,Sloanea floribunda,FALSE,FALSE
Equisetopsida,Gentianales,Rubiaceae,Eumachia albert-smithii,FALSE,FALSE
Equisetopsida,Sapindales,Burseraceae,Protium crassipetalum,FALSE,FALSE
Aves,Passeriformes,Thamnophilidae,Myrmoborus myotherinus,FALSE,FALSE
Equisetopsida,Brassicales,Cleomaceae,Cleome hispidula,FALSE,FALSE
Actinopterygii,Characiformes,Characidae,Ctenobrycon hauxwellianus,FALSE,FALSE
Equisetopsida,Asterales,Asteraceae,Mikania parviflora,TRUE,FALSE
Equisetopsida,Brassicales,Cleomaceae,Cleome lechleri,FALSE,FALSE
Equisetopsida,Marattiales,Marattiaceae,Danaea vivax,FALSE,FALSE
Equisetopsida,Asparagales,Orchidaceae,Maxillaria perryae,FALSE,FALSE
Equisetopsida,Alismatales,Araceae,Anthurium truncicola,FALSE,FALSE
Equisetopsida,Asparagales,Orchidaceae,Phragmipedium caudatum,FALSE,TRUE
Equisetopsida,Alismatales,Araceae,Anthurium triphyllum,FALSE,FALSE
Reptilia,Serpentes,Dipsadidae,Dipsas catesbyi,FALSE,FALSE
Equisetopsida,Sapindales,Burseraceae,Protium aracouchini,FALSE,FALSE
Equisetopsida,Alismatales,Araceae,Anthurium trinervium,FALSE,FALSE
Equisetopsida,Asparagales,Orchidaceae,Maxillaria peruviana,FALSE,FALSE
Equisetopsida,Polypodiales,Dryopteridaceae,Cyclodium meniscioides,FALSE,FALSE
Aves,Passeriformes,Thamnophilidae,Myrmoborus leucophrys,FALSE,FALSE
Equisetopsida,Alismatales,Araceae,Anthurium scandens subsp. scandens,FALSE,FALSE
Equisetopsida,Ericales,Clethraceae,Clethra obovata,FALSE,FALSE
Equisetopsida,Alismatales,Araceae,Anthurium scandens,FALSE,FALSE
Equisetopsida,Ericales,Ebenaceae,Diospyros capreaefolia,FALSE,FALSE
Equisetopsida,Oxalidales,Elaeocarpaceae,Sloanea fragrans,FALSE,FALSE
Equisetopsida,Ericales,Clethraceae,Clethra pedicellaris,FALSE,FALSE
Equisetopsida,Piperales,Piperaceae,Peperomia serpens,FALSE,FALSE
Equisetopsida,Alismatales,Araceae,Anthurium paraguayense,FALSE,FALSE
Equisetopsida,Fagales,Myricaceae,Morella pubescens,FALSE,FALSE
Equisetopsida,Ericales,Clethraceae,Clethra revoluta,FALSE,FALSE
Equisetopsida,Alismatales,Araceae,Anthurium pachylaminum,FALSE,FALSE
Aves,Passeriformes,Thamnophilidae,Myrmelastes leucostigma,FALSE,FALSE
Equisetopsida,Alismatales,Araceae,Anthurium oxycarpum,FALSE,FALSE
Equisetopsida,Asterales,Asteraceae,Clibadium divaricatum,FALSE,FALSE
Equisetopsida,Ericales,Ebenaceae,Diospyros capreifolia,FALSE,FALSE
Equisetopsida,Sapindales,Burseraceae,Protium amazonicum,FALSE,FALSE
Equisetopsida,Oxalidales,Elaeocarpaceae,Sloanea grandiflora,FALSE,FALSE
Equisetopsida,Asparagales,Orchidaceae,Phragmipedium pearcei,FALSE,FALSE
Equisetopsida,Asterales,Asteraceae,Clibadium surinamense,FALSE,FALSE
Equisetopsida,Alismatales,Araceae,Anthurium obtusum,FALSE,FALSE
Equisetopsida,Myrtales,Myrtaceae,Eugenia polystachya,FALSE,FALSE
Aves,Passeriformes,Thamnophilidae,Pithys albifrons,FALSE,FALSE
Equisetopsida,Myrtales,Myrtaceae,Eugenia patrisii,FALSE,FALSE
Equisetopsida,Gentianales,Rubiaceae,Pittoniotis rotata,FALSE,FALSE
Equisetopsida,Myrtales,Melastomataceae,Miconia splendens,FALSE,FALSE
Actinopterygii,Characiformes,Characidae,Moenkhausia comma,FALSE,FALSE
Equisetopsida,Piperales,Piperaceae,Peperomia striata,FALSE,FALSE
Equisetopsida,Alismatales,Araceae,Anthurium nigrescens,FALSE,FALSE
Insecta,Lepidoptera,Papilionidae,Protesilaus protesilaus protesilaus,FALSE,FALSE
Insecta,Hymenoptera,Ichneumonidae,Leurus caeruliventris,FALSE,FALSE
Equisetopsida,Bruniales,Columelliaceae,Desfontainia spinosa,FALSE,FALSE
Equisetopsida,Lamiales,Bignoniaceae,Adenocalymma impressum,FALSE,FALSE
Insecta,Lepidoptera,Hesperiidae,Proteides mercurius,FALSE,FALSE
Equisetopsida,Myrtales,Myrtaceae,Eugenia moschata,FALSE,FALSE
Equisetopsida,Alismatales,Araceae,Anthurium mindense,FALSE,FALSE
Equisetopsida,Solanales,Solanaceae,Cuatresia cuneata,FALSE,FALSE
Equisetopsida,Alismatales,Araceae,Anthurium microspadix,FALSE,FALSE
Equisetopsida,Asparagales,Orchidaceae,Prosthechea vespa,FALSE,FALSE
Insecta,Lepidoptera,Riodinidae,Echydna punctata,FALSE,FALSE
Equisetopsida,Alismatales,Araceae,Anthurium michelii,FALSE,FALSE
Equisetopsida,Asterales,Asteraceae,Liabum amplexicaule,FALSE,FALSE
Equisetopsida,Asterales,Asteraceae,Liabum eriocaulon,FALSE,FALSE
Equisetopsida,Alismatales,Araceae,Anthurium macleani,FALSE,FALSE
Equisetopsida,Asparagales,Orchidaceae,Prosthechea pulcherrima,FALSE,FALSE
Equisetopsida,Alismatales,Araceae,Anthurium longistrorsum,FALSE,FALSE
Equisetopsida,Myrtales,Melastomataceae,Miconia poeppigii,FALSE,FALSE
Equisetopsida,Asparagales,Orchidaceae,Prosthechea grammatoglossa,FALSE,FALSE
Reptilia,Serpentes,Dipsadidae,Dipsas indica,FALSE,FALSE
Equisetopsida,Myrtales,Myrtaceae,Eugenia florida,FALSE,FALSE
Equisetopsida,Marattiales,Marattiaceae,Danaea moritziana,FALSE,FALSE
Equisetopsida,Fabales,Fabaceae,Clitoria arborea,FALSE,FALSE
Equisetopsida,Asparagales,Orchidaceae,Stelis pulchella,FALSE,FALSE
Equisetopsida,Rosales,Urticaceae,Myriocarpa stipitata,FALSE,FALSE
Equisetopsida,Alismatales,Araceae,Anthurium latissimum,TRUE,FALSE
Equisetopsida,Alismatales,Araceae,Anthurium kunthii,FALSE,FALSE
Equisetopsida,Rosales,Urticaceae,Myriocarpa laevigata,FALSE,FALSE
Equisetopsida,Myrtales,Myrtaceae,Eugenia egensis,FALSE,FALSE
Equisetopsida,Oxalidales,Elaeocarpaceae,Sloanea guianensis,FALSE,FALSE
Actinopterygii,Characiformes,Characidae,Clupeacharax anchoveoides,FALSE,FALSE
Equisetopsida,Malpighiales,Clusiaceae,Clusia alata,FALSE,FALSE
Equisetopsida,Malpighiales,Chrysobalanaceae,Licania canescens,FALSE,FALSE
Equisetopsida,Asparagales,Orchidaceae,Prosthechea crassilabia,FALSE,FALSE
Equisetopsida,Alismatales,Araceae,Anthurium incurvatum,FALSE,FALSE
Reptilia,Serpentes,Dipsadidae,Dipsas peruana,FALSE,FALSE
Equisetopsida,Oxalidales,Elaeocarpaceae,Sloanea laurifolia,FALSE,FALSE
Equisetopsida,Alismatales,Araceae,Anthurium gracilipedunculatum,TRUE,FALSE
Equisetopsida,Malpighiales,Chrysobalanaceae,Licania hypoleuca,FALSE,FALSE
Equisetopsida,Alismatales,Araceae,Anthurium gracile,FALSE,FALSE
Equisetopsida,Malpighiales,Clusiaceae,Clusia ducuoides,FALSE,FALSE
Equisetopsida,Myrtales,Myrtaceae,Myrcia splendens,FALSE,TRUE
Equisetopsida,Malpighiales,Clusiaceae,Clusia elliptica,FALSE,FALSE
Equisetopsida,Piperales,Piperaceae,Peperomia verschaffeltii,FALSE,FALSE
Equisetopsida,Laurales,Lauraceae,Licaria aurea,FALSE,FALSE
Equisetopsida,Marattiales,Marattiaceae,Danaea lingua-cervina,FALSE,FALSE
Equisetopsida,Poales,Bromeliaceae,Pepinia werffii,FALSE,FALSE
Equisetopsida,Malpighiales,Clusiaceae,Clusia hammeliana,FALSE,FALSE
Equisetopsida,Malpighiales,Peraceae,Pera tomentosa,FALSE,FALSE
Equisetopsida,Laurales,Lauraceae,Licaria canella,FALSE,FALSE
Equisetopsida,Asparagales,Orchidaceae,Stelis pittieri,FALSE,FALSE
Equisetopsida,Malpighiales,Clusiaceae,Clusia haughtii,FALSE,FALSE
Equisetopsida,Asparagales,Asphodelaceae,Eccremis coarctata,FALSE,FALSE
Reptilia,Serpentes,Colubridae,Phrynonax poecilonotus,FALSE,FALSE
Equisetopsida,Alismatales,Araceae,Anthurium flavidum,FALSE,FALSE
Equisetopsida,Ericales,Sapotaceae,Ecclinusa lanceolata,FALSE,FALSE
Equisetopsida,Rosales,Moraceae,Perebea angustifolia,FALSE,FALSE
Equisetopsida,Alismatales,Araceae,Anthurium flavescens,FALSE,FALSE
Equisetopsida,Marattiales,Marattiaceae,Danaea arbuscula,FALSE,FALSE
Equisetopsida,Alismatales,Araceae,Anthurium ernestii,FALSE,FALSE
Equisetopsida,Myrtales,Myrtaceae,Myrcia paivae,FALSE,FALSE
Equisetopsida,Myrtales,Myrtaceae,Myrcianthes rhopaloides,FALSE,FALSE
Equisetopsida,Alismatales,Araceae,Anthurium ernesti,FALSE,FALSE
Equisetopsida,Piperales,Piperaceae,Piper peltatum,FALSE,FALSE
Equisetopsida,Asparagales,Orchidaceae,Cyclopogon elatus,FALSE,FALSE
Equisetopsida,Rosales,Moraceae,Perebea guianensis,FALSE,FALSE
Equisetopsida,Oxalidales,Elaeocarpaceae,Sloanea obtusifolia,FALSE,FALSE
Equisetopsida,Malpighiales,Euphorbiaceae,Plukenetia volubilis,FALSE,FALSE
Equisetopsida,Myrtales,Melastomataceae,Miconia lanata,FALSE,FALSE
Equisetopsida,Asparagales,Orchidaceae,Cyclopogon gracilis,FALSE,FALSE
Equisetopsida,Asparagales,Orchidaceae,Cyclopogon lindleyanus,FALSE,FALSE
Equisetopsida,Alismatales,Araceae,Anthurium eminens,FALSE,FALSE
Equisetopsida,Malpighiales,Clusiaceae,Clusia schultesii,FALSE,FALSE
Amphibia,Anura,Craugastoridae,Phrynopus auriculatus,TRUE,FALSE
Actinopterygii,Siluriformes,Loricariidae,Limatulichthys griseus,FALSE,FALSE
Equisetopsida,Oxalidales,Elaeocarpaceae,Sloanea pubescens,FALSE,FALSE
Equisetopsida,Rosales,Moraceae,Perebea xanthochyma,FALSE,FALSE
Equisetopsida,Malpighiales,Clusiaceae,Clusia sphaerocarpa,FALSE,FALSE
Amphibia,Anura,Craugastoridae,Phrynopus bracki,TRUE,TRUE
Equisetopsida,Myrtales,Myrtaceae,Myrcia neospeciosa,FALSE,FALSE
Equisetopsida,Asparagales,Orchidaceae,Cyclopogon ovalifolius,FALSE,FALSE
Insecta,Lepidoptera,Nymphalidae,Metamorpha elissa elissa,FALSE,FALSE
Equisetopsida,Laurales,Lauraceae,Damburneya purpurea,FALSE,FALSE
Equisetopsida,Malpighiales,Clusiaceae,Clusia thurifera,FALSE,FALSE
Amphibia,Anura,Craugastoridae,Phrynopus tribulosus,TRUE,FALSE
Equisetopsida,Malpighiales,Clusiaceae,Clusia trochiformis,FALSE,FALSE
Equisetopsida,Myrtales,Myrtaceae,Myrcia mollis,FALSE,FALSE
Aves,Passeriformes,Hirundinidae,Progne elegans,FALSE,FALSE
Equisetopsida,Alismatales,Araceae,Anthurium croatii,FALSE,FALSE
Equisetopsida,Myrtales,Myrtaceae,Myrcia minutiflora,FALSE,FALSE
Equisetopsida,Oxalidales,Elaeocarpaceae,Sloanea robusta,FALSE,FALSE
Equisetopsida,Alismatales,Araceae,Anthurium coripatense,FALSE,FALSE
Equisetopsida,Oxalidales,Elaeocarpaceae,Sloanea rufa,FALSE,FALSE
Equisetopsida,Malpighiales,Clusiaceae,Dystovomita paniculata,FALSE,FALSE
Aves,Passeriformes,Tyrannidae,Cnemarchus erythropygius,FALSE,FALSE
Aves,Piciformes,Capitonidae,Eubucco versicolor,FALSE,FALSE
Equisetopsida,Piperales,Piperaceae,Piper obliquum,FALSE,FALSE
Equisetopsida,Alismatales,Araceae,Anthurium clavigerum,FALSE,FALSE
Equisetopsida,Polypodiales,Lindsaeaceae,Lindsaea falcata,FALSE,FALSE
Equisetopsida,Polypodiales,Lindsaeaceae,Lindsaea guianensis,FALSE,FALSE
Equisetopsida,Polypodiales,Lindsaeaceae,Lindsaea lancea,FALSE,FALSE
Equisetopsida,Rosales,Rosaceae,Acaena cylindristachya,FALSE,FALSE
Equisetopsida,Myrtales,Myrtaceae,Myrcia hylobates,FALSE,FALSE
Equisetopsida,Asparagales,Orchidaceae,Cyclopogon peruvianus,FALSE,FALSE
Aves,Piciformes,Capitonidae,Eubucco richardsoni,FALSE,FALSE
Equisetopsida,Lamiales,Acanthaceae,Mendoncia aspera,FALSE,FALSE
Aves,Apodiformes,Trochilidae,Metallura tyrianthina,FALSE,FALSE
Mammalia,Rodentia,Cuniculidae,Cuniculus paca,FALSE,FALSE
Equisetopsida,Alismatales,Araceae,Anthurium breviscapum,FALSE,FALSE
Equisetopsida,Alismatales,Araceae,Anthurium brevipedunculatum,FALSE,FALSE
Equisetopsida,Asparagales,Orchidaceae,Liparis brachystalix,FALSE,FALSE
Equisetopsida,Asparagales,Orchidaceae,Cyrtochilum incarum,TRUE,FALSE
Equisetopsida,Ericales,Lecythidaceae,Eschweilera gigantea,FALSE,FALSE
Mammalia,Chiroptera,Phyllostomidae,Desmodus rotundus,FALSE,FALSE
Equisetopsida,Oxalidales,Elaeocarpaceae,Sloanea sinemariensis,FALSE,FALSE
Mammalia,Rodentia,Echimyidae,Proechimys simonsi,FALSE,FALSE
Mammalia,Chiroptera,Emballonuridae,Peropteryx kappleri,FALSE,FALSE
Equisetopsida,Asparagales,Orchidaceae,Liparis cordiformis,FALSE,FALSE
Equisetopsida,Ericales,Lecythidaceae,Eschweilera decolorans,FALSE,FALSE
Equisetopsida,Oxalidales,Elaeocarpaceae,Sloanea terniflora,FALSE,FALSE
Equisetopsida,Ericales,Lecythidaceae,Eschweilera coriacea,FALSE,FALSE
Equisetopsida,Polypodiales,Dennstaedtiaceae,Dennstaedtia cicutaria,FALSE,FALSE
Equisetopsida,Oxalidales,Elaeocarpaceae,Sloanea tuerckheimii,FALSE,FALSE
Equisetopsida,Asparagales,Orchidaceae,Coccineorchis cernua,FALSE,FALSE
Equisetopsida,Gentianales,Rubiaceae,Coccocypselum condalia,FALSE,FALSE
Equisetopsida,Alismatales,Araceae,Anthurium apaporanum,FALSE,FALSE
Insecta,Lepidoptera,Nymphalidae,Adelpha mesentina,FALSE,FALSE
Equisetopsida,Alismatales,Araceae,Anthurium amoenum,FALSE,FALSE
Equisetopsida,Asparagales,Orchidaceae,Liparis serpens,FALSE,FALSE
Equisetopsida,Asparagales,Orchidaceae,Liparis yanachagae,TRUE,FALSE
Mammalia,Rodentia,Cuniculidae,Cuniculus taczanowskii,FALSE,FALSE
Equisetopsida,Ericales,Lecythidaceae,Eschweilera andina,FALSE,FALSE
Equisetopsida,Poales,Poaceae,Agrostis breviculmis,FALSE,FALSE
Equisetopsida,Arecales,Arecaceae,Desmoncus mitis,FALSE,FALSE
Mammalia,Chiroptera,Phyllostomidae,Platyrrhinus brachycephalus,FALSE,FALSE
Equisetopsida,Arecales,Arecaceae,Desmoncus mitis subsp. leptospadix,FALSE,FALSE
Equisetopsida,Piperales,Piperaceae,Piper lineatum,FALSE,FALSE
Equisetopsida,Myrtales,Melastomataceae,Miconia latifolia,FALSE,FALSE
Equisetopsida,Asparagales,Orchidaceae,Draconanthes aberrans,FALSE,FALSE
Equisetopsida,Myrtales,Myrtaceae,Myrcia amazonica,FALSE,FALSE
Aves,Passeriformes,Cotingidae,Lipaugus vociferans,FALSE,FALSE
Equisetopsida,Laurales,Lauraceae,Persea americana,FALSE,FALSE
Equisetopsida,Polypodiales,Tectariaceae,Dracoglossum plantagineum,FALSE,FALSE
Aves,Passeriformes,Thamnophilidae,Dysithamnus mentalis,FALSE,FALSE
Equisetopsida,Sapindales,Sapindaceae,Cupania cinerea,FALSE,FALSE
Equisetopsida,Laurales,Lauraceae,Persea areolatocostae,FALSE,FALSE
Equisetopsida,Asparagales,Orchidaceae,Lissocarpa bracki,FALSE,FALSE
Aves,Apodiformes,Trochilidae,Anthracothorax nigricollis,FALSE,FALSE
Reptilia,Serpentes,Dipsadidae,Dipsas schunkii,TRUE,FALSE
Equisetopsida,Ericales,Ebenaceae,Lissocarpa uyat,TRUE,FALSE
Equisetopsida,Arecales,Arecaceae,Desmoncus polyacanthos,FALSE,FALSE
Equisetopsida,Polypodiales,Desmophlebiaceae,Desmophlebium lechleri,FALSE,FALSE
Equisetopsida,Escalloniales,Escalloniaceae,Escallonia pendula,FALSE,TRUE
Mammalia,Chiroptera,Phyllostomidae,Platyrrhinus albericoi,FALSE,FALSE
Equisetopsida,Escalloniales,Escalloniaceae,Escallonia paniculata,FALSE,FALSE
Mammalia,Carnivora,Procyonidae,Procyon cancrivorus,FALSE,FALSE
Equisetopsida,Liliales,Smilacaceae,Smilax domingensis,FALSE,FALSE
Equisetopsida,Myrtales,Myrtaceae,Myrcia aliena,FALSE,FALSE
Equisetopsida,Escalloniales,Escalloniaceae,Escallonia myrtilloides,FALSE,TRUE
Equisetopsida,Myrtales,Melastomataceae,Miconia leacrenata,FALSE,FALSE
Equisetopsida,Malpighiales,Caryocaraceae,Anthodiscus klugii,FALSE,FALSE
Equisetopsida,Malpighiales,Caryocaraceae,Anthodiscus amazonicus,FALSE,FALSE
Equisetopsida,Liliales,Smilacaceae,Smilax purhampuy,FALSE,FALSE
Insecta,Lepidoptera,Pieridae,Anteos menippe,FALSE,FALSE
Equisetopsida,Laurales,Lauraceae,Pleurothyrium trianae,FALSE,FALSE
Aves,Passeriformes,Tyrannidae,Pitangus sulphuratus,FALSE,FALSE
Aves,Cuculiformes,Cuculidae,Coccyzus americanus,FALSE,FALSE
Equisetopsida,Laurales,Lauraceae,Persea mutisii,FALSE,FALSE
Mammalia,Chiroptera,Phyllostomidae,Anoura latidens,FALSE,FALSE
Aves,Cuculiformes,Cuculidae,Coccyzus erythropthalmus,FALSE,FALSE
Equisetopsida,Myrtales,Lythraceae,Cuphea bombonasae,FALSE,FALSE
Equisetopsida,Asparagales,Orchidaceae,Stelis kefersteiniana,FALSE,FALSE
Aves,Cuculiformes,Cuculidae,Coccyzus melacoryphus,FALSE,FALSE
Mammalia,Chiroptera,Phyllostomidae,Anoura geoffroyi,FALSE,FALSE
Equisetopsida,Myrtales,Lythraceae,Cuphea ciliata,FALSE,FALSE
Equisetopsida,Laurales,Lauraceae,Persea nudigemma,FALSE,FALSE
Equisetopsida,Malpighiales,Salicaceae,Prockia crucis,FALSE,FALSE
Equisetopsida,Malpighiales,Erythroxylaceae,Erythroxylum mucronatum,FALSE,FALSE
Equisetopsida,Asterales,Campanulaceae,Lobelia tenera,FALSE,FALSE
Mammalia,Chiroptera,Phyllostomidae,Anoura cultrata,FALSE,FALSE
Equisetopsida,Malpighiales,Erythroxylaceae,Erythroxylum macrophyllum,FALSE,FALSE
Equisetopsida,Laurales,Lauraceae,Pleurothyrium poeppigii,FALSE,FALSE
Actinopterygii,Characiformes,Prochilodontidae,Prochilodus nigricans,FALSE,FALSE
Equisetopsida,Malpighiales,Erythroxylaceae,Erythroxylum coca,FALSE,FALSE
Equisetopsida,Malpighiales,Erythroxylaceae,Erythroxylum citrifolium,FALSE,FALSE
Equisetopsida,Fabales,Fabaceae,Cochliasanthus caracalla,FALSE,FALSE
Mammalia,Chiroptera,Phyllostomidae,Anoura caudifer,FALSE,FALSE
Equisetopsida,Asparagales,Orchidaceae,Sobralia crocea,FALSE,FALSE
Equisetopsida,Laurales,Lauraceae,Persea pseudofasciculata,FALSE,FALSE
Equisetopsida,Polypodiales,Pteridaceae,Pityrogramma calomelanos,FALSE,FALSE
Mammalia,Chiroptera,Vespertilionidae,Myotis riparius,FALSE,FALSE
Equisetopsida,Asparagales,Orchidaceae,Sobralia dichotoma,FALSE,FALSE
Equisetopsida,Piperales,Piperaceae,Piper hispidum,FALSE,FALSE
Equisetopsida,Polypodiales,Lomariopsidaceae,Lomariopsis japurensis,FALSE,FALSE
Equisetopsida,Ranunculales,Menispermaceae,Anomospermum bolivianum,FALSE,FALSE
Equisetopsida,Lamiales,Gesneriaceae,Codonanthopsis dissimulata,FALSE,FALSE
Equisetopsida,Lamiales,Gesneriaceae,Codonanthopsis uleana,FALSE,FALSE
Equisetopsida,Polypodiales,Lomariopsidaceae,Lomariopsis nigropaleata,FALSE,FALSE
Equisetopsida,Asparagales,Orchidaceae,Sobralia fimbriata,FALSE,FALSE
Actinopterygii,Characiformes,Serrasalmidae,Piaractus brachypomus,FALSE,FALSE
Equisetopsida,Rosales,Urticaceae,Pilea myriophylla,FALSE,FALSE
Amphibia,Anura,Craugastoridae,Pristimantis ventrimarmoratus,FALSE,FALSE
Aves,Apodiformes,Trochilidae,Coeligena coeligena,FALSE,FALSE
Insecta,Hymenoptera,Ichneumonidae,Anomalon duniae,FALSE,FALSE
Equisetopsida,Laurales,Lauraceae,Pleurothyrium cuneifolium,FALSE,FALSE
Equisetopsida,Asparagales,Orchidaceae,Sobralia klotzscheana,FALSE,FALSE
Equisetopsida,Polypodiales,Lomariopsidaceae,Lomariopsis salicifolia,FALSE,FALSE
Insecta,Hymenoptera,Ichneumonidae,Anomalon cotoi,FALSE,FALSE
Equisetopsida,Piperales,Piperaceae,Piper heterophyllum,FALSE,FALSE
Equisetopsida,Polypodiales,Cystopteridaceae,Cystopteris fragilis,FALSE,FALSE
Amphibia,Anura,Craugastoridae,Pristimantis stictogaster,TRUE,FALSE
Equisetopsida,Asparagales,Orchidaceae,Sobralia macrophylla,FALSE,FALSE
Amphibia,Anura,Craugastoridae,Pristimantis sagittulus,TRUE,FALSE
Amphibia,Anura,Craugastoridae,Pristimantis rhabdolaemus,TRUE,FALSE
Equisetopsida,Polypodiales,Lonchitidaceae,Lonchitis hirsuta,FALSE,FALSE
Equisetopsida,Asparagales,Orchidaceae,Maxillaria valleculata,TRUE,FALSE
Aves,Apodiformes,Trochilidae,Coeligena torquata,FALSE,FALSE
Aves,Apodiformes,Trochilidae,Coeligena violifer,FALSE,FALSE
Amphibia,Anura,Craugastoridae,Pristimantis rhabdocnemus,TRUE,FALSE
Aves,Passeriformes,Tyrannidae,Platyrinchus mystaceus,FALSE,FALSE
Mammalia,Chiroptera,Phyllostomidae,Lonchophylla handleyi,FALSE,FALSE
Equisetopsida,Asparagales,Orchidaceae,Cyrtochilum caespitosum,FALSE,FALSE
Equisetopsida,Asparagales,Orchidaceae,Maxillaria uniflora,FALSE,FALSE
Mammalia,Chiroptera,Phyllostomidae,Lonchophylla robusta,FALSE,FALSE
Mammalia,Chiroptera,Phyllostomidae,Phylloderma stenops,FALSE,FALSE
Reptilia,Sauria,Dactyloidae,Anolis ortonii,FALSE,FALSE
Mammalia,Chiroptera,Phyllostomidae,Lonchorhina aurita,FALSE,FALSE
Mammalia,Chiroptera,Vespertilionidae,Myotis nigricans,FALSE,FALSE
Mammalia,Chiroptera,Vespertilionidae,Myotis keaysi,FALSE,FALSE
Aves,Piciformes,Picidae,Picumnus dorbignyanus,FALSE,FALSE
Reptilia,Sauria,Dactyloidae,Anolis fuscoauratus,FALSE,FALSE
Equisetopsida,Fabales,Fabaceae,Erythrina edulis,FALSE,FALSE
Equisetopsida,Asparagales,Orchidaceae,Sobralia turkeliae,FALSE,FALSE
Equisetopsida,Asparagales,Orchidaceae,Sobralia virginalis,FALSE,TRUE
Mammalia,Chiroptera,Phyllostomidae,Diphylla ecaudata,FALSE,FALSE
Mammalia,Chiroptera,Vespertilionidae,Myotis albescens,FALSE,FALSE
Equisetopsida,Fabales,Fabaceae,Dussia tessmannii,FALSE,FALSE
Equisetopsida,Lamiales,Plantaginaceae,Plantago major,FALSE,FALSE
Mammalia,Carnivora,Mustelidae,Lontra longicaudis,FALSE,FALSE
Amphibia,Anura,Craugastoridae,Pristimantis minutulus,TRUE,FALSE
Insecta,Lepidoptera,Nymphalidae,Diaethria clymena,FALSE,FALSE
Equisetopsida,Magnoliales,Annonaceae,Annona neoulei,FALSE,FALSE
Equisetopsida,Arecales,Arecaceae,Socratea exorrhiza,FALSE,FALSE
Equisetopsida,Magnoliales,Annonaceae,Annona neglecta,FALSE,FALSE
Equisetopsida,Ericales,Ericaceae,Disterigma alaternoides,FALSE,FALSE
Equisetopsida,Magnoliales,Annonaceae,Annona montana,FALSE,FALSE
Aves,Passeriformes,Thraupidae,Coereba flaveola,FALSE,FALSE
Amphibia,Anura,Craugastoridae,Pristimantis mendax,TRUE,FALSE
Equisetopsida,Cyatheales,Dicksoniaceae,Lophosoria quadripinnata,FALSE,FALSE
Equisetopsida,Asparagales,Orchidaceae,Erycina pusilla,FALSE,FALSE
Equisetopsida,Arecales,Arecaceae,Socratea salazarii,FALSE,FALSE
Equisetopsida,Magnoliales,Annonaceae,Annona excellens,FALSE,FALSE
Equisetopsida,Gentianales,Rubiaceae,Coffea arabica,FALSE,FALSE
Insecta,Lepidoptera,Erebidae,Coiffaitarctia imperatrix,FALSE,FALSE
Equisetopsida,Asparagales,Orchidaceae,Erycina glossomystax,FALSE,FALSE
Equisetopsida,Gentianales,Rubiaceae,Duroia hirsuta,FALSE,FALSE
Equisetopsida,Solanales,Solanaceae,Solanum abitaguense,FALSE,FALSE
Equisetopsida,Polypodiales,Pteridaceae,Pityrogramma ebenea,FALSE,FALSE
Equisetopsida,Malpighiales,Salicaceae,Abatia parviflora,FALSE,FALSE
Amphibia,Anura,Craugastoridae,Pristimantis lucasi,TRUE,FALSE
Equisetopsida,Fabales,Fabaceae,Dialium guianense,FALSE,FALSE
Amphibia,Anura,Craugastoridae,Pristimantis leucorrhinus,TRUE,TRUE
Equisetopsida,Magnoliales,Annonaceae,Annona ambotay,FALSE,FALSE
Equisetopsida,Lamiales,Acanthaceae,Dianthera appendiculata,FALSE,FALSE
Equisetopsida,Asterales,Asteraceae,Cyrtocymura scorpioides,FALSE,FALSE
Aves,Apodiformes,Trochilidae,Phaethornis guy,FALSE,FALSE
Mammalia,Chiroptera,Phyllostomidae,Lophostoma silvicolum,FALSE,FALSE
Equisetopsida,Myrtales,Vochysiaceae,Erisma uncinatum,FALSE,FALSE
Aves,Passeriformes,Icteridae,Molothrus oryzivorus,FALSE,FALSE
Equisetopsida,Polypodiales,Athyriaceae,Diplazium alienum,FALSE,FALSE
Aves,Piciformes,Picidae,Colaptes rivolii,FALSE,FALSE
Equisetopsida,Santalales,Santalaceae,Dendrophthora lindeniana,FALSE,FALSE
Aves,Passeriformes,Tyrannidae,Myiozetetes similis,FALSE,FALSE
Equisetopsida,Myrtales,Vochysiaceae,Erisma bicolor,FALSE,FALSE
Aves,Apodiformes,Trochilidae,Phaethornis hispidus,FALSE,FALSE
Equisetopsida,Solanales,Solanaceae,Solanum albidum,FALSE,FALSE
Equisetopsida,Malvales,Malvaceae,Eriotheca macrophylla,FALSE,FALSE
Equisetopsida,Asparagales,Orchidaceae,Pleurothallis xanthochlora,FALSE,FALSE
Aves,Passeriformes,Thraupidae,Anisognathus somptuosus,FALSE,FALSE
Aves,Passeriformes,Thraupidae,Anisognathus lacrymosus,FALSE,FALSE
Aves,Passeriformes,Tyrannidae,Phyllomyias cinereiceps,FALSE,FALSE
Aves,Passeriformes,Tyrannidae,Lophotriccus pileatus,FALSE,FALSE
Amphibia,Anura,Craugastoridae,Pristimantis cruciocularis,TRUE,FALSE
Aves,Passeriformes,Thraupidae,Anisognathus igniventris,FALSE,FALSE
Equisetopsida,Gentianales,Apocynaceae,Mesechites trifidus,FALSE,FALSE
Aves,Piciformes,Picidae,Colaptes rubiginosus,FALSE,FALSE
Aves,Apodiformes,Trochilidae,Phaethornis koepckeae,TRUE,FALSE
Equisetopsida,Solanales,Solanaceae,Solanum amblophyllum,TRUE,FALSE
Aves,Apodiformes,Trochilidae,Eriocnemis aline,FALSE,FALSE
Aves,Piciformes,Picidae,Colaptes rupicola,FALSE,FALSE
Equisetopsida,Piperales,Piperaceae,Piper crassinervium,FALSE,FALSE
Amphibia,Anura,Craugastoridae,Pristimantis bromeliaceus,FALSE,TRUE
Amphibia,Anura,Craugastoridae,Pristimantis bipunctatus,TRUE,FALSE
Equisetopsida,Arecales,Arecaceae,Aiphanes weberbaueri,FALSE,FALSE
Equisetopsida,Laurales,Lauraceae,Aniba taubertiana,FALSE,FALSE
Amphibia,Anura,Craugastoridae,Pristimantis albertus,TRUE,FALSE
Amphibia,Anura,Craugastoridae,Pristimantis adiastolus,TRUE,FALSE
Aves,Apodiformes,Trochilidae,Phaethornis malaris,FALSE,FALSE
Equisetopsida,Lamiales,Acanthaceae,Mendoncia pedunculata,FALSE,FALSE
Equisetopsida,Asterales,Asteraceae,Erigeron bonariensis,FALSE,FALSE
Equisetopsida,Hypnales,Prionodontaceae,Prionodon fuscolutescens,FALSE,FALSE
Equisetopsida,Asparagales,Orchidaceae,Aa paleacea,FALSE,FALSE
Aves,Apodiformes,Trochilidae,Colibri coruscans,FALSE,FALSE
Aves,Apodiformes,Trochilidae,Colibri cyanotus,FALSE,FALSE
Equisetopsida,Asparagales,Orchidaceae,Pleurothallis suspensa,FALSE,FALSE
Equisetopsida,Laurales,Lauraceae,Aniba perutilis,FALSE,FALSE
Equisetopsida,Laurales,Lauraceae,Aniba panurensis,FALSE,FALSE
Actinopterygii,Characiformes,Characidae,Prionobrama filigera,FALSE,FALSE
Insecta,Lepidoptera,Nymphalidae,Adelpha cytherea,FALSE,FALSE
Equisetopsida,Laurales,Lauraceae,Aniba muca,FALSE,FALSE
Equisetopsida,Laurales,Lauraceae,Aniba megaphylla,FALSE,FALSE
Equisetopsida,Solanales,Solanaceae,Solanum anisophyllum,FALSE,FALSE
Aves,Passeriformes,Thraupidae,Loriotus rufiventer,FALSE,FALSE
Actinopterygii,Perciformes,Sciaenidae,Plagioscion squamosissimus,FALSE,FALSE
Equisetopsida,Laurales,Lauraceae,Aniba guianensis,FALSE,FALSE
Equisetopsida,Solanales,Solanaceae,Solanum antisuyo,FALSE,FALSE
Equisetopsida,Laurales,Lauraceae,Aniba firmula,FALSE,FALSE
Equisetopsida,Asterales,Asteraceae,Erechtites hieraciifolius,FALSE,FALSE
Aves,Galliformes,Cracidae,Pipile cumanensis,FALSE,FALSE
Equisetopsida,Solanales,Solanaceae,Solanum aphyodendron,FALSE,FALSE
Equisetopsida,Malvales,Malvaceae,Sterculia frondosa,FALSE,FALSE
Equisetopsida,Asterales,Asteraceae,Erato polymnioides,FALSE,FALSE
Equisetopsida,Solanales,Solanaceae,Solanum appressum,FALSE,FALSE
Equisetopsida,Poales,Poaceae,Steinchisma laxum,FALSE,FALSE
Equisetopsida,Asparagales,Orchidaceae,Anguloa virginalis,FALSE,TRUE
Actinopterygii,Characiformes,Characidae,Moenkhausia dichroura,FALSE,FALSE
Aves,Passeriformes,Thraupidae,Cyanerpes caeruleus,FALSE,FALSE
Equisetopsida,Ranunculales,Menispermaceae,Abuta pahnii,FALSE,FALSE
Equisetopsida,Lamiales,Gesneriaceae,Diastema racemiferum,FALSE,FALSE
Equisetopsida,Solanales,Solanaceae,Solanum asperolanatum,FALSE,FALSE
Equisetopsida,Laurales,Monimiaceae,Mollinedia killipii,FALSE,FALSE
Equisetopsida,Lamiales,Gesneriaceae,Diastema scabrum,FALSE,FALSE
Equisetopsida,Apiales,Araliaceae,Dendropanax umbellatus,FALSE,FALSE
Aves,Passeriformes,Tyrannidae,Platyrinchus flavigularis,FALSE,FALSE
Equisetopsida,Schizaeales,Anemiaceae,Anemia phyllitidis,FALSE,FALSE
Equisetopsida,Apiales,Araliaceae,Dendropanax tessmannii,FALSE,FALSE
Equisetopsida,Asparagales,Orchidaceae,Dichaea calyculata,FALSE,FALSE
Aves,Passeriformes,Parulidae,Myiothlypis signata,FALSE,FALSE
Equisetopsida,Equisetales,Equisetaceae,Equisetum giganteum,FALSE,FALSE
Equisetopsida,Poales,Poaceae,Andropogon bicornis,FALSE,FALSE
Equisetopsida,Ericales,Ericaceae,Disterigma acuminatum,FALSE,FALSE
Equisetopsida,Asparagales,Orchidaceae,Dichaea campanulata,FALSE,FALSE
Equisetopsida,Solanales,Solanaceae,Solanum betaceum,FALSE,FALSE
Aves,Psittaciformes,Psittacidae,Primolius couloni,FALSE,TRUE
Equisetopsida,Myrtales,Onagraceae,Ludwigia leptocarpa,FALSE,FALSE
Aves,Passeriformes,Tyrannidae,Colonia colonus,FALSE,FALSE
Equisetopsida,Equisetales,Equisetaceae,Equisetum bogotense,FALSE,FALSE
Aves,Passeriformes,Thraupidae,Pipraeidea melanonota,FALSE,FALSE
Equisetopsida,Fabales,Fabaceae,Andira surinamensis,FALSE,FALSE
Aves,Passeriformes,Tyrannidae,Phyllomyias nigrocapillus,FALSE,FALSE
Equisetopsida,Asparagales,Orchidaceae,Dichaea ecuadorensis,FALSE,FALSE
Equisetopsida,Fabales,Fabaceae,Andira macrothyrsa,FALSE,FALSE
Mammalia,Chiroptera,Vespertilionidae,Eptesicus (Histiotus) velatus,FALSE,TRUE
Equisetopsida,Apiales,Araliaceae,Dendropanax macropodus,FALSE,FALSE
Equisetopsida,Magnoliales,Annonaceae,Cymbopetalum longipes,FALSE,FALSE
Equisetopsida,Apiales,Araliaceae,Dendropanax cuneatus,FALSE,FALSE
Aves,Passeriformes,Parulidae,Myiothlypis luteoviridis,FALSE,FALSE
Mammalia,Chiroptera,Vespertilionidae,Eptesicus brasiliensis,FALSE,FALSE
Equisetopsida,Gentianales,Apocynaceae,Prestonia annularis,FALSE,FALSE
Equisetopsida,Arecales,Arecaceae,Prestoea schultzeana,FALSE,FALSE
Equisetopsida,Myrtales,Melastomataceae,Miconia procumbens,FALSE,FALSE
Equisetopsida,Asparagales,Orchidaceae,Andinia vestigipetala,FALSE,FALSE
Equisetopsida,Solanales,Solanaceae,Solanum conicum,FALSE,FALSE
Equisetopsida,Arecales,Arecaceae,Prestoea acuminata var. acuminata,FALSE,FALSE
Equisetopsida,Arecales,Arecaceae,Prestoea acuminata,FALSE,FALSE
Equisetopsida,Asparagales,Orchidaceae,Cyrtochilum volubile,TRUE,FALSE
Aves,Piciformes,Ramphastidae,Andigena hypoglauca,FALSE,FALSE
Equisetopsida,Caryophyllales,Cactaceae,Epiphyllum phyllanthus,FALSE,FALSE
Equisetopsida,Solanales,Solanaceae,Solanum dimorphandrum,FALSE,FALSE
Aves,Passeriformes,Parulidae,Myiothlypis fulvicauda,FALSE,FALSE
Equisetopsida,Asparagales,Orchidaceae,Prescottia stachyodes,FALSE,FALSE
Equisetopsida,Myrtales,Melastomataceae,Andesanthus lepidotus,FALSE,FALSE
Insecta,Lepidoptera,Riodinidae,Ancyluris etias etias,FALSE,FALSE
Equisetopsida,Solanales,Solanaceae,Solanum endopogon,FALSE,FALSE
Aves,Apodiformes,Trochilidae,Doryfera ludovicae,FALSE,FALSE
Equisetopsida,Asparagales,Orchidaceae,Dichaea kegelii,FALSE,FALSE
Aves,Passeriformes,Thamnophilidae,Epinecrophylla spodionota,FALSE,FALSE
Equisetopsida,Apiales,Araliaceae,Dendropanax arboreus,FALSE,FALSE
Insecta,Lepidoptera,Nymphalidae,Prepona dexamenus dexamenus,FALSE,FALSE
Insecta,Lepidoptera,Nymphalidae,Prepona claudina,FALSE,FALSE
Equisetopsida,Malpighiales,Salicaceae,Lunania parviflora,FALSE,FALSE
Aves,Passeriformes,Thamnophilidae,Epinecrophylla ornata,FALSE,FALSE
Aves,Passeriformes,Furnariidae,Ancistrops strigilatus,FALSE,FALSE
Aves,Anseriformes,Anatidae,Merganetta armata,FALSE,FALSE
Aves,Passeriformes,Thraupidae,Cyanerpes cyaneus,FALSE,FALSE
Equisetopsida,Asparagales,Orchidaceae,Pleurothallis ruberrima,FALSE,FALSE
Aves,Falconiformes,Falconidae,Phalcoboenus megalopterus,FALSE,FALSE
Actinopterygii,Clupeiformes,Engraulididae,Anchoviella guianensis,FALSE,FALSE
Aves,Passeriformes,Thamnophilidae,Epinecrophylla leucophthalma,FALSE,FALSE
Equisetopsida,Magnoliales,Annonaceae,Duguetia latifolia,FALSE,FALSE
Aves,Passeriformes,Parulidae,Myiothlypis coronata,FALSE,FALSE
Aves,Passeriformes,Furnariidae,Premnornis guttuliger,FALSE,FALSE
Equisetopsida,Asparagales,Orchidaceae,Pleurothallis roseola,FALSE,FALSE
Aves,Passeriformes,Parulidae,Myiothlypis chrysogaster,FALSE,FALSE
Aves,Passeriformes,Furnariidae,Premnoplex brunnescens,FALSE,FALSE
Equisetopsida,Piperales,Piperaceae,Piper coruscans,FALSE,FALSE
Equisetopsida,Asparagales,Orchidaceae,Dichaea morrisii,FALSE,FALSE
Aves,Columbiformes,Columbidae,Columbina talpacoti,FALSE,FALSE
Equisetopsida,Malpighiales,Violaceae,Anchietea frangulifolia,FALSE,FALSE
Equisetopsida,Asparagales,Orchidaceae,Maxillaria procurrens,FALSE,FALSE
Equisetopsida,Asparagales,Orchidaceae,Pleurothallis phyllocardioides,FALSE,FALSE
Equisetopsida,Polypodiales,Pteridaceae,Pityrogramma trifoliata,FALSE,FALSE
Equisetopsida,Lamiales,Gesneriaceae,Columnea anisophylla,FALSE,FALSE
Equisetopsida,Asparagales,Orchidaceae,Dichaea picta,FALSE,FALSE
Aves,Passeriformes,Thraupidae,Dubusia taeniata,FALSE,FALSE
Aves,Cuculiformes,Cuculidae,Piaya cayana,FALSE,FALSE
Equisetopsida,Asparagales,Orchidaceae,Epidendrum yungasense,FALSE,FALSE
Equisetopsida,Asparagales,Orchidaceae,Epidendrum yanesharum,FALSE,FALSE
Equisetopsida,Lamiales,Gesneriaceae,Columnea ericae,FALSE,FALSE
Equisetopsida,Asparagales,Orchidaceae,Epidendrum yanachagaense,TRUE,FALSE
Insecta,Lepidoptera,Hesperiidae,Phareas coeleste,FALSE,FALSE
Equisetopsida,Myrtales,Melastomataceae,Miconia reflexipila,TRUE,FALSE
Equisetopsida,Lamiales,Gesneriaceae,Columnea guttata,FALSE,FALSE
Aves,Passeriformes,Tyrannidae,Myiotheretes striaticollis,FALSE,FALSE
Aves,Passeriformes,Tyrannidae,Myiotheretes fuscorufus,FALSE,FALSE
Equisetopsida,Lamiales,Gesneriaceae,Columnea inaequilatera,FALSE,FALSE
Equisetopsida,Lamiales,Gesneriaceae,Columnea moesta,FALSE,FALSE
Equisetopsida,Polypodiales,Athyriaceae,Diplazium macrophyllum,FALSE,FALSE
Equisetopsida,Lamiales,Gesneriaceae,Columnea peruviana,FALSE,FALSE
Equisetopsida,Asparagales,Orchidaceae,Dichaea trulla,FALSE,FALSE
Equisetopsida,Ericales,Sapotaceae,Pouteria williamii,FALSE,FALSE
Equisetopsida,Lamiales,Gesneriaceae,Columnea tenensis,FALSE,FALSE
Equisetopsida,Lamiales,Gesneriaceae,Columnea tessmannii,FALSE,FALSE
Equisetopsida,Asparagales,Orchidaceae,Epidendrum vidal-senegei,TRUE,FALSE
Aves,Passeriformes,Fringillidae,Spinus magellanicus,FALSE,FALSE
Equisetopsida,Asparagales,Orchidaceae,Epidendrum vesicolumna,FALSE,FALSE
Equisetopsida,Lamiales,Gesneriaceae,Columnea xiphoidea,TRUE,FALSE
Equisetopsida,Asparagales,Orchidaceae,Epidendrum vesicinanum,TRUE,FALSE
Equisetopsida,Sapindales,Burseraceae,Dacryodes peruviana,FALSE,FALSE
Equisetopsida,Ericales,Sapotaceae,Pouteria trilocularis,FALSE,FALSE
Equisetopsida,Solanales,Solanaceae,Solanum junctum,FALSE,FALSE
Equisetopsida,Asparagales,Orchidaceae,Pleurothallis microcardia,FALSE,FALSE
Equisetopsida,Asparagales,Orchidaceae,Epidendrum vesicicaule,FALSE,FALSE
Aves,Passeriformes,Tyrannidae,Myiotheretes fumigatus,FALSE,FALSE
Equisetopsida,Asparagales,Orchidaceae,Pleurothallis loranthophylla,FALSE,FALSE
Equisetopsida,Asparagales,Orchidaceae,Epidendrum ventricosum,FALSE,FALSE
Equisetopsida,Asparagales,Orchidaceae,Epidendrum vale-ramiroi,FALSE,FALSE
Equisetopsida,Asparagales,Orchidaceae,Epidendrum valenzuelae,TRUE,FALSE
Equisetopsida,Solanales,Solanaceae,Solanum laxissimum,TRUE,FALSE
Equisetopsida,Asparagales,Orchidaceae,Epidendrum unguiculatum,FALSE,FALSE
Equisetopsida,Asparagales,Orchidaceae,Epidendrum uncinatum,TRUE,FALSE
Equisetopsida,Solanales,Solanaceae,Solanum lepidotum,FALSE,FALSE
Equisetopsida,Asparagales,Orchidaceae,Anathallis carnosifolia,TRUE,FALSE
Aves,Caprimulgiformes,Caprimulgidae,Lurocalis rufiventris,FALSE,FALSE
Equisetopsida,Myrtales,Combretaceae,Combretum paraguariense,FALSE,FALSE
Equisetopsida,Ericales,Sapotaceae,Pouteria torta,FALSE,FALSE
Aves,Passeriformes,Pipridae,Pipra fasciicauda,FALSE,FALSE
Equisetopsida,Asparagales,Orchidaceae,Epidendrum tridens,FALSE,TRUE
Equisetopsida,Solanales,Solanaceae,Solanum leptopodum,FALSE,FALSE
Aves,Trogoniformes,Trogonidae,Pharomachrus antisianus,FALSE,FALSE
Equisetopsida,Commelinales,Commelinaceae,Dichorisandra ulei,FALSE,FALSE
Equisetopsida,Asparagales,Orchidaceae,Pleurothallis linguifera,FALSE,FALSE
Equisetopsida,Asparagales,Orchidaceae,Epidendrum tingo-mariae,TRUE,FALSE
Equisetopsida,Asparagales,Orchidaceae,Comparettia falcata,FALSE,FALSE
Actinopterygii,Characiformes,Curimatidae,Steindachnerina guentheri,FALSE,FALSE
Equisetopsida,Asparagales,Orchidaceae,Epidendrum syringothyrsis,FALSE,FALSE
Equisetopsida,Ericales,Sapotaceae,Pouteria reticulata,FALSE,FALSE
Equisetopsida,Myrtales,Melastomataceae,Miconia manserichensis,FALSE,FALSE
Equisetopsida,Ericales,Sapotaceae,Pouteria procera,FALSE,FALSE
Equisetopsida,Asparagales,Orchidaceae,Epidendrum subliberum,FALSE,FALSE
Aves,Passeriformes,Corvidae,Cyanocorax violaceus,FALSE,FALSE
Aves,Anseriformes,Anatidae,Anas flavirostris,FALSE,FALSE
Equisetopsida,Solanales,Solanaceae,Solanum leucopogon,FALSE,FALSE
Equisetopsida,Asparagales,Orchidaceae,Epidendrum subliberhombicum,TRUE,FALSE
Equisetopsida,Magnoliales,Myristicaceae,Compsoneura capitellata,FALSE,FALSE
Equisetopsida,Solanales,Solanaceae,Solanum lindenii,FALSE,FALSE
Equisetopsida,Magnoliales,Myristicaceae,Compsoneura sprucei,FALSE,FALSE
Aves,Trogoniformes,Trogonidae,Pharomachrus auriceps,FALSE,FALSE
Aves,Apodiformes,Trochilidae,Doryfera johannae,FALSE,FALSE
Aves,Passeriformes,Tyrannidae,Phylloscartes ophthalmicus,FALSE,FALSE
Equisetopsida,Ericales,Sapotaceae,Pouteria opposita,FALSE,FALSE
Equisetopsida,Ericales,Sapotaceae,Pouteria oblanceolata,FALSE,FALSE
Equisetopsida,Asparagales,Orchidaceae,Epidendrum stictoglossum,FALSE,FALSE
Equisetopsida,Solanales,Solanaceae,Solanum longifilamentum,FALSE,FALSE
Equisetopsida,Asparagales,Orchidaceae,Epidendrum stenophyton,FALSE,FALSE
Aves,Passeriformes,Thraupidae,Dubusia castaneoventris,FALSE,FALSE
Equisetopsida,Ericales,Sapotaceae,Pouteria melanopoda,FALSE,FALSE
Equisetopsida,Solanales,Solanaceae,Solanum maturecalvans,FALSE,FALSE
Equisetopsida,Asparagales,Orchidaceae,Epidendrum soratae,FALSE,FALSE
Equisetopsida,Ericales,Sapotaceae,Pouteria macrophylla,FALSE,FALSE
Equisetopsida,Malpighiales,Euphorbiaceae,Conceveiba rhytidocarpa,FALSE,FALSE
Mammalia,Cetartiodactyla,Cervidae,Mazama americana,FALSE,FALSE
Equisetopsida,Asparagales,Orchidaceae,Epidendrum sophronitis,FALSE,FALSE
Aves,Passeriformes,Tyrannidae,Myiophobus flavicans,FALSE,FALSE
Equisetopsida,Malpighiales,Euphorbiaceae,Conceveiba terminalis,FALSE,FALSE
Equisetopsida,Ericales,Sapotaceae,Pouteria lucuma,FALSE,FALSE
Equisetopsida,Asparagales,Orchidaceae,Epidendrum sigmostachyum,FALSE,FALSE
Equisetopsida,Asparagales,Orchidaceae,Cyrtochilum aureum,FALSE,FALSE
Aves,Passeriformes,Cotingidae,Pipreola arcuata,FALSE,FALSE
Equisetopsida,Fabales,Fabaceae,Platymiscium trinitatis,FALSE,FALSE
Equisetopsida,Solanales,Solanaceae,Solanum mite,FALSE,FALSE
Insecta,Lepidoptera,Nymphalidae,Anartia jatrophae jatrophae,FALSE,FALSE
Equisetopsida,Gentianales,Rubiaceae,Condaminea corymbosa,FALSE,FALSE
Equisetopsida,Ericales,Sapotaceae,Pouteria laevigata,FALSE,FALSE
Aves,Passeriformes,Hirundinidae,Stelgidopteryx ruficollis,FALSE,FALSE
Equisetopsida,Malpighiales,Putranjivaceae,Drypetes gentryana,FALSE,FALSE
Equisetopsida,Cyatheales,Dicksoniaceae,Dicksonia sellowiana,FALSE,FALSE
Equisetopsida,Solanales,Solanaceae,Solanum monadelphum,FALSE,FALSE
Equisetopsida,Ericales,Sapotaceae,Pouteria juruana,FALSE,FALSE
Aves,Passeriformes,Tyrannidae,Myiophobus cryptoxanthus,FALSE,FALSE
Equisetopsida,Ericales,Sapotaceae,Pouteria guianensis,FALSE,FALSE
Equisetopsida,Malpighiales,Putranjivaceae,Drypetes amazonica,FALSE,FALSE
Equisetopsida,Asparagales,Orchidaceae,Epidendrum secundum,FALSE,FALSE
Equisetopsida,Asparagales,Orchidaceae,Epidendrum schlimii,FALSE,FALSE
Mammalia,Carnivora,Mephitidae,Conepatus chinga,FALSE,FALSE
Equisetopsida,Ericales,Sapotaceae,Pouteria glomerata,FALSE,FALSE
Aves,Passeriformes,Tyrannidae,Anairetes parulus,FALSE,FALSE
Equisetopsida,Myrtales,Melastomataceae,Miconia salicifolia,FALSE,FALSE
Equisetopsida,Asparagales,Orchidaceae,Epidendrum scabrum,FALSE,FALSE
Equisetopsida,Asparagales,Orchidaceae,Epidendrum saxicola,FALSE,FALSE
Aves,Passeriformes,Thraupidae,Conirostrum albifrons,FALSE,FALSE
Equisetopsida,Sapindales,Burseraceae,Dacryodes olivifera,FALSE,FALSE
Equisetopsida,Asparagales,Orchidaceae,Pleurothallis glossopogon,FALSE,FALSE
Equisetopsida,Asterales,Asteraceae,Monticalia andicola,FALSE,FALSE
Equisetopsida,Asparagales,Orchidaceae,Epidendrum sarcostalix,TRUE,FALSE
Equisetopsida,Asparagales,Orchidaceae,Epidendrum sarcostachyum,FALSE,FALSE
Equisetopsida,Polypodiales,Dryopteridaceae,Dryopteris wallichiana,FALSE,FALSE
Equisetopsida,Asparagales,Orchidaceae,Epidendrum rugulosum,FALSE,FALSE
Equisetopsida,Ericales,Sapotaceae,Pouteria durlandii,FALSE,FALSE
Equisetopsida,Ericales,Sapotaceae,Pouteria cuspidata subsp. robusta,FALSE,FALSE
Equisetopsida,Ericales,Sapotaceae,Pouteria cuspidata subsp. dura,FALSE,FALSE
Equisetopsida,Asparagales,Orchidaceae,Epidendrum rostrigerum,FALSE,FALSE
Equisetopsida,Asparagales,Orchidaceae,Epidendrum rhopalostele,FALSE,FALSE
Equisetopsida,Solanales,Solanaceae,Solanum nemorense,FALSE,FALSE
Equisetopsida,Myrtales,Melastomataceae,Miconia mayeta,FALSE,FALSE
Equisetopsida,Ericales,Sapotaceae,Pouteria cuspidata,FALSE,FALSE
Equisetopsida,Ericales,Sapotaceae,Pouteria condorensis,FALSE,FALSE
Equisetopsida,Asparagales,Orchidaceae,Pleurothallis furcifera,FALSE,FALSE
Equisetopsida,Solanales,Solanaceae,Lycianthes acutifolia,FALSE,FALSE
Equisetopsida,Ericales,Sapotaceae,Pouteria campanulata,FALSE,FALSE
Equisetopsida,Asparagales,Orchidaceae,Epidendrum ramosum,FALSE,FALSE
Equisetopsida,Asparagales,Orchidaceae,Epidendrum purum,FALSE,FALSE
Equisetopsida,Asparagales,Orchidaceae,Epidendrum pteroglottis,FALSE,FALSE
Aves,Passeriformes,Furnariidae,Dendrocolaptes certhia,FALSE,FALSE
Equisetopsida,Ericales,Sapotaceae,Pouteria caimito,FALSE,FALSE
Equisetopsida,Asparagales,Orchidaceae,Epidendrum pterogastrium,FALSE,FALSE
Aves,Passeriformes,Corvidae,Cyanocorax yncas,FALSE,FALSE
Equisetopsida,Ericales,Sapotaceae,Pouteria bilocularis,FALSE,FALSE
Equisetopsida,Asparagales,Orchidaceae,Epidendrum pseudocardioepichilum,TRUE,FALSE
Equisetopsida,Asparagales,Orchidaceae,Epidendrum prostratum,FALSE,FALSE
Equisetopsida,Ericales,Sapotaceae,Pouteria bangii,FALSE,FALSE
Aves,Passeriformes,Furnariidae,Hellmayrea gularis,FALSE,FALSE
Equisetopsida,Ranunculales,Menispermaceae,Abuta imene,FALSE,FALSE
Equisetopsida,Asparagales,Orchidaceae,Epidendrum probosantherum,FALSE,FALSE
Aves,Passeriformes,Tyrannidae,Phylloscartes parkeri,FALSE,FALSE
Equisetopsida,Gentianales,Rubiaceae,Rudgea psychotriifolia,FALSE,FALSE
Equisetopsida,Ericales,Sapotaceae,Pouteria baehniana,FALSE,FALSE
Equisetopsida,Solanales,Solanaceae,Solanum obliquum,FALSE,FALSE
Aves,Passeriformes,Thraupidae,Conirostrum sitticolor,FALSE,FALSE
Equisetopsida,Solanales,Solanaceae,Solanum oblongum,TRUE,FALSE
Equisetopsida,Solanales,Solanaceae,Lycianthes inaequilatera,FALSE,FALSE
Equisetopsida,Asparagales,Orchidaceae,Epidendrum porphyreodiscum,FALSE,FALSE
Equisetopsida,Gentianales,Rubiaceae,Rudgea poeppigii,FALSE,FALSE
Equisetopsida,Asparagales,Orchidaceae,Epidendrum polystachyum,FALSE,FALSE
Equisetopsida,Proteales,Proteaceae,Oreocallis grandiflora,FALSE,FALSE
Equisetopsida,Asparagales,Orchidaceae,Helonoma peruviana,FALSE,FALSE
Equisetopsida,Ericales,Sapotaceae,Pouteria aubrevillei,FALSE,FALSE
Equisetopsida,Piperales,Piperaceae,Piper arboreum,FALSE,FALSE
Mammalia,Cetartiodactyla,Tayassuidae,Dicotyles tajacu,FALSE,FALSE
Equisetopsida,Solanales,Solanaceae,Solanum oppositifolium,FALSE,FALSE
Equisetopsida,Santalales,Balanophoraceae,Helosis cayennensis,FALSE,FALSE
Aves,Passeriformes,Icteridae,Cacicus solitarius,FALSE,FALSE
Amphibia,Anura,Craugastoridae,Oreobates saxatilis,TRUE,FALSE
Equisetopsida,Rosales,Urticaceae,Pourouma tomentosa,FALSE,FALSE
Aves,Passeriformes,Furnariidae,Dendrocincla tyrannina,FALSE,FALSE
Actinopterygii,Characiformes,Characidae,Hemibrycon jelskii,FALSE,FALSE
Equisetopsida,Gentianales,Rubiaceae,Rudgea verticillata,FALSE,FALSE
Equisetopsida,Polypodiales,Hemidictyaceae,Hemidictyum marginatum,FALSE,FALSE
Equisetopsida,Asparagales,Orchidaceae,Epidendrum parvilabre,FALSE,FALSE
Equisetopsida,Apiales,Araliaceae,Oreopanax eriocephalus,FALSE,FALSE
Equisetopsida,Solanales,Solanaceae,Lycianthes medusocalyx,FALSE,FALSE
Equisetopsida,Myrtales,Melastomataceae,Miconia astroplocama,FALSE,FALSE
Equisetopsida,Gentianales,Rubiaceae,Rudgea viburnoides subsp. megalocarpa,FALSE,FALSE
Equisetopsida,Gentianales,Rubiaceae,Rudgea lanceifolia,FALSE,FALSE
Equisetopsida,Myrtales,Melastomataceae,Miconia aurea,FALSE,FALSE
Equisetopsida,Gentianales,Rubiaceae,Rudgea crassipetiolata,FALSE,FALSE
Equisetopsida,Apiales,Araliaceae,Oreopanax pavonii,FALSE,FALSE
Equisetopsida,Poales,Poaceae,Cynodon dactylon,FALSE,FALSE
Equisetopsida,Gentianales,Rubiaceae,Rudgea cornifolia,FALSE,FALSE
Equisetopsida,Asparagales,Orchidaceae,Epidendrum parviflorum,FALSE,FALSE
Equisetopsida,Asparagales,Orchidaceae,Epidendrum paniculolateribilobum,FALSE,FALSE
Equisetopsida,Asparagales,Orchidaceae,Epidendrum paniculatum,FALSE,FALSE
Equisetopsida,Boraginales,Heliotropiaceae,Heliotropium arborescens,FALSE,FALSE
Equisetopsida,Solanales,Solanaceae,Lycianthes pauciflora,FALSE,FALSE
Equisetopsida,Asparagales,Orchidaceae,Rudolfiella bicornaria,FALSE,FALSE
Equisetopsida,Asparagales,Orchidaceae,Rudolfiella floribunda,FALSE,FALSE
Equisetopsida,Gentianales,Rubiaceae,Rudgea citrifolia,FALSE,FALSE
Equisetopsida,Apiales,Araliaceae,Oreopanax ruizii,FALSE,FALSE
Equisetopsida,Asparagales,Orchidaceae,Epidendrum pampatamboense,FALSE,FALSE
Equisetopsida,Gentianales,Rubiaceae,Rudgea ciliata,FALSE,FALSE
Aves,Passeriformes,Icteridae,Cacicus chrysonotus,FALSE,FALSE
Equisetopsida,Rosales,Urticaceae,Pourouma ovata,FALSE,FALSE
Aves,Passeriformes,Furnariidae,Anabacerthia striaticollis,FALSE,TRUE
Equisetopsida,Solanales,Solanaceae,Lycianthes radiata,FALSE,FALSE
Equisetopsida,Alismatales,Araceae,Caladium bicolor,FALSE,FALSE
Equisetopsida,Myrtales,Melastomataceae,Miconia bailloniana,FALSE,FALSE
Equisetopsida,Lamiales,Acanthaceae,Ruellia brevifolia,FALSE,FALSE
Aves,Passeriformes,Icteridae,Cacicus cela,FALSE,FALSE
Equisetopsida,Asparagales,Orchidaceae,Epidendrum oxyglossum,FALSE,FALSE
Actinopterygii,Siluriformes,Pimelodidae,Hemisorubim platyrhynchos,FALSE,FALSE
Aves,Passeriformes,Thraupidae,Hemithraupis flavicollis,FALSE,FALSE
Equisetopsida,Rosales,Rosaceae,Rubus weberbaueri,TRUE,FALSE
Aves,Passeriformes,Tyrannidae,Conopias cinchoneti,FALSE,FALSE
Equisetopsida,Poales,Poaceae,Calamagrostis longearistata,FALSE,FALSE
Insecta,Lepidoptera,Nymphalidae,Opsiphanes cassina,FALSE,FALSE
Equisetopsida,Asparagales,Orchidaceae,Epidendrum oxycalyx,FALSE,FALSE
Equisetopsida,Asparagales,Orchidaceae,Epidendrum oxapampense,TRUE,FALSE
Equisetopsida,Poales,Poaceae,Oplismenus hirtellus,FALSE,FALSE
Aves,Apodiformes,Trochilidae,Heliodoxa leadbeateri,FALSE,FALSE
Equisetopsida,Solanales,Solanaceae,Lycianthes sprucei,FALSE,FALSE
Aves,Passeriformes,Tyrannidae,Hemitriccus granadensis,FALSE,FALSE
Equisetopsida,Sapindales,Meliaceae,Cabralea canjerana,FALSE,FALSE
Aves,Passeriformes,Furnariidae,Dendrocincla merula,FALSE,FALSE
Equisetopsida,Asparagales,Orchidaceae,Epidendrum orbiculatum,FALSE,FALSE
Aves,Opisthocomiformes,Opisthocomidae,Opisthocomus hoazin,FALSE,FALSE
Aves,Apodiformes,Trochilidae,Heliodoxa branickii,TRUE,FALSE
Equisetopsida,Asparagales,Orchidaceae,Epidendrum odontostachyum,TRUE,FALSE
Aves,Passeriformes,Troglodytidae,Henicorhina leucophrys,FALSE,FALSE
Aves,Passeriformes,Troglodytidae,Henicorhina leucoptera,FALSE,FALSE
Equisetopsida,Malpighiales,Malpighiaceae,Byrsonima poeppigiana,FALSE,FALSE
Aves,Passeriformes,Troglodytidae,Henicorhina leucosticta,FALSE,FALSE
Equisetopsida,Poales,Poaceae,Rugoloa polygonata,FALSE,FALSE
Equisetopsida,Ophioglossales,Ophioglossaceae,Ophioglossum palmatum,FALSE,FALSE
Equisetopsida,Zingiberales,Marantaceae,Calathea lateralis,FALSE,FALSE
Equisetopsida,Rosales,Urticaceae,Pourouma mollis,FALSE,FALSE
Equisetopsida,Myrtales,Melastomataceae,Henriettea fascicularis,FALSE,FALSE
Equisetopsida,Malvales,Malvaceae,Heliocarpus americanus,FALSE,FALSE
Equisetopsida,Malpighiales,Malpighiaceae,Byrsonima arthropoda,FALSE,FALSE
Equisetopsida,Zingiberales,Marantaceae,Calathea lutea,FALSE,FALSE
Equisetopsida,Asparagales,Orchidaceae,Epidendrum odontospathum,FALSE,FALSE
Equisetopsida,Asterales,Asteraceae,Oritrophium peruvianum,FALSE,FALSE
Insecta,Lepidoptera,Papilionidae,Heraclides androgeus epidaurus,FALSE,FALSE
Equisetopsida,Sapindales,Meliaceae,Ruagea glabra,FALSE,TRUE
Aves,Accipitriformes,Accipitridae,Accipiter striatus,FALSE,FALSE
Equisetopsida,Rosales,Moraceae,Helicostylis tovarensis,FALSE,FALSE
Equisetopsida,Piperales,Piperaceae,Piper apodum,FALSE,FALSE
Equisetopsida,Metteniusales,Metteniusaceae,Calatola costaricensis,FALSE,FALSE
Equisetopsida,Solanales,Solanaceae,Solanum pallidum,FALSE,FALSE
Equisetopsida,Asparagales,Orchidaceae,Epidendrum notostachyum,TRUE,FALSE
Insecta,Lepidoptera,Papilionidae,Heraclides thoas,FALSE,FALSE
Equisetopsida,Myrtales,Vochysiaceae,Ruizterania trichanthera,FALSE,FALSE
Equisetopsida,Proteales,Sabiaceae,Ophiocaryon manausense,FALSE,FALSE
Equisetopsida,Proteales,Sabiaceae,Ophiocaryon heterophyllum,FALSE,FALSE
Insecta,Lepidoptera,Nymphalidae,Hermeuptychia fallax fallax,FALSE,FALSE
Equisetopsida,Rosales,Moraceae,Helicostylis tomentosa,FALSE,FALSE
Aves,Passeriformes,Tyrannidae,Phylloscartes poecilotis,FALSE,FALSE
Equisetopsida,Myrtales,Melastomataceae,Miconia bangii,FALSE,FALSE
Equisetopsida,Asparagales,Orchidaceae,Epidendrum nocturnum,FALSE,FALSE
Equisetopsida,Oxalidales,Connaraceae,Rourea camptoneura,FALSE,FALSE
Equisetopsida,Asparagales,Orchidaceae,Epidendrum naviculare,FALSE,FALSE
Equisetopsida,Fabales,Fabaceae,Ormosia amazonica,FALSE,FALSE
Equisetopsida,Fabales,Fabaceae,Ormosia bopiensis,FALSE,FALSE
Equisetopsida,Proteales,Proteaceae,Roupala montana,FALSE,FALSE
Insecta,Lepidoptera,Nymphalidae,Hermeuptychia harmonia,FALSE,FALSE
Aves,Passeriformes,Thraupidae,Buthraupis montana,FALSE,FALSE
Equisetopsida,Asparagales,Orchidaceae,Epidendrum natator,TRUE,FALSE
Equisetopsida,Rosales,Moraceae,Helicostylis scabra,FALSE,FALSE
Equisetopsida,Proteales,Proteaceae,Roupala monosperma,FALSE,FALSE
Equisetopsida,Asparagales,Orchidaceae,Lycomormium fiskei,FALSE,FALSE
Insecta,Lepidoptera,Nymphalidae,Hermeuptychia hermes,FALSE,FALSE
Equisetopsida,Fabales,Fabaceae,Ormosia coccinea,FALSE,FALSE
Aves,Passeriformes,Furnariidae,Anabacerthia ruficaudata,FALSE,FALSE
Equisetopsida,Ranunculales,Menispermaceae,Rupertiella boliviana,FALSE,FALSE
Aves,Passeriformes,Conopophagidae,Conopophaga castaneiceps,FALSE,FALSE
Equisetopsida,Malpighiales,Linaceae,Roucheria columbiana,FALSE,FALSE
Equisetopsida,Asparagales,Orchidaceae,Epidendrum monzonense,TRUE,FALSE
Insecta,Lepidoptera,Nymphalidae,Heliconius wallacei,FALSE,FALSE
Aves,Passeriformes,Cotingidae,Rupicola peruvianus,FALSE,FALSE
Equisetopsida,Fabales,Fabaceae,Mimosa tenuiflora,FALSE,FALSE
Equisetopsida,Pandanales,Cyclanthaceae,Dicranopygium lugonis,FALSE,FALSE
Aves,Galliformes,Cracidae,Aburria aburri,FALSE,TRUE
Equisetopsida,Asparagales,Orchidaceae,Epidendrum montispichinchense,FALSE,FALSE
Equisetopsida,Rosales,Urticaceae,Pourouma minor,FALSE,FALSE
Equisetopsida,Asparagales,Orchidaceae,Epidendrum monteagudoi,TRUE,FALSE
Equisetopsida,Santalales,Loranthaceae,Aetanthus nodosus,FALSE,FALSE
Insecta,Lepidoptera,Nymphalidae,Heliconius melpomene,FALSE,FALSE
Equisetopsida,Gentianales,Rubiaceae,Rosenbergiodendron longiflorum,FALSE,FALSE
Equisetopsida,Asparagales,Orchidaceae,Cyrtochilum myanthum,FALSE,FALSE
Equisetopsida,Asparagales,Orchidaceae,Epidendrum modestum,FALSE,FALSE
Equisetopsida,Asparagales,Orchidaceae,Oncidium x wattianum,FALSE,FALSE
Equisetopsida,Asparagales,Orchidaceae,Epidendrum miserrimum,FALSE,FALSE
Equisetopsida,Asparagales,Orchidaceae,Oncidium wyattianum,FALSE,TRUE
Equisetopsida,Asparagales,Orchidaceae,Oncidium vulcanicum,FALSE,TRUE
Aves,Accipitriformes,Accipitridae,Buteogallus solitarius,FALSE,FALSE
Equisetopsida,Rosales,Rosaceae,Hesperomeles ferruginea,FALSE,FALSE
Aves,Passeriformes,Conopophagidae,Conopophaga peruviana,FALSE,FALSE
Equisetopsida,Asparagales,Orchidaceae,Epidendrum miradoranum,FALSE,FALSE
Equisetopsida,Asparagales,Orchidaceae,Epidendrum minutiflorum,FALSE,FALSE
Insecta,Lepidoptera,Nymphalidae,Heliconius elevatus,FALSE,FALSE
Equisetopsida,Lamiales,Calceolariaceae,Calceolaria pinnata,FALSE,FALSE
Equisetopsida,Poales,Bromeliaceae,Ronnbergia veitchii,FALSE,FALSE
Equisetopsida,Asparagales,Orchidaceae,Epidendrum miniatum,FALSE,FALSE
Equisetopsida,Zingiberales,Heliconiaceae,Heliconia velutina,FALSE,FALSE
Equisetopsida,Myrtales,Melastomataceae,Miconia argyrophylla,FALSE,FALSE
Aves,Passeriformes,Cotingidae,Pipreola intermedia,FALSE,FALSE
Equisetopsida,Asparagales,Orchidaceae,Oncidium tigroides,TRUE,FALSE
Equisetopsida,Lamiales,Calceolariaceae,Calceolaria rhododendroides,TRUE,FALSE
Equisetopsida,Asparagales,Orchidaceae,Oncidium llanachagaense,TRUE,FALSE
Equisetopsida,Asparagales,Orchidaceae,Epidendrum milpoense,TRUE,FALSE
Equisetopsida,Gentianales,Rubiaceae,Ronabea latifolia,FALSE,FALSE
Equisetopsida,Asparagales,Orchidaceae,Epidendrum microtum,FALSE,FALSE
Equisetopsida,Lycopodiales,Lycopodiaceae,Lycopodiella cernua,FALSE,FALSE
Equisetopsida,Lamiales,Calceolariaceae,Calceolaria tenuis,FALSE,FALSE
Equisetopsida,Asparagales,Orchidaceae,Oncidium harryanum,FALSE,FALSE
Equisetopsida,Asparagales,Orchidaceae,Oncidium gramineum,FALSE,FALSE
Equisetopsida,Zingiberales,Heliconiaceae,Heliconia subulata subsp. subulata,FALSE,FALSE
Equisetopsida,Asparagales,Orchidaceae,Oncidium gramazuense,FALSE,FALSE
Equisetopsida,Solanales,Solanaceae,Solanum pendulum,FALSE,FALSE
Equisetopsida,Lamiales,Calceolariaceae,Calceolaria tripartita,FALSE,FALSE
Aves,Accipitriformes,Accipitridae,Rupornis magnirostris,FALSE,FALSE
Equisetopsida,Asparagales,Orchidaceae,Oncidium crescentilabium,FALSE,FALSE
Equisetopsida,Asparagales,Orchidaceae,Oncidium contaypacchaense,FALSE,FALSE
Equisetopsida,Asparagales,Orchidaceae,Oncidium buchtienoides,FALSE,FALSE
Equisetopsida,Asparagales,Orchidaceae,Ornithocephalus escobarianus,FALSE,FALSE
Equisetopsida,Fabales,Fabaceae,Platymiscium stipulare,FALSE,FALSE
Equisetopsida,Zingiberales,Heliconiaceae,Heliconia stricta,FALSE,FALSE
Equisetopsida,Asparagales,Orchidaceae,Oncidium blandum,FALSE,FALSE
Equisetopsida,Asparagales,Orchidaceae,Oncidium armatum,FALSE,FALSE
Equisetopsida,Alismatales,Araceae,Heteropsis flexuosa,FALSE,FALSE
Equisetopsida,Alismatales,Araceae,Heteropsis flexuosa var. flexuosa,FALSE,FALSE
Equisetopsida,Asparagales,Orchidaceae,Epidendrum microcephalum,FALSE,FALSE
Actinopterygii,Characiformes,Characidae,Roeboides affinis,FALSE,FALSE
Equisetopsida,Zingiberales,Heliconiaceae,Heliconia spatho-circinata,FALSE,FALSE
Equisetopsida,Lycopodiales,Lycopodiaceae,Lycopodium clavatum,FALSE,FALSE
Equisetopsida,Asparagales,Orchidaceae,Oncidium amazonicum,FALSE,FALSE
Equisetopsida,Alismatales,Araceae,Heteropsis tenuispadix,FALSE,FALSE
Equisetopsida,Asparagales,Orchidaceae,Rodriguezia bracteata,FALSE,FALSE
Equisetopsida,Gentianales,Rubiaceae,Rustia rubra,FALSE,FALSE
Actinopterygii,Cyprinodontiformes,Rivulidae,Rivulus urophthalmus,FALSE,FALSE
Equisetopsida,Malpighiales,Malpighiaceae,Heteropterys uribei,FALSE,FALSE
Equisetopsida,Zingiberales,Heliconiaceae,Heliconia rostrata,FALSE,FALSE
Equisetopsida,Santalales,Balanophoraceae,Ombrophytum peruvianum,FALSE,FALSE
Equisetopsida,Asparagales,Orchidaceae,Epidendrum microcattleyioides,FALSE,FALSE
Equisetopsida,Zingiberales,Heliconiaceae,Heliconia penduloides,FALSE,FALSE
Equisetopsida,Asparagales,Orchidaceae,Epidendrum micro-cattleya,TRUE,TRUE
Aves,Passeriformes,Hirundinidae,Orochelidon flavipes,FALSE,FALSE
Equisetopsida,Solanales,Convolvulaceae,Dicranostyles ampla,FALSE,FALSE
Equisetopsida,Asparagales,Orchidaceae,Epidendrum mesomicron,FALSE,FALSE
Equisetopsida,Zingiberales,Heliconiaceae,Heliconia magnifica,FALSE,FALSE
Equisetopsida,Asparagales,Orchidaceae,Epidendrum melanoporphyreum,TRUE,TRUE
Equisetopsida,Zingiberales,Heliconiaceae,Heliconia lingulata,FALSE,FALSE
Equisetopsida,Gentianales,Rubiaceae,Rustia schunkeana,FALSE,FALSE
Equisetopsida,Myrtales,Melastomataceae,Miconia aprica,TRUE,FALSE
Equisetopsida,Malpighiales,Euphorbiaceae,Hevea guianensis,FALSE,FALSE
Equisetopsida,Lamiales,Bignoniaceae,Adenocalymma bracteolatum,FALSE,FALSE
Equisetopsida,Malpighiales,Salicaceae,Ryania speciosa,FALSE,FALSE
Equisetopsida,Asparagales,Orchidaceae,Epidendrum megalopentadactylum,FALSE,FALSE
Equisetopsida,Zingiberales,Heliconiaceae,Heliconia hirsuta,FALSE,FALSE
Aves,Passeriformes,Thraupidae,Sporophila castaneiventris,FALSE,FALSE
Equisetopsida,Rosales,Urticaceae,Pourouma guianensis,FALSE,FALSE
Equisetopsida,Malpighiales,Salicaceae,Ryania speciosa var. tomentosa,FALSE,FALSE
Equisetopsida,Asparagales,Orchidaceae,Epidendrum megagastrium,FALSE,FALSE
Equisetopsida,Zingiberales,Heliconiaceae,Heliconia chartacea,FALSE,FALSE
Aves,Passeriformes,Tyrannidae,Mionectes striaticollis,FALSE,FALSE
Equisetopsida,Zingiberales,Heliconiaceae,Heliconia apparicioi,FALSE,FALSE
Equisetopsida,Myrtales,Melastomataceae,Miconia barbeyana,FALSE,FALSE
Equisetopsida,Laurales,Monimiaceae,Mollinedia ovata,FALSE,FALSE
Equisetopsida,Asparagales,Orchidaceae,Epidendrum marsupiale,FALSE,FALSE
Equisetopsida,Myrtales,Melastomataceae,Miconia amplexicaulis,FALSE,FALSE
Equisetopsida,Asparagales,Orchidaceae,Epidendrum marcapatense,FALSE,FALSE
Equisetopsida,Malpighiales,Malpighiaceae,Bunchosia hookeriana,FALSE,FALSE
Equisetopsida,Malpighiales,Phyllanthaceae,Hieronyma alchorneoides,FALSE,FALSE
Equisetopsida,Malpighiales,Malpighiaceae,Bunchosia argentea,FALSE,FALSE
Equisetopsida,Rosales,Rhamnaceae,Ampelozizyphus amazonicus,FALSE,FALSE
Equisetopsida,Solanales,Solanaceae,Solanum quitoense,FALSE,FALSE
Aves,Galliformes,Cracidae,Ortalis guttata,FALSE,FALSE
Equisetopsida,Malpighiales,Phyllanthaceae,Hieronyma asperifolia,FALSE,FALSE
Equisetopsida,Laurales,Monimiaceae,Mollinedia repanda,FALSE,FALSE
Equisetopsida,Asparagales,Orchidaceae,Epidendrum magnisaxicola,TRUE,FALSE
Actinopterygii,Siluriformes,Loricariidae,Rineloricaria morrowi,FALSE,FALSE
Aves,Apodiformes,Trochilidae,Heliangelus amethysticollis,FALSE,FALSE
Equisetopsida,Rosales,Urticaceae,Pourouma cuspidata,FALSE,FALSE
Actinopterygii,Siluriformes,Loricariidae,Rineloricaria lanceolata,FALSE,FALSE
Actinopterygii,Cichliformes,Cichlidae,Bujurquina hophrys,FALSE,FALSE
Equisetopsida,Gentianales,Gentianaceae,Helia alata,FALSE,FALSE
Equisetopsida,Gentianales,Rubiaceae,Sabicea panamensis,FALSE,FALSE
Equisetopsida,Malpighiales,Phyllanthaceae,Hieronyma macrocarpa,FALSE,FALSE
Equisetopsida,Santalales,Olacaceae,Heisteria spruceana,FALSE,FALSE
Mammalia,Rodentia,Cricetidae,Oligoryzomys destructor,FALSE,FALSE
Aves,Passeriformes,Tyrannidae,Myiodynastes maculatus,FALSE,FALSE
Aves,Piciformes,Picidae,Dryocopus lineatus,FALSE,FALSE
Equisetopsida,Lycopodiales,Lycopodiaceae,Lycopodium jussiaei,FALSE,FALSE
Equisetopsida,Ericales,Ericaceae,Orthaea ferreyrae,FALSE,FALSE
Actinopterygii,Perciformes,Cichlidae,Aequidens tetramerus,FALSE,FALSE
Equisetopsida,Ericales,Ericaceae,Orthaea secundiflora,FALSE,FALSE
Equisetopsida,Polypodiales,Saccolomataceae,Saccoloma inaequale,FALSE,FALSE
Equisetopsida,Malpighiales,Phyllanthaceae,Richeria grandis,FALSE,FALSE
Aves,Piciformes,Picidae,Melanerpes cruentatus,FALSE,FALSE
Equisetopsida,Poales,Poaceae,Orthoclada laxa,FALSE,FALSE
Equisetopsida,Asparagales,Orchidaceae,Epidendrum macrum,FALSE,FALSE
Equisetopsida,Malpighiales,Phyllanthaceae,Hieronyma oblonga,FALSE,FALSE
Equisetopsida,Asparagales,Orchidaceae,Epidendrum macrocarpum,FALSE,FALSE
Equisetopsida,Santalales,Olacaceae,Heisteria acuminata,FALSE,FALSE
Aves,Passeriformes,Tyrannidae,Contopus fumigatus,FALSE,FALSE
Equisetopsida,Polypodiales,Dryopteridaceae,Olfersia cervina,FALSE,FALSE
Equisetopsida,Asparagales,Orchidaceae,Epidendrum macbridei,FALSE,FALSE
Equisetopsida,Malpighiales,Phyllanthaceae,Hieronyma scabra,FALSE,FALSE
Insecta,Lepidoptera,Erebidae,Metacrisia eckstromi,FALSE,FALSE
Actinopterygii,Cichliformes,Cichlidae,Mesonauta insignis,FALSE,FALSE
Equisetopsida,Ranunculales,Menispermaceae,Abuta grandifolia,FALSE,FALSE
Equisetopsida,Solanales,Solanaceae,Solanum robustifrons,FALSE,FALSE
Equisetopsida,Chloranthales,Chloranthaceae,Hedyosmum translucidum,FALSE,FALSE
Equisetopsida,Myrtales,Melastomataceae,Miconia alternidomatia,FALSE,FALSE
Equisetopsida,Chloranthales,Chloranthaceae,Hedyosmum sprucei,FALSE,FALSE
Equisetopsida,Fabales,Fabaceae,Calliandra angustifolia,FALSE,FALSE
Insecta,Lepidoptera,Nymphalidae,Oleria onega crispinilla,FALSE,FALSE
Equisetopsida,Fabales,Fabaceae,Calliandra magdalenae,FALSE,FALSE
Mammalia,Chiroptera,Emballonuridae,Saccopteryx bilineata,FALSE,FALSE
Equisetopsida,Lycopodiales,Lycopodiaceae,Lycopodium thyoides,FALSE,FALSE
Equisetopsida,Chloranthales,Chloranthaceae,Hedyosmum spectabile,FALSE,FALSE
Equisetopsida,Gentianales,Rubiaceae,Hillia parasitica,FALSE,FALSE
Aves,Passeriformes,Cotingidae,Pipreola pulchra,TRUE,FALSE
Equisetopsida,Gentianales,Rubiaceae,Hillia wurdackii,FALSE,FALSE
Equisetopsida,Polypodiales,Oleandraceae,Oleandra pilosa,FALSE,FALSE
Equisetopsida,Asparagales,Orchidaceae,Epidendrum lueri,FALSE,FALSE
Equisetopsida,Chloranthales,Chloranthaceae,Hedyosmum scabrum,FALSE,FALSE
Equisetopsida,Gentianales,Apocynaceae,Himatanthus articulatus,FALSE,FALSE
Aves,Galbuliformes,Bucconidae,Monasa morphoeus,FALSE,FALSE
Equisetopsida,Malvales,Malvaceae,Callianthe sylvatica,FALSE,FALSE
Equisetopsida,Chloranthales,Chloranthaceae,Hedyosmum racemosum,FALSE,FALSE
Aves,Passeriformes,Cotingidae,Ampelion rufaxilla,FALSE,FALSE
Equisetopsida,Lamiales,Orobanchaceae,Agalinis lanceolata,FALSE,FALSE
Equisetopsida,Chloranthales,Chloranthaceae,Hedyosmum peruvianum,TRUE,FALSE
Equisetopsida,Asparagales,Orchidaceae,Epidendrum leuconanum,TRUE,FALSE
Equisetopsida,Chloranthales,Chloranthaceae,Hedyosmum goudotianum,FALSE,FALSE
Equisetopsida,Chloranthales,Chloranthaceae,Hedyosmum dombeyanum,FALSE,FALSE
Equisetopsida,Chloranthales,Chloranthaceae,Hedyosmum cumbalense,FALSE,FALSE
Equisetopsida,Asparagales,Orchidaceae,Epidendrum leucochilum,FALSE,FALSE
Equisetopsida,Chloranthales,Chloranthaceae,Hedyosmum cuatrecazanum,FALSE,FALSE
Equisetopsida,Rosales,Urticaceae,Pourouma cecropiifolia,FALSE,FALSE
Equisetopsida,Gentianales,Rubiaceae,Hippotis triflora,FALSE,FALSE
Equisetopsida,Arecales,Arecaceae,Oenocarpus mapora,FALSE,FALSE
Equisetopsida,Solanales,Convolvulaceae,Dicranostyles mildbraediana,FALSE,FALSE
Aves,Pelecaniformes,Threskiornithidae,Mesembrinibis cayennensis,FALSE,FALSE
Equisetopsida,Myrtales,Melastomataceae,Miconia media,FALSE,FALSE
Equisetopsida,Malpighiales,Chrysobalanaceae,Hirtella excelsa,FALSE,FALSE
Equisetopsida,Myrtales,Melastomataceae,Miconia biglandulosa,FALSE,FALSE
Equisetopsida,Chloranthales,Chloranthaceae,Hedyosmum anisodorum,FALSE,FALSE
Equisetopsida,Asparagales,Orchidaceae,Epidendrum lehmannii,FALSE,FALSE
Equisetopsida,Solanales,Solanaceae,Solanum saponaceum,FALSE,FALSE
Equisetopsida,Chloranthales,Chloranthaceae,Hedyosmum angustifolium,FALSE,FALSE
Equisetopsida,Arecales,Arecaceae,Oenocarpus bataua,FALSE,FALSE
Equisetopsida,Malpighiales,Chrysobalanaceae,Hirtella hispidula,FALSE,FALSE
Equisetopsida,Poales,Cyperaceae,Rhynchospora polyphylla,FALSE,FALSE
Equisetopsida,Asparagales,Orchidaceae,Epidendrum lanipes,FALSE,FALSE
Insecta,Lepidoptera,Nymphalidae,Callicore cynosura,FALSE,FALSE
Equisetopsida,Asparagales,Orchidaceae,Epidendrum lanioides,FALSE,FALSE
Equisetopsida,Malpighiales,Chrysobalanaceae,Hirtella pilosissima,FALSE,FALSE
Insecta,Lepidoptera,Nymphalidae,Callicore eunomia,FALSE,FALSE
Equisetopsida,Asparagales,Iridaceae,Orthrosanthus chimboracensis,FALSE,FALSE
Equisetopsida,Asparagales,Orchidaceae,Epidendrum laceratum,FALSE,FALSE
Equisetopsida,Malpighiales,Chrysobalanaceae,Hirtella racemosa,FALSE,FALSE
Insecta,Lepidoptera,Nymphalidae,Callicore excelsior inferior,FALSE,FALSE
Equisetopsida,Malpighiales,Chrysobalanaceae,Hirtella racemosa var. hexandra,FALSE,FALSE
Equisetopsida,Solanales,Solanaceae,Solanum schlechtendalianum,FALSE,FALSE
Equisetopsida,Malpighiales,Chrysobalanaceae,Hirtella triandra subsp. triandra,FALSE,FALSE
Aves,Passeriformes,Cotingidae,Ampelion rubrocristatus,FALSE,FALSE
Equisetopsida,Polypodiales,Pteridaceae,Hecistopteris pumila,FALSE,FALSE
Equisetopsida,Asparagales,Orchidaceae,Pleurothallis cordata,FALSE,FALSE
Equisetopsida,Rosales,Urticaceae,Pourouma bicolor,FALSE,FALSE
Equisetopsida,Asparagales,Orchidaceae,Pleurothallis brachiata,FALSE,FALSE
Equisetopsida,Asparagales,Orchidaceae,Epidendrum jejunum,FALSE,FALSE
Actinopterygii,Characiformes,Bryconidae,Brycon melanopterus,FALSE,FALSE
Equisetopsida,Asparagales,Orchidaceae,Epidendrum jasminosmum,FALSE,FALSE
Equisetopsida,Santalales,Loranthaceae,Oryctanthus alveolatus,FALSE,FALSE
Actinopterygii,Characiformes,Bryconidae,Brycon hilarii,FALSE,FALSE
Equisetopsida,Asparagales,Orchidaceae,Epidendrum jajense,FALSE,FALSE
Equisetopsida,Myrtales,Melastomataceae,Miconia brachyanthera,FALSE,FALSE
Equisetopsida,Solanales,Solanaceae,Solanum sessile,FALSE,FALSE
Mammalia,Rodentia,Cricetidae,Oecomys bicolor,FALSE,FALSE
Equisetopsida,Celastrales,Celastraceae,Maytenus macrocarpa,FALSE,FALSE
Equisetopsida,Solanales,Solanaceae,Hawkesiophyton ulei,FALSE,FALSE
Equisetopsida,Myrtales,Melastomataceae,Miconia bracteolata,FALSE,FALSE
Aves,Passeriformes,Passerellidae,Ammodramus aurifrons,FALSE,FALSE
Actinopterygii,Characiformes,Characidae,Bryconamericus pachacuti,FALSE,FALSE
Equisetopsida,Malpighiales,Salicaceae,Hasseltia floribunda,FALSE,FALSE
Equisetopsida,Commelinales,Commelinaceae,Callisia serrulata,FALSE,FALSE
Equisetopsida,Polypodiales,Dennstaedtiaceae,Histiopteris incisa,FALSE,FALSE
Equisetopsida,Asparagales,Orchidaceae,Epidendrum inamoenum,TRUE,FALSE
Equisetopsida,Osmundales,Osmundaceae,Osmundastrum cinnamomeum,FALSE,FALSE
Mammalia,Chiroptera,Emballonuridae,Rhynchonycteris naso,FALSE,FALSE
Equisetopsida,Fabales,Fabaceae,Copaifera paupera,FALSE,TRUE
Insecta,Lepidoptera,Nymphalidae,Historis odius dious,FALSE,FALSE
Equisetopsida,Solanales,Solanaceae,Brunfelsia grandiflora subsp. grandiflora,FALSE,FALSE
Equisetopsida,Asparagales,Orchidaceae,Epidendrum imthurnii,FALSE,FALSE
Aves,Passeriformes,Tyrannidae,Myiodynastes chrysocephalus,FALSE,FALSE
Aves,Passeriformes,Cardinalidae,Cyanoloxia rothschildii,FALSE,FALSE
Equisetopsida,Gentianales,Rubiaceae,Hoffmannia latifolia,FALSE,FALSE
Aves,Passeriformes,Thraupidae,Calochaetes coccineus,FALSE,FALSE
Equisetopsida,Alismatales,Tofieldiaceae,Harperocallis falcata,FALSE,FALSE
Actinopterygii,Perciformes,Cichlidae,Aequidens patricki,FALSE,FALSE
Equisetopsida,Celastrales,Celastraceae,Salacia acevedoi,FALSE,FALSE
Equisetopsida,Solanales,Solanaceae,Brunfelsia grandiflora,FALSE,FALSE
Aves,Accipitriformes,Accipitridae,Harpagus bidentatus,FALSE,FALSE
Equisetopsida,Oxalidales,Brunelliaceae,Brunellia weberbaueri,FALSE,FALSE
Equisetopsida,Oxalidales,Brunelliaceae,Brunellia inermis,FALSE,FALSE
Equisetopsida,Malpighiales,Calophyllaceae,Calophyllum brasiliense,FALSE,FALSE
Equisetopsida,Asparagales,Orchidaceae,Epidendrum haenkeanum,TRUE,FALSE
Equisetopsida,Asparagales,Orchidaceae,Cyrtochilum murinum,FALSE,FALSE
Equisetopsida,Solanales,Solanaceae,Solanum suaveolens,FALSE,FALSE
Aves,Passeriformes,Tyrannidae,Rhynchocyclus olivaceus,FALSE,FALSE
Aves,Passeriformes,Thraupidae,Haplospiza rustica,FALSE,FALSE
Equisetopsida,Oxalidales,Brunelliaceae,Brunellia dulcis,TRUE,FALSE
Amphibia,Anura,Hylidae,Osteocephalus vasquezi,FALSE,FALSE
Aves,Passeriformes,Thraupidae,Sporophila luctuosa,FALSE,FALSE
Equisetopsida,Asparagales,Orchidaceae,Hapalorchis pumila,FALSE,FALSE
Equisetopsida,Malpighiales,Calophyllaceae,Calophyllum longifolium,FALSE,FALSE
Equisetopsida,Celastrales,Celastraceae,Salacia cordata,FALSE,FALSE
Equisetopsida,Asparagales,Orchidaceae,Epidendrum gentryi,FALSE,FALSE
Aves,Psittaciformes,Psittacidae,Hapalopsittaca melanotis,FALSE,TRUE
Equisetopsida,Rosales,Urticaceae,Pourouma acuminata,FALSE,FALSE
Equisetopsida,Asparagales,Orchidaceae,Epidendrum geminiochraceum,FALSE,FALSE
Equisetopsida,Rosales,Moraceae,Poulsenia armata,FALSE,FALSE
Equisetopsida,Asparagales,Orchidaceae,Epidendrum geminiflorum,FALSE,FALSE
Equisetopsida,Magnoliales,Myristicaceae,Osteophloeum platyspermum,FALSE,FALSE
Equisetopsida,Magnoliales,Annonaceae,Maasia glauca,FALSE,FALSE
Amphibia,Anura,Dendrobatidae,Ameerega planipaleae,TRUE,TRUE
Aves,Passeriformes,Tyrannidae,Rhynchocyclus fulvipectus,FALSE,FALSE
Equisetopsida,Asparagales,Orchidaceae,Epidendrum fruticulum,TRUE,FALSE
Aves,Passeriformes,Furnariidae,Dendrocincla fuliginosa,FALSE,FALSE
Equisetopsida,Myrtales,Melastomataceae,Miconia alpina,TRUE,FALSE
Aves,Passeriformes,Parulidae,Myioborus miniatus,FALSE,FALSE
Equisetopsida,Asparagales,Orchidaceae,Epidendrum fritzianum,FALSE,FALSE
Equisetopsida,Asparagales,Orchidaceae,Epidendrum freireanum,FALSE,FALSE
Equisetopsida,Myrtales,Melastomataceae,Miconia micropetala,FALSE,FALSE
Equisetopsida,Celastrales,Celastraceae,Salacia macrantha,FALSE,FALSE
Equisetopsida,Gentianales,Rubiaceae,Hoffmannia verticillata,TRUE,FALSE
Equisetopsida,Asparagales,Orchidaceae,Epidendrum frechetteanum,FALSE,FALSE
Mammalia,Didelphimorphia,Didelphidae,Caluromys lanatus,FALSE,FALSE
Equisetopsida,Arecales,Arecaceae,Dictyocaryum lamarckianum,FALSE,FALSE
Equisetopsida,Gentianales,Rubiaceae,Hoffmannia viridis,FALSE,FALSE
Equisetopsida,Gentianales,Rubiaceae,Hoffmannia williamsii,FALSE,FALSE
Aves,Piciformes,Picidae,Dryobates passerinus,FALSE,FALSE
Aves,Passeriformes,Troglodytidae,Odontorchilus branickii,FALSE,FALSE
Equisetopsida,Asparagales,Orchidaceae,Hofmeisterella eumicroscopica,FALSE,FALSE
Equisetopsida,Malpighiales,Euphorbiaceae,Mabea pulcherrima,FALSE,FALSE
Equisetopsida,Solanales,Solanaceae,Browallia americana,FALSE,FALSE
Aves,Galliformes,Odontophoridae,Odontophorus stellatus,FALSE,FALSE
Equisetopsida,Malpighiales,Euphorbiaceae,Mabea speciosa,FALSE,FALSE
Equisetopsida,Gentianales,Rubiaceae,Calycophyllum megistocaulum,FALSE,FALSE
Equisetopsida,Gentianales,Rubiaceae,Hamelia calycosa,FALSE,FALSE
Equisetopsida,Celastrales,Celastraceae,Salacia opacifolia,FALSE,FALSE
Aves,Passeriformes,Tyrannidae,Mionectes olivaceus,FALSE,FALSE
Equisetopsida,Asparagales,Orchidaceae,Pleurothallis bivalvis,FALSE,FALSE
Equisetopsida,Gentianales,Rubiaceae,Macbrideina peruviana,FALSE,FALSE
Aves,Galliformes,Odontophoridae,Odontophorus speciosus,FALSE,FALSE
Actinopterygii,Characiformes,Erythrinidae,Hoplias malabaricus,FALSE,FALSE
Equisetopsida,Asparagales,Orchidaceae,Houlletia sanderi,FALSE,TRUE
Equisetopsida,Gentianales,Rubiaceae,Hamelia axillaris,FALSE,FALSE
Equisetopsida,Asparagales,Orchidaceae,Epidendrum fimbriatum,FALSE,FALSE
Mammalia,Carnivora,Procyonidae,Potos flavus,FALSE,FALSE
Equisetopsida,Solanales,Solanaceae,Solanum sycophanta,FALSE,FALSE
Equisetopsida,Asparagales,Orchidaceae,Houlletia wallisii,TRUE,TRUE
Aves,Passeriformes,Corvidae,Cyanolyca viridicyanus,FALSE,FALSE
Equisetopsida,Asparagales,Orchidaceae,Epidendrum filamentosum,FALSE,FALSE
Mammalia,Chiroptera,Phyllostomidae,Hsunycteris thomasi,FALSE,FALSE
Equisetopsida,Asparagales,Orchidaceae,Epidendrum falcivesicicaule,TRUE,FALSE
Equisetopsida,Asterales,Asteraceae,Ambrosia arborescens,FALSE,FALSE
Equisetopsida,Malvales,Malvaceae,Huberodendron swietenioides,FALSE,FALSE
Equisetopsida,Asparagales,Orchidaceae,Epidendrum excisum,FALSE,FALSE
Equisetopsida,Huerteales,Tapisciaceae,Huertea glandulosa,FALSE,FALSE
Aves,Passeriformes,Parulidae,Myioborus melanocephalus,FALSE,FALSE
Equisetopsida,Asparagales,Orchidaceae,Epidendrum erosum,FALSE,FALSE
Equisetopsida,Asparagales,Orchidaceae,Huntleya burtii,FALSE,TRUE
Equisetopsida,Asparagales,Orchidaceae,Epidendrum erica-moroniae,FALSE,FALSE
Equisetopsida,Asparagales,Orchidaceae,Epidendrum elleanthoides,FALSE,FALSE
Equisetopsida,Asparagales,Orchidaceae,Huntleya vargasii,TRUE,TRUE
Equisetopsida,Laurales,Lauraceae,Rhodostemonodaphne kunthiana,FALSE,FALSE
Equisetopsida,Solanales,Solanaceae,Solanum ternatum,FALSE,FALSE
Equisetopsida,Lycopodiales,Lycopodiaceae,Huperzia brevifolia,FALSE,FALSE
Aves,Passeriformes,Pipridae,Machaeropterus pyrocephalus,FALSE,FALSE
Equisetopsida,Asparagales,Orchidaceae,Epidendrum elatum,FALSE,FALSE
Aves,Passeriformes,Icteridae,Amblycercus holosericeus,FALSE,FALSE
Equisetopsida,Asparagales,Orchidaceae,Epidendrum effusipetalum,TRUE,FALSE
Equisetopsida,Ericales,Ericaceae,Macleania rupestris,FALSE,FALSE
Equisetopsida,Asparagales,Orchidaceae,Epidendrum dermatanthum,FALSE,FALSE
Equisetopsida,Asparagales,Orchidaceae,Epidendrum deorsus,TRUE,FALSE
Equisetopsida,Solanales,Solanaceae,Solanum thelopodium,FALSE,FALSE
Equisetopsida,Alismatales,Araceae,Rhodospatha moritziana,FALSE,FALSE
Equisetopsida,Asparagales,Orchidaceae,Epidendrum dentiferum,FALSE,FALSE
Equisetopsida,Asparagales,Orchidaceae,Epidendrum dendrobii,FALSE,FALSE
Equisetopsida,Sapindales,Burseraceae,Dacryodes nitens,FALSE,FALSE
Mammalia,Didelphimorphia,Didelphidae,Metachirus myosuros,FALSE,FALSE
Equisetopsida,Ranunculales,Menispermaceae,Odontocarya tripetala,FALSE,FALSE
Equisetopsida,Asparagales,Orchidaceae,Epidendrum cylindraceum,FALSE,FALSE
Equisetopsida,Rosales,Moraceae,Maclura tinctoria,FALSE,FALSE
Equisetopsida,Myrtales,Melastomataceae,Miconia allardii,FALSE,FALSE
Actinopterygii,Characiformes,Bryconidae,Salminus affinis,FALSE,FALSE
Equisetopsida,Magnoliales,Myristicaceae,Otoba parvifolia,FALSE,FALSE
Equisetopsida,Poales,Cyperaceae,Calyptrocarya bicolor,FALSE,FALSE
Equisetopsida,Fabales,Fabaceae,Mimosa guilandinae,FALSE,FALSE
Equisetopsida,Rosales,Moraceae,Brosimum rubescens,FALSE,FALSE
Equisetopsida,Poales,Cyperaceae,Calyptrocarya glomerulata,FALSE,FALSE
Equisetopsida,Gentianales,Gentianaceae,Halenia bella,TRUE,FALSE
Equisetopsida,Gentianales,Apocynaceae,Ambelania occidentalis,FALSE,FALSE
Equisetopsida,Gentianales,Apocynaceae,Ambelania duckei,FALSE,FALSE
Equisetopsida,Poales,Cyperaceae,Calyptrocarya poeppigiana,FALSE,FALSE
Equisetopsida,Alismatales,Araceae,Rhodospatha latifolia,FALSE,FALSE
Equisetopsida,Alismatales,Araceae,Rhodospatha katipas,FALSE,FALSE
Aves,Passeriformes,Thamnophilidae,Hafferia fortis,FALSE,FALSE
Equisetopsida,Solanales,Solanaceae,Solanum uleanum,FALSE,FALSE
Equisetopsida,Ranunculales,Menispermaceae,Odontocarya echinus,FALSE,FALSE
Equisetopsida,Lycopodiales,Lycopodiaceae,Huperzia reflexa,FALSE,FALSE
Equisetopsida,Asparagales,Orchidaceae,Maxillaria subulata,FALSE,FALSE
Equisetopsida,Asparagales,Orchidaceae,Otoglossum scansor,FALSE,FALSE
Equisetopsida,Rosales,Moraceae,Brosimum potabile,FALSE,FALSE
Equisetopsida,Asparagales,Orchidaceae,Otoglossum weberbaueranum,TRUE,FALSE
Equisetopsida,Asparagales,Orchidaceae,Epidendrum constricolumna,FALSE,FALSE
Aves,Piciformes,Picidae,Campephilus haematogaster,FALSE,FALSE
Equisetopsida,Rosales,Moraceae,Brosimum parinarioides,FALSE,FALSE
Equisetopsida,Solanales,Solanaceae,Solanum uncinellum,FALSE,FALSE
Actinopterygii,Characiformes,Curimatidae,Potamorhina altamazonica,FALSE,FALSE
Equisetopsida,Rosales,Moraceae,Brosimum multinervium,FALSE,FALSE
Equisetopsida,Asparagales,Orchidaceae,Maxillaria quitensis,FALSE,FALSE
Equisetopsida,Malpighiales,Ochnaceae,Ouratea weberbaueri,FALSE,FALSE
Equisetopsida,Gentianales,Apocynaceae,Macoubea guianensis,FALSE,FALSE
Equisetopsida,Rosales,Moraceae,Brosimum longifolium,FALSE,FALSE
Equisetopsida,Asparagales,Orchidaceae,Epidendrum compressum,FALSE,FALSE
Equisetopsida,Rosales,Moraceae,Brosimum lactescens,FALSE,FALSE
Equisetopsida,Oxalidales,Oxalidaceae,Oxalis dolichopoda,FALSE,FALSE
Mammalia,Rodentia,Sciuridae,Hadrosciurus spadiceus,FALSE,FALSE
Equisetopsida,Gentianales,Apocynaceae,Odontadenia puncticulosa,FALSE,FALSE
Mammalia,Rodentia,Sciuridae,Hadrosciurus pyrrhinus,TRUE,FALSE
Amphibia,Anura,Centrolenidae,Hyalinobatrachium carlesvilai,FALSE,FALSE
Aves,Piciformes,Picidae,Campephilus melanoleucos,FALSE,FALSE
Equisetopsida,Asparagales,Orchidaceae,Epidendrum colombianum,FALSE,FALSE
Aves,Piciformes,Picidae,Campephilus pollens,FALSE,FALSE
Mammalia,Cetartiodactyla,Cervidae,Odocoileus peruvianus,FALSE,FALSE
Equisetopsida,Rosales,Moraceae,Brosimum guianense,FALSE,FALSE
Equisetopsida,Cornales,Hydrangeaceae,Hydrangea peruviana,FALSE,FALSE
Equisetopsida,Asparagales,Orchidaceae,Epidendrum coilotrienum,TRUE,FALSE
Aves,Psittaciformes,Psittacidae,Amazona ochrocephala,FALSE,FALSE
Equisetopsida,Asparagales,Orchidaceae,Epidendrum cochabambanum,FALSE,FALSE
Equisetopsida,Asparagales,Orchidaceae,Epidendrum clavadista,TRUE,FALSE
Equisetopsida,Gentianales,Gentianaceae,Macrocarpaea robin-fosteri,TRUE,FALSE
Mammalia,Rodentia,Sciuridae,Hadrosciurus igniventris,FALSE,FALSE
Equisetopsida,Cyatheales,Cyatheaceae,Cyathea bipinnatifida,FALSE,FALSE
Equisetopsida,Gentianales,Gentianaceae,Macrocarpaea wallnoeferi,TRUE,FALSE
Mammalia,Rodentia,Sciuridae,Hadrosciurus ignitus,FALSE,FALSE
Equisetopsida,Cornales,Hydrangeaceae,Hydrangea preslii,FALSE,FALSE
Equisetopsida,Cornales,Hydrangeaceae,Hydrangea tarapotensis,FALSE,FALSE
Equisetopsida,Asparagales,Orchidaceae,Macrocentrum andinum,FALSE,FALSE
Equisetopsida,Myrtales,Myrtaceae,Campomanesia speciosa,FALSE,FALSE
Equisetopsida,Rosales,Moraceae,Brosimum acutifolium,FALSE,FALSE
Equisetopsida,Asparagales,Orchidaceae,Epidendrum chrysomyristicum,TRUE,FALSE
Equisetopsida,Myrtales,Melastomataceae,Miconia bullata,FALSE,FALSE
Equisetopsida,Alismatales,Araceae,Stenospermation amomifolium,FALSE,FALSE
Equisetopsida,Solanales,Solanaceae,Solanum ursinum,FALSE,FALSE
Mammalia,Chiroptera,Phyllostomidae,Rhinophylla pumilio,FALSE,FALSE
Equisetopsida,Asparagales,Orchidaceae,Epidendrum chrisii-sharoniae,TRUE,FALSE
Equisetopsida,Oxalidales,Oxalidaceae,Oxalis ortgiesii,TRUE,FALSE
Equisetopsida,Asparagales,Orchidaceae,Macroclinium chasei,FALSE,FALSE
Mammalia,Chiroptera,Phyllostomidae,Rhinophylla fischerae,FALSE,FALSE
Equisetopsida,Asparagales,Orchidaceae,Habenaria repens,FALSE,FALSE
Equisetopsida,Lamiales,Cordiaceae,Cordia bicolor,FALSE,FALSE
Equisetopsida,Poales,Poaceae,Bromus pitensis,FALSE,FALSE
Amphibia,Anura,Bufonidae,Rhinella yanachaga,TRUE,TRUE
Equisetopsida,Asparagales,Orchidaceae,Epidendrum chondrochilum,FALSE,FALSE
Aves,Piciformes,Picidae,Dryobates nigriceps,FALSE,FALSE
Equisetopsida,Myrtales,Melastomataceae,Miconia microphysca,FALSE,FALSE
Aves,Apodiformes,Trochilidae,Ocreatus underwoodii,FALSE,FALSE
Mammalia,Rodentia,Caviidae,Hydrochoerus hydrochaeris,FALSE,FALSE
Equisetopsida,Asparagales,Orchidaceae,Epidendrum choccei,FALSE,FALSE
Equisetopsida,Asparagales,Orchidaceae,Habenaria monorrhiza,FALSE,FALSE
Equisetopsida,Solanales,Solanaceae,Solanum verecundum,FALSE,FALSE
Aves,Passeriformes,Thraupidae,Saltator aurantiirostris,FALSE,FALSE
Equisetopsida,Apiales,Araliaceae,Hydrocotyle acutifolia,FALSE,FALSE
Equisetopsida,Laurales,Lauraceae,Ocotea subrutilans,FALSE,FALSE
Equisetopsida,Asparagales,Orchidaceae,Macroclinium villenaorum,TRUE,FALSE
Aves,Psittaciformes,Psittacidae,Amazona mercenarius,FALSE,FALSE
Equisetopsida,Laurales,Lauraceae,Ocotea splendens,FALSE,FALSE
Equisetopsida,Polypodiales,Polypodiaceae,Campyloneurum albopunctatissimum,FALSE,FALSE
Aves,Passeriformes,Onychorhynchidae,Myiobius atricaudus,FALSE,FALSE
Amphibia,Anura,Bufonidae,Rhinella poeppigii,FALSE,FALSE
Equisetopsida,Polypodiales,Polypodiaceae,Campyloneurum amphostenon,FALSE,FALSE
Equisetopsida,Laurales,Lauraceae,Ocotea puberula,FALSE,FALSE
Equisetopsida,Myrtales,Melastomataceae,Miconia aggregata,FALSE,FALSE
Equisetopsida,Laurales,Lauraceae,Ocotea papyracea,FALSE,FALSE
Equisetopsida,Asparagales,Orchidaceae,Epidendrum chinchaoense,FALSE,FALSE
Equisetopsida,Polypodiales,Polypodiaceae,Campyloneurum angustifolium,FALSE,FALSE
Equisetopsida,Asparagales,Orchidaceae,Epidendrum chaoticum,FALSE,FALSE
Equisetopsida,Polypodiales,Polypodiaceae,Campyloneurum angustipaleatum,FALSE,FALSE
Equisetopsida,Gentianales,Rubiaceae,Macrocnemum roseum,FALSE,FALSE
Equisetopsida,Polypodiales,Polypodiaceae,Campyloneurum aphanophlebium,FALSE,FALSE
Equisetopsida,Asparagales,Orchidaceae,Maxillaria saragurensis,FALSE,FALSE
Equisetopsida,Laurales,Lauraceae,Ocotea ovalifolia,FALSE,FALSE
Equisetopsida,Asparagales,Orchidaceae,Epidendrum chalmersii,FALSE,FALSE
Equisetopsida,Polypodiales,Polypodiaceae,Campyloneurum asplundii,FALSE,FALSE
Equisetopsida,Lamiales,Cordiaceae,Cordia lomatoloba,FALSE,FALSE
Equisetopsida,Laurales,Lauraceae,Ocotea olivacea,FALSE,FALSE
Equisetopsida,Asparagales,Orchidaceae,Brassia rolandoi,TRUE,TRUE
Equisetopsida,Laurales,Lauraceae,Aiouea grandifolia,FALSE,FALSE
Equisetopsida,Polypodiales,Polypodiaceae,Campyloneurum crassifolium,FALSE,FALSE
Equisetopsida,Asparagales,Orchidaceae,Brassia euodes,FALSE,FALSE
Equisetopsida,Asparagales,Orchidaceae,Brassia bennettiorum,FALSE,FALSE
Equisetopsida,Asparagales,Orchidaceae,Epidendrum catillus,FALSE,FALSE
Mammalia,Rodentia,Cricetidae,Hylaeamys perenensis,FALSE,FALSE
Equisetopsida,Asterales,Asteraceae,Gynoxys calyculisolvens,FALSE,FALSE
Equisetopsida,Polypodiales,Polypodiaceae,Campyloneurum fuscosquamatum,FALSE,FALSE
Equisetopsida,Laurales,Lauraceae,Ocotea obovata,FALSE,FALSE
Equisetopsida,Poales,Poaceae,Gynerium sagittatum,FALSE,FALSE
Equisetopsida,Polypodiales,Polypodiaceae,Campyloneurum nitidissimum,FALSE,FALSE
Equisetopsida,Asparagales,Orchidaceae,Epidendrum cartilaginiflorum,FALSE,FALSE
Mammalia,Rodentia,Cricetidae,Hylaeamys yunganus,FALSE,FALSE
Equisetopsida,Laurales,Lauraceae,Ocotea oblonga,FALSE,FALSE
Equisetopsida,Myrtales,Melastomataceae,Miconia affinis,FALSE,FALSE
Equisetopsida,Polypodiales,Polypodiaceae,Campyloneurum ophiocaulon,FALSE,FALSE
Equisetopsida,Laurales,Lauraceae,Ocotea longipetiolata,FALSE,FALSE
Equisetopsida,Magnoliales,Annonaceae,Oxandra xylopioides,FALSE,FALSE
Equisetopsida,Polypodiales,Polypodiaceae,Campyloneurum phyllitidis,FALSE,FALSE
Equisetopsida,Laurales,Lauraceae,Ocotea kolera,FALSE,FALSE
Aves,Charadriiformes,Scolopacidae,Actitis macularius,FALSE,FALSE
Equisetopsida,Asparagales,Orchidaceae,Epidendrum cardiomorphum,FALSE,FALSE
Aves,Passeriformes,Troglodytidae,Pheugopedius coraya,FALSE,FALSE
Equisetopsida,Fabales,Fabaceae,Macrolobium angustifolium,FALSE,FALSE
Equisetopsida,Laurales,Lauraceae,Ocotea javitensis,FALSE,FALSE
Aves,Passeriformes,Vireonidae,Hylophilus olivaceus,FALSE,FALSE
Equisetopsida,Metteniusales,Metteniusaceae,Dendrobangia boliviana,FALSE,FALSE
Equisetopsida,Fabales,Fabaceae,Macrolobium bifolium,FALSE,FALSE
Actinopterygii,Siluriformes,Pimelodidae,Brachyplatystoma flavicans,FALSE,FALSE
Equisetopsida,Asparagales,Orchidaceae,Epidendrum calyptrandrium,FALSE,FALSE
Equisetopsida,Gentianales,Apocynaceae,Oxypetalum dombeyanum,FALSE,FALSE
Equisetopsida,Fabales,Fabaceae,Macrolobium gracile,FALSE,FALSE
Aves,Apodiformes,Trochilidae,Campylopterus largipennis,FALSE,FALSE
Aves,Passeriformes,Thraupidae,Saltator grossus,FALSE,FALSE
Equisetopsida,Lamiales,Cordiaceae,Cordia nodosa,FALSE,FALSE
Aves,Passeriformes,Thraupidae,Sporophila nigricollis,FALSE,FALSE
Equisetopsida,Asparagales,Orchidaceae,Epidendrum borealistachyum,FALSE,FALSE
Equisetopsida,Asparagales,Orchidaceae,Epidendrum bolivianum,FALSE,FALSE
Reptilia,Serpentes,Dipsadidae,Oxyrhopus melanogenys,FALSE,FALSE
Equisetopsida,Asparagales,Orchidaceae,Epidendrum blepharistes,FALSE,FALSE
Equisetopsida,Poales,Bromeliaceae,Guzmania xipholepis,TRUE,FALSE
Amphibia,Anura,Bufonidae,Rhinella leptoscelis,FALSE,FALSE
Equisetopsida,Poales,Bromeliaceae,Guzmania strobilantha,FALSE,FALSE
Equisetopsida,Poales,Bromeliaceae,Guzmania squarrosa,FALSE,FALSE
Equisetopsida,Polypodiales,Athyriaceae,Diplazium praestans,FALSE,FALSE
Equisetopsida,Asparagales,Orchidaceae,Solenocentrum asplundii,FALSE,FALSE
Equisetopsida,Poales,Bromeliaceae,Guzmania paniculata,FALSE,FALSE
Equisetopsida,Laurales,Lauraceae,Ocotea gracilis,FALSE,FALSE
Equisetopsida,Asparagales,Orchidaceae,Epidendrum birostratum,FALSE,TRUE
Aves,Passeriformes,Furnariidae,Campylorhamphus trochilirostris,FALSE,FALSE
Insecta,Coleoptera,Scarabaeidae,Oxysternon conspicillatum,FALSE,FALSE
Equisetopsida,Laurales,Lauraceae,Ocotea floribunda,FALSE,FALSE
Aves,Passeriformes,Thraupidae,Saltator maximus,FALSE,FALSE
Equisetopsida,Fabales,Fabaceae,Hymenaea courbaril,FALSE,FALSE
Equisetopsida,Asterales,Asteraceae,Oyedaea buphthalmoides,FALSE,FALSE
Equisetopsida,Cucurbitales,Cucurbitaceae,Gurania sinuata,FALSE,FALSE
Equisetopsida,Laurales,Lauraceae,Ocotea cuneifolia,FALSE,FALSE
Equisetopsida,Cucurbitales,Cucurbitaceae,Gurania rhizantha,FALSE,FALSE
Equisetopsida,Gentianales,Apocynaceae,Macropharynx spectabilis,FALSE,FALSE
Actinopterygii,Characiformes,Characidae,Brachychalcinus nummus,FALSE,FALSE
Equisetopsida,Myrtales,Melastomataceae,Miconia adinantha,TRUE,FALSE
Equisetopsida,Asparagales,Orchidaceae,Brachionidium yanachagaensis,TRUE,FALSE
Equisetopsida,Polypodiales,Aspleniaceae,Hymenasplenium repandulum,FALSE,FALSE
Equisetopsida,Asparagales,Orchidaceae,Brachionidium quatuor,TRUE,FALSE
Equisetopsida,Lamiales,Cordiaceae,Cordia panamensis,FALSE,FALSE
Equisetopsida,Cucurbitales,Cucurbitaceae,Gurania lobata,FALSE,FALSE
Equisetopsida,Gentianales,Gentianaceae,Potalia resinifera,FALSE,FALSE
Equisetopsida,Asparagales,Orchidaceae,Epidendrum becerrae,TRUE,FALSE
Equisetopsida,Asparagales,Orchidaceae,Brachionidium montieliae,FALSE,FALSE
Equisetopsida,Asparagales,Orchidaceae,Brachionidium hirtzii,FALSE,FALSE
Equisetopsida,Cucurbitales,Cucurbitaceae,Gurania eriantha,FALSE,FALSE
Equisetopsida,Asparagales,Orchidaceae,Brachionidium gonzalesii,TRUE,FALSE
Equisetopsida,Asparagales,Orchidaceae,Brachionidium galeatum,FALSE,FALSE
Equisetopsida,Asparagales,Orchidaceae,Maxillaria pulla,FALSE,FALSE
Equisetopsida,Myrtales,Melastomataceae,Miconia calophylla,FALSE,FALSE
Equisetopsida,Asparagales,Orchidaceae,Epidendrum aquilalatum,FALSE,FALSE
Equisetopsida,Asparagales,Orchidaceae,Brachionidium ecuadorense,FALSE,FALSE
Equisetopsida,Zingiberales,Cannaceae,Canna paniculata,FALSE,FALSE
Equisetopsida,Asparagales,Orchidaceae,Brachionidium alpestre,FALSE,FALSE
Equisetopsida,Rosales,Moraceae,Sorocea briquetii,FALSE,FALSE
Equisetopsida,Lamiales,Cordiaceae,Cordia ucayaliensis,FALSE,FALSE
Aves,Passeriformes,Thamnophilidae,Rhegmatorhina melanosticta,FALSE,FALSE
Equisetopsida,Malvales,Malvaceae,Pachira insignis,FALSE,FALSE
Equisetopsida,Malvales,Malvaceae,Pachira macrocalyx,FALSE,FALSE
Equisetopsida,Gentianales,Rubiaceae,Guettarda aromatica,FALSE,FALSE
Actinopterygii,Siluriformes,Heptapteridae,Rhamdia quelen,FALSE,FALSE
Equisetopsida,Gentianales,Gentianaceae,Potalia amara,FALSE,FALSE
Equisetopsida,Laurales,Lauraceae,Ocotea bofa,FALSE,FALSE
Equisetopsida,Polypodiales,Thelypteridaceae,Macrothelypteris torresiana,FALSE,FALSE
Equisetopsida,Fabales,Fabaceae,Hymenolobium pulcherrimum,FALSE,FALSE
Equisetopsida,Piperales,Piperaceae,Piper aduncum,FALSE,FALSE
Aves,Passeriformes,Tyrannidae,Myiarchus tuberculifer,FALSE,FALSE
Equisetopsida,Myrtales,Melastomataceae,Miconia calvescens,FALSE,FALSE
Equisetopsida,Podocarpales,Podocarpaceae,Retrophyllum rospigliosii,FALSE,FALSE
Equisetopsida,Magnoliales,Annonaceae,Guatteria ucayalina,FALSE,FALSE
Equisetopsida,Cyatheales,Cyatheaceae,Cyathea caracasana,FALSE,TRUE
Equisetopsida,Laurales,Lauraceae,Ocotea aurantiodora,FALSE,FALSE
Equisetopsida,Hymenophyllales,Hymenophyllaceae,Hymenophyllum fucoides,FALSE,FALSE
Equisetopsida,Gentianales,Rubiaceae,Retiniphyllum fuchsioides,FALSE,FALSE
Equisetopsida,Hymenophyllales,Hymenophyllaceae,Hymenophyllum plumieri,FALSE,FALSE
Equisetopsida,Piperales,Piperaceae,Piper acutifolium,FALSE,FALSE
Equisetopsida,Magnoliales,Annonaceae,Guatteria terminalis,FALSE,FALSE
Equisetopsida,Dipsacales,Viburnaceae,Sambucus peruviana,FALSE,FALSE
Equisetopsida,Hymenophyllales,Hymenophyllaceae,Hymenophyllum polyanthos,FALSE,FALSE
Equisetopsida,Laurales,Lauraceae,Ocotea arnottiana,FALSE,FALSE
Equisetopsida,Lamiales,Lamiaceae,Aegiphila ulei,FALSE,FALSE
Equisetopsida,Magnoliales,Annonaceae,Guatteria scytophylla,FALSE,FALSE
Equisetopsida,Hymenophyllales,Hymenophyllaceae,Hymenophyllum trichomanoides,FALSE,FALSE
Equisetopsida,Laurales,Lauraceae,Ocotea amplissima,FALSE,FALSE
Equisetopsida,Malpighiales,Chrysobalanaceae,Hymenopus heteromorphus,FALSE,FALSE
Equisetopsida,Magnoliales,Annonaceae,Guatteria ramiflora,FALSE,FALSE
Equisetopsida,Laurales,Lauraceae,Ocotea amplifolia,FALSE,FALSE
Equisetopsida,Asparagales,Orchidaceae,Restrepia elegans,FALSE,FALSE
Equisetopsida,Magnoliales,Annonaceae,Guatteria punctata,FALSE,FALSE
Equisetopsida,Lamiales,Acanthaceae,Sanchezia oblonga,FALSE,FALSE
Equisetopsida,Asparagales,Orchidaceae,Restrepia antennifera,FALSE,FALSE
Aves,Piciformes,Capitonidae,Capito auratus,FALSE,FALSE
Insecta,Lepidoptera,Nymphalidae,Magneuptychia libye,FALSE,FALSE
Equisetopsida,Laurales,Lauraceae,Ocotea amazonica,FALSE,FALSE
Equisetopsida,Gentianales,Rubiaceae,Posoqueria latifolia subsp. Latifolia,FALSE,FALSE
Equisetopsida,Magnoliales,Annonaceae,Guatteria oblongifolia,FALSE,FALSE
Equisetopsida,Zingiberales,Zingiberaceae,Renealmia thyrsoidea subsp. thyrsoidea,FALSE,FALSE
Equisetopsida,Ranunculales,Menispermaceae,Borismene japurensis,FALSE,FALSE
Equisetopsida,Arecales,Arecaceae,Hyospathe elegans,FALSE,FALSE
Equisetopsida,Asparagales,Orchidaceae,Epidendrum amplum,FALSE,FALSE
Equisetopsida,Gentianales,Loganiaceae,Bonyunia pulchra,FALSE,FALSE
Equisetopsida,Magnoliales,Annonaceae,Guatteria megalophylla,FALSE,FALSE
Equisetopsida,Magnoliales,Annonaceae,Guatteria hirsuta,FALSE,FALSE
Equisetopsida,Malpighiales,Bonnetiaceae,Bonnetia paniculata,FALSE,FALSE
Equisetopsida,Magnoliales,Annonaceae,Guatteria guianensis,FALSE,FALSE
Equisetopsida,Asparagales,Orchidaceae,Epidendrum amazonicoriifolium,FALSE,FALSE
Equisetopsida,Arecales,Arecaceae,Hyospathe elegans subsp. elegans,FALSE,FALSE
Equisetopsida,Liliales,Alstroemeriaceae,Bomarea setacea,FALSE,FALSE
Equisetopsida,Magnoliales,Annonaceae,Guatteria duodecima,FALSE,FALSE
Equisetopsida,Zingiberales,Zingiberaceae,Renealmia thyrsoidea,FALSE,FALSE
Equisetopsida,Asparagales,Orchidaceae,Epidendrum amaruense,TRUE,FALSE
Equisetopsida,Rosales,Moraceae,Sorocea muriculata,FALSE,FALSE
Equisetopsida,Zingiberales,Zingiberaceae,Renealmia nicolaioides,FALSE,FALSE
Equisetopsida,Magnoliales,Annonaceae,Guatteria blepharophylla,FALSE,FALSE
Equisetopsida,Asparagales,Orchidaceae,Epidendrum alopecurium,FALSE,FALSE
Equisetopsida,Sapindales,Meliaceae,Guarea velutina,FALSE,FALSE
Equisetopsida,Zingiberales,Zingiberaceae,Renealmia monosperma,FALSE,FALSE
Equisetopsida,Laurales,Lauraceae,Ocotea aciphylla,FALSE,FALSE
Equisetopsida,Sapindales,Meliaceae,Guarea silvatica,FALSE,FALSE
Equisetopsida,Zingiberales,Zingiberaceae,Renealmia krukovii,FALSE,FALSE
Equisetopsida,Lamiales,Lamiaceae,Aegiphila smithii,FALSE,FALSE
Equisetopsida,Zingiberales,Zingiberaceae,Renealmia breviscapa,FALSE,FALSE
Equisetopsida,Asparagales,Orchidaceae,Epidendrum aida-alvareziae,FALSE,FALSE
Equisetopsida,Liliales,Alstroemeriaceae,Bomarea nervosa,FALSE,FALSE
Equisetopsida,Sapindales,Meliaceae,Guarea pubescens,FALSE,FALSE
Insecta,Lepidoptera,Nymphalidae,Hypanartia kefersteini,FALSE,FALSE
Insecta,Lepidoptera,Riodinidae,Monethe albertus,FALSE,FALSE
Insecta,Lepidoptera,Nymphalidae,Hypanartia splendida,FALSE,FALSE
Aves,Strigiformes,Strigidae,Megascops watsonii,FALSE,FALSE
Equisetopsida,Cucurbitales,Coriariaceae,Coriaria ruscifolia,FALSE,FALSE
Equisetopsida,Malpighiales,Salicaceae,Pleuranthodendron lindenii,FALSE,FALSE
Equisetopsida,Sapindales,Meliaceae,Guarea pterorhachis,FALSE,FALSE
Equisetopsida,Gentianales,Rubiaceae,Remijia chelomaphylla,FALSE,FALSE
Equisetopsida,Liliales,Alstroemeriaceae,Bomarea dulcis,FALSE,FALSE
Equisetopsida,Sapindales,Meliaceae,Guarea macrophylla,FALSE,FALSE
Mammalia,Didelphimorphia,Didelphidae,Didelphis marsupialis,FALSE,FALSE
Equisetopsida,Asparagales,Orchidaceae,Epidendrum aggregatum,FALSE,FALSE
Aves,Passeriformes,Tityridae,Pachyramphus polychopterus,FALSE,FALSE
Equisetopsida,Liliales,Alstroemeriaceae,Bomarea distichophylla,FALSE,FALSE
Equisetopsida,Liliales,Alstroemeriaceae,Bomarea distichifolia,FALSE,FALSE
Equisetopsida,Liliales,Alstroemeriaceae,Bomarea dispar,FALSE,FALSE
Equisetopsida,Sapindales,Meliaceae,Guarea kunthiana,FALSE,FALSE
Equisetopsida,Asparagales,Orchidaceae,Epidendrum acuminatum,FALSE,FALSE
Equisetopsida,Gentianales,Rubiaceae,Carapichea affinis,FALSE,FALSE
Equisetopsida,Cornales,Cornaceae,Cornus peruviana,FALSE,FALSE
Equisetopsida,Asparagales,Orchidaceae,Epidendrum acrobatesii,FALSE,FALSE
Equisetopsida,Liliales,Alstroemeriaceae,Bomarea cordifolia,TRUE,FALSE
Equisetopsida,Malpighiales,Euphorbiaceae,Sapium glandulosum,FALSE,FALSE
Equisetopsida,Gentianales,Apocynaceae,Rauvolfia sprucei,FALSE,FALSE
Equisetopsida,Brassicales,Brassicaceae,Cardamine bonariensis,FALSE,FALSE
Equisetopsida,Malpighiales,Euphorbiaceae,Sapium laurifolium,FALSE,FALSE
Equisetopsida,Rosales,Moraceae,Sorocea pubivena,FALSE,FALSE
Equisetopsida,Rosales,Moraceae,Sorocea pubivena subsp. hirtella,FALSE,FALSE
Aves,Passeriformes,Tityridae,Pachyramphus versicolor,FALSE,FALSE
Equisetopsida,Magnoliales,Magnoliaceae,Magnolia juninensis,FALSE,FALSE
Equisetopsida,Gentianales,Rubiaceae,Posoqueria latifolia,FALSE,FALSE
Equisetopsida,Malpighiales,Hypericaceae,Hypericum laricifolium,FALSE,FALSE
Equisetopsida,Sapindales,Meliaceae,Guarea guidonia,FALSE,FALSE
Equisetopsida,Laurales,Lauraceae,Aiouea montana,FALSE,FALSE
Amphibia,Caudata,Plethodontidae,Bolitoglossa peruviana,FALSE,FALSE
Equisetopsida,Gentianales,Rubiaceae,Posoqueria coriacea,FALSE,FALSE
Equisetopsida,Malpighiales,Euphorbiaceae,Sapium marmieri,FALSE,FALSE
Equisetopsida,Malpighiales,Hypericaceae,Hypericum thesiifolium,FALSE,FALSE
Aves,Psittaciformes,Psittacidae,Bolborhynchus orbygnesius,FALSE,FALSE
Equisetopsida,Sapindales,Meliaceae,Guarea guentheri,FALSE,FALSE
Equisetopsida,Solanales,Solanaceae,Saracha punctata,FALSE,FALSE
Equisetopsida,Gentianales,Rubiaceae,Raritebe palicoureoides,FALSE,FALSE
Equisetopsida,Sapindales,Meliaceae,Guarea gomma,FALSE,FALSE
Aves,Passeriformes,Tityridae,Pachyramphus viridis,FALSE,FALSE
Equisetopsida,Sapindales,Meliaceae,Guarea glabra,FALSE,FALSE
Aves,Psittaciformes,Psittacidae,Bolborhynchus lineola,FALSE,FALSE
Equisetopsida,Cyatheales,Cyatheaceae,Cyathea catacampta,FALSE,FALSE
Equisetopsida,Sapindales,Meliaceae,Guarea ecuadoriensis,FALSE,FALSE
Aves,Galbuliformes,Bucconidae,Malacoptila fulvogularis,FALSE,FALSE
Equisetopsida,Poales,Cyperaceae,Carex pichinchensis,FALSE,FALSE
Equisetopsida,Caryophyllales,Nyctaginaceae,Guapira myrtiflora,FALSE,FALSE
Equisetopsida,Polypodiales,Dryopteridaceae,Bolbitis serratifolia,FALSE,FALSE
Equisetopsida,Poales,Cyperaceae,Carex polystachya,FALSE,FALSE
Equisetopsida,Ericales,Sapotaceae,Sarcaulus brasiliensis,FALSE,FALSE
Equisetopsida,Polypodiales,Dryopteridaceae,Bolbitis pandurifolia,FALSE,FALSE
Equisetopsida,Proteales,Sabiaceae,Meliosma boliviensis,FALSE,FALSE
Aves,Passeriformes,Tyrannidae,Ochthoeca rufipectoralis,FALSE,FALSE
Mammalia,Didelphimorphia,Didelphidae,Didelphis pernigra,FALSE,FALSE
Equisetopsida,Cyatheales,Cyatheaceae,Cyathea conjugata,FALSE,FALSE
Equisetopsida,Malpighiales,Salicaceae,Piparea multiflora,FALSE,FALSE
Equisetopsida,Ericales,Sapotaceae,Sarcaulus brasiliensis subsp. brasiliensis,FALSE,FALSE
Equisetopsida,Poales,Rapateaceae,Rapatea paludosa,FALSE,FALSE
Equisetopsida,Gentianales,Rubiaceae,Amaioua guianensis,FALSE,FALSE
Equisetopsida,Poales,Poaceae,Cortaderia bifida,FALSE,FALSE
Aves,Apodiformes,Trochilidae,Boissonneaua matthewsii,FALSE,FALSE
Aves,Passeriformes,Tyrannidae,Ochthoeca pulchella,FALSE,FALSE
Equisetopsida,Asparagales,Orchidaceae,Sarcoglottis acaulis,FALSE,FALSE
Equisetopsida,Pandanales,Cyclanthaceae,Carludovica palmata,FALSE,FALSE
Equisetopsida,Asparagales,Orchidaceae,Sarcoglottis grandiflora,FALSE,FALSE
Aves,Passeriformes,Troglodytidae,Cyphorhinus thoracicus,FALSE,FALSE
Equisetopsida,Lamiales,Lamiaceae,Aegiphila integrifolia,FALSE,FALSE
Equisetopsida,Asparagales,Orchidaceae,Sarcoglottis neillii,FALSE,FALSE
Equisetopsida,Asparagales,Orchidaceae,Sarcoglottis turkeliae,FALSE,FALSE
Equisetopsida,Rosales,Urticaceae,Boehmeria ulmifolia,FALSE,FALSE
Equisetopsida,Rosales,Urticaceae,Boehmeria pavonii,FALSE,FALSE
Equisetopsida,Polypodiales,Polypodiaceae,Grammitis wolfii,FALSE,FALSE
Equisetopsida,Polypodiales,Polypodiaceae,Grammitis subsessilis,FALSE,FALSE
Equisetopsida,Polypodiales,Polypodiaceae,Grammitis serrulata,FALSE,FALSE
Aves,Passeriformes,Tyrannidae,Myiarchus cephalotes,FALSE,FALSE
Equisetopsida,Ericales,Marcgraviaceae,Sarcopera anomala,FALSE,FALSE
Equisetopsida,Ranunculales,Papaveraceae,Bocconia integrifolia,FALSE,FALSE
Equisetopsida,Polypodiales,Polypodiaceae,Grammitis moniliformis,FALSE,FALSE
Mammalia,Chiroptera,Phyllostomidae,Carollia brevicauda,FALSE,FALSE
Equisetopsida,Polypodiales,Polypodiaceae,Grammitis mathewsii,FALSE,FALSE
Equisetopsida,Ranunculales,Papaveraceae,Bocconia frutescens,FALSE,FALSE
Equisetopsida,Polypodiales,Polypodiaceae,Grammitis leucosticta,FALSE,FALSE
Equisetopsida,Polypodiales,Polypodiaceae,Grammitis eunoe,FALSE,FALSE
Aves,Passeriformes,Vireonidae,Pachysylvia hypoxantha,FALSE,FALSE
Mammalia,Chiroptera,Phyllostomidae,Carollia castanea,FALSE,FALSE
Equisetopsida,Malpighiales,Salicaceae,Piparea dentata,FALSE,FALSE
Actinopterygii,Perciformes,Sciaenidae,Pachyurus schomburgkii,FALSE,FALSE
Reptilia,Sauria,Tropiduridae,Stenocercus torquatus,TRUE,FALSE
Aves,Passeriformes,Thamnophilidae,Hypocnemis peruviana,FALSE,FALSE
Aves,Passeriformes,Grallariidae,Grallaricula leymebambae,FALSE,FALSE
Aves,Passeriformes,Grallariidae,Grallaricula flavirostris,FALSE,FALSE
Equisetopsida,Gentianales,Rubiaceae,Amaioua glomerulata,FALSE,FALSE
Equisetopsida,Asparagales,Orchidaceae,Bletia catenulata,FALSE,FALSE
Aves,Apodiformes,Trochilidae,Discosura popelairii,FALSE,FALSE
Aves,Passeriformes,Grallariidae,Grallaria squamigera,FALSE,FALSE
Mammalia,Chiroptera,Phyllostomidae,Carollia perspicillata,FALSE,FALSE
Equisetopsida,Alismatales,Araceae,Philodendron acreanum,FALSE,FALSE
Equisetopsida,Gentianales,Apocynaceae,Blepharodon salicinum,FALSE,FALSE
Equisetopsida,Myrtales,Melastomataceae,Miconia abbreviata,FALSE,FALSE
Aves,Passeriformes,Thamnophilidae,Hypocnemis subflava,FALSE,FALSE
Aves,Passeriformes,Tyrannidae,Ochthoeca fumicolor,FALSE,FALSE
Equisetopsida,Malpighiales,Achariaceae,Carpotroche longifolia,FALSE,FALSE
Equisetopsida,Polypodiales,Blechnaceae,Blechnum occidentale,FALSE,FALSE
Aves,Passeriformes,Grallariidae,Grallaria rufula,FALSE,FALSE
Equisetopsida,Cyatheales,Cyatheaceae,Cyathea delgadii,FALSE,TRUE
Equisetopsida,Polypodiales,Blechnaceae,Blechnum fragile,FALSE,FALSE
Equisetopsida,Ericales,Ericaceae,Demosthenesia mandonii,FALSE,FALSE
Equisetopsida,Gentianales,Rubiaceae,Pagamea dudleyi,TRUE,FALSE
Equisetopsida,Cyatheales,Cyatheaceae,Cyathea dintelmannii,FALSE,FALSE
Equisetopsida,Alismatales,Araceae,Philodendron acutifolium,FALSE,FALSE
Equisetopsida,Polypodiales,Didymochlaenaceae,Didymochlaena truncatula,FALSE,FALSE
Equisetopsida,Gentianales,Rubiaceae,Randia armata,FALSE,FALSE
Equisetopsida,Polypodiales,Blechnaceae,Blechnum divergens,FALSE,FALSE
Equisetopsida,Gentianales,Rubiaceae,Pagamea guianensis,FALSE,FALSE
Equisetopsida,Cyatheales,Cyatheaceae,Cyathea divergens,FALSE,FALSE
Equisetopsida,Polypodiales,Blechnaceae,Blechnum cordatum,FALSE,FALSE
Aves,Coraciiformes,Momotidae,Momotus momota,FALSE,FALSE
Equisetopsida,Malpighiales,Caryocaraceae,Caryocar amygdaliforme,FALSE,FALSE
Equisetopsida,Alismatales,Araceae,Philodendron alatum,TRUE,FALSE
Equisetopsida,Alismatales,Araceae,Philodendron angustialatum,FALSE,FALSE
Equisetopsida,Malpighiales,Caryocaraceae,Caryocar glabrum,FALSE,FALSE
Equisetopsida,Myrtales,Alzateaceae,Alzatea verticillata subsp. verticillata,FALSE,FALSE
Actinopterygii,Characiformes,Characidae,Cynopotamus amazonus,FALSE,FALSE
Equisetopsida,Polypodiales,Blechnaceae,Blechnum auratum,FALSE,FALSE
Equisetopsida,Alismatales,Araceae,Philodendron asplundii,FALSE,FALSE
Equisetopsida,Lamiales,Acanthaceae,Stenostephanus densiflorus,FALSE,FALSE
Mammalia,Chiroptera,Phyllostomidae,Phyllostomus elongatus,FALSE,FALSE
Equisetopsida,Proteales,Sabiaceae,Meliosma caballeroensis,FALSE,FALSE
Equisetopsida,Polypodiales,Blechnaceae,Blechnum asplenioides,FALSE,FALSE
Aves,Passeriformes,Grallariidae,Grallaria guatimalensis,FALSE,FALSE
Aves,Piciformes,Picidae,Dryobates affinis,FALSE,FALSE
Aves,Passeriformes,Cotingidae,Doliornis sclateri,TRUE,TRUE
Actinopterygii,Siluriformes,Callichthyidae,Corydoras panda,FALSE,FALSE
Equisetopsida,Asparagales,Orchidaceae,Stelis cassidis,FALSE,FALSE
Equisetopsida,Polypodiales,Dennstaedtiaceae,Hypolepis parallelogramma,FALSE,FALSE
Equisetopsida,Myrtales,Melastomataceae,Blakea sawadae,FALSE,FALSE
Equisetopsida,Malpighiales,Euphorbiaceae,Caryodendron orinocense,FALSE,FALSE
Aves,Passeriformes,Grallariidae,Grallaria capitalis,TRUE,FALSE
Equisetopsida,Cyatheales,Cyatheaceae,Cyathea herzogii,FALSE,FALSE
Equisetopsida,Myrtales,Melastomataceae,Blakea rosea,FALSE,FALSE
Aves,Passeriformes,Grallariidae,Grallaria blakei,TRUE,FALSE
Equisetopsida,Alismatales,Araceae,Philodendron attenuatum,FALSE,FALSE
Equisetopsida,Asparagales,Orchidaceae,Malaxis sodiroi,FALSE,FALSE
Aves,Passeriformes,Turdidae,Entomodestes leucotis,FALSE,FALSE
Equisetopsida,Alismatales,Araceae,Philodendron brandtianum,FALSE,FALSE
Aves,Passeriformes,Tyrannidae,Ochthoeca frontalis,FALSE,FALSE
Equisetopsida,Cyatheales,Cyatheaceae,Cyathea lasiosora,FALSE,FALSE
Equisetopsida,Gentianales,Rubiaceae,Palicourea acuminata,FALSE,FALSE
Equisetopsida,Fabales,Fabaceae,Enterolobium schomburgkii,FALSE,FALSE
Equisetopsida,Alismatales,Araceae,Philodendron chinchamayense,FALSE,FALSE
Aves,Passeriformes,Grallariidae,Grallaria andicolus,FALSE,FALSE
Equisetopsida,Asparagales,Orchidaceae,Stelis biserrula,FALSE,FALSE
Equisetopsida,Fabales,Fabaceae,Enterolobium barnebianum,FALSE,FALSE
Equisetopsida,Myrtales,Melastomataceae,Blakea repens,FALSE,FALSE
Aves,Passeriformes,Tyrannidae,Ochthoeca cinnamomeiventris,FALSE,FALSE
Equisetopsida,Asparagales,Orchidaceae,Maxillaria splendens,FALSE,FALSE
Equisetopsida,Santalales,Balanophoraceae,Corynaea crassa,FALSE,FALSE
Equisetopsida,Proteales,Sabiaceae,Meliosma frondosa,FALSE,FALSE
Equisetopsida,Myrtales,Melastomataceae,Graffenrieda miconioides,FALSE,FALSE
Equisetopsida,Malpighiales,Salicaceae,Casearia acuminata,FALSE,FALSE
Equisetopsida,Myrtales,Melastomataceae,Blakea paludosa,FALSE,FALSE
Equisetopsida,Alismatales,Araceae,Philodendron deflexum,FALSE,FALSE
Equisetopsida,Myrtales,Melastomataceae,Blakea multiflora,FALSE,FALSE
Equisetopsida,Malpighiales,Salicaceae,Casearia arborea,FALSE,FALSE
Mammalia,Chiroptera,Molossidae,Molossus molossus,FALSE,FALSE
Aves,Passeriformes,Turdidae,Myadestes ralloides,FALSE,FALSE
Equisetopsida,Ericales,Ericaceae,Satyria panurensis,FALSE,FALSE
Equisetopsida,Gentianales,Rubiaceae,Palicourea allenii,FALSE,FALSE
Equisetopsida,Asterales,Asteraceae,Porophyllum ruderale,FALSE,FALSE
Equisetopsida,Myrtales,Melastomataceae,Graffenrieda gracilis,FALSE,FALSE
Equisetopsida,Ericales,Ericaceae,Satyria warszewiczii,FALSE,FALSE
Equisetopsida,Malpighiales,Salicaceae,Casearia decandra,FALSE,FALSE
Equisetopsida,Malpighiales,Salicaceae,Casearia fasciculata,FALSE,FALSE
Equisetopsida,Ericales,Actinidiaceae,Saurauia glabra,FALSE,FALSE
Equisetopsida,Fabales,Polygalaceae,Monnina connectisepala,FALSE,FALSE
Aves,Apodiformes,Trochilidae,Ensifera ensifera,FALSE,FALSE
Amphibia,Anura,Hylidae,Hypsiboas aguilari,TRUE,FALSE
Actinopterygii,Siluriformes,Pimelodidae,Sorubim lima,FALSE,FALSE
Equisetopsida,Myrtales,Melastomataceae,Graffenrieda emarginata,FALSE,FALSE
Equisetopsida,Gentianales,Rubiaceae,Palicourea amethystina,FALSE,FALSE
Equisetopsida,Polypodiales,Dryopteridaceae,Mickelia oligarchica,FALSE,FALSE
Equisetopsida,Myrtales,Melastomataceae,Graffenrieda cucullata,FALSE,FALSE
Equisetopsida,Apiales,Araliaceae,Didymopanax confusus,FALSE,FALSE
Equisetopsida,Ericales,Actinidiaceae,Saurauia prainiana,FALSE,FALSE
Equisetopsida,Polypodiales,Athyriaceae,Diplazium tungurahuae,FALSE,FALSE
Equisetopsida,Malpighiales,Salicaceae,Casearia pitumba,FALSE,FALSE
Equisetopsida,Malpighiales,Ochnaceae,Sauvagesia aliciae,FALSE,FALSE
Equisetopsida,Proteales,Sabiaceae,Meliosma glabrata,FALSE,FALSE
Aves,Passeriformes,Thraupidae,Ramphocelus nigrogularis,FALSE,FALSE
Aves,Passeriformes,Tyrannidae,Piprites chloris,FALSE,FALSE
Mammalia,Didelphimorphia,Didelphidae,Gracilinanus peruanus,FALSE,FALSE
Equisetopsida,Malpighiales,Ochnaceae,Sauvagesia erecta,FALSE,FALSE
Equisetopsida,Asparagales,Orchidaceae,Cyrtochilum multiflorum,FALSE,FALSE
Equisetopsida,Asterales,Asteraceae,Bidens pilosa,FALSE,FALSE
Equisetopsida,Malpighiales,Goupiaceae,Goupia glabra,FALSE,FALSE
Equisetopsida,Malpighiales,Salicaceae,Casearia sylvestris,FALSE,FALSE
Equisetopsida,Lamiales,Lamiaceae,Aegiphila insignis,FALSE,FALSE
Equisetopsida,Apiales,Araliaceae,Didymopanax morototoni,FALSE,FALSE
Equisetopsida,Alismatales,Araceae,Philodendron deltoideum,FALSE,FALSE
Actinopterygii,Siluriformes,Pimelodidae,Goslinia platynema,FALSE,FALSE
Equisetopsida,Asterales,Asteraceae,Bidens andicola,FALSE,FALSE
Equisetopsida,Malpighiales,Salicaceae,Casearia ulmifolia,FALSE,FALSE
Equisetopsida,Asparagales,Orchidaceae,Mesadenella cuspidata,FALSE,FALSE
Equisetopsida,Gentianales,Rubiaceae,Palicourea bertieroides,FALSE,FALSE
Aves,Passeriformes,Tyrannidae,Sayornis nigricans,FALSE,FALSE
Insecta,Lepidoptera,Nymphalidae,Bia peruana,FALSE,FALSE
Equisetopsida,Ericales,Marcgraviaceae,Souroubea corallina,FALSE,FALSE
Equisetopsida,Gentianales,Rubiaceae,Palicourea bolivarensis,FALSE,FALSE
Aves,Passeriformes,Thraupidae,Dacnis lineata,FALSE,FALSE
Equisetopsida,Ericales,Theaceae,Gordonia fruticosa,FALSE,FALSE
Equisetopsida,Alismatales,Araceae,Philodendron ernestii,FALSE,FALSE
Equisetopsida,Gentianales,Rubiaceae,Palicourea bracteosa,FALSE,FALSE
Equisetopsida,Malpighiales,Rhizophoraceae,Cassipourea peruviana,FALSE,FALSE
Equisetopsida,Lamiales,Gesneriaceae,Besleria variabilis,FALSE,FALSE
Insecta,Lepidoptera,Nymphalidae,Castilia angusta,FALSE,FALSE
Equisetopsida,Lamiales,Gesneriaceae,Besleria trichiata,FALSE,FALSE
Insecta,Lepidoptera,Nymphalidae,Castilia perilla,FALSE,FALSE
Actinopterygii,Characiformes,Characidae,Engraulisoma taeniatum,FALSE,FALSE
Equisetopsida,Gentianales,Rubiaceae,Gonzalagunia cornifolia,FALSE,FALSE
Equisetopsida,Lamiales,Gesneriaceae,Besleria racemosa,TRUE,FALSE
Equisetopsida,Gentianales,Rubiaceae,Palicourea cajamarcana,FALSE,FALSE
Equisetopsida,Gentianales,Rubiaceae,Palicourea campyloneura,FALSE,FALSE
Equisetopsida,Asterales,Asteraceae,Mutisia lanata,FALSE,FALSE
Equisetopsida,Fabales,Polygalaceae,Monnina densecomata,TRUE,FALSE
Aves,Falconiformes,Falconidae,Ibycter americanus,FALSE,FALSE
Equisetopsida,Lamiales,Gesneriaceae,Besleria immitis,FALSE,FALSE
Equisetopsida,Lamiales,Gesneriaceae,Besleria capitata,TRUE,FALSE
Equisetopsida,Asparagales,Orchidaceae,Gongora scaphephorus,FALSE,FALSE
Equisetopsida,Poales,Poaceae,Ichnanthus nemorosus,FALSE,FALSE
Aves,Passeriformes,Thraupidae,Ramphocelus carbo,FALSE,FALSE
Equisetopsida,Asparagales,Orchidaceae,Gongora rufescens,FALSE,TRUE
Equisetopsida,Lamiales,Gesneriaceae,Besleria barclayi,FALSE,FALSE
Equisetopsida,Asparagales,Orchidaceae,Gongora quinquenervis,FALSE,FALSE
Equisetopsida,Lamiales,Gesneriaceae,Besleria barbata,FALSE,FALSE
Equisetopsida,Lamiales,Gesneriaceae,Corytoplectus speciosus,FALSE,FALSE
Equisetopsida,Poales,Poaceae,Ichnanthus pallens,FALSE,FALSE
Equisetopsida,Lamiales,Gesneriaceae,Besleria aggregata,FALSE,FALSE
Equisetopsida,Asparagales,Orchidaceae,Gongora latisepala,FALSE,TRUE
Equisetopsida,Poales,Poaceae,Ichnanthus panicoides,FALSE,FALSE
Equisetopsida,Myrtales,Combretaceae,Terminalia viridiflora,FALSE,FALSE
Equisetopsida,Malpighiales,Euphorbiaceae,Tetrorchidium macrophyllum,FALSE,FALSE
Equisetopsida,Malpighiales,Clusiaceae,Tovomita weddelliana,FALSE,FALSE
Equisetopsida,Ericales,Symplocaceae,Symplocos fimbriata,FALSE,FALSE
Equisetopsida,Malpighiales,Clusiaceae,Tovomita laurina,FALSE,FALSE
Mammalia,Chiroptera,Thyropteridae,Thyroptera tricolor,FALSE,FALSE
Equisetopsida,Polypodiales,Tectariaceae,Tectaria pilosa,FALSE,FALSE
Equisetopsida,Hymenophyllales,Hymenophyllaceae,Trichomanes pinnatum,FALSE,FALSE
Equisetopsida,Ericales,Styracaceae,Styrax foveolaria,FALSE,FALSE
Equisetopsida,Alismatales,Araceae,Syngonium podophyllum var. podophyllum,FALSE,FALSE
Aves,Passeriformes,Thraupidae,Tangara xanthocephala,FALSE,FALSE
Equisetopsida,Asparagales,Orchidaceae,Xylobium subintegrum,FALSE,FALSE
Equisetopsida,Fabales,Fabaceae,Tachigali bracteosa,FALSE,FALSE
Equisetopsida,Asterales,Asteraceae,Werneria nubigena,FALSE,FALSE
Equisetopsida,Gleicheniales,Gleicheniaceae,Sticherus revolutus,FALSE,FALSE
Equisetopsida,Fabales,Fabaceae,Tachigali cenepensis,FALSE,FALSE
Equisetopsida,Ericales,Symplocaceae,Symplocos psiloclada,TRUE,FALSE
Equisetopsida,Gleicheniales,Gleicheniaceae,Sticherus remotus,FALSE,FALSE
Equisetopsida,Fabales,Fabaceae,Tachigali chrysaloides,FALSE,FALSE
Mammalia,Chiroptera,Phyllostomidae,Sturnira erythromos,FALSE,FALSE
Equisetopsida,Caryophyllales,Petiveriaceae,Trichostigma octandrum,FALSE,FALSE
Equisetopsida,Oxalidales,Cunoniaceae,Weinmannia spruceana,FALSE,FALSE
Equisetopsida,Oxalidales,Cunoniaceae,Weinmannia sorbifolia,FALSE,FALSE
Aves,Passeriformes,Troglodytidae,Troglodytes solstitialis,FALSE,FALSE
Equisetopsida,Fabales,Fabaceae,Tachigali chrysophylla,FALSE,FALSE
Equisetopsida,Asparagales,Orchidaceae,Zygopetalum maculatum,FALSE,FALSE
Equisetopsida,Asparagales,Orchidaceae,Telipogon astroglossus,FALSE,FALSE
Equisetopsida,Oxalidales,Cunoniaceae,Weinmannia reticulata,FALSE,FALSE
Equisetopsida,Oxalidales,Cunoniaceae,Weinmannia pubescens,FALSE,FALSE
Aves,Charadriiformes,Charadriidae,Vanellus cayanus,FALSE,FALSE
Equisetopsida,Asparagales,Orchidaceae,Telipogon bowmanii,FALSE,FALSE
Equisetopsida,Polypodiales,Thelypteridaceae,Thelypteris concinna,FALSE,FALSE
Equisetopsida,Oxalidales,Cunoniaceae,Weinmannia pinnata,FALSE,FALSE
Equisetopsida,Malpighiales,Malpighiaceae,Stigmaphyllon argenteum,TRUE,FALSE
Equisetopsida,Gentianales,Loganiaceae,Strychnos bredemeyeri,FALSE,FALSE
Mammalia,Chiroptera,Phyllostomidae,Uroderma bilobatum,FALSE,FALSE
Equisetopsida,Polypodiales,Thelypteridaceae,Thelypteris consobrina,FALSE,FALSE
Equisetopsida,Polypodiales,Thelypteridaceae,Thelypteris depilata,FALSE,FALSE
Equisetopsida,Oxalidales,Cunoniaceae,Weinmannia pentaphylla,FALSE,FALSE
Equisetopsida,Oxalidales,Cunoniaceae,Weinmannia ovata,FALSE,FALSE
Aves,Passeriformes,Thamnophilidae,Thamnophilus schistaceus,FALSE,FALSE
Aves,Passeriformes,Tyrannidae,Uromyias agraphia,TRUE,FALSE
Equisetopsida,Oxalidales,Cunoniaceae,Weinmannia multijuga,FALSE,FALSE
Equisetopsida,Oxalidales,Cunoniaceae,Weinmannia microphylla,FALSE,FALSE
Equisetopsida,Asparagales,Orchidaceae,Telipogon pseudobulbosus,TRUE,FALSE
Equisetopsida,Oxalidales,Cunoniaceae,Weinmannia lentiscifolia,FALSE,FALSE
Equisetopsida,Oxalidales,Cunoniaceae,Weinmannia lechleriana,FALSE,FALSE
Equisetopsida,Rosales,Urticaceae,Urera caracasana,FALSE,FALSE
Equisetopsida,Oxalidales,Cunoniaceae,Weinmannia jelskii,FALSE,FALSE
Equisetopsida,Hymenophyllales,Hymenophyllaceae,Trichomanes lucens,FALSE,FALSE
Equisetopsida,Oxalidales,Cunoniaceae,Weinmannia haenkeana,FALSE,FALSE
Equisetopsida,Magnoliales,Annonaceae,Unonopsis spectabilis,FALSE,FALSE
Equisetopsida,Polypodiales,Thelypteridaceae,Thelypteris glandulosa,FALSE,FALSE
Equisetopsida,Oxalidales,Cunoniaceae,Weinmannia fagaroides,FALSE,FALSE
Equisetopsida,Sapindales,Rutaceae,Zanthoxylum melanostictum,FALSE,FALSE
Equisetopsida,Oxalidales,Cunoniaceae,Weinmannia cymbifolia,FALSE,FALSE
Equisetopsida,Lamiales,Bignoniaceae,Tourrettia lappacea,FALSE,FALSE
Equisetopsida,Polypodiales,Thelypteridaceae,Thelypteris glandulosa var. brachyodus,FALSE,FALSE
Equisetopsida,Fabales,Fabaceae,Tachigali formicarum,FALSE,FALSE
Aves,Passeriformes,Furnariidae,Thripadectes scrutator,FALSE,FALSE
Equisetopsida,Oxalidales,Cunoniaceae,Weinmannia crassifolia,FALSE,FALSE
Equisetopsida,Magnoliales,Annonaceae,Unonopsis guatterioides,FALSE,FALSE
Insecta,Lepidoptera,Nymphalidae,Temenis laothoe,FALSE,FALSE
Mammalia,Perissodactyla,Tapiridae,Tapirus terrestris,FALSE,FALSE
Equisetopsida,Oxalidales,Cunoniaceae,Weinmannia balbisiana,FALSE,FALSE
Mammalia,Chiroptera,Phyllostomidae,Sturnira bogotensis,FALSE,FALSE
Aves,Passeriformes,Furnariidae,Thripadectes holostictus,FALSE,FALSE
Aves,Passeriformes,Furnariidae,Synallaxis azarae,FALSE,FALSE
Aves,Passeriformes,Passerellidae,Zonotrichia capensis,FALSE,FALSE
Equisetopsida,Oxalidales,Cunoniaceae,Weinmannia auriculata,FALSE,FALSE
Actinopterygii,Cichliformes,Cichlidae,Tahuantinsuyoa chipi,FALSE,FALSE
Aves,Charadriiformes,Charadriidae,Vanellus resplendens,FALSE,FALSE
Aves,Passeriformes,Thamnophilidae,Thamnophilus doliatus,FALSE,FALSE
Equisetopsida,Ericales,Symplocaceae,Symplocos quitensis,FALSE,FALSE
Aves,Apodiformes,Trochilidae,Threnetes leucurus,FALSE,FALSE
Aves,Passeriformes,Thraupidae,Trichothraupis melanops,FALSE,FALSE
Mammalia,Chiroptera,Phyllostomidae,Sturnira bidens,FALSE,FALSE
Equisetopsida,Gentianales,Rubiaceae,Warszewiczia cordata,FALSE,FALSE
Equisetopsida,Commelinales,Haemodoraceae,Xiphidium caeruleum,FALSE,FALSE
Equisetopsida,Sapindales,Anacardiaceae,Tapirira retusa,FALSE,FALSE
Aves,Passeriformes,Tyrannidae,Todirostrum cinereum,FALSE,FALSE
Aves,Trogoniformes,Trogonidae,Trogon personatus,FALSE,FALSE
Insecta,Lepidoptera,Erebidae,Theages occultus,FALSE,FALSE
Equisetopsida,Gentianales,Rubiaceae,Warszewiczia coccinea,FALSE,FALSE
Aves,Passeriformes,Onychorhynchidae,Terenotriccus erythrurus,FALSE,FALSE
Mammalia,Chiroptera,Phyllostomidae,Trachops cirrhosus,FALSE,FALSE
Mammalia,Chiroptera,Phyllostomidae,Sturnira tildae,FALSE,FALSE
Mammalia,Carnivora,Ursidae,Tremarctos ornatus,FALSE,TRUE
Equisetopsida,Fabales,Fabaceae,Swartzia myrtifolia var. peruviana,FALSE,FALSE
Equisetopsida,Polypodiales,Thelypteridaceae,Thelypteris leprieurii,FALSE,FALSE
Equisetopsida,Asparagales,Orchidaceae,Vargasiella peruviana,FALSE,FALSE
Equisetopsida,Rosales,Urticaceae,Urera laciniata,FALSE,FALSE
Equisetopsida,Myrtales,Combretaceae,Terminalia amazonia,FALSE,FALSE
Equisetopsida,Gentianales,Gentianaceae,Symbolanthus incaicus,FALSE,FALSE
Equisetopsida,Sapindales,Sapindaceae,Toulicia reticulata,FALSE,FALSE
Equisetopsida,Gentianales,Rubiaceae,Tournefortiopsis reticulata,FALSE,FALSE
Equisetopsida,Fabales,Fabaceae,Trifolium repens,FALSE,FALSE
Aves,Passeriformes,Thraupidae,Tangara gyrola,FALSE,FALSE
Aves,Passeriformes,Thraupidae,Thraupis palmarum,FALSE,FALSE
Equisetopsida,Fabales,Fabaceae,Tachigali guianensis,FALSE,FALSE
Aves,Passeriformes,Thraupidae,Tachyphonus surinamus,FALSE,FALSE
Equisetopsida,Fabales,Fabaceae,Tachigali inconspicua,FALSE,FALSE
Equisetopsida,Myrtales,Combretaceae,Terminalia grandis,FALSE,FALSE
Equisetopsida,Poales,Bromeliaceae,Vriesea dubia,FALSE,FALSE
Aves,Passeriformes,Furnariidae,Xiphorhynchus triangularis,FALSE,FALSE
Equisetopsida,Polypodiales,Thelypteridaceae,Thelypteris membranacea,FALSE,FALSE
Equisetopsida,Myrtales,Combretaceae,Terminalia oblonga,FALSE,FALSE
Equisetopsida,Gentianales,Gentianaceae,Voyria tenella,FALSE,FALSE
Aves,Passeriformes,Thraupidae,Tangara schrankii,FALSE,FALSE
Aves,Trogoniformes,Trogonidae,Trogon viridis,FALSE,FALSE
Aves,Passeriformes,Thraupidae,Thraupis episcopus,FALSE,FALSE
Equisetopsida,Ericales,Primulaceae,Stylogyne micrantha,FALSE,FALSE
Equisetopsida,Malpighiales,Clusiaceae,Symphonia globulifera,FALSE,FALSE
Aves,Passeriformes,Thraupidae,Tangara cyanotis,FALSE,FALSE
Equisetopsida,Gentianales,Gentianaceae,Voyria aphylla,FALSE,FALSE
Equisetopsida,Dipsacales,Caprifoliaceae,Valeriana pilosa,FALSE,FALSE
Equisetopsida,Rosales,Moraceae,Trophis caucana,FALSE,FALSE
Equisetopsida,Fabales,Fabaceae,Swartzia arborescens,FALSE,FALSE
Aves,Passeriformes,Thamnophilidae,Thamnophilus caerulescens,FALSE,FALSE
Equisetopsida,Fabales,Fabaceae,Stryphnodendron microstachyum,FALSE,FALSE
Equisetopsida,Gentianales,Loganiaceae,Strychnos erichsonii,FALSE,FALSE
Equisetopsida,Sapindales,Anacardiaceae,Toxicodendron striatum,FALSE,FALSE
Aves,Passeriformes,Thraupidae,Volatinia jacarina,FALSE,FALSE
Equisetopsida,Fabales,Fabaceae,Zygia coccinea,FALSE,FALSE
Equisetopsida,Sapindales,Meliaceae,Trichilia pallida,FALSE,FALSE
Actinopterygii,Characiformes,Gasteropelecidae,Thoracocharax stellatus,FALSE,FALSE
Equisetopsida,Ericales,Pentaphylacaceae,Ternstroemia jelskii,FALSE,FALSE
Equisetopsida,Myrtales,Vochysiaceae,Vochysia venulosa,FALSE,FALSE
Equisetopsida,Myrtales,Vochysiaceae,Vochysia obscura,FALSE,FALSE
Equisetopsida,Sapindales,Rutaceae,Zanthoxylum kellermanii,FALSE,FALSE
Equisetopsida,Ericales,Pentaphylacaceae,Ternstroemia pachytrocha,FALSE,FALSE
Equisetopsida,Cycadales,Zamiaceae,Zamia poeppigiana,FALSE,TRUE
Equisetopsida,Fabales,Fabaceae,Vatairea erythrocarpa,FALSE,FALSE
Insecta,Lepidoptera,Erebidae,Theages luculentus,FALSE,FALSE
Aves,Passeriformes,Furnariidae,Xiphorhynchus ocellatus,FALSE,FALSE
Aves,Passeriformes,Tyrannidae,Zimmerius viridiflavus,TRUE,FALSE
Aves,Apodiformes,Apodidae,Streptoprocne zonaris,FALSE,FALSE
Equisetopsida,Gleicheniales,Gleicheniaceae,Sticherus bifidus,FALSE,FALSE
Mammalia,Chiroptera,Phyllostomidae,Vampyressa melissa,FALSE,TRUE
Equisetopsida,Myrtales,Myrtaceae,Syzygium borbonicum,FALSE,FALSE
Equisetopsida,Fabales,Fabaceae,Tachigali macbridei,FALSE,FALSE
Aves,Passeriformes,Thraupidae,Tersina viridis,FALSE,FALSE
Equisetopsida,Ericales,Ericaceae,Vaccinium floribundum,FALSE,FALSE
Equisetopsida,Asterales,Asteraceae,Vernonanthura patens,FALSE,FALSE
Equisetopsida,Fabales,Fabaceae,Zygia coccinea var. coccinea,FALSE,FALSE
Actinopterygii,Characiformes,Characidae,Xenurobrycon polyancistrus,FALSE,FALSE
Aves,Passeriformes,Turdidae,Turdus fuscater,FALSE,FALSE
Equisetopsida,Polypodiales,Pteridaceae,Vittaria graminifolia,FALSE,FALSE
Equisetopsida,Polypodiales,Thelypteridaceae,Thelypteris rudis,FALSE,FALSE
Aves,Passeriformes,Tyrannidae,Tolmomyias poliocephalus,FALSE,FALSE
Equisetopsida,Lamiales,Lamiaceae,Vitex triflora,FALSE,FALSE
Mammalia,Rodentia,Cricetidae,Thomasomys notatus,TRUE,FALSE
Equisetopsida,Sapindales,Anacardiaceae,Tapirira obtusa,FALSE,FALSE
Mammalia,Rodentia,Cricetidae,Thomasomys kalinowskii,TRUE,TRUE
Equisetopsida,Fabales,Fabaceae,Tachigali pilosa,FALSE,FALSE
Aves,Passeriformes,Turdidae,Turdus hauxwelli,FALSE,FALSE
Equisetopsida,Lamiales,Lamiaceae,Vitex cymosa,FALSE,FALSE
Equisetopsida,Ericales,Primulaceae,Stylogyne serpentina,FALSE,FALSE
Equisetopsida,Magnoliales,Annonaceae,Unonopsis floribunda,FALSE,FALSE
Mammalia,Rodentia,Cricetidae,Thomasomys incanus,TRUE,TRUE
Equisetopsida,Fabales,Fabaceae,Swartzia myrtifolia,FALSE,FALSE
Equisetopsida,Polypodiales,Thelypteridaceae,Thelypteris serrata,FALSE,FALSE
Equisetopsida,Dipsacales,Caprifoliaceae,Valeriana virgata,TRUE,FALSE
Aves,Caprimulgiformes,Caprimulgidae,Uropsalis segmentata,FALSE,FALSE
Equisetopsida,Gentianales,Loganiaceae,Strychnos toxifera,FALSE,FALSE
Equisetopsida,Malpighiales,Hypericaceae,Vismia gracilis,FALSE,FALSE
Aves,Passeriformes,Turdidae,Turdus ignobilis,FALSE,FALSE
Equisetopsida,Ericales,Ericaceae,Vaccinium crenatum,FALSE,FALSE
Equisetopsida,Commelinales,Commelinaceae,Tradescantia zanonia,FALSE,FALSE
Equisetopsida,Lamiales,Plantaginaceae,Veronica serpyllifolia,FALSE,FALSE
Equisetopsida,Malpighiales,Hypericaceae,Vismia baccifera,FALSE,FALSE
Aves,Passeriformes,Thamnophilidae,Thamnomanes schistogynus,FALSE,FALSE
Equisetopsida,Magnoliales,Myristicaceae,Virola weberbaueri,FALSE,FALSE
Mammalia,Rodentia,Cricetidae,Thomasomys aureus,FALSE,FALSE
Equisetopsida,Ericales,Ericaceae,Themistoclesia david-smithii,TRUE,FALSE
Actinopterygii,Characiformes,Characidae,Tetragonopterus argenteus,FALSE,FALSE
Aves,Passeriformes,Thraupidae,Thlypopsis superciliaris,FALSE,FALSE
Equisetopsida,Magnoliales,Myristicaceae,Virola sebifera,FALSE,FALSE
Equisetopsida,Sapindales,Meliaceae,Trichilia quadrijuga,FALSE,FALSE
Mammalia,Chiroptera,Phyllostomidae,Sturnira oporaphilum,FALSE,FALSE
Aves,Passeriformes,Thraupidae,Thlypopsis ruficeps,FALSE,FALSE
Aves,Passeriformes,Thraupidae,Thlypopsis ornata,FALSE,FALSE
Equisetopsida,Ericales,Ericaceae,Themistoclesia gigantiflora,TRUE,FALSE
Aves,Passeriformes,Turdidae,Turdus leucops,FALSE,FALSE
Equisetopsida,Malpighiales,Malpighiaceae,Tetrapterys crispa,FALSE,FALSE
Aves,Passeriformes,Thraupidae,Tangara chrysotis,FALSE,FALSE
Equisetopsida,Magnoliales,Myristicaceae,Virola pavonis,FALSE,FALSE
Mammalia,Pilosa,Myrmecophagidae,Tamandua tetradactyla,FALSE,FALSE
Equisetopsida,Magnoliales,Annonaceae,Xylopia calophylla,FALSE,FALSE
Equisetopsida,Malpighiales,Salicaceae,Tetrathylacium macrophyllum,FALSE,FALSE
Aves,Passeriformes,Thraupidae,Tangara chilensis,FALSE,FALSE
Equisetopsida,Gentianales,Loganiaceae,Strychnos solimoesana,FALSE,FALSE
Equisetopsida,Malpighiales,Dichapetalaceae,Tapura peruviana,FALSE,FALSE
Equisetopsida,Magnoliales,Myristicaceae,Virola multinervia,FALSE,FALSE
Aves,Passeriformes,Turdidae,Turdus serranus,FALSE,FALSE
Equisetopsida,Crossosomatales,Staphyleaceae,Turpinia occidentalis,FALSE,FALSE
Equisetopsida,Rosales,Cannabaceae,Trema micranthum,FALSE,FALSE
Equisetopsida,Gentianales,Loganiaceae,Strychnos schunkei,FALSE,FALSE
Equisetopsida,Dipsacales,Viburnaceae,Viburnum hallii,FALSE,FALSE
Equisetopsida,Magnoliales,Myristicaceae,Virola marlenei,FALSE,FALSE
Equisetopsida,Ericales,Symplocaceae,Symplocos reflexa,FALSE,FALSE
Equisetopsida,Ericales,Ericaceae,Thibaudia crenulata,FALSE,FALSE
Aves,Passeriformes,Pipridae,Tyranneutes stolzmanni,FALSE,FALSE
Aves,Caprimulgiformes,Caprimulgidae,Uropsalis lyra,FALSE,FALSE
Aves,Apodiformes,Apodidae,Streptoprocne rutila,FALSE,FALSE
Equisetopsida,Magnoliales,Myristicaceae,Virola elongata,FALSE,FALSE
Equisetopsida,Sapindales,Rutaceae,Zanthoxylum acuminatum subsp. juniperinum,FALSE,FALSE
Equisetopsida,Magnoliales,Myristicaceae,Virola duckei,FALSE,FALSE
Equisetopsida,Fabales,Fabaceae,Tachigali setifera,FALSE,FALSE
Equisetopsida,Magnoliales,Myristicaceae,Virola calophylla,FALSE,FALSE
Equisetopsida,Hymenophyllales,Hymenophyllaceae,Trichomanes elegans,FALSE,FALSE
Mammalia,Chiroptera,Phyllostomidae,Uroderma magnirostrum,FALSE,FALSE
Equisetopsida,Sapindales,Burseraceae,Trattinnickia aspera,FALSE,FALSE
Equisetopsida,Malvales,Malvaceae,Theobroma bicolor,FALSE,FALSE
Aves,Passeriformes,Tyrannidae,Tyrannus melancholicus,FALSE,FALSE
Equisetopsida,Gentianales,Loganiaceae,Strychnos peckii,FALSE,FALSE
Equisetopsida,Magnoliales,Myristicaceae,Virola caducifolia,FALSE,FALSE
Equisetopsida,Magnoliales,Myristicaceae,Virola albidiflora,FALSE,FALSE
Equisetopsida,Gentianales,Rubiaceae,Uncaria guianensis,FALSE,FALSE
Aves,Passeriformes,Tyrannidae,Tolmomyias flaviventris,FALSE,FALSE
Equisetopsida,Ericales,Styracaceae,Styrax vilcabambae,TRUE,FALSE
Aves,Passeriformes,Thraupidae,Tangara vassorii,FALSE,FALSE
Equisetopsida,Malvales,Malvaceae,Theobroma subincanum,FALSE,FALSE
Equisetopsida,Oxalidales,Elaeocarpaceae,Vallea stipularis,FALSE,FALSE
Equisetopsida,Sapindales,Burseraceae,Trattinnickia peruviana,FALSE,FALSE
Aves,Apodiformes,Trochilidae,Thalurania furcata,FALSE,FALSE
Equisetopsida,Hymenophyllales,Hymenophyllaceae,Trichomanes rigidum,FALSE,FALSE
Aves,Passeriformes,Vireonidae,Vireo olivaceus,FALSE,FALSE
Aves,Passeriformes,Thamnophilidae,Thamnomanes ardesiacus,FALSE,FALSE
Equisetopsida,Celastrales,Celastraceae,Tontelea laxiflora,FALSE,FALSE
Equisetopsida,Gentianales,Rubiaceae,Tournefortiopsis dependens,FALSE,FALSE
Equisetopsida,Gentianales,Rubiaceae,Tournefortiopsis crispiflora subsp. Discolor,FALSE,FALSE
Equisetopsida,Sapindales,Sapindaceae,Talisia cerasina,FALSE,FALSE
Equisetopsida,Sapindales,Burseraceae,Trattinnickia lawrancei,FALSE,FALSE
Aves,Passeriformes,Furnariidae,Xenops rutilans,FALSE,FALSE
Equisetopsida,Hymenophyllales,Hymenophyllaceae,Trichomanes diversifrons,FALSE,FALSE
Equisetopsida,Gentianales,Apocynaceae,Tabernaemontana cuspidata,FALSE,FALSE
Equisetopsida,Gentianales,Loganiaceae,Strychnos gubleri,FALSE,FALSE
Equisetopsida,Sapindales,Anacardiaceae,Tapirira guianensis,FALSE,FALSE
Aves,Passeriformes,Vireonidae,Vireolanius leucotis,FALSE,FALSE
Aves,Passeriformes,Furnariidae,Xiphorhynchus elegans,FALSE,FALSE
Equisetopsida,Malvales,Malvaceae,Theobroma cacao,FALSE,FALSE
Equisetopsida,Gentianales,Rubiaceae,Tournefortiopsis crispiflora,FALSE,FALSE
Equisetopsida,Sapindales,Burseraceae,Trattinnickia boliviana,FALSE,FALSE
Equisetopsida,Malvales,Malvaceae,Theobroma grandiflorum,FALSE,FALSE
Actinopterygii,Gymnotiformes,Sternopygidae,Sternopygus macrurus,FALSE,FALSE
Equisetopsida,Poales,Bromeliaceae,Tillandsia fendleri,FALSE,FALSE
Aves,Passeriformes,Furnariidae,Synallaxis rutilans,FALSE,FALSE
Equisetopsida,Ericales,Primulaceae,Stylogyne ardisioides,FALSE,FALSE
Mammalia,Chiroptera,Phyllostomidae,Vampyrum spectrum,FALSE,FALSE
Equisetopsida,Sapindales,Meliaceae,Trichilia micrantha,FALSE,FALSE
Equisetopsida,Gentianales,Apocynaceae,Tabernaemontana cymosa,FALSE,FALSE
Equisetopsida,Hymenophyllales,Hymenophyllaceae,Trichomanes crispum,FALSE,FALSE
Equisetopsida,Gentianales,Apocynaceae,Tabernaemontana flavicans,FALSE,FALSE
Equisetopsida,Asparagales,Orchidaceae,Trichopilia fragrans,FALSE,FALSE
Aves,Passeriformes,Furnariidae,Xenops minutus,FALSE,FALSE
Equisetopsida,Asparagales,Orchidaceae,Trichopilia undulatissima,TRUE,FALSE
Equisetopsida,Malpighiales,Malpighiaceae,Stigmaphyllon maynense,FALSE,FALSE
Equisetopsida,Hymenophyllales,Hymenophyllaceae,Trichomanes trollii,FALSE,FALSE
Aves,Passeriformes,Thraupidae,Tangara parzudakii,FALSE,FALSE
Equisetopsida,Myrtales,Melastomataceae,Triolena amazonica,FALSE,FALSE
Aves,Passeriformes,Furnariidae,Xiphocolaptes promeropirhynchus,FALSE,FALSE
Equisetopsida,Sapindales,Meliaceae,Trichilia maynasiana,FALSE,FALSE
Equisetopsida,Ericales,Symplocaceae,Symplocos nana,FALSE,FALSE
Aves,Passeriformes,Furnariidae,Synallaxis unirufa,FALSE,FALSE
Actinopterygii,Siluriformes,Pimelodidae,Zungaro zungaro,FALSE,FALSE
Equisetopsida,Caryophyllales,Polygonaceae,Triplaris americana,FALSE,FALSE
Equisetopsida,Asparagales,Orchidaceae,Trichosalpinx barbelifera,FALSE,FALSE
Equisetopsida,Asparagales,Orchidaceae,Trichosalpinx chamaelepanthes,FALSE,FALSE
Equisetopsida,Hymenophyllales,Hymenophyllaceae,Trichomanes radicans,FALSE,FALSE
Equisetopsida,Ericales,Symplocaceae,Symplocos baehnii,TRUE,FALSE
Equisetopsida,Hymenophyllales,Hymenophyllaceae,Trichomanes cellulosum,FALSE,FALSE
Equisetopsida,Gentianales,Apocynaceae,Tabernaemontana sananho,FALSE,FALSE
Equisetopsida,Polypodiales,Thelypteridaceae,Thelypteris aspidioides,FALSE,FALSE
Equisetopsida,Gleicheniales,Gleicheniaceae,Sticherus simplex,FALSE,FALSE
Equisetopsida,Hymenophyllales,Hymenophyllaceae,Trichomanes plumosum,FALSE,FALSE
Aves,Passeriformes,Tityridae,Tityra semifasciata,FALSE,FALSE
Equisetopsida,Gentianales,Apocynaceae,Tassadia kamaensis,FALSE,FALSE
Equisetopsida,Lamiales,Gesneriaceae,Trichodrymonia metamorphophylla,FALSE,FALSE
Equisetopsida,Sapindales,Meliaceae,Trichilia elegans,FALSE,FALSE
Equisetopsida,Alismatales,Araceae,Xanthosoma viviparum,FALSE,FALSE
Equisetopsida,Alismatales,Araceae,Xanthosoma undipes,FALSE,FALSE
Equisetopsida,Buxales,Buxaceae,Styloceras laurifolium,FALSE,TRUE
Equisetopsida,Sapindales,Rutaceae,Zanthoxylum sprucei,FALSE,FALSE
Equisetopsida,Alismatales,Araceae,Xanthosoma pubescens,FALSE,FALSE
Equisetopsida,Polypodiales,Thelypteridaceae,Thelypteris brausei,FALSE,FALSE
Actinopterygii,Characiformes,Triportheidae,Triportheus angulatus,FALSE,FALSE
Mammalia,Cetartiodactyla,Tayassuidae,Tayassu pecari,FALSE,FALSE
Equisetopsida,Sapindales,Meliaceae,Trichilia septentrionalis,FALSE,FALSE
Aves,Pelecaniformes,Ardeidae,Tigrisoma fasciatum,FALSE,FALSE
Equisetopsida,Alismatales,Araceae,Xanthosoma hylaeae,FALSE,FALSE
Equisetopsida,Asparagales,Orchidaceae,Trichosalpinx intricata,FALSE,FALSE
Equisetopsida,Ericales,Symplocaceae,Symplocos coriacea,FALSE,FALSE
Equisetopsida,Gleicheniales,Gleicheniaceae,Sticherus tomentosus,FALSE,FALSE
Equisetopsida,Fabales,Fabaceae,Trischidium alternum,FALSE,FALSE
Aves,Passeriformes,Thraupidae,Tangara nigroviridis,FALSE,FALSE
Aves,Tinamiformes,Tinamidae,Tinamus major,FALSE,FALSE
Equisetopsida,Asparagales,Orchidaceae,Trisetella triglochin,TRUE,FALSE
Equisetopsida,Gentianales,Apocynaceae,Tabernaemontana siphilitica,FALSE,FALSE
Insecta,Lepidoptera,Nymphalidae,Zaretis itys,FALSE,FALSE
Equisetopsida,Sapindales,Meliaceae,Trichilia adolfi,FALSE,FALSE
Aves,Passeriformes,Furnariidae,Syndactyla rufosuperciliata,FALSE,FALSE
Aves,Cuculiformes,Cuculidae,Tapera naevia,FALSE,FALSE
Equisetopsida,Celastrales,Celastraceae,Tontelea corymbosa,FALSE,FALSE
Aves,Passeriformes,Thamnophilidae,Thamnophilus palliatus,FALSE,FALSE
Equisetopsida,Solanales,Solanaceae,Witheringia solanacea,FALSE,FALSE
Equisetopsida,Gentianales,Rubiaceae,Tocoyena pittieri,FALSE,FALSE
Equisetopsida,Gentianales,Gentianaceae,Tachia occidentalis,FALSE,FALSE
Equisetopsida,Asparagales,Orchidaceae,Zootrophion dayanum,FALSE,FALSE
Aves,Passeriformes,Furnariidae,Syndactyla striata,FALSE,FALSE
Aves,Passeriformes,Furnariidae,Syndactyla subalaris,FALSE,FALSE
Equisetopsida,Celastrales,Celastraceae,Tontelea passiflora,FALSE,FALSE
Aves,Passeriformes,Tyrannidae,Todirostrum chrysocrotaphum,FALSE,FALSE
Equisetopsida,Sapindales,Rutaceae,Ticorea tubiflora,FALSE,FALSE
Equisetopsida,Asparagales,Orchidaceae,Xylobium elatum,TRUE,FALSE
Equisetopsida,Sapindales,Rutaceae,Toxosiphon macropodus,FALSE,FALSE
Equisetopsida,Gentianales,Gentianaceae,Tapeinostemon zamoranus,FALSE,FALSE
Aves,Passeriformes,Tyrannidae,Zimmerius gracilipes,FALSE,FALSE
Equisetopsida,Arecales,Arecaceae,Wettinia maynensis,FALSE,FALSE
Equisetopsida,Gentianales,Gentianaceae,Tachia parviflora,FALSE,FALSE
Equisetopsida,Sapindales,Meliaceae,Trichilia solitudinis,FALSE,FALSE
Equisetopsida,Solanales,Solanaceae,Trianaea speciosa,FALSE,FALSE
Equisetopsida,Arecales,Arecaceae,Wettinia longipetala,FALSE,FALSE
Equisetopsida,Pandanales,Triuridaceae,Triuris hyalina,FALSE,FALSE
Equisetopsida,Asterales,Asteraceae,Trixis divaricata,FALSE,FALSE
Equisetopsida,Polypodiales,Tectariaceae,Tectaria antioquoiana,FALSE,FALSE
Mammalia,Chiroptera,Phyllostomidae,Sturnira magna,FALSE,FALSE
Aves,Tinamiformes,Tinamidae,Tinamus osgoodi,FALSE,TRUE
Equisetopsida,Polypodiales,Thelypteridaceae,Thelypteris angustifolia,FALSE,FALSE
Mammalia,Chiroptera,Phyllostomidae,Vampyriscus bidens,FALSE,FALSE
Aves,Passeriformes,Troglodytidae,Troglodytes aedon,FALSE,FALSE
Equisetopsida,Polypodiales,Tectariaceae,Tectaria incisa,FALSE,FALSE
Aves,Passeriformes,Thraupidae,Stilpnia cyanicollis,FALSE,FALSE
Equisetopsida,Ericales,Symplocaceae,Symplocos arechea,FALSE,FALSE
Aves,Passeriformes,Thraupidae,Tangara arthus,FALSE,FALSE
Equisetopsida,Alismatales,Araceae,Syngonium podophyllum,FALSE,FALSE
Equisetopsida,Arecales,Arecaceae,Wettinia augusta,FALSE,FALSE
