Clase,Orden,Familia,Especie
Equisetopsida,Poales,Poaceae,"Zea mays"
Equisetopsida,Malvales,Malvaceae,"Waltheria ovata"
Equisetopsida,Asterales,Asteraceae,"Tessaria integrifolia"
Equisetopsida,Solanales,Convolvulaceae,"Ipomoea batatas"
Equisetopsida,Malpighiales,Euphorbiaceae,"Ricinus communis"
Equisetopsida,Malpighiales,Salicaceae,"Salix humboldtiana"
Equisetopsida,Poales,Cyperaceae,"Eleocharis geniculata"
Equisetopsida,Poales,Cyperaceae,"Cyperus rotundus"
Equisetopsida,Myrtales,Myrtaceae,"Psidium guajava"
Equisetopsida,Fabales,Fabaceae,"Mimosa pigra var. pigra"
Equisetopsida,Caryophyllales,Portulacaceae,"Portulaca oleracea"
Equisetopsida,Lamiales,Plantaginaceae,"Bacopa monnieri"
Equisetopsida,Malpighiales,Passifloraceae,"Passiflora edulis"
Equisetopsida,Poales,Poaceae,"Distichlis spicata"
Equisetopsida,Boraginales,Heliotropiaceae,"Heliotropium curassavicum"
Equisetopsida,Myrtales,Onagraceae,"Ludwigia octovalvis"
Equisetopsida,Fabales,Fabaceae,"Inga feuillei"
Equisetopsida,Poales,Poaceae,"Chloris halophila"
Equisetopsida,Poales,Poaceae,"Phragmites australis"
Equisetopsida,Laurales,Lauraceae,"Ocotea raymondiana"
Equisetopsida,Lycopodiales,Lycopodiaceae,"Huperzia weberbaueri"
Equisetopsida,Solanales,Solanaceae,"Solanum aloysiifolium"
Equisetopsida,Malpighiales,Passifloraceae,"Passiflora mixta"
Equisetopsida,Ranunculales,Ranunculaceae,"Ranunculus luxurians"
Equisetopsida,Ranunculales,Ranunculaceae,"Ranunculus weberbaueri"
Equisetopsida,Ericales,Ebenaceae,"Lissocarpa ronliesneri"
Equisetopsida,Lamiales,Verbenaceae,"Citharexylum dentatum"
Equisetopsida,Laurales,Lauraceae,"Nectandra hihua"
Equisetopsida,Polypodiales,Dryopteridaceae,"Elaphoglossum peltatum"
Equisetopsida,Polypodiales,Polypodiaceae,"Campyloneurum amphostenon"
Equisetopsida,Solanales,Solanaceae,"Solanum aureum"
Equisetopsida,Poales,Poaceae,"Muhlenbergia peruviana"
Equisetopsida,Solanales,Solanaceae,"Solanum ternatum"
Equisetopsida,Zingiberales,Costaceae,"Costus spiralis"
Equisetopsida,Solanales,Solanaceae,"Solanum callianthum"
Equisetopsida,Poales,Poaceae,"Cinnagrostis rigida"
Equisetopsida,Asterales,Asteraceae,"Gynoxys cuzcoensis"
Equisetopsida,Polypodiales,Dryopteridaceae,"Elaphoglossum lloense"
Equisetopsida,Poales,Poaceae,"Isachne arundinacea"
Equisetopsida,Poales,Bromeliaceae,"Pepinia werffii"
Equisetopsida,Alismatales,Araceae,"Anthurium aldavei"
Equisetopsida,Poales,Poaceae,"Agrostis breviculmis"
Equisetopsida,Rosales,Rosaceae,"Polylepis rocio-rojasii"
Equisetopsida,Fabales,Polygalaceae,"Monnina conferta"
Equisetopsida,Rosales,Rosaceae,"Polylepis rodolfo-vasquezii"
Equisetopsida,Piperales,Piperaceae,"Peperomia hartwegiana"
Equisetopsida,Poales,Poaceae,"Jarava ichu"
Equisetopsida,Alismatales,Araceae,"Anthurium versicolor"
Equisetopsida,Poales,Juncaceae,"Juncus arcticus"
Equisetopsida,Alismatales,Araceae,"Stenospermation zeacarpium"
Equisetopsida,Solanales,Solanaceae,"Saracha punctata"
Equisetopsida,Solanales,Solanaceae,"Salpichroa glandulosa"
Equisetopsida,Asterales,Asteraceae,"Nordenstamia valenzuelae"
Equisetopsida,Apiales,Apiaceae,"Niphogeton dissecta"
Equisetopsida,Gentianales,Rubiaceae,"Palicourea lineata"
Equisetopsida,Poales,Poaceae,"Anthoxanthum odoratum"
Equisetopsida,Lamiales,Orobanchaceae,"Neobartsia weberbaueri"
Equisetopsida,Piperales,Piperaceae,"Piper acutifolium"
Equisetopsida,Polypodiales,Dryopteridaceae,"Polystichopsis macrostegia"
Equisetopsida,Gentianales,Rubiaceae,"Pimentelia glomerata"
Equisetopsida,Oxalidales,Oxalidaceae,"Oxalis dombeyi"
Equisetopsida,Cucurbitales,Cucurbitaceae,"Gurania eriantha"
Equisetopsida,Ericales,Ericaceae,"Disterigma pernettyoides"
Equisetopsida,Gentianales,Rubiaceae,"Arcytophyllum filiforme"
Equisetopsida,Polypodiales,Polypodiaceae,"Campyloneurum solutum"
Equisetopsida,Poales,Poaceae,"Cinnagrostis heterophylla"
Equisetopsida,Polypodiales,Dryopteridaceae,"Elaphoglossum moorei"
Equisetopsida,Myrtales,Melastomataceae,"Miconia rotundifolia"
Equisetopsida,Polypodiales,Polypodiaceae,"Microgramma percussa"
Equisetopsida,Solanales,Solanaceae,"Deprea oxampampensis"
Equisetopsida,Poales,Juncaceae,"Luzula racemosa"
Equisetopsida,Poales,Cyperaceae,"Carex rostrata var. rostrata"
Equisetopsida,Solanales,Solanaceae,"Cestrum schlechtendalii"
Equisetopsida,Gentianales,Rubiaceae,"Palicourea falcata"
Equisetopsida,Poales,Bromeliaceae,"Cipuropsis delicatula"
Equisetopsida,Fabales,Fabaceae,"Amicia lobbiana"
Equisetopsida,Asterales,Asteraceae,"Austroeupatorium inulaefolium"
Equisetopsida,Poales,Poaceae,"Cinnagrostis vicunarum"
Equisetopsida,Asterales,Asteraceae,"Clibadium surinamense"
Equisetopsida,Asterales,Asteraceae,"Oritrophium repens"
Equisetopsida,Ericales,Primulaceae,"Myrsine dependens"
Equisetopsida,Liliales,Alstroemeriaceae,"Bomarea dulcis"
Equisetopsida,Myrtales,Onagraceae,"Fuchsia apetala"
Equisetopsida,Fagales,Myricaceae,"Morella pubescens"
Equisetopsida,Laurales,Lauraceae,"Nectandra cuspidata"
Equisetopsida,Oxalidales,Oxalidaceae,"Oxalis sanmiguelii"
Equisetopsida,Apiales,Araliaceae,"Hydrocotyle acutifolia"
Equisetopsida,Polypodiales,Polypodiaceae,"Grammitis moniliformis"
Equisetopsida,Poales,Poaceae,"Catapodium rigidum"
Equisetopsida,Gentianales,Rubiaceae,"Faramea jasminoides"
Equisetopsida,Polypodiales,Pteridaceae,"Jamesonia boliviensis"
Equisetopsida,Oxalidales,Elaeocarpaceae,"Vallea stipularis"
Equisetopsida,Dipsacales,Caprifoliaceae,"Valeriana rigida"
Equisetopsida,Malpighiales,Violaceae,"Viola pygmaea"
Equisetopsida,Ericales,Symplocaceae,"Symplocos fimbriata"
Equisetopsida,Ericales,Symplocaceae,"Symplocos quitensis"
Equisetopsida,Gleicheniales,Gleicheniaceae,"Sticherus remotus"
Equisetopsida,Hymenophyllales,Hymenophyllaceae,"Trichomanes elegans"
Equisetopsida,Hymenophyllales,Hymenophyllaceae,"Trichomanes pellucens"
Equisetopsida,Hymenophyllales,Hymenophyllaceae,"Trichomanes trollii"
Equisetopsida,Caryophyllales,Polygonaceae,"Triplaris poeppigiana"
Equisetopsida,Poales,Poaceae,"Tripsacum andersonii"
Equisetopsida,Pandanales,Triuridaceae,"Triuris hyalina"
Equisetopsida,Asterales,Asteraceae,"Vernonanthura patens"
Equisetopsida,Sapindales,Anacardiaceae,"Tapirira guianensis"
Equisetopsida,Rosales,Moraceae,"Trophis caucana"
Equisetopsida,Dipsacales,Caprifoliaceae,"Valeriana clematitis"
Equisetopsida,Dipsacales,Caprifoliaceae,"Valeriana chaerophylloides"
Equisetopsida,Malpighiales,Salicaceae,"Tetrathylacium macrophyllum"
Equisetopsida,Malpighiales,Malpighiaceae,"Stigmaphyllon argenteum"
Equisetopsida,Commelinales,Haemodoraceae,"Xiphidium caeruleum"
Equisetopsida,Crossosomatales,Staphyleaceae,"Turpinia occidentalis"
Equisetopsida,Gentianales,Gentianaceae,"Tachia occidentalis"
Equisetopsida,Polypodiales,Thelypteridaceae,"Thelypteris decussata var. decussata"
Equisetopsida,Polypodiales,Dryopteridaceae,"Stigmatopteris heterophlebia"
Equisetopsida,Gentianales,Apocynaceae,"Tabernaemontana sananho"
Equisetopsida,Alismatales,Araceae,"Xanthosoma undipes"
Equisetopsida,Gentianales,Apocynaceae,"Tabernaemontana cuspidata"
Equisetopsida,Polypodiales,Thelypteridaceae,"Thelypteris leprieurii"
Equisetopsida,Polypodiales,Thelypteridaceae,"Thelypteris membranacea"
Equisetopsida,Fabales,Fabaceae,"Swartzia myrtifolia"
Equisetopsida,Fabales,Fabaceae,"Zygia coccinea"
Equisetopsida,Solanales,Solanaceae,"Witheringia solanacea"
Equisetopsida,Polypodiales,Thelypteridaceae,"Thelypteris valdepilosa"
Equisetopsida,Malvales,Malvaceae,"Theobroma grandiflorum"
Equisetopsida,Polypodiales,Tectariaceae,"Tectaria incisa"
Equisetopsida,Oxalidales,Cunoniaceae,"Weinmannia pentaphylla"
Equisetopsida,Polypodiales,Tectariaceae,"Tectaria lizarzaburui"
Equisetopsida,Oxalidales,Cunoniaceae,"Weinmannia lentiscifolia"
Equisetopsida,Gleicheniales,Gleicheniaceae,"Sticherus bifidus"
Equisetopsida,Sapindales,Anacardiaceae,"Thyrsodium bolivianum"
Equisetopsida,Asterales,Asteraceae,"Tilesia baccata"
Equisetopsida,Asterales,Asteraceae,"Tilesia baccata var. discoidea"
Equisetopsida,Gentianales,Rubiaceae,"Warszewiczia cordata"
Equisetopsida,Gentianales,Rubiaceae,"Warszewiczia coccinea"
Equisetopsida,Gentianales,Rubiaceae,"Tocoyena pittieri"
Equisetopsida,Cycadales,Zamiaceae,"Zamia poeppigiana"
Equisetopsida,Celastrales,Celastraceae,"Tontelea attenuata"
Equisetopsida,Celastrales,Celastraceae,"Tontelea coriacea"
Equisetopsida,Celastrales,Celastraceae,"Tontelea laxiflora"
Equisetopsida,Celastrales,Celastraceae,"Tontelea mauritioides"
Equisetopsida,Gentianales,Rubiaceae,"Tournefortiopsis crispiflora"
Equisetopsida,Malpighiales,Clusiaceae,"Tovomita weddelliana"
Equisetopsida,Commelinales,Commelinaceae,"Tradescantia zanonia"
Equisetopsida,Rosales,Cannabaceae,"Trema micranthum"
Equisetopsida,Gentianales,Gentianaceae,"Symbolanthus calygonus"
Equisetopsida,Sapindales,Meliaceae,"Trichilia micrantha"
Equisetopsida,Magnoliales,Myristicaceae,"Virola pavonis"
Equisetopsida,Sapindales,Meliaceae,"Trichilia pallida"
Equisetopsida,Magnoliales,Myristicaceae,"Virola multinervia"
Equisetopsida,Magnoliales,Myristicaceae,"Virola elongata"
Equisetopsida,Sapindales,Meliaceae,"Trichilia pleeana"
Equisetopsida,Sapindales,Meliaceae,"Trichilia rubra"
Equisetopsida,Hymenophyllales,Hymenophyllaceae,"Trichomanes crispum"
Equisetopsida,Hymenophyllales,Hymenophyllaceae,"Trichomanes dactylites"
Equisetopsida,Gentianales,Loganiaceae,"Strychnos mitscherlichii"
Equisetopsida,Gentianales,Apocynaceae,"Tassadia kamaensis"
Equisetopsida,Malvales,Malvaceae,"Urena lobata"
Equisetopsida,Gentianales,Loganiaceae,"Strychnos erichsonii"
Equisetopsida,Polypodiales,Thelypteridaceae,"Thelypteris aspidioides"
Equisetopsida,Polypodiales,Thelypteridaceae,"Thelypteris consobrina"
Equisetopsida,Polypodiales,Thelypteridaceae,"Thelypteris decussata"
Equisetopsida,Gentianales,Gentianaceae,"Tachia parviflora"
Equisetopsida,Fabales,Fabaceae,"Zygia longifolia"
Equisetopsida,Malpighiales,Malpighiaceae,"Stigmaphyllon maynense"
Equisetopsida,Solanales,Solanaceae,"Lycianthes stenoloba"
Equisetopsida,Lamiales,Gesneriaceae,"Besleria divaricata"
Equisetopsida,Gentianales,Rubiaceae,"Notopleura macrophylla"
Equisetopsida,Rosales,Urticaceae,"Cecropia distachya"
Equisetopsida,Lamiales,Gesneriaceae,"Besleria immitis"
Equisetopsida,Gentianales,Rubiaceae,"Psychotria japurensis"
Equisetopsida,Marattiales,Marattiaceae,"Danaea nodosa"
Equisetopsida,Polypodiales,Aspleniaceae,"Hymenasplenium repandulum"
Equisetopsida,Zingiberales,Costaceae,"Costus lasius"
Equisetopsida,Myrtales,Melastomataceae,"Miconia dodecandra"
Equisetopsida,Laurales,Lauraceae,"Endlicheria rubriflora"
Equisetopsida,Gentianales,Rubiaceae,"Gonzalagunia cornifolia"
Equisetopsida,Rosales,Moraceae,"Ficus pertusa"
Equisetopsida,Alismatales,Araceae,"Philodendron plowmanii"
Equisetopsida,Rosales,Moraceae,"Ficus paraensis"
Equisetopsida,Lamiales,Gesneriaceae,"Besleria racemosa"
Equisetopsida,Solanales,Solanaceae,"Solanum occultum"
Equisetopsida,Solanales,Solanaceae,"Lycianthes leptocaulis"
Equisetopsida,Solanales,Solanaceae,"Lycianthes inaequilatera"
Equisetopsida,Lamiales,Gesneriaceae,"Besleria rotundifolia"
Equisetopsida,Ericales,Sapotaceae,"Pouteria baehniana"
Equisetopsida,Gentianales,Rubiaceae,"Gonzalagunia exigua"
Equisetopsida,Laurales,Siparunaceae,"Siparuna vasqueziana"
Equisetopsida,Alismatales,Araceae,"Anthurium nigrescens"
Equisetopsida,Myrtales,Melastomataceae,"Centronia laurifolia"
Equisetopsida,Vitales,Vitaceae,"Cissus neei"
Equisetopsida,Gentianales,Rubiaceae,"Palicourea phaneroneura"
Equisetopsida,Santalales,Olacaceae,"Olax candida"
Equisetopsida,Gentianales,Rubiaceae,"Notopleura tolimensis"
Equisetopsida,Chloranthales,Chloranthaceae,"Hedyosmum racemosum"
Equisetopsida,Myrtales,Onagraceae,"Fuchsia macrophylla"
Equisetopsida,Polypodiales,Polypodiaceae,"Grammitis eunoe"
Equisetopsida,Ericales,Ericaceae,"Bejaria aestuans"
Equisetopsida,Gentianales,Rubiaceae,"Notopleura epiphytica"
Equisetopsida,Myrtales,Melastomataceae,"Miconia valenzuelana"
Equisetopsida,Ranunculales,Papaveraceae,"Bocconia frutescens"
Equisetopsida,Polypodiales,Oleandraceae,"Oleandra articulata"
Equisetopsida,Polypodiales,Oleandraceae,"Oleandra distenta"
Equisetopsida,Polypodiales,Oleandraceae,"Oleandra pilosa"
Equisetopsida,Apiales,Araliaceae,"Sciodaphyllum pentandrum"
Equisetopsida,Alismatales,Araceae,"Philodendron kroemeri"
Equisetopsida,Gentianales,Rubiaceae,"Macbrideina peruviana"
Equisetopsida,Fabales,Fabaceae,"Inga punctata"
Equisetopsida,Rosales,Urticaceae,"Myriocarpa stipitata"
Equisetopsida,Chloranthales,Chloranthaceae,"Hedyosmum sprucei"
Equisetopsida,Fabales,Fabaceae,"Calliandra angustifolia"
Equisetopsida,Gentianales,Rubiaceae,"Emmeorhiza umbellata"
Equisetopsida,Polypodiales,Polypodiaceae,"Grammitis serrulata"
Equisetopsida,Ericales,Marcgraviaceae,"Sarcopera anomala"
Equisetopsida,Polypodiales,Polypodiaceae,"Grammitis subsessilis"
Equisetopsida,Polypodiales,Saccolomataceae,"Saccoloma nigrescens"
Equisetopsida,Polypodiales,Saccolomataceae,"Saccoloma membranaceum"
Equisetopsida,Poales,Bromeliaceae,"Aechmea ferruginea"
Equisetopsida,Cyatheales,Cyatheaceae,"Cyathea pungens"
Equisetopsida,Polypodiales,Polypodiaceae,"Grammitis taenifolia"
Equisetopsida,Lamiales,Acanthaceae,"Aphelandra rosulata"
Equisetopsida,Polypodiales,Saccolomataceae,"Saccoloma inaequale"
Equisetopsida,Gentianales,Rubiaceae,"Palicourea pilosa"
Equisetopsida,Gentianales,Rubiaceae,"Palicourea schunkei"
Equisetopsida,Alismatales,Araceae,"Anthurium michelii"
Equisetopsida,Rosales,Urticaceae,"Boehmeria ulmifolia"
Equisetopsida,Myrtales,Melastomataceae,"Miconia subandicola"
Equisetopsida,Laurales,Monimiaceae,"Mollinedia ovata"
Equisetopsida,Cyatheales,Cyatheaceae,"Cyathea ulei"
Equisetopsida,Cyatheales,Cyatheaceae,"Cyathea bipinnatifida"
Equisetopsida,Lamiales,Acanthaceae,"Aphelandra schunkei"
Equisetopsida,Polypodiales,Athyriaceae,"Diplazium pinnatifidum"
Equisetopsida,Gentianales,Gentianaceae,"Helia alata"
Equisetopsida,Gentianales,Rubiaceae,"Notopleura capacifolia"
Equisetopsida,Alismatales,Araceae,"Philodendron herthae"
Equisetopsida,Myrtales,Melastomataceae,"Miconia stephanotricha"
Equisetopsida,Gentianales,Rubiaceae,"Geophila cordifolia"
Equisetopsida,Malpighiales,Violaceae,"Rinorea flavescens"
Equisetopsida,Zingiberales,Marantaceae,"Goeppertia dicephala"
Equisetopsida,Poales,Rapateaceae,"Rapatea paludosa"
Equisetopsida,Polypodiales,Pteridaceae,"Pteris speciosa"
Equisetopsida,Gentianales,Rubiaceae,"Palicourea levis"
Equisetopsida,Myrtales,Alzateaceae,"Alzatea verticillata subsp. verticillata"
Equisetopsida,Gentianales,Rubiaceae,"Malanea erecta"
Equisetopsida,Poales,Rapateaceae,"Rapatea spectabilis"
Equisetopsida,Alismatales,Araceae,"Monstera adansonii subsp. laniata"
Equisetopsida,Malpighiales,Violaceae,"Rinorea pubiflora"
Equisetopsida,Gentianales,Rubiaceae,"Palicourea flaviflora"
Equisetopsida,Malpighiales,Violaceae,"Rinorea viridifolia"
Equisetopsida,Myrtales,Melastomataceae,"Miconia membranacea"
Equisetopsida,Myrtales,Melastomataceae,"Miconia variabilis"
Equisetopsida,Asterales,Asteraceae,"Critoniopsis boliviana"
Equisetopsida,Zingiberales,Heliconiaceae,"Heliconia hirsuta"
Equisetopsida,Zingiberales,Heliconiaceae,"Heliconia lingulata"
Equisetopsida,Polypodiales,Dryopteridaceae,"Bolbitis serratifolia"
Equisetopsida,Sapindales,Rutaceae,"Raputiarana heptaphylla"
Equisetopsida,Sapindales,Meliaceae,"Guarea cinnamomea"
Equisetopsida,Polypodiales,Pteridaceae,"Pteris lechleri"
Equisetopsida,Alismatales,Araceae,"Anthurium macleani"
Equisetopsida,Gentianales,Rubiaceae,"Raritebe palicoureoides"
Equisetopsida,Malpighiales,Euphorbiaceae,"Hevea brasiliensis"
Equisetopsida,Sapindales,Burseraceae,"Bursera simaruba"
Equisetopsida,Gentianales,Rubiaceae,"Rustia rubra"
Equisetopsida,Zingiberales,Heliconiaceae,"Heliconia penduloides"
Equisetopsida,Myrtales,Melastomataceae,"Miconia aprica"
Equisetopsida,Gentianales,Rubiaceae,"Palicourea punicea"
Equisetopsida,Zingiberales,Heliconiaceae,"Heliconia rostrata"
Equisetopsida,Gentianales,Rubiaceae,"Palicourea dichotoma"
Equisetopsida,Polypodiales,Pteridaceae,"Pteris haenkeana"
Equisetopsida,Solanales,Solanaceae,"Solanum splendens"
Equisetopsida,Polypodiales,Pteridaceae,"Pteris biaurita"
Equisetopsida,Laurales,Siparunaceae,"Siparuna lewisiana"
Equisetopsida,Zingiberales,Heliconiaceae,"Heliconia spatho-circinata"
Equisetopsida,Polypodiales,Pteridaceae,"Pteris altissima"
Equisetopsida,Sapindales,Meliaceae,"Guarea guentheri"
Equisetopsida,Myrtales,Melastomataceae,"Miconia inobsepta"
Equisetopsida,Cyatheales,Cyatheaceae,"Cyathea subincisa"
Equisetopsida,Cyatheales,Cyatheaceae,"Cyathea lechleri"
Equisetopsida,Alismatales,Araceae,"Philodendron acreanum"
Equisetopsida,Fabales,Fabaceae,"Jupunba trapezifolia var. micradenia"
Equisetopsida,Alismatales,Araceae,"Anthurium latissimum"
Equisetopsida,Zingiberales,Heliconiaceae,"Heliconia stricta"
Equisetopsida,Cyatheales,Cyatheaceae,"Cyathea werffii"
Equisetopsida,Asterales,Campanulaceae,"Centropogon granulosus"
Equisetopsida,Sapindales,Meliaceae,"Guarea guidonia"
Equisetopsida,Malpighiales,Violaceae,"Leonia crassa"
Equisetopsida,Zingiberales,Heliconiaceae,"Heliconia subulata subsp. subulata"
Equisetopsida,Myrtales,Melastomataceae,"Miconia argyrophylla"
Equisetopsida,Polypodiales,Dryopteridaceae,"Elaphoglossum peltatum fo. flabellatum"
Equisetopsida,Gentianales,Rubiaceae,"Ronabea latifolia"
Equisetopsida,Poales,Bromeliaceae,"Ronnbergia explodens"
Equisetopsida,Zingiberales,Costaceae,"Costus zingiberoides"
Equisetopsida,Myrtales,Melastomataceae,"Miconia variifolia"
Equisetopsida,Zingiberales,Marantaceae,"Goeppertia propinqua"
Equisetopsida,Piperales,Piperaceae,"Peperomia verschaffeltii"
Equisetopsida,Asterales,Asteraceae,"Munnozia hastifolia"
Equisetopsida,Asterales,Campanulaceae,"Centropogon macrophyllus"
Equisetopsida,Gentianales,Rubiaceae,"Psychotria trivialis"
Equisetopsida,Sapindales,Meliaceae,"Guarea kunthiana"
Equisetopsida,Rosales,Urticaceae,"Myriocarpa laevigata"
Equisetopsida,Lamiales,Acanthaceae,"Pseuderanthemum lanceolatum"
Equisetopsida,Myrtales,Melastomataceae,"Miconia tomentosa"
Equisetopsida,Aquifoliales,Stemonuraceae,"Discophora guianensis"
Equisetopsida,Ericales,Primulaceae,"Geissanthus ambiguus"
Equisetopsida,Gentianales,Rubiaceae,"Carapichea affinis"
Equisetopsida,Liliales,Alstroemeriaceae,"Bomarea dispar"
Equisetopsida,Magnoliales,Myristicaceae,"Iryanthera hostmannii"
Equisetopsida,Sapindales,Sapindaceae,"Allophylus pilosus"
Equisetopsida,Alismatales,Araceae,"Philodendron verrucosum"
Equisetopsida,Lamiales,Lamiaceae,"Ocimum campechianum"
Equisetopsida,Fabales,Fabaceae,"Aeschynomene americana"
Equisetopsida,Polypodiales,Dryopteridaceae,"Megalastrum hirsutosetosum"
Equisetopsida,Asterales,Campanulaceae,"Centropogon sciaphilus"
Equisetopsida,Alismatales,Araceae,"Philodendron ornatum"
Equisetopsida,Gentianales,Rubiaceae,"Palicourea cornigera"
Equisetopsida,Gentianales,Rubiaceae,"Manettia reclinata"
Equisetopsida,Gentianales,Rubiaceae,"Remijia chelomaphylla"
Equisetopsida,Fabales,Fabaceae,"Crotalaria pallida"
Equisetopsida,Zingiberales,Marantaceae,"Goeppertia wallisii"
Equisetopsida,Ranunculales,Menispermaceae,"Rupertiella boliviana"
Equisetopsida,Alismatales,Araceae,"Philodendron killipii"
Equisetopsida,Myrtales,Melastomataceae,"Miconia calvescens"
Equisetopsida,Myrtales,Melastomataceae,"Miconia carolensis"
Equisetopsida,Gentianales,Rubiaceae,"Palicourea valenzuelana"
Equisetopsida,Santalales,Santalaceae,"Phoradendron peruvianum"
Equisetopsida,Sapindales,Meliaceae,"Guarea pterorhachis"
Equisetopsida,Magnoliales,Annonaceae,"Klarobelia pumila"
Equisetopsida,Gentianales,Rubiaceae,"Psychotria tenuicaulis"
Equisetopsida,Sapindales,Meliaceae,"Guarea pubescens"
Equisetopsida,Gentianales,Rubiaceae,"Posoqueria coriacea"
Equisetopsida,Proteales,Sabiaceae,"Ophiocaryon heterophyllum"
Equisetopsida,Gentianales,Rubiaceae,"Manettia racemosa"
Equisetopsida,Polypodiales,Dryopteridaceae,"Elaphoglossum pachyphyllum"
Equisetopsida,Myrtales,Melastomataceae,"Miconia serpens"
Equisetopsida,Zingiberales,Zingiberaceae,"Renealmia asplundii"
Equisetopsida,Malpighiales,Passifloraceae,"Passiflora auriculata"
Equisetopsida,Metteniusales,Metteniusaceae,"Calatola costaricensis"
Equisetopsida,Lamiales,Gesneriaceae,"Drymonia candida"
Equisetopsida,Malpighiales,Passifloraceae,"Passiflora candollei"
Equisetopsida,Marattiales,Marattiaceae,"Danaea arbuscula"
Equisetopsida,Alismatales,Araceae,"Anthurium harlingianum"
Equisetopsida,Zingiberales,Zingiberaceae,"Renealmia breviscapa"
Equisetopsida,Commelinales,Commelinaceae,"Floscopa peruviana"
Equisetopsida,Malvales,Malvaceae,"Heliocarpus americanus"
Equisetopsida,Gentianales,Rubiaceae,"Palicourea subalata"
Equisetopsida,Gentianales,Rubiaceae,"Palicourea vellerea"
Equisetopsida,Gentianales,Rubiaceae,"Palicourea conephoroides"
Equisetopsida,Myrtales,Melastomataceae,"Miconia bailloniana"
Equisetopsida,Lamiales,Acanthaceae,"Sanchezia xantha"
Equisetopsida,Malpighiales,Malpighiaceae,"Byrsonima arthropoda"
Equisetopsida,Alismatales,Araceae,"Stenospermation mathewsii"
Equisetopsida,Zingiberales,Zingiberaceae,"Renealmia nicolaioides"
Equisetopsida,Lamiales,Lamiaceae,"Cornutia pyramidata"
Equisetopsida,Malpighiales,Passifloraceae,"Passiflora capsularis"
Equisetopsida,Sapindales,Sapindaceae,"Matayba inelegans"
Equisetopsida,Zingiberales,Marantaceae,"Calathea crotalifera"
Equisetopsida,Alismatales,Araceae,"Stenospermation crassifolium"
Equisetopsida,Gentianales,Rubiaceae,"Manettia pearcei"
Equisetopsida,Magnoliales,Myristicaceae,"Iryanthera paraensis"
Equisetopsida,Lamiales,Lamiaceae,"Aegiphila smithii"
Equisetopsida,Myrtales,Melastomataceae,"Florbella wurdackii"
Equisetopsida,Malpighiales,Rhizophoraceae,"Sterigmapetalum obovatum"
Equisetopsida,Lamiales,Gesneriaceae,"Drymonia erythroloma"
Equisetopsida,Laurales,Lauraceae,"Endlicheria metallica"
Equisetopsida,Lamiales,Lamiaceae,"Aegiphila sordida"
Equisetopsida,Fabales,Fabaceae,"Senna occidentalis"
Equisetopsida,Dilleniales,Dilleniaceae,"Doliocarpus dentatus"
Equisetopsida,Lamiales,Acanthaceae,"Sanchezia ovata"
Equisetopsida,Zingiberales,Marantaceae,"Monotagma nutans"
Equisetopsida,Magnoliales,Annonaceae,"Guatteria hirsuta"
Equisetopsida,Laurales,Lauraceae,"Ocotea aciphylla"
Equisetopsida,Sapindales,Meliaceae,"Cabralea canjerana"
Equisetopsida,Asterales,Asteraceae,"Mikania aschersonii"
Equisetopsida,Gentianales,Rubiaceae,"Palicourea nigricans"
Equisetopsida,Lamiales,Lamiaceae,"Aegiphila triflora"
Equisetopsida,Zingiberales,Costaceae,"Costus scaber"
Equisetopsida,Fabales,Fabaceae,"Senna ruiziana"
Equisetopsida,Malpighiales,Chrysobalanaceae,"Licania hypoleuca"
Equisetopsida,Lamiales,Acanthaceae,"Sanchezia oblonga"
Equisetopsida,Poales,Poaceae,"Chusquea barbata"
Equisetopsida,Piperales,Piperaceae,"Piper peltatum"
Equisetopsida,Polypodiales,Polypodiaceae,"Microgramma dictyophylla"
Equisetopsida,Laurales,Siparunaceae,"Siparuna aspera"
Equisetopsida,Gentianales,Rubiaceae,"Psychotria pichisensis"
Equisetopsida,Gentianales,Rubiaceae,"Rudgea amazonica"
Equisetopsida,Gentianales,Rubiaceae,"Bertiera angustifolia"
Equisetopsida,Gentianales,Rubiaceae,"Palicourea winkleri"
Equisetopsida,Solanales,Solanaceae,"Solanum robustifrons"
Equisetopsida,Gentianales,Rubiaceae,"Psychotria paravillosa"
Equisetopsida,Alismatales,Araceae,"Caladium bicolor"
Equisetopsida,Lamiales,Schlegeliaceae,"Schlegelia parviflora"
Equisetopsida,Alismatales,Araceae,"Stenospermation angustifolium"
Equisetopsida,Laurales,Lauraceae,"Aiouea tomentella"
Equisetopsida,Pandanales,Cyclanthaceae,"Dicranopygium latissimum"
Equisetopsida,Laurales,Lauraceae,"Ocotea amplifolia"
Equisetopsida,Rosales,Ulmaceae,"Ampelocera edentula"
Equisetopsida,Myrtales,Melastomataceae,"Miconia weberbaueri"
Equisetopsida,Gentianales,Rubiaceae,"Rudgea citrifolia"
Equisetopsida,Gentianales,Rubiaceae,"Bertiera parviflora"
Equisetopsida,Magnoliales,Annonaceae,"Guatteria scytophylla"
Equisetopsida,Gentianales,Rubiaceae,"Rudgea crassipetiolata"
Equisetopsida,Alismatales,Araceae,"Anthurium formosum"
Equisetopsida,Zingiberales,Costaceae,"Costus productus var. productus"
Equisetopsida,Asterales,Asteraceae,"Ichthyothere scandens"
Equisetopsida,Hymenophyllales,Hymenophyllaceae,"Hymenophyllum trichomanoides"
Equisetopsida,Polypodiales,Hemidictyaceae,"Hemidictyum marginatum"
Equisetopsida,Gentianales,Rubiaceae,"Psychotria oinochrophylla"
Equisetopsida,Ericales,Ericaceae,"Psammisia coarctata"
Equisetopsida,Polypodiales,Polypodiaceae,"Microgramma bifrons"
Equisetopsida,Poales,Poaceae,"Ichnanthus panicoides"
Equisetopsida,Myrtales,Melastomataceae,"Miconia mayeta"
Equisetopsida,Alismatales,Araceae,"Anthurium flavescens"
Equisetopsida,Gentianales,Rubiaceae,"Coussarea paniculata"
Equisetopsida,Gentianales,Rubiaceae,"Rudgea verticillata"
Equisetopsida,Santalales,Balanophoraceae,"Helosis cayennensis"
Equisetopsida,Rosales,Moraceae,"Perebea guianensis"
Equisetopsida,Gentianales,Rubiaceae,"Rudgea psychotriifolia"
Equisetopsida,Hymenophyllales,Hymenophyllaceae,"Hymenophyllum plumieri"
Equisetopsida,Alismatales,Araceae,"Philodendron ruizii"
Equisetopsida,Cyatheales,Cyatheaceae,"Cyathea lasiosora"
Equisetopsida,Gentianales,Rubiaceae,"Retiniphyllum fuchsioides"
Equisetopsida,Myrtales,Melastomataceae,"Miconia formicoheterophylla"
Equisetopsida,Ericales,Primulaceae,"Cybianthus minutiflorus"
Equisetopsida,Laurales,Siparunaceae,"Siparuna thecaphora"
Equisetopsida,Myrtales,Melastomataceae,"Miconia paleacea"
Equisetopsida,Poales,Bromeliaceae,"Cipuropsis capituligera"
Equisetopsida,Magnoliales,Annonaceae,"Guatteria trichocarpa"
Equisetopsida,Rosales,Moraceae,"Ficus tonduzii"
Equisetopsida,Laurales,Siparunaceae,"Siparuna tomentosa"
Equisetopsida,Gentianales,Rubiaceae,"Coussarea pseudopilosula"
Equisetopsida,Rosales,Rosaceae,"Prunus amplifolia"
Equisetopsida,Poales,Cyperaceae,"Scleria martii"
Equisetopsida,Lamiales,Gesneriaceae,"Besleria citrina"
Equisetopsida,Rosales,Moraceae,"Ficus schippii"
Equisetopsida,Lycopodiales,Lycopodiaceae,"Lycopodiella cernua"
Equisetopsida,Gentianales,Rubiaceae,"Psychotria juninensis"
Equisetopsida,Zingiberales,Costaceae,"Costus productus"
Equisetopsida,Polypodiales,Dryopteridaceae,"Elaphoglossum metallicum"
Equisetopsida,Rosales,Urticaceae,"Pourouma mollis"
Equisetopsida,Cucurbitales,Cucurbitaceae,"Gurania lobata"
Equisetopsida,Lamiales,Gesneriaceae,"Besleria trichiata"
Equisetopsida,Gentianales,Rubiaceae,"Gonzalagunia killipii"
Equisetopsida,Ericales,Sapotaceae,"Pouteria bilocularis"
Equisetopsida,Polypodiales,Athyriaceae,"Diplazium subobtusum"
Equisetopsida,Aquifoliales,Cardiopteridaceae,"Citronella incarum"
Equisetopsida,Lamiales,Acanthaceae,"Dicliptera mercedesiae"
Equisetopsida,Polypodiales,Aspleniaceae,"Asplenium serratum"
Equisetopsida,Myrtales,Melastomataceae,"Miconia caerulea"
Equisetopsida,Solanales,Solanaceae,"Solanum nemorense"
Equisetopsida,Rosales,Moraceae,"Ficus maximoides"
Equisetopsida,Malpighiales,Euphorbiaceae,"Croton lechleri"
Equisetopsida,Cucurbitales,Begoniaceae,"Begonia glabra"
Equisetopsida,Alismatales,Araceae,"Anthurium dombeyanum"
Equisetopsida,Ericales,Sapotaceae,"Pouteria guianensis"
Equisetopsida,Gentianales,Rubiaceae,"Cordiera triflora"
Equisetopsida,Piperales,Piperaceae,"Piper augustum"
Equisetopsida,Solanales,Solanaceae,"Solanum monarchostemon"
Equisetopsida,Polypodiales,Aspleniaceae,"Asplenium quitense"
Equisetopsida,Polypodiales,Dryopteridaceae,"Polystichopsis ochropteroides"
Equisetopsida,Icacinales,Icacinaceae,"Leretia cordata"
Equisetopsida,Cyatheales,Cyatheaceae,"Alsophila gastonyi"
Equisetopsida,Poales,Poaceae,"Aulonemia david-smithii"
Equisetopsida,Polypodiales,Athyriaceae,"Diplazium eggersii"
Equisetopsida,Solanales,Solanaceae,"Solanum monadelphum"
Equisetopsida,Gentianales,Rubiaceae,"Isertia laevis"
Equisetopsida,Laurales,Lauraceae,"Endlicheria ruforamula"
Equisetopsida,Polypodiales,Polypodiaceae,"Serpocaulon caceresii"
Equisetopsida,Poales,Bromeliaceae,"Guzmania claviformis"
Equisetopsida,Malpighiales,Chrysobalanaceae,"Moquilea magnifructa"
Equisetopsida,Rosales,Moraceae,"Ficus macbridei"
Equisetopsida,Cyatheales,Metaxyaceae,"Metaxya rostrata"
Equisetopsida,Poales,Bromeliaceae,"Guzmania conifera"
Equisetopsida,Myrtales,Lythraceae,"Adenaria floribunda"
Equisetopsida,Asterales,Asteraceae,"Cyrtocymura scorpioides"
Equisetopsida,Asterales,Asteraceae,"Lepidaploa myriocephala"
Equisetopsida,Fabales,Fabaceae,"Inga nobilis subsp. quaternata"
Equisetopsida,Poales,Bromeliaceae,"Guzmania globosa"
Equisetopsida,Magnoliales,Myristicaceae,"Compsoneura capitellata"
Equisetopsida,Polypodiales,Polypodiaceae,"Serpocaulon dasypleuron"
Equisetopsida,Solanales,Solanaceae,"Solanum leucopogon"
Equisetopsida,Polypodiales,Aspleniaceae,"Asplenium flabellulatum"
Equisetopsida,Alismatales,Araceae,"Anthurium croatii"
Equisetopsida,Myrtales,Melastomataceae,"Miconia lugonis"
Equisetopsida,Gentianales,Gentianaceae,"Potalia amara"
Equisetopsida,Laurales,Lauraceae,"Nectandra membranacea"
Equisetopsida,Ranunculales,Menispermaceae,"Disciphania ernstii var. glaziovii"
Equisetopsida,Solanales,Solanaceae,"Solanum lepidotum"
Equisetopsida,Poales,Bromeliaceae,"Pitcairnia tarapotensis"
Equisetopsida,Malpighiales,Clusiaceae,"Dystovomita paniculata"
Equisetopsida,Zingiberales,Costaceae,"Costus guanaiensis var. tarmicus"
Equisetopsida,Ericales,Sapotaceae,"Pouteria trilocularis"
Equisetopsida,Zingiberales,Marantaceae,"Monotagma angustissimum"
Equisetopsida,Solanales,Solanaceae,"Solanum junctum"
Equisetopsida,Myrtales,Combretaceae,"Combretum fruticosum"
Equisetopsida,Malpighiales,Lacistemataceae,"Lacistema macbridei"
Equisetopsida,Polypodiales,Didymochlaenaceae,"Didymochlaena truncatula"
Equisetopsida,Lamiales,Gesneriaceae,"Paradrymonia longifolia"
Equisetopsida,Alismatales,Araceae,"Monstera obliqua"
Equisetopsida,Zingiberales,Costaceae,"Costus guanaiensis var. guanaiensis"
Equisetopsida,Brassicales,Cleomaceae,"Podandrogyne glabra"
Equisetopsida,Magnoliales,Annonaceae,"Anaxagorea brevipes"
Equisetopsida,Poales,Bromeliaceae,"Pitcairnia sprucei"
Equisetopsida,Lamiales,Gesneriaceae,"Columnea guttata"
Equisetopsida,Rosales,Moraceae,"Ficus donnell-smithii"
Equisetopsida,Vitales,Vitaceae,"Cissus ulmifolia"
Equisetopsida,Ericales,Ericaceae,"Sphyrospermum buxifolium"
Equisetopsida,Commelinales,Commelinaceae,"Dichorisandra ulei"
Equisetopsida,Lamiales,Lamiaceae,"Aegiphila insignis"
Equisetopsida,Fabales,Fabaceae,"Inga bourgonii"
Equisetopsida,Piperales,Piperaceae,"Peperomia mollis"
Equisetopsida,Laurales,Lauraceae,"Ocotea longipetiolata"
Equisetopsida,Alismatales,Araceae,"Anthurium weberbaueri"
Equisetopsida,Polypodiales,Aspleniaceae,"Asplenium auriculatum"
Equisetopsida,Laurales,Lauraceae,"Nectandra lineatifolia"
Equisetopsida,Polypodiales,Polypodiaceae,"Serpocaulon loriceum"
Equisetopsida,Gentianales,Rubiaceae,"Coussarea flava"
Equisetopsida,Piperales,Piperaceae,"Piper cordatum"
Equisetopsida,Polypodiales,Polypodiaceae,"Campyloneurum ophiocaulon"
Equisetopsida,Santalales,Loranthaceae,"Passovia pedunculata"
Equisetopsida,Alismatales,Araceae,"Anthurium corallinum"
Equisetopsida,Malpighiales,Salicaceae,"Lunania parviflora"
Equisetopsida,Pandanales,Cyclanthaceae,"Schultesiophytum chorianthum"
Equisetopsida,Gentianales,Apocynaceae,"Lacmellea ramosissima"
Equisetopsida,Ericales,Primulaceae,"Ardisia loretensis"
Equisetopsida,Polypodiales,Lindsaeaceae,"Lindsaea falcata"
Equisetopsida,Gentianales,Gentianaceae,"Potalia resinifera"
Equisetopsida,Rosales,Moraceae,"Ficus citrifolia"
Equisetopsida,Solanales,Solanaceae,"Solanum dimorphandrum"
Equisetopsida,Polypodiales,Lindsaeaceae,"Lindsaea lancea"
Equisetopsida,Rosales,Moraceae,"Ficus casapiensis"
Equisetopsida,Myrtales,Melastomataceae,"Miconia microphysca"
Equisetopsida,Laurales,Lauraceae,"Aiouea montana"
Equisetopsida,Piperales,Piperaceae,"Piper lineatum"
Equisetopsida,Ericales,Sapotaceae,"Chrysophyllum prieurii"
Equisetopsida,Rosales,Moraceae,"Ficus apollinaris"
Equisetopsida,Polypodiales,Tectariaceae,"Dracoglossum plantagineum"
Equisetopsida,Rosales,Moraceae,"Ficus americana"
Equisetopsida,Laurales,Lauraceae,"Ocotea olivacea"
Equisetopsida,Poales,Poaceae,"Andropogon bicornis"
Equisetopsida,Gentianales,Rubiaceae,"Palicourea huantensis"
Equisetopsida,Ericales,Primulaceae,"Parathesis adenanthera"
Equisetopsida,Malpighiales,Salicaceae,"Casearia pitumba"
Equisetopsida,Gentianales,Rubiaceae,"Ladenbergia klugii"
Equisetopsida,Laurales,Monimiaceae,"Mollinedia repanda"
Equisetopsida,Brassicales,Cleomaceae,"Cleome gigantea"
Equisetopsida,Celastrales,Celastraceae,"Peritassa killipii"
Equisetopsida,Poales,Poaceae,"Panicum millegrana"
Equisetopsida,Asterales,Asteraceae,"Elephantopus mollis"
Equisetopsida,Gentianales,Apocynaceae,"Aspidosperma excelsum"
Equisetopsida,Solanales,Solanaceae,"Solanum asperolanatum"
Equisetopsida,Caryophyllales,Phytolaccaceae,"Phytolacca rivinoides"
Equisetopsida,Fabales,Fabaceae,"Inga auristellae"
Equisetopsida,Gentianales,Rubiaceae,"Ladenbergia oblongifolia"
Equisetopsida,Celastrales,Celastraceae,"Peritassa peruviana"
Equisetopsida,Piperales,Piperaceae,"Peperomia obtusifolia"
Equisetopsida,Gentianales,Rubiaceae,"Palicourea parajusticioides"
Equisetopsida,Alismatales,Araceae,"Anthurium apaporanum"
Equisetopsida,Laurales,Lauraceae,"Ocotea splendens"
Equisetopsida,Solanales,Solanaceae,"Solanum appressum"
Equisetopsida,Myrtales,Melastomataceae,"Miconia emendata"
Equisetopsida,Solanales,Solanaceae,"Solanum aphyodendron"
Equisetopsida,Marattiales,Marattiaceae,"Danaea moritziana"
Equisetopsida,Myrtales,Melastomataceae,"Miconia poeppigii"
Equisetopsida,Vitales,Vitaceae,"Cissus anisophylla"
Equisetopsida,Lamiales,Gesneriaceae,"Glossoloma medusaeum"
Equisetopsida,Selaginellales,Selaginellaceae,"Selaginella lechleri"
Equisetopsida,Malpighiales,Euphorbiaceae,"Croton olivaceus"
Equisetopsida,Alismatales,Araceae,"Anthurium truncicola"
Equisetopsida,Marattiales,Marattiaceae,"Danaea vivax"
Equisetopsida,Asterales,Asteraceae,"Erechtites hieraciifolius"
Equisetopsida,Laurales,Lauraceae,"Aniba hostmanniana"
Equisetopsida,Polypodiales,Dryopteridaceae,"Mickelia oligarchica"
Equisetopsida,Gentianales,Rubiaceae,"Schizocalyx truncatus"
Equisetopsida,Polypodiales,Nephrolepidaceae,"Nephrolepis pectinata"
Equisetopsida,Gentianales,Rubiaceae,"Schizocalyx sterculioides"
Equisetopsida,Gentianales,Rubiaceae,"Cosmibuena grandiflora"
Equisetopsida,Lamiales,Acanthaceae,"Aphelandra aurantiaca"
Equisetopsida,Selaginellales,Selaginellaceae,"Selaginella praestans"
Equisetopsida,Cornales,Hydrangeaceae,"Hydrangea tarapotensis"
Equisetopsida,Pandanales,Cyclanthaceae,"Evodianthus funifer subsp. funifer"
Equisetopsida,Lamiales,Acanthaceae,"Stenostephanus densiflorus"
Equisetopsida,Myrtales,Melastomataceae,"Miconia alaticualis"
Equisetopsida,Malvales,Malvaceae,"Apeiba membranacea"
Equisetopsida,Laurales,Lauraceae,"Nectandra cissiflora"
Equisetopsida,Fabales,Fabaceae,"Inga alba"
Equisetopsida,Cornales,Hydrangeaceae,"Hydrangea peruviana"
Equisetopsida,Solanales,Solanaceae,"Cestrum conglomeratum"
Equisetopsida,Alismatales,Araceae,"Adelonema crinipes"
Equisetopsida,Piperales,Piperaceae,"Piper crassinervium"
Equisetopsida,Gentianales,Rubiaceae,"Coccocypselum condalia"
Equisetopsida,Lamiales,Gesneriaceae,"Diastema fimbratiloba"
Equisetopsida,Alismatales,Araceae,"Anthurium triphyllum"
Equisetopsida,Ericales,Primulaceae,"Myrsine coriacea"
Equisetopsida,Solanales,Solanaceae,"Solanum acuminatum"
Equisetopsida,Rosales,Cannabaceae,"Celtis iguanaea"
Equisetopsida,Malpighiales,Euphorbiaceae,"Nealchornea yapurensis"
Equisetopsida,Rosales,Moraceae,"Brosimum guianense"
Equisetopsida,Aquifoliales,Cardiopteridaceae,"Citronella melliodora"
Equisetopsida,Alismatales,Araceae,"Anthurium trinervium"
Equisetopsida,Alismatales,Araceae,"Anthurium amoenum"
Equisetopsida,Fabales,Fabaceae,"Macrolobium gracile"
Equisetopsida,Malpighiales,Salicaceae,"Casearia arborea"
Equisetopsida,Malpighiales,Salicaceae,"Pleuranthodendron lindenii"
Equisetopsida,Santalales,Balanophoraceae,"Langsdorffia hypogaea"
Equisetopsida,Laurales,Lauraceae,"Pleurothyrium cuneifolium"
Equisetopsida,Cyatheales,Dicksoniaceae,"Lophosoria quadripinnata"
Equisetopsida,Solanales,Solanaceae,"Cestrum microcalyx"
Equisetopsida,Polypodiales,Athyriaceae,"Diplazium alienum"
Equisetopsida,Lamiales,Acanthaceae,"Dianthera appendiculata"
Equisetopsida,Gentianales,Rubiaceae,"Duroia hirsuta"
Equisetopsida,Solanales,Convolvulaceae,"Ipomoea reticulata"
Equisetopsida,Ericales,Lecythidaceae,"Eschweilera andina"
Equisetopsida,Magnoliales,Annonaceae,"Annona neglecta"
Equisetopsida,Magnoliales,Annonaceae,"Annona neoulei"
Equisetopsida,Magnoliales,Annonaceae,"Annona papilionella"
Equisetopsida,Ericales,Clethraceae,"Clethra obovata"
Equisetopsida,Malvales,Malvaceae,"Malvaviscus concinnus"
Equisetopsida,Gentianales,Rubiaceae,"Faramea quinqueflora"
Equisetopsida,Poales,Bromeliaceae,"Catopsis nutans"
Equisetopsida,Polypodiales,Desmophlebiaceae,"Desmophlebium lechleri"
Equisetopsida,Lamiales,Gesneriaceae,"Corytoplectus speciosus"
Equisetopsida,Myrtales,Melastomataceae,"Blakea campii"
Equisetopsida,Gentianales,Rubiaceae,"Faramea multiflora"
Equisetopsida,Polypodiales,Dryopteridaceae,"Elaphoglossum eximium"
Equisetopsida,Polypodiales,Blechnaceae,"Salpichlaena volubilis"
Equisetopsida,Gentianales,Rubiaceae,"Faramea miconioides"
Equisetopsida,Lamiales,Acanthaceae,"Stenostephanus atrocalyx"
Equisetopsida,Polypodiales,Dryopteridaceae,"Elaphoglossum erinaceum"
Equisetopsida,Alismatales,Araceae,"Anthurium scandens subsp. scandens"
Equisetopsida,Malpighiales,Malpighiaceae,"Banisteriopsis muricata"
Equisetopsida,Gentianales,Rubiaceae,"Faramea glandulosa"
Equisetopsida,Malpighiales,Salicaceae,"Banara guianensis"
Equisetopsida,Myrtales,Myrtaceae,"Calyptranthes pleophlebia"
Equisetopsida,Gentianales,Rubiaceae,"Palicourea tepuiensis"
Equisetopsida,Gentianales,Rubiaceae,"Faramea candelabrum"
Equisetopsida,Myrtales,Melastomataceae,"Blakea latifolia"
Equisetopsida,Alismatales,Araceae,"Rhodospatha latifolia"
Equisetopsida,Malpighiales,Clusiaceae,"Chrysochlamys eclipes"
Equisetopsida,Magnoliales,Annonaceae,"Cremastosperma oblongum"
Equisetopsida,Gentianales,Rubiaceae,"Palicourea luteonivea"
Equisetopsida,Solanales,Solanaceae,"Cestrum racemosum"
Equisetopsida,Polypodiales,Lonchitidaceae,"Lonchitis hirsuta"
Equisetopsida,Fabales,Fabaceae,"Erythrina ulei"
Equisetopsida,Gentianales,Rubiaceae,"Pentagonia amazonica"
Equisetopsida,Lamiales,Gesneriaceae,"Gloxinia xanthophylla"
Equisetopsida,Polypodiales,Lomariopsidaceae,"Lomariopsis nigropaleata"
Equisetopsida,Malpighiales,Salicaceae,"Piparea multiflora"
Equisetopsida,Lamiales,Gesneriaceae,"Codonanthopsis corniculata"
Equisetopsida,Poales,Cyperaceae,"Diplasia karatifolia"
Equisetopsida,Ericales,Marcgraviaceae,"Marcgravia weberbaueri"
Equisetopsida,Fabales,Fabaceae,"Inga macrophylla"
Equisetopsida,Poales,Poaceae,"Lasiacis ligulata"
Equisetopsida,Myrtales,Melastomataceae,"Graffenrieda miconioides"
Equisetopsida,Malpighiales,Erythroxylaceae,"Erythroxylum citrifolium"
Equisetopsida,Poales,Poaceae,"Lasiacis maculata"
Equisetopsida,Poales,Bromeliaceae,"Racinaea spiculosa"
Equisetopsida,Asterales,Asteraceae,"Mikania banisteriae"
Equisetopsida,Poales,Bromeliaceae,"Racinaea spiculosa var. triticea"
Equisetopsida,Laurales,Lauraceae,"Persea peruviana"
Equisetopsida,Gentianales,Rubiaceae,"Palicourea tomentosa"
Equisetopsida,Myrtales,Melastomataceae,"Miconia flaccida"
Equisetopsida,Rosales,Urticaceae,"Coussapoa ovalifolia"
Equisetopsida,Solanales,Solanaceae,"Cestrum rigidum"
Equisetopsida,Laurales,Lauraceae,"Rhodostemonodaphne kunthiana"
Equisetopsida,Laurales,Lauraceae,"Persea areolatocostae"
Equisetopsida,Brassicales,Caricaceae,"Jacaratia chocoensis"
Equisetopsida,Ericales,Ericaceae,"Satyria leucostoma"
Equisetopsida,Malpighiales,Erythroxylaceae,"Erythroxylum macrophyllum"
Equisetopsida,Fabales,Fabaceae,"Inga edulis"
Equisetopsida,Alismatales,Araceae,"Monstera lechleriana"
Equisetopsida,Laurales,Lauraceae,"Pleurothyrium poeppigii"
Equisetopsida,Brassicales,Caricaceae,"Jacaratia digitata"
Equisetopsida,Asterales,Asteraceae,"Galinsoga quadriradiata"
Equisetopsida,Alismatales,Araceae,"Anthurium scandens"
Equisetopsida,Myrtales,Melastomataceae,"Miconia leacrenata"
Equisetopsida,Laurales,Lauraceae,"Endlicheria bracteata"
Equisetopsida,Myrtales,Melastomataceae,"Miconia florbella"
Equisetopsida,Cucurbitales,Begoniaceae,"Begonia semiovata"
Equisetopsida,Liliales,Smilacaceae,"Smilax purhampuy"
Equisetopsida,Brassicales,Caricaceae,"Jacaratia spinosa"
Equisetopsida,Piperales,Piperaceae,"Peperomia hernandiifolia"
Equisetopsida,Alismatales,Araceae,"Monstera subpinnata"
Equisetopsida,Malpighiales,Caryocaraceae,"Anthodiscus klugii"
Equisetopsida,Malpighiales,Caryocaraceae,"Anthodiscus amazonicus"
Equisetopsida,Polypodiales,Dryopteridaceae,"Cyclodium meniscioides"
Equisetopsida,Zingiberales,Marantaceae,"Monotagma plurispicatum"
Equisetopsida,Polypodiales,Dryopteridaceae,"Polybotrya osmundacea"
Equisetopsida,Gentianales,Rubiaceae,"Schradera subandina"
Equisetopsida,Solanales,Solanaceae,"Solanum ursinum"
Equisetopsida,Rosales,Urticaceae,"Coussapoa trinervia"
Equisetopsida,Malpighiales,Euphorbiaceae,"Acalypha cuneata"
Equisetopsida,Ericales,Clethraceae,"Clethra pedicellaris"
Equisetopsida,Gentianales,Rubiaceae,"Schizocalyx peruvianus"
Equisetopsida,Gentianales,Apocynaceae,"Mesechites trifidus"
Equisetopsida,Malpighiales,Caryocaraceae,"Caryocar glabrum subsp. glabrum"
Equisetopsida,Gentianales,Gentianaceae,"Macrocarpaea wallnoeferi"
Equisetopsida,Alismatales,Araceae,"Philodendron deltoideum"
Equisetopsida,Myrtales,Melastomataceae,"Miconia nervosa"
Equisetopsida,Gentianales,Rubiaceae,"Hoffmannia viridis"
Equisetopsida,Polypodiales,Blechnaceae,"Blechnum asplenioides"
Equisetopsida,Alismatales,Araceae,"Philodendron deflexum"
Equisetopsida,Fabales,Fabaceae,"Inga acuminata"
Equisetopsida,Fabales,Fabaceae,"Inga acrocephala"
Equisetopsida,Gentianales,Rubiaceae,"Hoffmannia pearcei"
Equisetopsida,Gentianales,Gentianaceae,"Macrocarpaea robin-fosteri"
Equisetopsida,Myrtales,Melastomataceae,"Miconia tococa"
Equisetopsida,Gentianales,Rubiaceae,"Palicourea stevensiana"
Equisetopsida,Lamiales,Gesneriaceae,"Drymonia semicordata"
Equisetopsida,Gentianales,Gentianaceae,"Macrocarpaea micrantha"
Equisetopsida,Lamiales,Gesneriaceae,"Drymonia coccinea"
Equisetopsida,Myrtales,Melastomataceae,"Miconia triplinervis"
Equisetopsida,Gentianales,Rubiaceae,"Elaeagia pastoensis"
Equisetopsida,Alismatales,Araceae,"Anthurium polydactylum"
Equisetopsida,Asterales,Asteraceae,"Mikania juninensis"
Equisetopsida,Myrtales,Melastomataceae,"Miconia neoepiphytica"
Equisetopsida,Sapindales,Simaroubaceae,"Simarouba amara"
Equisetopsida,Laurales,Lauraceae,"Beilschmiedia latifolia"
Equisetopsida,Commelinales,Commelinaceae,"Callisia serrulata"
Equisetopsida,Polypodiales,Blechnaceae,"Blechnum gracile"
Equisetopsida,Polypodiales,Dryopteridaceae,"Elaphoglossum setigerum"
Equisetopsida,Solanales,Solanaceae,"Hawkesiophyton ulei"
Equisetopsida,Ericales,Primulaceae,"Cybianthus granulosus"
Equisetopsida,Gentianales,Rubiaceae,"Cinchonopsis amazonica"
Equisetopsida,Asterales,Asteraceae,"Clibadium divaricatum"
Equisetopsida,Gentianales,Rubiaceae,"Palicourea grandiflora"
Equisetopsida,Gentianales,Rubiaceae,"Pagamea dudleyi"
Equisetopsida,Malpighiales,Violaceae,"Leonia racemosa"
Equisetopsida,Gentianales,Apocynaceae,"Ambelania occidentalis"
Equisetopsida,Alismatales,Araceae,"Anthurium oxapampense"
Equisetopsida,Myrtales,Myrtaceae,"Eugenia polystachya"
Equisetopsida,Myrtales,Melastomataceae,"Miconia alternidomatia"
Equisetopsida,Solanales,Solanaceae,"Solanum thelopodium"
Equisetopsida,Fabales,Fabaceae,"Parkia panurensis"
Equisetopsida,Piperales,Piperaceae,"Peperomia emarginella"
Equisetopsida,Piperales,Piperaceae,"Peperomia stelechophila"
Equisetopsida,Gentianales,Rubiaceae,"Palicourea gracilenta"
Equisetopsida,Vitales,Vitaceae,"Cissus peruviana"
Equisetopsida,Solanales,Solanaceae,"Cuatresia cuneata"
Equisetopsida,Solanales,Solanaceae,"Juanulloa parasitica"
Equisetopsida,Chloranthales,Chloranthaceae,"Hedyosmum cuatrecazanum"
Equisetopsida,Gentianales,Rubiaceae,"Hippotis triflora"
Equisetopsida,Poales,Poaceae,"Paspalum candidum"
Equisetopsida,Sapindales,Sapindaceae,"Dodonaea viscosa"
Equisetopsida,Solanales,Solanaceae,"Solanum americanum"
Equisetopsida,Piperales,Piperaceae,"Peperomia galioides"
Equisetopsida,Asparagales,Iridaceae,"Orthrosanthus chimboracensis"
Equisetopsida,Asterales,Campanulaceae,"Lobelia tenera"
Equisetopsida,Apiales,Apiaceae,"Azorella crenata"
Equisetopsida,Oxalidales,Oxalidaceae,"Oxalis medicaginea"
Equisetopsida,Myrtales,Melastomataceae,"Monochaetum lineatum"
Equisetopsida,Santalales,Loranthaceae,"Gaiadendron punctatum"
Equisetopsida,Poales,Poaceae,"Nassella mucronata"
Equisetopsida,Liliales,Alstroemeriaceae,"Bomarea multiflora"
Equisetopsida,Geraniales,Geraniaceae,"Geranium ayavacense"
Equisetopsida,Asterales,Asteraceae,"Philoglossa mimuloides"
Equisetopsida,Ericales,Ericaceae,"Gualtheria myrsinoides"
Equisetopsida,Myrtales,Melastomataceae,"Miconia obscura"
Equisetopsida,Poales,Poaceae,"Festuca bromoides"
Equisetopsida,Polypodiales,Blechnaceae,"Blechnum fragile"
Equisetopsida,Piperales,Piperaceae,"Piper andreanum"
Equisetopsida,Podocarpales,Podocarpaceae,"Podocarpus oleifolius"
Equisetopsida,Myrtales,Melastomataceae,"Meriania tetragona"
Equisetopsida,Lamiales,Bignoniaceae,"Delostoma integrifolium"
Equisetopsida,Poales,Poaceae,"Cinnagrostis rupestris"
Equisetopsida,Sapindales,Anacardiaceae,"Mauria heterophylla"
Equisetopsida,Solanales,Solanaceae,"Solanum amblophyllum"
Equisetopsida,Caryophyllales,Polygonaceae,"Rumex acetosella"
Equisetopsida,Ericales,Ericaceae,"Disterigma acuminatum"
Equisetopsida,Alismatales,Araceae,"Anthurium incurvatum"
Equisetopsida,Lamiales,Calceolariaceae,"Calceolaria calycina"
Equisetopsida,Lamiales,Calceolariaceae,"Calceolaria cordiformis"
Equisetopsida,Ericales,Ericaceae,"Gaultheria reticulata"
Equisetopsida,Asterales,Asteraceae,"Hieracium peruanum"
Equisetopsida,Poales,Poaceae,"Paspalum bonplandianum"
Equisetopsida,Piperales,Piperaceae,"Piper amalago"
Equisetopsida,Lamiales,Orobanchaceae,"Neobartsia melampyroides"
Equisetopsida,Asterales,Campanulaceae,"Centropogon verbascifolius"
Equisetopsida,Gentianales,Rubiaceae,"Cinchona officinalis"
Equisetopsida,Laurales,Lauraceae,"Persea haenkeana"
Equisetopsida,Ranunculales,Berberidaceae,"Berberis beauverdiana"
Equisetopsida,Lamiales,Lamiaceae,"Stachys arvensis"
Equisetopsida,Poales,Poaceae,"Chusquea polyclados"
Equisetopsida,Sapindales,Anacardiaceae,"Mauria simplicifolia"
Equisetopsida,Polypodiales,Dryopteridaceae,"Dryopteris saffordii"
Equisetopsida,Asterales,Campanulaceae,"Centropogon rufus"
Equisetopsida,Poales,Cyperaceae,"Rhynchospora polyphylla"
Equisetopsida,Asparagales,Iridaceae,"Sisyrinchium chilense"
Equisetopsida,Rosales,Rosaceae,"Hesperomeles cuneata"
Equisetopsida,Solanales,Solanaceae,"Solanum oblongifolium"
Equisetopsida,Lamiales,Lamiaceae,"Salvia alata"
Equisetopsida,Dioscoreales,Dioscoreaceae,"Dioscorea syringifolia"
Equisetopsida,Lamiales,Orobanchaceae,"Lamourouxia sylvatica"
Equisetopsida,Laurales,Lauraceae,"Persea ferruginea"
Equisetopsida,Asterales,Asteraceae,"Liabum floribundum"
Equisetopsida,Caryophyllales,Phytolaccaceae,"Phytolacca bogotensis"
Equisetopsida,Asterales,Asteraceae,"Achyrocline alata"
Equisetopsida,Apiales,Apiaceae,"Azorella biloba"
Equisetopsida,Polypodiales,Pteridaceae,"Radiovittaria ruiziana"
Equisetopsida,Caryophyllales,Caryophyllaceae,"Stellaria media"
Equisetopsida,Polypodiales,Dryopteridaceae,"Elaphoglossum andicola"
Equisetopsida,Celastrales,Celastraceae,"Maytenus verticillata"
Equisetopsida,Polypodiales,Dryopteridaceae,"Elaphoglossum huacsaro"
Equisetopsida,Lamiales,Plantaginaceae,"Plantago australis"
Equisetopsida,Lamiales,Calceolariaceae,"Calceolaria pavonii"
Equisetopsida,Gentianales,Rubiaceae,"Galium corymbosum"
Equisetopsida,Lamiales,Lamiaceae,"Salvia florida"
Equisetopsida,Escalloniales,Escalloniaceae,"Escallonia myrtilloides"
Equisetopsida,Asterales,Asteraceae,"Chromolaena leptocephala"
Equisetopsida,Piperales,Piperaceae,"Peperomia rotundata"
Equisetopsida,Myrtales,Melastomataceae,"Miconia neriifolia"
Equisetopsida,Myrtales,Lythraceae,"Cuphea ciliata"
Equisetopsida,Piperales,Piperaceae,"Peperomia trinervis"
Equisetopsida,Ericales,Ericaceae,"Gaultheria bracteata"
Equisetopsida,Apiales,Apiaceae,"Daucus montanus"
Equisetopsida,Rosales,Urticaceae,"Pilea myriophylla"
Equisetopsida,Polypodiales,Aspleniaceae,"Asplenium triphyllum"
Equisetopsida,Poales,Juncaceae,"Juncus imbricatus"
Equisetopsida,Asterales,Asteraceae,"Ageratina glechonophylla"
Equisetopsida,Myrtales,Myrtaceae,"Myrcianthes discolor"
Equisetopsida,Polypodiales,Blechnaceae,"Blechnum loxense"
Equisetopsida,Lamiales,Verbenaceae,"Duranta sprucei"
Equisetopsida,Fagales,Betulaceae,"Alnus acuminata"
Equisetopsida,Myrtales,Myrtaceae,"Myrcianthes myrsinoides"
Equisetopsida,Malpighiales,Euphorbiaceae,"Acalypha ruiziana"
Equisetopsida,Lycopodiales,Lycopodiaceae,"Lycopodium clavatum"
Equisetopsida,Lamiales,Calceolariaceae,"Calceolaria rhododendroides"
Equisetopsida,Myrtales,Melastomataceae,"Brachyotum coronatum"
Equisetopsida,Apiales,Apiaceae,"Eryngium humile"
Equisetopsida,Malpighiales,Passifloraceae,"Passiflora mathewsii"
Equisetopsida,Polypodiales,Polypodiaceae,"Polypodium thyssanolepis"
Equisetopsida,Geraniales,Geraniaceae,"Geranium chilloense"
Equisetopsida,Poales,Poaceae,"Cortaderia bifida"
Equisetopsida,Lamiales,Lamiaceae,"Mesosphaerum eriocephalum"
Equisetopsida,Hymenophyllales,Hymenophyllaceae,"Hymenophyllum fucoides"
Equisetopsida,Ericales,Clethraceae,"Clethra ferruginea"
Equisetopsida,Lamiales,Calceolariaceae,"Calceolaria tripartita"
Equisetopsida,Fabales,Fabaceae,"Desmodium molliculum"
Equisetopsida,Lamiales,Lamiaceae,"Leonotis nepetifolia"
Equisetopsida,Poales,Bromeliaceae,"Guzmania xipholepis"
Equisetopsida,Asterales,Asteraceae,"Baccharis venosa"
Equisetopsida,Lamiales,Plantaginaceae,"Plantago lanceolata"
Equisetopsida,Polypodiales,Polypodiaceae,"Microgramma piloselloides"
Equisetopsida,Malpighiales,Hypericaceae,"Hypericum laricifolium"
Equisetopsida,Lamiales,Lamiaceae,"Stachys aperta"
Equisetopsida,Myrtales,Melastomataceae,"Brachyotum quinquenerve"
Equisetopsida,Ericales,Ericaceae,"Gaultheria erecta"
Equisetopsida,Caryophyllales,Polygonaceae,"Muehlenbeckia tamnifolia"
Equisetopsida,Dioscoreales,Dioscoreaceae,"Dioscorea weberbaueri"
Equisetopsida,Myrtales,Melastomataceae,"Brachyotum radula"
Equisetopsida,Myrtales,Melastomataceae,"Miconia bracteolata"
Equisetopsida,Gentianales,Rubiaceae,"Palicourea stipularis"
Equisetopsida,Ranunculales,Papaveraceae,"Bocconia integrifolia"
Equisetopsida,Polypodiales,Polypodiaceae,"Serpocaulon lasiopus"
Equisetopsida,Ericales,Polemoniaceae,"Cantua pyrifolia"
Equisetopsida,Malvales,Malvaceae,"Sida rhombifolia"
Equisetopsida,Ericales,Polemoniaceae,"Cantua quercifolia"
Equisetopsida,Gentianales,Rubiaceae,"Galianthe dichotoma"
Equisetopsida,Malvales,Malvaceae,"Anoda cristata"
Equisetopsida,Asterales,Asteraceae,"Bidens andicola"
Equisetopsida,Myrtales,Melastomataceae,"Brachyotum rostratum"
Equisetopsida,Myrtales,Onagraceae,"Fuchsia ayavacensis"
Equisetopsida,Ericales,Pentaphylacaceae,"Freziera lanata"
Equisetopsida,Lamiales,Acanthaceae,"Aphelandra acanthifolia"
Equisetopsida,Myrtales,Melastomataceae,"Brachyotum tyrianthinum"
Equisetopsida,Cucurbitales,Begoniaceae,"Begonia urticae"
Equisetopsida,Polytrichales,Polytrichaceae,"Polytrichum juniperinum"
Equisetopsida,Caryophyllales,Caryophyllaceae,"Stellaria cuspidata"
Equisetopsida,Polypodiales,Dennstaedtiaceae,"Pteridium aquilinum"
Equisetopsida,Laurales,Lauraceae,"Nectandra utilis"
Equisetopsida,Apiales,Araliaceae,"Sciodaphyllum acuminatum"
Equisetopsida,Asterales,Asteraceae,"Gamochaeta americana"
Equisetopsida,Poales,Poaceae,"Cinnagrostis tarmensis"
Equisetopsida,Caryophyllales,Amaranthaceae,"Dysphania ambrosioides"
Equisetopsida,Lamiales,Lamiaceae,"Clinopodium obovatum"
Equisetopsida,Fabales,Polygalaceae,"Polygala paniculata"
Equisetopsida,Malpighiales,Passifloraceae,"Passiflora viridescens"
Equisetopsida,Gentianales,Gentianaceae,"Gentiana sedifolia"
Equisetopsida,Malpighiales,Passifloraceae,"Passiflora manicata"
Equisetopsida,Lamiales,Lamiaceae,"Lepechinia radula"
Equisetopsida,Asterales,Asteraceae,"Paranephelius uniflorus"
Equisetopsida,Lycopodiales,Lycopodiaceae,"Lycopodium jussiaei"
Equisetopsida,Asterales,Asteraceae,"Sonchus oleraceus"
Equisetopsida,Fabales,Fabaceae,"Otholobium mexicanum"
Equisetopsida,Polypodiales,Dennstaedtiaceae,"Pteridium esculentum subsp. Arachnoideum"
Equisetopsida,Piperales,Piperaceae,"Peperomia acuminata"
Equisetopsida,Myrtales,Melastomataceae,"Miconia theaezans"
Equisetopsida,Poales,Bromeliaceae,"Pitcairnia riparia"
Equisetopsida,Asterales,Asteraceae,"Achyrocline peruviana"
Equisetopsida,Proteales,Proteaceae,"Oreocallis grandiflora"
Equisetopsida,Lamiales,Lamiaceae,"Minthostachys mollis var. mollis"
Equisetopsida,Poales,Cyperaceae,"Isolepis inundata"
Equisetopsida,Solanales,Convolvulaceae,"Dichondra repens"
Equisetopsida,Malpighiales,Hypericaceae,"Hypericum silenoides"
Equisetopsida,Asterales,Asteraceae,"Baccharis latifolia"
Equisetopsida,Rosales,Rosaceae,"Alchemilla pinnata"
Equisetopsida,Polypodiales,Aspleniaceae,"Asplenium aethiopicum"
Equisetopsida,Geraniales,Geraniaceae,"Geranium peruvianum"
Equisetopsida,Poales,Cyperaceae,"Cyperus aggregatus"
Equisetopsida,Myrtales,Onagraceae,"Ludwigia peruviana"
Equisetopsida,Asterales,Asteraceae,"Hypochaeris chillensis"
Equisetopsida,Laurales,Lauraceae,"Ocotea arnottiana"
Equisetopsida,Apiales,Araliaceae,"Oreopanax candamoanus"
Equisetopsida,Polypodiales,Pteridaceae,"Radiovittaria gardneriana"
Equisetopsida,Asterales,Asteraceae,"Perezia pungens"
Equisetopsida,Poales,Poaceae,"Poa annua"
Equisetopsida,Asterales,Asteraceae,"Ageratina fastigiata"
Equisetopsida,Asterales,Asteraceae,"Gynoxys calyculisolvens"
Equisetopsida,Chloranthales,Chloranthaceae,"Hedyosmum cumbalense"
Equisetopsida,Poales,Poaceae,"Koeleria spicata"
Equisetopsida,Lamiales,Acanthaceae,"Aphelandra wurdackii"
Equisetopsida,Asterales,Asteraceae,"Bidens pilosa"
Equisetopsida,Rosales,Rosaceae,"Potentilla indica"
Equisetopsida,Asterales,Asteraceae,"Dorobaea pimpinellifolia"
Equisetopsida,Apiales,Araliaceae,"Oreopanax eriocephalus"
Equisetopsida,Lamiales,Scrophulariaceae,"Alonsoa meridionalis"
Equisetopsida,Polypodiales,Blechnaceae,"Blechnum occidentale"
Equisetopsida,Asterales,Asteraceae,"Pseudognaphalium attenuatum"
Equisetopsida,Polypodiales,Polypodiaceae,"Campyloneurum crassifolium"
Equisetopsida,Asterales,Asteraceae,"Bidens triplinervia"
Equisetopsida,Myrtales,Melastomataceae,"Chaetogastra laxa"
Equisetopsida,Ranunculales,Ranunculaceae,"Knowltonia integrifolia"
Equisetopsida,Ericales,Ericaceae,"Gaultheria glomerata"
Equisetopsida,Lycopodiales,Lycopodiaceae,"Lycopodium magellanicum"
Equisetopsida,Rosales,Rosaceae,"Acaena ovalifolia"
Equisetopsida,Oxalidales,Brunelliaceae,"Brunellia briquetti"
Equisetopsida,Asterales,Asteraceae,"Baccharis nitida"
Equisetopsida,Proteales,Proteaceae,"Lomatia hirsuta"
Equisetopsida,Rosales,Urticaceae,"Cecropia telenitida"
Equisetopsida,Polypodiales,Polypodiaceae,"Serpocaulon sessilifolium"
Equisetopsida,Equisetales,Equisetaceae,"Equisetum bogotense"
Equisetopsida,Lycopodiales,Lycopodiaceae,"Lycopodium thyoides"
Equisetopsida,Asterales,Asteraceae,"Chrysactinium acaule"
Equisetopsida,Malpighiales,Hypericaceae,"Hypericum thesiifolium"
Equisetopsida,Gentianales,Rubiaceae,"Nertera granadensis"
Equisetopsida,Polypodiales,Blechnaceae,"Blechnum schomburgkii"
Equisetopsida,Gentianales,Apocynaceae,"Matelea marginata"
Equisetopsida,Asterales,Asteraceae,"Liabum solidagineum"
Equisetopsida,Asterales,Asteraceae,"Gnaphalium dombeyanum"
Equisetopsida,Cucurbitales,Begoniaceae,"Begonia monadelpha"
Equisetopsida,Asterales,Asteraceae,"Heliopsis buphthalmoides"
Equisetopsida,Asterales,Asteraceae,"Baccharis auriculigera"
Equisetopsida,Santalales,Loranthaceae,"Aetanthus nodosus"
Equisetopsida,Equisetales,Equisetaceae,"Equisetum giganteum"
Equisetopsida,Caryophyllales,Amaranthaceae,"Alternanthera brasiliana"
Equisetopsida,Malpighiales,Passifloraceae,"Passiflora cumbalensis"
Equisetopsida,Aquifoliales,Aquifoliaceae,"Ilex karstenii"
Equisetopsida,Ericales,Pentaphylacaceae,"Freziera reticulata"
Equisetopsida,Myrtales,Melastomataceae,"Miconia aggregata"
Equisetopsida,Asterales,Asteraceae,"Baccharis oblongifolia"
Equisetopsida,Asterales,Asteraceae,"Monactis flaverioides"
Equisetopsida,Cyatheales,Cyatheaceae,"Cyathea caracasana"
Equisetopsida,Caryophyllales,Amaranthaceae,"Iresine diffusa"
Equisetopsida,Malpighiales,Clusiaceae,"Clusia elliptica"
Equisetopsida,Polypodiales,Blechnaceae,"Blechnum cordatum"
Equisetopsida,Laurales,Lauraceae,"Persea subcordata"
Equisetopsida,Poales,Poaceae,"Eragrostis pilosa"
Equisetopsida,Lamiales,Plantaginaceae,"Stemodia suffruticosa"
Equisetopsida,Asterales,Asteraceae,"Baccharis tricuneata"
Equisetopsida,Malpighiales,Clusiaceae,"Clusia ducuoides"
Equisetopsida,Rosales,Urticaceae,"Phenax laevigatus"
Equisetopsida,Malpighiales,Clusiaceae,"Clusia ducu"
Equisetopsida,Ericales,Ericaceae,"Macleania rupestris"
Equisetopsida,Asterales,Asteraceae,"Erato polymnioides"
Equisetopsida,Poales,Poaceae,"Muhlenbergia ligularis"
Equisetopsida,Asterales,Asteraceae,"Cotula australis"
Equisetopsida,Ericales,Ericaceae,"Cavendishia bracteata"
Equisetopsida,Lycopodiales,Lycopodiaceae,"Lycopodium vestitum"
Equisetopsida,Myrtales,Melastomataceae,"Miconia denticulata"
Equisetopsida,Chloranthales,Chloranthaceae,"Hedyosmum scabrum"
Equisetopsida,Asterales,Asteraceae,"Smallanthus parviceps"
Equisetopsida,Oxalidales,Brunelliaceae,"Brunellia trigyna"
Equisetopsida,Lamiales,Lamiaceae,"Mesosphaerum pectinatum"
Equisetopsida,Myrtales,Melastomataceae,"Meriania tomentosa"
Equisetopsida,Lamiales,Orobanchaceae,"Castilleja pumila"
Equisetopsida,Poales,Poaceae,"Festuca huamachucensis"
Equisetopsida,Asterales,Asteraceae,"Sigesbeckia jorullensis"
Equisetopsida,Cornales,Cornaceae,"Cornus peruviana"
Equisetopsida,Rosales,Rosaceae,"Rubus nubigenus"
Equisetopsida,Myrtales,Onagraceae,"Fuchsia mathewsii"
Equisetopsida,Caryophyllales,Caryophyllaceae,"Stellaria nemorum"
Equisetopsida,Laurales,Siparunaceae,"Siparuna muricata"
Equisetopsida,Apiales,Apiaceae,"Azorella multifida"
Equisetopsida,Liliales,Alstroemeriaceae,"Bomarea superba"
Equisetopsida,Caryophyllales,Caryophyllaceae,"Arenaria lanuginosa"
Equisetopsida,Asterales,Asteraceae,"Erechtites valerianifolius"
Equisetopsida,Liliales,Smilacaceae,"Smilax domingensis"
Equisetopsida,Myrtales,Melastomataceae,"Axinaea nitida"
Equisetopsida,Solanales,Solanaceae,"Deprea lutea"
Equisetopsida,Poales,Juncaceae,"Juncus stipulatus"
Equisetopsida,Poales,Poaceae,"Bromus lanatus"
Equisetopsida,Rosales,Rosaceae,"Rubus boliviensis"
Equisetopsida,Asterales,Asteraceae,"Munnozia senecionidis"
Equisetopsida,Rosales,Rosaceae,"Rubus adenothallus"
Equisetopsida,Asterales,Asteraceae,"Jungia rugosa"
Equisetopsida,Polypodiales,Dryopteridaceae,"Elaphoglossum engelii"
Equisetopsida,Gentianales,Rubiaceae,"Palicourea amethystina"
Equisetopsida,Gentianales,Rubiaceae,"Galium hypocarpium"
Equisetopsida,Oxalidales,Cunoniaceae,"Weinmannia haenkeana"
Equisetopsida,Oxalidales,Cunoniaceae,"Weinmannia elliptica"
Equisetopsida,Fabales,Fabaceae,"Zornia piurensis"
Equisetopsida,Ericales,Ericaceae,"Vaccinium crenatum"
Equisetopsida,Ericales,Ericaceae,"Vaccinium didymanthum"
Equisetopsida,Oxalidales,Cunoniaceae,"Weinmannia cymbifolia"
Equisetopsida,Ericales,Symplocaceae,"Symplocos sandemanii"
Equisetopsida,Polypodiales,Pteridaceae,"Vittaria graminifolia"
Equisetopsida,Gleicheniales,Gleicheniaceae,"Sticherus revolutus"
Equisetopsida,Poales,Bromeliaceae,"Tillandsia buseri"
Equisetopsida,Fabales,Fabaceae,"Trifolium pratense"
Equisetopsida,Fabales,Fabaceae,"Trifolium repens"
Equisetopsida,Ericales,Ericaceae,"Vaccinium floribundum"
Equisetopsida,Poales,Bromeliaceae,"Tillandsia complanata"
Equisetopsida,Ericales,Pentaphylacaceae,"Ternstroemia jelskii"
Equisetopsida,Malpighiales,Violaceae,"Viola arguta"
Equisetopsida,Asterales,Asteraceae,"Werneria villosa"
Equisetopsida,Santalales,Loranthaceae,"Tristerix longebracteatus"
Equisetopsida,Ericales,Pentaphylacaceae,"Ternstroemia circumscissilis"
Equisetopsida,Solanales,Solanaceae,"Trozelia grandiflora"
Equisetopsida,Lamiales,Bignoniaceae,"Tanaecium pyramidatum"
Equisetopsida,Gleicheniales,Gleicheniaceae,"Sticherus simplex"
Equisetopsida,Fabales,Fabaceae,"Tachigali peruviana"
Equisetopsida,Lamiales,Bignoniaceae,"Tabebuia aurea"
Equisetopsida,Malpighiales,Malpighiaceae,"Stigmaphyllon bogotense"
Equisetopsida,Malpighiales,Malpighiaceae,"Stigmaphyllon cardiophyllum"
Equisetopsida,Malpighiales,Malpighiaceae,"Stigmaphyllon sinuatum"
Equisetopsida,Polypodiales,Dryopteridaceae,"Stigmatopteris pellucidopunctata"
Equisetopsida,Malvales,Malvaceae,"Wissadula hernandioides"
Equisetopsida,Oxalidales,Cunoniaceae,"Weinmannia pinnata"
Equisetopsida,Oxalidales,Cunoniaceae,"Weinmannia macrophylla"
Equisetopsida,Oxalidales,Cunoniaceae,"Weinmannia balbisiana"
Equisetopsida,Gentianales,Gentianaceae,"Voyria aphylla"
Equisetopsida,Myrtales,Vochysiaceae,"Vochysia obscura"
Equisetopsida,Myrtales,Vochysiaceae,"Vochysia haenkeana"
Equisetopsida,Malpighiales,Hypericaceae,"Vismia pozuzoensis"
Equisetopsida,Malpighiales,Hypericaceae,"Vismia lauriformis"
Equisetopsida,Malpighiales,Hypericaceae,"Vismia gracilis"
Equisetopsida,Malpighiales,Hypericaceae,"Vismia floribunda"
Equisetopsida,Malpighiales,Hypericaceae,"Vismia cavanillesiana"
Equisetopsida,Dipsacales,Viburnaceae,"Viburnum reticulatum"
Equisetopsida,Dipsacales,Viburnaceae,"Viburnum jelskii"
Equisetopsida,Brassicales,Caricaceae,"Vasconcellea microcarpa"
Equisetopsida,Dipsacales,Caprifoliaceae,"Valeriana adscendens"
Equisetopsida,Sapindales,Sapindaceae,"Urvillea ulmacea"
Equisetopsida,Rosales,Urticaceae,"Urtica leptophylla"
Equisetopsida,Santalales,Loranthaceae,"Struthanthus orbicularis"
Equisetopsida,Rosales,Urticaceae,"Urera simplex"
Equisetopsida,Rosales,Urticaceae,"Urera laciniata"
Equisetopsida,Rosales,Urticaceae,"Urera caracasana"
Equisetopsida,Rosales,Urticaceae,"Urera baccifera"
Equisetopsida,Gentianales,Rubiaceae,"Uncaria guianensis"
Equisetopsida,Gentianales,Loganiaceae,"Strychnos tarapotensis"
Equisetopsida,Rosales,Moraceae,"Trophis racemosa"
Equisetopsida,Asterales,Asteraceae,"Trixis divaricata"
Equisetopsida,Malvales,Malvaceae,"Triumfetta lappula"
Equisetopsida,Caryophyllales,Polygonaceae,"Triplaris setosa var. woytkowskii"
Equisetopsida,Caryophyllales,Polygonaceae,"Triplaris americana"
Equisetopsida,Myrtales,Melastomataceae,"Triolena pustulata"
Equisetopsida,Hymenophyllales,Hymenophyllaceae,"Trichomanes rupestre"
Equisetopsida,Hymenophyllales,Hymenophyllaceae,"Trichomanes radicans"
Equisetopsida,Hymenophyllales,Hymenophyllaceae,"Trichomanes plumosum"
Equisetopsida,Hymenophyllales,Hymenophyllaceae,"Trichomanes accedens"
Equisetopsida,Buxales,Buxaceae,"Styloceras penninervium"
Equisetopsida,Solanales,Solanaceae,"Trianaea speciosa"
Equisetopsida,Ericales,Primulaceae,"Stylogyne micrantha"
Equisetopsida,Sapindales,Rutaceae,"Toxosiphon trifoliatus"
Equisetopsida,Sapindales,Anacardiaceae,"Toxicodendron striatum"
Equisetopsida,Brassicales,Tovariaceae,"Tovaria pendula"
Equisetopsida,Lamiales,Bignoniaceae,"Tourrettia lappacea"
Equisetopsida,Boraginales,Heliotropiaceae,"Tournefortia scabrida"
Equisetopsida,Boraginales,Heliotropiaceae,"Tournefortia foetidissima"
Equisetopsida,Celastrales,Celastraceae,"Tontelea emarginata"
Equisetopsida,Fabales,Fabaceae,"Zapoteca caracasana"
Equisetopsida,Sapindales,Rutaceae,"Zanthoxylum sprucei"
Equisetopsida,Sapindales,Rutaceae,"Zanthoxylum huberi"
Equisetopsida,Sapindales,Rutaceae,"Zanthoxylum fagara"
Equisetopsida,Poales,Bromeliaceae,"Tillandsia straminea"
Equisetopsida,Poales,Bromeliaceae,"Tillandsia ferreyrae"
Equisetopsida,Lamiales,Acanthaceae,"Thunbergia alata"
Equisetopsida,Fabales,Fabaceae,"Swartzia arborescens"
Equisetopsida,Ericales,Ericaceae,"Thibaudia densiflora"
Equisetopsida,Ericales,Ericaceae,"Thibaudia anomala"
Equisetopsida,Malvales,Malvaceae,"Theobroma cacao"
Equisetopsida,Polypodiales,Thelypteridaceae,"Thelypteris tristis"
Equisetopsida,Fabales,Fabaceae,"Swartzia myrtifolia var. peruviana"
Equisetopsida,Polypodiales,Thelypteridaceae,"Thelypteris concinna"
Equisetopsida,Fabales,Fabaceae,"Swartzia simplex"
Equisetopsida,Malpighiales,Malpighiaceae,"Tetrapterys discolor"
Equisetopsida,Dilleniales,Dilleniaceae,"Tetracera parviflora"
Equisetopsida,Gentianales,Gentianaceae,"Symbolanthus daturoides"
Equisetopsida,Myrtales,Combretaceae,"Terminalia amazonia"
Equisetopsida,Fabales,Fabaceae,"Tephrosia sinapou"
Equisetopsida,Lamiales,Bignoniaceae,"Tecoma rosifolia"
Equisetopsida,Malpighiales,Clusiaceae,"Symphonia globulifera"
Equisetopsida,Piperales,Piperaceae,"Piper longifolium"
Equisetopsida,Laurales,Siparunaceae,"Siparuna schimpffii"
Equisetopsida,Lamiales,Acanthaceae,"Aphelandra ferreyrae"
Equisetopsida,Ranunculales,Menispermaceae,"Cissampelos andromorpha"
Equisetopsida,Piperales,Piperaceae,"Peperomia cardenasii"
Equisetopsida,Piperales,Piperaceae,"Peperomia bangii"
Equisetopsida,Lamiales,Acanthaceae,"Aphelandra montis-scalaris"
Equisetopsida,Piperales,Piperaceae,"Peperomia andicola"
Equisetopsida,Piperales,Piperaceae,"Peperomia alata"
Equisetopsida,Vitales,Vitaceae,"Cissus trianae"
Equisetopsida,Vitales,Vitaceae,"Cissus erosa"
Equisetopsida,Poales,Poaceae,"Sporobolus indicus"
Equisetopsida,Rosales,Urticaceae,"Coussapoa nitida"
Equisetopsida,Cucurbitales,Cucurbitaceae,"Cayaponia macrocalyx"
Equisetopsida,Malvales,Malvaceae,"Quararibea wittii"
Equisetopsida,Polypodiales,Polypodiaceae,"Pleopeltis macrocarpa"
Equisetopsida,Ericales,Ericaceae,"Cavendishia pubescens"
Equisetopsida,Polypodiales,Dryopteridaceae,"Polystichum platyphyllum"
Equisetopsida,Gentianales,Rubiaceae,"Palicourea luteovirescens"
Equisetopsida,Ericales,Marcgraviaceae,"Marcgravia williamsii"
Equisetopsida,Rosales,Urticaceae,"Cecropia montana"
Equisetopsida,Gentianales,Rubiaceae,"Notopleura triaxillaris"
Equisetopsida,Gentianales,Rubiaceae,"Palicourea longirostris"
Equisetopsida,Myrtales,Melastomataceae,"Adelobotrys adscendens"
Equisetopsida,Fabales,Fabaceae,"Indigofera suffruticosa"
Equisetopsida,Rosales,Moraceae,"Batocarpus orinocensis"
Equisetopsida,Gentianales,Rubiaceae,"Schizocalyx condoricus"
Equisetopsida,Fabales,Polygalaceae,"Monnina hirtella"
Equisetopsida,Myrtales,Melastomataceae,"Meriania rugosa"
Equisetopsida,Sapindales,Sapindaceae,"Allophylus floribundus"
Equisetopsida,Schizaeales,Schizaeaceae,"Schizaea elegans"
Equisetopsida,Ericales,Marcgraviaceae,"Marcgravia crenata"
Equisetopsida,Alismatales,Araceae,"Monstera spruceana"
Equisetopsida,Gentianales,Rubiaceae,"Palicourea subfusca"
Equisetopsida,Polypodiales,Pteridaceae,"Polytaenium lineatum"
Equisetopsida,Malpighiales,Malpighiaceae,"Diplopterys pubipetala"
Equisetopsida,Myrtales,Melastomataceae,"Miconia punctata"
Equisetopsida,Gentianales,Rubiaceae,"Palicourea lasiantha"
Equisetopsida,Poales,Poaceae,"Alloteropsis cimicina"
Equisetopsida,Malpighiales,Chrysobalanaceae,"Couepia chrysocalyx"
Equisetopsida,Cucurbitales,Begoniaceae,"Begonia buddleiifolia"
Equisetopsida,Malpighiales,Calophyllaceae,"Marila laxiflora"
Equisetopsida,Poales,Poaceae,"Schizachyrium microstachyum"
Equisetopsida,Dilleniales,Dilleniaceae,"Davilla rugosa"
Equisetopsida,Aquifoliales,Aquifoliaceae,"Ilex teratopis"
Equisetopsida,Cucurbitales,Begoniaceae,"Begonia foliosa"
Equisetopsida,Malpighiales,Malpighiaceae,"Diplopterys longialata"
Equisetopsida,Aquifoliales,Aquifoliaceae,"Ilex pustulosa"
Equisetopsida,Malpighiales,Clusiaceae,"Marila nitida"
Equisetopsida,Gentianales,Rubiaceae,"Palicourea subspicata"
Equisetopsida,Cucurbitales,Begoniaceae,"Begonia guaduensis"
Equisetopsida,Aquifoliales,Aquifoliaceae,"Ilex nervosa"
Equisetopsida,Cucurbitales,Begoniaceae,"Begonia parviflora"
Equisetopsida,Asterales,Asteraceae,"Schistocarpha eupatorioides"
Equisetopsida,Gentianales,Rubiaceae,"Palicourea sulphurea"
Equisetopsida,Gentianales,Rubiaceae,"Palicourea hollinensis"
Equisetopsida,Sapindales,Meliaceae,"Cedrela nebulosa"
Equisetopsida,Gentianales,Rubiaceae,"Palicourea tenerior"
Equisetopsida,Malpighiales,Malpighiaceae,"Diplopterys caduciflora"
Equisetopsida,Aquifoliales,Aquifoliaceae,"Ilex laurina"
Equisetopsida,Gentianales,Rubiaceae,"Palicourea thyrsiflora"
Equisetopsida,Alismatales,Araceae,"Philodendron hylaeae"
Equisetopsida,Aquifoliales,Aquifoliaceae,"Ilex juttana"
Equisetopsida,Myrtales,Melastomataceae,"Meriania speciosa"
Equisetopsida,Cucurbitales,Begoniaceae,"Begonia subciliata"
Equisetopsida,Sapindales,Meliaceae,"Cedrela odorata"
Equisetopsida,Malpighiales,Malpighiaceae,"Banisteriopsis padifolia"
Equisetopsida,Asterales,Asteraceae,"Baccharis trinervis"
Equisetopsida,Cucurbitales,Begoniaceae,"Begonia wurdackii"
Equisetopsida,Lamiales,Gesneriaceae,"Drymonia urceolata"
Equisetopsida,Laurales,Lauraceae,"Beilschmiedia costaricensis"
Equisetopsida,Polypodiales,Pteridaceae,"Radiovittaria moritziana"
Equisetopsida,Aquifoliales,Aquifoliaceae,"Ilex gabrielleana"
Equisetopsida,Solanales,Solanaceae,"Datura aurea"
Equisetopsida,Gentianales,Rubiaceae,"Palicourea gomezii"
Equisetopsida,Lamiales,Gesneriaceae,"Drymonia warszewicziana"
Equisetopsida,Lamiales,Bignoniaceae,"Pyrostegia venusta"
Equisetopsida,Polypodiales,Pteridaceae,"Radiovittaria stipitata"
Equisetopsida,Lamiales,Acanthaceae,"Stenostephanus sprucei"
Equisetopsida,Gentianales,Rubiaceae,"Palicourea triphylla"
Equisetopsida,Gentianales,Rubiaceae,"Geophila repens"
Equisetopsida,Ericales,Ericaceae,"Bejaria resinosa"
Equisetopsida,Ericales,Ericaceae,"Bejaria sprucei"
Equisetopsida,Asterales,Asteraceae,"Gochnatia vernonioides"
Equisetopsida,Cyatheales,Cyatheaceae,"Cyathea poeppigii"
Equisetopsida,Myrtales,Melastomataceae,"Bellucia mespiloides"
Equisetopsida,Myrtales,Melastomataceae,"Bellucia pentamera"
Equisetopsida,Alismatales,Araceae,"Monstera pinnatipartita"
Equisetopsida,Zingiberales,Marantaceae,"Goeppertia microcephalum"
Equisetopsida,Gentianales,Rubiaceae,"Palicourea deflexa"
Equisetopsida,Gentianales,Rubiaceae,"Palicourea cutucuana"
Equisetopsida,Malpighiales,Malpighiaceae,"Banisteriopsis polygama"
Equisetopsida,Gentianales,Rubiaceae,"Palicourea croceoides"
Equisetopsida,Zingiberales,Marantaceae,"Goeppertia squarrosa"
Equisetopsida,Malvales,Malvaceae,"Ceiba insignis"
Equisetopsida,Gentianales,Rubiaceae,"Coussarea obliqua"
Equisetopsida,Gentianales,Rubiaceae,"Palicourea conferta"
Equisetopsida,Malpighiales,Malpighiaceae,"Banisteriopsis martiniana"
Equisetopsida,Laurales,Lauraceae,"Endlicheria paniculata"
Equisetopsida,Gentianales,Rubiaceae,"Manettia divaricata"
Equisetopsida,Gentianales,Rubiaceae,"Palicourea coerulea"
Equisetopsida,Gentianales,Rubiaceae,"Manettia cordifolia"
Equisetopsida,Poales,Cyperaceae,"Scleria latifolia"
Equisetopsida,Lamiales,Orobanchaceae,"Castilleja cerroana"
Equisetopsida,Asterales,Asteraceae,"Munnozia gigantea"
Equisetopsida,Poales,Poaceae,"Ichnanthus lancifolius"
Equisetopsida,Gentianales,Apocynaceae,"Mandevilla vanheurckii"
Equisetopsida,Alismatales,Araceae,"Philodendron guttiferum"
Equisetopsida,Gentianales,Apocynaceae,"Mandevilla subsagittata"
Equisetopsida,Gentianales,Apocynaceae,"Mandevilla rugellosa"
Equisetopsida,Fabales,Fabaceae,"Biancaea decapetala"
Equisetopsida,Lamiales,Lamiaceae,"Hyptis odorata"
Equisetopsida,Asterales,Asteraceae,"Achyrocline satureioides"
Equisetopsida,Gentianales,Rubiaceae,"Palicourea axillaris"
Equisetopsida,Malpighiales,Salicaceae,"Casearia sylvestris"
Equisetopsida,Gentianales,Rubiaceae,"Coussarea tortilis"
Equisetopsida,Rosales,Urticaceae,"Cecropia angustifolia"
Equisetopsida,Solanales,Solanaceae,"Physalis angulata"
Equisetopsida,Polypodiales,Polypodiaceae,"Polypodium caceresii"
Equisetopsida,Myrtales,Melastomataceae,"Graffenrieda cucullata"
Equisetopsida,Ericales,Actinidiaceae,"Saurauia prainiana"
Equisetopsida,Malpighiales,Salicaceae,"Casearia nigricans"
Equisetopsida,Laurales,Lauraceae,"Endlicheria szyszylowiczii"
Equisetopsida,Ericales,Actinidiaceae,"Saurauia peruviana"
Equisetopsida,Gentianales,Gentianaceae,"Gentianella violacea"
Equisetopsida,Myrtales,Melastomataceae,"Graffenrieda emarginata"
Equisetopsida,Caryophyllales,Amaranthaceae,"Celosia grandifolia"
Equisetopsida,Malpighiales,Salicaceae,"Casearia fasciculata"
Equisetopsida,Malpighiales,Salicaceae,"Casearia decandra"
Equisetopsida,Myrtales,Melastomataceae,"Graffenrieda gracilis"
Equisetopsida,Ericales,Ericaceae,"Satyria warszewiczii"
Equisetopsida,Myrtales,Melastomataceae,"Graffenrieda limbata"
Equisetopsida,Solanales,Convolvulaceae,"Ipomoea quamoclit"
Equisetopsida,Malvales,Bixaceae,"Bixa platycarpa"
Equisetopsida,Caryophyllales,Amaranthaceae,"Alternanthera mexicana"
Equisetopsida,Ericales,Marcgraviaceae,"Souroubea didyma"
Equisetopsida,Alismatales,Araceae,"Philodendron ernestii"
Equisetopsida,Myrtales,Melastomataceae,"Blakea hirsutissima"
Equisetopsida,Myrtales,Melastomataceae,"Blakea leoniae"
Equisetopsida,Myrtales,Melastomataceae,"Blakea multiflora"
Equisetopsida,Myrtales,Melastomataceae,"Blakea ovalis"
Equisetopsida,Gentianales,Gentianaceae,"Gentianella quipuscoana"
Equisetopsida,Malpighiales,Salicaceae,"Casearia aculeata"
Equisetopsida,Myrtales,Melastomataceae,"Blakea repens"
Equisetopsida,Gentianales,Apocynaceae,"Cascabela thevetia"
Equisetopsida,Gentianales,Rubiaceae,"Palicourea acuminata"
Equisetopsida,Malpighiales,Euphorbiaceae,"Caryodendron janeirense"
Equisetopsida,Myrtales,Melastomataceae,"Blakea spruceana"
Equisetopsida,Myrtales,Melastomataceae,"Blakea standleyana"
Equisetopsida,Asterales,Asteraceae,"Mutisia wurdackii"
Equisetopsida,Malvales,Malvaceae,"Ayenia hirsuta"
Equisetopsida,Gentianales,Gentianaceae,"Gentianella decemnectaria"
Equisetopsida,Gentianales,Gentianaceae,"Gentianella chamuchui"
Equisetopsida,Polypodiales,Dennstaedtiaceae,"Hypolepis parallelogramma"
Equisetopsida,Gentianales,Rubiaceae,"Pagamea guianensis"
Equisetopsida,Proteales,Sabiaceae,"Meliosma boliviensis"
Equisetopsida,Polypodiales,Blechnaceae,"Blechnum divergens"
Equisetopsida,Polypodiales,Blechnaceae,"Blechnum ensiforme"
Equisetopsida,Lamiales,Gesneriaceae,"Drymonia oxysepala"
Equisetopsida,Celastrales,Celastraceae,"Maytenus ebenifolia"
Equisetopsida,Poales,Eriocaulaceae,"Paepalanthus fluviatilis"
Equisetopsida,Poales,Eriocaulaceae,"Paepalanthus ferreyrae"
Equisetopsida,Gentianales,Asclepiadaceae,"Blepharodon pictus"
Equisetopsida,Poales,Eriocaulaceae,"Paepalanthus ensifolius"
Equisetopsida,Polypodiales,Polypodiaceae,"Grammitis immixta"
Equisetopsida,Myrtales,Melastomataceae,"Centronia reticulata"
Equisetopsida,Polypodiales,Polypodiaceae,"Pleopeltis remota"
Equisetopsida,Asterales,Campanulaceae,"Centropogon alsophilus"
Equisetopsida,Ranunculales,Ranunculaceae,"Ranunculus gigas"
Equisetopsida,Fabales,Fabaceae,"Entada polystachya"
Equisetopsida,Gentianales,Rubiaceae,"Genipa americana"
Equisetopsida,Asterales,Campanulaceae,"Centropogon cornutus"
Equisetopsida,Asterales,Asteraceae,"Hypochaeris graminea"
Equisetopsida,Lamiales,Lamiaceae,"Aegiphila integrifolia"
Equisetopsida,Lamiales,Plantaginaceae,"Scoparia dulcis"
Equisetopsida,Lamiales,Lamiaceae,"Scutellaria aurata"
Equisetopsida,Fabales,Polygalaceae,"Monnina amplibracteata"
Equisetopsida,Ericales,Lecythidaceae,"Grias peruviana"
Equisetopsida,Lamiales,Lamiaceae,"Scutellaria coccinea"
Equisetopsida,Malpighiales,Malpighiaceae,"Alicia anisopetala"
Equisetopsida,Rosales,Moraceae,"Sorocea steinbachii"
Equisetopsida,Asterales,Campanulaceae,"Centropogon dillonii"
Equisetopsida,Lamiales,Acanthaceae,"Pachystachys spicata"
Equisetopsida,Asterales,Campanulaceae,"Centropogon featherstonei"
Equisetopsida,Asterales,Campanulaceae,"Centropogon gamosepalus"
Equisetopsida,Gentianales,Gentianaceae,"Irlbachia alata subsp. alata"
Equisetopsida,Sapindales,Sapindaceae,"Cardiospermum grandiflorum"
Equisetopsida,Lamiales,Lamiaceae,"Aegiphila peruviana"
Equisetopsida,Sapindales,Rutaceae,"Ravenia biramosa"
Equisetopsida,Asterales,Campanulaceae,"Centropogon silvaticus"
Equisetopsida,Malpighiales,Euphorbiaceae,"Sapium glandulosum"
Equisetopsida,Sapindales,Meliaceae,"Guarea macrophylla"
Equisetopsida,Magnoliales,Myristicaceae,"Iryanthera lancifolia"
Equisetopsida,Malvales,Malvaceae,"Malachra ruderalis"
Equisetopsida,Liliales,Alstroemeriaceae,"Bomarea nervosa"
Equisetopsida,Polypodiales,Pteridaceae,"Pityrogramma trifoliata"
Equisetopsida,Apiales,Apiaceae,"Sanicula liberta"
Equisetopsida,Solanales,Solanaceae,"Capsicum frutescens"
Equisetopsida,Lamiales,Acanthaceae,"Cephalacanthus maculatus"
Equisetopsida,Lamiales,Acanthaceae,"Sanchezia wurdackii"
Equisetopsida,Magnoliales,Annonaceae,"Guatteria arenicola"
Equisetopsida,Lamiales,Acanthaceae,"Sanchezia scandens"
Equisetopsida,Picramniales,Picramniaceae,"Picramnia latifolia"
Equisetopsida,Magnoliales,Annonaceae,"Guatteria griseifolia"
Equisetopsida,Malpighiales,Bonnetiaceae,"Bonnetia paniculata"
Equisetopsida,Polypodiales,Athyriaceae,"Diplazium tungurahuae"
Equisetopsida,Zingiberales,Zingiberaceae,"Renealmia thyrsoidea subsp. thyrsoidea"
Equisetopsida,Lamiales,Acanthaceae,"Sanchezia macrocnemis"
Equisetopsida,Magnoliales,Annonaceae,"Guatteria punctata"
Equisetopsida,Lamiales,Acanthaceae,"Sanchezia longiflora"
Equisetopsida,Lamiales,Acanthaceae,"Sanchezia klugii"
Equisetopsida,Magnoliales,Magnoliaceae,"Magnolia bankardiorum"
Equisetopsida,Gentianales,Rubiaceae,"Retiniphyllum concolor"
Equisetopsida,Gentianales,Rubiaceae,"Posoqueria latifolia"
Equisetopsida,Magnoliales,Annonaceae,"Guatteria stipitata"
Equisetopsida,Magnoliales,Annonaceae,"Guatteria tomentosa"
Equisetopsida,Zingiberales,Marantaceae,"Ischnosiphon annulatus"
Equisetopsida,Lamiales,Gesneriaceae,"Drymonia doratostyla"
Equisetopsida,Lamiales,Lamiaceae,"Salvia pauciserrata"
Equisetopsida,Solanales,Solanaceae,"Nicotiana tabacum"
Equisetopsida,Fabales,Polygalaceae,"Securidaca diversifolia"
Equisetopsida,Malvales,Malvaceae,"Pachira nitida"
Equisetopsida,Gentianales,Rubiaceae,"Guettarda fontanesii"
Equisetopsida,Zingiberales,Cannaceae,"Canna paniculata"
Equisetopsida,Cucurbitales,Cucurbitaceae,"Gurania acuminata"
Equisetopsida,Cucurbitales,Cucurbitaceae,"Gurania bignoniacea"
Equisetopsida,Alismatales,Araceae,"Stenospermation adsimile"
Equisetopsida,Asterales,Asteraceae,"Coreopsis microlepis"
Equisetopsida,Lamiales,Gesneriaceae,"Gasteranthus wendlandianus"
Equisetopsida,Malpighiales,Euphorbiaceae,"Pleradenophora membranifolia"
Equisetopsida,Lamiales,Gesneriaceae,"Seemannia sylvatica"
Equisetopsida,Asterales,Asteraceae,"Oyedaea oxylepis"
Equisetopsida,Laurales,Lauraceae,"Ocotea cuneifolia"
Equisetopsida,Malpighiales,Clusiaceae,"Garcinia madruno"
Equisetopsida,Myrtales,Melastomataceae,"Pleroma ochypetalum"
Equisetopsida,Alismatales,Araceae,"Philodendron wurdackii"
Equisetopsida,Cyatheales,Cyatheaceae,"Cyathea delgadii"
Equisetopsida,Asterales,Asteraceae,"Dillandia chachapoyensis"
Equisetopsida,Asterales,Asteraceae,"Neurolaena lobata"
Equisetopsida,Poales,Bromeliaceae,"Guzmania retusa"
Equisetopsida,Asterales,Asteraceae,"Eleutheranthera ruderalis"
Equisetopsida,Lamiales,Gesneriaceae,"Paradrymonia ciliosa"
Equisetopsida,Gentianales,Apocynaceae,"Oxypetalum dombeyanum"
Equisetopsida,Polypodiales,Polypodiaceae,"Campyloneurum vulpinum"
Equisetopsida,Polypodiales,Polypodiaceae,"Campyloneurum phyllitidis"
Equisetopsida,Polypodiales,Thelypteridaceae,"Macrothelypteris torresiana"
Equisetopsida,Laurales,Lauraceae,"Ocotea leptobotra"
Equisetopsida,Laurales,Lauraceae,"Ocotea oblonga"
Equisetopsida,Asterales,Asteraceae,"Dillandia subumbellata"
Equisetopsida,Picramniales,Picramniaceae,"Picramnia magnifolia"
Equisetopsida,Polypodiales,Dryopteridaceae,"Parapolystichum effusum subsp. Effusum"
Equisetopsida,Selaginellales,Selaginellaceae,"Selaginella geniculata"
Equisetopsida,Myrtales,Melastomataceae,"Miconia decurrens"
Equisetopsida,Polypodiales,Polypodiaceae,"Campyloneurum anocarpos"
Equisetopsida,Fabales,Polygalaceae,"Monnina subspeciosa"
Equisetopsida,Polypodiales,Polypodiaceae,"Campyloneurum angustipaleatum"
Equisetopsida,Malpighiales,Salicaceae,"Banara nitida"
Equisetopsida,Malpighiales,Euphorbiaceae,"Alchornea latifolia"
Equisetopsida,Selaginellales,Selaginellaceae,"Selaginella haematodes"
Equisetopsida,Polypodiales,Nephrolepidaceae,"Nephrolepis pendula"
Equisetopsida,Polypodiales,Polypodiaceae,"Campyloneurum albopunctatissimum"
Equisetopsida,Oxalidales,Oxalidaceae,"Oxalis tessmannii"
Equisetopsida,Fabales,Fabaceae,"Mucuna sloanei"
Equisetopsida,Polypodiales,Polypodiaceae,"Campyloneurum abruptum"
Equisetopsida,Laurales,Lauraceae,"Ocotea subrutilans"
Equisetopsida,Malpighiales,Euphorbiaceae,"Acalypha stricta"
Equisetopsida,Malpighiales,Ochnaceae,"Cespedesia spathulata"
Equisetopsida,Lamiales,Gesneriaceae,"Alloplectus tessmannii"
Equisetopsida,Magnoliales,Annonaceae,"Cremastosperma longicuspe"
Equisetopsida,Myrtales,Melastomataceae,"Salpinga maranonensis"
Equisetopsida,Polypodiales,Nephrolepidaceae,"Nephrolepis cordifolia"
Equisetopsida,Myrtales,Myrtaceae,"Campomanesia lineatifolia"
Equisetopsida,Cornales,Hydrangeaceae,"Hydrangea preslii"
Equisetopsida,Lamiales,Cordiaceae,"Cordia nodosa"
Equisetopsida,Selaginellales,Selaginellaceae,"Selaginella trisulcata"
Equisetopsida,Malpighiales,Euphorbiaceae,"Hura crepitans"
Equisetopsida,Gentianales,Apocynaceae,"Odontadenia verrucosa"
Equisetopsida,Lycopodiales,Lycopodiaceae,"Huperzia tetragona"
Equisetopsida,Polypodiales,Dryopteridaceae,"Polybotrya pubens"
Equisetopsida,Lycopodiales,Lycopodiaceae,"Huperzia tenuis"
Equisetopsida,Lycopodiales,Lycopodiaceae,"Huperzia sellifolia"
Equisetopsida,Malpighiales,Euphorbiaceae,"Alchornea glandulosa"
Equisetopsida,Lycopodiales,Lycopodiaceae,"Huperzia reflexa"
Equisetopsida,Ranunculales,Menispermaceae,"Odontocarya floribunda"
Equisetopsida,Myrtales,Melastomataceae,"Mouriri nigra"
Equisetopsida,Solanales,Solanaceae,"Physalis pubescens"
Equisetopsida,Gentianales,Rubiaceae,"Macrocnemum roseum"
Equisetopsida,Lycopodiales,Lycopodiaceae,"Huperzia brongniartii"
Equisetopsida,Malpighiales,Achariaceae,"Mayna odorata"
Equisetopsida,Malpighiales,Salicaceae,"Neosprucea grandiflora"
Equisetopsida,Lamiales,Bignoniaceae,"Jacaranda densicoma"
Equisetopsida,Cucurbitales,Cucurbitaceae,"Melothria pendula"
Equisetopsida,Malpighiales,Humiriaceae,"Humiria balsamifera"
Equisetopsida,Huerteales,Tapisciaceae,"Huertea glandulosa"
Equisetopsida,Magnoliales,Annonaceae,"Cremastosperma pedunculatum"
Equisetopsida,Picramniales,Picramniaceae,"Picramnia sellowii"
Equisetopsida,Ericales,Ericaceae,"Semiramisia speciosa"
Equisetopsida,Fabales,Fabaceae,"Otholobium munyense"
Equisetopsida,Gentianales,Rubiaceae,"Hamelia calycosa"
Equisetopsida,Solanales,Solanaceae,"Jaltomata repandidentata"
Equisetopsida,Gentianales,Rubiaceae,"Hamelia patens"
Equisetopsida,Solanales,Solanaceae,"Browallia americana"
Equisetopsida,Polypodiales,Pteridaceae,"Jamesonia flexuosa"
Equisetopsida,Gentianales,Rubiaceae,"Hoffmannia subauriculata"
Equisetopsida,Solanales,Solanaceae,"Solanum uncinellum"
Equisetopsida,Celastrales,Celastraceae,"Salacia elliptica"
Equisetopsida,Celastrales,Celastraceae,"Salacia cordata"
Equisetopsida,Myrtales,Melastomataceae,"Chaetogastra longifolia"
Equisetopsida,Asterales,Asteraceae,"Polyanthina nemorosa"
Equisetopsida,Fabales,Fabaceae,"Galactia striata"
Equisetopsida,Malpighiales,Salicaceae,"Hasseltia floribunda"
Equisetopsida,Fabales,Fabaceae,"Rhynchosia minima"
Equisetopsida,Fabales,Fabaceae,"Rhynchosia phaseoloides"
Equisetopsida,Celastrales,Celastraceae,"Haydenoxylon urbanianum"
Equisetopsida,Santalales,Loranthaceae,"Oryctanthus spicatus"
Equisetopsida,Santalales,Loranthaceae,"Oryctanthus alveolatus"
Equisetopsida,Malpighiales,Chrysobalanaceae,"Hirtella triandra"
Equisetopsida,Chloranthales,Chloranthaceae,"Hedyosmum angustifolium"
Equisetopsida,Myrtales,Melastomataceae,"Meriania tetraquetra"
Equisetopsida,Myrtales,Onagraceae,"Fuchsia sanmartina"
Equisetopsida,Asterales,Campanulaceae,"Hippobroma longiflora"
Equisetopsida,Myrtales,Onagraceae,"Fuchsia rivularis"
Equisetopsida,Gentianales,Apocynaceae,"Himatanthus tarapotensis"
Equisetopsida,Lamiales,Orobanchaceae,"Agalinis lanceolata"
Equisetopsida,Solanales,Solanaceae,"Solanum tenuisetosum"
Equisetopsida,Myrtales,Onagraceae,"Fuchsia glaberrima"
Equisetopsida,Ranunculales,Menispermaceae,"Orthomene schomburgkii"
Equisetopsida,Poales,Poaceae,"Parodiolyra lateralis"
Equisetopsida,Chloranthales,Chloranthaceae,"Hedyosmum spectabile"
Equisetopsida,Gentianales,Rubiaceae,"Hillia ulei"
Equisetopsida,Myrtales,Melastomataceae,"Macairea thyrsiflora"
Equisetopsida,Gentianales,Rubiaceae,"Hillia killipii"
Equisetopsida,Caryophyllales,Petiveriaceae,"Hilleria longifolia"
Equisetopsida,Malpighiales,Malpighiaceae,"Callaeum antifebrile"
Equisetopsida,Poales,Poaceae,"Orthoclada laxa"
Equisetopsida,Lamiales,Bignoniaceae,"Fridericia platyphylla"
Equisetopsida,Santalales,Olacaceae,"Heisteria acuminata"
Equisetopsida,Solanales,Solanaceae,"Solanum subinerme"
Equisetopsida,Malpighiales,Phyllanthaceae,"Hieronyma oblonga"
Equisetopsida,Ericales,Ericaceae,"Orthaea abbreviata"
Equisetopsida,Lamiales,Bignoniaceae,"Fridericia conjugata"
Equisetopsida,Ericales,Primulaceae,"Cybianthus peruvianus"
Equisetopsida,Malpighiales,Phyllanthaceae,"Hieronyma fendleri"
Equisetopsida,Gentianales,Rubiaceae,"Sabicea panamensis"
Equisetopsida,Dioscoreales,Burmanniaceae,"Dictyostega orobanchoides"
Equisetopsida,Myrtales,Melastomataceae,"Miconia ampla"
Equisetopsida,Myrtales,Melastomataceae,"Miconia amplexicaulis"
Equisetopsida,Sapindales,Rutaceae,"Dictyoloma vandellianum"
Equisetopsida,Alismatales,Araceae,"Stenospermation ulei"
Equisetopsida,Zingiberales,Heliconiaceae,"Heliconia aemygdiana"
Equisetopsida,Zingiberales,Heliconiaceae,"Heliconia aemygdiana subsp. Aemygdiana"
Equisetopsida,Zingiberales,Heliconiaceae,"Heliconia burleana"
Equisetopsida,Caryophyllales,Amaranthaceae,"Chamissoa altissima"
Equisetopsida,Zingiberales,Heliconiaceae,"Heliconia episcopalis"
Equisetopsida,Polypodiales,Pteridaceae,"Pteris quadriaurita"
Equisetopsida,Poales,Poaceae,"Olyra caudata"
Equisetopsida,Polypodiales,Pteridaceae,"Pteris podophylla"
Equisetopsida,Poales,Poaceae,"Paspalum conjugatum"
Equisetopsida,Polypodiales,Pteridaceae,"Pteris livida"
Equisetopsida,Dioscoreales,Burmanniaceae,"Burmannia stuebelii"
Equisetopsida,Asterales,Campanulaceae,"Burmeistera microphylla"
Equisetopsida,Poales,Poaceae,"Olyra latifolia"
Equisetopsida,Asterales,Campanulaceae,"Burmeistera succulenta"
Equisetopsida,Gentianales,Rubiaceae,"Rustia schunkeana"
Equisetopsida,Solanales,Solanaceae,"Solanum suaveolens"
Equisetopsida,Malpighiales,Malpighiaceae,"Heteropterys uribei"
Equisetopsida,Polypodiales,Pteridaceae,"Pteris fraseri"
Equisetopsida,Malpighiales,Malpighiaceae,"Heteropterys nervosa"
Equisetopsida,Malvales,Malvaceae,"Abelmoschus moschatus"
Equisetopsida,Solanales,Solanaceae,"Solanum sisymbriifolium"
Equisetopsida,Gentianales,Apocynaceae,"Forsteronia amblybasis subsp. Decipiens"
Equisetopsida,Gentianales,Apocynaceae,"Forsteronia amblybasis"
Equisetopsida,Asterales,Asteraceae,"Calea ulei"
Equisetopsida,Myrtales,Melastomataceae,"Mouriri grandiflora"
Equisetopsida,Asterales,Asteraceae,"Heterocondylas vitalbae"
Equisetopsida,Polypodiales,Polypodiaceae,"Microgramma reptans"
Equisetopsida,Zingiberales,Heliconiaceae,"Heliconia vellerigera"
Equisetopsida,Lamiales,Gesneriaceae,"Alloplectus peruvianus"
Equisetopsida,Caryophyllales,Nyctaginaceae,"Neea spruceana"
Equisetopsida,Lamiales,Calceolariaceae,"Calceolaria nivalis"
Equisetopsida,Malvales,Malvaceae,"Herrania mariae"
Equisetopsida,Fabales,Fabaceae,"Ormosia peruviana"
Equisetopsida,Schizaeales,Lygodiaceae,"Lygodium volubile"
Equisetopsida,Malpighiales,Passifloraceae,"Passiflora amazonica"
Equisetopsida,Celastrales,Celastraceae,"Cheiloclinium cognatum"
Equisetopsida,Malpighiales,Passifloraceae,"Passiflora aristulata"
Equisetopsida,Cornales,Loasaceae,"Klaprothia mentzelioides"
Equisetopsida,Poales,Bromeliaceae,"Aechmea angustifolia"
Equisetopsida,Rosales,Moraceae,"Helicostylis salicifolia"
Equisetopsida,Solanales,Solanaceae,"Solanum sessile"
Equisetopsida,Solanales,Solanaceae,"Solanum selachophyllum"
Equisetopsida,Polypodiales,Dryopteridaceae,"Megalastrum andicola"
Equisetopsida,Sapindales,Meliaceae,"Ruagea glabra"
Equisetopsida,Asterales,Asteraceae,"Lycoseris trinervis"
Equisetopsida,Caryophyllales,Nyctaginaceae,"Neea floribunda"
Equisetopsida,Zingiberales,Marantaceae,"Calathea sanderiana"
Equisetopsida,Rosales,Moraceae,"Helicostylis tovarensis"
Equisetopsida,Polypodiales,Polypodiaceae,"Microgramma lycopodioides"
Equisetopsida,Malpighiales,Malpighiaceae,"Byrsonima amoena"
Equisetopsida,Myrtales,Melastomataceae,"Henriettea verrucosa"
Equisetopsida,Malvales,Malvaceae,"Spirotheca rosea"
Equisetopsida,Myrtales,Melastomataceae,"Henriettea fascicularis"
Equisetopsida,Malpighiales,Malpighiaceae,"Byrsonima chrysophylla"
Equisetopsida,Polypodiales,Athyriaceae,"Diplazium macrophyllum"
Equisetopsida,Caryophyllales,Nyctaginaceae,"Neea divaricata"
Equisetopsida,Fabales,Fabaceae,"Senna hirsuta"
Equisetopsida,Fabales,Fabaceae,"Senna macrophylla var. Gigantifolia"
Equisetopsida,Malpighiales,Passifloraceae,"Passiflora coccinea"
Equisetopsida,Sapindales,Sapindaceae,"Matayba peruviana"
Equisetopsida,Lamiales,Acanthaceae,"Fittonia albivenis"
Equisetopsida,Malvales,Muntingiaceae,"Muntingia calabura"
Equisetopsida,Gentianales,Apocynaceae,"Fischeria stellata"
Equisetopsida,Lamiales,Acanthaceae,"Ruellia pedunculosa"
Equisetopsida,Rosales,Rosaceae,"Rubus urticifolius"
Equisetopsida,Lamiales,Acanthaceae,"Ruellia haenkeana var. haenkeana"
Equisetopsida,Myrtales,Melastomataceae,"Miconia nutans"
Equisetopsida,Poales,Poaceae,"Calamagrostis longearistata"
Equisetopsida,Lamiales,Acanthaceae,"Ruellia chartacea"
Equisetopsida,Lamiales,Acanthaceae,"Ruellia brevifolia"
Equisetopsida,Ericales,Sapotaceae,"Micropholis venulosa"
Equisetopsida,Laurales,Lauraceae,"Nectandra villosa"
Equisetopsida,Boraginales,Heliotropiaceae,"Heliotropium angustiflorum"
Equisetopsida,Gentianales,Rubiaceae,"Psychotria paeonia"
Equisetopsida,Sapindales,Sapindaceae,"Serjania altissima"
Equisetopsida,Sapindales,Burseraceae,"Dacryodes uruts-kunchae"
Equisetopsida,Malpighiales,Salicaceae,"Abatia parviflora"
Equisetopsida,Boraginales,Heliotropiaceae,"Heliotropium indicum"
Equisetopsida,Fabales,Fabaceae,"Mimosa polydactyla"
Equisetopsida,Boraginales,Heliotropiaceae,"Heliotropium verdcourtii"
Equisetopsida,Gentianales,Rubiaceae,"Rudgea stenophylla"
Equisetopsida,Gentianales,Rubiaceae,"Rudgea sessiliflora"
Equisetopsida,Lamiales,Gesneriaceae,"Kohleria peruviana"
Equisetopsida,Gentianales,Rubiaceae,"Psychotria montivaga"
Equisetopsida,Polypodiales,Athyriaceae,"Diplazium lindbergii"
Equisetopsida,Ericales,Ericaceae,"Disterigma alaternoides"
Equisetopsida,Rosales,Urticaceae,"Pourouma guianensis"
Equisetopsida,Rosales,Moraceae,"Ficus trigona"
Equisetopsida,Lamiales,Bignoniaceae,"Cybistax antisyphilitica"
Equisetopsida,Gentianales,Rubiaceae,"Psychotria micrantha"
Equisetopsida,Malpighiales,Euphorbiaceae,"Croton ferrugineus"
Equisetopsida,Solanales,Solanaceae,"Solanum pendulum"
Equisetopsida,Sapindales,Sapindaceae,"Serjania leptocarpa"
Equisetopsida,Gentianales,Rubiaceae,"Kutchubaea urophylla"
Equisetopsida,Gentianales,Rubiaceae,"Chimarrhis glabriflora"
Equisetopsida,Gentianales,Rubiaceae,"Chiococca alba"
Equisetopsida,Piperales,Piperaceae,"Piper arboreum"
Equisetopsida,Solanales,Solanaceae,"Lycianthes sprucei"
Equisetopsida,Gentianales,Rubiaceae,"Chiococca nitida"
Equisetopsida,Fabales,Fabaceae,"Phaseolus dumosus"
Equisetopsida,Solanales,Solanaceae,"Lycianthes radiata"
Equisetopsida,Poales,Poaceae,"Pharus virescens"
Equisetopsida,Solanales,Solanaceae,"Lycianthes pauciflora"
Equisetopsida,Rosales,Urticaceae,"Pourouma velutina"
Equisetopsida,Solanales,Solanaceae,"Lycianthes glandulosa"
Equisetopsida,Myrtales,Melastomataceae,"Monolena primuliflora"
Equisetopsida,Laurales,Lauraceae,"Nectandra pseudocotea"
Equisetopsida,Myrtales,Lythraceae,"Physocalymma scaberrimum"
Equisetopsida,Solanales,Solanaceae,"Solanum obliquum"
Equisetopsida,Gentianales,Rubiaceae,"Psychotria elmeriana"
Equisetopsida,Polypodiales,Aspleniaceae,"Asplenium serra"
Equisetopsida,Gentianales,Rubiaceae,"Psychotria carthagenensis"
Equisetopsida,Malpighiales,Passifloraceae,"Passiflora pyrrhantha"
Equisetopsida,Malpighiales,Passifloraceae,"Passiflora quadriglandulosa"
Equisetopsida,Rosales,Moraceae,"Ficus maxima"
Equisetopsida,Malpighiales,Passifloraceae,"Passiflora riparia"
Equisetopsida,Rosales,Moraceae,"Ficus mathewsii"
Equisetopsida,Cyatheales,Dicksoniaceae,"Dicksonia sellowiana"
Equisetopsida,Gentianales,Rubiaceae,"Psychotria boninensis"
Equisetopsida,Gentianales,Rubiaceae,"Psychotria anceps"
Equisetopsida,Gentianales,Rubiaceae,"Condaminea corymbosa"
Equisetopsida,Solanales,Solanaceae,"Solanum mite"
Equisetopsida,Solanales,Solanaceae,"Solanum maturecalvans"
Equisetopsida,Rosales,Moraceae,"Ficus insipida"
Equisetopsida,Polypodiales,Polypodiaceae,"Serpocaulon fraxinifolium"
Equisetopsida,Piperales,Piperaceae,"Piper bellidifolium"
Equisetopsida,Polypodiales,Polypodiaceae,"Serpocaulon latissimum"
Equisetopsida,Lamiales,Gesneriaceae,"Columnea orientandina"
Equisetopsida,Lamiales,Gesneriaceae,"Columnea moesta"
Equisetopsida,Gentianales,Rubiaceae,"Agouticarpa isernii"
Equisetopsida,Rosales,Urticaceae,"Pouzolzia poeppigiana"
Equisetopsida,Lamiales,Gesneriaceae,"Columnea inaequilatera"
Equisetopsida,Laurales,Lauraceae,"Nectandra longifolia"
Equisetopsida,Lamiales,Gesneriaceae,"Columnea ericae"
Equisetopsida,Piperales,Piperaceae,"Piper casapiense"
Equisetopsida,Lamiales,Gesneriaceae,"Columnea boliviana"
Equisetopsida,Poales,Bromeliaceae,"Pitcairnia sceptriformis"
Equisetopsida,Polypodiales,Aspleniaceae,"Asplenium bangii"
Equisetopsida,Gentianales,Apocynaceae,"Lacmellea edulis"
Equisetopsida,Solanales,Solanaceae,"Solanum grandiflorum"
Equisetopsida,Polypodiales,Aspleniaceae,"Asplenium auritum"
Equisetopsida,Gentianales,Apocynaceae,"Lacmellea peruviana"
Equisetopsida,Santalales,Loranthaceae,"Passovia pyrifolia"
Equisetopsida,Commelinales,Commelinaceae,"Dichorisandra hexandra"
Equisetopsida,Laurales,Lauraceae,"Nectandra lineata"
Equisetopsida,Santalales,Loranthaceae,"Psittacanthus truncatus"
Equisetopsida,Polypodiales,Aspleniaceae,"Asplenium abscissum"
Equisetopsida,Gentianales,Rubiaceae,"Dioicodendron dioicum"
Equisetopsida,Santalales,Loranthaceae,"Psittacanthus cucullaris"
Equisetopsida,Gentianales,Apocynaceae,"Prestonia tomentosa"
Equisetopsida,Gentianales,Apocynaceae,"Prestonia trifida"
Equisetopsida,Rosales,Moraceae,"Ficus americana subsp. guianensis"
Equisetopsida,Solanales,Solanaceae,"Solanum caricaefolium"
Equisetopsida,Polypodiales,Athyriaceae,"Diplazium cristatum"
Equisetopsida,Solanales,Solanaceae,"Solanum bellum"
Equisetopsida,Myrtales,Melastomataceae,"Phainantha shuariorum"
Equisetopsida,Gentianales,Rubiaceae,"Ladenbergia muzonensis"
Equisetopsida,Piperales,Piperaceae,"Piper coruscans"
Equisetopsida,Solanales,Solanaceae,"Solanum asperum"
Equisetopsida,Myrtales,Melastomataceae,"Miconia longifolia"
Equisetopsida,Piperales,Piperaceae,"Piper coruscans var. Membranaceum"
Equisetopsida,Lamiales,Bignoniaceae,"Anemopaegma paraense"
Equisetopsida,Aquifoliales,Phyllonomaceae,"Phyllonoma ruscifolia"
Equisetopsida,Myrtales,Melastomataceae,"Miconia pyrifolia"
Equisetopsida,Laurales,Lauraceae,"Nectandra discolor"
Equisetopsida,Laurales,Lauraceae,"Aniba muca"
Equisetopsida,Polypodiales,Dryopteridaceae,"Elaphoglossum lingua"
Equisetopsida,Solanales,Solanaceae,"Solanum anceps"
Equisetopsida,Lamiales,Acanthaceae,"Mendoncia sprucei"
Equisetopsida,Malpighiales,Euphorbiaceae,"Croton rimbachii"
Equisetopsida,Malpighiales,Euphorbiaceae,"Acalypha macrostachya"
Equisetopsida,Malpighiales,Euphorbiaceae,"Croton sampatik"
Equisetopsida,Poales,Poaceae,"Arundinella berteroniana"
Equisetopsida,Solanales,Solanaceae,"Solanum altissimum"
Equisetopsida,Malpighiales,Euphorbiaceae,"Croton stenosepalus"
Equisetopsida,Myrtales,Melastomataceae,"Miconia eriocalyx"
Equisetopsida,Solanales,Solanaceae,"Solanum albidum"
Equisetopsida,Magnoliales,Annonaceae,"Annona andicola"
Equisetopsida,Poales,Poaceae,"Coix lacryma-jobi"
Equisetopsida,Santalales,Loranthaceae,"Dendrophthora elegantissima"
Equisetopsida,Polypodiales,Athyriaceae,"Diplazium ambiguum"
Equisetopsida,Sapindales,Rutaceae,"Spiranthera parviflora"
Equisetopsida,Pandanales,Cyclanthaceae,"Cyclanthus bipartitus"
Equisetopsida,Malvales,Malvaceae,"Abutilon multiflorum"
Equisetopsida,Lamiales,Acanthaceae,"Dianthera racemosa"
Equisetopsida,Apiales,Apiaceae,"Eryngium foetidum"
Equisetopsida,Polypodiales,Dryopteridaceae,"Elaphoglossum glabellum"
Equisetopsida,Rosales,Urticaceae,"Pilea diversifolia"
Equisetopsida,Polypodiales,Pteridaceae,"Adiantum raddianum"
Equisetopsida,Lamiales,Gesneriaceae,"Anodiscus xanthophyllus"
Equisetopsida,Malpighiales,Euphorbiaceae,"Alchornea acutifolia"
Equisetopsida,Fabales,Fabaceae,"Erythrina edulis"
Equisetopsida,Fabales,Fabaceae,"Erythrina peruviana"
Equisetopsida,Fabales,Fabaceae,"Erythrina poeppigiana"
Equisetopsida,Polypodiales,Lomariopsidaceae,"Lomariopsis salicifolia"
Equisetopsida,Gentianales,Rubiaceae,"Palicourea pandensis"
Equisetopsida,Malvales,Malvaceae,"Abutilon ramiflorum"
Equisetopsida,Sapindales,Rutaceae,"Erythrochiton fallax"
Equisetopsida,Laurales,Lauraceae,"Persea pseudofasciculata"
Equisetopsida,Fabales,Fabaceae,"Cochliasanthus caracalla"
Equisetopsida,Malpighiales,Erythroxylaceae,"Erythroxylum gracilipes"
Equisetopsida,Sapindales,Sapindaceae,"Paullinia bilobulata"
Equisetopsida,Piperales,Piperaceae,"Piper hispidum"
Equisetopsida,Dioscoreales,Dioscoreaceae,"Dioscorea chondrocarpa"
Equisetopsida,Sapindales,Sapindaceae,"Paullinia dasystachya"
Equisetopsida,Malpighiales,Erythroxylaceae,"Erythroxylum squamatum"
Equisetopsida,Myrtales,Lythraceae,"Cuphea setosa"
Equisetopsida,Brassicales,Brassicaceae,"Draba wurdackii"
Equisetopsida,Asterales,Asteraceae,"Pseudognaphalium elegans"
Equisetopsida,Caryophyllales,Polygonaceae,"Coccoloba mollis"
Equisetopsida,Myrtales,Myrtaceae,"Myrcia aliena"
Equisetopsida,Piperales,Piperaceae,"Piper umbellatum"
Equisetopsida,Brassicales,Cleomaceae,"Podandrogyne mathewsii subsp. ulei"
Equisetopsida,Lamiales,Acanthaceae,"Mendoncia glabra"
Equisetopsida,Brassicales,Capparaceae,"Morisonia sola"
Equisetopsida,Malvales,Malvaceae,"Pavonia insperabilis"
Equisetopsida,Solanales,Solanaceae,"Exodeconus prostratus"
Equisetopsida,Malvales,Malvaceae,"Pavonia mollis"
Equisetopsida,Malpighiales,Clusiaceae,"Chrysochlamys weberbaueri"
Equisetopsida,Myrtales,Myrtaceae,"Myrcia egensis"
Equisetopsida,Malvales,Malvaceae,"Sida cordifolia"
Equisetopsida,Ericales,Polemoniaceae,"Cobaea scandens"
Equisetopsida,Ericales,Lecythidaceae,"Eschweilera decolorans"
Equisetopsida,Ericales,Sapotaceae,"Chrysophyllum amazonicum"
Equisetopsida,Piperales,Piperaceae,"Piper lanceolatum"
Equisetopsida,Sapindales,Rutaceae,"Esenbeckia grandiflora"
Equisetopsida,Cornales,Loasaceae,"Nasa triphylla subsp. elegans"
Equisetopsida,Alismatales,Araceae,"Anthurium breviscapum"
Equisetopsida,Myrtales,Melastomataceae,"Aciotis rubricaulis"
Equisetopsida,Malvales,Malvaceae,"Pavonia sidifolia"
Equisetopsida,Polypodiales,Lindsaeaceae,"Lindsaea guianensis"
Equisetopsida,Alismatales,Araceae,"Anthurium clavigerum"
Equisetopsida,Lamiales,Acanthaceae,"Mendoncia aspera"
Equisetopsida,Ericales,Primulaceae,"Ardisia guyanensis"
Equisetopsida,Fabales,Fabaceae,"Inga marginata"
Equisetopsida,Malpighiales,Clusiaceae,"Clusia viscida"
Equisetopsida,Alismatales,Araceae,"Anthurium decurrentia"
Equisetopsida,Myrtales,Myrtaceae,"Myrcia mollis"
Equisetopsida,Malpighiales,Clusiaceae,"Clusia trochiformis"
Equisetopsida,Lamiales,Gesneriaceae,"Pearcea purpurea"
Equisetopsida,Malpighiales,Clusiaceae,"Clusia spruceana"
Equisetopsida,Piperales,Piperaceae,"Piper macrotrichum"
Equisetopsida,Rosales,Urticaceae,"Pilea serpyllacea"
Equisetopsida,Lamiales,Gesneriaceae,"Pearcea reticulata"
Equisetopsida,Alismatales,Araceae,"Anthurium eminens"
Equisetopsida,Malpighiales,Clusiaceae,"Clusia octandra"
Equisetopsida,Polypodiales,Pteridaceae,"Adiantum pulverulentum"
Equisetopsida,Malpighiales,Clusiaceae,"Clusia loretensis"
Equisetopsida,Piperales,Piperaceae,"Piper stileferum"
Equisetopsida,Malpighiales,Clusiaceae,"Clusia loranthacea"
Equisetopsida,Malpighiales,Clusiaceae,"Clusia hammeliana"
Equisetopsida,Myrtales,Myrtaceae,"Myrcia splendens"
Equisetopsida,Dioscoreales,Dioscoreaceae,"Dioscorea piperifolia"
Equisetopsida,Myrtales,Myrtaceae,"Eugenia discreta"
Equisetopsida,Polypodiales,Dennstaedtiaceae,"Dennstaedtia arborescens"
Equisetopsida,Polypodiales,Dennstaedtiaceae,"Dennstaedtia bipinnata"
Equisetopsida,Polypodiales,Pteridaceae,"Adiantum macrophyllum"
Equisetopsida,Polypodiales,Dennstaedtiaceae,"Dennstaedtia cicutaria"
Equisetopsida,Lamiales,Acanthaceae,"Pseuderanthemum ctenospermum"
Equisetopsida,Fabales,Fabaceae,"Clitoria flexuosa"
Equisetopsida,Lamiales,Acanthaceae,"Pseuderanthemum chilianthium"
Equisetopsida,Fabales,Fabaceae,"Clitoria amazonum"
Equisetopsida,Myrtales,Myrtaceae,"Eugenia florida"
Equisetopsida,Gentianales,Rubiaceae,"Palicourea obovata"
Equisetopsida,Polypodiales,Dennstaedtiaceae,"Dennstaedtia obtusifolia"
Equisetopsida,Myrtales,Melastomataceae,"Miconia pandurata"
Equisetopsida,Myrtales,Myrtaceae,"Eugenia lambertiana"
Equisetopsida,Malpighiales,Violaceae,"Leonia glycycarpa"
Equisetopsida,Poales,Poaceae,"Pseudechinolaena polystachya"
Equisetopsida,Piperales,Piperaceae,"Peperomia subsericata"
Equisetopsida,Myrtales,Myrtaceae,"Eugenia muricata"
Equisetopsida,Alismatales,Araceae,"Anthurium obtusum"
Equisetopsida,Lamiales,Verbenaceae,"Stachytarpheta cayennensis"
Equisetopsida,Solanales,Solanaceae,"Deprea altomayoensis"
Equisetopsida,Solanales,Solanaceae,"Deprea andersonii"
Equisetopsida,Malpighiales,Violaceae,"Leonia sphaerocarpa"
Equisetopsida,Solanales,Solanaceae,"Deprea chotanae"
Equisetopsida,Solanales,Solanaceae,"Deprea dilloniana"
Equisetopsida,Ericales,Clethraceae,"Clethra revoluta"
Equisetopsida,Brassicales,Capparaceae,"Morisonia peruviana"
Equisetopsida,Solanales,Solanaceae,"Deprea nieva"
Equisetopsida,Ericales,Clethraceae,"Clethra peruviana"
Equisetopsida,Polypodiales,Polypodiaceae,"Pecluma plumula"
Equisetopsida,Polypodiales,Polypodiaceae,"Pecluma venturii"
Equisetopsida,Piperales,Piperaceae,"Peperomia rotundifolia"
Equisetopsida,Fabales,Fabaceae,"Desmodium tortuosum"
Equisetopsida,Gentianales,Rubiaceae,"Simira tinctoria"
Equisetopsida,Ericales,Clethraceae,"Clethra castaneifolia"
Equisetopsida,Piperales,Piperaceae,"Peperomia pernambucensis"
Equisetopsida,Ericales,Primulaceae,"Clavija weberbaueri"
Equisetopsida,Piperales,Piperaceae,"Peperomia macrostachya"
Equisetopsida,Ericales,Primulaceae,"Clavija poeppigii"
Equisetopsida,Ericales,Primulaceae,"Clavija macrocarpa"
Equisetopsida,Malpighiales,Euphorbiaceae,"Plukenetia volubilis"
Equisetopsida,Ericales,Primulaceae,"Clavija longifolia"
Equisetopsida,Fabales,Fabaceae,"Desmodium campyloclados"
Equisetopsida,Sapindales,Burseraceae,"Protium goudotianum"
Equisetopsida,Gentianales,Asclepiadaceae,"Ditassa gracilipes"
Equisetopsida,Gentianales,Rubiaceae,"Elaeagia utilis"
Equisetopsida,Fabales,Polygalaceae,"Monnina marginata"
Equisetopsida,Lamiales,Lamiaceae,"Peltanthera floribunda"
Equisetopsida,Gentianales,Rubiaceae,"Pittoniotis rotata"
Equisetopsida,Sapindales,Burseraceae,"Protium meridionale"
Equisetopsida,Ericales,Ericaceae,"Psammisia ulbrichiana"
Equisetopsida,Ericales,Primulaceae,"Myrsine oligophylla"
Equisetopsida,Polypodiales,Dryopteridaceae,"Ctenitis sloanei"
Equisetopsida,Malpighiales,Euphorbiaceae,"Aparisthmium cordatum"
Equisetopsida,Santalales,Santalaceae,"Phoradendron piperoides"
Equisetopsida,Myrtales,Melastomataceae,"Meriania urceolata"
Equisetopsida,Ericales,Primulaceae,"Myrsine latifolia"
Equisetopsida,Santalales,Santalaceae,"Phoradendron inaequidentatum"
Equisetopsida,Myrtales,Melastomataceae,"Miconia sulcicaulis"
Equisetopsida,Santalales,Santalaceae,"Phoradendron crassifolium"
Equisetopsida,Laurales,Siparunaceae,"Siparuna guianensis"
Equisetopsida,Santalales,Santalaceae,"Phoradendron chrysocladon"
Equisetopsida,Piperales,Piperaceae,"Peperomia distachya"
Equisetopsida,Rosales,Rosaceae,"Prunus herthae"
Equisetopsida,Piperales,Piperaceae,"Peperomia cuprea"
Equisetopsida,Asterales,Campanulaceae,"Siphocampylus secundus"
Equisetopsida,Myrtales,Melastomataceae,"Miconia grandifoliata"
Equisetopsida,Asterales,Campanulaceae,"Siphocampylus scandens"
Equisetopsida,Malvales,Malvaceae,"Callianthe sylvatica"
Equisetopsida,Asterales,Asteraceae,"Fulcaldea laurifolia"
Equisetopsida,Lamiales,Oleaceae,"Schrebera americana"
Equisetopsida,Asterales,Asteraceae,"Acmella alba"
Equisetopsida,Rosales,Rhamnaceae,"Sarcomphalus thyrsiflorus"
Equisetopsida,Gentianales,Rubiaceae,"Alseis peruviana"
Equisetopsida,Fabales,Fabaceae,"Mimosa myriadena"
Equisetopsida,Gentianales,Apocynaceae,"Jobinia formosa"
Equisetopsida,Asterales,Asteraceae,"Porophyllum ruderale"
Equisetopsida,Fabales,Fabaceae,"Bauhinia aculeata"
Equisetopsida,Malvales,Malvaceae,"Ayenia cordata"
Equisetopsida,Caryophyllales,Amaranthaceae,"Alternanthera pubiflora"
Equisetopsida,Fabales,Fabaceae,"Galactia shumbae"
Equisetopsida,Lamiales,Acanthaceae,"Elytraria imbricata"
Equisetopsida,Malvales,Malvaceae,"Malvastrun tomentosum"
Equisetopsida,Caryophyllales,Amaranthaceae,"Alternanthera porrigens"
Equisetopsida,Poales,Cyperaceae,"Cyperus odoratus"
Equisetopsida,Poales,Poaceae,"Anthephora hermaphrodita"
Equisetopsida,Asterales,Asteraceae,"Pseudogynoxys chenopodioides"
Equisetopsida,Caryophyllales,Basellaceae,"Anredera ramosa"
Equisetopsida,Fabales,Fabaceae,"Leucaena trichodes"
Equisetopsida,Caryophyllales,Polygonaceae,"Coccoloba ruiziana"
Equisetopsida,Lamiales,Bignoniaceae,"Handroanthus chrysanthus"
Equisetopsida,Asterales,Asteraceae,"Barnadesia hutchisoniana"
Equisetopsida,Asterales,Asteraceae,"Philoglossa purpureodisca"
Equisetopsida,Malvales,Bixaceae,"Cochlospermum vitifolium"
Equisetopsida,Solanales,Convolvulaceae,"Ipomoea philomega"
Equisetopsida,Fabales,Fabaceae,"Erythrina smithiana"
Equisetopsida,Solanales,Convolvulaceae,"Ipomoea nil"
Equisetopsida,Brassicales,Capparaceae,"Morisonia flexuosa"
Equisetopsida,Poales,Poaceae,"Setaria geminata"
Equisetopsida,Fabales,Fabaceae,"Sesbania exasperata"
Equisetopsida,Malvales,Malvaceae,"Eriotheca ruizii"
Equisetopsida,Lamiales,Cordiaceae,"Cordia lutea"
Equisetopsida,Poales,Poaceae,"Eriochloa punctata"
Equisetopsida,Sapindales,Anacardiaceae,"Loxopterygium huasango"
Equisetopsida,Fabales,Fabaceae,"Mimosa acantholoba"
Equisetopsida,Fabales,Fabaceae,"Geoffroea spinosa"
Equisetopsida,Solanales,Convolvulaceae,"Ipomoea indica"
Equisetopsida,Lamiales,Plantaginaceae,"Plantago major"
Equisetopsida,Brassicales,Capparaceae,"Colicodendron scabridum"
Equisetopsida,Malpighiales,Euphorbiaceae,"Euphorbia hypericifolia"
Equisetopsida,Poales,Poaceae,"Eragrostis ciliaris"
Equisetopsida,Gentianales,Apocynaceae,"Prestonia cordifolia"
Equisetopsida,Santalales,Loranthaceae,"Psittacanthus tumbecensis"
Equisetopsida,Asterales,Asteraceae,"Brickellia diffusa"
Equisetopsida,Poales,Bromeliaceae,"Racinaea multiflora"
Equisetopsida,Poales,Poaceae,"Sorghum halepense"
Equisetopsida,Lamiales,Plantaginaceae,"Galvezia fruticosa"
Equisetopsida,Poales,Poaceae,"Eleusine indica"
Equisetopsida,Commelinales,Commelinaceae,"Commelina tuberosa"
Equisetopsida,Rosales,Moraceae,"Ficus jacobii"
Equisetopsida,Ranunculales,Ranunculaceae,"Clematis haenkeana"
Equisetopsida,Caryophyllales,Montiaceae,"Cistanthe paniculata"
Equisetopsida,Malvales,Malvaceae,"Sida spinosa"
Equisetopsida,Asterales,Asteraceae,"Bidens reptans"
Equisetopsida,Solanales,Solanaceae,"Lycianthes lycioides"
Equisetopsida,Fabales,Fabaceae,"Pseudalbizzia multiflora"
Equisetopsida,Solanales,Solanaceae,"Solanum peruvianum"
Equisetopsida,Lamiales,Lamiaceae,"Salvia occidentalis"
Equisetopsida,Caryophyllales,Nyctaginaceae,"Bougainvillea peruviana"
Equisetopsida,Solanales,Convolvulaceae,"Ipomoea dubia"
Equisetopsida,Boraginales,Heliotropiaceae,"Heliotropium arborescens"
Equisetopsida,Solanales,Convolvulaceae,"Ipomoea carnea"
Equisetopsida,Boraginales,Heliotropiaceae,"Heliotropium angiospermum"
Equisetopsida,Fabales,Fabaceae,"Mimosa albida"
Equisetopsida,Lamiales,Acanthaceae,"Ruellia floribunda"
Equisetopsida,Fabales,Fabaceae,"Pithecellobium excelsum"
Equisetopsida,Brassicales,Capparaceae,"Morisonia petiolaris"
Equisetopsida,Lamiales,Acanthaceae,"Ruellia neoneesiana"
Equisetopsida,Malpighiales,Euphorbiaceae,"Croton callicarpifolius"
Equisetopsida,Asterales,Asteraceae,"Ophryosporus peruvianus"
Equisetopsida,Caryophyllales,Amaranthaceae,"Amaranthus viridis"
Equisetopsida,Lamiales,Calceolariaceae,"Calceolalaria virgata"
Equisetopsida,Caryophyllales,Amaranthaceae,"Amaranthus spinosus"
Equisetopsida,Rosales,Urticaceae,"Phenax hirtus"
Equisetopsida,Lamiales,Scrophulariaceae,"Capraria peruviana"
Equisetopsida,Caryophyllales,Plumbaginaceae,"Plumbago scandens"
Equisetopsida,Fabales,Fabaceae,"Libidibia glabrata"
Equisetopsida,Poales,Poaceae,"Paspalum vaginatum"
Equisetopsida,Sapindales,Sapindaceae,"Sapindus saponaria"
Equisetopsida,Fabales,Fabaceae,"Neltuma pallida"
Equisetopsida,Caryophyllales,Nyctaginaceae,"Mirabilis viscosa"
Equisetopsida,Cucurbitales,Cucurbitaceae,"Cucumis dipsaceus"
Equisetopsida,Sapindales,Burseraceae,"Bursera graveolens"
Equisetopsida,Sapindales,Sapindaceae,"Cardiospermum corindum"
Equisetopsida,Caryophyllales,Nyctaginaceae,"Boerhavia erecta"
Equisetopsida,Gentianales,Rubiaceae,"Richardia brasiliensis"
Equisetopsida,Fabales,Fabaceae,"Calliandra taxifolia"
Equisetopsida,Piperales,Piperaceae,"Piper aduncum"
Equisetopsida,Malvales,Malvaceae,"Ceiba trischistandra"
Equisetopsida,Fabales,Fabaceae,"Desmanthus virgatus"
Equisetopsida,Lamiales,Cordiaceae,"Varronia macrocephala"
Equisetopsida,Lamiales,Bignoniaceae,"Tecoma weberbaueriana"
Equisetopsida,Poales,Bromeliaceae,"Tillandsia floribunda"
Equisetopsida,Lamiales,Cordiaceae,"Varronia peruviana"
Equisetopsida,Poales,Bromeliaceae,"Tillandsia espinosae"
Equisetopsida,Brassicales,Caricaceae,"Vasconcellea parviflora"
Equisetopsida,Fabales,Fabaceae,"Tara spinosa"
Equisetopsida,Lamiales,Acanthaceae,"Tetramerium nervosum"
Equisetopsida,Asterales,Asteraceae,"Wedelia calycina"
Equisetopsida,Myrtales,Combretaceae,"Terminalia valverdeae"
Equisetopsida,Poales,Bromeliaceae,"Tillandsia usneoides"
Equisetopsida,Fabales,Fabaceae,"Vachellia macracantha"
Equisetopsida,Dipsacales,Caprifoliaceae,"Valeriana globiflora"
Equisetopsida,Commelinales,Commelinaceae,"Tinantia erecta"
Equisetopsida,Dipsacales,Caprifoliaceae,"Valeriana warburgii"
Equisetopsida,Malpighiales,Violaceae,"Viola membranacea"
Equisetopsida,Fabales,Fabaceae,"Vicia andicola"
Equisetopsida,Buxales,Buxaceae,"Styloceras laurifolium"
Equisetopsida,Caryophyllales,Polygonaceae,"Monnina ligustrina"
Equisetopsida,Caryophyllales,Polygonaceae,"Monnina herbacea"
Equisetopsida,Cucurbitales,Begoniaceae,"Begonia geraniifolia"
Equisetopsida,Cucurbitales,Begoniaceae,"Begonia pleiopetala"
Equisetopsida,Cucurbitales,Begoniaceae,"Begonia weberbaueri"
Equisetopsida,Gentianales,Rubiaceae,"Manettia weberbaueri"
Equisetopsida,Gentianales,Rubiaceae,"Manettia peruviana"
Equisetopsida,Lamiales,Orobanchaceae,"Castilleja vadosa"
Equisetopsida,Saxifragales,Saxifragaceae,"Saxifraga magellanica"
Equisetopsida,Asparagales,Iridaceae,"Ennealophus foliosus"
Equisetopsida,Ranunculales,Ranunculaceae,"Ranunculus peruvianus"
Equisetopsida,Ranunculales,Ranunculaceae,"Ranunculus praemorsus"
Equisetopsida,Grimmiales,Grimmiaceae,"Grimmia longirostris"
Equisetopsida,Poales,Cyperaceae,"Carex crinalis"
Equisetopsida,Liliales,Alstroemeriaceae,"Bomarea lopezii"
Equisetopsida,Polypodiales,Polypodiaceae,"Pleopeltis thyssanolepis"
Equisetopsida,Lamiales,Lamiaceae,"Salvia lanicaulis"
Equisetopsida,Oxalidales,Oxalidaceae,"Oxalis peduncularis"
Equisetopsida,Gentianales,Gentianaceae,"Halenia caespitosa"
Equisetopsida,Poales,Cyperaceae,"Rhynchospora macrochaeta"
Equisetopsida,Myrtales,Onagraceae,"Oenothera versicolor"
Equisetopsida,Asparagales,Iridaceae,"Hesperoxiphion niveum"
Equisetopsida,Lamiales,Calceolariaceae,"Calceolaria pumila"
Equisetopsida,Rosales,Rosaceae,"Hesperomeles ferruginea"
Equisetopsida,Lamiales,Calceolariaceae,"Calceolaria pinnata subsp. delicatula"
Equisetopsida,Solanales,Solanaceae,"Solanum sanchez-vegae"
Equisetopsida,Solanales,Solanaceae,"Solanum interandinum"
Equisetopsida,Solanales,Solanaceae,"Solanum hypacrarthrum"
Equisetopsida,Solanales,Solanaceae,"Solanum furcatum"
Equisetopsida,Solanales,Solanaceae,"Solanum ecuador"
Equisetopsida,Solanales,Solanaceae,"Solanum chomatophilum"
Equisetopsida,Poales,Bromeliaceae,"Pitcairnia pungens"
Equisetopsida,Poales,Poaceae,"Agrostis tolucensis"
Equisetopsida,Solanales,Hydrophyllaceae,"Phacelia secunda"
Equisetopsida,Asterales,Asteraceae,"Perymenium featherstonei"
Equisetopsida,Cupressales,Cupressaceae,"Cupressus sempervirens"
Equisetopsida,Sapindales,Sapindaceae,"Llagunoa nitida"
Equisetopsida,Caryophyllales,Polygonaceae,"Coccoloba gracilis"
Equisetopsida,Rosales,Rosaceae,"Acaena argentea"
Equisetopsida,Myrtales,Myrtaceae,"Eucalyptus globulus"
Equisetopsida,Asterales,Asteraceae,"Perezia multiflora"
Equisetopsida,Lamiales,Lamiaceae,"Clinopodium sericeum"
Equisetopsida,Fabales,Fabaceae,"Desmodium uncinatum"
Equisetopsida,Malpighiales,Euphorbiaceae,"Acalypha argomuelleri"
Equisetopsida,Polypodiales,Pteridaceae,"Adiantum poiretii"
Equisetopsida,Malpighiales,Euphorbiaceae,"Euphorbia poeppigii"
Equisetopsida,Poales,Poaceae,"Poa fibrifera"
Equisetopsida,Rosales,Rosaceae,"Alchemilla orbiculata"
Equisetopsida,Caryophyllales,Caryophyllaceae,"Silene gallica"
Equisetopsida,Dioscoreales,Dioscoreaceae,"Dioscorea mitoensis"
Equisetopsida,Dioscoreales,Dioscoreaceae,"Dioscorea glandulosa"
Equisetopsida,Malvales,Malvaceae,"Sida poeppigiana"
Equisetopsida,Poales,Cyperaceae,"Cyperus pallidicolor"
Equisetopsida,Poales,Poaceae,"Festuca glyceriantha"
Equisetopsida,Poales,Poaceae,"Festuca horridula"
Equisetopsida,Poales,Poaceae,"Festuca myuros"
Equisetopsida,Asterales,Asteraceae,"Psilactis brevilingulata"
Equisetopsida,Polypodiales,Aspleniaceae,"Asplenium monanthes"
Equisetopsida,Sapindales,Sapindaceae,"Serjania oxyphylla"
Equisetopsida,Sapindales,Sapindaceae,"Serjania membranacea"
Equisetopsida,Malpighiales,Passifloraceae,"Passiflora gracilens"
Equisetopsida,Lamiales,Acanthaceae,"Justicia sessilifolia"
Equisetopsida,Lamiales,Acanthaceae,"Justicia hookeriana"
Equisetopsida,Lamiales,Acanthaceae,"Justicia alpina"
Equisetopsida,Asterales,Asteraceae,"Jungia vitocensis"
Equisetopsida,Asterales,Asteraceae,"Jungia stuebelii"
Equisetopsida,Asterales,Asteraceae,"Senecio radiatus"
Equisetopsida,Caryophyllales,Caryophyllaceae,"Paronychia fusciflora"
Equisetopsida,Asterales,Asteraceae,"Senecio collinus"
Equisetopsida,Caryophyllales,Polygonaceae,"Pteromonnina leptostachya"
Equisetopsida,Solanales,Solanaceae,"Jaltomata procumbens"
Equisetopsida,Asterales,Asteraceae,"Philoglossa peruviana"
Equisetopsida,Selaginellales,Selaginellaceae,"Selaginella novae-hollandiae"
Equisetopsida,Fabales,Polygalaceae,"Monnina sanmarcosana"
Equisetopsida,Asterales,Asteraceae,"Paranephelius ovatus"
Equisetopsida,Pinales,Pinaceae,"Pinus patula"
Equisetopsida,Pinales,Pinaceae,"Pinus radiata"
Equisetopsida,Caryophyllales,Caryophyllaceae,"Cerastium nutans"
Equisetopsida,Asterales,Asteraceae,"Pappobolus lodicatus"
Equisetopsida,Lamiales,Lamiaceae,"Scutellaria scutellarioides"
Equisetopsida,Malvales,Malvaceae,"Ayenia lopez-mirandae"
Equisetopsida,Gentianales,Gentianaceae,"Gentianella oreosilene"
Equisetopsida,Asterales,Asteraceae,"Baccharis caespitosa"
Equisetopsida,Asterales,Asteraceae,"Baccharis grandicapitulata"
Equisetopsida,Geraniales,Geraniaceae,"Geranium ayacuchense"
Equisetopsida,Aquifoliales,Cardiopteridaceae,"Citronella ilicifolia"
Equisetopsida,Apiales,Araliaceae,"Oreopanax oroyanus"
Equisetopsida,Polypodiales,Blechnaceae,"Lomaridium binervatum"
Equisetopsida,Piperales,Piperaceae,"Peperomia pseudophyllantha"
Equisetopsida,Myrtales,Melastomataceae,"Miconia asperrima"
Equisetopsida,Fabales,Fabaceae,"Dalea onobrychis"
Equisetopsida,Polypodiales,Blechnaceae,"Lomaridium fuscosquamosum"
Equisetopsida,Rosales,Rosaceae,"Prunus ruiziana"
Equisetopsida,Poales,Cyperaceae,"Cyperus tabina"
Equisetopsida,Polypodiales,Blechnaceae,"Lomariocycas schomburgkii"
Equisetopsida,Malpighiales,Clusiaceae,"Clusia weberbaueri"
Equisetopsida,Solanales,Solanaceae,"Cestrum auriculatum"
Equisetopsida,Selaginellales,Selaginellaceae,"Selaginella silvestris"
Equisetopsida,Oxalidales,Oxalidaceae,"Oxalis lotoides"
Equisetopsida,Poales,Cyperaceae,"Cyperus mutisii"
Equisetopsida,Polypodiales,Cystopteridaceae,"Cystopteris fragilis"
Equisetopsida,Rosales,Rosaceae,"Rubus sparsiflorus"
Equisetopsida,Rosales,Rosaceae,"Rubus roseus"
Equisetopsida,Polypodiales,Dryopteridaceae,"Polystichum montevidense var. Montevidense"
Equisetopsida,Poales,Poaceae,"Melinis minutiflora"
Equisetopsida,Malpighiales,Euphorbiaceae,"Alchornea grandiflora"
Equisetopsida,Myrtales,Melastomataceae,"Miconia aspergillaris"
Equisetopsida,Polypodiales,Athyriaceae,"Diplazium roemerianum"
Equisetopsida,Gentianales,Rubiaceae,"Arcytophyllum peruvianum"
Equisetopsida,Malpighiales,Salicaceae,"Pineda incana"
Equisetopsida,Fabales,Fabaceae,"Senna monilifera"
Equisetopsida,Malpighiales,Lacistemataceae,"Lozania mutisiana"
Equisetopsida,Solanales,Solanaceae,"Solanum saponaceum"
Equisetopsida,Polypodiales,Polypodiaceae,"Campyloneurum aglaolepis"
Equisetopsida,Asterales,Asteraceae,"Oritrophium aciculifolium"
Equisetopsida,Gentianales,Rubiaceae,"Arcytophyllum rivetii"
Equisetopsida,Apiales,Araliaceae,"Hydrocotyle humboldtii"
Equisetopsida,Rosales,Rosaceae,"Rubus floribundus"
Equisetopsida,Asterales,Asteraceae,"Perymenium jelskii"
Equisetopsida,Gentianales,Rubiaceae,"Arcytophyllum setosum"
Equisetopsida,Polypodiales,Polypodiaceae,"Microgramma fosteri"
Equisetopsida,Polypodiales,Polypodiaceae,"Microgramma latevagans"
Equisetopsida,Cyatheales,Cyatheaceae,"Cyathea ruiziana"
Equisetopsida,Ericales,Primulaceae,"Cybianthus pastensis"
Equisetopsida,Polypodiales,Polypodiaceae,"Campyloneurum asplundii"
Equisetopsida,Malpighiales,Euphorbiaceae,"Alchornea pearcei"
Equisetopsida,Fabales,Fabaceae,"Paraserianthes lophantha"
Equisetopsida,Laurales,Lauraceae,"Ocotea ovalifolia"
Equisetopsida,Asterales,Asteraceae,"Gynoxys cutervensis"
Equisetopsida,Poales,Poaceae,"Eragrostis nigricans"
Equisetopsida,Piperales,Piperaceae,"Peperomia foliiflora"
Equisetopsida,Caryophyllales,Nyctaginaceae,"Colignonia rufopilosa"
Equisetopsida,Asterales,Asteraceae,"Gynoxys congestiflora"
Equisetopsida,Solanales,Solanaceae,"Physalis peruviana"
Equisetopsida,Polypodiales,Pteridaceae,"Doryopteris crenulans"
Equisetopsida,Schizaeales,Anemiaceae,"Anemia flexuosa"
Equisetopsida,Polypodiales,Polypodiaceae,"Melpomene moniliformis"
Equisetopsida,Piperales,Piperaceae,"Piper evingeri"
Equisetopsida,Piperales,Piperaceae,"Peperomia tetraphylla"
Equisetopsida,Polypodiales,Polypodiaceae,"Campyloneurum pascoense"
Equisetopsida,Polypodiales,Lindsaeaceae,"Lindsaea divaricata"
Equisetopsida,Asterales,Asteraceae,"Aequatorium cajamarcense"
Equisetopsida,Polypodiales,Dryopteridaceae,"Elaphoglossum paleaceum"
Equisetopsida,Laurales,Lauraceae,"Ocotea jelskii"
Equisetopsida,Fabales,Fabaceae,"Crotalaria sagittalis"
Equisetopsida,Lamiales,Calceolariaceae,"Calceolaria discotheca"
Equisetopsida,Cornales,Loasaceae,"Mentzelia aspera"
Equisetopsida,Poales,Poaceae,"Andropogon lateralis"
Equisetopsida,Lamiales,Calceolariaceae,"Calceolaria divaricata"
Equisetopsida,Myrtales,Melastomataceae,"Miconia lasiocalyx"
Equisetopsida,Poales,Bromeliaceae,"Guzmania morreniana"
Equisetopsida,Myrtales,Melastomataceae,"Brachyotum cutervoanum"
Equisetopsida,Alismatales,Araceae,"Anthurium microspadix"
Equisetopsida,Asterales,Asteraceae,"Onoseris speciosa"
Equisetopsida,Poales,Bromeliaceae,"Guzmania cuzcoensis"
Equisetopsida,Laurales,Lauraceae,"Ocotea floribunda"
Equisetopsida,Asterales,Asteraceae,"Diplostephium jelskii"
Equisetopsida,Celastrales,Celastraceae,"Maytenus jelskii"
Equisetopsida,Malpighiales,Euphorbiaceae,"Acalypha padifolia"
Equisetopsida,Polypodiales,Athyriaceae,"Diplazium sanctae-rosae"
Equisetopsida,Poales,Poaceae,"Aulonemia haenkei"
Equisetopsida,Solanales,Solanaceae,"Solanum caripense"
Equisetopsida,Lamiales,Calceolariaceae,"Calceolaria luteocalyx"
Equisetopsida,Poales,Poaceae,"Aulonemia longiaristata"
Equisetopsida,Asterales,Asteraceae,"Mikania szyszylowiczii"
Equisetopsida,Polypodiales,Blechnaceae,"Austroblechnum divergens"
Equisetopsida,Solanales,Solanaceae,"Solanum clivorum"
Equisetopsida,Cornales,Myrtaceae,"Myrcia fallax"
Equisetopsida,Lamiales,Lamiaceae,"Salvia hirta"
Equisetopsida,Lamiales,Lamiaceae,"Salvia macrophylla"
Equisetopsida,Polypodiales,Dennstaedtiaceae,"Dennstaedtia dissecta"
Equisetopsida,Lamiales,Calceolariaceae,"Calceolaria oreophila"
Equisetopsida,Laurales,Lauraceae,"Ocotea benthamiana"
Equisetopsida,Fabales,Polygalaceae,"Securidaca coriacea"
Equisetopsida,Lamiales,Lamiaceae,"Salvia ochrantha"
Equisetopsida,Myrtales,Melastomataceae,"Miconia egregia"
Equisetopsida,Asterales,Asteraceae,"Coreopsis venusta"
Equisetopsida,Caryophyllales,Polygonaceae,"Muehlenbeckia tiliifolia"
Equisetopsida,Hymenophyllales,Hymenophyllaceae,"Hymenophyllum axillare"
Equisetopsida,Malvales,Malvaceae,"Pavonia sepium"
Equisetopsida,Lamiales,Lamiaceae,"Salvia oppositiflora"
Equisetopsida,Ericales,Clethraceae,"Clethra cuneata"
Equisetopsida,Asterales,Asteraceae,"Mikania bulbisetifera"
Equisetopsida,Poales,Poaceae,"Paspalum saccharoides"
Equisetopsida,Rosales,Rosaceae,"Prunus integrifolia"
Equisetopsida,Hymenophyllales,Hymenophyllaceae,"Hymenophyllum fragile"
Equisetopsida,Polypodiales,Pteridaceae,"Adiantum anceps"
Equisetopsida,Lamiales,Lamiaceae,"Salvia scutellarioides"
Equisetopsida,Hymenophyllales,Hymenophyllaceae,"Hymenophyllum lamellatum"
Equisetopsida,Ericales,Clethraceae,"Purdiaea nutans"
Equisetopsida,Lamiales,Lamiaceae,"Salvia trifilis"
Equisetopsida,Polypodiales,Polypodiaceae,"Niphidium albopunctatissimum"
Equisetopsida,Hymenophyllales,Hymenophyllaceae,"Hymenophyllum polyanthos"
Equisetopsida,Polypodiales,Dryopteridaceae,"Arachniodes denticulata"
Equisetopsida,Polypodiales,Blechnaceae,"Parablechnum cordatum"
Equisetopsida,Poales,Poaceae,"Paspalum racemosum"
Equisetopsida,Solanales,Solanaceae,"Solanum cucullatum"
Equisetopsida,Lamiales,Calceolariaceae,"Calceolaria tetragona"
Equisetopsida,Caryophyllales,Caryophyllaceae,"Cerastium glomeratum"
Equisetopsida,Poales,Bromeliaceae,"Puya glaucovirens"
Equisetopsida,Lamiales,Calceolariaceae,"Calceolaria trilobata"
Equisetopsida,Myrtales,Melastomataceae,"Miconia adinantha"
Equisetopsida,Asterales,Asteraceae,"Senecio szyszylowiczii"
Equisetopsida,Poales,Poaceae,"Chusquea scandens"
Equisetopsida,Asterales,Asteraceae,"Pseudognaphalium dombeyanum"
Equisetopsida,Ericales,Primulaceae,"Cybianthus marginatus"
Equisetopsida,Poales,Poaceae,"Paspalum penicillatum"
Equisetopsida,Rosales,Rosaceae,"Polylepis multijuga"
Equisetopsida,Liliales,Alstroemeriaceae,"Bomarea setacea"
Equisetopsida,Solanales,Solanaceae,"Capsicum dimorphum"
Equisetopsida,Solanales,Solanaceae,"Capsicum lycianthoides"
Equisetopsida,Polypodiales,Dennstaedtiaceae,"Pteridium caudatum"
Equisetopsida,Polypodiales,Aspleniaceae,"Asplenium alatum"
Equisetopsida,Asterales,Asteraceae,"Calea jelskii"
Equisetopsida,Cyatheales,Culcitaceae,"Culcita coniifolia"
Equisetopsida,Canellales,Winteraceae,"Drimys granadensis"
Equisetopsida,Lamiales,Verbenaceae,"Lantana svensonii"
Equisetopsida,Malpighiales,Hypericaceae,"Hypericum aciculare"
Equisetopsida,Ericales,Ericaceae,"Gaultheria tomentosa"
Equisetopsida,Asparagales,Asphodelaceae,"Excremis coarctata"
Equisetopsida,Liliales,Alstroemeriaceae,"Bomarea distichifolia"
Equisetopsida,Polypodiales,Dryopteridaceae,"Elaphoglossum piloselloides"
Equisetopsida,Asterales,Campanulaceae,"Centropogon sanchezii"
Equisetopsida,Poales,Poaceae,"Paspalum paniculatum"
Equisetopsida,Polypodiales,Pteridaceae,"Pteris deflexa"
Equisetopsida,Asterales,Campanulaceae,"Centropogon macbridei"
Equisetopsida,Poales,Poaceae,"Paspalum pallidum"
Equisetopsida,Lamiales,Lamiaceae,"Scutellaria volubilis"
Equisetopsida,Gentianales,Rubiaceae,"Coccocypselum lanceolatum"
Equisetopsida,Asterales,Asteraceae,"Jungia weberbaueri"
Equisetopsida,Asterales,Campanulaceae,"Centropogon gesneriiformis"
Equisetopsida,Dioscoreales,Dioscoreaceae,"Dioscorea chagllaensis"
Equisetopsida,Dioscoreales,Dioscoreaceae,"Dioscorea andromedusae"
Equisetopsida,Poales,Cyperaceae,"Carex jamesonii"
Equisetopsida,Asterales,Campanulaceae,"Centropogon ferrugineus"
Equisetopsida,Lamiales,Lamiaceae,"Scutellaria gardoquioides"
Equisetopsida,Solanales,Solanaceae,"Deprea parviflora"
Equisetopsida,Gentianales,Rubiaceae,"Cinchona pubescens"
Equisetopsida,Alismatales,Araceae,"Anthurium hamiltonii"
Equisetopsida,Poales,Bromeliaceae,"Greigia alborosea"
Equisetopsida,Cornales,Myrtaceae,"Eugenia curvipilosa"
Equisetopsida,Polypodiales,Polypodiaceae,"Pecluma divaricata"
Equisetopsida,Polypodiales,Polypodiaceae,"Grammitis limbata"
Equisetopsida,Asterales,Asteraceae,"Jungia paniculata"
Equisetopsida,Polypodiales,Athyriaceae,"Diplazium cuneifolium"
Equisetopsida,Polypodiales,Dryopteridaceae,"Polystichum dubium"
Equisetopsida,Ericales,Pentaphylacaceae,"Freziera angulosa"
Equisetopsida,Polypodiales,Dennstaedtiaceae,"Hypolepis bogotensis"
Equisetopsida,Alismatales,Araceae,"Anthurium gracilipedunculatum"
Equisetopsida,Ericales,Pentaphylacaceae,"Freziera incana"
Equisetopsida,Polypodiales,Dennstaedtiaceae,"Hypolepis obtusata"
Equisetopsida,Lamiales,Gesneriaceae,"Columnea strigosa"
Equisetopsida,Polypodiales,Polypodiaceae,"Phlebodium aureum"
Equisetopsida,Santalales,Santalaceae,"Antidaphne andina"
Equisetopsida,Asterales,Asteraceae,"Nordenstamia cajamarcensis"
Equisetopsida,Polypodiales,Dryopteridaceae,"Elaphoglossum rimbachii"
Equisetopsida,Piperales,Piperaceae,"Piper barbatum"
Equisetopsida,Myrtales,Melastomataceae,"Meriania peltata"
Equisetopsida,Lamiales,Verbenaceae,"Duranta mutisii"
Equisetopsida,Asterales,Asteraceae,"Mikania micrantha"
Equisetopsida,Polypodiales,Pteridaceae,"Pityrogramma ebenea"
Equisetopsida,Lamiales,Scrophulariaceae,"Buddleja multiceps"
Equisetopsida,Rosales,Rosaceae,"Polylepis weberbaueri"
Equisetopsida,Polypodiales,Aspleniaceae,"Asplenium cuspidatum"
Equisetopsida,Ericales,Clethraceae,"Clethra ovalifolia"
Equisetopsida,Gentianales,Rubiaceae,"Cinchona pitayensis"
Equisetopsida,Santalales,Santalaceae,"Dendrophthora lindeniana"
Equisetopsida,Gentianales,Rubiaceae,"Spermacoce capitata"
Equisetopsida,Asparagales,Hypoxidaceae,"Hypoxis decumbens"
Equisetopsida,Asterales,Asteraceae,"Smallanthus jelskii"
Equisetopsida,Gentianales,Rubiaceae,"Cinchona calisaya"
Equisetopsida,Malpighiales,Salicaceae,"Casearia mariquitensis"
Equisetopsida,Ericales,Actinidiaceae,"Saurauia loeseneriana"
Equisetopsida,Asterales,Asteraceae,"Cosmos peucedanifolius"
Equisetopsida,Malpighiales,Passifloraceae,"Passiflora tripartita var. Mollissima"
Equisetopsida,Chloranthales,Chloranthaceae,"Hedyosmum translucidum"
Equisetopsida,Cyatheales,Cyatheaceae,"Cyathea nigripes"
Equisetopsida,Malpighiales,Passifloraceae,"Passiflora tripartita"
Equisetopsida,Gentianales,Apocynaceae,"Mandevilla callacatensis"
Equisetopsida,Myrtales,Onagraceae,"Fuchsia andrei"
Equisetopsida,Alismatales,Araceae,"Anthurium pulchrum"
Equisetopsida,Gentianales,Rubiaceae,"Palicourea angustifolia"
Equisetopsida,Proteales,Sabiaceae,"Meliosma pumila"
Equisetopsida,Lycopodiales,Lycopodiaceae,"Phlegmariurus reflexus"
Equisetopsida,Malpighiales,Salicaceae,"Casearia prunifolia"
Equisetopsida,Laurales,Lauraceae,"Persea caerulea"
Equisetopsida,Poales,Poaceae,"Chusquea aspera"
Equisetopsida,Ericales,Primulaceae,"Myrsine manglilla"
Equisetopsida,Asterales,Asteraceae,"Senecio laricifolius"
Equisetopsida,Gentianales,Apocynaceae,"Mandevilla glandulosa"
Equisetopsida,Malpighiales,Salicaceae,"Casearia zahlbruckneri"
Equisetopsida,Gentianales,Apocynaceae,"Mandevilla riparia"
Equisetopsida,Fagales,Betulaceae,"Alnus jorullensis"
Equisetopsida,Ericales,Theaceae,"Gordonia fruticosa"
Equisetopsida,Polypodiales,Aspleniaceae,"Asplenium harpeodes"
Equisetopsida,Asterales,Asteraceae,"Baccharis emarginata"
Equisetopsida,Solanales,Convolvulaceae,"Ipomoea aristolochiifolia"
Equisetopsida,Asterales,Asteraceae,"Baccharis genistelloides"
Equisetopsida,Gentianales,Rubiaceae,"Hillia wurdackii"
Equisetopsida,Gentianales,Rubiaceae,"Palicourea candida"
Equisetopsida,Fabales,Fabaceae,"Chamaecrista glandulosa"
Equisetopsida,Myrtales,Melastomataceae,"Miconia hexámera"
Equisetopsida,Lycopodiales,Lycopodiaceae,"Phlegmariurus eversus"
Equisetopsida,Asterales,Asteraceae,"Mikania decora"
Equisetopsida,Gentianales,Rubiaceae,"Palicourea chrysotricha"
Equisetopsida,Cyatheales,Cyatheaceae,"Cyathea pilosissima"
Equisetopsida,Fagales,Juglandaceae,"Juglans neotropica"
Equisetopsida,Asterales,Asteraceae,"Baccharis linearifolia"
Equisetopsida,Ericales,Sapotaceae,"Pouteria lucuma"
Equisetopsida,Polypodiales,Polypodiaceae,"Melpomene pseudonutans"
Equisetopsida,Solanales,Solanaceae,"Iochroma grandiflorum"
Equisetopsida,Polypodiales,Dryopteridaceae,"Elaphoglossum ciliatum"
Equisetopsida,Rosales,Moraceae,"Morus insignis"
Equisetopsida,Gentianales,Rubiaceae,"Palicourea weberbaueri"
Equisetopsida,Lamiales,Verbenaceae,"Dendrophthora dimorpha"
Equisetopsida,Chloranthales,Chloranthaceae,"Hedyosmum goudotianum var. goudotianum"
Equisetopsida,Myrtales,Melastomataceae,"Miconia beneolens"
Equisetopsida,Polypodiales,Pteridaceae,"Ananthacorus angustifolius"
Equisetopsida,Fabales,Polygalaceae,"Monnina pseudosalicifolia"
Equisetopsida,Chloranthales,Chloranthaceae,"Hedyosmum anisodorum"
Equisetopsida,Alismatales,Araceae,"Anthurium penningtonii"
Equisetopsida,Laurales,Lauraceae,"Nectandra obtusata"
Equisetopsida,Lamiales,Orobanchaceae,"Agalinis megalantha"
Equisetopsida,Ranunculales,Berberidaceae,"Berberis lehmannii"
Equisetopsida,Polypodiales,Dryopteridaceae,"Elaphoglossum rufum"
Equisetopsida,Poales,Poaceae,"Aristida ecuadoriensis"
Equisetopsida,Cornales,Myrtaceae,"Myrteola acerosa"
Equisetopsida,Asterales,Asteraceae,"Noticastrum marginatum"
Equisetopsida,Polypodiales,Dryopteridaceae,"Elaphoglossum russelliae"
Equisetopsida,Polypodiales,Aspleniaceae,"Asplenium radicans"
Equisetopsida,Polypodiales,Athyriaceae,"Diplazium grandifolium"
Equisetopsida,Sapindales,Meliaceae,"Schmardaea microphylla"
Equisetopsida,Gentianales,Rubiaceae,"Ciliosemina pedunculata"
Equisetopsida,Polypodiales,Polypodiaceae,"Lellingeria subsessilis"
Equisetopsida,Ericales,Ericaceae,"Bejaria infundibula"
Equisetopsida,Malpighiales,Euphorbiaceae,"Dalechampia aristolochiifolia"
Equisetopsida,Polypodiales,Aspleniaceae,"Asplenium rutaceum"
Equisetopsida,Gentianales,Rubiaceae,"Palicourea garciae"
Equisetopsida,Aquifoliales,Aquifoliaceae,"Ilex crassifolia"
Equisetopsida,Polypodiales,Dennstaedtiaceae,"Histiopteris incisa"
Equisetopsida,Malpighiales,Clusiaceae,"Clusia minor"
Equisetopsida,Cucurbitales,Begoniaceae,"Begonia velata"
Equisetopsida,Apiales,Araliaceae,"Sciodaphyllum patulum"
Equisetopsida,Poales,Bromeliaceae,"Racinaea tetrantha"
Equisetopsida,Malpighiales,Euphorbiaceae,"Acalypha infesta"
Equisetopsida,Fabales,Fabaceae,"Rhynchosia mantaroensis"
Equisetopsida,Polypodiales,Dryopteridaceae,"Elaphoglossum tectum"
Equisetopsida,Liliales,Smilacaceae,"Smilax tomentosa"
Equisetopsida,Cucurbitales,Begoniaceae,"Begonia peruviana"
Equisetopsida,Asterales,Asteraceae,"Senecio callacallensis"
Equisetopsida,Gentianales,Rubiaceae,"Hoffmannia latifolia"
Equisetopsida,Asterales,Asteraceae,"Schistocarpha sinforosi"
Equisetopsida,Sapindales,Meliaceae,"Cedrela angustifolia"
Equisetopsida,Gentianales,Gentianaceae,"Macrocarpaea jalca"
Equisetopsida,Polypodiales,Athyriaceae,"Diplazium ballivianii"
Equisetopsida,Gentianales,Rubiaceae,"Hoffmannia obovata"
Equisetopsida,Aquifoliales,Aquifoliaceae,"Ilex obtusata"
Equisetopsida,Gentianales,Rubiaceae,"Palicourea jelskii"
Equisetopsida,Cucurbitales,Begoniaceae,"Begonia fischeri"
Equisetopsida,Cucurbitales,Begoniaceae,"Begonia acerifolia"
Equisetopsida,Malpighiales,Passifloraceae,"Passiflora obtusiloba"
Equisetopsida,Poales,Poaceae,"Schizachyrium sanguineum"
Equisetopsida,Malpighiales,Clusiaceae,"Clusia pseudomangle"
Equisetopsida,Oxalidales,Brunelliaceae,"Brunellia inermis"
Equisetopsida,Myrtales,Melastomataceae,"Chaetogastra mariae"
Equisetopsida,Oxalidales,Brunelliaceae,"Brunellia dulcis"
Equisetopsida,Cornales,Myrtaceae,"Myrcianthes myrsinoides"
Equisetopsida,Solanales,Solanaceae,"Solanum ochranthum"
Equisetopsida,Gentianales,Rubiaceae,"Hoffmannia verticillata"
Equisetopsida,Polypodiales,Dryopteridaceae,"Polybotrya appressa"
Equisetopsida,Poales,Bromeliaceae,"Mezobromelia lyman-smithii"
Equisetopsida,Fabales,Fabaceae,"Dalea coerulea"
Equisetopsida,Gentianales,Rubiaceae,"Mitracarpus frigidus"
Equisetopsida,Malpighiales,Passifloraceae,"Passiflora mollissima"
Equisetopsida,Cornales,Myrtaceae,"Myrcianthes discolor"
Equisetopsida,Polypodiales,Aspleniaceae,"Asplenium sulcatum"
Equisetopsida,Fabales,Fabaceae,"Phaseolus pachyrrhizoides"
Equisetopsida,Piperales,Piperaceae,"Piper pubinervulum"
Equisetopsida,Asterales,Asteraceae,"Ageratina sternbergiana"
Equisetopsida,Ericales,Clethraceae,"Clethra scabra"
Equisetopsida,Polypodiales,Polypodiaceae,"Pecluma pectinata"
Equisetopsida,Solanales,Solanaceae,"Lycopersicon hirsutum"
Equisetopsida,Lycopodiales,Lycopodiaceae,"Lycopodiella andicola"
Equisetopsida,Laurales,Lauraceae,"Nectandra reticulata"
Equisetopsida,Myrtales,Melastomataceae,"Meriania rádula"
Equisetopsida,Asterales,Asteraceae,"Jaegeria hirta"
Equisetopsida,Polypodiales,Aspleniaceae,"Asplenium uniseriale"
Equisetopsida,Poales,Poaceae,"Eriochrysis cayennensis"
Equisetopsida,Fabales,Polygalaceae,"Monnina mathusiana"
Equisetopsida,Proteales,Sabiaceae,"Meliosma meridensis"
Equisetopsida,Lamiales,Bignoniaceae,"Amphilophium pannosum"
Equisetopsida,Lamiales,Bignoniaceae,"Amphilophium paniculatum"
Equisetopsida,Malpighiales,Clusiaceae,"Clusia sphaerocarpa"
Equisetopsida,Gentianales,Rubiaceae,"Macrocnemum humboldtianum"
Equisetopsida,Asterales,Campanulaceae,"Siphocampylus angustiflorus"
Equisetopsida,Cucurbitales,Cucurbitaceae,"Cyclanthera cordifolia"
Equisetopsida,Boraginales,Boraginaceae,"Cordia colombiana"
Equisetopsida,Lamiales,Acanthaceae,"Odontonema peruvianum"
Equisetopsida,Asterales,Asteraceae,"Asplundianthus sagasteguii"
Equisetopsida,Asterales,Asteraceae,"Asplundianthus trachyphyllus"
Equisetopsida,Malpighiales,Euphorbiaceae,"Alchornea coelophylla"
Equisetopsida,Piperales,Piperaceae,"Piper trichostylum"
Equisetopsida,Poales,Poaceae,"Sporobolus lasiophyllus"
Equisetopsida,Lycopodiales,Lycopodiaceae,"Phlegmariurus crassus"
Equisetopsida,Asterales,Asteraceae,"Pentacalia reflexa"
Equisetopsida,Polypodiales,Dryopteridaceae,"Elaphoglossum leprosum"
Equisetopsida,Gentianales,Rubiaceae,"Arcytophyllum ciliolatum"
Equisetopsida,Asterales,Asteraceae,"Pentacalia oronocensis"
Equisetopsida,Gentianales,Rubiaceae,"Arcytophyllum ericoides"
Equisetopsida,Asterales,Asteraceae,"Pentacalia cutervonis"
Equisetopsida,Myrtales,Lythraceae,"Lafoensia acuminata"
Equisetopsida,Lamiales,Acanthaceae,"Aphelandra formosa"
Equisetopsida,Marattiales,Marattiaceae,"Danaea oblanceolata"
Equisetopsida,Gentianales,Rubiaceae,"Elaeagia laxiflora"
Equisetopsida,Lamiales,Plantaginaceae,"Maurandya scandens"
Equisetopsida,Myrtales,Melastomataceae,"Miconia terera"
Equisetopsida,Gentianales,Rubiaceae,"Rudgea tambillensis"
Equisetopsida,Solanales,Solanaceae,"Cestrum ovalifolium"
Equisetopsida,Brassicales,Tropaeolaceae,"Tropaeolum magnificum"
Equisetopsida,Brassicales,Tropaeolaceae,"Tropaeolum cirrhipes"
Equisetopsida,Oxalidales,Cunoniaceae,"Weinmannia dzieduszyckii"
Equisetopsida,Ericales,Primulaceae,"Stylogyne serpentina"
Equisetopsida,Oxalidales,Cunoniaceae,"Weinmannia latifolia"
Equisetopsida,Gleicheniales,Gleicheniaceae,"Sticherus tomentosus"
Equisetopsida,Gentianales,Gentianaceae,"Tapeinostemon zamoranum"
Equisetopsida,Oxalidales,Cunoniaceae,"Weinmannia piurensis"
Equisetopsida,Asterales,Asteraceae,"Verbesina arborea"
Equisetopsida,Oxalidales,Cunoniaceae,"Weinmannia pubescens"
Equisetopsida,Asterales,Asteraceae,"Vernonia rimachii"
Equisetopsida,Dipsacales,Adoxaceae,"Viburnum reticulatum"
Equisetopsida,Santalales,Loranthaceae,"Tripodanthus acutifolius"
Equisetopsida,Gleicheniales,Gleicheniaceae,"Sticherus longipinnatus"
Equisetopsida,Gleicheniales,Gleicheniaceae,"Sticherus rubiginosus"
Equisetopsida,Hymenophyllales,Hymenophyllaceae,"Trichomanes angustatum"
Equisetopsida,Poales,Poaceae,"Trachypogon spicatus"
Equisetopsida,Polypodiales,Thelypteridaceae,"Thelypteris rudis"
Equisetopsida,Poales,Xyridaceae,"Xyris subulata"
Equisetopsida,Poales,Eriocaulaceae,"Syngonanthus peruvianus"
Equisetopsida,Polypodiales,Pteridaceae,"Vittaria lineata"
Equisetopsida,Myrtales,Vochysiaceae,"Vochysia lehmannii"
Equisetopsida,Boraginales,Boraginaceae,"Tournefortia virgata"
Equisetopsida,Poales,Cyperaceae,"Uncinia hamata"
Equisetopsida,Poales,Bromeliaceae,"Tillandsia tovarensis"
Equisetopsida,Boraginales,Boraginaceae,"Tournefortia scabrida"
Equisetopsida,Poales,Bromeliaceae,"Tillandsia recurvata"
Equisetopsida,Poales,Bromeliaceae,"Tillandsia humilis"
Equisetopsida,Poales,Bromeliaceae,"Tillandsia confinis"
Equisetopsida,Poales,Bromeliaceae,"Tillandsia biflora"
Equisetopsida,Poales,Xyridaceae,"Xyris tristis"
Equisetopsida,Solanales,Solanaceae,"Streptosolen jamesonii"
Equisetopsida,Oxalidales,Cunoniaceae,"Weinmannia chryseis"
Equisetopsida,Ericales,Symplocaceae,"Symplocos fuliginosa"
Equisetopsida,Ericales,Symplocaceae,"Symplocos coriacea"
Equisetopsida,Lamiales,Cordiaceae,"Varronia spinescens"
Equisetopsida,Malvales,Malvaceae,"Triumfetta grandiflora"
Equisetopsida,Caryophyllales,Polygonaceae,"Triplaris peruviana"
Equisetopsida,Myrtales,Melastomataceae,"Triolena allardii"
Equisetopsida,Magnoliales,Annonaceae,"Unonopsis guatterioides"
Equisetopsida,Sapindales,Meliaceae,"Trichilia septentrionalis"
Equisetopsida,Magnoliales,Myristicaceae,"Virola calophylla"
Equisetopsida,Myrtales,Combretaceae,"Terminalia viridiflora"
Equisetopsida,Sapindales,Meliaceae,"Trichilia maynasiana"
Equisetopsida,Lamiales,Acanthaceae,"Streblacanthus amoenus"
Equisetopsida,Myrtales,Combretaceae,"Terminalia oblonga"
Equisetopsida,Magnoliales,Myristicaceae,"Virola sebifera"
Equisetopsida,Magnoliales,Myristicaceae,"Virola weberbaueri"
Equisetopsida,Malpighiales,Hypericaceae,"Vismia sprucei"
Equisetopsida,Sapindales,Burseraceae,"Trattinnickia lawrancei"
Equisetopsida,Lamiales,Lamiaceae,"Vitex triflora"
Equisetopsida,Malpighiales,Clusiaceae,"Tovomita microcarpa"
Equisetopsida,Gentianales,Rubiaceae,"Warszewiczia ambigua"
Equisetopsida,Polypodiales,Tectariaceae,"Tectaria heracleifolia"
Equisetopsida,Lamiales,Bignoniaceae,"Tabebuia ochracea"
Equisetopsida,Fabales,Fabaceae,"Tachigali poeppigiana"
Equisetopsida,Sapindales,Sapindaceae,"Thinouia obliqua"
Equisetopsida,Malvales,Malvaceae,"Theobroma bicolor"
Equisetopsida,Polypodiales,Thelypteridaceae,"Thelypteris serrata"
Equisetopsida,Polypodiales,Thelypteridaceae,"Thelypteris rufa"
Equisetopsida,Alismatales,Araceae,"Xanthosoma poeppigii"
Equisetopsida,Alismatales,Araceae,"Xanthosoma sagittifolium"
Equisetopsida,Alismatales,Araceae,"Xanthosoma stenospathum"
Equisetopsida,Polypodiales,Thelypteridaceae,"Thelypteris jamesonii"
Equisetopsida,Polypodiales,Thelypteridaceae,"Thelypteris gigantea"
Equisetopsida,Polypodiales,Thelypteridaceae,"Thelypteris depilata"
Equisetopsida,Fabales,Fabaceae,"Tachigali setifera"
Equisetopsida,Magnoliales,Annonaceae,"Unonopsis floribunda"
Equisetopsida,Polypodiales,Thelypteridaceae,"Thelypteris biformata"
Equisetopsida,Sapindales,Meliaceae,"Swietenia macrophylla"
Equisetopsida,Fabales,Fabaceae,"Albizia carbonaria"
Equisetopsida,Zingiberales,Heliconiaceae,"Heliconia subulata"
Equisetopsida,Rosales,Urticaceae,"Cecropia andina"
Equisetopsida,Lamiales,Gesneriaceae,"Drymonia serrulata"
Equisetopsida,Rosales,Urticaceae,"Cecropia ficifolia"
Equisetopsida,Malpighiales,Euphorbiaceae,"Hevea guianensis"
Equisetopsida,Rosales,Moraceae,"Poulsenia armata"
Equisetopsida,Zingiberales,Heliconiaceae,"Heliconia fugax"
Equisetopsida,Zingiberales,Heliconiaceae,"Heliconia chartacea"
Equisetopsida,Fabales,Fabaceae,"Inga lineata"
Equisetopsida,Cyatheales,Cyatheaceae,"Cyathea andina"
Equisetopsida,Magnoliales,Annonaceae,"Maasia glauca"
Equisetopsida,Malpighiales,Phyllanthaceae,"Hieronyma alchorneoides"
Equisetopsida,Gentianales,Rubiaceae,"Sabicea cana"
Equisetopsida,Santalales,Olacaceae,"Heisteria spruceana"
Equisetopsida,Fabales,Fabaceae,"Amburana cearensis"
Equisetopsida,Myrtales,Melastomataceae,"Miconia dimorphica"
Equisetopsida,Gentianales,Apocynaceae,"Himatanthus sucuuba"
Equisetopsida,Ericales,Sapotaceae,"Micropholis guyanensis"
Equisetopsida,Piperales,Piperaceae,"Piper admirabile"
Equisetopsida,Rosales,Moraceae,"Maclura tinctoria"
Equisetopsida,Magnoliales,Annonaceae,"Fusaea decurrens"
Equisetopsida,Magnoliales,Annonaceae,"Fusaea peruviana"
Equisetopsida,Fabales,Fabaceae,"Osodendron altissimum"
Equisetopsida,Malpighiales,Calophyllaceae,"Calophyllum brasiliense"
Equisetopsida,Magnoliales,Myristicaceae,"Osteophloeum platyspermum"
Equisetopsida,Fabales,Fabaceae,"Inga laurina"
Equisetopsida,Gentianales,Rubiaceae,"Hamelia axillaris"
Equisetopsida,Gentianales,Rubiaceae,"Calycophyllum spruceanum"
Equisetopsida,Laurales,Lauraceae,"Rhodostemonodaphne praeclara"
Equisetopsida,Laurales,Lauraceae,"Rhodostemonodaphne licanioides"
Equisetopsida,Lamiales,Cordiaceae,"Cordia bifurcata"
Equisetopsida,Lamiales,Bignoniaceae,"Jacaranda glabra"
Equisetopsida,Malpighiales,Euphorbiaceae,"Alchornea cordifolia"
Equisetopsida,Lamiales,Bignoniaceae,"Jacaranda copaia"
Equisetopsida,Myrtales,Melastomataceae,"Miconia allardii"
Equisetopsida,Rosales,Urticaceae,"Cecropia engleriana"
Equisetopsida,Rosales,Moraceae,"Brosimum rubescens"
Equisetopsida,Magnoliales,Myristicaceae,"Otoba parvifolia"
Equisetopsida,Rosales,Moraceae,"Brosimum lactescens"
Equisetopsida,Polypodiales,Nephrolepidaceae,"Nephrolepis biserrata"
Equisetopsida,Rosales,Moraceae,"Brosimum alicastrum"
Equisetopsida,Oxalidales,Oxalidaceae,"Oxalis ortgiesii"
Equisetopsida,Fabales,Fabaceae,"Schnella porphyrotricha"
Equisetopsida,Poales,Bromeliaceae,"Bromelia tarapotina"
Equisetopsida,Poales,Bromeliaceae,"Bromelia poeppigii"
Equisetopsida,Laurales,Lauraceae,"Ocotea pauciflora"
Equisetopsida,Myrtales,Melastomataceae,"Miconia affinis"
Equisetopsida,Polypodiales,Polypodiaceae,"Campyloneurum chlorolepis"
Equisetopsida,Laurales,Lauraceae,"Ocotea obovata"
Equisetopsida,Polypodiales,Polypodiaceae,"Campyloneurum fuscosquamatum"
Equisetopsida,Laurales,Lauraceae,"Ocotea magnifolia"
Equisetopsida,Myrtales,Melastomataceae,"Miconia cuneata"
Equisetopsida,Ericales,Lecythidaceae,"Gustavia poeppigiana"
Equisetopsida,Laurales,Lauraceae,"Ocotea dielsiana"
Equisetopsida,Gentianales,Apocynaceae,"Rhigospira quadrangularis"
Equisetopsida,Fabales,Fabaceae,"Hymenaea oblongifolia"
Equisetopsida,Fabales,Fabaceae,"Hymenaea oblongifolia var. palustris"
Equisetopsida,Lamiales,Lamiaceae,"Cantinoa mutabilis"
Equisetopsida,Malvales,Malvaceae,"Guazuma ulmifolia"
Equisetopsida,Malvales,Malvaceae,"Guazuma crinita"
Equisetopsida,Apiales,Araliaceae,"Didymopanax morototoni"
Equisetopsida,Malvales,Thymelaeaceae,"Schoenobiblus peruvianus"
Equisetopsida,Gentianales,Rubiaceae,"Capirona macrophylla"
Equisetopsida,Gentianales,Rubiaceae,"Alibertia bertierifolia"
Equisetopsida,Laurales,Lauraceae,"Ocotea amplissima"
Equisetopsida,Magnoliales,Myristicaceae,"Iryanthera tricornis"
Equisetopsida,Magnoliales,Annonaceae,"Guatteria modesta"
Equisetopsida,Magnoliales,Myristicaceae,"Iryanthera laevis"
Equisetopsida,Magnoliales,Myristicaceae,"Iryanthera juruensis"
Equisetopsida,Fabales,Fabaceae,"Piptadenia retusa"
Equisetopsida,Alismatales,Araceae,"Dieffenbachia costata"
Equisetopsida,Liliales,Alstroemeriaceae,"Bomarea cordifolia"
Equisetopsida,Gentianales,Rubiaceae,"Amaioua guianensis"
Equisetopsida,Magnoliales,Myristicaceae,"Iryanthera crassifolia"
Equisetopsida,Sapindales,Meliaceae,"Guarea gomma"
Equisetopsida,Gentianales,Rubiaceae,"Malanea cylindrica"
Equisetopsida,Pandanales,Cyclanthaceae,"Carludovica palmata"
Equisetopsida,Asterales,Campanulaceae,"Centropogon baezanus"
Equisetopsida,Alismatales,Araceae,"Philodendron divaricatum"
Equisetopsida,Malvales,Malvaceae,"Ochroma pyramidale"
Equisetopsida,Laurales,Lauraceae,"Endlicheria williamsii"
Equisetopsida,Malvales,Bixaceae,"Bixa orellana"
Equisetopsida,Oxalidales,Oxalidaceae,"Biophytum peruvianum"
Equisetopsida,Laurales,Lauraceae,"Endlicheria tessmannii"
Equisetopsida,Laurales,Lauraceae,"Endlicheria sericea"
Equisetopsida,Zingiberales,Costaceae,"Costus guanaiensis"
Equisetopsida,Gentianales,Rubiaceae,"Manettia acutifolia"
Equisetopsida,Rosales,Moraceae,"Castilla ulei"
Equisetopsida,Poales,Cyperaceae,"Scleria macrophylla"
Equisetopsida,Lamiales,Gesneriaceae,"Besleria barbata"
Equisetopsida,Lamiales,Gesneriaceae,"Besleria aggregata"
Equisetopsida,Ranunculales,Menispermaceae,"Abuta grandifolia"
Equisetopsida,Lamiales,Acanthaceae,"Stenostephanus longistaminus"
Equisetopsida,Alismatales,Araceae,"Philodendron hederaceum var. oxycardium"
Equisetopsida,Malvales,Malvaceae,"Ceiba pentandra"
Equisetopsida,Fabales,Fabaceae,"Inga heterophylla"
Equisetopsida,Sapindales,Anacardiaceae,"Spondias mombin"
Equisetopsida,Myrtales,Melastomataceae,"Bellucia subandina"
Equisetopsida,Myrtales,Melastomataceae,"Bellucia spruceana"
Equisetopsida,Myrtales,Melastomataceae,"Bellucia aequiloba"
Equisetopsida,Apiales,Araliaceae,"Sciodaphyllum sphaerocoma"
Equisetopsida,Polypodiales,Polypodiaceae,"Polypodium virginianum"
Equisetopsida,Fabales,Fabaceae,"Inga thibaudiana"
Equisetopsida,Fabales,Fabaceae,"Cedrelinga cateniformis"
Equisetopsida,Gentianales,Rubiaceae,"Palicourea grandifolia"
Equisetopsida,Gentianales,Rubiaceae,"Palicourea guianensis"
Equisetopsida,Sapindales,Sapindaceae,"Allophylus densiflorus"
Equisetopsida,Lamiales,Bignoniaceae,"Mansoa standleyi"
Equisetopsida,Sapindales,Meliaceae,"Cedrela fissilis"
Equisetopsida,Cucurbitales,Begoniaceae,"Begonia glauca"
Equisetopsida,Myrtales,Melastomataceae,"Miconia neocordata"
Equisetopsida,Rosales,Urticaceae,"Cecropia strigosa"
Equisetopsida,Fabales,Fabaceae,"Bauhinia weberbaueri"
Equisetopsida,Rosales,Urticaceae,"Coussapoa villosa"
Equisetopsida,Fabales,Fabaceae,"Bauhinia longicuspis"
Equisetopsida,Fabales,Fabaceae,"Inga ruiziana"
Equisetopsida,Rosales,Urticaceae,"Cecropia sciadophylla"
Equisetopsida,Gentianales,Rubiaceae,"Schizocalyx obovatus"
Equisetopsida,Fabales,Fabaceae,"Inga pruriens"
Equisetopsida,Sapindales,Sapindaceae,"Allophylus loretensis"
Equisetopsida,Rosales,Urticaceae,"Cecropia polystachya"
Equisetopsida,Rosales,Urticaceae,"Cecropia peltata"
Equisetopsida,Alismatales,Araceae,"Philodendron lechlerianum"
Equisetopsida,Gentianales,Apocynaceae,"Couma macrocarpa"
Equisetopsida,Fabales,Fabaceae,"Inga adenophylla"
Equisetopsida,Rosales,Urticaceae,"Coussapoa tessmannii"
Equisetopsida,Fabales,Fabaceae,"Inga affinis"
Equisetopsida,Fabales,Fabaceae,"Inga oerstediana"
Equisetopsida,Malvales,Malvaceae,"Cavanillesia hylogeiton"
Equisetopsida,Rosales,Urticaceae,"Cecropia membranacea"
Equisetopsida,Fabales,Fabaceae,"Schizolobium parahyba"
Equisetopsida,Fabales,Fabaceae,"Inga capitata"
Equisetopsida,Gentianales,Rubiaceae,"Pentagonia spathicalyx"
Equisetopsida,Gentianales,Rubiaceae,"Pentagonia parvifolia"
Equisetopsida,Fabales,Fabaceae,"Myroxylon balsamum"
Equisetopsida,Lamiales,Acanthaceae,"Aphelandra mucronata"
Equisetopsida,Fabales,Fabaceae,"Myroxylon peruiferum"
Equisetopsida,Asterales,Asteraceae,"Eirmocephala brachiata"
Equisetopsida,Lamiales,Acanthaceae,"Aphelandra acrensis"
Equisetopsida,Sapindales,Burseraceae,"Protium puncticulatum"
Equisetopsida,Piperales,Piperaceae,"Peperomia elliptico-rhombea"
Equisetopsida,Malvales,Malvaceae,"Quararibea guianensis"
Equisetopsida,Piperales,Piperaceae,"Peperomia erythrostachya"
Equisetopsida,Alismatales,Araceae,"Philodendron megalophyllum"
Equisetopsida,Piperales,Piperaceae,"Peperomia furcata"
Equisetopsida,Malvales,Malvaceae,"Sterculia apetala"
Equisetopsida,Myrtales,Melastomataceae,"Miconia serrulata"
Equisetopsida,Rosales,Moraceae,"Clarisia biflora"
Equisetopsida,Piperales,Piperaceae,"Peperomia lancifolia"
Equisetopsida,Gentianales,Rubiaceae,"Cinchona parabolica"
Equisetopsida,Polypodiales,Lomariopsidaceae,"Cyclopeltis semicordata"
Equisetopsida,Rosales,Moraceae,"Clarisia racemosa"
Equisetopsida,Gentianales,Rubiaceae,"Cinchona micrantha"
Equisetopsida,Piperales,Piperaceae,"Piper obliquum"
Equisetopsida,Gentianales,Rubiaceae,"Cinchona hirsuta"
Equisetopsida,Oxalidales,Elaeocarpaceae,"Sloanea durissima"
Equisetopsida,Malpighiales,Euphorbiaceae,"Acalypha diversifolia"
Equisetopsida,Piperales,Piperaceae,"Peperomia rhombea"
Equisetopsida,Piperales,Piperaceae,"Peperomia rhombilimba"
Equisetopsida,Alismatales,Araceae,"Anthurium sagittatum"
Equisetopsida,Alismatales,Araceae,"Anthurium reflexinervium"
Equisetopsida,Piperales,Piperaceae,"Peperomia serpens"
Equisetopsida,Alismatales,Araceae,"Anthurium peltatum"
Equisetopsida,Alismatales,Araceae,"Anthurium oxycarpum"
Equisetopsida,Polypodiales,Pteridaceae,"Adiantum obliquum"
Equisetopsida,Piperales,Piperaceae,"Peperomia urocarpa"
Equisetopsida,Malpighiales,Clusiaceae,"Clusia alata"
Equisetopsida,Alismatales,Araceae,"Anthurium huanucense"
Equisetopsida,Malpighiales,Clusiaceae,"Clusia decussata"
Equisetopsida,Alismatales,Araceae,"Anthurium gracile"
Equisetopsida,Myrtales,Myrtaceae,"Eugenia biflora"
Equisetopsida,Rosales,Moraceae,"Perebea xanthochyma"
Equisetopsida,Ericales,Sapotaceae,"Chrysophyllum sanguinolentum"
Equisetopsida,Polypodiales,Pteridaceae,"Adiantum latifolium"
Equisetopsida,Ericales,Sapotaceae,"Chrysophyllum ovale"
Equisetopsida,Dioscoreales,Dioscoreaceae,"Dioscorea dodecaneura"
Equisetopsida,Cornales,Loasaceae,"Nasa tingomariensis"
Equisetopsida,Ericales,Lecythidaceae,"Eschweilera parvifolia"
Equisetopsida,Piperales,Piperaceae,"Piper lanceifolium"
Equisetopsida,Piperales,Piperaceae,"Piper ulceratum"
Equisetopsida,Ericales,Lecythidaceae,"Eschweilera bracteosa"
Equisetopsida,Laurales,Lauraceae,"Persea americana"
Equisetopsida,Malpighiales,Clusiaceae,"Chrysochlamys dependens"
Equisetopsida,Malpighiales,Caryocaraceae,"Anthodiscus peruanus"
Equisetopsida,Laurales,Lauraceae,"Persea cuneata"
Equisetopsida,Sapindales,Sapindaceae,"Paullinia pinnata"
Equisetopsida,Sapindales,Sapindaceae,"Paullinia obovata"
Equisetopsida,Rosales,Moraceae,"Pseudolmedia laevigata"
Equisetopsida,Sapindales,Sapindaceae,"Paullinia bracteosa"
Equisetopsida,Lamiales,Verbenaceae,"Petrea maynensis"
Equisetopsida,Gentianales,Rubiaceae,"Chomelia paniculata"
Equisetopsida,Myrtales,Melastomataceae,"Arthrostemma ciliatum"
Equisetopsida,Gentianales,Rubiaceae,"Coffea arabica"
Equisetopsida,Magnoliales,Annonaceae,"Annona excellens"
Equisetopsida,Fabales,Fabaceae,"Schnella glabra"
Equisetopsida,Malpighiales,Euphorbiaceae,"Pseudosenefeldera inclinata"
Equisetopsida,Laurales,Lauraceae,"Nectandra acutifolia"
Equisetopsida,Laurales,Lauraceae,"Aniba puchury-minor"
Equisetopsida,Piperales,Piperaceae,"Piper costatum"
Equisetopsida,Malpighiales,Euphorbiaceae,"Croton palanostigma"
Equisetopsida,Laurales,Lauraceae,"Aniba guianensis"
Equisetopsida,Fabales,Fabaceae,"Inga cordatoalata"
Equisetopsida,Rosales,Cannabaceae,"Lozanella permollis"
Equisetopsida,Malpighiales,Phyllanthaceae,"Margaritaria nobilis"
Equisetopsida,Gentianales,Apocynaceae,"Aspidosperma capitatum"
Equisetopsida,Gentianales,Apocynaceae,"Aspidosperma cylindrocarpon"
Equisetopsida,Malpighiales,Euphorbiaceae,"Croton macrocarpus"
Equisetopsida,Gentianales,Apocynaceae,"Aspidosperma macrocarpon"
Equisetopsida,Myrtales,Onagraceae,"Ludwigia leptocarpa"
Equisetopsida,Gentianales,Apocynaceae,"Aspidosperma rigidum"
Equisetopsida,Gentianales,Rubiaceae,"Ladenbergia discolor"
Equisetopsida,Solanales,Solanaceae,"Solanum conicum"
Equisetopsida,Polypodiales,Pteridaceae,"Adiantum subvolubile"
Equisetopsida,Gentianales,Apocynaceae,"Aspidosperma subincanum"
Equisetopsida,Lamiales,Bignoniaceae,"Lundia puberula"
Equisetopsida,Commelinales,Commelinaceae,"Dichorisandra thyrsiflora"
Equisetopsida,Magnoliales,Annonaceae,"Anaxagorea pachypetala"
Equisetopsida,Magnoliales,Annonaceae,"Anaxagorea dolichocarpa"
Equisetopsida,Malvales,Malvaceae,"Matisia cordata"
Equisetopsida,Commelinales,Commelinaceae,"Commelina rufipes"
Equisetopsida,Rosales,Moraceae,"Ficus eximia"
Equisetopsida,Fabales,Fabaceae,"Diplotropis peruviana"
Equisetopsida,Polypodiales,Aspleniaceae,"Asplenium divaricatum"
Equisetopsida,Ericales,Sapotaceae,"Pouteria reticulata"
Equisetopsida,Malpighiales,Passifloraceae,"Passiflora serratodigitata"
Equisetopsida,Sapindales,Sapindaceae,"Allophylus punctatus"
Equisetopsida,Malpighiales,Passifloraceae,"Passiflora rubra"
Equisetopsida,Piperales,Piperaceae,"Piper arcuatum"
Equisetopsida,Ericales,Sapotaceae,"Pouteria glomerata"
Equisetopsida,Laurales,Lauraceae,"Nectandra oppositifolia"
Equisetopsida,Sapindales,Sapindaceae,"Serjania rubicaulis"
Equisetopsida,Rosales,Moraceae,"Ficus nymphaeifolia"
Equisetopsida,Ericales,Sapotaceae,"Pouteria cuspidata"
Equisetopsida,Sapindales,Sapindaceae,"Serjania pyramidata"
Equisetopsida,Ericales,Sapotaceae,"Pouteria caimito"
Equisetopsida,Fabales,Fabaceae,"Diplotropis martiusii"
Equisetopsida,Sapindales,Sapindaceae,"Serjania mollis"
Equisetopsida,Rosales,Urticaceae,"Pilea ceratocalyx"
Equisetopsida,Pandanales,Cyclanthaceae,"Asplundia alata"
Equisetopsida,Rosales,Urticaceae,"Pourouma minor"
Equisetopsida,Sapindales,Sapindaceae,"Serjania dibotrya"
Equisetopsida,Lamiales,Bignoniaceae,"Amphilophium carolinae"
Equisetopsida,Malpighiales,Euphorbiaceae,"Croton draconoides"
Equisetopsida,Sapindales,Sapindaceae,"Serjania caracasana"
Equisetopsida,Apiales,Araliaceae,"Oreopanax capitatus"
Equisetopsida,Rosales,Moraceae,"Ficus trigonata"
Equisetopsida,Sapindales,Sapindaceae,"Matayba purgans"
Equisetopsida,Zingiberales,Marantaceae,"Calathea dicephala"
Equisetopsida,Zingiberales,Marantaceae,"Calathea inocephala"
Equisetopsida,Rosales,Urticaceae,"Pourouma cecropiifolia"
Equisetopsida,Rosales,Moraceae,"Helicostylis tomentosa"
Equisetopsida,Fabales,Fabaceae,"Senegalia tenuifolia"
Equisetopsida,Fabales,Fabaceae,"Ormosia coccinea"
Equisetopsida,Fabales,Fabaceae,"Senegalia macbridei"
Equisetopsida,Myrtales,Melastomataceae,"Miconia barbeyana"
Equisetopsida,Rosales,Urticaceae,"Pourouma bicolor"
Equisetopsida,Malpighiales,Passifloraceae,"Passiflora adenopoda"
Equisetopsida,Ranunculales,Menispermaceae,"Disciphania ernstii"
Equisetopsida,Polypodiales,Pteridaceae,"Pityrogramma jamesonii"
Equisetopsida,Fabales,Fabaceae,"Dipteryx micrantha"
Equisetopsida,Fabales,Fabaceae,"Dipteryx alata"
Equisetopsida,Asterales,Asteraceae,"Diplostephium callilepis"
Equisetopsida,Ericales,Sapotaceae,"Diploon cuspidatum"
Equisetopsida,Polypodiales,Athyriaceae,"Diplazium praestans"
Equisetopsida,Polypodiales,Athyriaceae,"Diplazium pectinatum"
Equisetopsida,Poales,Bromeliaceae,"Pitcairnia utcubambensis"
Equisetopsida,Poales,Bromeliaceae,"Pitcairnia tatzyanae"
Equisetopsida,Polypodiales,Athyriaceae,"Diplazium bombonasae"
Equisetopsida,Malpighiales,Euphorbiaceae,"Dalechampia cissifolia"
Equisetopsida,Malpighiales,Euphorbiaceae,"Dalechampia magnoliifolia"
Equisetopsida,Ericales,Ebenaceae,"Diospyros subrotata"
Equisetopsida,Ericales,Ebenaceae,"Diospyros manu"
Equisetopsida,Ericales,Ebenaceae,"Diospyros inconstans"
Equisetopsida,Sapindales,Rutaceae,"Pilocarpus manuensis"
Equisetopsida,Sapindales,Rutaceae,"Pilocarpus peruvianus"
Equisetopsida,Malvales,Thymelaeaceae,"Daphnopsis americana"
Equisetopsida,Dioscoreales,Dioscoreaceae,"Dioscorea decorticans"
Equisetopsida,Solanales,Solanaceae,"Darcyanthus spruceanus"
Equisetopsida,Caryophyllales,Nyctaginaceae,"Pisonia aculeata"
Equisetopsida,Ericales,Ericaceae,"Diogenesia vargasiana"
Equisetopsida,Zingiberales,Costaceae,"Dimerocostus strobilaceus"
Equisetopsida,Malpighiales,Passifloraceae,"Dilkea retusa"
Equisetopsida,Dilleniales,Dilleniaceae,"Davilla nitida"
Equisetopsida,Poales,Poaceae,"Digitaria sanguinalis"
Equisetopsida,Asterales,Asteraceae,"Piptocarpha opaca"
Equisetopsida,Asterales,Asteraceae,"Piptocarpha lechleri"
Equisetopsida,Alismatales,Araceae,"Dieffenbachia tambopatensis"
Equisetopsida,Alismatales,Araceae,"Dieffenbachia manuensis"
Equisetopsida,Ericales,Ericaceae,"Demosthenesia mandonii"
Equisetopsida,Ericales,Ericaceae,"Demosthenesia spectabilis"
Equisetopsida,Piperales,Piperaceae,"Piper aequale"
Equisetopsida,Solanales,Convolvulaceae,"Dicranostyles holostyla"
Equisetopsida,Piperales,Piperaceae,"Piper callosum"
Equisetopsida,Apiales,Araliaceae,"Dendropanax arboreus"
Equisetopsida,Apiales,Araliaceae,"Dendropanax cuneatus"
Equisetopsida,Apiales,Araliaceae,"Dendropanax weberbaueri"
Equisetopsida,Apiales,Araliaceae,"Dendropanax williamsii"
Equisetopsida,Asterales,Asteraceae,"Dendrophorbium argutidentatum"
Equisetopsida,Lamiales,Acanthaceae,"Dianthera secundiflora"
Equisetopsida,Piperales,Piperaceae,"Piper dumosum"
Equisetopsida,Piperales,Piperaceae,"Piper glabratum"
Equisetopsida,Piperales,Piperaceae,"Piper laevigatum"
Equisetopsida,Myrtales,Melastomataceae,"Miconia sericea"
Equisetopsida,Piperales,Piperaceae,"Piper nudilimbum"
Equisetopsida,Piperales,Piperaceae,"Piper pittieri"
Equisetopsida,Piperales,Piperaceae,"Piper phytolaccifolium"
Equisetopsida,Fabales,Fabaceae,"Desmodium cajanifolium"
Equisetopsida,Piperales,Piperaceae,"Piper ostii"
Equisetopsida,Bruniales,Columelliaceae,"Desfontainia spinosa"
Equisetopsida,Asterales,Asteraceae,"Mikania pendula"
Equisetopsida,Myrtales,Melastomataceae,"Miconia setulosa"
Equisetopsida,Myrtales,Melastomataceae,"Miconia spennerostachya"
Equisetopsida,Myrtales,Melastomataceae,"Miconia stelligera"
Equisetopsida,Rosales,Rosaceae,"Alchemilla barbata"
Equisetopsida,Myrtales,Melastomataceae,"Miconia terborghii"
Equisetopsida,Myrtales,Melastomataceae,"Miconia ternatifolia"
Equisetopsida,Rosales,Rosaceae,"Alchemilla jamesonii"
Equisetopsida,Myrtales,Melastomataceae,"Miconia theizans"
Equisetopsida,Asterales,Asteraceae,"Mikania guaco"
Equisetopsida,Myrtales,Melastomataceae,"Miconia trichocalyx"
Equisetopsida,Brassicales,Capparaceae,"Morisonia macrophylla"
Equisetopsida,Brassicales,Capparaceae,"Morisonia oblongifolia"
Equisetopsida,Brassicales,Capparaceae,"Morisonia osmantha"
Equisetopsida,Asterales,Asteraceae,"Mikania arthroclada"
Equisetopsida,Caryophyllales,Microteaceae,"Microtea debilis"
Equisetopsida,Malpighiales,Euphorbiaceae,"Alchornea anamariae"
Equisetopsida,Malpighiales,Chrysobalanaceae,"Microdesmia arborea"
Equisetopsida,Gentianales,Apocynaceae,"Matelea rivularis"
Equisetopsida,Magnoliales,Annonaceae,"Mosannona parva"
Equisetopsida,Sapindales,Sapindaceae,"Matayba guianensis"
Equisetopsida,Sapindales,Sapindaceae,"Matayba boliviana"
Equisetopsida,Malpighiales,Euphorbiaceae,"Alchornea brittonii"
Equisetopsida,Ericales,Sapotaceae,"Micropholis melinoniana"
Equisetopsida,Ericales,Sapotaceae,"Micropholis egensis"
Equisetopsida,Malpighiales,Malpighiaceae,"Mascagnia divaricata"
Equisetopsida,Lamiales,Bignoniaceae,"Martinella obovata"
Equisetopsida,Lamiales,Bignoniaceae,"Martinella iquitoensis"
Equisetopsida,Gentianales,Apocynaceae,"Marsdenia cundurango"
Equisetopsida,Fabales,Polygalaceae,"Moutabea aculeata"
Equisetopsida,Fabales,Fabaceae,"Mucuna elliptica"
Equisetopsida,Malpighiales,Euphorbiaceae,"Alchornea grandis"
Equisetopsida,Malpighiales,Euphorbiaceae,"Alchornea triplinervia"
Equisetopsida,Malpighiales,Euphorbiaceae,"Alchorneopsis floribunda"
Equisetopsida,Gentianales,Rubiaceae,"Alibertia claviflora"
Equisetopsida,Gentianales,Rubiaceae,"Alibertia curviflora"
Equisetopsida,Gentianales,Rubiaceae,"Alibertia edulis"
Equisetopsida,Gentianales,Rubiaceae,"Alibertia edulis var. edulis"
Equisetopsida,Gentianales,Rubiaceae,"Alibertia occidentalis"
Equisetopsida,Malvales,Malvaceae,"Sterculia rebeccae"
Equisetopsida,Gentianales,Rubiaceae,"Alibertia tessmannii"
Equisetopsida,Solanales,Convolvulaceae,"Maripa peruviana"
Equisetopsida,Pandanales,Cyclanthaceae,"Sphaeradenia angustifolia"
Equisetopsida,Sapindales,Sapindaceae,"Allophylus divaricatus"
Equisetopsida,Gentianales,Rubiaceae,"Spermacoce remota"
Equisetopsida,Gentianales,Rubiaceae,"Spermacoce prostrata"
Equisetopsida,Gentianales,Rubiaceae,"Spermacoce ocymifolia"
Equisetopsida,Gentianales,Rubiaceae,"Spermacoce exilis"
Equisetopsida,Sapindales,Sapindaceae,"Allophylus scrobiculatus"
Equisetopsida,Rosales,Moraceae,"Maquira guianensis"
Equisetopsida,Rosales,Moraceae,"Maquira calophylla"
Equisetopsida,Lamiales,Bignoniaceae,"Mansoa verrucifera"
Equisetopsida,Lamiales,Bignoniaceae,"Mansoa parvifolia"
Equisetopsida,Lamiales,Bignoniaceae,"Mansoa hymenaea"
Equisetopsida,Ericales,Sapotaceae,"Manilkara inundata"
Equisetopsida,Ericales,Sapotaceae,"Manilkara bidentata"
Equisetopsida,Gentianales,Rubiaceae,"Alseis blackiana"
Equisetopsida,Cyatheales,Cyatheaceae,"Alsophila cuspidata"
Equisetopsida,Alismatales,Araceae,"Spathiphyllum lechlerianum"
Equisetopsida,Cyatheales,Cyatheaceae,"Alsophila erinacea"
Equisetopsida,Laurales,Hernandiaceae,"Sparattanthelium tarapotanum"
Equisetopsida,Asterales,Asteraceae,"Mutisia lanata"
Equisetopsida,Magnoliales,Annonaceae,"Malmea dielsiana"
Equisetopsida,Myrtales,Alzateaceae,"Alzatea verticillata"
Equisetopsida,Gentianales,Rubiaceae,"Malanea boliviana"
Equisetopsida,Magnoliales,Magnoliaceae,"Magnolia gilbertoi"
Equisetopsida,Magnoliales,Magnoliaceae,"Magnolia amazonica"
Equisetopsida,Rosales,Moraceae,"Sorocea guilleminiana"
Equisetopsida,Myrtales,Melastomataceae,"Meriania cuzcoana"
Equisetopsida,Rosales,Moraceae,"Sorocea briquetii"
Equisetopsida,Laurales,Lauraceae,"Aiouea grandifolia"
Equisetopsida,Solanales,Solanaceae,"Solanum urubambae"
Equisetopsida,Gentianales,Gentianaceae,"Macrocarpaea normae"
Equisetopsida,Gentianales,Gentianaceae,"Macrocarpaea maguirei"
Equisetopsida,Rosales,Moraceae,"Maclura brasiliensis"
Equisetopsida,Fabales,Fabaceae,"Machaerium floribundum"
Equisetopsida,Solanales,Solanaceae,"Solanum tenuispinum"
Equisetopsida,Malpighiales,Euphorbiaceae,"Mabea piriri"
Equisetopsida,Malpighiales,Euphorbiaceae,"Mabea angustifolia"
Equisetopsida,Solanales,Solanaceae,"Solanum sinuatiexcisum"
Equisetopsida,Schizaeales,Lygodiaceae,"Lygodium venustum"
Equisetopsida,Malpighiales,Malpighiaceae,"Amorimia rigida"
Equisetopsida,Solanales,Solanaceae,"Solanum santolallae"
Equisetopsida,Solanales,Solanaceae,"Solanum ruizii"
Equisetopsida,Rosales,Ulmaceae,"Ampelocera ruizii"
Equisetopsida,Solanales,Solanaceae,"Solanum polytrichostylum"
Equisetopsida,Lamiales,Bignoniaceae,"Amphilophium crucigerum"
Equisetopsida,Solanales,Solanaceae,"Solanum pimpinellifolium"
Equisetopsida,Lamiales,Bignoniaceae,"Amphilophium nunezii"
Equisetopsida,Solanales,Solanaceae,"Solanum pallidum"
Equisetopsida,Solanales,Solanaceae,"Solanum oppositifolium"
Equisetopsida,Solanales,Solanaceae,"Solanum nutans"
Equisetopsida,Solanales,Solanaceae,"Lycianthes amatitlanensis"
Equisetopsida,Solanales,Solanaceae,"Lycianthes acutifolia"
Equisetopsida,Solanales,Solanaceae,"Solanum morellifolium"
Equisetopsida,Solanales,Solanaceae,"Solanum leptocaulon"
Equisetopsida,Solanales,Solanaceae,"Solanum laxissimum"
Equisetopsida,Solanales,Solanaceae,"Solanum iltisii"
Equisetopsida,Solanales,Solanaceae,"Solanum hispidum"
Equisetopsida,Malpighiales,Violaceae,"Anchietea frangulifolia"
Equisetopsida,Fabales,Fabaceae,"Lupinus alinanus"
Equisetopsida,Lamiales,Bignoniaceae,"Lundia spruceana"
Equisetopsida,Malvales,Malvaceae,"Lueheopsis duckeana"
Equisetopsida,Malvales,Malvaceae,"Luehea cymulosa"
Equisetopsida,Fabales,Fabaceae,"Andira inermis"
Equisetopsida,Solanales,Solanaceae,"Solanum buesii"
Equisetopsida,Solanales,Solanaceae,"Solanum barbeyanum"
Equisetopsida,Myrtales,Onagraceae,"Ludwigia latifolia"
Equisetopsida,Commelinales,Commelinaceae,"Aneilema umbrosum var. ovato-oblongum"
Equisetopsida,Schizaeales,Anemiaceae,"Anemia myriophylla"
Equisetopsida,Myrtales,Onagraceae,"Ludwigia hyssopifolia"
Equisetopsida,Lamiales,Bignoniaceae,"Anemopaegma insculptum"
Equisetopsida,Myrtales,Onagraceae,"Ludwigia erecta"
Equisetopsida,Myrtales,Onagraceae,"Ludwigia affinis"
Equisetopsida,Malpighiales,Lacistemataceae,"Lozania nunkui"
Equisetopsida,Laurales,Lauraceae,"Aniba canelilla"
Equisetopsida,Laurales,Lauraceae,"Aniba firmula"
Equisetopsida,Solanales,Solanaceae,"Solanum antisuyo"
Equisetopsida,Solanales,Solanaceae,"Solanum amnicola"
Equisetopsida,Solanales,Solanaceae,"Solanum aligerum"
Equisetopsida,Magnoliales,Annonaceae,"Annona duckei"
Equisetopsida,Magnoliales,Annonaceae,"Annona fosteri"
Equisetopsida,Magnoliales,Annonaceae,"Annona hypoglauca"
Equisetopsida,Magnoliales,Annonaceae,"Annona iquitensis"
Equisetopsida,Santalales,Balanophoraceae,"Lophophytum mirabile"
Equisetopsida,Fabales,Fabaceae,"Lonchocarpus spiciflorus"
Equisetopsida,Ranunculales,Menispermaceae,"Anomospermum chloranthum"
Equisetopsida,Ranunculales,Menispermaceae,"Anomospermum grandifolium"
Equisetopsida,Ranunculales,Menispermaceae,"Anomospermum reticulatum"
Equisetopsida,Asterales,Campanulaceae,"Lobelia xalapensis"
Equisetopsida,Lamiales,Acanthaceae,"Mendoncia lindavii"
Equisetopsida,Liliales,Smilacaceae,"Smilax larvata"
Equisetopsida,Ericales,Ebenaceae,"Lissocarpa uyat"
Equisetopsida,Celastrales,Celastraceae,"Anthodon decussatus"
Equisetopsida,Myrtales,Myrtaceae,"Myrcia atrorufa"
Equisetopsida,Myrtales,Myrtaceae,"Myrcia brevispicata"
Equisetopsida,Myrtales,Myrtaceae,"Myrcia concava"
Equisetopsida,Myrtales,Myrtaceae,"Myrcia crebra"
Equisetopsida,Myrtales,Myrtaceae,"Myrcia densiflora"
Equisetopsida,Lamiales,Acanthaceae,"Mendoncia bivalvis"
Equisetopsida,Oxalidales,Elaeocarpaceae,"Sloanea sinemariensis"
Equisetopsida,Myrtales,Myrtaceae,"Myrcia guianensis"
Equisetopsida,Myrtales,Myrtaceae,"Myrcia hylobates"
Equisetopsida,Myrtales,Myrtaceae,"Myrcia manuensis"
Equisetopsida,Myrtales,Myrtaceae,"Myrcia maxima"
Equisetopsida,Rosales,Rosaceae,"Acaena cylindristachya"
Equisetopsida,Malpighiales,Achariaceae,"Lindackeria paludosa"
Equisetopsida,Myrtales,Myrtaceae,"Myrcia neospeciosa"
Equisetopsida,Oxalidales,Elaeocarpaceae,"Sloanea picapica"
Equisetopsida,Alismatales,Araceae,"Anthurium ernesti"
Equisetopsida,Myrtales,Myrtaceae,"Myrcianthes oreophila"
Equisetopsida,Laurales,Lauraceae,"Licaria triandra"
Equisetopsida,Myrtales,Myrtaceae,"Myrcia paivae"
Equisetopsida,Myrtales,Myrtaceae,"Myrcia ruiziana"
Equisetopsida,Alismatales,Araceae,"Anthurium guayaquilense"
Equisetopsida,Myrtales,Myrtaceae,"Myrcia sylvatica"
Equisetopsida,Oxalidales,Elaeocarpaceae,"Sloanea guianensis"
Equisetopsida,Alismatales,Araceae,"Anthurium manuanum"
Equisetopsida,Asterales,Asteraceae,"Liabum amplexicaule"
Equisetopsida,Boraginales,Heliotropiaceae,"Myriopus maculatus"
Equisetopsida,Alismatales,Araceae,"Anthurium paraguayense"
Equisetopsida,Oxalidales,Elaeocarpaceae,"Sloanea fragrans"
Equisetopsida,Alismatales,Araceae,"Anthurium yungasense"
Equisetopsida,Oxalidales,Elaeocarpaceae,"Sloanea eichleri"
Equisetopsida,Poales,Poaceae,"Leptochloa virgata"
Equisetopsida,Myrtales,Myrtaceae,"Siphoneugena densiflora"
Equisetopsida,Ericales,Ericaceae,"Siphonandra elliptica"
Equisetopsida,Asterales,Campanulaceae,"Siphocampylus stenolobus"
Equisetopsida,Asterales,Campanulaceae,"Siphocampylus rusbyanus"
Equisetopsida,Lamiales,Acanthaceae,"Aphelandra cuscoensis"
Equisetopsida,Asterales,Campanulaceae,"Siphocampylus elfriedii"
Equisetopsida,Lamiales,Acanthaceae,"Aphelandra pepe-parodii"
Equisetopsida,Asterales,Campanulaceae,"Siphocampylus corynoides"
Equisetopsida,Asterales,Campanulaceae,"Siphocampylus clotho"
Equisetopsida,Malpighiales,Salicaceae,"Myroxylon balsamiferum"
Equisetopsida,Ericales,Primulaceae,"Myrsine andina"
Equisetopsida,Fabales,Fabaceae,"Apuleia leiocarpa"
Equisetopsida,Laurales,Siparunaceae,"Siparuna decipiens"
Equisetopsida,Laurales,Siparunaceae,"Siparuna cuspidata"
Equisetopsida,Ericales,Primulaceae,"Myrsine pellucida"
Equisetopsida,Ericales,Primulaceae,"Myrsine youngii"
Equisetopsida,Myrtales,Myrtaceae,"Myrteola phylicoides"
Equisetopsida,Myrtales,Myrtaceae,"Myrteola phylicoides var. Phylicoides"
Equisetopsida,Gentianales,Rubiaceae,"Simira rubescens"
Equisetopsida,Gentianales,Rubiaceae,"Simira macrocrater"
Equisetopsida,Gentianales,Rubiaceae,"Simira cordifolia"
Equisetopsida,Malpighiales,Violaceae,"Leonia ulei"
Equisetopsida,Malpighiales,Violaceae,"Leonia longifolia"
Equisetopsida,Alismatales,Araceae,"Lemna valdiviana"
Equisetopsida,Alismatales,Araceae,"Lemna aequinoctialis"
Equisetopsida,Malvales,Malvaceae,"Sida setosa"
Equisetopsida,Ericales,Primulaceae,"Ardisia albovirens"
Equisetopsida,Ericales,Primulaceae,"Ardisia nigrovirens"
Equisetopsida,Ericales,Primulaceae,"Ardisia pellucida"
Equisetopsida,Fabales,Fabaceae,"Lecointea peruviana"
Equisetopsida,Caryophyllales,Caryophyllaceae,"Arenaria parvifolia"
Equisetopsida,Fabales,Fabaceae,"Lecointea amazonica"
Equisetopsida,Cucurbitales,Cucurbitaceae,"Sicydium diffusum"
Equisetopsida,Piperales,Aristolochiaceae,"Aristolochia cauliflora"
Equisetopsida,Piperales,Aristolochiaceae,"Aristolochia didyma"
Equisetopsida,Piperales,Aristolochiaceae,"Aristolochia odoratissima"
Equisetopsida,Piperales,Aristolochiaceae,"Aristolochia pilosa"
Equisetopsida,Rosales,Moraceae,"Naucleopsis glabra"
Equisetopsida,Rosales,Moraceae,"Naucleopsis krukovii"
Equisetopsida,Rosales,Moraceae,"Naucleopsis pseudonaga"
Equisetopsida,Rosales,Moraceae,"Naucleopsis ternstroemiiflora"
Equisetopsida,Poales,Poaceae,"Setaria poiretiana"
Equisetopsida,Lamiales,Gesneriaceae,"Nautilocalyx whitei"
Equisetopsida,Solanales,Solanaceae,"Sessea stipulata"
Equisetopsida,Laurales,Lauraceae,"Nectandra brochidodroma"
Equisetopsida,Laurales,Lauraceae,"Nectandra cuneatocordata"
Equisetopsida,Myrtales,Lythraceae,"Lafoensia peruviana"
Equisetopsida,Fabales,Polygalaceae,"Asemeia acuminata"
Equisetopsida,Malpighiales,Salicaceae,"Laetia procera"
Equisetopsida,Malpighiales,Salicaceae,"Laetia corymbulosa"
Equisetopsida,Asterales,Asteraceae,"Laestadia muscicola"
Equisetopsida,Gentianales,Apocynaceae,"Aspidosperma myristicifolium"
Equisetopsida,Gentianales,Apocynaceae,"Aspidosperma parvifolium"
Equisetopsida,Gentianales,Rubiaceae,"Ladenbergia carua"
Equisetopsida,Malpighiales,Lacistemataceae,"Lacistema aggregatum"
Equisetopsida,Gentianales,Rubiaceae,"Agouticarpa curviflora"
Equisetopsida,Polypodiales,Polypodiaceae,"Serpocaulon crystalloneuron"
Equisetopsida,Polypodiales,Aspleniaceae,"Asplenium pearcei"
Equisetopsida,Sapindales,Sapindaceae,"Serjania tenuifolia"
Equisetopsida,Sapindales,Sapindaceae,"Serjania nutans"
Equisetopsida,Laurales,Lauraceae,"Nectandra pulverulenta"
Equisetopsida,Sapindales,Sapindaceae,"Serjania inscripta"
Equisetopsida,Sapindales,Sapindaceae,"Serjania inflata"
Equisetopsida,Sapindales,Sapindaceae,"Serjania glabrata"
Equisetopsida,Sapindales,Sapindaceae,"Serjania foveata"
Equisetopsida,Laurales,Lauraceae,"Nectandra turbacensis"
Equisetopsida,Sapindales,Sapindaceae,"Serjania crassifolia"
Equisetopsida,Pandanales,Cyclanthaceae,"Asplundia ulei"
Equisetopsida,Fabales,Fabaceae,"Senna silvestris var. silvestris"
Equisetopsida,Fabales,Fabaceae,"Senna silvestris"
Equisetopsida,Laurales,Lauraceae,"Nectandra yarinensis"
Equisetopsida,Fabales,Fabaceae,"Senna herzogii"
Equisetopsida,Caryophyllales,Nyctaginaceae,"Neea hermaphrodita"
Equisetopsida,Magnoliales,Annonaceae,"Klarobelia lucida"
Equisetopsida,Magnoliales,Annonaceae,"Klarobelia candida"
Equisetopsida,Fabales,Fabaceae,"Senegalia loretensis"
Equisetopsida,Fabales,Fabaceae,"Senegalia alexae"
Equisetopsida,Caryophyllales,Nyctaginaceae,"Neea macrophylla"
Equisetopsida,Caryophyllales,Nyctaginaceae,"Neea parviflora"
Equisetopsida,Saxifragales,Crassulaceae,"Kalanchoe pinnata"
Equisetopsida,Asterales,Asteraceae,"Senecio tephrosioides"
Equisetopsida,Lamiales,Acanthaceae,"Justicia yurimaguensis"
Equisetopsida,Lamiales,Acanthaceae,"Justicia tenuiflora"
Equisetopsida,Lamiales,Acanthaceae,"Justicia ruiziana"
Equisetopsida,Lamiales,Acanthaceae,"Justicia lineolata"
Equisetopsida,Sapindales,Anacardiaceae,"Astronium graveolens"
Equisetopsida,Asterales,Asteraceae,"Senecio peruensis"
Equisetopsida,Solanales,Solanaceae,"Athenaea fasciculata"
Equisetopsida,Asterales,Asteraceae,"Neocuatrecasia cuzcoensis"
Equisetopsida,Gentianales,Asclepiadaceae,"Jobinia canoi"
Equisetopsida,Asterales,Asteraceae,"Senecio burkartii"
Equisetopsida,Sapindales,Rutaceae,"Neoraputia paraensis"
Equisetopsida,Malpighiales,Salicaceae,"Neosprucea rimachii"
Equisetopsida,Gentianales,Rubiaceae,"Ixora spruceana"
Equisetopsida,Gentianales,Rubiaceae,"Ixora peruviana"
Equisetopsida,Gentianales,Rubiaceae,"Ixora killipii"
Equisetopsida,Gentianales,Rubiaceae,"Ixora intensa"
Equisetopsida,Gentianales,Rubiaceae,"Ixora acuminatissima"
Equisetopsida,Santalales,Opiliaceae,"Agonandra peruviana"
Equisetopsida,Selaginellales,Selaginellaceae,"Selaginella exaltata"
Equisetopsida,Sapindales,Rutaceae,"Metrodorea flavida"
Equisetopsida,Isoetales,Isoetaceae,"Isoetes lechleri"
Equisetopsida,Zingiberales,Marantaceae,"Ischnosiphon puberulus"
Equisetopsida,Magnoliales,Myristicaceae,"Iryanthera olacoides"
Equisetopsida,Malpighiales,Violaceae,"Noisettia orchidiflora"
Equisetopsida,Sapindales,Sapindaceae,"Averrhoidium dalyi"
Equisetopsida,Myrtales,Melastomataceae,"Axinaea glandulosa"
Equisetopsida,Myrtales,Melastomataceae,"Axinaea pennellii"
Equisetopsida,Malvales,Malvaceae,"Ayenia aculeata"
Equisetopsida,Caryophyllales,Amaranthaceae,"Iresine argentata"
Equisetopsida,Malvales,Malvaceae,"Ayenia asterotricha"
Equisetopsida,Proteales,Sabiaceae,"Meliosma sirensis"
Equisetopsida,Malvales,Malvaceae,"Ayenia pescapraeifolia"
Equisetopsida,Salviniales,Salviniaceae,"Azolla microphylla"
Equisetopsida,Asterales,Asteraceae,"Baccharis brachylaenoides"
Equisetopsida,Poales,Cyperaceae,"Scleria secans"
Equisetopsida,Poales,Cyperaceae,"Scleria microcarpa"
Equisetopsida,Asterales,Asteraceae,"Baccharis johnwurdackiana"
Equisetopsida,Laurales,Lauraceae,"Mezilaurus campaucola"
Equisetopsida,Poales,Cyperaceae,"Scleria huberi"
Equisetopsida,Poales,Cyperaceae,"Scleria gaertneri"
Equisetopsida,Asterales,Asteraceae,"Baccharis salicifolia"
Equisetopsida,Fabales,Fabaceae,"Inga velutina"
Equisetopsida,Picramniales,Picramniaceae,"Nothotalisia peruviana"
Equisetopsida,Fabales,Fabaceae,"Inga umbellifera"
Equisetopsida,Proteales,Sabiaceae,"Meliosma peytonii"
Equisetopsida,Fabales,Fabaceae,"Inga tenuistipula"
Equisetopsida,Fabales,Fabaceae,"Inga striata"
Equisetopsida,Gentianales,Rubiaceae,"Notopleura iridescens"
Equisetopsida,Apiales,Araliaceae,"Sciodaphyllum inambaricum"
Equisetopsida,Apiales,Araliaceae,"Sciodaphyllum allocotanthum"
Equisetopsida,Fabales,Fabaceae,"Inga setosa"
Equisetopsida,Fabales,Fabaceae,"Inga sertulifera"
Equisetopsida,Gentianales,Rubiaceae,"Notopleura parasitica subsp. Parasitica"
Equisetopsida,Gentianales,Rubiaceae,"Notopleura patria"
Equisetopsida,Fabales,Fabaceae,"Inga porcata"
Equisetopsida,Fabales,Fabaceae,"Inga pilosula"
Equisetopsida,Fabales,Fabaceae,"Inga pezizifera"
Equisetopsida,Gentianales,Rubiaceae,"Notopleura uliginosa"
Equisetopsida,Fabales,Fabaceae,"Inga nobilis"
Equisetopsida,Asterales,Asteraceae,"Ageratum conyzoides"
Equisetopsida,Fabales,Fabaceae,"Inga megalobotrys"
Equisetopsida,Ranunculales,Menispermaceae,"Sciadotenia toxifera"
Equisetopsida,Fabales,Fabaceae,"Inga longipes"
Equisetopsida,Gentianales,Rubiaceae,"Stenostomum acreanum"
Equisetopsida,Fabales,Fabaceae,"Inga lallensis"
Equisetopsida,Fabales,Fabaceae,"Inga killipiana"
Equisetopsida,Fabales,Fabaceae,"Inga ingoides"
Equisetopsida,Fabales,Fabaceae,"Inga hayesii"
Equisetopsida,Fabales,Fabaceae,"Inga fosteriana"
Equisetopsida,Malvales,Thymelaeaceae,"Schoenobiblus daphnoides"
Equisetopsida,Fabales,Fabaceae,"Schnella pterocalyx"
Equisetopsida,Fabales,Fabaceae,"Barnebydendron riedelii"
Equisetopsida,Fabales,Fabaceae,"Schnella microstachya"
Equisetopsida,Fabales,Fabaceae,"Schnella hirsutissima"
Equisetopsida,Fabales,Fabaceae,"Inga densiflora"
Equisetopsida,Fabales,Fabaceae,"Inga chartacea"
Equisetopsida,Fabales,Fabaceae,"Inga cayennensis"
Equisetopsida,Fabales,Polygalaceae,"Acanthocladus scleroxylon"
Equisetopsida,Proteales,Sabiaceae,"Meliosma glossophylla"
Equisetopsida,Rosales,Moraceae,"Batocarpus amazonicus"
Equisetopsida,Rosales,Moraceae,"Batocarpus costaricensis"
Equisetopsida,Fabales,Fabaceae,"Inga acreana"
Equisetopsida,Malpighiales,Euphorbiaceae,"Incadendron esseri"
Equisetopsida,Fabales,Fabaceae,"Bauhinia tarapotensis"
Equisetopsida,Cucurbitales,Begoniaceae,"Begonia bracteosa"
Equisetopsida,Aquifoliales,Aquifoliaceae,"Ilex villosula"
Equisetopsida,Aquifoliales,Aquifoliaceae,"Ilex sessiliflora"
Equisetopsida,Cucurbitales,Begoniaceae,"Begonia maynensis"
Equisetopsida,Asterales,Asteraceae,"Ageratina pentlandiana"
Equisetopsida,Aquifoliales,Aquifoliaceae,"Ilex microdonta"
Equisetopsida,Cucurbitales,Begoniaceae,"Begonia pilosella"
Equisetopsida,Aquifoliales,Aquifoliaceae,"Ilex guayusa"
Equisetopsida,Laurales,Lauraceae,"Beilschmiedia tovarensis"
Equisetopsida,Nymphaeales,Nymphaeaceae,"Nymphaea glandulifera"
Equisetopsida,Ericales,Lecythidaceae,"Bertholletia excelsa"
Equisetopsida,Gentianales,Rubiaceae,"Bertiera guianensis"
Equisetopsida,Poales,Poaceae,"Ichnanthus breviscrobs"
Equisetopsida,Proteales,Sabiaceae,"Meliosma glabrata"
Equisetopsida,Malpighiales,Euphorbiaceae,"Bia fallax"
Equisetopsida,Lamiales,Lamiaceae,"Hyptis capitata"
Equisetopsida,Lamiales,Lamiaceae,"Hyptis brevipes"
Equisetopsida,Lamiales,Bignoniaceae,"Bignonia aequinoctialis"
Equisetopsida,Lamiales,Bignoniaceae,"Bignonia bracteomana"
Equisetopsida,Poales,Poaceae,"Ocellochloa stolonifera"
Equisetopsida,Lamiales,Bignoniaceae,"Bignonia campanulata"
Equisetopsida,Lamiales,Bignoniaceae,"Bignonia lilacina"
Equisetopsida,Lamiales,Bignoniaceae,"Bignonia nocturna"
Equisetopsida,Lamiales,Bignoniaceae,"Bignonia sciuripabulum"
Equisetopsida,Lamiales,Bignoniaceae,"Bignonia uleana"
Equisetopsida,Poales,Bromeliaceae,"Billbergia decora"
Equisetopsida,Ericales,Actinidiaceae,"Saurauia glabra"
Equisetopsida,Malvales,Bixaceae,"Bixa urucurana"
Equisetopsida,Proteales,Sabiaceae,"Meliosma frondosa"
Equisetopsida,Myrtales,Melastomataceae,"Blakea rosea"
Equisetopsida,Polypodiales,Blechnaceae,"Blechnum appendiculatum"
Equisetopsida,Polypodiales,Blechnaceae,"Blechnum auratum"
Equisetopsida,Gentianales,Apocynaceae,"Blepharodon salicinum"
Equisetopsida,Rosales,Urticaceae,"Boehmeria caudata"
Equisetopsida,Rosales,Urticaceae,"Boehmeria pavonii"
Equisetopsida,Ericales,Sapotaceae,"Sarcaulus vestitus"
Equisetopsida,Ericales,Sapotaceae,"Sarcaulus brasiliensis"
Equisetopsida,Malpighiales,Euphorbiaceae,"Sapium marmieri"
Equisetopsida,Malpighiales,Euphorbiaceae,"Sapium laurifolium"
Equisetopsida,Liliales,Alstroemeriaceae,"Bomarea distichophylla"
Equisetopsida,Malpighiales,Hypericaceae,"Hypericum andinum"
Equisetopsida,Liliales,Alstroemeriaceae,"Bomarea herrerae"
Equisetopsida,Asterales,Asteraceae,"Hymenostephium rivularis"
Equisetopsida,Lamiales,Gesneriaceae,"Sanango racemosum"
Equisetopsida,Hymenophyllales,Hymenophyllaceae,"Hymenophyllum mirificum"
Equisetopsida,Lamiales,Verbenaceae,"Bouchea fluminensis"
Equisetopsida,Laurales,Lauraceae,"Ocotea aurantiodora"
Equisetopsida,Laurales,Lauraceae,"Ocotea bofa"
Equisetopsida,Polypodiales,Aspleniaceae,"Hymenasplenium delitescens"
Equisetopsida,Laurales,Lauraceae,"Ocotea camphoromoea"
Equisetopsida,Poales,Poaceae,"Hymenachne donacifolia"
Equisetopsida,Poales,Poaceae,"Hymenachne amplexicaulis"
Equisetopsida,Laurales,Lauraceae,"Ocotea glabriflora"
Equisetopsida,Myrtales,Melastomataceae,"Brachyotum nutans"
Equisetopsida,Laurales,Lauraceae,"Ocotea guianensis"
Equisetopsida,Malpighiales,Malpighiaceae,"Bronwenia wurdackii"
Equisetopsida,Rosales,Moraceae,"Brosimum alicastrum subsp. bolivarense"
Equisetopsida,Solanales,Solanaceae,"Salpichroa didierana"
Equisetopsida,Ranunculales,Menispermaceae,"Odontocarya echinus"
Equisetopsida,Ranunculales,Menispermaceae,"Odontocarya membranacea"
Equisetopsida,Ranunculales,Menispermaceae,"Odontocarya tripetala"
Equisetopsida,Celastrales,Celastraceae,"Salacia viridiramis"
Equisetopsida,Celastrales,Celastraceae,"Salacia multiflora"
Equisetopsida,Celastrales,Celastraceae,"Salacia macrantha"
Equisetopsida,Celastrales,Celastraceae,"Salacia juruana"
Equisetopsida,Solanales,Solanaceae,"Brugmansia sanguinea"
Equisetopsida,Oxalidales,Brunelliaceae,"Brunellia brunnea"
Equisetopsida,Oxalidales,Brunelliaceae,"Brunellia cuzcoensis"
Equisetopsida,Oxalidales,Brunelliaceae,"Brunellia littlei"
Equisetopsida,Oxalidales,Brunelliaceae,"Brunellia weberbaueri"
Equisetopsida,Malpighiales,Chrysobalanaceae,"Hirtella racemosa var. racemosa"
Equisetopsida,Malpighiales,Chrysobalanaceae,"Hirtella lightioides"
Equisetopsida,Lamiales,Orobanchaceae,"Agalinis pennellii"
Equisetopsida,Malpighiales,Chrysobalanaceae,"Hirtella excelsa"
Equisetopsida,Malpighiales,Chrysobalanaceae,"Hirtella bullata"
Equisetopsida,Malpighiales,Malpighiaceae,"Hiraea fagifolia"
Equisetopsida,Gentianales,Rubiaceae,"Oldenlandia lancifolia"
Equisetopsida,Lamiales,Scrophulariaceae,"Buddleja diffusa"
Equisetopsida,Lamiales,Scrophulariaceae,"Buddleja montana"
Equisetopsida,Malpighiales,Phyllanthaceae,"Hieronyma macrocarpa"
Equisetopsida,Gentianales,Rubiaceae,"Sabicea villosa"
Equisetopsida,Malpighiales,Phyllanthaceae,"Hieronyma alchorneoides var. alchorneoides"
Equisetopsida,Malpighiales,Malpighiaceae,"Bunchosia hookeriana"
Equisetopsida,Poales,Poaceae,"Olyra loretensis"
Equisetopsida,Santalales,Balanophoraceae,"Ombrophytum peruvianum"
Equisetopsida,Santalales,Balanophoraceae,"Ombrophytum violaceum"
Equisetopsida,Malpighiales,Malpighiaceae,"Heteropterys prancei"
Equisetopsida,Malpighiales,Euphorbiaceae,"Omphalea diandra"
Equisetopsida,Alismatales,Araceae,"Heteropsis oblongifolia"
Equisetopsida,Myrtales,Melastomataceae,"Miconia aristata"
Equisetopsida,Magnoliales,Annonaceae,"Ruizodendron ovale"
Equisetopsida,Poales,Poaceae,"Rugoloa polygonata"
Equisetopsida,Lamiales,Acanthaceae,"Ruellia thyrsostachya"
Equisetopsida,Lamiales,Acanthaceae,"Ruellia tarapotana"
Equisetopsida,Fabales,Polygalaceae,"Caamembeca gigantea"
Equisetopsida,Lamiales,Acanthaceae,"Ruellia menthoides"
Equisetopsida,Lamiales,Acanthaceae,"Ruellia linearibracteolata"
Equisetopsida,Poales,Poaceae,"Oplismenus hirtellus"
Equisetopsida,Gentianales,Rubiaceae,"Rudgea viburnoides subsp. megalocarpa"
Equisetopsida,Gentianales,Rubiaceae,"Rudgea viburnoides"
Equisetopsida,Myrtales,Melastomataceae,"Miconia astroplocama"
Equisetopsida,Myrtales,Melastomataceae,"Miconia aulocalyx"
Equisetopsida,Gentianales,Rubiaceae,"Rudgea poeppigii"
Equisetopsida,Gentianales,Rubiaceae,"Rudgea palicoureoides"
Equisetopsida,Myrtales,Melastomataceae,"Miconia aurea"
Equisetopsida,Apiales,Araliaceae,"Oreopanax apurimacensis"
Equisetopsida,Gentianales,Rubiaceae,"Rudgea loretensis"
Equisetopsida,Apiales,Araliaceae,"Oreopanax microflorus"
Equisetopsida,Gentianales,Rubiaceae,"Rudgea cornifolia"
Equisetopsida,Cornales,Loasaceae,"Caiophora contorta"
Equisetopsida,Cornales,Loasaceae,"Caiophora madrequisa"
Equisetopsida,Apiales,Araliaceae,"Oreopanax ruizii"
Equisetopsida,Myrtales,Melastomataceae,"Miconia axinaeoides"
Equisetopsida,Gentianales,Rubiaceae,"Rudgea ciliata"
Equisetopsida,Rosales,Rosaceae,"Rubus weberbaueri"
Equisetopsida,Sapindales,Meliaceae,"Ruagea subviridiflora"
Equisetopsida,Zingiberales,Marantaceae,"Calathea propinqua"
Equisetopsida,Metteniusales,Metteniusaceae,"Calatola microcarpa"
Equisetopsida,Oxalidales,Connaraceae,"Rourea cuspidata"
Equisetopsida,Fabales,Fabaceae,"Ormosia amazonica"
Equisetopsida,Proteales,Proteaceae,"Roupala montana"
Equisetopsida,Proteales,Proteaceae,"Roupala monosperma"
Equisetopsida,Fabales,Fabaceae,"Ormosia macrocalyx"
Equisetopsida,Gentianales,Rubiaceae,"Rosenbergiodendron reflexum"
Equisetopsida,Gentianales,Rubiaceae,"Rosenbergiodendron longiflorum"
Equisetopsida,Brassicales,Brassicaceae,"Rorippa palustris"
Equisetopsida,Lamiales,Calceolariaceae,"Calceolaria revoluta"
Equisetopsida,Gentianales,Rubiaceae,"Ronabea emetica"
Equisetopsida,Lamiales,Calceolariaceae,"Calceolaria speciosa"
Equisetopsida,Zingiberales,Heliconiaceae,"Heliconia metallica"
Equisetopsida,Zingiberales,Heliconiaceae,"Heliconia marginata"
Equisetopsida,Zingiberales,Heliconiaceae,"Heliconia densiflora"
Equisetopsida,Malpighiales,Violaceae,"Rinorea lindeniana"
Equisetopsida,Malpighiales,Violaceae,"Rinorea guianensis"
Equisetopsida,Ericales,Ericaceae,"Orthaea breviflora"
Equisetopsida,Santalales,Olacaceae,"Heisteria nitida"
Equisetopsida,Malpighiales,Phyllanthaceae,"Richeria grandis"
Equisetopsida,Saxifragales,Grossulariaceae,"Ribes bolivianum"
Equisetopsida,Fabales,Fabaceae,"Calliandra trinervia var. carbonaria"
Equisetopsida,Chloranthales,Chloranthaceae,"Hedyosmum peruvianum"
Equisetopsida,Chloranthales,Chloranthaceae,"Hedyosmum maximum"
Equisetopsida,Chloranthales,Chloranthaceae,"Hedyosmum goudotianum"
Equisetopsida,Lamiales,Bignoniaceae,"Callichlamys latifolia"
Equisetopsida,Poales,Cyperaceae,"Rhynchospora umbraticola"
Equisetopsida,Myrtales,Melastomataceae,"Miconia brachyanthera"
Equisetopsida,Asterales,Asteraceae,"Hebeclinium macrophyllum"
Equisetopsida,Caryophyllales,Amaranthaceae,"Hebanthe grandiflora"
Equisetopsida,Lamiales,Plantaginaceae,"Callitriche heteropoda"
Equisetopsida,Lamiales,Plantaginaceae,"Callitriche lechleri"
Equisetopsida,Myrtales,Melastomataceae,"Miconia brevistylis"
Equisetopsida,Fabales,Fabaceae,"Calopogonium mucunoides"
Equisetopsida,Lamiales,Bignoniaceae,"Handroanthus serratifolius"
Equisetopsida,Lamiales,Bignoniaceae,"Handroanthus incanus"
Equisetopsida,Lamiales,Bignoniaceae,"Handroanthus impetiginosus"
Equisetopsida,Lamiales,Bignoniaceae,"Handroanthus guayacan"
Equisetopsida,Lamiales,Bignoniaceae,"Handroanthus chrysanthus subsp. chrysanthus"
Equisetopsida,Gentianales,Rubiaceae,"Calycophyllum megistocaulum"
Equisetopsida,Myrtales,Melastomataceae,"Miconia bubalina"
Equisetopsida,Fabales,Fabaceae,"Otholobium pubescens"
Equisetopsida,Alismatales,Araceae,"Rhodospatha rubropunctata"
Equisetopsida,Alismatales,Araceae,"Rhodospatha mukuntakia"
Equisetopsida,Gentianales,Gentianaceae,"Halenia umbellata"
Equisetopsida,Myrtales,Myrtaceae,"Calyptranthes longifolia"
Equisetopsida,Gentianales,Gentianaceae,"Halenia bella"
Equisetopsida,Gentianales,Gentianaceae,"Halenia asclepiadea"
Equisetopsida,Malpighiales,Ochnaceae,"Ouratea amplifolia"
Equisetopsida,Malpighiales,Ochnaceae,"Ouratea williamsii"
Equisetopsida,Lamiales,Plantaginaceae,"Ourisia chamaedrifolia"
Equisetopsida,Oxalidales,Oxalidaceae,"Oxalis dolichopoda"
Equisetopsida,Oxalidales,Oxalidaceae,"Oxalis leptopodes"
Equisetopsida,Oxalidales,Oxalidaceae,"Oxalis lespedezioides"
Equisetopsida,Oxalidales,Oxalidaceae,"Oxalis lucumayensis"
Equisetopsida,Myrtales,Myrtaceae,"Campomanesia speciosa"
Equisetopsida,Myrtales,Melastomataceae,"Miconia bullata"
Equisetopsida,Oxalidales,Oxalidaceae,"Oxalis phaeotricha"
Equisetopsida,Asterales,Asteraceae,"Gynoxys subamplectens"
Equisetopsida,Asterales,Asteraceae,"Gynoxys pillahuatensis"
Equisetopsida,Oxalidales,Oxalidaceae,"Oxalis vargasii"
Equisetopsida,Polypodiales,Polypodiaceae,"Campyloneurum angustifolium"
Equisetopsida,Oxalidales,Oxalidaceae,"Oxalis westii"
Equisetopsida,Magnoliales,Annonaceae,"Oxandra espintana"
Equisetopsida,Asterales,Asteraceae,"Gynoxys cusilluyocana"
Equisetopsida,Magnoliales,Annonaceae,"Oxandra mediocris"
Equisetopsida,Poales,Poaceae,"Gynerium sagittatum"
Equisetopsida,Laurales,Monimiaceae,"Mollinedia lanceolata"
Equisetopsida,Picramniales,Picramniaceae,"Aenigmanu alvareziae"
Equisetopsida,Ericales,Lecythidaceae,"Gustavia hexapetala"
Equisetopsida,Cucurbitales,Cucurbitaceae,"Gurania sinuata"
Equisetopsida,Asterales,Asteraceae,"Oyedaea wedelioides"
Equisetopsida,Cucurbitales,Cucurbitaceae,"Gurania insolita"
Equisetopsida,Fabales,Fabaceae,"Canavalia brasiliensis"
Equisetopsida,Fabales,Fabaceae,"Canavalia grandiflora"
Equisetopsida,Cucurbitales,Cucurbitaceae,"Gurania capitata"
Equisetopsida,Myrtales,Melastomataceae,"Miconia calophylla"
Equisetopsida,Fabales,Fabaceae,"Guilandina bonduc"
Equisetopsida,Gentianales,Rubiaceae,"Guettarda aromatica"
Equisetopsida,Podocarpales,Podocarpaceae,"Retrophyllum rospigliosii"
Equisetopsida,Magnoliales,Annonaceae,"Guatteria ucayalina"
Equisetopsida,Ericales,Polemoniaceae,"Cantua flexuosa"
Equisetopsida,Magnoliales,Annonaceae,"Guatteria terminalis"
Equisetopsida,Zingiberales,Zingiberaceae,"Renealmia urbaniana"
Equisetopsida,Magnoliales,Annonaceae,"Guatteria oblongifolia"
Equisetopsida,Zingiberales,Zingiberaceae,"Renealmia thyrsoidea"
Equisetopsida,Magnoliales,Annonaceae,"Guatteria duodecima"
Equisetopsida,Magnoliales,Annonaceae,"Guatteria cuscoensis"
Equisetopsida,Magnoliales,Annonaceae,"Guatteria cinnamomea"
Equisetopsida,Magnoliales,Annonaceae,"Guatteria blepharophylla"
Equisetopsida,Solanales,Solanaceae,"Capsicum coccineum"
Equisetopsida,Zingiberales,Zingiberaceae,"Renealmia cernua"
Equisetopsida,Malpighiales,Calophyllaceae,"Caraipa densifolia"
Equisetopsida,Malpighiales,Calophyllaceae,"Caraipa myrcioides"
Equisetopsida,Gentianales,Rubiaceae,"Carapichea dolichophylla"
Equisetopsida,Gentianales,Apocynaceae,"Rauvolfia praecox"
Equisetopsida,Sapindales,Rutaceae,"Rauia resinosa"
Equisetopsida,Lamiales,Acanthaceae,"Pachystachys rosea"
Equisetopsida,Poales,Cyperaceae,"Carex pichinchensis"
Equisetopsida,Poales,Poaceae,"Guadua weberbaueri"
Equisetopsida,Brassicales,Caricaceae,"Carica glandulosa"
Equisetopsida,Poales,Poaceae,"Guadua chacoensis"
Equisetopsida,Ericales,Lecythidaceae,"Cariniana estrellensis"
Equisetopsida,Poales,Poaceae,"Guadua angustifolia"
Equisetopsida,Polypodiales,Polypodiaceae,"Grammitis mathewsii"
Equisetopsida,Polypodiales,Grammitidaceae,"Grammitis bipinnata"
Equisetopsida,Gentianales,Apocynaceae,"Pacouria boliviensis"
Equisetopsida,Gentianales,Rubiaceae,"Paederia brasiliensis"
Equisetopsida,Gentianales,Rubiaceae,"Randia armata"
Equisetopsida,Malpighiales,Caryocaraceae,"Caryocar amygdaliforme"
Equisetopsida,Malpighiales,Caryocaraceae,"Caryocar glabrum"
Equisetopsida,Malpighiales,Caryocaraceae,"Caryocar pallidum"
Equisetopsida,Laurales,Lauraceae,"Caryodaphnopsis fosteri"
Equisetopsida,Malpighiales,Euphorbiaceae,"Caryodendron orinocense"
Equisetopsida,Fabales,Polygalaceae,"Monnina connectisepala"
Equisetopsida,Malpighiales,Salicaceae,"Casearia gossypiosperma"
Equisetopsida,Malpighiales,Salicaceae,"Casearia maynacarpa"
Equisetopsida,Malpighiales,Salicaceae,"Casearia obovalis"
Equisetopsida,Rosales,Rhamnaceae,"Gouania riparia"
Equisetopsida,Rosales,Rhamnaceae,"Gouania alnifolia"
Equisetopsida,Malpighiales,Salicaceae,"Casearia ulmifolia"
Equisetopsida,Alismatales,Araceae,"Gorgonidium intermedium"
Equisetopsida,Gentianales,Rubiaceae,"Gonzalagunia dicocca"
Equisetopsida,Gentianales,Rubiaceae,"Gonzalagunia bunchosioides"
Equisetopsida,Caryophyllales,Amaranthaceae,"Gomphrena vaga"
Equisetopsida,Gentianales,Rubiaceae,"Palicourea corymbifera"
Equisetopsida,Zingiberales,Marantaceae,"Goeppertia poeppigiana"
Equisetopsida,Lamiales,Lamiaceae,"Aegiphila haughtii"
Equisetopsida,Zingiberales,Marantaceae,"Goeppertia altissima"
Equisetopsida,Gentianales,Rubiaceae,"Palicourea flavifolia"
Equisetopsida,Lamiales,Lamiaceae,"Aegiphila cuneata"
Equisetopsida,Malpighiales,Euphorbiaceae,"Glycydendron amazonicum"
Equisetopsida,Fabales,Polygalaceae,"Monnina densecomata"
Equisetopsida,Poales,Bromeliaceae,"Racinaea pseudotetrantha"
Equisetopsida,Gentianales,Rubiaceae,"Palicourea herrerae"
Equisetopsida,Gentianales,Rubiaceae,"Palicourea iodotricha"
Equisetopsida,Malpighiales,Ochnaceae,"Quiina gentryi"
Equisetopsida,Gentianales,Rubiaceae,"Palicourea justiciifolia"
Equisetopsida,Malpighiales,Ochnaceae,"Quiina blackii"
Equisetopsida,Malpighiales,Ochnaceae,"Quiina amazonica"
Equisetopsida,Gentianales,Rubiaceae,"Palicourea lewisiorum"
Equisetopsida,Malvales,Malvaceae,"Cavanillesia umbellata"
Equisetopsida,Malpighiales,Euphorbiaceae,"Gitara nicaraguensis"
Equisetopsida,Ericales,Ericaceae,"Cavendishia martii"
Equisetopsida,Gentianales,Rubiaceae,"Palicourea macrobotrys"
Equisetopsida,Gentianales,Rubiaceae,"Palicourea mansoana"
Equisetopsida,Gentianales,Rubiaceae,"Palicourea microbotrys"
Equisetopsida,Myrtales,Melastomataceae,"Miconia chionophila"
Equisetopsida,Cucurbitales,Cucurbitaceae,"Cayaponia ophthalmica"
Equisetopsida,Cucurbitales,Cucurbitaceae,"Cayaponia tubulosa"
Equisetopsida,Myrtales,Vochysiaceae,"Qualea paraensis"
Equisetopsida,Myrtales,Vochysiaceae,"Qualea grandiflora"
Equisetopsida,Myrtales,Melastomataceae,"Miconia chrysophylla"
Equisetopsida,Gentianales,Rubiaceae,"Palicourea quadrifolia"
Equisetopsida,Gentianales,Rubiaceae,"Palicourea racemosa"
Equisetopsida,Geraniales,Geraniaceae,"Geranium berteroanum"
Equisetopsida,Gentianales,Rubiaceae,"Palicourea reticulata"
Equisetopsida,Rosales,Urticaceae,"Cecropia latiloba"
Equisetopsida,Gentianales,Rubiaceae,"Palicourea stenostachya"
Equisetopsida,Gentianales,Rubiaceae,"Palicourea subcuspidata"
Equisetopsida,Rosales,Urticaceae,"Cecropia tacuna"
Equisetopsida,Gentianales,Rubiaceae,"Palicourea subtomentosa"
Equisetopsida,Sapindales,Meliaceae,"Cedrela longipetiolulata"
Equisetopsida,Gentianales,Rubiaceae,"Palicourea tinctoria"
Equisetopsida,Gentianales,Rubiaceae,"Geophila macropoda"
Equisetopsida,Gentianales,Rubiaceae,"Geophila gracilis"
Equisetopsida,Malvales,Malvaceae,"Ceiba lupuna"
Equisetopsida,Fabales,Polygalaceae,"Monnina pachycoma"
Equisetopsida,Gentianales,Rubiaceae,"Palicourea violacea"
Equisetopsida,Myrtales,Melastomataceae,"Miconia cookii"
Equisetopsida,Malvales,Malvaceae,"Ceiba samauma"
Equisetopsida,Poales,Poaceae,"Panicum trichanthum"
Equisetopsida,Poales,Poaceae,"Panicum trichoides"
Equisetopsida,Commelinales,Commelinaceae,"Geogenanthus poeppigii"
Equisetopsida,Proteales,Proteaceae,"Panopsis pearcei"
Equisetopsida,Myrtales,Melastomataceae,"Miconia crassipes"
Equisetopsida,Gentianales,Gentianaceae,"Gentianella rima"
Equisetopsida,Rosales,Cannabaceae,"Celtis schippii"
Equisetopsida,Gentianales,Gentianaceae,"Gentianella ernestii"
Equisetopsida,Gentianales,Gentianaceae,"Gentianella campanuliformis"
Equisetopsida,Myrtales,Melastomataceae,"Miconia crassistigma"
Equisetopsida,Fabales,Fabaceae,"Centrolobium ochroxylum"
Equisetopsida,Myrtales,Melastomataceae,"Miconia crenata"
Equisetopsida,Asterales,Campanulaceae,"Centropogon isahellinus"
Equisetopsida,Asterales,Campanulaceae,"Centropogon peruvianus"
Equisetopsida,Ericales,Ericaceae,"Gaultheria vaccinioides"
Equisetopsida,Asterales,Campanulaceae,"Centropogon viriduliflorus"
Equisetopsida,Ericales,Ericaceae,"Gaultheria myrsinoides"
Equisetopsida,Poales,Bromeliaceae,"Puya membranacea"
Equisetopsida,Poales,Bromeliaceae,"Puya herzogii"
Equisetopsida,Ericales,Ericaceae,"Gaultheria buxifolia"
Equisetopsida,Malpighiales,Clusiaceae,"Garcinia macrophylla"
Equisetopsida,Malpighiales,Clusiaceae,"Garcinia guacopary"
Equisetopsida,Malpighiales,Clusiaceae,"Garcinia gardneriana"
Equisetopsida,Malpighiales,Clusiaceae,"Garcinia brasiliensis"
Equisetopsida,Fabales,Fabaceae,"Parasenegalia rurrenabaqueana"
Equisetopsida,Ericales,Primulaceae,"Parathesis amazonica"
Equisetopsida,Caryophyllales,Petiveriaceae,"Gallesia integrifolia"
Equisetopsida,Sapindales,Rutaceae,"Galipea trifoliata"
Equisetopsida,Sapindales,Rutaceae,"Galipea ramiflora"
Equisetopsida,Malvales,Malvaceae,"Pterygota brasiliensis"
Equisetopsida,Malvales,Malvaceae,"Pterygota amazonica"
Equisetopsida,Poales,Bromeliaceae,"Aechmea longifolia"
Equisetopsida,Malpighiales,Chrysobalanaceae,"Parinari klugii"
Equisetopsida,Malpighiales,Chrysobalanaceae,"Parinari occidentalis"
Equisetopsida,Malpighiales,Chrysobalanaceae,"Parinari parilis"
Equisetopsida,Fabales,Fabaceae,"Parkia multijuga"
Equisetopsida,Myrtales,Onagraceae,"Fuchsia vargasiana"
Equisetopsida,Myrtales,Onagraceae,"Fuchsia tincta"
Equisetopsida,Myrtales,Onagraceae,"Fuchsia inflata"
Equisetopsida,Myrtales,Onagraceae,"Fuchsia denticulata"
Equisetopsida,Myrtales,Onagraceae,"Fuchsia chloroloba"
Equisetopsida,Myrtales,Onagraceae,"Fuchsia boliviana"
Equisetopsida,Myrtales,Onagraceae,"Fuchsia austromontana"
Equisetopsida,Lamiales,Bignoniaceae,"Fridericia spicata"
Equisetopsida,Lamiales,Bignoniaceae,"Fridericia schumanniana"
Equisetopsida,Lamiales,Bignoniaceae,"Fridericia poeppigii"
Equisetopsida,Lamiales,Bignoniaceae,"Fridericia pearcei"
Equisetopsida,Lamiales,Bignoniaceae,"Fridericia nigrescens"
Equisetopsida,Lamiales,Bignoniaceae,"Fridericia nicotianiflora"
Equisetopsida,Poales,Bromeliaceae,"Aechmea fernandae"
Equisetopsida,Ericales,Pentaphylacaceae,"Freziera uniauriculata"
Equisetopsida,Ericales,Pentaphylacaceae,"Freziera karsteniana"
Equisetopsida,Ericales,Pentaphylacaceae,"Freziera dudleyi"
Equisetopsida,Polypodiales,Pteridaceae,"Pteris pungens"
Equisetopsida,Poales,Poaceae,"Paspalum orbiculatum"
Equisetopsida,Gentianales,Apocynaceae,"Forsteronia myriantha"
Equisetopsida,Gentianales,Apocynaceae,"Forsteronia affinis"
Equisetopsida,Gentianales,Rubiaceae,"Psychotria viridis"
Equisetopsida,Polypodiales,Dryopteridaceae,"Megalastrum honestum"
Equisetopsida,Gentianales,Rubiaceae,"Psychotria villosa"
Equisetopsida,Gentianales,Rubiaceae,"Psychotria trichotoma"
Equisetopsida,Celastrales,Celastraceae,"Cheiloclinium belizense"
Equisetopsida,Gentianales,Rubiaceae,"Psychotria ruizii"
Equisetopsida,Malpighiales,Passifloraceae,"Passiflora cauliflora"
Equisetopsida,Gentianales,Rubiaceae,"Psychotria remota"
Equisetopsida,Malpighiales,Passifloraceae,"Passiflora cisnana"
Equisetopsida,Poales,Cyperaceae,"Fimbristylis dichotoma subsp. Dichotoma"
Equisetopsida,Poales,Cyperaceae,"Fimbristylis dichotoma"
Equisetopsida,Rosales,Moraceae,"Ficus ypsilophlebia"
Equisetopsida,Gentianales,Rubiaceae,"Psychotria ortiziana"
Equisetopsida,Gentianales,Rubiaceae,"Psychotria marginata"
Equisetopsida,Rosales,Moraceae,"Ficus sphenophylla"
Equisetopsida,Malpighiales,Passifloraceae,"Passiflora miniata"
Equisetopsida,Rosales,Moraceae,"Ficus schumacheri"
Equisetopsida,Gentianales,Rubiaceae,"Psychotria herzogii"
Equisetopsida,Gentianales,Rubiaceae,"Psychotria guianensis"
Equisetopsida,Malpighiales,Passifloraceae,"Passiflora nitida"
Equisetopsida,Rosales,Moraceae,"Ficus paludica"
Equisetopsida,Rosales,Moraceae,"Ficus ocoana"
Equisetopsida,Rosales,Moraceae,"Ficus obtusifolia"
Equisetopsida,Malpighiales,Passifloraceae,"Passiflora punctata"
Equisetopsida,Myrtales,Melastomataceae,"Miconia dolichorrhyncha"
Equisetopsida,Malpighiales,Passifloraceae,"Passiflora triloba"
Equisetopsida,Rosales,Moraceae,"Ficus gomelleira"
Equisetopsida,Malpighiales,Passifloraceae,"Passiflora vespertilio"
Equisetopsida,Malpighiales,Passifloraceae,"Passiflora vitifolia"
Equisetopsida,Rosales,Moraceae,"Ficus cuatrecasana"
Equisetopsida,Rosales,Moraceae,"Ficus crocata"
Equisetopsida,Malpighiales,Passifloraceae,"Passiflora weberbaueri"
Equisetopsida,Rosales,Moraceae,"Ficus coerulescens"
Equisetopsida,Rosales,Moraceae,"Ficus castellviana"
Equisetopsida,Santalales,Olacaceae,"Minquartia guianensis"
Equisetopsida,Rosales,Moraceae,"Ficus caballina"
Equisetopsida,Rosales,Moraceae,"Ficus brevibracteata"
Equisetopsida,Rosales,Moraceae,"Ficus boliviana"
Equisetopsida,Polypodiales,Pteridaceae,"Adiantum scalare"
Equisetopsida,Cucurbitales,Cucurbitaceae,"Fevillea pedatifolia"
Equisetopsida,Cucurbitales,Cucurbitaceae,"Psiguria triphylla"
Equisetopsida,Poales,Poaceae,"Festuca rigidifolia"
Equisetopsida,Myrtales,Melastomataceae,"Miconia elongata"
Equisetopsida,Cucurbitales,Cucurbitaceae,"Psiguria ternata"
Equisetopsida,Poales,Poaceae,"Festuca procera"
Equisetopsida,Myrtales,Myrtaceae,"Psidium acidum"
Equisetopsida,Poales,Poaceae,"Festuca glabrata"
Equisetopsida,Asterales,Asteraceae,"Ferreyranthus verbascifolius"
Equisetopsida,Gentianales,Rubiaceae,"Ferdinandusa loretensis"
Equisetopsida,Gentianales,Rubiaceae,"Faramea spathacea"
Equisetopsida,Gentianales,Rubiaceae,"Faramea occidentalis"
Equisetopsida,Gentianales,Rubiaceae,"Chomelia apodantha"
Equisetopsida,Gentianales,Rubiaceae,"Chomelia klugii"
Equisetopsida,Gentianales,Rubiaceae,"Faramea capillipes"
Equisetopsida,Ranunculales,Menispermaceae,"Chondrodendron tomentosum"
Equisetopsida,Gentianales,Rubiaceae,"Faramea bangii"
Equisetopsida,Gentianales,Rubiaceae,"Faramea anisocalyx"
Equisetopsida,Magnoliales,Annonaceae,"Pseudomalmea diclina"
Equisetopsida,Rosales,Moraceae,"Pseudolmedia rigida"
Equisetopsida,Rosales,Moraceae,"Pseudolmedia macrophylla"
Equisetopsida,Sapindales,Sapindaceae,"Paullinia elegans"
Equisetopsida,Rosales,Moraceae,"Pseudolmedia laevis"
Equisetopsida,Sapindales,Sapindaceae,"Paullinia hystrix"
Equisetopsida,Sapindales,Sapindaceae,"Paullinia killipii"
Equisetopsida,Sapindales,Sapindaceae,"Paullinia mazanensis"
Equisetopsida,Sapindales,Sapindaceae,"Paullinia paullinioides"
Equisetopsida,Sapindales,Sapindaceae,"Paullinia reticulata"
Equisetopsida,Sapindales,Sapindaceae,"Paullinia tenera"
Equisetopsida,Malpighiales,Euphorbiaceae,"Pausandra trianae"
Equisetopsida,Malvales,Malvaceae,"Pavonia paniculata"
Equisetopsida,Ericales,Sapotaceae,"Chrysophyllum argenteum"
Equisetopsida,Asterales,Asteraceae,"Pseudognaphalium antennarioides"
Equisetopsida,Ericales,Sapotaceae,"Chrysophyllum gonocarpum"
Equisetopsida,Malpighiales,Violaceae,"Paypayrola confertiflora"
Equisetopsida,Ericales,Sapotaceae,"Chrysophyllum venezuelanense"
Equisetopsida,Lamiales,Gesneriaceae,"Pearcea strigosa"
Equisetopsida,Malvales,Malvaceae,"Pseudobombax septenatum"
Equisetopsida,Malvales,Malvaceae,"Pseudobombax munguba"
Equisetopsida,Sapindales,Sapindaceae,"Pseudima frutescens"
Equisetopsida,Fabales,Fabaceae,"Pseudalbizzia niopoides"
Equisetopsida,Gentianales,Rubiaceae,"Cinchona macrocalyx"
Equisetopsida,Sapindales,Rutaceae,"Peltostigma guatemalense"
Equisetopsida,Poales,Poaceae,"Cinnagrostis macrophylla"
Equisetopsida,Poales,Poaceae,"Cinnagrostis recta"
Equisetopsida,Gentianales,Apocynaceae,"Pruskortizia dasytricha"
Equisetopsida,Rosales,Rosaceae,"Prunus stipulata"
Equisetopsida,Rosales,Rosaceae,"Prunus pleiantha"
Equisetopsida,Rosales,Rosaceae,"Prunus huantensis"
Equisetopsida,Rosales,Rosaceae,"Prunus detrita"
Equisetopsida,Rosales,Rosaceae,"Prunus debilis"
Equisetopsida,Myrtales,Melastomataceae,"Miconia galactantha"
Equisetopsida,Sapindales,Burseraceae,"Protium unifoliolatum"
Equisetopsida,Sapindales,Burseraceae,"Protium tenuifolium"
Equisetopsida,Malpighiales,Euphorbiaceae,"Euphorbia lasiocarpa"
Equisetopsida,Gentianales,Rubiaceae,"Pentagonia magnifica"
Equisetopsida,Gentianales,Rubiaceae,"Pentagonia microcarpa"
Equisetopsida,Vitales,Vitaceae,"Cissus fusifolia"
Equisetopsida,Vitales,Vitaceae,"Cissus glaucotricha"
Equisetopsida,Vitales,Vitaceae,"Cissus obliqua"
Equisetopsida,Vitales,Vitaceae,"Cissus verticillata"
Equisetopsida,Sapindales,Burseraceae,"Protium rhynchophyllum"
Equisetopsida,Piperales,Piperaceae,"Peperomia circinnata"
Equisetopsida,Piperales,Piperaceae,"Peperomia cordulata"
Equisetopsida,Sapindales,Burseraceae,"Protium peruvianum"
Equisetopsida,Lamiales,Plantaginaceae,"Mecardonia procumbens"
Equisetopsida,Sapindales,Burseraceae,"Protium montanum"
Equisetopsida,Myrtales,Melastomataceae,"Miconia hygrophila"
Equisetopsida,Sapindales,Burseraceae,"Protium glabrescens"
Equisetopsida,Ericales,Primulaceae,"Clavija tarapotana"
Equisetopsida,Sapindales,Burseraceae,"Protium excelsior"
Equisetopsida,Gentianales,Rubiaceae,"Eumachia huallagae"
Equisetopsida,Gentianales,Rubiaceae,"Eumachia haematocarpa"
Equisetopsida,Gentianales,Rubiaceae,"Eumachia cephalantha"
Equisetopsida,Gentianales,Rubiaceae,"Eumachia boliviana"
Equisetopsida,Gentianales,Rubiaceae,"Eumachia albert-smithii"
Equisetopsida,Brassicales,Cleomaceae,"Cleome lechleri"
Equisetopsida,Asterales,Asteraceae,"Acmella ciliata"
Equisetopsida,Brassicales,Capparaceae,"Cleome parviflora"
Equisetopsida,Brassicales,Cleomaceae,"Cleome spinosa"
Equisetopsida,Myrtales,Myrtaceae,"Eugenia stipitata"
Equisetopsida,Polypodiales,Pteridaceae,"Adiantum poeppigianum"
Equisetopsida,Myrtales,Myrtaceae,"Eugenia punicifolia"
Equisetopsida,Myrtales,Myrtaceae,"Eugenia myrobalana"
Equisetopsida,Piperales,Piperaceae,"Peperomia subvillicaulis"
Equisetopsida,Myrtales,Myrtaceae,"Eugenia malpighioides"
Equisetopsida,Piperales,Piperaceae,"Peperomia trifolia"
Equisetopsida,Lamiales,Lamiaceae,"Clinopodium vargasii"
Equisetopsida,Myrtales,Myrtaceae,"Eugenia coffeifolia"
Equisetopsida,Alismatales,Araceae,"Monstera boliviana"
Equisetopsida,Malpighiales,Clusiaceae,"Clusia flavida"
Equisetopsida,Malpighiales,Clusiaceae,"Clusia flaviflora"
Equisetopsida,Myrtales,Melastomataceae,"Miconia lamprophylla"
Equisetopsida,Myrtales,Myrtaceae,"Eugenia acrensis"
Equisetopsida,Malpighiales,Clusiaceae,"Clusia nigrolineata"
Equisetopsida,Rosales,Moraceae,"Perebea humilis"
Equisetopsida,Malpighiales,Clusiaceae,"Clusia tarmensis"
Equisetopsida,Malpighiales,Clusiaceae,"Clusia thurifera"
Equisetopsida,Santalales,Loranthaceae,"Peristethium polystachyum"
Equisetopsida,Sapindales,Rutaceae,"Esenbeckia scrotiformis"
Equisetopsida,Sapindales,Rutaceae,"Esenbeckia amazonica"
Equisetopsida,Gentianales,Rubiaceae,"Coccocypselum guianense"
Equisetopsida,Huerteales,Dipentodontaceae,"Perrottetia distichophylla"
Equisetopsida,Caryophyllales,Polygonaceae,"Coccoloba densifrons"
Equisetopsida,Huerteales,Dipentodontaceae,"Perrottetia sessiliflora"
Equisetopsida,Caryophyllales,Polygonaceae,"Coccoloba lehmannii"
Equisetopsida,Caryophyllales,Polygonaceae,"Coccoloba longipes"
Equisetopsida,Laurales,Lauraceae,"Persea brevipes"
Equisetopsida,Escalloniales,Escalloniaceae,"Escallonia paniculata"
Equisetopsida,Caryophyllales,Polygonaceae,"Coccoloba peruviana"
Equisetopsida,Caryophyllales,Polygonaceae,"Coccoloba williamsii"
Equisetopsida,Laurales,Lauraceae,"Persea corymbosa"
Equisetopsida,Laurales,Lauraceae,"Persea mutisii"
Equisetopsida,Laurales,Lauraceae,"Persea nudigemma"
Equisetopsida,Malpighiales,Salicaceae,"Prockia crucis"
Equisetopsida,Malpighiales,Erythroxylaceae,"Erythroxylum ruryi"
Equisetopsida,Malpighiales,Erythroxylaceae,"Erythroxylum mucronatum"
Equisetopsida,Malpighiales,Erythroxylaceae,"Erythroxylum deciduum"
Equisetopsida,Malvales,Bixaceae,"Cochlospermum orinocense"
Equisetopsida,Caryophyllales,Polygonaceae,"Persicaria acuminata"
Equisetopsida,Lamiales,Gesneriaceae,"Codonanthopsis dissimulata"
Equisetopsida,Caryophyllales,Polygonaceae,"Persicaria punctata"
Equisetopsida,Myrtales,Melastomataceae,"Miconia longicoma"
Equisetopsida,Sapindales,Rutaceae,"Ertela trifolia"
Equisetopsida,Malvales,Malvaceae,"Eriotheca macrophylla"
Equisetopsida,Malvales,Malvaceae,"Eriotheca globosa"
Equisetopsida,Poales,Eriocaulaceae,"Eriocaulon microcephalum"
Equisetopsida,Fabales,Fabaceae,"Collaea speciosa"
Equisetopsida,Poales,Poaceae,"Eragrostis japonica"
Equisetopsida,Myrtales,Combretaceae,"Combretum assimile"
Equisetopsida,Myrtales,Combretaceae,"Combretum laxum"
Equisetopsida,Ericales,Sapotaceae,"Pouteria torta"
Equisetopsida,Commelinales,Commelinaceae,"Commelina diffusa"
Equisetopsida,Ericales,Sapotaceae,"Pouteria tarapotensis"
Equisetopsida,Myrtales,Melastomataceae,"Miconia madisonii"
Equisetopsida,Ericales,Sapotaceae,"Pouteria procera"
Equisetopsida,Ericales,Sapotaceae,"Pouteria peruviensis"
Equisetopsida,Myrtales,Melastomataceae,"Miconia matthaei"
Equisetopsida,Ericales,Sapotaceae,"Pouteria macrophylla"
Equisetopsida,Sapindales,Rutaceae,"Conchocarpus toxicarius"
Equisetopsida,Sapindales,Rutaceae,"Conchocarpus transitionalis"
Equisetopsida,Sapindales,Rutaceae,"Conchocarpus ucayalinus"
Equisetopsida,Ericales,Sapotaceae,"Pouteria juruana"
Equisetopsida,Lamiales,Lamiaceae,"Condea tafallae"
Equisetopsida,Ericales,Sapotaceae,"Pouteria franciscana"
Equisetopsida,Ericales,Sapotaceae,"Pouteria fossicola"
Equisetopsida,Celastrales,Celastraceae,"Maytenus sprucei"
Equisetopsida,Ericales,Sapotaceae,"Pouteria ephedrantha"
Equisetopsida,Ericales,Sapotaceae,"Pouteria durlandii"
Equisetopsida,Poales,Poaceae,"Pharus lappulaceus"
Equisetopsida,Poales,Poaceae,"Pharus latifolius"
Equisetopsida,Rosales,Urticaceae,"Pourouma villosa"
Equisetopsida,Oxalidales,Connaraceae,"Connarus punctatus"
Equisetopsida,Celastrales,Celastraceae,"Maytenus macrocarpa"
Equisetopsida,Fabales,Fabaceae,"Copaifera reticulata"
Equisetopsida,Myrtales,Melastomataceae,"Miconia micropetala"
Equisetopsida,Lamiales,Cordiaceae,"Cordia bicolor"
Equisetopsida,Lamiales,Cordiaceae,"Cordia lomatoloba"
Equisetopsida,Gentianales,Rubiaceae,"Posoqueria latifolia subsp. Latifolia"
Equisetopsida,Gentianales,Rubiaceae,"Cordiera pilosa"
Equisetopsida,Gentianales,Rubiaceae,"Cordiera sessilis"
Equisetopsida,Cucurbitales,Coriariaceae,"Coriaria ruscifolia"
Equisetopsida,Poales,Poaceae,"Cortaderia hapalotricha"
Equisetopsida,Alismatales,Araceae,"Philodendron alatum"
Equisetopsida,Magnoliales,Annonaceae,"Porcelia nitidifolia"
Equisetopsida,Zingiberales,Costaceae,"Costus arabicus"
Equisetopsida,Laurales,Lauraceae,"Endlicheria sprucei"
Equisetopsida,Alismatales,Araceae,"Philodendron guianense"
Equisetopsida,Alismatales,Araceae,"Philodendron hederaceum var. hederaceum"
Equisetopsida,Malpighiales,Euphorbiaceae,"Adenophaedra megalophylla"
Equisetopsida,Laurales,Lauraceae,"Endlicheria macrophylla"
Equisetopsida,Laurales,Lauraceae,"Endlicheria krukovii"
Equisetopsida,Laurales,Lauraceae,"Endlicheria griseosericea"
Equisetopsida,Laurales,Lauraceae,"Endlicheria gracilis"
Equisetopsida,Laurales,Lauraceae,"Endlicheria formosa"
Equisetopsida,Laurales,Lauraceae,"Endlicheria dysodantha"
Equisetopsida,Ericales,Lecythidaceae,"Couratari guianensis"
Equisetopsida,Ericales,Lecythidaceae,"Couratari macrosperma"
Equisetopsida,Ericales,Lecythidaceae,"Couroupita guianensis"
Equisetopsida,Polypodiales,Dryopteridaceae,"Polystichum cochleatum"
Equisetopsida,Gentianales,Rubiaceae,"Coussarea hirticalyx"
Equisetopsida,Alismatales,Araceae,"Philodendron quinquelobum"
Equisetopsida,Gentianales,Rubiaceae,"Coussarea platyphylla"
Equisetopsida,Gentianales,Rubiaceae,"Coussarea tenuiflora"
Equisetopsida,Alismatales,Araceae,"Philodendron sphalerum"
Equisetopsida,Rosales,Rosaceae,"Polylepis pauta"
Equisetopsida,Poales,Cyperaceae,"Eleocharis elegans"
Equisetopsida,Polypodiales,Dryopteridaceae,"Elaphoglossum vittarioides"
Equisetopsida,Polypodiales,Dryopteridaceae,"Elaphoglossum ruficomum"
Equisetopsida,Fabales,Fabaceae,"Poeppigia procera"
Equisetopsida,Asterales,Asteraceae,"Critoniopsis gynoxiifolia"
Equisetopsida,Fabales,Fabaceae,"Crotalaria nitens"
Equisetopsida,Malpighiales,Euphorbiaceae,"Croton pachypodus"
Equisetopsida,Malpighiales,Euphorbiaceae,"Croton tessmannii"
Equisetopsida,Myrtales,Melastomataceae,"Miconia octona"
Equisetopsida,Poales,Poaceae,"Poa rauhii"
Equisetopsida,Poales,Poaceae,"Poa oscariana"
Equisetopsida,Gentianales,Rubiaceae,"Elaeagia mariae"
Equisetopsida,Lamiales,Bignoniaceae,"Adenocalymma uleanum"
Equisetopsida,Zingiberales,Marantaceae,"Ctenanthe amphiandina"
Equisetopsida,Polypodiales,Dryopteridaceae,"Ctenitis ampla"
Equisetopsida,Alismatales,Araceae,"Adelonema picturatum"
Equisetopsida,Asterales,Asteraceae,"Eclipta prostrata"
Equisetopsida,Lamiales,Bignoniaceae,"Adenocalymma impressum"
Equisetopsida,Poales,Poaceae,"Echinochloa crus-pavonis"
Equisetopsida,Malpighiales,Euphorbiaceae,"Plukenetia brachybotrya"
Equisetopsida,Malpighiales,Phyllanthaceae,"Phyllanthus attenuatus"
Equisetopsida,Malpighiales,Phyllanthaceae,"Phyllanthus caroliniensis"
Equisetopsida,Malpighiales,Euphorbiaceae,"Phyllanthus juglandifolius"
Equisetopsida,Laurales,Lauraceae,"Pleurothyrium vasquezii"
Equisetopsida,Sapindales,Sapindaceae,"Cupania rubiginosa"
Equisetopsida,Laurales,Lauraceae,"Pleurothyrium parviflorum"
Equisetopsida,Laurales,Lauraceae,"Pleurothyrium intermedium"
Equisetopsida,Ranunculales,Menispermaceae,"Curarea toxicofera"
Equisetopsida,Fabales,Fabaceae,"Dussia tessmannii"
Equisetopsida,Poales,Poaceae,"Steinchisma laxum"
Equisetopsida,Solanales,Convolvulaceae,"Cuscuta grandiflora"
Equisetopsida,Lamiales,Bignoniaceae,"Cuspidaria floribunda"
Equisetopsida,Lamiales,Bignoniaceae,"Cuspidaria lateriflora"
Equisetopsida,Magnoliales,Annonaceae,"Duguetia spixiana"
Equisetopsida,Magnoliales,Annonaceae,"Duguetia quitarensis"
Equisetopsida,Magnoliales,Annonaceae,"Duguetia hadrantha"
Equisetopsida,Myrtales,Melastomataceae,"Miconia procumbens"
Equisetopsida,Malpighiales,Putranjivaceae,"Drypetes amazonica"
Equisetopsida,Polypodiales,Dryopteridaceae,"Dryopteris wallichiana"
Equisetopsida,Cyatheales,Cyatheaceae,"Cyathea caracasana var. meridensis"
Equisetopsida,Cyatheales,Cyatheaceae,"Cyathea carolihenrici"
Equisetopsida,Cyatheales,Cyatheaceae,"Cyathea catacampta"
Equisetopsida,Cyatheales,Cyatheaceae,"Cyathea cystolepis"
Equisetopsida,Cyatheales,Cyatheaceae,"Cyathea divergens"
Equisetopsida,Cyatheales,Cyatheaceae,"Cyathea herzogii"
Equisetopsida,Cyatheales,Cyatheaceae,"Cyathea multisegmenta"
Equisetopsida,Cyatheales,Cyatheaceae,"Cyathea pallescens"
Equisetopsida,Lamiales,Bignoniaceae,"Adenocalymma bracteolatum"
Equisetopsida,Cyatheales,Cyatheaceae,"Cyathea squamipes"
Equisetopsida,Lamiales,Bignoniaceae,"Pleonotoma melioides"
Equisetopsida,Lamiales,Calceolariaceae,"Drymaria praecox"
Equisetopsida,Caryophyllales,Caryophyllaceae,"Drymaria cordata"
Equisetopsida,Alismatales,Araceae,"Dracontium plowmanii"
Equisetopsida,Alismatales,Araceae,"Dracontium longipes"
Equisetopsida,Polypodiales,Pteridryaceae,"Draconopteris draconoptera"
Equisetopsida,Magnoliales,Annonaceae,"Cymbopetalum fosteri"
Equisetopsida,Magnoliales,Annonaceae,"Cymbopetalum longipes"
Equisetopsida,Gentianales,Apocynaceae,"Cynanchum blandum"
Equisetopsida,Gentianales,Apocynaceae,"Cynanchum subpaniculatum"
Equisetopsida,Fabales,Fabaceae,"Platypodium viride"
Equisetopsida,Rosales,Moraceae,"Dorstenia umbricola"
Equisetopsida,Fabales,Fabaceae,"Platymiscium pinnatum var. ulei"
Equisetopsida,Dilleniales,Dilleniaceae,"Doliocarpus macrocarpus"
Equisetopsida,Poales,Cyperaceae,"Cyperus blepharoleptos"
Equisetopsida,Picramniales,Picramniaceae,"Picramnia juniniana"
Equisetopsida,Lamiales,Bignoniaceae,"Dolichandra uncata"
Equisetopsida,Poales,Cyperaceae,"Cyperus laxus"
Equisetopsida,Poales,Cyperaceae,"Cyperus miliifolius"
Equisetopsida,Solanales,Convolvulaceae,"Distimake macrocalyx"
Equisetopsida,Ericales,Ericaceae,"Disterigma empetrifolium"
Equisetopsida,Lamiales,Bignoniaceae,"Stizophyllum riparium"
Equisetopsida,Asterales,Asteraceae,"Struchium sparganophorum"
Equisetopsida,Santalales,Loranthaceae,"Struthanthus longibracteatus"
Equisetopsida,Gentianales,Loganiaceae,"Strychnos asperula"
Equisetopsida,Gentianales,Loganiaceae,"Strychnos gubleri"
Equisetopsida,Gentianales,Loganiaceae,"Strychnos jobertiana"
Equisetopsida,Fabales,Fabaceae,"Stryphnodendron microstachyum"
Equisetopsida,Buxales,Buxaceae,"Styloceras brokawii"
Equisetopsida,Ericales,Primulaceae,"Stylogyne ardisioides"
Equisetopsida,Ericales,Styracaceae,"Styrax foveolaria"
Equisetopsida,Ericales,Styracaceae,"Styrax guyanensis"
Equisetopsida,Ericales,Styracaceae,"Styrax pentlandianus"
Equisetopsida,Ericales,Styracaceae,"Styrax sieberi"
Equisetopsida,Ericales,Styracaceae,"Styrax vilcabambae"
Equisetopsida,Lamiales,Acanthaceae,"Suessenguthia vargasii"
Equisetopsida,Fabales,Fabaceae,"Swartzia jorori"
Equisetopsida,Gentianales,Gentianaceae,"Symbolanthus incaicus"
Equisetopsida,Ericales,Symplocaceae,"Symplocos arechea"
Equisetopsida,Ericales,Symplocaceae,"Symplocos baehnii"
Equisetopsida,Ericales,Symplocaceae,"Symplocos bogotensis"
Equisetopsida,Ericales,Symplocaceae,"Symplocos nana"
Equisetopsida,Ericales,Symplocaceae,"Symplocos psiloclada"
Equisetopsida,Ericales,Symplocaceae,"Symplocos reflexa"
Equisetopsida,Ericales,Symplocaceae,"Symplocos spruceana"
Equisetopsida,Alismatales,Araceae,"Syngonium podophyllum"
Equisetopsida,Alismatales,Araceae,"Syngonium yurimaguense"
Equisetopsida,Gentianales,Apocynaceae,"Tabernaemontana heterophylla"
Equisetopsida,Gentianales,Apocynaceae,"Tabernaemontana siphilitica"
Equisetopsida,Gentianales,Apocynaceae,"Tabernaemontana vanheurckii"
Equisetopsida,Fabales,Fabaceae,"Tachigali chrysaloides"
Equisetopsida,Fabales,Fabaceae,"Tachigali macbridei"
Equisetopsida,Sapindales,Sapindaceae,"Talisia carinata"
Equisetopsida,Sapindales,Sapindaceae,"Talisia cerasina"
Equisetopsida,Sapindales,Sapindaceae,"Talisia hexaphylla"
Equisetopsida,Lamiales,Bignoniaceae,"Tanaecium affine"
Equisetopsida,Lamiales,Bignoniaceae,"Tanaecium dichotomum"
Equisetopsida,Lamiales,Bignoniaceae,"Tanaecium tetragonolobum"
Equisetopsida,Sapindales,Anacardiaceae,"Tapirira obtusa"
Equisetopsida,Malpighiales,Dichapetalaceae,"Tapura coriacea"
Equisetopsida,Malpighiales,Dichapetalaceae,"Tapura juruana"
Equisetopsida,Malpighiales,Dichapetalaceae,"Tapura peruviana"
Equisetopsida,Poales,Poaceae,"Taquara micrantha"
Equisetopsida,Gentianales,Asclepiadaceae,"Tassadia fosteri"
Equisetopsida,Myrtales,Combretaceae,"Terminalia grandis"
Equisetopsida,Myrtales,Combretaceae,"Terminalia oxycarpa"
Equisetopsida,Ericales,Pentaphylacaceae,"Ternstroemia globiflora"
Equisetopsida,Solanales,Convolvulaceae,"Tetralocularia pennellii"
Equisetopsida,Malpighiales,Malpighiaceae,"Tetrapterys stipulacea"
Equisetopsida,Polypodiales,Thelypteridaceae,"Thelypteris brausei"
Equisetopsida,Polypodiales,Thelypteridaceae,"Thelypteris pinnatifida"
Equisetopsida,Malvales,Malvaceae,"Theobroma speciosum"
Equisetopsida,Pandanales,Cyclanthaceae,"Thoracocarpus bissectus"
Equisetopsida,Sapindales,Rutaceae,"Ticorea tubiflora"
Equisetopsida,Poales,Bromeliaceae,"Tillandsia ionantha"
Equisetopsida,Poales,Bromeliaceae,"Tillandsia pohliana"
Equisetopsida,Lamiales,Linderniaceae,"Torenia crustacea"
Equisetopsida,Boraginales,Heliotropiaceae,"Tournefortia cuspidata"
Equisetopsida,Boraginales,Heliotropiaceae,"Tournefortia glabra"
Equisetopsida,Gentianales,Rubiaceae,"Tournefortiopsis reticulata"
Equisetopsida,Sapindales,Burseraceae,"Trattinnickia burserifolia"
Equisetopsida,Sapindales,Burseraceae,"Trattinnickia peruviana"
Equisetopsida,Sapindales,Burseraceae,"Trattinnickia rhoifolia"
Equisetopsida,Sapindales,Meliaceae,"Trichilia elegans"
Equisetopsida,Sapindales,Meliaceae,"Trichilia hirta"
Equisetopsida,Sapindales,Meliaceae,"Trichilia maynasiana subsp. maynasiana"
Equisetopsida,Sapindales,Meliaceae,"Trichilia poeppigii"
Equisetopsida,Sapindales,Meliaceae,"Trichilia quadrijuga"
Equisetopsida,Sapindales,Meliaceae,"Trichilia solitudinis"
Equisetopsida,Lamiales,Gesneriaceae,"Trichodrymonia metamorphophylla"
Equisetopsida,Caryophyllales,Petiveriaceae,"Trichostigma octandrum"
Equisetopsida,Magnoliales,Annonaceae,"Trigynaea duckei"
Equisetopsida,Polypodiales,Tectariaceae,"Triplophyllum funestum"
Equisetopsida,Fabales,Fabaceae,"Trischidium alternum"
Equisetopsida,Brassicales,Tropaeolaceae,"Tropaeolum tuberosum"
Equisetopsida,Lamiales,Bignoniaceae,"Tynanthus schumannianus"
Equisetopsida,Asparagales,Amaryllidaceae,"Urceolina ulei"
Equisetopsida,Dipsacales,Caprifoliaceae,"Valeriana cephalantha"
Equisetopsida,Dipsacales,Caprifoliaceae,"Valeriana grisiana"
Equisetopsida,Dipsacales,Caprifoliaceae,"Valeriana herrerae"
Equisetopsida,Dipsacales,Caprifoliaceae,"Valeriana parvula"
Equisetopsida,Dipsacales,Caprifoliaceae,"Valeriana virgata"
Equisetopsida,Asterales,Asteraceae,"Vernonanthura ferruginea"
Equisetopsida,Dipsacales,Viburnaceae,"Viburnum ayavacense"
Equisetopsida,Dipsacales,Viburnaceae,"Viburnum hallii"
Equisetopsida,Magnoliales,Myristicaceae,"Virola duckei"
Equisetopsida,Magnoliales,Myristicaceae,"Virola flexuosa"
Equisetopsida,Magnoliales,Myristicaceae,"Virola loretensis"
Equisetopsida,Magnoliales,Myristicaceae,"Virola mollissima"
Equisetopsida,Malpighiales,Hypericaceae,"Vismia cayennensis"
Equisetopsida,Malpighiales,Hypericaceae,"Vismia mandurr"
Equisetopsida,Malpighiales,Hypericaceae,"Vismia tomentosa"
Equisetopsida,Lamiales,Lamiaceae,"Vitex cymosa"
Equisetopsida,Myrtales,Vochysiaceae,"Vochysia kosnipatae"
Equisetopsida,Oxalidales,Cunoniaceae,"Weinmannia auriculata"
Equisetopsida,Oxalidales,Cunoniaceae,"Weinmannia bangii"
Equisetopsida,Oxalidales,Cunoniaceae,"Weinmannia crassifolia"
Equisetopsida,Oxalidales,Cunoniaceae,"Weinmannia fagaroides"
Equisetopsida,Oxalidales,Cunoniaceae,"Weinmannia lechleriana"
Equisetopsida,Oxalidales,Cunoniaceae,"Weinmannia microphylla"
Equisetopsida,Oxalidales,Cunoniaceae,"Weinmannia multijuga"
Equisetopsida,Oxalidales,Cunoniaceae,"Weinmannia ovata"
Equisetopsida,Oxalidales,Cunoniaceae,"Weinmannia reticulata"
Equisetopsida,Asterales,Asteraceae,"Werneria nubigena"
Equisetopsida,Malvales,Malvaceae,"Wissadula excelsior"
Equisetopsida,Lamiales,Bignoniaceae,"Xylophragma myrianthum"
Equisetopsida,Lamiales,Bignoniaceae,"Xylophragma platyphyllum"
Equisetopsida,Magnoliales,Annonaceae,"Xylopia benthamii"
Equisetopsida,Magnoliales,Annonaceae,"Xylopia cuspidata"
Equisetopsida,Magnoliales,Annonaceae,"Xylopia ligustrifolia"
Equisetopsida,Magnoliales,Annonaceae,"Xylopia macrantha"
Equisetopsida,Malpighiales,Salicaceae,"Xylosma intermedia"
Equisetopsida,Cycadales,Zamiaceae,"Zamia muricata"
Equisetopsida,Sapindales,Rutaceae,"Zanthoxylum acuminatum subsp. juniperinum"
Equisetopsida,Sapindales,Rutaceae,"Zanthoxylum eliasii"
Equisetopsida,Sapindales,Rutaceae,"Zanthoxylum fagara subsp. lentiscifolium"
Equisetopsida,Sapindales,Rutaceae,"Zanthoxylum kellermanii"
Equisetopsida,Sapindales,Rutaceae,"Zanthoxylum martinicense"
Equisetopsida,Sapindales,Rutaceae,"Zanthoxylum setulosum"
Equisetopsida,Fabales,Fabaceae,"Zapoteca amazonica"
Equisetopsida,Fabales,Fabaceae,"Zygia coccinea var. Macrophylla"
Equisetopsida,Fabales,Fabaceae,"Zygia racemosa"
Equisetopsida,Dipsacales,Caprifoliaceae,"Valeriana decussata"
Equisetopsida,Poales,Bromeliaceae,"Tillandsia walteri var. walteri"
Equisetopsida,Dipsacales,Caprifoliaceae,"Valeriana sphaerocephala"
Equisetopsida,Dipsacales,Caprifoliaceae,"Valeriana weberbaueri"
Equisetopsida,Dipsacales,Caprifoliaceae,"Valeriana henrici"
Equisetopsida,Dipsacales,Caprifoliaceae,"Valeriana cumbemayensis"
Equisetopsida,Rosales,Urticaceae,"Urtica magellanica"
Equisetopsida,Rosales,Urticaceae,"Urtica flabellata"
Equisetopsida,Rosales,Urticaceae,"Urtica echinata"
Equisetopsida,Poales,Cyperaceae,"Zameioscirpus muticus"
Equisetopsida,Ericales,Symplocaceae,"Symplocos sandiae"
Equisetopsida,Asterales,Asteraceae,"Tagetes multiflora"
Equisetopsida,Asterales,Asteraceae,"Tagetes minuta"
Equisetopsida,Polypodiales,Thelypteridaceae,"Thelypteris caucaensis"
Equisetopsida,Lamiales,Verbenaceae,"Verbena litoralis"
Equisetopsida,Lamiales,Plantaginaceae,"Veronica anagallis-aquatica"
Equisetopsida,Lamiales,Plantaginaceae,"Veronica persica"
Equisetopsida,Lamiales,Plantaginaceae,"Veronica serpyllifolia"
Equisetopsida,Asterales,Asteraceae,"Viguiera peruviana"
Equisetopsida,Saxifragales,Crassulaceae,"Villadia imbricata"
Equisetopsida,Saxifragales,Crassulaceae,"Villadia reniformis"
Equisetopsida,Asterales,Asteraceae,"Villanova oppositifolia"
Equisetopsida,Caryophyllales,Basellaceae,"Ullucus tuberosus"
Equisetopsida,Malpighiales,Violaceae,"Viola micranthella"
Equisetopsida,Ranunculales,Ranunculaceae,"Thalictrum longistylum"
Equisetopsida,Dipsacales,Caprifoliaceae,"Valeriana crassipes"
Equisetopsida,Alismatales,Potamogetonaceae,"Zannichellia andina"
Equisetopsida,Dipsacales,Caprifoliaceae,"Valeriana interrupta"
Equisetopsida,Dipsacales,Caprifoliaceae,"Valeriana longifolia"
Equisetopsida,Poales,Poaceae,"Stipa hans-meyeri"
Equisetopsida,Asterales,Asteraceae,"Stuckertiella capitata"
Equisetopsida,Poales,Poaceae,"Vulpia myuros var. Hirsuta"
Equisetopsida,Dipsacales,Caprifoliaceae,"Valeriana connata"
Equisetopsida,Asterales,Campanulaceae,"Wahlenbergia peruviana"
Equisetopsida,Brassicales,Brassicaceae,"Weberbauera rosulans"
Equisetopsida,Brassicales,Brassicaceae,"Weberbauera smithii"
Equisetopsida,Brassicales,Brassicaceae,"Weberbauera spathulifolia"
Equisetopsida,Asterales,Asteraceae,"Werneria aretioides"
Equisetopsida,Asterales,Asteraceae,"Werneria caespitosa"
Equisetopsida,Asterales,Asteraceae,"Werneria orbignyana"
Equisetopsida,Asterales,Asteraceae,"Werneria pinnatifida"
Equisetopsida,Asterales,Asteraceae,"Werneria pygmaea"
Equisetopsida,Asterales,Asteraceae,"Werneria weberbaueriana"
Equisetopsida,Lamiales,Bignoniaceae,"Tecoma sambucifolia"
Equisetopsida,Santalales,Loranthaceae,"Tristerix pubescens"
Equisetopsida,Santalales,Loranthaceae,"Tristerix chodatianus"
Equisetopsida,Poales,Poaceae,"Trisetum spicatum"
Equisetopsida,Asterales,Asteraceae,"Stevia macbridei"
Equisetopsida,Dipsacales,Caprifoliaceae,"Valeriana condamoana"
Equisetopsida,Poales,Poaceae,"Trisetum oreophilum var. oreophilum"
Equisetopsida,Poales,Poaceae,"Trisetum macbridei"
Equisetopsida,Asparagales,Iridaceae,"Tigridia philippiana"
Equisetopsida,Polypodiales,Woodsiaceae,"Woodsia montevidensis"
Equisetopsida,Poales,Bromeliaceae,"Tillandsia cerrateana"
Equisetopsida,Poales,Bromeliaceae,"Tillandsia chartacea"
Equisetopsida,Asterales,Asteraceae,"Xenophyllum ciliolatum"
Equisetopsida,Dipsacales,Caprifoliaceae,"Valeriana coarctata"
Equisetopsida,Asterales,Asteraceae,"Xenophyllum dactylophyllum"
Equisetopsida,Asterales,Asteraceae,"Xenophyllum humile"
Equisetopsida,Asterales,Asteraceae,"Xenophyllum marcidum"
Equisetopsida,Malvales,Malvaceae,"Tarasa odonellii"
Equisetopsida,Poales,Bromeliaceae,"Tillandsia fendleri"
Equisetopsida,Poales,Bromeliaceae,"Tillandsia ionochroma"
Equisetopsida,Poales,Bromeliaceae,"Tillandsia lopezii"
Equisetopsida,Poales,Bromeliaceae,"Tillandsia oroyensis"
Equisetopsida,Fabales,Fabaceae,"Trifolium amabile"
Equisetopsida,Dipsacales,Caprifoliaceae,"Valeriana lyrata"
Equisetopsida,Dipsacales,Caprifoliaceae,"Valeriana niphobia"
Equisetopsida,Dipsacales,Caprifoliaceae,"Valeriana nivalis"
Equisetopsida,Dipsacales,Caprifoliaceae,"Valeriana pilosa"
Equisetopsida,Poales,Bromeliaceae,"Tillandsia rubella"
Equisetopsida,Poales,Cyperaceae,"Trichophorum rigidum"
Equisetopsida,Poales,Bromeliaceae,"Tillandsia tectorum"
Equisetopsida,Asparagales,Amaryllidaceae,"Trichlora peruviana"
Equisetopsida,Dipsacales,Caprifoliaceae,"Valeriana pycnantha"
Equisetopsida,Dipsacales,Caprifoliaceae,"Valeriana rhizantha"
Equisetopsida,Dipsacales,Caprifoliaceae,"Valeriana globularis"
Equisetopsida,Asterales,Asteraceae,"Senecio repens"
Equisetopsida,Poales,Cyperaceae,"Carex pygmaea"
Equisetopsida,Asparagales,Asparagaceae,"Furcraea occidentalis"
Equisetopsida,Caryophyllales,Caryophyllaceae,"Cerastium mucronatum"
Equisetopsida,Poales,Poaceae,"Poa pauciflora"
Equisetopsida,Solanales,Solanaceae,"Saracha spinosa"
Equisetopsida,Asterales,Asteraceae,"Dasyphyllum histerix"
Equisetopsida,Asterales,Asteraceae,"Baccharis alpina"
Equisetopsida,Myrtales,Onagraceae,"Oenothera rosea"
Equisetopsida,Poales,Cyperaceae,"Carex mandoniana"
Equisetopsida,Myrtales,Onagraceae,"Oenothera multicaulis"
Equisetopsida,Poales,Cyperaceae,"Carex hebetata"
Equisetopsida,Gentianales,Gentianaceae,"Gentianella thyrsoidea"
Equisetopsida,Solanales,Solanaceae,"Saracha quitensis"
Equisetopsida,Poales,Cyperaceae,"Carex ecuadorica"
Equisetopsida,Poales,Poaceae,"Poa macusaniensis"
Equisetopsida,Asterales,Asteraceae,"Diplostephium foliosissimum"
Equisetopsida,Lamiales,Calceolariaceae,"Drymaria fasciculata"
Equisetopsida,Caryophyllales,Caryophyllaceae,"Drymaria engleriana var. devia"
Equisetopsida,Asterales,Asteraceae,"Senecio repens var. macbridei"
Equisetopsida,Poales,Bromeliaceae,"Puya cerrateana"
Equisetopsida,Poales,Cyperaceae,"Carex davidsmithii"
Equisetopsida,Asterales,Asteraceae,"Jungia schuerae"
Equisetopsida,Asterales,Asteraceae,"Senecio expansus"
Equisetopsida,Caryophyllales,Caryophyllaceae,"Cerastium subspicatum"
Equisetopsida,Poales,Bromeliaceae,"Puya argentea"
Equisetopsida,Polypodiales,Pteridaceae,"Pellaea ternifolia"
Equisetopsida,Asterales,Asteraceae,"Senecio rhizomatus"
Equisetopsida,Asterales,Asteraceae,"Mniodes pulvinata"
Equisetopsida,Poales,Bromeliaceae,"Puya angusta"
Equisetopsida,Polypodiales,Polypodiaceae,"Melpomene flabelliformis"
Equisetopsida,Asterales,Asteraceae,"Senecio rufescens"
Equisetopsida,Poales,Cyperaceae,"Carex collumanthus"
Equisetopsida,Caryophyllales,Caryophyllaceae,"Drymaria engleriana"
Equisetopsida,Poales,Cyperaceae,"Carex bonplandii"
Equisetopsida,Polypodiales,Dryopteridaceae,"Elaphoglossum minutum"
Equisetopsida,Ericales,Polemoniaceae,"Phlox gracilis"
Equisetopsida,Poales,Cyperaceae,"Carex boliviensis"
Equisetopsida,Lamiales,Lamiaceae,"Hedeoma mandoniana"
Equisetopsida,Asparagales,Iridaceae,"Orthrosanthus occissapungus"
Equisetopsida,Fagales,Myricaceae,"Morella parvifolia"
Equisetopsida,Poales,Poaceae,"Poa lilloi"
Equisetopsida,Poales,Cyperaceae,"Carex ancashensis"
Equisetopsida,Apiales,Apiaceae,"Azorella pulvinata"
Equisetopsida,Polypodiales,Pteridaceae,"Jamesonia goudotii"
Equisetopsida,Salviniales,Salviniaceae,"Azolla mexicana"
Equisetopsida,Lamiales,Orobanchaceae,"Neobartsia diffusa"
Equisetopsida,Asterales,Asteraceae,"Conyza bonariensis"
Equisetopsida,Asterales,Asteraceae,"Baccharis uniflora"
Equisetopsida,Caryophyllales,Caryophyllaceae,"Cardionema ramosissimum"
Equisetopsida,Solanales,Solanaceae,"Solanum habrochaites"
Equisetopsida,Asterales,Asteraceae,"Senecio adenophyllus"
Equisetopsida,Asterales,Asteraceae,"Senecio scorzoneraefolius"
Equisetopsida,Poales,Poaceae,"Festuca weberbaueri"
Equisetopsida,Myrtales,Onagraceae,"Epilobium pedicellare"
Equisetopsida,Solanales,Solanaceae,"Solanum hastiforme"
Equisetopsida,Asterales,Asteraceae,"Conyza popayanensis"
Equisetopsida,Malvales,Malvaceae,"Nototriche tovari"
Equisetopsida,Asterales,Asteraceae,"Senecio scrobicarioides"
Equisetopsida,Myrtales,Onagraceae,"Epilobium fragile"
Equisetopsida,Asterales,Asteraceae,"Conyza sumatrensis var. leiotheca"
Equisetopsida,Liliales,Alstroemeriaceae,"Bomarea albimontana"
Equisetopsida,Poales,Poaceae,"Poa lepidula"
Equisetopsida,Bruniales,Columelliaceae,"Columellia obovata"
Equisetopsida,Asterales,Asteraceae,"Senecio serratifolius"
Equisetopsida,Lamiales,Orobanchaceae,"Neobartsia canescens"
Equisetopsida,Myrtales,Onagraceae,"Epilobium denticulatum"
Equisetopsida,Bruniales,Columelliaceae,"Columellia weberbaueri"
Equisetopsida,Polypodiales,Dryopteridaceae,"Elaphoglossum lindenii"
Equisetopsida,Lamiales,Orobanchaceae,"Neobartsia bartsioides"
Equisetopsida,Piperales,Piperaceae,"Peperomia minuta"
Equisetopsida,Piperales,Piperaceae,"Peperomia microphylla"
Equisetopsida,Brassicales,Brassicaceae,"Cardamine bonariensis"
Equisetopsida,Lamiales,Plantaginaceae,"Callitriche nubigena"
Equisetopsida,Fabales,Fabaceae,"Lupinus eriocladus"
Equisetopsida,Rosales,Rosaceae,"Alchemilla andina"
Equisetopsida,Asparagales,Amaryllidaceae,"Stenomesson luteum"
Equisetopsida,Asterales,Asteraceae,"Gamochaeta cabrerae"
Equisetopsida,Asterales,Asteraceae,"Senecio spinosus"
Equisetopsida,Poales,Poaceae,"Poa aequigluma"
Equisetopsida,Solanales,Solanaceae,"Solanum sogarandinum"
Equisetopsida,Malpighiales,Hypericaceae,"Hypericum brevistylum"
Equisetopsida,Polypodiales,Pteridaceae,"Eriosorus novogranatensis"
Equisetopsida,Asterales,Asteraceae,"Gamochaeta coarctata"
Equisetopsida,Asterales,Asteraceae,"Baccharis phylicoides"
Equisetopsida,Asterales,Asteraceae,"Senecio featherstonii"
Equisetopsida,Poales,Poaceae,"Cinnagrostis brevifolia"
Equisetopsida,Solanales,Solanaceae,"Solanum huarochiriense"
Equisetopsida,Poales,Poaceae,"Cinnagrostis coarctata"
Equisetopsida,Asterales,Asteraceae,"Gamochaeta humilis"
Equisetopsida,Poales,Poaceae,"Cinnagrostis curvula"
Equisetopsida,Asterales,Asteraceae,"Senecio ayapatensis"
Equisetopsida,Fabales,Fabaceae,"Lupinus microphyllus"
Equisetopsida,Poales,Poaceae,"Cinnagrostis densiflora"
Equisetopsida,Poales,Poaceae,"Cinnagrostis fuscata"
Equisetopsida,Asterales,Campanulaceae,"Lysipomia laciniata"
Equisetopsida,Lamiales,Lamiaceae,"Stachys pusilla"
Equisetopsida,Rosales,Rosaceae,"Polylepis microphylla"
Equisetopsida,Cucurbitales,Coriariaceae,"Coriaria ruscifolia subsp. microphylla"
Equisetopsida,Asterales,Asteraceae,"Senecio sublutescens"
Equisetopsida,Asterales,Asteraceae,"Paranephelius ferreyrii"
Equisetopsida,Polypodiales,Polypodiaceae,"Pleopeltis pycnocarpa"
Equisetopsida,Lamiales,Plantaginaceae,"Plantago sericea subsp. sericea"
Equisetopsida,Poales,Poaceae,"Cinnagrostis jamesonii"
Equisetopsida,Malpighiales,Elatinaceae,"Elatine peruviana"
Equisetopsida,Asterales,Campanulaceae,"Lysipomia montioides"
Equisetopsida,Solanales,Convolvulaceae,"Cuscuta odorata"
Equisetopsida,Asterales,Campanulaceae,"Lysipomia sphagnophila subsp. acuta"
Equisetopsida,Poales,Poaceae,"Poa amplivaginata"
Equisetopsida,Asterales,Asteraceae,"Senecio sulinicus"
Equisetopsida,Polypodiales,Blechnaceae,"Parablechnum loxense"
Equisetopsida,Poales,Poaceae,"Cinnagrostis mandoniana"
Equisetopsida,Fabales,Fabaceae,"Lupinus nubigenus"
Equisetopsida,Liliales,Alstroemeriaceae,"Bomarea parvifolia"
Equisetopsida,Solanales,Solanaceae,"Nicotiana thyrsiflora"
Equisetopsida,Poales,Poaceae,"Paspalum pygmaeum"
Equisetopsida,Polypodiales,Dryopteridaceae,"Elaphoglossum rosenstockii"
Equisetopsida,Malpighiales,Elatinaceae,"Elatine ecuadoriensis"
Equisetopsida,Asterales,Asteraceae,"Coreopsis sherffii"
Equisetopsida,Fabales,Fabaceae,"Lupinus paniculatus"
Equisetopsida,Brassicales,Brassicaceae,"Capsella bursa-pastoris"
Equisetopsida,Escalloniales,Escalloniaceae,"Escallonia resinosa"
Equisetopsida,Solanales,Solanaceae,"Iochroma umbellatum"
Equisetopsida,Poales,Poaceae,"Cinnagrostis spicigera"
Equisetopsida,Dioscoreales,Dioscoreaceae,"Dioscorea ancachsensis"
Equisetopsida,Poales,Poaceae,"Festuca dolichophylla"
Equisetopsida,Malpighiales,Euphorbiaceae,"Sebastiania hapoclada"
Equisetopsida,Geraniales,Geraniaceae,"Geranium sibbaldioides subsp. beckianum"
Equisetopsida,Rosales,Rosaceae,"Prunus serotina subsp. capuli"
Equisetopsida,Asterales,Asteraceae,"Smallanthus fruticosus"
Equisetopsida,Asterales,Asteraceae,"Coreopsis senaria"
Equisetopsida,Polypodiales,Pteridaceae,"Jamesonia scalaris"
Equisetopsida,Gentianales,Gentianaceae,"Gentianella tristicha"
Equisetopsida,Myrtales,Melastomataceae,"Miconia alpina"
Equisetopsida,Fabales,Fabaceae,"Lupinus rupestris"
Equisetopsida,Saxifragales,Crassulaceae,"Crassula peduncularis"
Equisetopsida,Asterales,Asteraceae,"Baccharis peruviana"
Equisetopsida,Myrtales,Melastomataceae,"Miconia salicifolia"
Equisetopsida,Asterales,Asteraceae,"Coreopsis integra"
Equisetopsida,Poales,Poaceae,"Poa huancavelicae"
Equisetopsida,Poales,Poaceae,"Poa horridula"
Equisetopsida,Poales,Poaceae,"Hordeum muticum"
Equisetopsida,Poales,Poaceae,"Poa anae"
Equisetopsida,Liliales,Alstroemeriaceae,"Bomarea vargasii"
Equisetopsida,Poales,Cyperaceae,"Phylloscirpus acaulis"
Equisetopsida,Polypodiales,Polypodiaceae,"Melpomene peruviana"
Equisetopsida,Poales,Poaceae,"Paspalum tuberosum"
Equisetopsida,Liliales,Alstroemeriaceae,"Bomarea zosteraefolia"
Equisetopsida,Malpighiales,Passifloraceae,"Passiflora lobbii subsp. lobbii"
Equisetopsida,Fabales,Polygalaceae,"Monnina salicifolia"
Equisetopsida,Santalales,Schoepfiaceae,"Quinchamalium chilense"
Equisetopsida,Asterales,Asteraceae,"Chersodoma ovopedata"
Equisetopsida,Asterales,Asteraceae,"Senecio tingoensis"
Equisetopsida,Malpighiales,Euphorbiaceae,"Croton ruizianus"
Equisetopsida,Poales,Poaceae,"Anatherostipa obtusa"
Equisetopsida,Poales,Poaceae,"Muhlenbergia angustata"
Equisetopsida,Asterales,Asteraceae,"Coreopsis fasciculata"
Equisetopsida,Rosales,Rosaceae,"Kageneckia lanceolata"
Equisetopsida,Asterales,Asteraceae,"Senecio ferreyrae"
Equisetopsida,Lamiales,Lamiaceae,"Lepechinia meyenii"
Equisetopsida,Malpighiales,Passifloraceae,"Passiflora lobbii"
Equisetopsida,Poales,Poaceae,"Poa gymnantha"
Equisetopsida,Gentianales,Gentianaceae,"Gentianella bicolor"
Equisetopsida,Solanales,Solanaceae,"Solanum ambosinum var. orophilum"
Equisetopsida,Caryophyllales,Polygonaceae,"Muehlenbeckia volcanica"
Equisetopsida,Brassicales,Brassicaceae,"Draba brackenridgei"
Equisetopsida,Polypodiales,Dryopteridaceae,"Elaphoglossum leporinum"
Equisetopsida,Asterales,Asteraceae,"Chersodoma jodopappa"
Equisetopsida,Rosales,Rosaceae,"Potentilla dombeyi"
Equisetopsida,Poales,Poaceae,"Anatherostipa hans-meyeri"
Equisetopsida,Poales,Poaceae,"Poa glaberrima"
Equisetopsida,Asterales,Asteraceae,"Senecio usgorensis"
Equisetopsida,Asterales,Asteraceae,"Chersodoma deltoidea"
Equisetopsida,Asparagales,Iridaceae,"Sisyrinchium trinerve"
Equisetopsida,Fabales,Fabaceae,"Lupinus tomentosus"
Equisetopsida,Asparagales,Iridaceae,"Sisyrinchium tinctorium"
Equisetopsida,Poales,Poaceae,"Chascolytrum monandrum"
Equisetopsida,Brassicales,Brassicaceae,"Draba macleanii"
Equisetopsida,Poales,Poaceae,"Poa gigantea"
Equisetopsida,Solanales,Solanaceae,"Jaltomata yungayensis"
Equisetopsida,Asterales,Asteraceae,"Senecio vulgaris"
Equisetopsida,Fabales,Fabaceae,"Lupinus weberbaueri"
Equisetopsida,Solanales,Convolvulaceae,"Dichondra micrantha"
Equisetopsida,Poales,Cyperaceae,"Phylloscirpus boliviensis"
Equisetopsida,Lycopodiales,Lycopodiaceae,"Huperzia crassa"
Equisetopsida,Lamiales,Calceolariaceae,"Stemotria triandra"
Equisetopsida,Brassicales,Brassicaceae,"Lepidium bipinnatifidum"
Equisetopsida,Fabales,Fabaceae,"Astragalus varus"
Equisetopsida,Asparagales,Iridaceae,"Sisyrinchium pusillum"
Equisetopsida,Gentianales,Gentianaceae,"Halenia stuebelii"
Equisetopsida,Asterales,Asteraceae,"Chersodoma antennaria"
Equisetopsida,Apiales,Apiaceae,"Azorella corymbosa"
Equisetopsida,Asparagales,Iridaceae,"Sisyrinchium praealtum"
Equisetopsida,Asparagales,Iridaceae,"Sisyrinchium jamesonii"
Equisetopsida,Lamiales,Lamiaceae,"Salvia tafallae"
Equisetopsida,Malvales,Malvaceae,"Nototriche artemisioides"
Equisetopsida,Lamiales,Lamiaceae,"Salvia sagittata"
Equisetopsida,Asterales,Asteraceae,"Proustia peruviana"
Equisetopsida,Asterales,Asteraceae,"Cotula mexicana"
Equisetopsida,Isoetales,Isoetaceae,"Isoetes boliviensis"
Equisetopsida,Lamiales,Lamiaceae,"Salvia revoluta"
Equisetopsida,Solanales,Solanaceae,"Nicotiana rustica"
Equisetopsida,Polypodiales,Pteridaceae,"Cheilanthes bonariensis"
Equisetopsida,Fabales,Fabaceae,"Astragalus uniflorus"
Equisetopsida,Fabales,Fabaceae,"Astragalus peruvianus"
Equisetopsida,Asterales,Asteraceae,"Senecio bolivarianus"
Equisetopsida,Lycopodiales,Lycopodiaceae,"Huperzia saururus"
Equisetopsida,Apiales,Apiaceae,"Bowlesia lobata"
Equisetopsida,Brassicales,Brassicaceae,"Lepidium meyenii"
Equisetopsida,Poales,Poaceae,"Chondrosum simplex"
Equisetopsida,Polypodiales,Pteridaceae,"Cheilanthes marginata"
Equisetopsida,Isoetales,Isoetaceae,"Isoetes andina"
Equisetopsida,Polypodiales,Pteridaceae,"Cheilanthes myriophylla"
Equisetopsida,Asparagales,Iridaceae,"Sisyrinchium caespitificum"
Equisetopsida,Apiales,Apiaceae,"Bowlesia tenella"
Equisetopsida,Malpighiales,Euphorbiaceae,"Euphorbia serpens"
Equisetopsida,Malpighiales,Euphorbiaceae,"Euphorbia raphanorrhiza"
Equisetopsida,Polypodiales,Pteridaceae,"Cheilanthes pilosa"
Equisetopsida,Poales,Cyperaceae,"Phylloscirpus deserticola"
Equisetopsida,Asparagales,Iridaceae,"Sisyrinchium brevipes"
Equisetopsida,Lamiales,Plantaginaceae,"Ourisia muscosa"
Equisetopsida,Asterales,Asteraceae,"Diplostephium azureum"
Equisetopsida,Asterales,Asteraceae,"Monticalia andicola"
Equisetopsida,Lamiales,Lamiaceae,"Stachys peruviana"
Equisetopsida,Poales,Poaceae,"Aegopogon cenchroides"
Equisetopsida,Poales,Poaceae,"Agrostis foliata"
Equisetopsida,Rosales,Rosaceae,"Polylepis sericea"
Equisetopsida,Polypodiales,Pteridaceae,"Cheilanthes pruinata"
Equisetopsida,Gentianales,Rubiaceae,"Galium aparine"
Equisetopsida,Saxifragales,Crassulaceae,"Sedum reniforme"
Equisetopsida,Solanales,Convolvulaceae,"Dichondra microcalyx"
Equisetopsida,Polypodiales,Polypodiaceae,"Pseudophegopteris cruciata"
Equisetopsida,Poales,Poaceae,"Poa candamoana"
Equisetopsida,Polypodiales,Dryopteridaceae,"Elaphoglossum meladenium"
Equisetopsida,Asterales,Asteraceae,"Pseudonoseris szyszylowiczii"
Equisetopsida,Myrtales,Melastomataceae,"Brachyotum figueroae"
Equisetopsida,Asterales,Asteraceae,"Pseudonoseris glandulosa"
Equisetopsida,Bruniales,Columelliaceae,"Commelina tuberosa"
Equisetopsida,Asterales,Asteraceae,"Senecio hastatifolius"
Equisetopsida,Myrtales,Melastomataceae,"Brachyotum longisepalum"
Equisetopsida,Poales,Juncaceae,"Luzula gigantea"
Equisetopsida,Alismatales,Potamogetonaceae,"Potamogeton paramoanus"
Equisetopsida,Solanales,Solanaceae,"Salpichroa hirsuta"
Equisetopsida,Poales,Poaceae,"Elymus cordilleranus"
Equisetopsida,Boraginales,Boraginaceae,"Hackelia mexicana"
Equisetopsida,Asterales,Asteraceae,"Diplostephium vermiculatum"
Equisetopsida,Solanales,Solanaceae,"Lophopappus peruvianus"
Equisetopsida,Lamiales,Plantaginaceae,"Plantago lamprophylla"
Equisetopsida,Poales,Juncaceae,"Luzula peruviana"
Equisetopsida,Solanales,Solanaceae,"Salpichroa tristis"
Equisetopsida,Dioscoreales,Dioscoreaceae,"Dioscorea larecajensis"
Equisetopsida,Polypodiales,Polypodiaceae,"Alansmia heteromorpha"
Equisetopsida,Fabales,Fabaceae,"Astragalus garbancillo"
Equisetopsida,Poales,Poaceae,"Poa asperiflora"
Equisetopsida,Poales,Poaceae,"Bromus villosissimus"
Equisetopsida,Poales,Poaceae,"Bromus pitensis"
Equisetopsida,Myrtales,Melastomataceae,"Brachyotum naudinii"
Equisetopsida,Poales,Cyperaceae,"Schoenoplectus californicus"
Equisetopsida,Asterales,Asteraceae,"Senecio breviscapus"
Equisetopsida,Oxalidales,Oxalidaceae,"Oxalis pachyrrhiza"
Equisetopsida,Fabales,Fabaceae,"Astragalus brackenridgei"
Equisetopsida,Poales,Poaceae,"Dissanthelium calycinum"
Equisetopsida,Myrtales,Melastomataceae,"Brachyotum rosmarinifolium"
Equisetopsida,Asterales,Asteraceae,"Aphanactis villosa"
Equisetopsida,Poales,Poaceae,"Bromus catharticus"
Equisetopsida,Caryophyllales,Caryophyllaceae,"Stellaria tetrasticha"
Equisetopsida,Oxalidales,Oxalidaceae,"Oxalis spiralis"
Equisetopsida,Asterales,Campanulaceae,"Siphocampylus tupaeformis"
Equisetopsida,Poales,Poaceae,"Bromus berteroanus"
Equisetopsida,Asterales,Asteraceae,"Diplostephium haenkei"
Equisetopsida,Lamiales,Orobanchaceae,"Neobartsia tricolor"
Equisetopsida,Gentianales,Gentianaceae,"Gentianella brunneotincta"
Equisetopsida,Lamiales,Plantaginaceae,"Sibthorpia repens"
Equisetopsida,Asterales,Asteraceae,"Loricaria ferruginea"
Equisetopsida,Asterales,Asteraceae,"Senecio hyoseridifolius"
Equisetopsida,Fabales,Fabaceae,"Senna birostris"
Equisetopsida,Polypodiales,Aspleniaceae,"Asplenium castaneum"
Equisetopsida,Poales,Poaceae,"Muhlenbergia fastigiata"
Equisetopsida,Asterales,Campanulaceae,"Siphocampylus candollei"
Equisetopsida,Brassicales,Brassicaceae,"Brayopsis calycina"
Equisetopsida,Brassicales,Brassicaceae,"Draba cryptantha"
Equisetopsida,Liliales,Alstroemeriaceae,"Alstroemeria pygmaea"
Equisetopsida,Asterales,Asteraceae,"Gynoxys oleifolia"
Equisetopsida,Oxalidales,Oxalidaceae,"Oxalis weberbaueri"
Equisetopsida,Fabales,Fabaceae,"Senna birostris var. helveola"
Equisetopsida,Poales,Poaceae,"Brachypodium mexicanum"
Equisetopsida,Brassicales,Brassicaceae,"Brayopsis alpaminae"
Equisetopsida,Asterales,Asteraceae,"Gynoxys macfrancisci"
Equisetopsida,Poales,Poaceae,"Poa calycina"
Equisetopsida,Asterales,Asteraceae,"Erigeron rosulatus"
Equisetopsida,Polypodiales,Polypodiaceae,"Melpomene pilosissima"
Equisetopsida,Gentianales,Gentianaceae,"Gentianella weberbaueri"
Equisetopsida,Asterales,Asteraceae,"Gynoxys caracensis"
Equisetopsida,Polypodiales,Polypodiaceae,"Campyloneurum ensifolium"
Equisetopsida,Brassicales,Brassicaceae,"Brassica rapa"
Equisetopsida,Fabales,Fabaceae,"Mimosa weberbaueri"
Equisetopsida,Ericales,Ericaceae,"Pernettya prostrata"
Equisetopsida,Poales,Poaceae,"Festuca dichoclada"
Equisetopsida,Fabales,Fabaceae,"Senna birostris var. hookeriana"
Equisetopsida,Lamiales,Plantaginaceae,"Plantago rigida"
Equisetopsida,Asterales,Asteraceae,"Erigeron lanceolatus"
Equisetopsida,Poales,Poaceae,"Festuca cuzcoensis"
Equisetopsida,Poales,Poaceae,"Festuca casapaltensis"
Equisetopsida,Asterales,Asteraceae,"Lasiocephalus campanulatus"
Equisetopsida,Asterales,Asteraceae,"Belloa longifolia"
Equisetopsida,Poales,Poaceae,"Nassella pubiflora"
Equisetopsida,Poales,Juncaceae,"Juncus balticus"
Equisetopsida,Poales,Poaceae,"Deschampsia ampliflora"
Equisetopsida,Poales,Juncaceae,"Luzula vulcanica"
Equisetopsida,Asterales,Asteraceae,"Achyrocline alata var. incana"
Equisetopsida,Lamiales,Orobanchaceae,"Neobartsia tomentosa"
Equisetopsida,Asterales,Asteraceae,"Dendrophorbium usgorense"
Equisetopsida,Asterales,Asteraceae,"Belloa piptolepis"
Equisetopsida,Asterales,Asteraceae,"Belloa turneri"
Equisetopsida,Fabales,Fabaceae,"Spartium junceum"
Equisetopsida,Asterales,Asteraceae,"Loricaria lycopodinea"
Equisetopsida,Poales,Poaceae,"Polypogon interruptus"
Equisetopsida,Asterales,Asteraceae,"Barnadesia dombeyana"
Equisetopsida,Asterales,Asteraceae,"Novenia acaulis"
Equisetopsida,Poales,Poaceae,"Deschampsia aurea"
Equisetopsida,Gentianales,Rubiaceae,"Galium huancavelicum"
Equisetopsida,Poales,Poaceae,"Agrostis exasperata"
Equisetopsida,Poales,Poaceae,"Festuca carazana"
Equisetopsida,Malpighiales,Linaceae,"Linum oligophyllum"
Equisetopsida,Asterales,Asteraceae,"Senecio hypsiandinus"
Equisetopsida,Poales,Poaceae,"Deyeuxia tarmensis"
Equisetopsida,Caryophyllales,Caryophyllaceae,"Pycnophyllum molle"
Equisetopsida,Polypodiales,Dryopteridaceae,"Elaphoglossum hoffmannii"
Equisetopsida,Lamiales,Plantaginaceae,"Plantago australis subsp. pflanzii"
Equisetopsida,Poales,Poaceae,"Alopecurus hitchcockii"
Equisetopsida,Dipsacales,Caprifoliaceae,"Phyllactis rigida"
Equisetopsida,Poales,Poaceae,"Deschampsia chrysantha"
Equisetopsida,Poales,Poaceae,"Nassella mexicana"
Equisetopsida,Caryophyllales,Caryophyllaceae,"Pycnophyllum huascaranum"
Equisetopsida,Poales,Poaceae,"Festuca nigriflora"
Equisetopsida,Polypodiales,Polypodiaceae,"Pleopeltis buchtienii"
Equisetopsida,Asterales,Asteraceae,"Novenia tunariensis"
Equisetopsida,Poales,Poaceae,"Elymus angulatus"
Equisetopsida,Poales,Poaceae,"Aristida enodis"
Equisetopsida,Brassicales,Brassicaceae,"Mancoa hispida"
Equisetopsida,Malvales,Malvaceae,"Acaulimalva crenata"
Equisetopsida,Poales,Poaceae,"Aristida adscensionis"
Equisetopsida,Poales,Poaceae,"Nassella linearifolia"
Equisetopsida,Caryophyllales,Caryophyllaceae,"Polycarpon urbanianum"
Equisetopsida,Solanales,Solanaceae,"Solanum ancophilum"
Equisetopsida,Dipsacales,Caprifoliaceae,"Belonanthus longitubulosus"
Equisetopsida,Poales,Poaceae,"Nassella inconspicua"
Equisetopsida,Rosales,Rosaceae,"Polylepis racemosa"
Equisetopsida,Lamiales,Orobanchaceae,"Bartsia crisafullii subsp. acutiloba"
Equisetopsida,Solanales,Solanaceae,"Solanum nitidum"
Equisetopsida,Poales,Poaceae,"Nassella depauperata"
Equisetopsida,Asterales,Asteraceae,"Aristeguietia discolor"
Equisetopsida,Asterales,Asteraceae,"Pseudognaphalium viravira"
Equisetopsida,Lamiales,Orobanchaceae,"Bartsia flava subsp. minor"
Equisetopsida,Malvales,Malvaceae,"Nototriche coccinea"
Equisetopsida,Asterales,Asteraceae,"Mutisia cochabambensis"
Equisetopsida,Poales,Juncaceae,"Juncus balticus subsp. andicola"
Equisetopsida,Poales,Juncaceae,"Juncus bufonius"
Equisetopsida,Poales,Poaceae,"Festuca asplundii"
Equisetopsida,Poales,Poaceae,"Nassella brachyphylla"
Equisetopsida,Poales,Cyperaceae,"Oreobolus ecuadorensis"
Equisetopsida,Polypodiales,Dryopteridaceae,"Elaphoglossum mathewsii"
Equisetopsida,Poales,Cyperaceae,"Oreobolus obtusangulus"
Equisetopsida,Polypodiales,Pteridaceae,"Argyrochosma nivea var. tenera"
Equisetopsida,Poales,Cyperaceae,"Oreobolopsis tepalifera"
Equisetopsida,Ranunculales,Berberidaceae,"Berberis jelskiana"
Equisetopsida,Gentianales,Gentianaceae,"Gentianella cerrateae"
Equisetopsida,Ranunculales,Berberidaceae,"Berberis lutea"
Equisetopsida,Asterales,Asteraceae,"Perezia pinnatifida"
Equisetopsida,Asterales,Asteraceae,"Chrysactinium hieracioides"
Equisetopsida,Poales,Poaceae,"Festuca andicola"
Equisetopsida,Poales,Poaceae,"Nassella asplundii"
Equisetopsida,Asterales,Asteraceae,"Perezia coerulescens"
Equisetopsida,Poales,Poaceae,"Festuca quadridentata"
Equisetopsida,Poales,Poaceae,"Festuca loricata"
Equisetopsida,Fabales,Fabaceae,"Lathyrus longipes"
Equisetopsida,Lamiales,Orobanchaceae,"Castilleja virgatoides"
Equisetopsida,Lamiales,Phrymaceae,"Erythranthe glabrata"
Equisetopsida,Apiales,Apiaceae,"Oreomyrrhis andicola"
Equisetopsida,Lamiales,Orobanchaceae,"Castilleja virgata"
Equisetopsida,Poales,Cyperaceae,"Oreobolopsis inversa"
Equisetopsida,Fabales,Fabaceae,"Lathyrus magellanicus"
Equisetopsida,Brassicales,Brassicaceae,"Draba pickeringii"
Equisetopsida,Malvales,Malvaceae,"Nototriche hillii"
Equisetopsida,Poales,Bromeliaceae,"Pitcairnia pungens var. pungens"
Equisetopsida,Asterales,Asteraceae,"Perezia ciliaris"
Equisetopsida,Asterales,Asteraceae,"Senecio algens"
Equisetopsida,Asterales,Asteraceae,"Lucilia kunthiana"
Equisetopsida,Malvales,Malvaceae,"Nototriche obtusa"
Equisetopsida,Caryophyllales,Caryophyllaceae,"Arenaria serpens"
Equisetopsida,Asterales,Asteraceae,"Senecio klattii"
Equisetopsida,Poales,Poaceae,"Piptochaetium panicoides"
Equisetopsida,Poales,Juncaceae,"Juncus cyperoides"
Equisetopsida,Poales,Poaceae,"Deyeuxia swallenii"
Equisetopsida,Malpighiales,Passifloraceae,"Passiflora trifoliata var. trifoliata"
Equisetopsida,Cornales,Loasaceae,"Caiophora cirsiifolia"
Equisetopsida,Caryophyllales,Caryophyllaceae,"Arenaria nitida"
Equisetopsida,Lamiales,Plantaginaceae,"Plantago orbignyana subsp. hartwegii"
Equisetopsida,Poales,Poaceae,"Deschampsia eminens"
Equisetopsida,Asterales,Asteraceae,"Pseudognaphalium dysodes"
Equisetopsida,Cornales,Loasaceae,"Caiophora grandiflora"
Equisetopsida,Polypodiales,Polypodiaceae,"Polypodium chrysolepis"
Equisetopsida,Poales,Poaceae,"Festuca pubigluma"
Equisetopsida,Lamiales,Orobanchaceae,"Castilleja nubigena"
Equisetopsida,Cornales,Loasaceae,"Caiophora sepiaria"
Equisetopsida,Asterales,Asteraceae,"Senecio arachnolomus"
Equisetopsida,Asterales,Asteraceae,"Pseudognaphalium cheiranthifolium"
Equisetopsida,Asterales,Asteraceae,"Pappobolus davidii"
Equisetopsida,Poales,Poaceae,"Eragrostis pilgeriana"
Equisetopsida,Caryophyllales,Caryophyllaceae,"Arenaria jamesoniana"
Equisetopsida,Solanales,Solanaceae,"Solanum oxycoccoides"
Equisetopsida,Lamiales,Orobanchaceae,"Castilleja laciniata"
Equisetopsida,Asterales,Asteraceae,"Senecio calvus"
Equisetopsida,Poales,Poaceae,"Eragrostis pilgeri"
Equisetopsida,Asterales,Asteraceae,"Munnozia lyrata"
Equisetopsida,Poales,Poaceae,"Eragrostis peruviana"
Equisetopsida,Poales,Poaceae,"Eragrostis pastoensis"
Equisetopsida,Asterales,Asteraceae,"Misbrookea strigosissima"
Equisetopsida,Asterales,Asteraceae,"Baccharis sinuata"
Equisetopsida,Poales,Poaceae,"Alopecurus aequalis"
Equisetopsida,Asterales,Asteraceae,"Senecio leucophorbius"
Equisetopsida,Poales,Juncaceae,"Juncus ebracteatus"
Equisetopsida,Lamiales,Calceolariaceae,"Castilleja fissifolia"
Equisetopsida,Lamiales,Scrophulariaceae,"Limosella australis"
Equisetopsida,Malpighiales,Passifloraceae,"Passiflora trifoliata"
Equisetopsida,Caryophyllales,Caryophyllaceae,"Arenaria crassipes"
Equisetopsida,Rosales,Rosaceae,"Polylepis incana"
Equisetopsida,Poales,Poaceae,"Calamagrostis antoniana"
Equisetopsida,Saxifragales,Crassulaceae,"Crassula connata"
Equisetopsida,Asterales,Asteraceae,"Gerbera hieracioides"
Equisetopsida,Poales,Poaceae,"Calamagrostis eminens"
Equisetopsida,Poales,Poaceae,"Calamagrostis fuscata"
Equisetopsida,Polypodiales,Aspleniaceae,"Asplenium fragile"
Equisetopsida,Poales,Poaceae,"Calamagrostis glacialis"
Equisetopsida,Asterales,Asteraceae,"Senecio campanellifer"
Equisetopsida,Poales,Poaceae,"Calamagrostis heterophylla"
Equisetopsida,Poales,Poaceae,"Festuca lasiorachis"
Equisetopsida,Caryophyllales,Nyctaginaceae,"Colignonia parviflora var. acutifolia"
Equisetopsida,Caryophyllales,Amaranthaceae,"Alternanthera macbridei"
Equisetopsida,Poales,Poaceae,"Calamagrostis intermedia"
Equisetopsida,Poales,Poaceae,"Festuca lanatifolia"
Equisetopsida,Rosales,Rosaceae,"Lachemilla vulcanica"
Equisetopsida,Apiales,Apiaceae,"Lilaeopsis macloviana"
Equisetopsida,Poales,Poaceae,"Calamagrostis macbridei"
Equisetopsida,Caryophyllales,Caryophyllaceae,"Pycnophyllum aschersonianum"
Equisetopsida,Poales,Poaceae,"Calamagrostis macrophylla"
Equisetopsida,Poales,Poaceae,"Calamagrostis recta"
Equisetopsida,Lamiales,Orobanchaceae,"Neobartsia stricta"
Equisetopsida,Caryophyllales,Caryophyllaceae,"Arenaria bisulca"
Equisetopsida,Caryophyllales,Nyctaginaceae,"Colignonia weberbaueri"
Equisetopsida,Alismatales,Juncaginaceae,"Lilaea scilloides"
Equisetopsida,Poales,Poaceae,"Calamagrostis rigescens"
Equisetopsida,Poales,Poaceae,"Calamagrostis rigida"
Equisetopsida,Asterales,Asteraceae,"Senecio macrorrhizus"
Equisetopsida,Poales,Poaceae,"Calamagrostis speciformis"
Equisetopsida,Poales,Poaceae,"Calamagrostis spicigera"
Equisetopsida,Poales,Poaceae,"Deschampsia eminens var. discreta"
Equisetopsida,Rosales,Rosaceae,"Rubus plicatus"
Equisetopsida,Poales,Poaceae,"Calamagrostis weberbaueri"
Equisetopsida,Lamiales,Scrophulariaceae,"Alonsoa linearis"
Equisetopsida,Rosales,Rosaceae,"Lachemilla verticillata"
Equisetopsida,Caryophyllales,Montiaceae,"Calandrinia acaulis"
Equisetopsida,Polypodiales,Dryopteridaceae,"Polystichum orbiculatum"
Equisetopsida,Rosales,Rhamnaceae,"Colletia spinosissima"
Equisetopsida,Caryophyllales,Montiaceae,"Calandrinia ciliata"
Equisetopsida,Rosales,Rosaceae,"Lachemilla rivulorum"
Equisetopsida,Gentianales,Gentianaceae,"Gentiana prostrata"
Equisetopsida,Asterales,Asteraceae,"Ophryosporus chilca"
Equisetopsida,Poales,Poaceae,"Aciachne acicularis"
Equisetopsida,Lamiales,Lamiaceae,"Minthostachys mollis"
Equisetopsida,Caryophyllales,Caryophyllaceae,"Spergula arvensis"
Equisetopsida,Asterales,Asteraceae,"Oritrophium hieracioides"
Equisetopsida,Apiales,Apiaceae,"Niphogeton smithii"
Equisetopsida,Asterales,Asteraceae,"Mutisia mathewsii"
Equisetopsida,Rosales,Rosaceae,"Rubus bogotensis"
Equisetopsida,Caryophyllales,Caryophyllaceae,"Stellaria cryptantha"
Equisetopsida,Caryophyllales,Caryophyllaceae,"Paronychia andina"
Equisetopsida,Poales,Juncaceae,"Juncus pallescens"
Equisetopsida,Asterales,Asteraceae,"Oritrophium limnophilum"
Equisetopsida,Ophioglossales,Ophioglossaceae,"Ophioglossum nudicaule"
Equisetopsida,Gentianales,Rubiaceae,"Galium pseudotriflorum"
Equisetopsida,Poales,Poaceae,"Festuca inarticulata"
Equisetopsida,Rosales,Rosaceae,"Lachemilla procumbens"
Equisetopsida,Poales,Poaceae,"Deyeuxia ovata var. nivalis"
Equisetopsida,Asterales,Asteraceae,"Oritrophium peruvianum"
Equisetopsida,Caryophyllales,Caryophyllaceae,"Paronychia communis var. communis"
Equisetopsida,Poales,Poaceae,"Aciachne pulvinata"
Equisetopsida,Ericales,Polemoniaceae,"Gilia laciniata"
Equisetopsida,Polypodiales,Aspleniaceae,"Asplenium polyphyllum"
Equisetopsida,Ophioglossales,Ophioglossaceae,"Ophioglossum crotalophoroides"
Equisetopsida,Rosales,Rosaceae,"Lachemilla pinnata"
Equisetopsida,Poales,Poaceae,"Piptochaetium indutum"
Equisetopsida,Lamiales,Verbenaceae,"Glandularia microphylla"
Equisetopsida,Asterales,Asteraceae,"Pappobolus discolor"
Equisetopsida,Cornales,Loasaceae,"Nasa grandiflora"
Equisetopsida,Lamiales,Orobanchaceae,"Neobartsia santolinifolia"
Equisetopsida,Asterales,Asteraceae,"Senecio mathewsii"
Equisetopsida,Cornales,Loasaceae,"Nasa cymbopetala"
Equisetopsida,Asterales,Campanulaceae,"Lobelia reniformis"
Equisetopsida,Poales,Poaceae,"Deschampsia ovata"
Equisetopsida,Poales,Poaceae,"Cenchrus clandestinus"
Equisetopsida,Lamiales,Calceolariaceae,"Calceolaria arachnoidea subsp. nubigena"
Equisetopsida,Solanales,Solanaceae,"Iochroma calycinum"
Equisetopsida,Marchantiales,Marchantiaceae,"Marchantia polymorpha"
Equisetopsida,Poales,Poaceae,"Festuca humilior"
Equisetopsida,Asterales,Asteraceae,"Senecio melanocalyx"
Equisetopsida,Lamiales,Calceolariaceae,"Calceolaria bicrenata"
Equisetopsida,Asterales,Asteraceae,"Senecio canescens"
Equisetopsida,Caryophyllales,Caryophyllaceae,"Pycnophyllopsis smithii"
Equisetopsida,Lamiales,Calceolariaceae,"Calceolaria cajabambae"
Equisetopsida,Gentianales,Gentianaceae,"Gentianella mesembrianthemoides"
Equisetopsida,Asterales,Asteraceae,"Culcitium nivale"
Equisetopsida,Poales,Poaceae,"Deschampsia parodiana"
Equisetopsida,Asparagales,Asparagaceae,"Echeandia eccremorrhiza"
Equisetopsida,Asterales,Asteraceae,"Perymenium huascaranum"
Equisetopsida,Caryophyllales,Polygonaceae,"Rumex obtusifolius"
Equisetopsida,Caryophyllales,Caryophyllaceae,"Paronychia libertadiana"
Equisetopsida,Brassicales,Brassicaceae,"Descurainia athrocarpa"
Equisetopsida,Lamiales,Calceolariaceae,"Calceolaria deflexa"
Equisetopsida,Geraniales,Geraniaceae,"Hypseocharis pimpinellifolia"
Equisetopsida,Lamiales,Calceolariaceae,"Calceolaria deflexa subsp. deflexa"
Equisetopsida,Caryophyllales,Caryophyllaceae,"Pycnophyllopsis macrophylla"
Equisetopsida,Caryophyllales,Caryophyllaceae,"Paronychia mandoniana"
Equisetopsida,Asterales,Asteraceae,"Senecio chavanilloensis"
Equisetopsida,Asterales,Asteraceae,"Chuquiraga spinosa"
Equisetopsida,Poales,Bromeliaceae,"Pitcairnia acicularis"
Equisetopsida,Gentianales,Gentianaceae,"Gentianella nitida"
Equisetopsida,Saxifragales,Crassulaceae,"Echeveria excelsa"
Equisetopsida,Asterales,Asteraceae,"Ageratina azangaroensis"
Equisetopsida,Lycopodiales,Lycopodiaceae,"Lycopersicon hirsutum"
Equisetopsida,Lamiales,Calceolariaceae,"Calceolaria glauca"
Equisetopsida,Gentianales,Gentianaceae,"Gentianella paludicola"
Equisetopsida,Fabales,Fabaceae,"Dalea weberbaueri"
Equisetopsida,Geraniales,Geraniaceae,"Erodium cicutarium"
Equisetopsida,Asterales,Campanulaceae,"Lobelia oligophylla"
Equisetopsida,Polypodiales,Polypodiaceae,"Pecluma curvans"
Equisetopsida,Lamiales,Calceolariaceae,"Calceolaria inaudita"
Equisetopsida,Lamiales,Calceolariaceae,"Calceolaria incarum"
Equisetopsida,Lamiales,Calceolariaceae,"Calceolaria incarum subsp. incarum"
Equisetopsida,Rosales,Rosaceae,"Lachemilla orbiculata"
Equisetopsida,Asterales,Asteraceae,"Mniodes andina"
Equisetopsida,Lamiales,Calceolariaceae,"Calceolaria laevis"
Equisetopsida,Alismatales,Araceae,"Lemna minuta"
Equisetopsida,Poales,Bromeliaceae,"Puya trianae"
Equisetopsida,Lamiales,Calceolariaceae,"Calceolaria linearis"
Equisetopsida,Lamiales,Calceolariaceae,"Calceolaria lobata"
Equisetopsida,Rosales,Rosaceae,"Polylepis reticulata"
Equisetopsida,Caryophyllales,Caryophyllaceae,"Paronychia muschleri"
Equisetopsida,Polypodiales,Pteridaceae,"Gaga marginata"
Equisetopsida,Rosales,Rosaceae,"Margyricarpus pinnatus"
Equisetopsida,Asterales,Asteraceae,"Senecio minesinus"
Equisetopsida,Malvales,Malvaceae,"Acaulimalva rhizantha"
Equisetopsida,Rosales,Rosaceae,"Lachemilla mandoniana"
Equisetopsida,Caryophyllales,Caryophyllaceae,"Silene genovevae"
Equisetopsida,Caryophyllales,Caryophyllaceae,"Silene mandonii"
Equisetopsida,Lamiales,Calceolariaceae,"Calceolaria nivalis subsp. cerasifolia"
Equisetopsida,Caryophyllales,Caryophyllaceae,"Paronychia weberbaueri"
Equisetopsida,Gentianales,Gentianaceae,"Gentianella poculifera"
Equisetopsida,Caryophyllales,Caryophyllaceae,"Silene thysanodes"
Equisetopsida,Lamiales,Calceolariaceae,"Calceolaria phaceliifolia"
Equisetopsida,Rosales,Rosaceae,"Lachemilla frigida"
Equisetopsida,Poales,Poaceae,"Deyeuxia nitidula"
Equisetopsida,Poales,Bromeliaceae,"Puya reflexiflora"
Equisetopsida,Asterales,Asteraceae,"Senecio modestus"
Equisetopsida,Asterales,Asteraceae,"Dorobaea laciniata"
Equisetopsida,Lamiales,Lamiaceae,"Clinopodium weberbaueri"
Equisetopsida,Lamiales,Lamiaceae,"Clinopodium speciosum"
Equisetopsida,Gentianales,Rubiaceae,"Arcytophyllum thymifolium"
Equisetopsida,Brassicales,Cleomaceae,"Andinocleome lechleri"
Equisetopsida,Poales,Cyperaceae,"Eleocharis albibracteata"
Equisetopsida,Lamiales,Calceolariaceae,"Calceolaria scapiflora"
Equisetopsida,Brassicales,Cleomaceae,"Andinocleome glandulosa"
Equisetopsida,Gentianales,Gentianaceae,"Gentianella radicata"
Equisetopsida,Brassicales,Brassicaceae,"Cremolobus chilensis"
Equisetopsida,Saxifragales,Haloragaceae,"Myriophyllum quitense"
Equisetopsida,Polypodiales,Pteridaceae,"Jamesonia scammaniae"
Equisetopsida,Lamiales,Calceolariaceae,"Calceolaria triloba"
Equisetopsida,Brassicales,Brassicaceae,"Draba depressa"
Equisetopsida,Brassicales,Brassicaceae,"Descurainia myriophylla"
Equisetopsida,Lamiales,Orobanchaceae,"Neobartsia pyricarpa"
Equisetopsida,Polypodiales,Dryopteridaceae,"Elaphoglossum pilosius"
Equisetopsida,Asterales,Asteraceae,"Cuatrecasasiella isernii"
Equisetopsida,Lamiales,Calceolariaceae,"Calceolaria utricularioides"
Equisetopsida,Polypodiales,Athyriaceae,"Athyrium dombeyi"
Equisetopsida,Asterales,Asteraceae,"Senecio comosus"
Equisetopsida,Lamiales,Calceolariaceae,"Calceolaria virgata"
Equisetopsida,Asterales,Asteraceae,"Baccharis macrantha"
Equisetopsida,Lamiales,Calceolariaceae,"Calceolaria viscosa"
Equisetopsida,Dipsacales,Caprifoliaceae,"Stangea erikae"
Equisetopsida,Lamiales,Calceolariaceae,"Calceolaria weberbaueriana"
Equisetopsida,Polypodiales,Polypodiaceae,"Ceradenia mirabilis"
Equisetopsida,Asterales,Asteraceae,"Mniodes aretioides"
Equisetopsida,Malpighiales,Euphorbiaceae,"Chamaesyce melanocarpa"
Equisetopsida,Salviniales,Salviniaceae,"Azolla filiculoides"
Equisetopsida,Rosales,Rosaceae,"Lachemilla erodiifolia"
Equisetopsida,Malvales,Malvaceae,"Nototriche peruviana"
Equisetopsida,Gentianales,Gentianaceae,"Gentianella roseolilacina"
Equisetopsida,Asterales,Campanulaceae,"Lobelia nana"
Equisetopsida,Asterales,Asteraceae,"Senecio condimentarius"
Equisetopsida,Poales,Bromeliaceae,"Puya rauhii"
Equisetopsida,Asterales,Asteraceae,"Antennaria linearifolia"
Equisetopsida,Asterales,Asteraceae,"Baccharis tomentosa"
Equisetopsida,Asterales,Asteraceae,"Aetheolaena campanulata"
Equisetopsida,Poales,Juncaceae,"Juncus subulitepalus"
Equisetopsida,Poales,Juncaceae,"Juncus tenuis var. platycaulos"
Equisetopsida,Caryophyllales,Caryophyllaceae,"Cerastium candicans"
Equisetopsida,Poales,Cyperaceae,"Cyperus seslerioides"
Equisetopsida,Gentianales,Gentianaceae,"Gentianella sanctorum"
Equisetopsida,Polypodiales,Dryopteridaceae,"Elaphoglossum atrosquamatum"
Equisetopsida,Poales,Bromeliaceae,"Puya raimondii"
Equisetopsida,Rosales,Rosaceae,"Polylepis albicans"
Equisetopsida,Poales,Poaceae,"Poa serpaiana"
Equisetopsida,Caryophyllales,Caryophyllaceae,"Stellaria ovata"
Equisetopsida,Lamiales,Orobanchaceae,"Neobartsia pedicularoides"
Equisetopsida,Ephedrales,Ephedraceae,"Ephedra americana"
Equisetopsida,Solanales,Solanaceae,"Solanum albicans"
Equisetopsida,Apiales,Apiaceae,"Niphogeton scabra"
Equisetopsida,Rosales,Rosaceae,"Lachemilla diplophylla"
Equisetopsida,Malvales,Malvaceae,"Acaulimalva richii"
Equisetopsida,Boraginales,Boraginaceae,"Plagiobothrys humilis"
Equisetopsida,Asterales,Asteraceae,"Laennecia artemisiifolia"
Equisetopsida,Lamiales,Plantaginaceae,"Plantago tubulosa"
Equisetopsida,Rosales,Rosaceae,"Lachemilla aphanoides"
Equisetopsida,Asterales,Asteraceae,"Hieracium mandonii"
Equisetopsida,Geraniales,Geraniaceae,"Geranium laxicaule"
Equisetopsida,Geraniales,Geraniaceae,"Geranium pavonianum"
Equisetopsida,Asterales,Asteraceae,"Hieracium mapirense"
Equisetopsida,Asterales,Asteraceae,"Plagiocheilus soliviformis"
Equisetopsida,Asterales,Asteraceae,"Senecio culcitioides"
Equisetopsida,Asparagales,Iridaceae,"Olsynium junceum"
Equisetopsida,Gentianales,Gentianaceae,"Gentianella smithii"
Equisetopsida,Ranunculales,Ranunculaceae,"Ranunculus cymbalaria"
Equisetopsida,Poales,Poaceae,"Hierochloe quebrada"
Equisetopsida,Solanales,Solanaceae,"Solanum dolichocremastrum"
Equisetopsida,Lamiales,Verbenaceae,"Duranta mandonii"
Equisetopsida,Solanales,Solanaceae,"Jaltomata dentata"
Equisetopsida,Poales,Poaceae,"Poa scaberula"
Equisetopsida,Poales,Poaceae,"Hierochloe redolens"
Equisetopsida,Poales,Poaceae,"Festuca subulifolia"
Equisetopsida,Poales,Poaceae,"Deyeuxia boliviensis"
Equisetopsida,Poales,Poaceae,"Festuca setifolia"
Equisetopsida,Poales,Poaceae,"Poa rivas-martinezii"
Equisetopsida,Ephedrales,Ephedraceae,"Ephedra rupestris"
Equisetopsida,Rosales,Rosaceae,"Lachemilla andina"
Equisetopsida,Poales,Poaceae,"Dielsiochloa floribunda"
Equisetopsida,Caryophyllales,Caryophyllaceae,"Cerastium danguyi"
Equisetopsida,Ranunculales,Ranunculaceae,"Ranunculus flagelliformis"
Equisetopsida,Poales,Poaceae,"Cortaderia sericantha"
Equisetopsida,Malvales,Malvaceae,"Acaulimalva weberbaueri"
Equisetopsida,Poales,Cyperaceae,"Bulbostylis juncoides"
Equisetopsida,Poales,Cyperaceae,"Bulbostylis capillaris"
Equisetopsida,Polypodiales,Polypodiaceae,"Grammitis magellanica"
Equisetopsida,Asterales,Asteraceae,"Senecio adenophylloides"
Equisetopsida,Gentianales,Apocynaceae,"Jobinia tarmensis"
Equisetopsida,Poales,Bromeliaceae,"Puya macbridei"
Equisetopsida,Poales,Poaceae,"Poa perligulata"
Equisetopsida,Lamiales,Orobanchaceae,"Neobartsia patens"
Equisetopsida,Alismatales,Hydrocharitaceae,"Elodea potamogeton"
Equisetopsida,Malvales,Malvaceae,"Nototriche argentea"
Equisetopsida,Boraginales,Boraginaceae,"Lithospermum peruvianum"
Equisetopsida,Poales,Cyperaceae,"Cyperus hermaphroditus"
Equisetopsida,Solanales,Solanaceae,"Solanum glutinosum"
Equisetopsida,Ranunculales,Ranunculaceae,"Ranunculus krapfia"
Equisetopsida,Poales,Poaceae,"Cortaderia nitida"
Equisetopsida,Ranunculales,Ranunculaceae,"Ranunculus limoselloides"
Equisetopsida,Lamiales,Scrophulariaceae,"Buddleja incana"
Equisetopsida,Asterales,Asteraceae,"Hypochaeris tenuifolia"
Equisetopsida,Asterales,Asteraceae,"Diplostephium sagasteguii"
Equisetopsida,Asterales,Asteraceae,"Hypochaeris taraxacoides"
Equisetopsida,Malvales,Malvaceae,"Nototriche pinnata"
Equisetopsida,Poales,Cyperaceae,"Isolepis nigricans"
Equisetopsida,Saxifragales,Grossulariaceae,"Ribes weberbaueri"
Equisetopsida,Lamiales,Scrophulariaceae,"Buddleja coriacea"
Equisetopsida,Gentianales,Apocynaceae,"Scyphostelma pichinchense"
Equisetopsida,Asterales,Asteraceae,"Hypochaeris meyeniana"
Equisetopsida,Lamiales,Orobanchaceae,"Neobartsia mutica"
Equisetopsida,Saxifragales,Grossulariaceae,"Ribes viscosum"
Equisetopsida,Saxifragales,Grossulariaceae,"Ribes macrostachyum"
Equisetopsida,Caryophyllales,Caryophyllaceae,"Drymaria stereophylla"
Equisetopsida,Saxifragales,Grossulariaceae,"Ribes cuneifolium"
Equisetopsida,Asterales,Asteraceae,"Leucheria daucifolia"
Equisetopsida,Solanales,Solanaceae,"Solanum rhomboideilanceolatum"
Equisetopsida,Poales,Juncaceae,"Distichia muscoides"
Equisetopsida,Polypodiales,Pteridaceae,"Jamesonia cheilanthoides"
Equisetopsida,Asterales,Asteraceae,"Hypochaeris eriolaena"
Equisetopsida,Asterales,Asteraceae,"Senecio praeruptorum"
Equisetopsida,Asterales,Asteraceae,"Senecio evacoides"
Equisetopsida,Lamiales,Verbenaceae,"Lantana reptans"
Equisetopsida,Geraniales,Geraniaceae,"Geranium sessiliflorum"
Equisetopsida,Asterales,Asteraceae,"Grosvenoria coelocaulis"
Equisetopsida,Rosales,Urticaceae,"Pilea dauciodora"
Equisetopsida,Caryophyllales,Caryophyllaceae,"Cerastium imbricatum"
Equisetopsida,Asterales,Asteraceae,"Chaptalia cordata"
Equisetopsida,Asterales,Asteraceae,"Senecio rauhii"
Equisetopsida,Poales,Poaceae,"Melica scabra"
Equisetopsida,Caryophyllales,Portulacaceae,"Portulaca perennis"
Equisetopsida,Malpighiales,Euphorbiaceae,"Croton erythrochilum"
Equisetopsida,Polypodiales,Pteridaceae,"Adiantum alarconianum"
Equisetopsida,Malpighiales,Euphorbiaceae,"Croton glabelus"
Equisetopsida,Malvales,Malvaceae,"Abutilon pedunculare"
Equisetopsida,Gentianales,Rubiaceae,"Sphinctanthus aurantiacus"
Equisetopsida,Myrtales,Myrtaceae,"Psidium rostratum"
Equisetopsida,Magnoliales,Annonaceae,"Annona muricata"
Equisetopsida,Piperales,Piperaceae,"Piper divulgatum"
Equisetopsida,Malvales,Malvaceae,"Abutilon densiflorum"
Equisetopsida,Fabales,Fabaceae,"Dianthera comata"
Equisetopsida,Lamiales,Verbenaceae,"Duranta erecta"
Equisetopsida,Solanales,Convolvulaceae,"Ipomoea asarifolia"
Equisetopsida,Malvales,Malvaceae,"Eriotheca discolor"
Equisetopsida,Malpighiales,Euphorbiaceae,"Acalypha villosa"
Equisetopsida,Solanales,Convolvulaceae,"Cuscuta paitana"
Equisetopsida,Solanales,Convolvulaceae,"Cuscuta peruviana"
Equisetopsida,Solanales,Convolvulaceae,"Merremia umbellata"
Equisetopsida,Poales,Bromeliaceae,"Pitcairnia pungens var pungens"
Equisetopsida,Rosales,Rhamnaceae,"Scutia spicata"
Equisetopsida,Apiales,Apiaceae,"Eremocharis longiramea"
Equisetopsida,Lamiales,Oleaceae,"Priogymnanthus apertus"
Equisetopsida,Rosales,Moraceae,"Morus celtidifolia"
Equisetopsida,Sapindales,Anacardiaceae,"Loxopterygium grisebachii"
Equisetopsida,Solanales,Solanaceae,"Solanum argenteum"
Equisetopsida,Lamiales,Bignoniaceae,"Anemopaegma puberulum"
Equisetopsida,Lamiales,Bignoniaceae,"Anemopaegma chrysanthum"
Equisetopsida,Poales,Bromeliaceae,"Aechmea pyramidalis"
Equisetopsida,Solanales,Convolvulaceae,"Ipomoea bonariensis"
Equisetopsida,Cucurbitales,Cucurbitaceae,"Momordica charantia"
Equisetopsida,Solanales,Convolvulaceae,"Merremia aegyptia"
Equisetopsida,Gentianales,Apocynaceae,"Prestonia mollis"
Equisetopsida,Solanales,Solanaceae,"Solanum corumbense"
Equisetopsida,Myrtales,Onagraceae,"Ludwigia peploides"
Equisetopsida,Fabales,Fabaceae,"Albizia multiflora"
Equisetopsida,Gentianales,Rubiaceae,"Faramea vasquezii"
Equisetopsida,Cucurbitales,Cucurbitaceae,"Luffa operculata"
Equisetopsida,Lamiales,Verbenaceae,"Lantana horrida subsp. tiliifolia"
Equisetopsida,Lamiales,Verbenaceae,"Lantana scabiosaeflora var. hirsuta"
Equisetopsida,Asterales,Asteraceae,"Spilanthes leiocarpa"
Equisetopsida,Fabales,Fabaceae,"Parkinsonia aculeata"
Equisetopsida,Ericales,Sapotaceae,"Pradosia mutisii"
Equisetopsida,Lamiales,Gesneriaceae,"Columnea isernii"
Equisetopsida,Ericales,Sapotaceae,"Pradosia montana"
Equisetopsida,Rosales,Urticaceae,"Pouzolzia occidentalis var. occidentalis"
Equisetopsida,Lamiales,Gesneriaceae,"Columnea spathulata"
Equisetopsida,Malvales,Malvaceae,"Fuertesimalva macrocarpa"
Equisetopsida,Fabales,Fabaceae,"Inga sapindoides"
Equisetopsida,Solanales,Convolvulaceae,"Ipomoea corymbosa"
Equisetopsida,Solanales,Solanaceae,"Solanum laevigatum"
Equisetopsida,Malpighiales,Euphorbiaceae,"Croton schiedeanus"
Equisetopsida,Solanales,Solanaceae,"Solanum leptorhachis"
Equisetopsida,Solanales,Solanaceae,"Solanum leucocarpon"
Equisetopsida,Poales,Poaceae,"Lasiacis procerrima"
Equisetopsida,Ericales,Sapotaceae,"Pouteria nemorosa"
Equisetopsida,Poales,Poaceae,"Lasiacis ruscifolia"
Equisetopsida,Ericales,Sapotaceae,"Planchonella obovata"
Equisetopsida,Asterales,Asteraceae,"Condylidium iresinoides"
Equisetopsida,Sapindales,Sapindaceae,"Paullinia fuscescens"
Equisetopsida,Lamiales,Acanthaceae,"Dicliptera peruviana"
Equisetopsida,Ericales,Sapotaceae,"Pouteria fimbriata"
Equisetopsida,Fabales,Fabaceae,"Piscidia carthagenensis"
Equisetopsida,Sapindales,Sapindaceae,"Paullinia pterocarpa"
Equisetopsida,Fabales,Fabaceae,"Centrosema macrocarpum"
Equisetopsida,Asterales,Asteraceae,"Pseudogynoxys filicalyculata"
Equisetopsida,Fabales,Fabaceae,"Centrosema sagittatum"
Equisetopsida,Sapindales,Sapindaceae,"Paullinia tumbesensis"
Equisetopsida,Solanales,Solanaceae,"Lycianthes cyathocalyx"
Equisetopsida,Celastrales,Celastraceae,"Maytenus orbicularis"
Equisetopsida,Fabales,Polygalaceae,"Monnina pterocarpa"
Equisetopsida,Santalales,Balanophoraceae,"Helosis cayanensis"
Equisetopsida,Boraginales,Heliotropiaceae,"Heliotropium rufipilum"
Equisetopsida,Cucurbitales,Cucurbitaceae,"Sicyos baderoa"
Equisetopsida,Malvales,Malvaceae,"Sida acuta"
Equisetopsida,Boraginales,Heliotropiaceae,"Heliotropium ferreyrae"
Equisetopsida,Malvales,Malvaceae,"Sida ciliaris"
Equisetopsida,Solanales,Convolvulaceae,"Ipomoea incarnata"
Equisetopsida,Gentianales,Apocynaceae,"Ruehssia macrophylla"
Equisetopsida,Malvales,Malvaceae,"Sida jussiaeana"
Equisetopsida,Solanales,Solanaceae,"Solanum pachyandrum"
Equisetopsida,Lamiales,Acanthaceae,"Ruellia blechum"
Equisetopsida,Malvales,Malvaceae,"Sida palmata"
Equisetopsida,Ericales,Sapotaceae,"Chrysophyllum cuneifolium"
Equisetopsida,Ericales,Sapotaceae,"Chrysophyllum lucentifolium"
Equisetopsida,Ericales,Sapotaceae,"Chrysophyllum lucentifolium subsp. pachycarpum"
Equisetopsida,Poales,Poaceae,"Oplismenus burmanni"
Equisetopsida,Lamiales,Acanthaceae,"Ruellia ruiziana"
Equisetopsida,Lamiales,Acanthaceae,"Ruellia simplex"
Equisetopsida,Cucurbitales,Cucurbitaceae,"Cyclanthera pedata"
Equisetopsida,Cucurbitales,Cucurbitaceae,"Cyclanthera tamnifolia"
Equisetopsida,Malpighiales,Malpighiaceae,"Mascagnia cericans"
Equisetopsida,Malvales,Malvaceae,"Sida salviifolia"
Equisetopsida,Lamiales,Bignoniaceae,"Fridericia pubescens"
Equisetopsida,Solanales,Solanaceae,"Lycium americanum"
Equisetopsida,Malvales,Malvaceae,"Sida weberbaueri"
Equisetopsida,Poales,Bromeliaceae,"Lemeltonia narthecioides"
Equisetopsida,Sapindales,Rutaceae,"Amyris pinnata"
Equisetopsida,Malpighiales,Malpighiaceae,"Mascagnia schunkei"
Equisetopsida,Poales,Cyperaceae,"Eleocharis acicularis"
Equisetopsida,Gentianales,Rubiaceae,"Simira ecuadorensis"
Equisetopsida,Asterales,Asteraceae,"Pectis multiflosculosa"
Equisetopsida,Caryophyllales,Polygonaceae,"Ruprechtia peruviana"
Equisetopsida,Caryophyllales,Polygonaceae,"Ruprechtia tenuiflora"
Equisetopsida,Gentianales,Rubiaceae,"Simira williamsii"
Equisetopsida,Asterales,Asteraceae,"Simsia dombeyana"
Equisetopsida,Fabales,Fabaceae,"Pterocarpus rohrii"
Equisetopsida,Lamiales,Bignoniaceae,"Amphilophium ecuadorense"
Equisetopsida,Malpighiales,Malpighiaceae,"Bunchosia plowmanii"
Equisetopsida,Caryophyllales,Nyctaginaceae,"Cryptocarpus pyriformis"
Equisetopsida,Lamiales,Gesneriaceae,"Drymonia ecuadorensis"
Equisetopsida,Caryophyllales,Nyctaginaceae,"Pisonia ambigua"
Equisetopsida,Fabales,Fabaceae,"Pterocarpus amazonum"
Equisetopsida,Caryophyllales,Nyctaginaceae,"Pisonia macranthocarpa"
Equisetopsida,Rosales,Ulmaceae,"Ampelocera macphersonii"
Equisetopsida,Caryophyllales,Petiveriaceae,"Hilleria latifolia"
Equisetopsida,Caryophyllales,Petiveriaceae,"Hilleria secunda"
Equisetopsida,Fabales,Fabaceae,"Calliandra tumbeziana"
Equisetopsida,Malvales,Malvaceae,"Callianthe geminiflora"
Equisetopsida,Celastrales,Celastraceae,"Hippocratea volubilis"
Equisetopsida,Gentianales,Apocynaceae,"Forsteronia tarapotensis"
Equisetopsida,Gentianales,Apocynaceae,"Forsteronia subcordata"
Equisetopsida,Fabales,Polygalaceae,"Hebecarpa platycarpa"
Equisetopsida,Caryophyllales,Amaranthaceae,"Hebanthe eriantha"
Equisetopsida,Hypnales,Meteoriaceae,"Meteorium nigrescens"
Equisetopsida,Commelinales,Commelinaceae,"Callisia monandra"
Equisetopsida,Fabales,Fabaceae,"Rhynchosia edulis"
Equisetopsida,Fabales,Fabaceae,"Rhynchosia calycosa"
Equisetopsida,Poales,Cyperaceae,"Cyperus compressus"
Equisetopsida,Brassicales,Capparaceae,"Morisonia heterophylla"
Equisetopsida,Fabales,Fabaceae,"Mimosa pigra"
Equisetopsida,Fabales,Fabaceae,"Justicia carthaginensis"
Equisetopsida,Rosales,Urticaceae,"Phenax rugosus"
Equisetopsida,Malpighiales,Malpighiaceae,"Niedenzuella stannea"
Equisetopsida,Solanales,Solanaceae,"Brugmansia x candida"
Equisetopsida,Lamiales,Bignoniaceae,"Handroanthus ochraceus"
Equisetopsida,Caryophyllales,Nyctaginaceae,"Mirabilis intercedens"
Equisetopsida,Apiales,Araliaceae,"Aralia soratensis"
Equisetopsida,Apiales,Araliaceae,"Aralia excelsa"
Equisetopsida,Rosales,Rosaceae,"Prunus subcorymbosa"
Equisetopsida,Lamiales,Bignoniaceae,"Handroanthus billbergii subsp. Ampla"
Equisetopsida,Malpighiales,Euphorbiaceae,"Sebastiania schottiana"
Equisetopsida,Dioscoreales,Dioscoreaceae,"Dioscorea chancayensis"
Equisetopsida,Caryophyllales,Amaranthaceae,"Pleuropetalum sprucei"
Equisetopsida,Brassicales,Capparaceae,"Morisonia frondosa"
Equisetopsida,Lamiales,Lamiaceae,"Mesosphaerum pilosum"
Equisetopsida,Fabales,Fabaceae,"Machaerium millei"
Equisetopsida,Lamiales,Bignoniaceae,"Crescentia amazonica"
Equisetopsida,Caryophyllales,Amaranthaceae,"Pleuropetalum pleiogynum"
Equisetopsida,Malpighiales,Euphorbiaceae,"Euphorbia spruceana"
Equisetopsida,Cucurbitales,Cucurbitaceae,"Apodanthera biflora"
Equisetopsida,Poales,Poaceae,"Megathyrsus maximus"
Equisetopsida,Vitales,Vitaceae,"Cissus alata"
Equisetopsida,Dioscoreales,Dioscoreaceae,"Dioscorea gentryi"
Equisetopsida,Malpighiales,Euphorbiaceae,"Acalypha cuspidata"
Equisetopsida,Malpighiales,Euphorbiaceae,"Euphorbia cotinifolia"
Equisetopsida,Lamiales,Cordiaceae,"Cordia alliodora"
Equisetopsida,Oxalidales,Oxalidaceae,"Oxalis mathewsii"
Equisetopsida,Cornales,Loasaceae,"Klaprothia fasciculata"
Equisetopsida,Solanales,Solanaceae,"Nicandra physalodes"
Equisetopsida,Celastrales,Celastraceae,"Cheiloclinium hippocrateoides"
Equisetopsida,Vitales,Vitaceae,"Cissus microcarpa"
Equisetopsida,Fabales,Fabaceae,"Senegalia riparia"
Equisetopsida,Fabales,Fabaceae,"Senna atomaria"
Equisetopsida,Myrtales,Melastomataceae,"Mouriri myrtilloides"
Equisetopsida,Malvales,Malvaceae,"Briquetia spicata"
Equisetopsida,Lamiales,Cordiaceae,"Cordia eriostigma"
Equisetopsida,Laurales,Lauraceae,"Ocotea piurensis"
Equisetopsida,Lamiales,Acanthaceae,"Aphelandra pulcherrima"
Equisetopsida,Commelinales,Commelinaceae,"Floscopa elegans"
Equisetopsida,Solanales,Solanaceae,"Solanum wendlandii"
Equisetopsida,Lamiales,Acanthaceae,"Aphelandra glabrata"
Equisetopsida,Solanales,Convolvulaceae,"Ipomoea ophiodes"
Equisetopsida,Caryophyllales,Phytolaccaceae,"Seguieria aculeata"
Equisetopsida,Santalales,Opiliaceae,"Agonandra excelsa"
Equisetopsida,Lamiales,Acanthaceae,"Aphelandra attenuata"
Equisetopsida,Fabales,Fabaceae,"Senna mollissima"
Equisetopsida,Celastrales,Celastraceae,"Gymnosporia emarginata"
Equisetopsida,Asterales,Asteraceae,"Flaveria bidentis"
Equisetopsida,Lamiales,Verbenaceae,"Citharexylum quitense"
Equisetopsida,Lamiales,Verbenaceae,"Citharexylum svensonii"
Equisetopsida,Fabales,Fabaceae,"Senna mollissima var. mollissima"
Equisetopsida,Caryophyllales,Nyctaginaceae,"Mirabilis prostrata"
Equisetopsida,Solanales,Convolvulaceae,"Ipomoea parasitica"
Equisetopsida,Poales,Bromeliaceae,"Guzmania sanguinea"
Equisetopsida,Solanales,Convolvulaceae,"Ipomoea pauciflora"
Equisetopsida,Poales,Bromeliaceae,"Guzmania monostachia"
Equisetopsida,Fabales,Fabaceae,"Senna pistaciifolia var. picta"
Equisetopsida,Caryophyllales,Phytolaccaceae,"Seguieria americana"
Equisetopsida,Solanales,Solanaceae,"Iochroma arborescens"
Equisetopsida,Piperales,Piperaceae,"Peperomia fraseri"
Equisetopsida,Poales,Poaceae,"Leptochloa anisopoda"
Equisetopsida,Lamiales,Cordiaceae,"Cordia panamensis"
Equisetopsida,Sapindales,Meliaceae,"Cedrela molinensis"
Equisetopsida,Fabales,Fabaceae,"Macroptilium campestre"
Equisetopsida,Piperales,Piperaceae,"Peperomia glabella"
Equisetopsida,Gentianales,Rubiaceae,"Guettarda foliacea"
Equisetopsida,Fabales,Fabaceae,"Mimosa debilis var. Aequatoriana"
Equisetopsida,Dioscoreales,Dioscoreaceae,"Dioscorea moyobambensis"
Equisetopsida,Rosales,Moraceae,"Ficus vittata"
Equisetopsida,Malvales,Malvaceae,"Pachira trinitensis"
Equisetopsida,Poales,Poaceae,"Bouteloua curtipendula"
Equisetopsida,Poales,Poaceae,"Bouteloua aristidoides"
Equisetopsida,Fabales,Fabaceae,"Poiretia punctata"
Equisetopsida,Malpighiales,Malpighiaceae,"Alicia macrodisca"
Equisetopsida,Sapindales,Sapindaceae,"Serjania ampelopsis"
Equisetopsida,Ericales,Primulaceae,"Clavija euerganea"
Equisetopsida,Caryophyllales,Nyctaginaceae,"Mirabilis violacea"
Equisetopsida,Ericales,Primulaceae,"Bonellia sprucei"
Equisetopsida,Malvales,Malvaceae,"Bombax ceiba"
Equisetopsida,Lamiales,Acanthaceae,"Poikilacanthus harlingii"
Equisetopsida,Malpighiales,Euphorbiaceae,"Acalypha setosa"
Equisetopsida,Solanales,Solanaceae,"Capsicum hookerianum"
Equisetopsida,Liliales,Alstroemeriaceae,"Bomarea obovata"
Equisetopsida,Santalales,Santalaceae,"Phoradendron quadrangulare"
Equisetopsida,Gentianales,Rubiaceae,"Eumachia microdon"
Equisetopsida,Solanales,Convolvulaceae,"Ipomoea purpurea"
Equisetopsida,Hypnales,Stereophyllaceae,"Stereophyllum radiculosum"
Equisetopsida,Rosales,Moraceae,"Ficus sarmentosa"
Equisetopsida,Sapindales,Sapindaceae,"Serjania longipes"
Equisetopsida,Brassicales,Cleomaceae,"Cleome chilensis"
Equisetopsida,Solanales,Solanaceae,"Datura innoxia"
Equisetopsida,Sapindales,Sapindaceae,"Cardiospermum halicacabum"
Equisetopsida,Alismatales,Araceae,"Anthurium tumbasense"
Equisetopsida,Brassicales,Cleomaceae,"Cleome pilosa"
Equisetopsida,Caryophyllales,Amaranthaceae,"Amaranthus dubius"
Equisetopsida,Myrtales,Melastomataceae,"Miconia laevigata"
Equisetopsida,Gentianales,Rubiaceae,"Psychotria horizontalis"
Equisetopsida,Alismatales,Araceae,"Anthurium simpsonii"
Equisetopsida,Rosales,Moraceae,"Sorocea sprucei subsp. Sprucei"
Equisetopsida,Asterales,Asteraceae,"Critoniopsis woytkowskii"
Equisetopsida,Alismatales,Araceae,"Anthurium pohlianum"
Equisetopsida,Fabales,Fabaceae,"Ctenodon tumbezensis"
Equisetopsida,Caryophyllales,Achatocarpaceae,"Achatocarpus pubescens"
Equisetopsida,Sapindales,Sapindaceae,"Serjania mucronulata"
Equisetopsida,Alismatales,Araceae,"Anthurium obtusum subsp. obtusum"
Equisetopsida,Solanales,Convolvulaceae,"Ipomoea setosa"
Equisetopsida,Piperales,Piperaceae,"Peperomia strawii"
Equisetopsida,Gentianales,Rubiaceae,"Randia armata var. Armata"
Equisetopsida,Asparagales,Amaryllidaceae,"Clinanthus flammidus"
Equisetopsida,Solanales,Convolvulaceae,"Ipomoea tiliacea"
Equisetopsida,Malvales,Malvaceae,"Ayenia pusilla"
Equisetopsida,Rosales,Ulmaceae,"Celtis schippii"
Equisetopsida,Cucurbitales,Cucurbitaceae,"Cucumis anguria"
Equisetopsida,Rosales,Moraceae,"Sorocea trophoides"
Equisetopsida,Malvales,Malvaceae,"Melochia lupulina"
Equisetopsida,Salicales,Salicaceae,"Casearia obovalis"
Equisetopsida,Caryophyllales,Plumbaginaceae,"Plumbago zeylanica"
Equisetopsida,Lamiales,Bignoniaceae,"Bignonia longiflora"
Equisetopsida,Lamiales,Bignoniaceae,"Bignonia decora"
Equisetopsida,Myrtales,Myrtaceae,"Myrcia platyclada"
Equisetopsida,Caryophyllales,Amaranthaceae,"Alternanthera villosa"
Equisetopsida,Caryophyllales,Phytolaccaceae,"Gallesia integrifolia"
Equisetopsida,Malpighiales,Malpighiaceae,"Malpighia glabra"
Equisetopsida,Caryophyllales,Amaranthaceae,"Achyranthes aspera"
Equisetopsida,Caryophyllales,Amaranthaceae,"Alternanthera publiflora"
Equisetopsida,Malpighiales,Passifloraceae,"Passiflora sanguinolenta"
Equisetopsida,Malvales,Malvaceae,"Malvaviscus arboreus"
Equisetopsida,Myrtales,Myrtaceae,"Myrcianthes rhopaloides"
Equisetopsida,Poales,Cyperaceae,"Cyperus thyrsiflorus"
Equisetopsida,Malpighiales,Passifloraceae,"Passiflora suberosa"
Equisetopsida,Caryophyllales,Amaranthaceae,"Alternanthera peruviana"
Equisetopsida,Malpighiales,Passifloraceae,"Passiflora tenella"
Equisetopsida,Malvales,Malvaceae,"Ayenia corchorifolia"
Equisetopsida,Malvales,Malvaceae,"Ayenia catalpifolia"
Equisetopsida,Caryophyllales,Amaranthaceae,"Alternanthera halimifolia"
Equisetopsida,Caryophyllales,Amaranthaceae,"Alternanthera flavescens"
Equisetopsida,Celastrales,Celastraceae,"Schaefferia serrata"
Equisetopsida,Malpighiales,Phyllanthaceae,"Phyllanthus anisolobus"
Equisetopsida,Caryophyllales,Amaranthaceae,"Iresine angustifolia"
Equisetopsida,Celastrales,Celastraceae,"Maytenus durifolia"
Equisetopsida,Malpighiales,Euphorbiaceae,"Dalechampia scandens"
Equisetopsida,Santalales,Loranthaceae,"Peristethium leptostachyum"
Equisetopsida,Sapindales,Rutaceae,"Esenbeckia warscewiczii"
Equisetopsida,Alismatales,Araceae,"Anthurium barclayanum"
Equisetopsida,Ericales,Polemoniaceae,"Cobaea flava"
Equisetopsida,Ericales,Polemoniaceae,"Cobaea gentryana"
Equisetopsida,Hypnodendrales,Racopilaceae,"Racopilum tomentosum"
Equisetopsida,Cucurbitales,Begoniaceae,"Begonia serotina"
Equisetopsida,Alismatales,Araceae,"Anthurium balaoanum"
Equisetopsida,Fabales,Fabaceae,"Crotalaria pumila"
Equisetopsida,Piperales,Piperaceae,"Piper marginatum"
Equisetopsida,Poales,Bromeliaceae,"Racinaea multiflora var. tomensis"
Equisetopsida,Malpighiales,Phyllanthaceae,"Phyllanthus rupestris"
Equisetopsida,Santalales,Santalaceae,"Acanthosyris glabrata"
Equisetopsida,Asterales,Asteraceae,"Acanthospermum microcarpum"
Equisetopsida,Poales,Poaceae,"Chloris virgata"
Equisetopsida,Caryophyllales,Polygonaceae,"Coccoloba obovata"
Equisetopsida,Fabales,Fabaceae,"Bauhinia aculeata subsp. grandiflora"
Equisetopsida,Gentianales,Rubiaceae,"Alseis eggersii"
Equisetopsida,Caryophyllales,Polygonaceae,"Coccoloba padiformis"
Equisetopsida,Rosales,Urticaceae,"Pilea pubescens"
Equisetopsida,Rosales,Moraceae,"Ficus celtidifolia"
Equisetopsida,Malpighiales,Euphorbiaceae,"Croton beetlei"
Equisetopsida,Liliales,Smilacaceae,"Smilax obliquata"
Equisetopsida,Sapindales,Sapindaceae,"Cupania latifolia"
Equisetopsida,Santalales,Loranthaceae,"Psittacanthus divaricatus"
Equisetopsida,Malpighiales,Euphorbiaceae,"Croton churumayensis"
Equisetopsida,Malvales,Malvaceae,"Cavanillesia platanifolia"
Equisetopsida,Lamiales,Acanthaceae,"Dyschoriste repens"
Equisetopsida,Malpighiales,Euphorbiaceae,"Croton corylifolius"
Equisetopsida,Lamiales,Acanthaceae,"Dyschoriste ciliata"
Equisetopsida,Salicales,Salicaceae,"Prockia pentamera"
Equisetopsida,Malpighiales,Erythroxylaceae,"Erythroxylum pacificum"
Equisetopsida,Caryophyllales,Phytolaccaceae,"Phytolacca weberbaueri"
Equisetopsida,Polypodiales,Polypodiaceae,"Serpocaulon meniscifolium"
Equisetopsida,Malpighiales,Erythroxylaceae,"Erythroxylum glaucum"
Equisetopsida,Rosales,Moraceae,"Ficus aripuanensis"
Equisetopsida,Lamiales,Bignoniaceae,"Mansoa alliacea"
Equisetopsida,Malpighiales,Erythroxylaceae,"Erythroxylum acuminatum"
Equisetopsida,Malvales,Malvaceae,"Anona montana"
Equisetopsida,Solanales,Convolvulaceae,"Jacquemontia nodiflora"
Equisetopsida,Santalales,Loranthaceae,"Psittacanthus chanduyensis"
Equisetopsida,Malvales,Malvaceae,"Abutilon reflexum"
Equisetopsida,Myrtales,Lythraceae,"Cuphea strigulosa"
Equisetopsida,Malpighiales,Oleaceae,"Schrebera americana"
Equisetopsida,Caryophyllales,Polygonaceae,"Persicaria hydropiperoides"
Equisetopsida,Sapindales,Rutaceae,"Erythrochiton odontoglossus"
Equisetopsida,Celastrales,Celastraceae,"Pristimera tenuiflora"
Equisetopsida,Celastrales,Celastraceae,"Pristimera nervosa"
Equisetopsida,Celastrales,Celastraceae,"Pristimera celastroides"
Equisetopsida,Fabales,Fabaceae,"Coursetia tumbezensis"
Equisetopsida,Asterales,Asteraceae,"Baltimora geminata"
Equisetopsida,Rosales,Urticaceae,"Cecropia garciae"
Equisetopsida,Caryophyllales,Petiveriaceae,"Petiveria alliacea"
Equisetopsida,Fabales,Fabaceae,"Inga stenoptera"
Equisetopsida,Fabales,Fabaceae,"Erythrina velutina"
Equisetopsida,Gentianales,Apocynaceae,"Aspidosperma megalocarpon subsp. Curranii"
Equisetopsida,Fabales,Fabaceae,"Inga ornata"
Equisetopsida,Fabales,Fabaceae,"Lonchocarpus atropurpureus"
Equisetopsida,Fabales,Fabaceae,"Lonchocarpus nitidus"
Equisetopsida,Sapindales,Rutaceae,"Toxosiphon carinatus"
Equisetopsida,Sapindales,Meliaceae,"Trichilia moschata subsp. Moschata"
Equisetopsida,Brassicales,Tropaeolaceae,"Tropaeolum fintelmannii"
Equisetopsida,Sapindales,Meliaceae,"Trichilia tuberculata"
Equisetopsida,Fabales,Fabaceae,"Vachellia aroma"
Equisetopsida,Alismatales,Araceae,"Xanthosoma brevispathaceum"
Equisetopsida,Alismatales,Araceae,"Xanthosoma diazii"
Equisetopsida,Ericales,Primulaceae,"Stylogyne longifolia"
Equisetopsida,Alismatales,Araceae,"Xanthosoma helleborifolium"
Equisetopsida,Gentianales,Apocynaceae,"Vallesia glabra"
Equisetopsida,Salicales,Salicaceae,"Xylosma benthamii"
Equisetopsida,Cycadales,Zamiaceae,"Zamia lindenii"
Equisetopsida,Hypnales,Meteoriaceae,"Zelometeorium patulum"
Equisetopsida,Sapindales,Rutaceae,"Toxosiphon macropodus"
Equisetopsida,Boraginales,Heliotropiaceae,"Tournefortia ternifolia"
Equisetopsida,Lamiales,Cordiaceae,"Varronia curassavica"
Equisetopsida,Caryophyllales,Polygonaceae,"Triplaris cumingiana"
Equisetopsida,Asterales,Asteraceae,"Verbesina lopez-mirandae"
Equisetopsida,Asterales,Asteraceae,"Verbesina macbridei"
Equisetopsida,Fabales,Fabaceae,"Zapoteca caracasana subsp. weberbaueri"
Equisetopsida,Fabales,Fabaceae,"Vigna vexillata"
Equisetopsida,Sapindales,Meliaceae,"Trichilia maynasiana subsp. Maynasiana"
Equisetopsida,Sapindales,Rutaceae,"Zanthoxylum rigidum"
Equisetopsida,Malvales,Malvaceae,"Triumfetta semitriloba"
Equisetopsida,Gentianales,Apocynaceae,"Tabernaemontana glabra"
Equisetopsida,Santalales,Ximeniaceae,"Ximenia americana"
Equisetopsida,Malvales,Malvaceae,"Wissadula divergens"
Equisetopsida,Lamiales,Acanthaceae,"Trichanthera gigantea"
Equisetopsida,Ericales,Primulaceae,"Stylogyne turbacensis"
Equisetopsida,Sapindales,Rutaceae,"Zanthoxylum caribaeum"
Equisetopsida,Poales,Bromeliaceae,"Tillandsia disticha"
Equisetopsida,Lamiales,Lamiaceae,"Vitex gigantea"
Equisetopsida,Malpighiales,Malpighiaceae,"Stigmaphyllon ellipticum"
Equisetopsida,Boraginales,Heliotropiaceae,"Tournefortia bicolor"
Equisetopsida,Sapindales,Meliaceae,"Trichilia catigua"
Equisetopsida,Ericales,Ericaceae,"Vaccinium continuum"
Equisetopsida,Ericales,Styracaceae,"Styrax cordatus"
Equisetopsida,Ericales,Symplocaceae,"Symplocos patazensis"
Equisetopsida,Ericales,Symplocaceae,"Symplocos incahuasensis"
Equisetopsida,Ericales,Symplocaceae,"Symplocos scabra"
Equisetopsida,Buxales,Buxaceae,"Styloceras columnare"
Equisetopsida,Hymenophyllales,Hymenophyllaceae,"Trichomanes hymenoides"
Equisetopsida,Hymenophyllales,Hymenophyllaceae,"Trichomanes pyxidiferum"
Equisetopsida,Ericales,Symplocaceae,"Symplocos andicola"
Equisetopsida,Poales,Poaceae,"Triniochloa stipoides"
Equisetopsida,Poales,Bromeliaceae,"Tillandsia bakeri"
Equisetopsida,Polypodiales,Polypodiaceae,"Terpsichore anfractuosa"
Equisetopsida,Polypodiales,Polypodiaceae,"Terpsichore asplenifolia"
Equisetopsida,Polypodiales,Polypodiaceae,"Terpsichore athyrioides"
Equisetopsida,Polypodiales,Polypodiaceae,"Terpsichore cultrata"
Equisetopsida,Polypodiales,Polypodiaceae,"Terpsichore leucosticta"
Equisetopsida,Polypodiales,Polypodiaceae,"Terpsichore semihirsuta"
Equisetopsida,Polypodiales,Polypodiaceae,"Terpsichore taxifolia"
Equisetopsida,Polypodiales,Polypodiaceae,"Vittaria lineata"
Equisetopsida,Malvales,Malvaceae,"Tetrasida weberbaueri"
Equisetopsida,Ericales,Ericaceae,"Thibaudia floribunda"
Equisetopsida,Polypodiales,Polypodiaceae,"Zygophlebia mathewsii"
Equisetopsida,Gentianales,Rubiaceae,"Uncaria tomentosa"
Equisetopsida,Polypodiales,Thelypteridaceae,"Thelypteris pusilla"
Equisetopsida,Polypodiales,Thelypteridaceae,"Thelypteris pteroidea"
Equisetopsida,Brassicales,Caricaceae,"Vasconcellea weberbaueri"
Equisetopsida,Polypodiales,Thelypteridaceae,"Thelypteris pilosula"
Equisetopsida,Polypodiales,Thelypteridaceae,"Thelypteris nitens"
Equisetopsida,Polypodiales,Thelypteridaceae,"Thelypteris longipilosa"
Equisetopsida,Polypodiales,Thelypteridaceae,"Thelypteris leoniae"
Equisetopsida,Polypodiales,Thelypteridaceae,"Thelypteris furva"
Equisetopsida,Polypodiales,Thelypteridaceae,"Thelypteris deflexa"
Equisetopsida,Hymenophyllales,Hymenophyllaceae,"Vandenboschia radicans"
Equisetopsida,Boraginales,Heliotropiaceae,"Tournefortia tarmensis"
Equisetopsida,Poales,Xyridaceae,"Xyris subulata var. breviscapa"
Equisetopsida,Dipsacales,Caprifoliaceae,"Valeriana rigida var. tenuifolia"
Equisetopsida,Dipsacales,Caprifoliaceae,"Valeriana pavonii"
Equisetopsida,Dipsacales,Caprifoliaceae,"Valeriana microphylla"
Equisetopsida,Ericales,Primulaceae,"Geissanthus ambigua"
Equisetopsida,Saxifragales,Grossulariaceae,"Ribes incertum"
Equisetopsida,Poales,Poaceae,"Cortaderia jubata"
Equisetopsida,Lamiales,Phrymaceae,"Leucocarpus perfoliatus"
Equisetopsida,Rosales,Urticaceae,"Boehmeria aspera"
Equisetopsida,Ranunculales,Ranunculaceae,"Ranunculus nubigenus"
Equisetopsida,Polypodiales,Polypodiaceae,"Grammitis paramicola"
Equisetopsida,Lycopodiales,Lycopodiaceae,"Phlegmariurus sellifolius"
Equisetopsida,Lycopodiales,Lycopodiaceae,"Phlegmariurus sarmentosus"
Equisetopsida,Ranunculales,Ranunculaceae,"Laccopetalum giganteum"
Equisetopsida,Ranunculales,Ranunculaceae,"Ranunculus gusmannii"
Equisetopsida,Cyatheales,Cyatheaceae,"Cyathea cystolepis var. leonis"
Equisetopsida,Isoetales,Isoetaceae,"Isolepis nigricans"
Equisetopsida,Alismatales,Araceae,"Anthurium oxybelium"
Equisetopsida,Polypodiales,Dryopteridaceae,"Elaphoglossum pumilio"
Equisetopsida,Asterales,Asteraceae,"Dorobaea callacallensis"
Equisetopsida,Rosales,Urticaceae,"Cecropia albicans"
Equisetopsida,Ericales,Ericaceae,"Gaultheria megalodonta"
Equisetopsida,Polypodiales,Aspleniaceae,"Asplenium sessilifolium"
Equisetopsida,Ranunculales,Ranunculaceae,"Ranunculus aquatilis"
Equisetopsida,Apiales,Araliaceae,"Sciodaphyllum monzonense"
Equisetopsida,Polypodiales,Dryopteridaceae,"Elaphoglossum albescens"
Equisetopsida,Polypodiales,Dryopteridaceae,"Elaphoglossum amplum"
Equisetopsida,Rosales,Urticaceae,"Pilea pulegifolia"
Equisetopsida,Malpighiales,Passifloraceae,"Passiflora parvifolia"
Equisetopsida,Poales,Poaceae,"Festuca distichovaginata"
Equisetopsida,Polypodiales,Pteridaceae,"Eriosorus accrescens"
Equisetopsida,Poales,Eriocaulaceae,"Paepalanthus pilosus var. leoniae"
Equisetopsida,Poales,Poaceae,"Festuca tarmensis"
Equisetopsida,Polypodiales,Dryopteridaceae,"Elaphoglossum barbatum"
Equisetopsida,Ericales,Primulaceae,"Cybianthus lactus"
Equisetopsida,Polypodiales,Grammitidaceae,"Ceradenia tryonorum"
Equisetopsida,Polypodiales,Dryopteridaceae,"Elaphoglossum melancholicum"
Equisetopsida,Celastrales,Celastraceae,"Monteverdia apurimacensis"
Equisetopsida,Solanales,Solanaceae,"Solanum goniocaulon"
Equisetopsida,Solanales,Solanaceae,"Solanum fragile"
Equisetopsida,Polypodiales,Polypodiaceae,"Ceradenia curvata"
Equisetopsida,Polypodiales,Dryopteridaceae,"Elaphoglossum odontolepis"
Equisetopsida,Gentianales,Rubiaceae,"Manettia modica"
Equisetopsida,Lamiales,Lamiaceae,"Clinopodium nubigenum"
Equisetopsida,Lamiales,Calceolariaceae,"Calceolaria salicifolia subsp. nigricans"
Equisetopsida,Polypodiales,Polypodiaceae,"Jamesonia scammaniae"
Equisetopsida,Proteales,Sabiaceae,"Meliosma youngii"
Equisetopsida,Asterales,Asteraceae,"Llerasia sanmartinensis"
Equisetopsida,Geraniales,Geraniaceae,"Geranium sibbaldioides"
Equisetopsida,Rosales,Rosaceae,"Hesperomeles lanuginosa"
Equisetopsida,Polypodiales,Polypodiaceae,"Pecluma eurybasis var. villosa"
Equisetopsida,Polypodiales,Dryopteridaceae,"Elaphoglossum camptolepis"
Equisetopsida,Polypodiales,Aspleniaceae,"Asplenium salicifolium"
Equisetopsida,Poales,Poaceae,"Chusquea tessellata"
Equisetopsida,Cyatheales,Cyatheaceae,"Cyathea tryonorum"
Equisetopsida,Poales,Poaceae,"Chusquea serrulata"
Equisetopsida,Santalales,Loranthaceae,"Psittacanthus paxianus"
Equisetopsida,Poales,Poaceae,"Chusquea picta"
Equisetopsida,Polypodiales,Dryopteridaceae,"Elaphoglossum castaneum"
Equisetopsida,Malpighiales,Malpighiaceae,"Banisteriopsis caapi"
Equisetopsida,Polypodiales,Aspleniaceae,"Asplenium raddianum"
Equisetopsida,Gentianales,Gentianaceae,"Gentianella pernettyoides"
Equisetopsida,Poales,Poaceae,"Chusquea fimbriligulata subsp. peruviana"
Equisetopsida,Lamiales,Calceolariaceae,"Calceolaria inflexa"
Equisetopsida,Polypodiales,Dryopteridaceae,"Polystichum lehmannii"
Equisetopsida,Polypodiales,Polypodiaceae,"Serpocaulon articulatum"
Equisetopsida,Polypodiales,Polypodiaceae,"Pecluma camptophyllaria var. camptophyllaria"
Equisetopsida,Lamiales,Calceolariaceae,"Calceolaria deflexa subsp. cuneata"
Equisetopsida,Polypodiales,Polypodiaceae,"Melpomene youngii"
Equisetopsida,Malpighiales,Salicaceae,"Casearia nigricolor"
Equisetopsida,Santalales,Loranthaceae,"Psittacanthus dillonii"
Equisetopsida,Poales,Bromeliaceae,"Pitcairnia brunnescens"
Equisetopsida,Myrtales,Melastomataceae,"Axinaea dependens"
Equisetopsida,Ericales,Primulaceae,"Roupala monosperma"
Equisetopsida,Polypodiales,Polypodiaceae,"Lellingeria pseudocapillaris"
Equisetopsida,Solanales,Solanaceae,"Solanum barbulatum"
Equisetopsida,Polypodiales,Dryopteridaceae,"Elaphoglossum concinnum"
Equisetopsida,Lamiales,Calceolariaceae,"Calceolaria arbuscula"
Equisetopsida,Polypodiales,Dryopteridaceae,"Elaphoglossum petiolosum"
Equisetopsida,Lycopodiales,Lycopodiaceae,"Phlegmariurus colanensis"
Equisetopsida,Polypodiales,Lycopodiaceae,"Phlegmariurus ciliatospicularis"
Equisetopsida,Sapindales,Meliaceae,"Ruagea hirsuta"
Equisetopsida,Polypodiales,Aspleniaceae,"Asplenium peruvianum"
Equisetopsida,Lycopodiales,Lycopodiaceae,"Phlegmariurus campianus"
Equisetopsida,Polypodiales,Dryopteridaceae,"Elaphoglossum oculatum"
Equisetopsida,Rosales,Rosaceae,"Rubus acanthophyllos"
Equisetopsida,Ericales,Primulaceae,"Geissanthus spectabilis"
Equisetopsida,Polypodiales,Dryopteridaceae,"Elaphoglossum dichroum"
Equisetopsida,Cornales,Loasaceae,"Nasa lenta"
Equisetopsida,Rosales,Rosaceae,"Rubus coriaceus"
Equisetopsida,Rosales,Rosaceae,"Rubus megalococcus"
Equisetopsida,Polypodiales,Thelypteridaceae,"Steiropteris comosa"
Equisetopsida,Rosales,Moraceae,"Ficus loxensis"
Equisetopsida,Asterales,Asteraceae,"Schkuhria pinnata"
Equisetopsida,Lycopodiales,Lycopodiaceae,"Phlegmariurus andinus"
Equisetopsida,Alismatales,Araceae,"Dracontium spruceanum"
Equisetopsida,Gentianales,Rubiaceae,"Palicourea virgata"
Equisetopsida,Cyatheales,Cyatheaceae,"Cyathea nephele"
Equisetopsida,Poales,Poaceae,"Calamagrostis humboldtiana"
Equisetopsida,Malpighiales,Passifloraceae,"Passiflora tesserula"
Equisetopsida,Celastrales,Celastraceae,"Monteverdia macrocarpa"
Equisetopsida,Polypodiales,Aspleniaceae,"Asplenium fragrans"
Equisetopsida,Cornales,Loasaceae,"Nasa ranunculifolia subsp. patazensis"
Equisetopsida,Polypodiales,Lomariopsidaceae,"Nephrolepis cordifolia"
Equisetopsida,Ericales,Primulaceae,"Lomatia hirsuta"
Equisetopsida,Poales,Poaceae,"Deyeuxia rupestris var. minor"
Equisetopsida,Polypodiales,Polypodiaceae,"Melpomene firma"
Equisetopsida,Apiales,Araliaceae,"Oreopanax allocophyllus"
Equisetopsida,Malpighiales,Euphorbiaceae,"Caesalpinia glabrata"
Equisetopsida,Poales,Poaceae,"Deyeuxia sclerantha"
Equisetopsida,Asterales,Asteraceae,"Luciliocline plicatifolia"
Equisetopsida,Lamiales,Scrophulariaceae,"Fagelia nivalis"
Equisetopsida,Asterales,Asteraceae,"Luciliocline longifolia"
Equisetopsida,Myrtales,Melastomataceae,"Axinaea crassinoda"
Equisetopsida,Santalales,Verbenaceae,"Dendrophthora dimorpha"
Equisetopsida,Alismatales,Araceae,"Anthurium coripatense"
Equisetopsida,Ranunculales,Berberidaceae,"Berberis tomentosa"
Equisetopsida,Ericales,Primulaceae,"Oreocallis grandiflora"
Equisetopsida,Polypodiales,Polypodiaceae,"Phlebodium decumanum"
Equisetopsida,Ranunculales,Berberidaceae,"Berberis heterophylla"
Equisetopsida,Malpighiales,Violaceae,"Pombalia calceolaria"
Equisetopsida,Polypodiales,Dryopteridaceae,"Elaphoglossum glossophyllum"
Equisetopsida,Myrtales,Onagraceae,"Fuchsia decussata"
Equisetopsida,Polypodiales,Polypodiaceae,"Serpocaulon subandinum"
Equisetopsida,Polypodiales,Dryopteridaceae,"Elaphoglossum haynaldii"
Equisetopsida,Sapindales,Meliaceae,"Cedrela montana"
Equisetopsida,Polypodiales,Polypodiaceae,"Moranopteris blepharidea"
Equisetopsida,Myrtales,Onagraceae,"Fuchsia ferreyrae"
Equisetopsida,Malpighiales,Euphorbiaceae,"Senna cushina"
Equisetopsida,Polypodiales,Polypodiaceae,"Campyloneurum cochense"
Equisetopsida,Asterales,Campanulaceae,"Siphocampylus dependens"
Equisetopsida,Asterales,Asteraceae,"Gynoxys hutchinsonii"
Equisetopsida,Ericales,Primulaceae,"Gentlea propinqua"
Equisetopsida,Polypodiales,Polypodiaceae,"Alansmia senilis"
Equisetopsida,Cyatheales,Cyatheaceae,"Sphaeropteris quindiuensis"
Equisetopsida,Myrtales,Onagraceae,"Fuchsia fontinalis"
Equisetopsida,Ericales,Primulaceae,"Gentlea venosissima"
Equisetopsida,Polypodiales,Polypodiaceae,"Alansmia stella"
Equisetopsida,Polypodiales,Dryopteridaceae,"Elaphoglossum lasioglottis"
Equisetopsida,Polypodiales,Dryopteridaceae,"Elaphoglossum squamipes"
Equisetopsida,Lamiales,Plantaginaceae,"Plantago sericea"
Equisetopsida,Apiales,Apiaceae,"Hydrocotyle bonariensis"
Equisetopsida,Lamiales,Orobanchaceae,"Bartsia inaequalis subsp. durilis"
Equisetopsida,Gentianales,Rubiaceae,"Psychotria poeppigiana"
Equisetopsida,Lamiales,Plantaginaceae,"Plantago linearis"
Equisetopsida,Asterales,Asteraceae,"Munnozia silphioides"
Equisetopsida,Asterales,Asteraceae,"Aphanactis hutchisonii"
Equisetopsida,Polypodiales,Dryopteridaceae,"Elaphoglossum latevagans"
Equisetopsida,Solanales,Solanaceae,"Solanum youngii"
Equisetopsida,Polypodiales,Thelypteridaceae,"Christella hispidula"
Equisetopsida,Oxalidales,Oxalidaceae,"Oxalis melilotoides"
Equisetopsida,Poales,Poaceae,"Aulonemia hirtula"
Equisetopsida,Polypodiales,Dryopteridaceae,"Elaphoglossum tenue"
Equisetopsida,Asterales,Asteraceae,"Sonchus asper"
Equisetopsida,Ericales,Ericaceae,"Bejaria mathewsii"
Equisetopsida,Myrtales,Melastomataceae,"Brachyotum cogniauxii"
Equisetopsida,Myrtales,Melastomataceae,"Brachyotum angustifolium"
Equisetopsida,Polypodiales,Blechnaceae,"Lomaridium fragile"
Equisetopsida,Rosales,Urticaceae,"Pilea haenkei"
Equisetopsida,Gentianales,Gentianaceae,"Macrocarpaea gran-pajatena"
Equisetopsida,Myrtales,Melastomataceae,"Miconia latifolia"
Equisetopsida,Polypodiales,Polypodiaceae,"Cochlidium serrulatum"
Equisetopsida,Aquifoliales,Aquifoliaceae,"Ilex crassifolioides"
Equisetopsida,Polypodiales,Dryopteridaceae,"Elaphoglossum muscosum"
Equisetopsida,Isoetales,Isoetaceae,"Isoetes andicola"
Equisetopsida,Gentianales,Gentianaceae,"Macrocarpaea abiseo"
Equisetopsida,Aquifoliales,Aquifoliaceae,"Ilex gotardensis"
Equisetopsida,Polypodiales,Polypodiaceae,"Radiovittaria ruiziana"
Equisetopsida,Polypodiales,Polypodiaceae,"Radiovittaria moritziana"
Equisetopsida,Asterales,Asteraceae,"Pentacalia popayanensis"
Equisetopsida,Asterales,Campanulaceae,"Centropogon yungasensis"
Equisetopsida,Polypodiales,Polypodiaceae,"Cheilanthes marginata"
Equisetopsida,Gentianales,Gentianaceae,"Gentianella uberula"
Equisetopsida,Aquifoliales,Aquifoliaceae,"Ilex hippocrateoides"
Equisetopsida,Asterales,Asteraceae,"Pentacalia miniaurita"
Equisetopsida,Polypodiales,Polypodiaceae,"Pleopeltis leucospora"
Equisetopsida,Ericales,Primulaceae,"Myrsine bullata"
Equisetopsida,Hymenophyllales,Hymenophyllaceae,"Hymenophyllum crispum"
Equisetopsida,Polypodiales,Polypodiaceae,"Radiovittaria gardneriana"
Equisetopsida,Poales,Poaceae,"Agrostis perennans"
Equisetopsida,Gentianales,Rubiaceae,"Palicourea perquadrangularis"
Equisetopsida,Polypodiales,Blechnaceae,"Lomariocycas aurata"
Equisetopsida,Ericales,Primulaceae,"Myrsine congesta"
Equisetopsida,Asterales,Asteraceae,"Barnadesia polyacantha"
Equisetopsida,Lycopodiales,Lycopodiaceae,"Huperzia linifolia"
Equisetopsida,Poales,Poaceae,"Pennisetum bambusiforme"
Equisetopsida,Podocarpales,Podocarpaceae,"Prumnopitys montana"
Equisetopsida,Hymenophyllales,Hymenophyllaceae,"Hymenophyllum lindenii"
Equisetopsida,Hymenophyllales,Hymenophyllaceae,"Hymenophyllum microcarpum"
Equisetopsida,Asterales,Asteraceae,"Loricaria thuyoides"
Equisetopsida,Gentianales,Gentianaceae,"Halenia longicaulis"
Equisetopsida,Gentianales,Gentianaceae,"Halenia phyteumoides"
Equisetopsida,Gentianales,Gentianaceae,"Halenia pinifolia"
Equisetopsida,Hymenophyllales,Hymenophyllaceae,"Hymenophyllum simplex"
Equisetopsida,Polypodiales,Dryopteridaceae,"Elaphoglossum papillosum"
Equisetopsida,Hymenophyllales,Hymenophyllaceae,"Hymenophyllum tegularis"
Equisetopsida,Poales,Poaceae,"Agrostis imberbis"
Equisetopsida,Laurales,Lauraceae,"Nectandra viburnoides"
Equisetopsida,Hymenophyllales,Hymenophyllaceae,"Hymenophyllum verecundum"
Equisetopsida,Lycopodiales,Lycopodiaceae,"Huperzia attenuata"
Equisetopsida,Polypodiales,Polypodiaceae,"Polytaenium lineatum"
Equisetopsida,Poales,Poaceae,"Bothriochloa laguroides"
Equisetopsida,Selaginellales,Selaginellaceae,"Selaginella brevifolia"
Equisetopsida,Polypodiales,Dryopteridaceae,"Elaphoglossum vulcanicum"
Equisetopsida,Asterales,Asteraceae,"Gamochaeta spicata"
Equisetopsida,Poales,Cyperaceae,"Pycreus niger"
Equisetopsida,Polypodiales,Dryopteridaceae,"Elaphoglossum laxisquama"
Equisetopsida,Polypodiales,Dryopteridaceae,"Elaphoglossum wardiae"
Equisetopsida,Poales,Poaceae,"Poa hitchcockiana"
Equisetopsida,Rosales,Rosaceae,"Polylepis pepei"
Equisetopsida,Poales,Poaceae,"Cinna poiformis"
Equisetopsida,Aquifoliales,Aquifoliaceae,"Ilex lilianeae"
Equisetopsida,Liliales,Alstroemeriaceae,"Bomarea rosea"
Equisetopsida,Liliales,Alstroemeriaceae,"Bomarea purpurea"
Equisetopsida,Ranunculales,Ranunculaceae,"Krapfia macropetala"
Equisetopsida,Pandanales,Cyclanthaceae,"Asplundia  moritziana"
Equisetopsida,Liliales,Alstroemeriaceae,"Bomarea porrecta"
Equisetopsida,Solanales,Solanaceae,"Solanum abitaguense"
Equisetopsida,Liliales,Alstroemeriaceae,"Bomarea ovata"
Equisetopsida,Asterales,Campanulaceae,"Lyspomia laciniata subsp. linearifolia"
Equisetopsida,Laurales,Lauraceae,"Nectandra retículata"
Equisetopsida,Pandanales,Cyclanthaceae,"Sphaeradenia steyermarkii"
Equisetopsida,Liliales,Alstroemeriaceae,"Bomarea goniocaulon"
Equisetopsida,Liliales,Alstroemeriaceae,"Bomarea glaucescens"
Equisetopsida,Malpighiales,Euphorbiaceae,"Croton abutiloides"
Equisetopsida,Liliales,Alstroemeriaceae,"Bomarea foertheriana"
Equisetopsida,Liliales,Alstroemeriaceae,"Bomarea endotrachys"
Equisetopsida,Polypodiales,Dennstaedtiaceae,"Pteridium arachnoideum"
Equisetopsida,Polypodiales,Polypodiaceae,"Melpomene moniliformis var. minor"
Equisetopsida,Polypodiales,Polypodiaceae,"Melpomene personata"
Equisetopsida,Polypodiales,Polypodiaceae,"Pityrogramma ebenea"
Equisetopsida,Myrtales,Melastomataceae,"Meriania radula"
Equisetopsida,Liliales,Alstroemeriaceae,"Bomarea cornuta"
Equisetopsida,Lamiales,Gesneriaceae,"Columnea peruviana"
Equisetopsida,Liliales,Alstroemeriaceae,"Bomarea anceps"
Equisetopsida,Polypodiales,Dryopteridaceae,"Elaphoglossum oxyglossum"
Equisetopsida,Isoetales,Isoetaceae,"Isoetes novo-granadensis"
Equisetopsida,Malpighiales,Hypericaceae,"Hypericum struthiolifolium"
Equisetopsida,Asterales,Asteraceae,"Loricaria leptothamna"
Equisetopsida,Polypodiales,Polypodiaceae,"Melpomene jimenezii"
Equisetopsida,Solanales,Solanaceae,"Solanum incurvum"
Equisetopsida,Gentianales,Rubiaceae,"Faramea coerulescens"
Equisetopsida,Poales,Cyperaceae,"Orthrosanthus chimborazensis"
Equisetopsida,Poales,Cyperaceae,"Carex confertospicata"
Equisetopsida,Poales,Cyperaceae,"Rhynchospora sect. paniculatae"
Equisetopsida,Polypodiales,Dryopteridaceae,"Elaphoglossum quitense"
Equisetopsida,Polypodiales,Polypodiaceae,"Pteris livida"
Equisetopsida,Apiales,Apiaceae,"Niphogeton azorelloides"
Equisetopsida,Poales,Cyperaceae,"Carex laegaardii"
Equisetopsida,Polypodiales,Aspleniaceae,"Asplenium tabinense"
Equisetopsida,Poales,Cyperaceae,"Carex phleoides"
Equisetopsida,Polypodiales,Polypodiaceae,"Pteris propinqua"
Equisetopsida,Poales,Poaceae,"Axonopus scoparius"
Equisetopsida,Isoetales,Isoetaceae,"Isolepis cernua"
Equisetopsida,Poales,Cyperaceae,"Eriocaulon microcephalum"
Equisetopsida,Isoetales,Isoetaceae,"Isolepis inundata"
Equisetopsida,Malpighiales,Euphorbiaceae,"Leucaena trichodes"
Equisetopsida,Ranunculales,Ranunculaceae,"Ranunculus trichophyllus"
Equisetopsida,Polypodiales,Polypodiaceae,"Pteris quadriaurita"
Equisetopsida,Sapindales,Sapindaceae,"Allophylus myrianthus"
Equisetopsida,Lamiales,Scrophulariaceae,"Buddleja blattaria"
Equisetopsida,Lamiales,Gesneriaceae,"Corytoplectus speciosus var. orbicularis"
Equisetopsida,Gentianales,Rubiaceae,"Palicourea compta"
Equisetopsida,Alismatales,Araceae,"Philodendron fragrantissimum"
Equisetopsida,Ericales,Marcgraviaceae,"Souroubea peruviana"
Equisetopsida,Zingiberales,Marantaceae,"Goeppertia undulata"
Equisetopsida,Zingiberales,Marantaceae,"Goeppertia standleyi"
Equisetopsida,Myrtales,Melastomataceae,"Miconia multispicata"
Equisetopsida,Lamiales,Lamiaceae,"Aegiphila elegans"
Equisetopsida,Gnetales,Gnetaceae,"Gnetum nodiflorum"
Equisetopsida,Gentianales,Rubiaceae,"Palicourea gemmiflora"
Equisetopsida,Aquifoliales,Aquifoliaceae,"Ilex anonoides"
Equisetopsida,Alismatales,Araceae,"Spathiphyllum cannifolium"
Equisetopsida,Aquifoliales,Aquifoliaceae,"Ilex inundata"
Equisetopsida,Alismatales,Araceae,"Spathiphyllum juninense"
Equisetopsida,Cucurbitales,Begoniaceae,"Begonia rossmanniae"
Equisetopsida,Poales,Bromeliaceae,"Racinaea seemannii"
Equisetopsida,Myrtales,Melastomataceae,"Miconia centrodesma"
Equisetopsida,Gentianales,Rubiaceae,"Palicourea hoffmannseggiana"
Equisetopsida,Aquifoliales,Aquifoliaceae,"Ilex microphylla"
Equisetopsida,Aquifoliales,Aquifoliaceae,"Ilex nayana"
Equisetopsida,Lamiales,Gesneriaceae,"Glossoloma ichthyoderma"
Equisetopsida,Alismatales,Araceae,"Philodendron hederaceum"
Equisetopsida,Laurales,Lauraceae,"Endlicheria pyriformis"
Equisetopsida,Myrtales,Melastomataceae,"Miconia myrmecodomatia"
Equisetopsida,Malpighiales,Ochnaceae,"Quiina cruegeriana"
Equisetopsida,Alismatales,Araceae,"Spathiphyllum minus"
Equisetopsida,Alismatales,Araceae,"Incarum pavonii"
Equisetopsida,Schizaeales,Schizaeaceae,"Schizaea fluminensis"
Equisetopsida,Laurales,Lauraceae,"Aiouea napoensis"
Equisetopsida,Gentianales,Rubiaceae,"Manettia glandulosa"
Equisetopsida,Ranunculales,Menispermaceae,"Disciphania heterophylla"
Equisetopsida,Fabales,Fabaceae,"Inga brachyrhachis"
Equisetopsida,Poales,Poaceae,"Digitaria horizontalis"
Equisetopsida,Gentianales,Rubiaceae,"Palicourea macbridei"
Equisetopsida,Ericales,Ericaceae,"Cavendishia engleriana"
Equisetopsida,Ericales,Ericaceae,"Cavendishia nobilis"
Equisetopsida,Laurales,Lauraceae,"Endlicheria klugii"
Equisetopsida,Fabales,Fabaceae,"Inga ciliata"
Equisetopsida,Fabales,Fabaceae,"Inga ciliata subsp. subcapitata"
Equisetopsida,Laurales,Lauraceae,"Endlicheria directonervia"
Equisetopsida,Fabales,Fabaceae,"Inga cinnamomea"
Equisetopsida,Fabales,Fabaceae,"Inga coruscans"
Equisetopsida,Fabales,Fabaceae,"Schnella guianensis"
Equisetopsida,Gentianales,Rubiaceae,"Palicourea ostreophora"
Equisetopsida,Proteales,Sabiaceae,"Meliosma herbertii"
Equisetopsida,Laurales,Lauraceae,"Endlicheria canescens"
Equisetopsida,Gentianales,Rubiaceae,"Palicourea parvijelskii"
Equisetopsida,Malvales,Malvaceae,"Sterculia peruviana"
Equisetopsida,Fabales,Fabaceae,"Inga gracilifolia"
Equisetopsida,Lamiales,Acanthaceae,"Stenostephanus longistaminus var. longistaminus"
Equisetopsida,Fabales,Fabaceae,"Inga laevigata"
Equisetopsida,Rosales,Moraceae,"Maquira coriacea"
Equisetopsida,Ericales,Marcgraviaceae,"Marcgravia browneii"
Equisetopsida,Polypodiales,Pteridaceae,"Polytaenium guayanense"
Equisetopsida,Malpighiales,Chrysobalanaceae,"Couepia obovata"
Equisetopsida,Fabales,Fabaceae,"Inga poeppigiana"
Equisetopsida,Myrtales,Melastomataceae,"Miconia condylata"
Equisetopsida,Polypodiales,Pteridaceae,"Polytaenium cajenense"
Equisetopsida,Gentianales,Rubiaceae,"Notopleura montana"
Equisetopsida,Malpighiales,Chrysobalanaceae,"Couepia williamsii"
Equisetopsida,Ericales,Marcgraviaceae,"Marcgraviastrum macrocarpum"
Equisetopsida,Rosales,Urticaceae,"Cecropia utcubambana"
Equisetopsida,Gentianales,Rubiaceae,"Notopleura leucantha"
Equisetopsida,Alismatales,Araceae,"Philodendron linnaei"
Equisetopsida,Fabales,Fabaceae,"Inga stipularis"
Equisetopsida,Alismatales,Araceae,"Philodendron maximum"
Equisetopsida,Gentianales,Rubiaceae,"Palicourea trichocephala"
Equisetopsida,Gentianales,Rubiaceae,"Palicourea tristis"
Equisetopsida,Gentianales,Rubiaceae,"Palicourea ucayalina"
Equisetopsida,Apiales,Araliaceae,"Sciodaphyllum sprucei"
Equisetopsida,Asterales,Asteraceae,"Baccharis pedunculata"
Equisetopsida,Gentianales,Rubiaceae,"Palicourea woronovii"
Equisetopsida,Asterales,Asteraceae,"Baccharis decussata subsp. jelskii"
Equisetopsida,Dilleniales,Dilleniaceae,"Davilla kunthii"
Equisetopsida,Poales,Bromeliaceae,"Aechmea penduliflora"
Equisetopsida,Alismatales,Araceae,"Philodendron paxianum"
Equisetopsida,Poales,Poaceae,"Cenchrus purpureus"
Equisetopsida,Alismatales,Araceae,"Philodendron pulchrum"
Equisetopsida,Malpighiales,Calophyllaceae,"Marila tomentosa"
Equisetopsida,Cyatheales,Cyatheaceae,"Cyathea straminea"
Equisetopsida,Sapindales,Sapindaceae,"Allophylus amazonicus"
Equisetopsida,Magnoliales,Myristicaceae,"Iryanthera elliptica"
Equisetopsida,Solanales,Convolvulaceae,"Maripa reticulata var. reticulata"
Equisetopsida,Gentianales,Rubiaceae,"Coussarea macrophylla"
Equisetopsida,Asterales,Campanulaceae,"Centropogon roseus"
Equisetopsida,Solanales,Solanaceae,"Markea plowmanii"
Equisetopsida,Asterales,Campanulaceae,"Centropogon undulatus"
Equisetopsida,Asterales,Campanulaceae,"Centropogon urubambae"
Equisetopsida,Apiales,Araliaceae,"Cephalopanax jahnii"
Equisetopsida,Poales,Bromeliaceae,"Puya ferruginea"
Equisetopsida,Gentianales,Rubiaceae,"Coussarea rudgeoides"
Equisetopsida,Zingiberales,Marantaceae,"Ischnosiphon cerotus"
Equisetopsida,Alismatales,Araceae,"Philodendron strictum"
Equisetopsida,Zingiberales,Marantaceae,"Ischnosiphon obliquus"
Equisetopsida,Cyatheales,Cyatheaceae,"Cyathea tortuosa"
Equisetopsida,Cyatheales,Cyatheaceae,"Cyathea traillii"
Equisetopsida,Ericales,Lecythidaceae,"Allantoma decandra"
Equisetopsida,Caryophyllales,Petiveriaceae,"Seguieria americana"
Equisetopsida,Selaginellales,Selaginellaceae,"Selaginella quadrifaria"
Equisetopsida,Polypodiales,Polypodiaceae,"Pleopeltis desvauxii"
Equisetopsida,Solanales,Solanaceae,"Cestrum parqui"
Equisetopsida,Santalales,Opiliaceae,"Agonandra silvatica"
Equisetopsida,Malpighiales,Salicaceae,"Neosprucea tenuisepala"
Equisetopsida,Malpighiales,Salicaceae,"Neosprucea montana"
Equisetopsida,Solanales,Solanaceae,"Cestrum reflexum"
Equisetopsida,Malpighiales,Salicaceae,"Neoptychocarpus killipii"
Equisetopsida,Cucurbitales,Cucurbitaceae,"Selysia prunifera"
Equisetopsida,Malvales,Malvaceae,"Sterculia tessmannii"
Equisetopsida,Alismatales,Araceae,"Philodendron wittianum"
Equisetopsida,Gentianales,Rubiaceae,"Sphinctanthus maculatus"
Equisetopsida,Fabales,Fabaceae,"Parkia igneiflora"
Equisetopsida,Ericales,Primulaceae,"Cybianthus flavovirens"
Equisetopsida,Fabales,Fabaceae,"Parkia nitida"
Equisetopsida,Fabales,Fabaceae,"Parkia ulei"
Equisetopsida,Fabales,Fabaceae,"Parkia velutina"
Equisetopsida,Gentianales,Rubiaceae,"Joosia dichotoma"
Equisetopsida,Lamiales,Gesneriaceae,"Drymonia pendula"
Equisetopsida,Ranunculales,Menispermaceae,"Elephantomene eburnea"
Equisetopsida,Lamiales,Gesneriaceae,"Drymonia macrophylla"
Equisetopsida,Malpighiales,Euphorbiaceae,"Alchornea discolor"
Equisetopsida,Brassicales,Brassicaceae,"Cremolobus peruvianus"
Equisetopsida,Polypodiales,Dryopteridaceae,"Polybotrya fractiserialis"
Equisetopsida,Polypodiales,Dryopteridaceae,"Polybotrya crassirhizoma"
Equisetopsida,Rosales,Rhamnaceae,"Frangula granulosa"
Equisetopsida,Dilleniales,Dilleniaceae,"Pinzona coriacea"
Equisetopsida,Gentianales,Apocynaceae,"Forsteronia graciloides"
Equisetopsida,Fabales,Fabaceae,"Jupunba laeta"
Equisetopsida,Fabales,Fabaceae,"Jupunba macradenia"
Equisetopsida,Gentianales,Apocynaceae,"Forsteronia acouci"
Equisetopsida,Asterales,Asteraceae,"Senecio tenuisagittatus"
Equisetopsida,Polypodiales,Dryopteridaceae,"Polybotrya caudata"
Equisetopsida,Polypodiales,Dryopteridaceae,"Elaphoglossum zebrinum"
Equisetopsida,Poales,Poaceae,"Paspalum virgatum"
Equisetopsida,Caryophyllales,Nyctaginaceae,"Neea ovalifolia"
Equisetopsida,Myrtales,Melastomataceae,"Miconia dipsacea"
Equisetopsida,Malpighiales,Passifloraceae,"Passiflora alata"
Equisetopsida,Malpighiales,Passifloraceae,"Passiflora ambigua"
Equisetopsida,Myrtales,Melastomataceae,"Miconia dispar"
Equisetopsida,Polypodiales,Dryopteridaceae,"Elaphoglossum styriacum"
Equisetopsida,Lamiales,Gesneriaceae,"Drymonia coriacea"
Equisetopsida,Zingiberales,Costaceae,"Dimerocostus argenteus"
Equisetopsida,Malpighiales,Passifloraceae,"Passiflora micropetala"
Equisetopsida,Polypodiales,Dryopteridaceae,"Elaphoglossum raywaense"
Equisetopsida,Laurales,Lauraceae,"Nectandra reflexa"
Equisetopsida,Rosales,Moraceae,"Ficus popenoei"
Equisetopsida,Gentianales,Rubiaceae,"Chimarrhis hookeri"
Equisetopsida,Asterales,Asteraceae,"Critoniopsis pycnantha"
Equisetopsida,Gentianales,Rubiaceae,"Chione venosa"
Equisetopsida,Polypodiales,Aspleniaceae,"Asplenium stuebelianum"
Equisetopsida,Polypodiales,Pteridaceae,"Adiantum tomentosum"
Equisetopsida,Polypodiales,Dryopteridaceae,"Elaphoglossum plumosum"
Equisetopsida,Laurales,Lauraceae,"Nectandra pearcei"
Equisetopsida,Polypodiales,Polypodiaceae,"Microgramma tecta"
Equisetopsida,Rosales,Moraceae,"Ficus mutisii"
Equisetopsida,Rosales,Moraceae,"Ficus maroma"
Equisetopsida,Ericales,Sapotaceae,"Micropholis guyanensis subsp. duckeana"
Equisetopsida,Ericales,Sapotaceae,"Micropholis guyanensis subsp. guyanensis"
Equisetopsida,Rosales,Moraceae,"Ficus gigantosyce"
Equisetopsida,Laurales,Lauraceae,"Nectandra maynensis"
Equisetopsida,Polypodiales,Aspleniaceae,"Asplenium cirrhatum"
Equisetopsida,Polypodiales,Polypodiaceae,"Serpocaulon levigatum"
Equisetopsida,Gentianales,Apocynaceae,"Lacmellea arborescens"
Equisetopsida,Rosales,Moraceae,"Ficus cuatrecasasiana"
Equisetopsida,Sapindales,Sapindaceae,"Matayba arborescens"
Equisetopsida,Polypodiales,Aspleniaceae,"Asplenium angustum"
Equisetopsida,Malpighiales,Ochnaceae,"Lacunaria macrostachya"
Equisetopsida,Gentianales,Rubiaceae,"Ladenbergia acutifolia"
Equisetopsida,Gentianales,Apocynaceae,"Aspidosperma spruceanum"
Equisetopsida,Gentianales,Rubiaceae,"Ladenbergia amazonensis"
Equisetopsida,Gentianales,Apocynaceae,"Aspidosperma schultesii"
Equisetopsida,Rosales,Moraceae,"Ficus americana subsp. subapiculata"
Equisetopsida,Santalales,Loranthaceae,"Psittacanthus acinarius"
Equisetopsida,Rosales,Moraceae,"Ficus americana subsp. andicola"
Equisetopsida,Gentianales,Rubiaceae,"Ladenbergia graciliflora"
Equisetopsida,Laurales,Lauraceae,"Nectandra laurel"
Equisetopsida,Cucurbitales,Cucurbitaceae,"Fevillea cordifolia"
Equisetopsida,Myrtales,Melastomataceae,"Miconia elata"
Equisetopsida,Asterales,Asteraceae,"Mikania vitifolia"
Equisetopsida,Myrtales,Myrtaceae,"Psidium rutidocarpum"
Equisetopsida,Ericales,Primulaceae,"Cybianthus poeppigii"
Equisetopsida,Polypodiales,Polypodiaceae,"Serpocaulon triseriale"
Equisetopsida,Gentianales,Rubiaceae,"Ladenbergia riveroana"
Equisetopsida,Gentianales,Apocynaceae,"Aspidosperma desmanthum"
Equisetopsida,Myrtales,Melastomataceae,"Miconia radula"
Equisetopsida,Myrtales,Myrtaceae,"Psidium acutangulum"
Equisetopsida,Malvales,Malvaceae,"Matisia malacocalyx"
Equisetopsida,Malvales,Malvaceae,"Sterculia apeibophylla"
Equisetopsida,Poales,Poaceae,"Setaria parviflora"
Equisetopsida,Polypodiales,Dryopteridaceae,"Elaphoglossum luridum"
Equisetopsida,Lamiales,Gesneriaceae,"Nautilocalyx bullatus"
Equisetopsida,Rosales,Moraceae,"Naucleopsis ulei subsp. subandina"
Equisetopsida,Gentianales,Rubiaceae,"Ferdinandusa chlorantha"
Equisetopsida,Gentianales,Rubiaceae,"Faramea uniflora"
Equisetopsida,Gentianales,Rubiaceae,"Faramea torquata"
Equisetopsida,Rosales,Moraceae,"Naucleopsis ulei"
Equisetopsida,Gentianales,Rubiaceae,"Faramea oblongifolia"
Equisetopsida,Fabales,Fabaceae,"Pseudopiptadenia suaveolens"
Equisetopsida,Sapindales,Anacardiaceae,"Mauria denticulata"
Equisetopsida,Gentianales,Rubiaceae,"Chomelia tenuiflora"
Equisetopsida,Brassicales,Brassicaceae,"Nasturtium officinale"
Equisetopsida,Polypodiales,Dryopteridaceae,"Elaphoglossum latifolium"
Equisetopsida,Sapindales,Sapindaceae,"Paullinia alata"
Equisetopsida,Sapindales,Sapindaceae,"Paullinia hemiptera"
Equisetopsida,Podocarpales,Podocarpaceae,"Podocarpus celatus"
Equisetopsida,Polypodiales,Dryopteridaceae,"Elaphoglossum guamanianum"
Equisetopsida,Malpighiales,Clusiaceae,"Chrysochlamys membranacea"
Equisetopsida,Myrtales,Melastomataceae,"Miconia floribunda"
Equisetopsida,Ericales,Sapotaceae,"Chrysophyllum manaosense"
Equisetopsida,Ericales,Sapotaceae,"Chrysophyllum pomiferum"
Equisetopsida,Lamiales,Gesneriaceae,"Pearcea sprucei"
Equisetopsida,Zingiberales,Marantaceae,"Monotagma laxum"
Equisetopsida,Sapindales,Simaroubaceae,"Simaba guianensis"
Equisetopsida,Poales,Poaceae,"Chusquea tarmensis"
Equisetopsida,Sapindales,Simaroubaceae,"Simaba polyphylla"
Equisetopsida,Malpighiales,Violaceae,"Leonia cymosa"
Equisetopsida,Podocarpales,Podocarpaceae,"Pectinopitys harmsiana"
Equisetopsida,Brassicales,Capparaceae,"Morisonia pittieri"
Equisetopsida,Gentianales,Rubiaceae,"Cinchona fruticosa"
Equisetopsida,Gentianales,Rubiaceae,"Cinchona krauseana"
Equisetopsida,Laurales,Siparunaceae,"Siparuna bifida"
Equisetopsida,Malvales,Malvaceae,"Mollia gracilis"
Equisetopsida,Laurales,Siparunaceae,"Siparuna cristata"
Equisetopsida,Laurales,Siparunaceae,"Siparuna grandiflora"
Equisetopsida,Asterales,Asteraceae,"Mikania desmocephala"
Equisetopsida,Marattiales,Marattiaceae,"Eupodium laeve"
Equisetopsida,Malvales,Malvaceae,"Mollia lepidota"
Equisetopsida,Laurales,Siparunaceae,"Siparuna subinodora"
Equisetopsida,Gentianales,Rubiaceae,"Elaeagia karstenii"
Equisetopsida,Asterales,Asteraceae,"Eirmocephala megaphylla"
Equisetopsida,Sapindales,Burseraceae,"Protium stevensonii"
Equisetopsida,Asterales,Asteraceae,"Eirmocephala cainarachiensis"
Equisetopsida,Sapindales,Burseraceae,"Protium spruceanum"
Equisetopsida,Sapindales,Burseraceae,"Protium sagotianum"
Equisetopsida,Lamiales,Acanthaceae,"Aphelandra maculata"
Equisetopsida,Alismatales,Araceae,"Monstera adansonii"
Equisetopsida,Sapindales,Burseraceae,"Protium rhoifolium"
Equisetopsida,Sapindales,Burseraceae,"Protium paniculatum"
Equisetopsida,Asterales,Asteraceae,"Mikania hookeriana"
Equisetopsida,Aquifoliales,Cardiopteridaceae,"Citronella costaricensis"
Equisetopsida,Malpighiales,Chrysobalanaceae,"Leptobalanus apetalus"
Equisetopsida,Malvales,Malvaceae,"Apeiba glabra"
Equisetopsida,Sapindales,Burseraceae,"Protium klugii"
Equisetopsida,Myrtales,Melastomataceae,"Miconia piperilamina"
Equisetopsida,Fabales,Fabaceae,"Diplotropis purpurea"
Equisetopsida,Alismatales,Araceae,"Monstera adansonii var. Laniata"
Equisetopsida,Oxalidales,Elaeocarpaceae,"Sloanea brevipes"
Equisetopsida,Myrtales,Melastomataceae,"Miconia inusitata"
Equisetopsida,Sapindales,Burseraceae,"Protium divaricatum subsp. krukoffii"
Equisetopsida,Sapindales,Burseraceae,"Protium divaricatum"
Equisetopsida,Oxalidales,Elaeocarpaceae,"Sloanea floribunda"
Equisetopsida,Sapindales,Burseraceae,"Protium crassipetalum"
Equisetopsida,Brassicales,Cleomaceae,"Cleome hispidula"
Equisetopsida,Asterales,Asteraceae,"Mikania parviflora"
Equisetopsida,Sapindales,Burseraceae,"Protium aracouchini"
Equisetopsida,Ericales,Ebenaceae,"Diospyros capreaefolia"
Equisetopsida,Alismatales,Araceae,"Anthurium pachylaminum"
Equisetopsida,Ericales,Ebenaceae,"Diospyros capreifolia"
Equisetopsida,Sapindales,Burseraceae,"Protium amazonicum"
Equisetopsida,Oxalidales,Elaeocarpaceae,"Sloanea grandiflora"
Equisetopsida,Myrtales,Myrtaceae,"Eugenia patrisii"
Equisetopsida,Myrtales,Melastomataceae,"Miconia splendens"
Equisetopsida,Piperales,Piperaceae,"Peperomia striata"
Equisetopsida,Myrtales,Myrtaceae,"Eugenia moschata"
Equisetopsida,Alismatales,Araceae,"Anthurium mindense"
Equisetopsida,Asterales,Asteraceae,"Liabum eriocaulon"
Equisetopsida,Alismatales,Araceae,"Anthurium longistrorsum"
Equisetopsida,Fabales,Fabaceae,"Clitoria arborea"
Equisetopsida,Alismatales,Araceae,"Anthurium kunthii"
Equisetopsida,Myrtales,Myrtaceae,"Eugenia egensis"
Equisetopsida,Malpighiales,Chrysobalanaceae,"Licania canescens"
Equisetopsida,Oxalidales,Elaeocarpaceae,"Sloanea laurifolia"
Equisetopsida,Laurales,Lauraceae,"Licaria aurea"
Equisetopsida,Marattiales,Marattiaceae,"Danaea lingua-cervina"
Equisetopsida,Malpighiales,Peraceae,"Pera tomentosa"
Equisetopsida,Laurales,Lauraceae,"Licaria canella"
Equisetopsida,Malpighiales,Clusiaceae,"Clusia haughtii"
Equisetopsida,Asparagales,Asphodelaceae,"Eccremis coarctata"
Equisetopsida,Alismatales,Araceae,"Anthurium flavidum"
Equisetopsida,Ericales,Sapotaceae,"Ecclinusa lanceolata"
Equisetopsida,Rosales,Moraceae,"Perebea angustifolia"
Equisetopsida,Alismatales,Araceae,"Anthurium ernestii"
Equisetopsida,Oxalidales,Elaeocarpaceae,"Sloanea obtusifolia"
Equisetopsida,Myrtales,Melastomataceae,"Miconia lanata"
Equisetopsida,Malpighiales,Clusiaceae,"Clusia schultesii"
Equisetopsida,Oxalidales,Elaeocarpaceae,"Sloanea pubescens"
Equisetopsida,Laurales,Lauraceae,"Damburneya purpurea"
Equisetopsida,Myrtales,Myrtaceae,"Myrcia minutiflora"
Equisetopsida,Oxalidales,Elaeocarpaceae,"Sloanea robusta"
Equisetopsida,Oxalidales,Elaeocarpaceae,"Sloanea rufa"
Equisetopsida,Alismatales,Araceae,"Anthurium brevipedunculatum"
Equisetopsida,Ericales,Lecythidaceae,"Eschweilera gigantea"
Equisetopsida,Oxalidales,Elaeocarpaceae,"Sloanea terniflora"
Equisetopsida,Ericales,Lecythidaceae,"Eschweilera coriacea"
Equisetopsida,Oxalidales,Elaeocarpaceae,"Sloanea tuerckheimii"
Equisetopsida,Myrtales,Myrtaceae,"Myrcia amazonica"
Equisetopsida,Sapindales,Sapindaceae,"Cupania cinerea"
Equisetopsida,Escalloniales,Escalloniaceae,"Escallonia pendula"
Equisetopsida,Laurales,Lauraceae,"Pleurothyrium trianae"
Equisetopsida,Myrtales,Lythraceae,"Cuphea bombonasae"
Equisetopsida,Malpighiales,Erythroxylaceae,"Erythroxylum coca"
Equisetopsida,Polypodiales,Pteridaceae,"Pityrogramma calomelanos"
Equisetopsida,Polypodiales,Lomariopsidaceae,"Lomariopsis japurensis"
Equisetopsida,Ranunculales,Menispermaceae,"Anomospermum bolivianum"
Equisetopsida,Lamiales,Gesneriaceae,"Codonanthopsis uleana"
Equisetopsida,Piperales,Piperaceae,"Piper heterophyllum"
Equisetopsida,Magnoliales,Annonaceae,"Annona montana"
Equisetopsida,Fabales,Fabaceae,"Dialium guianense"
Equisetopsida,Magnoliales,Annonaceae,"Annona ambotay"
Equisetopsida,Myrtales,Vochysiaceae,"Erisma uncinatum"
Equisetopsida,Myrtales,Vochysiaceae,"Erisma bicolor"
Equisetopsida,Laurales,Lauraceae,"Aniba taubertiana"
Equisetopsida,Lamiales,Acanthaceae,"Mendoncia pedunculata"
Equisetopsida,Asterales,Asteraceae,"Erigeron bonariensis"
Equisetopsida,Hypnales,Prionodontaceae,"Prionodon fuscolutescens"
Equisetopsida,Laurales,Lauraceae,"Aniba perutilis"
Equisetopsida,Laurales,Lauraceae,"Aniba panurensis"
Equisetopsida,Laurales,Lauraceae,"Aniba megaphylla"
Equisetopsida,Solanales,Solanaceae,"Solanum anisophyllum"
Equisetopsida,Malvales,Malvaceae,"Sterculia frondosa"
Equisetopsida,Ranunculales,Menispermaceae,"Abuta pahnii"
Equisetopsida,Lamiales,Gesneriaceae,"Diastema racemiferum"
Equisetopsida,Laurales,Monimiaceae,"Mollinedia killipii"
Equisetopsida,Lamiales,Gesneriaceae,"Diastema scabrum"
Equisetopsida,Apiales,Araliaceae,"Dendropanax umbellatus"
Equisetopsida,Schizaeales,Anemiaceae,"Anemia phyllitidis"
Equisetopsida,Apiales,Araliaceae,"Dendropanax tessmannii"
Equisetopsida,Solanales,Solanaceae,"Solanum betaceum"
Equisetopsida,Fabales,Fabaceae,"Andira surinamensis"
Equisetopsida,Fabales,Fabaceae,"Andira macrothyrsa"
Equisetopsida,Apiales,Araliaceae,"Dendropanax macropodus"
Equisetopsida,Gentianales,Apocynaceae,"Prestonia annularis"
Equisetopsida,Myrtales,Melastomataceae,"Andesanthus lepidotus"
Equisetopsida,Solanales,Solanaceae,"Solanum endopogon"
Equisetopsida,Magnoliales,Annonaceae,"Duguetia latifolia"
Equisetopsida,Lamiales,Gesneriaceae,"Columnea anisophylla"
Equisetopsida,Myrtales,Melastomataceae,"Miconia reflexipila"
Equisetopsida,Ericales,Sapotaceae,"Pouteria williamii"
Equisetopsida,Lamiales,Gesneriaceae,"Columnea tenensis"
Equisetopsida,Lamiales,Gesneriaceae,"Columnea tessmannii"
Equisetopsida,Lamiales,Gesneriaceae,"Columnea xiphoidea"
Equisetopsida,Sapindales,Burseraceae,"Dacryodes peruviana"
Equisetopsida,Myrtales,Combretaceae,"Combretum paraguariense"
Equisetopsida,Solanales,Solanaceae,"Solanum leptopodum"
Equisetopsida,Myrtales,Melastomataceae,"Miconia manserichensis"
Equisetopsida,Solanales,Solanaceae,"Solanum lindenii"
Equisetopsida,Magnoliales,Myristicaceae,"Compsoneura sprucei"
Equisetopsida,Ericales,Sapotaceae,"Pouteria opposita"
Equisetopsida,Ericales,Sapotaceae,"Pouteria oblanceolata"
Equisetopsida,Solanales,Solanaceae,"Solanum longifilamentum"
Equisetopsida,Ericales,Sapotaceae,"Pouteria melanopoda"
Equisetopsida,Malpighiales,Euphorbiaceae,"Conceveiba rhytidocarpa"
Equisetopsida,Malpighiales,Euphorbiaceae,"Conceveiba terminalis"
Equisetopsida,Fabales,Fabaceae,"Platymiscium trinitatis"
Equisetopsida,Ericales,Sapotaceae,"Pouteria laevigata"
Equisetopsida,Malpighiales,Putranjivaceae,"Drypetes gentryana"
Equisetopsida,Sapindales,Burseraceae,"Dacryodes olivifera"
Equisetopsida,Ericales,Sapotaceae,"Pouteria cuspidata subsp. robusta"
Equisetopsida,Ericales,Sapotaceae,"Pouteria cuspidata subsp. dura"
Equisetopsida,Ericales,Sapotaceae,"Pouteria condorensis"
Equisetopsida,Ericales,Sapotaceae,"Pouteria campanulata"
Equisetopsida,Ericales,Sapotaceae,"Pouteria bangii"
Equisetopsida,Ranunculales,Menispermaceae,"Abuta imene"
Equisetopsida,Solanales,Solanaceae,"Solanum oblongum"
Equisetopsida,Ericales,Sapotaceae,"Pouteria aubrevillei"
Equisetopsida,Rosales,Urticaceae,"Pourouma tomentosa"
Equisetopsida,Solanales,Solanaceae,"Lycianthes medusocalyx"
Equisetopsida,Gentianales,Rubiaceae,"Rudgea lanceifolia"
Equisetopsida,Apiales,Araliaceae,"Oreopanax pavonii"
Equisetopsida,Poales,Poaceae,"Cynodon dactylon"
Equisetopsida,Rosales,Urticaceae,"Pourouma ovata"
Equisetopsida,Malpighiales,Malpighiaceae,"Byrsonima poeppigiana"
Equisetopsida,Ophioglossales,Ophioglossaceae,"Ophioglossum palmatum"
Equisetopsida,Zingiberales,Marantaceae,"Calathea lateralis"
Equisetopsida,Zingiberales,Marantaceae,"Calathea lutea"
Equisetopsida,Piperales,Piperaceae,"Piper apodum"
Equisetopsida,Myrtales,Vochysiaceae,"Ruizterania trichanthera"
Equisetopsida,Proteales,Sabiaceae,"Ophiocaryon manausense"
Equisetopsida,Myrtales,Melastomataceae,"Miconia bangii"
Equisetopsida,Oxalidales,Connaraceae,"Rourea camptoneura"
Equisetopsida,Fabales,Fabaceae,"Ormosia bopiensis"
Equisetopsida,Rosales,Moraceae,"Helicostylis scabra"
Equisetopsida,Malpighiales,Linaceae,"Roucheria columbiana"
Equisetopsida,Fabales,Fabaceae,"Mimosa tenuiflora"
Equisetopsida,Pandanales,Cyclanthaceae,"Dicranopygium lugonis"
Equisetopsida,Lamiales,Calceolariaceae,"Calceolaria pinnata"
Equisetopsida,Poales,Bromeliaceae,"Ronnbergia veitchii"
Equisetopsida,Zingiberales,Heliconiaceae,"Heliconia velutina"
Equisetopsida,Lamiales,Calceolariaceae,"Calceolaria tenuis"
Equisetopsida,Fabales,Fabaceae,"Platymiscium stipulare"
Equisetopsida,Alismatales,Araceae,"Heteropsis flexuosa"
Equisetopsida,Alismatales,Araceae,"Heteropsis flexuosa var. flexuosa"
Equisetopsida,Alismatales,Araceae,"Heteropsis tenuispadix"
Equisetopsida,Solanales,Convolvulaceae,"Dicranostyles ampla"
Equisetopsida,Zingiberales,Heliconiaceae,"Heliconia magnifica"
Equisetopsida,Malpighiales,Salicaceae,"Ryania speciosa"
Equisetopsida,Malpighiales,Salicaceae,"Ryania speciosa var. tomentosa"
Equisetopsida,Zingiberales,Heliconiaceae,"Heliconia apparicioi"
Equisetopsida,Malpighiales,Malpighiaceae,"Bunchosia argentea"
Equisetopsida,Rosales,Rhamnaceae,"Ampelozizyphus amazonicus"
Equisetopsida,Solanales,Solanaceae,"Solanum quitoense"
Equisetopsida,Malpighiales,Phyllanthaceae,"Hieronyma asperifolia"
Equisetopsida,Rosales,Urticaceae,"Pourouma cuspidata"
Equisetopsida,Ericales,Ericaceae,"Orthaea ferreyrae"
Equisetopsida,Ericales,Ericaceae,"Orthaea secundiflora"
Equisetopsida,Polypodiales,Dryopteridaceae,"Olfersia cervina"
Equisetopsida,Malpighiales,Phyllanthaceae,"Hieronyma scabra"
Equisetopsida,Fabales,Fabaceae,"Calliandra magdalenae"
Equisetopsida,Gentianales,Rubiaceae,"Hillia parasitica"
Equisetopsida,Gentianales,Apocynaceae,"Himatanthus articulatus"
Equisetopsida,Chloranthales,Chloranthaceae,"Hedyosmum dombeyanum"
Equisetopsida,Solanales,Convolvulaceae,"Dicranostyles mildbraediana"
Equisetopsida,Myrtales,Melastomataceae,"Miconia media"
Equisetopsida,Myrtales,Melastomataceae,"Miconia biglandulosa"
Equisetopsida,Malpighiales,Chrysobalanaceae,"Hirtella hispidula"
Equisetopsida,Malpighiales,Chrysobalanaceae,"Hirtella pilosissima"
Equisetopsida,Malpighiales,Chrysobalanaceae,"Hirtella racemosa"
Equisetopsida,Malpighiales,Chrysobalanaceae,"Hirtella racemosa var. hexandra"
Equisetopsida,Solanales,Solanaceae,"Solanum schlechtendalianum"
Equisetopsida,Malpighiales,Chrysobalanaceae,"Hirtella triandra subsp. triandra"
Equisetopsida,Polypodiales,Pteridaceae,"Hecistopteris pumila"
Equisetopsida,Osmundales,Osmundaceae,"Osmundastrum cinnamomeum"
Equisetopsida,Fabales,Fabaceae,"Copaifera paupera"
Equisetopsida,Solanales,Solanaceae,"Brunfelsia grandiflora subsp. grandiflora"
Equisetopsida,Alismatales,Tofieldiaceae,"Harperocallis falcata"
Equisetopsida,Celastrales,Celastraceae,"Salacia acevedoi"
Equisetopsida,Solanales,Solanaceae,"Brunfelsia grandiflora"
Equisetopsida,Malpighiales,Calophyllaceae,"Calophyllum longifolium"
Equisetopsida,Rosales,Urticaceae,"Pourouma acuminata"
Equisetopsida,Gentianales,Rubiaceae,"Hoffmannia williamsii"
Equisetopsida,Malpighiales,Euphorbiaceae,"Mabea pulcherrima"
Equisetopsida,Malpighiales,Euphorbiaceae,"Mabea speciosa"
Equisetopsida,Celastrales,Celastraceae,"Salacia opacifolia"
Equisetopsida,Solanales,Solanaceae,"Solanum sycophanta"
Equisetopsida,Asterales,Asteraceae,"Ambrosia arborescens"
Equisetopsida,Malvales,Malvaceae,"Huberodendron swietenioides"
Equisetopsida,Lycopodiales,Lycopodiaceae,"Huperzia brevifolia"
Equisetopsida,Alismatales,Araceae,"Rhodospatha moritziana"
Equisetopsida,Sapindales,Burseraceae,"Dacryodes nitens"
Equisetopsida,Poales,Cyperaceae,"Calyptrocarya bicolor"
Equisetopsida,Fabales,Fabaceae,"Mimosa guilandinae"
Equisetopsida,Poales,Cyperaceae,"Calyptrocarya glomerulata"
Equisetopsida,Gentianales,Apocynaceae,"Ambelania duckei"
Equisetopsida,Poales,Cyperaceae,"Calyptrocarya poeppigiana"
Equisetopsida,Alismatales,Araceae,"Rhodospatha katipas"
Equisetopsida,Solanales,Solanaceae,"Solanum uleanum"
Equisetopsida,Rosales,Moraceae,"Brosimum potabile"
Equisetopsida,Rosales,Moraceae,"Brosimum parinarioides"
Equisetopsida,Rosales,Moraceae,"Brosimum multinervium"
Equisetopsida,Malpighiales,Ochnaceae,"Ouratea weberbaueri"
Equisetopsida,Gentianales,Apocynaceae,"Macoubea guianensis"
Equisetopsida,Rosales,Moraceae,"Brosimum longifolium"
Equisetopsida,Gentianales,Apocynaceae,"Odontadenia puncticulosa"
Equisetopsida,Rosales,Moraceae,"Brosimum acutifolium"
Equisetopsida,Alismatales,Araceae,"Stenospermation amomifolium"
Equisetopsida,Solanales,Solanaceae,"Solanum verecundum"
Equisetopsida,Laurales,Lauraceae,"Ocotea puberula"
Equisetopsida,Laurales,Lauraceae,"Ocotea papyracea"
Equisetopsida,Polypodiales,Polypodiaceae,"Campyloneurum aphanophlebium"
Equisetopsida,Polypodiales,Polypodiaceae,"Campyloneurum nitidissimum"
Equisetopsida,Magnoliales,Annonaceae,"Oxandra xylopioides"
Equisetopsida,Laurales,Lauraceae,"Ocotea kolera"
Equisetopsida,Fabales,Fabaceae,"Macrolobium angustifolium"
Equisetopsida,Laurales,Lauraceae,"Ocotea javitensis"
Equisetopsida,Metteniusales,Metteniusaceae,"Dendrobangia boliviana"
Equisetopsida,Fabales,Fabaceae,"Macrolobium bifolium"
Equisetopsida,Poales,Bromeliaceae,"Guzmania strobilantha"
Equisetopsida,Poales,Bromeliaceae,"Guzmania squarrosa"
Equisetopsida,Poales,Bromeliaceae,"Guzmania paniculata"
Equisetopsida,Laurales,Lauraceae,"Ocotea gracilis"
Equisetopsida,Fabales,Fabaceae,"Hymenaea courbaril"
Equisetopsida,Asterales,Asteraceae,"Oyedaea buphthalmoides"
Equisetopsida,Cucurbitales,Cucurbitaceae,"Gurania rhizantha"
Equisetopsida,Gentianales,Apocynaceae,"Macropharynx spectabilis"
Equisetopsida,Lamiales,Cordiaceae,"Cordia ucayaliensis"
Equisetopsida,Malvales,Malvaceae,"Pachira insignis"
Equisetopsida,Malvales,Malvaceae,"Pachira macrocalyx"
Equisetopsida,Fabales,Fabaceae,"Hymenolobium pulcherrimum"
Equisetopsida,Dipsacales,Viburnaceae,"Sambucus peruviana"
Equisetopsida,Lamiales,Lamiaceae,"Aegiphila ulei"
Equisetopsida,Malpighiales,Chrysobalanaceae,"Hymenopus heteromorphus"
Equisetopsida,Magnoliales,Annonaceae,"Guatteria ramiflora"
Equisetopsida,Laurales,Lauraceae,"Ocotea amazonica"
Equisetopsida,Ranunculales,Menispermaceae,"Borismene japurensis"
Equisetopsida,Gentianales,Loganiaceae,"Bonyunia pulchra"
Equisetopsida,Magnoliales,Annonaceae,"Guatteria megalophylla"
Equisetopsida,Magnoliales,Annonaceae,"Guatteria guianensis"
Equisetopsida,Rosales,Moraceae,"Sorocea muriculata"
Equisetopsida,Sapindales,Meliaceae,"Guarea velutina"
Equisetopsida,Zingiberales,Zingiberaceae,"Renealmia monosperma"
Equisetopsida,Sapindales,Meliaceae,"Guarea silvatica"
Equisetopsida,Zingiberales,Zingiberaceae,"Renealmia krukovii"
Equisetopsida,Gentianales,Apocynaceae,"Rauvolfia sprucei"
Equisetopsida,Rosales,Moraceae,"Sorocea pubivena"
Equisetopsida,Rosales,Moraceae,"Sorocea pubivena subsp. hirtella"
Equisetopsida,Magnoliales,Magnoliaceae,"Magnolia juninensis"
Equisetopsida,Sapindales,Meliaceae,"Guarea glabra"
Equisetopsida,Sapindales,Meliaceae,"Guarea ecuadoriensis"
Equisetopsida,Caryophyllales,Nyctaginaceae,"Guapira myrtiflora"
Equisetopsida,Poales,Cyperaceae,"Carex polystachya"
Equisetopsida,Polypodiales,Dryopteridaceae,"Bolbitis pandurifolia"
Equisetopsida,Cyatheales,Cyatheaceae,"Cyathea conjugata"
Equisetopsida,Ericales,Sapotaceae,"Sarcaulus brasiliensis subsp. brasiliensis"
Equisetopsida,Polypodiales,Polypodiaceae,"Grammitis wolfii"
Equisetopsida,Polypodiales,Polypodiaceae,"Grammitis leucosticta"
Equisetopsida,Malpighiales,Salicaceae,"Piparea dentata"
Equisetopsida,Gentianales,Rubiaceae,"Amaioua glomerulata"
Equisetopsida,Myrtales,Melastomataceae,"Miconia abbreviata"
Equisetopsida,Malpighiales,Achariaceae,"Carpotroche longifolia"
Equisetopsida,Cyatheales,Cyatheaceae,"Cyathea dintelmannii"
Equisetopsida,Alismatales,Araceae,"Philodendron acutifolium"
Equisetopsida,Alismatales,Araceae,"Philodendron angustialatum"
Equisetopsida,Alismatales,Araceae,"Philodendron asplundii"
Equisetopsida,Proteales,Sabiaceae,"Meliosma caballeroensis"
Equisetopsida,Myrtales,Melastomataceae,"Blakea sawadae"
Equisetopsida,Alismatales,Araceae,"Philodendron attenuatum"
Equisetopsida,Alismatales,Araceae,"Philodendron brandtianum"
Equisetopsida,Fabales,Fabaceae,"Enterolobium schomburgkii"
Equisetopsida,Alismatales,Araceae,"Philodendron chinchamayense"
Equisetopsida,Fabales,Fabaceae,"Enterolobium barnebianum"
Equisetopsida,Santalales,Balanophoraceae,"Corynaea crassa"
Equisetopsida,Malpighiales,Salicaceae,"Casearia acuminata"
Equisetopsida,Myrtales,Melastomataceae,"Blakea paludosa"
Equisetopsida,Ericales,Ericaceae,"Satyria panurensis"
Equisetopsida,Gentianales,Rubiaceae,"Palicourea allenii"
Equisetopsida,Apiales,Araliaceae,"Didymopanax confusus"
Equisetopsida,Malpighiales,Ochnaceae,"Sauvagesia aliciae"
Equisetopsida,Malpighiales,Ochnaceae,"Sauvagesia erecta"
Equisetopsida,Malpighiales,Goupiaceae,"Goupia glabra"
Equisetopsida,Gentianales,Rubiaceae,"Palicourea bertieroides"
Equisetopsida,Ericales,Marcgraviaceae,"Souroubea corallina"
Equisetopsida,Gentianales,Rubiaceae,"Palicourea bolivarensis"
Equisetopsida,Gentianales,Rubiaceae,"Palicourea bracteosa"
Equisetopsida,Malpighiales,Rhizophoraceae,"Cassipourea peruviana"
Equisetopsida,Lamiales,Gesneriaceae,"Besleria variabilis"
Equisetopsida,Gentianales,Rubiaceae,"Palicourea cajamarcana"
Equisetopsida,Gentianales,Rubiaceae,"Palicourea campyloneura"
Equisetopsida,Lamiales,Gesneriaceae,"Besleria capitata"
Equisetopsida,Poales,Poaceae,"Ichnanthus nemorosus"
Equisetopsida,Lamiales,Gesneriaceae,"Besleria barclayi"
Equisetopsida,Poales,Poaceae,"Ichnanthus pallens"
Equisetopsida,Malpighiales,Euphorbiaceae,"Tetrorchidium macrophyllum"
Equisetopsida,Malpighiales,Clusiaceae,"Tovomita laurina"
Equisetopsida,Polypodiales,Tectariaceae,"Tectaria pilosa"
Equisetopsida,Hymenophyllales,Hymenophyllaceae,"Trichomanes pinnatum"
Equisetopsida,Alismatales,Araceae,"Syngonium podophyllum var. podophyllum"
Equisetopsida,Fabales,Fabaceae,"Tachigali bracteosa"
Equisetopsida,Fabales,Fabaceae,"Tachigali cenepensis"
Equisetopsida,Oxalidales,Cunoniaceae,"Weinmannia spruceana"
Equisetopsida,Oxalidales,Cunoniaceae,"Weinmannia sorbifolia"
Equisetopsida,Fabales,Fabaceae,"Tachigali chrysophylla"
Equisetopsida,Gentianales,Loganiaceae,"Strychnos bredemeyeri"
Equisetopsida,Oxalidales,Cunoniaceae,"Weinmannia jelskii"
Equisetopsida,Hymenophyllales,Hymenophyllaceae,"Trichomanes lucens"
Equisetopsida,Magnoliales,Annonaceae,"Unonopsis spectabilis"
Equisetopsida,Polypodiales,Thelypteridaceae,"Thelypteris glandulosa"
Equisetopsida,Sapindales,Rutaceae,"Zanthoxylum melanostictum"
Equisetopsida,Polypodiales,Thelypteridaceae,"Thelypteris glandulosa var. brachyodus"
Equisetopsida,Fabales,Fabaceae,"Tachigali formicarum"
Equisetopsida,Sapindales,Anacardiaceae,"Tapirira retusa"
Equisetopsida,Sapindales,Sapindaceae,"Toulicia reticulata"
Equisetopsida,Fabales,Fabaceae,"Tachigali guianensis"
Equisetopsida,Fabales,Fabaceae,"Tachigali inconspicua"
Equisetopsida,Poales,Bromeliaceae,"Vriesea dubia"
Equisetopsida,Gentianales,Gentianaceae,"Voyria tenella"
Equisetopsida,Myrtales,Vochysiaceae,"Vochysia venulosa"
Equisetopsida,Ericales,Pentaphylacaceae,"Ternstroemia pachytrocha"
Equisetopsida,Fabales,Fabaceae,"Vatairea erythrocarpa"
Equisetopsida,Myrtales,Myrtaceae,"Syzygium borbonicum"
Equisetopsida,Fabales,Fabaceae,"Zygia coccinea var. coccinea"
Equisetopsida,Fabales,Fabaceae,"Tachigali pilosa"
Equisetopsida,Gentianales,Loganiaceae,"Strychnos toxifera"
Equisetopsida,Malpighiales,Hypericaceae,"Vismia baccifera"
Equisetopsida,Ericales,Ericaceae,"Themistoclesia david-smithii"
Equisetopsida,Ericales,Ericaceae,"Themistoclesia gigantiflora"
Equisetopsida,Malpighiales,Malpighiaceae,"Tetrapterys crispa"
Equisetopsida,Magnoliales,Annonaceae,"Xylopia calophylla"
Equisetopsida,Gentianales,Loganiaceae,"Strychnos solimoesana"
Equisetopsida,Gentianales,Loganiaceae,"Strychnos schunkei"
Equisetopsida,Magnoliales,Myristicaceae,"Virola marlenei"
Equisetopsida,Ericales,Ericaceae,"Thibaudia crenulata"
Equisetopsida,Sapindales,Burseraceae,"Trattinnickia aspera"
Equisetopsida,Gentianales,Loganiaceae,"Strychnos peckii"
Equisetopsida,Magnoliales,Myristicaceae,"Virola caducifolia"
Equisetopsida,Magnoliales,Myristicaceae,"Virola albidiflora"
Equisetopsida,Malvales,Malvaceae,"Theobroma subincanum"
Equisetopsida,Hymenophyllales,Hymenophyllaceae,"Trichomanes rigidum"
Equisetopsida,Gentianales,Rubiaceae,"Tournefortiopsis dependens"
Equisetopsida,Gentianales,Rubiaceae,"Tournefortiopsis crispiflora subsp. Discolor"
Equisetopsida,Hymenophyllales,Hymenophyllaceae,"Trichomanes diversifrons"
Equisetopsida,Sapindales,Burseraceae,"Trattinnickia boliviana"
Equisetopsida,Gentianales,Apocynaceae,"Tabernaemontana cymosa"
Equisetopsida,Gentianales,Apocynaceae,"Tabernaemontana flavicans"
Equisetopsida,Myrtales,Melastomataceae,"Triolena amazonica"
Equisetopsida,Hymenophyllales,Hymenophyllaceae,"Trichomanes cellulosum"
Equisetopsida,Alismatales,Araceae,"Xanthosoma viviparum"
Equisetopsida,Alismatales,Araceae,"Xanthosoma pubescens"
Equisetopsida,Alismatales,Araceae,"Xanthosoma hylaeae"
Equisetopsida,Sapindales,Meliaceae,"Trichilia adolfi"
Equisetopsida,Celastrales,Celastraceae,"Tontelea corymbosa"
Equisetopsida,Celastrales,Celastraceae,"Tontelea passiflora"
Equisetopsida,Gentianales,Gentianaceae,"Tapeinostemon zamoranus"
Equisetopsida,Polypodiales,Tectariaceae,"Tectaria antioquoiana"
Equisetopsida,Polypodiales,Thelypteridaceae,"Thelypteris angustifolia"
Equisetopsida,Lamiales,Lentibulariaceae,"Utricularia subulata"
Equisetopsida,Poales,Poaceae,"Streptogyna americana"
Equisetopsida,Sapindales,Rutaceae,"Zanthoxylum acuminatum"
Equisetopsida,Poales,Eriocaulaceae,"Syngonanthus caulescens"
Equisetopsida,Dilleniales,Dilleniaceae,"Tetracera volubilis"
Equisetopsida,Lamiales,Bignoniaceae,"Tabebuia insignis"
Equisetopsida,Malpighiales,Clusiaceae,"Tovomita stylosa"
Equisetopsida,Lamiales,Acanthaceae,"Trichosanchezia chrysothrix"
Equisetopsida,Fabales,Fabaceae,"Zygia unifoliolata"
Equisetopsida,Fabales,Fabaceae,"Tachigali paniculata"
Equisetopsida,Malpighiales,Clusiaceae,"Tovomitopsis membranacea"
Equisetopsida,Lamiales,Lentibulariaceae,"Utricularia hispida"
Equisetopsida,Magnoliales,Annonaceae,"Xylopia aromatica"
Equisetopsida,Sapindales,Rutaceae,"Zanthoxylum ekmanii"
Equisetopsida,Myrtales,Combretaceae,"Terminalia parvifolia"
Equisetopsida,Magnoliales,Myristicaceae,"Virola peruviana"
Equisetopsida,Lamiales,Bignoniaceae,"Tynanthus polyanthus"
Equisetopsida,Poales,Poaceae,"Trichanthecium parvifolium"
Equisetopsida,Poales,Poaceae,"Trichanthecium cyanescens"
Equisetopsida,Myrtales,Melastomataceae,"Miconia albicans"
Equisetopsida,Myrtales,Melastomataceae,"Miconia aureoides"
Equisetopsida,Myrtales,Melastomataceae,"Miconia caquetana"
Equisetopsida,Myrtales,Melastomataceae,"Miconia chaetodonta"
Equisetopsida,Myrtales,Melastomataceae,"Miconia cinnamomea"
Equisetopsida,Myrtales,Melastomataceae,"Miconia dependens"
Equisetopsida,Myrtales,Melastomataceae,"Miconia formicojuruensis"
Equisetopsida,Myrtales,Melastomataceae,"Miconia myriantha"
Equisetopsida,Myrtales,Melastomataceae,"Miconia neosecunda"
Equisetopsida,Myrtales,Melastomataceae,"Miconia prasina"
Equisetopsida,Myrtales,Melastomataceae,"Miconia richardsprucei"
Equisetopsida,Myrtales,Melastomataceae,"Miconia rufescens"
Equisetopsida,Asterales,Asteraceae,"Mikania psilostachya"
Equisetopsida,Myrtales,Melastomataceae,"Miconia stenostachya"
Equisetopsida,Myrtales,Melastomataceae,"Miconia violascens"
Equisetopsida,Malpighiales,Euphorbiaceae,"Micrandra spruceana"
Equisetopsida,Polypodiales,Polypodiaceae,"Microgramma baldwinii"
Equisetopsida,Ericales,Sapotaceae,"Micropholis mensalis"
Equisetopsida,Polypodiales,Polypodiaceae,"Microgramma persicariifolia"
Equisetopsida,Ericales,Sapotaceae,"Micropholis gnaphaloclados"
Equisetopsida,Sapindales,Sapindaceae,"Allophylus peruvianus"
Equisetopsida,Lamiales,Bignoniaceae,"Sparattosperma leucanthum"
Equisetopsida,Solanales,Solanaceae,"Solanum proteanthum"
Equisetopsida,Lamiales,Bignoniaceae,"Amphilophium aschersonii"
Equisetopsida,Lamiales,Bignoniaceae,"Amphilophium elongatum"
Equisetopsida,Lamiales,Bignoniaceae,"Amphilophium magnoliifolium"
Equisetopsida,Lamiales,Bignoniaceae,"Amphilophium occidentale"
Equisetopsida,Poales,Bromeliaceae,"Ananas comosus"
Equisetopsida,Poales,Poaceae,"Andropogon selloanus"
Equisetopsida,Poales,Poaceae,"Andropogon virgatus"
Equisetopsida,Polypodiales,Pteridaceae,"Anetium citrifolium"
Equisetopsida,Liliales,Smilacaceae,"Smilax maypurensis"
Equisetopsida,Malvales,Malvaceae,"Apeiba tibourbou"
Equisetopsida,Laurales,Siparunaceae,"Siparuna gesnerioides"
Equisetopsida,Ericales,Primulaceae,"Ardisia guianensis"
Equisetopsida,Poales,Poaceae,"Aristida longifolia"
Equisetopsida,Pandanales,Cyclanthaceae,"Asplundia acuminata"
Equisetopsida,Pandanales,Cyclanthaceae,"Asplundia ecuadoriensis"
Equisetopsida,Fabales,Fabaceae,"Senna multijuga"
Equisetopsida,Sapindales,Anacardiaceae,"Astronium fraxinifolium"
Equisetopsida,Sapindales,Anacardiaceae,"Astronium lecointei"
Equisetopsida,Fabales,Fabaceae,"Bauhinia brachycalyx"
Equisetopsida,Myrtales,Melastomataceae,"Bellucia grossularioides"
Equisetopsida,Gentianales,Apocynaceae,"Blepharodon pictum"
Equisetopsida,Fabales,Polygalaceae,"Bredemeyera divaricata"
Equisetopsida,Fabales,Polygalaceae,"Bredemeyera floribunda"
Equisetopsida,Lamiales,Acanthaceae,"Stenostephanus crenulatus"
Equisetopsida,Myrtales,Melastomataceae,"Salpinga secunda"
Equisetopsida,Rosales,Moraceae,"Brosimum utile"
Equisetopsida,Celastrales,Celastraceae,"Salacia gigantea"
Equisetopsida,Malpighiales,Euphorbiaceae,"Sagotia racemosa"
Equisetopsida,Lamiales,Orobanchaceae,"Buchnera rosea"
Equisetopsida,Poales,Poaceae,"Sacciolepis angustissima"
Equisetopsida,Gentianales,Rubiaceae,"Sabicea umbellata"
Equisetopsida,Poales,Cyperaceae,"Bulbostylis junciformis"
Equisetopsida,Dioscoreales,Burmanniaceae,"Burmannia bicolor"
Equisetopsida,Nymphaeales,Cabombaceae,"Cabomba furcata"
Equisetopsida,Gentianales,Rubiaceae,"Rudgea stipulacea"
Equisetopsida,Gentianales,Rubiaceae,"Rudgea guyanensis"
Equisetopsida,Poales,Cyperaceae,"Rhynchospora tenuis"
Equisetopsida,Poales,Cyperaceae,"Rhynchospora rugosa"
Equisetopsida,Poales,Cyperaceae,"Rhynchospora globosa"
Equisetopsida,Poales,Cyperaceae,"Rhynchospora comata"
Equisetopsida,Poales,Cyperaceae,"Rhynchospora cephalotes"
Equisetopsida,Poales,Cyperaceae,"Rhynchospora barbata"
Equisetopsida,Polypodiales,Polypodiaceae,"Campyloneurum repens"
Equisetopsida,Fabales,Fabaceae,"Canavalia ensiformis"
Equisetopsida,Gentianales,Rubiaceae,"Remijia macrocnemia"
Equisetopsida,Gentianales,Rubiaceae,"Remijia firmula"
Equisetopsida,Malpighiales,Salicaceae,"Casearia uleana"
Equisetopsida,Santalales,Olacaceae,"Cathedra acuminata"
Equisetopsida,Cucurbitales,Cucurbitaceae,"Cayaponia oppositifolia"
Equisetopsida,Myrtales,Vochysiaceae,"Qualea tessmannii"
Equisetopsida,Myrtales,Vochysiaceae,"Qualea multiflora"
Equisetopsida,Asterales,Campanulaceae,"Centropogon densiflorus"
Equisetopsida,Asterales,Campanulaceae,"Centropogon loretensis"
Equisetopsida,Malpighiales,Peraceae,"Chaetocarpus echinocarpus"
Equisetopsida,Fabales,Fabaceae,"Chamaecrista adiantifolia"
Equisetopsida,Gentianales,Rubiaceae,"Psychotria santaremica"
Equisetopsida,Gentianales,Rubiaceae,"Psychotria pedunculosa"
Equisetopsida,Gentianales,Rubiaceae,"Psychotria alba"
Equisetopsida,Myrtales,Melastomataceae,"Aciotis acuminifolia"
Equisetopsida,Malpighiales,Malpighiaceae,"Christianella surinamensis"
Equisetopsida,Malpighiales,Clusiaceae,"Chrysochlamys ulei"
Equisetopsida,Oxalidales,Connaraceae,"Pseudoconnarus macrophyllus"
Equisetopsida,Sapindales,Burseraceae,"Protium opacum"
Equisetopsida,Sapindales,Burseraceae,"Protium nodulosum"
Equisetopsida,Sapindales,Burseraceae,"Protium apiculatum"
Equisetopsida,Sapindales,Burseraceae,"Protium altsonii"
Equisetopsida,Malpighiales,Euphorbiaceae,"Cnidoscolus tubulosus"
Equisetopsida,Lamiales,Gesneriaceae,"Codonanthe crassifolia"
Equisetopsida,Lamiales,Gesneriaceae,"Codonanthe uleana"
Equisetopsida,Rosales,Cannabaceae,"Pouzolzia obliqua"
Equisetopsida,Ericales,Sapotaceae,"Pouteria ramiflora"
Equisetopsida,Malpighiales,Euphorbiaceae,"Conceveiba guianensis"
Equisetopsida,Ericales,Sapotaceae,"Pouteria multiflora"
Equisetopsida,Ericales,Sapotaceae,"Pouteria hispida"
Equisetopsida,Ericales,Sapotaceae,"Pouteria glauca"
Equisetopsida,Rosales,Urticaceae,"Pourouma cucura"
Equisetopsida,Lamiales,Cordiaceae,"Cordia sericicalyx"
Equisetopsida,Magnoliales,Annonaceae,"Porcelia ponderosa"
Equisetopsida,Zingiberales,Costaceae,"Costus longibracteolatus"
Equisetopsida,Malpighiales,Chrysobalanaceae,"Couepia canomensis"
Equisetopsida,Brassicales,Capparaceae,"Crateva tapia"
Equisetopsida,Magnoliales,Annonaceae,"Cremastosperma monospermum"
Equisetopsida,Magnoliales,Annonaceae,"Cremastosperma pacificum"
Equisetopsida,Malpighiales,Euphorbiaceae,"Croton cuneatus"
Equisetopsida,Malpighiales,Euphorbiaceae,"Croton trinitatis"
Equisetopsida,Fabales,Fabaceae,"Crudia glaberrima"
Equisetopsida,Solanales,Solanaceae,"Cuatresia fosteriana"
Equisetopsida,Sapindales,Sapindaceae,"Cupania scrobiculata"
Equisetopsida,Dilleniales,Dilleniaceae,"Curatella americana"
Equisetopsida,Laurales,Lauraceae,"Pleurothyrium bifidum"
Equisetopsida,Lamiales,Bignoniaceae,"Pleonotoma variabilis"
Equisetopsida,Ericales,Primulaceae,"Cybianthus guyanensis"
Equisetopsida,Poales,Cyperaceae,"Cyperus haspan"
Equisetopsida,Poales,Cyperaceae,"Cyperus luzulae"
Equisetopsida,Piperales,Piperaceae,"Piper schunkeanum"
Equisetopsida,Piperales,Piperaceae,"Piper reticulatum"
Equisetopsida,Piperales,Piperaceae,"Piper longestylosum"
Equisetopsida,Myrtales,Melastomataceae,"Desmoscelis villosa"
Equisetopsida,Piperales,Piperaceae,"Piper demeraranum"
Equisetopsida,Gleicheniales,Gleicheniaceae,"Dicranopteris flexuosa"
Equisetopsida,Piperales,Piperaceae,"Piper adreptum"
Equisetopsida,Alismatales,Araceae,"Dieffenbachia humilis"
Equisetopsida,Malpighiales,Malpighiaceae,"Adelphia hiraea"
Equisetopsida,Dilleniales,Dilleniaceae,"Doliocarpus multiflorus"
Equisetopsida,Caryophyllales,Droseraceae,"Drosera montana"
Equisetopsida,Malpighiales,Putranjivaceae,"Drypetes gentryi"
Equisetopsida,Malpighiales,Phyllanthaceae,"Phyllanthus stipulatus"
Equisetopsida,Ericales,Sapotaceae,"Elaeoluma glabrescens"
Equisetopsida,Poales,Poaceae,"Elionurus muticus"
Equisetopsida,Metteniusales,Metteniusaceae,"Emmotum nitens"
Equisetopsida,Alismatales,Araceae,"Philodendron fibrillosum"
Equisetopsida,Alismatales,Araceae,"Philodendron brevispathum"
Equisetopsida,Malpighiales,Erythroxylaceae,"Erythroxylum loretense"
Equisetopsida,Polypodiales,Pteridaceae,"Adiantum argutum"
Equisetopsida,Polypodiales,Pteridaceae,"Adiantum humile"
Equisetopsida,Rosales,Moraceae,"Perebea tessmannii"
Equisetopsida,Rosales,Moraceae,"Perebea mennegae"
Equisetopsida,Myrtales,Myrtaceae,"Eugenia cupulata"
Equisetopsida,Polypodiales,Pteridaceae,"Adiantum petiolatum"
Equisetopsida,Pandanales,Cyclanthaceae,"Evodianthus funifer"
Equisetopsida,Malvales,Malvaceae,"Pavonia oxyphyllaria"
Equisetopsida,Malvales,Malvaceae,"Pavonia leucantha"
Equisetopsida,Sapindales,Sapindaceae,"Paullinia setosa"
Equisetopsida,Sapindales,Sapindaceae,"Paullinia largifolia"
Equisetopsida,Sapindales,Sapindaceae,"Paullinia eriocarpa"
Equisetopsida,Sapindales,Sapindaceae,"Paullinia cuneata"
Equisetopsida,Sapindales,Sapindaceae,"Paullinia clathrata"
Equisetopsida,Gentianales,Rubiaceae,"Faramea amplifolia"
Equisetopsida,Polypodiales,Pteridaceae,"Adiantum serratodentatum"
Equisetopsida,Polypodiales,Pteridaceae,"Adiantum terminatum"
Equisetopsida,Poales,Poaceae,"Paspalum foliiforme"
Equisetopsida,Lamiales,Bignoniaceae,"Fridericia florida"
Equisetopsida,Magnoliales,Annonaceae,"Fusaea longifolia"
Equisetopsida,Poales,Bromeliaceae,"Aechmea mertensii"
Equisetopsida,Lamiales,Gesneriaceae,"Gasteranthus corallinus"
Equisetopsida,Malpighiales,Chrysobalanaceae,"Gaulettia parillo"
Equisetopsida,Poales,Poaceae,"Panicum rudgei"
Equisetopsida,Gentianales,Rubiaceae,"Palicourea prunifolia"
Equisetopsida,Gentianales,Rubiaceae,"Palicourea longicuspis"
Equisetopsida,Gentianales,Rubiaceae,"Palicourea fusiformis"
Equisetopsida,Zingiberales,Marantaceae,"Goeppertia attenuata"
Equisetopsida,Myrtales,Melastomataceae,"Graffenrieda weddellii"
Equisetopsida,Sapindales,Meliaceae,"Guarea carinata"
Equisetopsida,Lamiales,Lamiaceae,"Aegiphila panamensis"
Equisetopsida,Sapindales,Meliaceae,"Guarea purusana"
Equisetopsida,Magnoliales,Annonaceae,"Guatteria decurrens"
Equisetopsida,Magnoliales,Annonaceae,"Guatteria foliosa"
Equisetopsida,Magnoliales,Annonaceae,"Guatteria longicuspis"
Equisetopsida,Magnoliales,Annonaceae,"Guatteria maypurensis"
Equisetopsida,Magnoliales,Annonaceae,"Guatteria scalarinervia"
Equisetopsida,Malvales,Malvaceae,"Pachira paraensis"
Equisetopsida,Poales,Bromeliaceae,"Guzmania melinonis"
Equisetopsida,Magnoliales,Annonaceae,"Oxandra riedeliana"
Equisetopsida,Malpighiales,Ochnaceae,"Ouratea pendula"
Equisetopsida,Malpighiales,Ochnaceae,"Ouratea iquitosensis"
Equisetopsida,Magnoliales,Myristicaceae,"Otoba glycycarpa"
Equisetopsida,Malpighiales,Linaceae,"Hebepetalum humiriifolium"
Equisetopsida,Santalales,Olacaceae,"Heisteria ovata"
Equisetopsida,Santalales,Olacaceae,"Heisteria pacifica"
Equisetopsida,Zingiberales,Heliconiaceae,"Heliconia acuminata"
Equisetopsida,Zingiberales,Heliconiaceae,"Heliconia psittacorum"
Equisetopsida,Magnoliales,Annonaceae,"Onychopetalum periquino"
Equisetopsida,Gentianales,Apocynaceae,"Himatanthus bracteatus"
Equisetopsida,Malpighiales,Chrysobalanaceae,"Hirtella gracilipes"
Equisetopsida,Poales,Poaceae,"Oedochloa procurrens"
Equisetopsida,Gentianales,Apocynaceae,"Odontadenia lutea"
Equisetopsida,Malpighiales,Chrysobalanaceae,"Hymenopus caudatus"
Equisetopsida,Fabales,Fabaceae,"Inga venusta"
Equisetopsida,Magnoliales,Myristicaceae,"Iryanthera tessmannii"
Equisetopsida,Zingiberales,Marantaceae,"Ischnosiphon arouma"
Equisetopsida,Zingiberales,Marantaceae,"Ischnosiphon killipii"
Equisetopsida,Santalales,Opiliaceae,"Agonandra brasiliensis"
Equisetopsida,Gentianales,Rubiaceae,"Isertia rosea"
Equisetopsida,Polypodiales,Nephrolepidaceae,"Nephrolepis rivularis"
Equisetopsida,Lamiales,Bignoniaceae,"Jacaranda obtusifolia"
Equisetopsida,Lamiales,Acanthaceae,"Justicia boliviana"
Equisetopsida,Caryophyllales,Nyctaginaceae,"Neea virens"
Equisetopsida,Caryophyllales,Nyctaginaceae,"Neea laxa"
Equisetopsida,Malpighiales,Lacistemataceae,"Lacistema nena"
Equisetopsida,Laurales,Lauraceae,"Nectandra latissima"
Equisetopsida,Laurales,Lauraceae,"Nectandra globosa"
Equisetopsida,Lamiales,Gesneriaceae,"Nautilocalyx ecuadoranus"
Equisetopsida,Lamiales,Verbenaceae,"Lantana camara"
Equisetopsida,Lamiales,Verbenaceae,"Lantana cujabensis"
Equisetopsida,Lamiales,Verbenaceae,"Lantana trifolia"
Equisetopsida,Poales,Poaceae,"Lasiacis divaricata"
Equisetopsida,Malpighiales,Chrysobalanaceae,"Leptobalanus octandrus"
Equisetopsida,Malpighiales,Chrysobalanaceae,"Licania harlingii"
Equisetopsida,Malpighiales,Chrysobalanaceae,"Licania silvae"
Equisetopsida,Laurales,Lauraceae,"Licaria armeniaca"
Equisetopsida,Myrtales,Myrtaceae,"Myrcia simulata"
Equisetopsida,Myrtales,Myrtaceae,"Myrciaria floribunda"
Equisetopsida,Myrtales,Myrtaceae,"Myrciaria dubia"
Equisetopsida,Myrtales,Myrtaceae,"Myrcia neovelutina"
Equisetopsida,Myrtales,Myrtaceae,"Myrcia neesiana"
Equisetopsida,Polypodiales,Lindsaeaceae,"Lindsaea stricta"
Equisetopsida,Myrtales,Myrtaceae,"Myrcia lonchophylla"
Equisetopsida,Myrtales,Myrtaceae,"Myrcia florifera"
Equisetopsida,Myrtales,Myrtaceae,"Myrcia bracteata"
Equisetopsida,Lamiales,Verbenaceae,"Lippia alba"
Equisetopsida,Poales,Poaceae,"Loudetia flammida"
Equisetopsida,Myrtales,Onagraceae,"Ludwigia nervosa"
Equisetopsida,Lamiales,Bignoniaceae,"Lundia densiflora"
Equisetopsida,Solanales,Solanaceae,"Lycianthes repens"
Equisetopsida,Malpighiales,Euphorbiaceae,"Mabea elata"
Equisetopsida,Malpighiales,Euphorbiaceae,"Mabea fistulifera"
Equisetopsida,Malpighiales,Euphorbiaceae,"Mabea occidentalis"
Equisetopsida,Malpighiales,Euphorbiaceae,"Mabea subsessilis"
Equisetopsida,Fabales,Fabaceae,"Machaerium guanaiense"
Equisetopsida,Fabales,Fabaceae,"Machaerium kegelii"
Equisetopsida,Fabales,Fabaceae,"Machaerium multifoliolatum"
Equisetopsida,Fabales,Fabaceae,"Machaerium mutisii"
Equisetopsida,Malpighiales,Euphorbiaceae,"Manihot brachyloba"
Equisetopsida,Malpighiales,Euphorbiaceae,"Maprounea guianensis"
Equisetopsida,Ericales,Marcgraviaceae,"Marcgravia flagellaris"
Equisetopsida,Solanales,Solanaceae,"Markea coccinea"
Equisetopsida,Myrtales,Melastomataceae,"Mouriri floribunda"
Equisetopsida,Myrtales,Melastomataceae,"Mouriri cauliflora"
Equisetopsida,Myrtales,Melastomataceae,"Mouriri apiranga"
Equisetopsida,Myrtales,Melastomataceae,"Mouriri acutiflora"
Equisetopsida,Malvales,Malvaceae,"Matisia ochrocalyx"
Equisetopsida,Malpighiales,Chrysobalanaceae,"Moquilea brittoniana"
Equisetopsida,Alismatales,Araceae,"Monstera dubia"
Equisetopsida,Zingiberales,Marantaceae,"Monotagma juruanum"
Equisetopsida,Proteales,Sabiaceae,"Meliosma loretoyacuensis"
Equisetopsida,Commelinales,Commelinaceae,"Floscopa robusta"
Equisetopsida,Lamiales,Acanthaceae,"Ruellia yurimaguensis"
Equisetopsida,Fabales,Fabaceae,"Peltophorum dubium"
Equisetopsida,Alismatales,Alismataceae,"Aquarius horizontalis"
Equisetopsida,Malpighiales,Clusiaceae,"Chrysochlamys montieliae"
Equisetopsida,Rosales,Moraceae,"Naucleopsis concinna"
Equisetopsida,Piperales,Aristolochiaceae,"Aristolochia brachylimba"
Equisetopsida,Myrtales,Melastomataceae,"Miconia verruculosa"
Equisetopsida,Myrtales,Melastomataceae,"Blakea henripittieri"
Equisetopsida,Myrtales,Melastomataceae,"Blakea brasiliensis"
Equisetopsida,Polypodiales,Polypodiaceae,"Microgramma acatallela"
Equisetopsida,Myrtales,Melastomataceae,"Miconia cauingia"
Equisetopsida,Lamiales,Gesneriaceae,"Besleria vanderwerffii"
Equisetopsida,Lamiales,Gesneriaceae,"Besleria azulensis"
Equisetopsida,Asterales,Asteraceae,"Stenopadus andicola"
Equisetopsida,Lamiales,Bignoniaceae,"Handroanthus capitatus"
Equisetopsida,Schizaeales,Schizaeaceae,"Schizaea poeppigiana"
Equisetopsida,Malpighiales,Putranjivaceae,"Drypetes azulensis"
Equisetopsida,Ranunculales,Menispermaceae,"Abuta grisebachii"
Equisetopsida,Lamiales,Gesneriaceae,"Paradrymonia vivianensis"
Equisetopsida,Malpighiales,Euphorbiaceae,"Plukenetia loretensis"
Equisetopsida,Lamiales,Acanthaceae,"Pulchranthus adenostachyus"
Equisetopsida,Schizaeales,Schizaeaceae,"Actinostachys pennula"
Equisetopsida,Fabales,Fabaceae,"Parkia nana"
Equisetopsida,Lamiales,Acanthaceae,"Pachystachys coccinea"
Equisetopsida,Alismatales,Araceae,"Anthurium regale"
Equisetopsida,Polypodiales,Dennstaedtiaceae,"Pteridium esculentum subsp. arachnoideum"
Equisetopsida,Gentianales,Apocynaceae,"Tassadia decalepis"
Equisetopsida,Gentianales,Apocynaceae,"Tassadia obovata"
Equisetopsida,Magnoliales,Myristicaceae,"Virola pseudosebifera"
Equisetopsida,Magnoliales,Myristicaceae,"Virola parvusligna"
Equisetopsida,Polypodiales,Thelypteridaceae,"Thelypteris vivipara"
Equisetopsida,Dipsacales,Caprifoliaceae,"Valeriana jasminoides"
Equisetopsida,Polypodiales,Polypodiaceae,"Terpsichore bipinnata"
Equisetopsida,Oxalidales,Cunoniaceae,"Weinmannia cochensis"
Equisetopsida,Alismatales,Araceae,"Xanthosoma puberulum"
Equisetopsida,Oxalidales,Cunoniaceae,"Weinmannia glomerata"
Equisetopsida,Ericales,Styracaceae,"Styrax nunezii"
Equisetopsida,Hymenophyllales,Hymenophyllaceae,"Trichomanes diaphanum"
Equisetopsida,Rosales,Cannabaceae,"Trema micrantha"
Equisetopsida,Ericales,Ericaceae,"Thibaudia dudleyi"
Equisetopsida,Malpighiales,Euphorbiaceae,"Tetrorchidium rubrivenium"
Equisetopsida,Ranunculales,Berberidaceae,"Berberis saxicola"
Equisetopsida,Piperales,Piperaceae,"Piper incomptum"
Equisetopsida,Solanales,Convolvulaceae,"Ipomoea digitata"
Equisetopsida,Ericales,Ericaceae,"Demosthenesia cordifolia"
Equisetopsida,Poales,Bromeliaceae,"Bromelia goeldiana"
Equisetopsida,Gentianales,Rubiaceae,"Palicourea microcarpa"
Equisetopsida,Polypodiales,Lomariopsidaceae,"Lomariopsis prieuriana"
Equisetopsida,Polypodiales,Polypodiaceae,"Ascogrammitis athyrioides"
Equisetopsida,Ericales,Marcgraviaceae,"Marcgravia caudata"
Equisetopsida,Rosales,Rosaceae,"Polylepis argentea"
Equisetopsida,Rosales,Rosaceae,"Polylepis besseri"
Equisetopsida,Rosales,Rosaceae,"Polylepis canoi"
Equisetopsida,Ericales,Ericaceae,"Diogenesia octandra"
Equisetopsida,Sapindales,Rutaceae,"Cayaponia capitata"
Equisetopsida,Lamiales,Acanthaceae,"Aphelandra weberbaueri"
Equisetopsida,Alismatales,Araceae,"Anthurium poyenense"
Equisetopsida,Sapindales,Rutaceae,"Cayaponia tubulosa"
Equisetopsida,Laurales,Lauraceae,"Ocotea tessmannii"
Equisetopsida,Polypodiales,Pteridaceae,"Jamesonia alstonii"
Equisetopsida,Apiales,Araliaceae,"Sciodaphyllum mathewsii"
Equisetopsida,Apiales,Araliaceae,"Sciodaphyllum dolichostylum"
Equisetopsida,Apiales,Araliaceae,"Sciodaphyllum angulatum"
Equisetopsida,Piperales,Piperaceae,"Peperomia jamesoniana"
Equisetopsida,Polypodiales,Polypodiaceae,"Polypodium loriceum"
Equisetopsida,Polypodiales,Polypodiaceae,"Polypodium triseriale"
Equisetopsida,Fabales,Fabaceae,"Dioclea ucayalina"
Equisetopsida,Celastrales,Celastraceae,"Maytenus magnifolia"
Equisetopsida,Gentianales,Rubiaceae,"Palicourea paratinctoria"
Equisetopsida,Celastrales,Celastraceae,"Salacia macrophylla"
Equisetopsida,Cyatheales,Cyatheaceae,"Alsophila engelii"
Equisetopsida,Lamiales,Acanthaceae,"Justicia ulei"
Equisetopsida,Fabales,Fabaceae,"Amburana acreana"
Equisetopsida,Laurales,Lauraceae,"Licaria capitata"
Equisetopsida,Ericales,Ericaceae,"Demosthenesia oppositifolia"
Equisetopsida,Alismatales,Araceae,"Anthurium soukupii"
Equisetopsida,Malpighiales,Passifloraceae,"Passiflora pascoensis"
Equisetopsida,Fabales,Fabaceae,"Machaerium pittieri"
Equisetopsida,Boraginales,Boraginaceae,"Cordia alliodora"
Equisetopsida,Malpighiales,Salicaceae,"Banara arguta"
Equisetopsida,Alismatales,Araceae,"Anthurium friedrichsthalii"
Equisetopsida,Asterales,Asteraceae,"Mikania ternata"
Equisetopsida,Myrtales,Melastomataceae,"Miconia ciliata"
Equisetopsida,Ericales,Marcgraviaceae,"Souroubea bicolor"
Equisetopsida,Aquifoliales,Aquifoliaceae,"Ilex ovalis"
Equisetopsida,Piperales,Piperaceae,"Peperomia maculosa"
Equisetopsida,Solanales,Solanaceae,"Schultesianthus dudleyi"
Equisetopsida,Cucurbitales,Begoniaceae,"Begonia exalata"
Equisetopsida,Poales,Eriocaulaceae,"Paepalanthus pilosus"
Equisetopsida,Polypodiales,Polypodiaceae,"Mycopteris taxifolia"
Equisetopsida,Cyatheales,Cyatheaceae,"Cyathea serpens"
Equisetopsida,Celastrales,Celastraceae,"Salacia macrocarpa"
Equisetopsida,Celastrales,Celastraceae,"Hylenaea praecelsa"
Equisetopsida,Polypodiales,Athyriaceae,"Diplazium expansum"
Equisetopsida,Gentianales,Rubiaceae,"Palicourea tunquiensis"
Equisetopsida,Poales,Poaceae,"Aulonemia queko"
Equisetopsida,Gentianales,Rubiaceae,"Palicourea steinbachii"
Equisetopsida,Gentianales,Rubiaceae,"Faramea phyllonomoides"
Equisetopsida,Gentianales,Rubiaceae,"Elaeagia mollis"
Equisetopsida,Polypodiales,Polypodiaceae,"Enterosora parietina"
Equisetopsida,Fabales,Fabaceae,"Macropsychanthus ucayalinus"
Equisetopsida,Lamiales,Acanthaceae,"Stenostephanus brevistamineus"
Equisetopsida,Alismatales,Araceae,"Dieffenbachia killipii"
Equisetopsida,Polypodiales,Aspleniaceae,"Asplenium cristatum"
Equisetopsida,Polypodiales,Polypodiaceae,"Serpocaulon intricatum"
Equisetopsida,Asterales,Asteraceae,"Cineraria anampoza subvar. hygrophila"
Equisetopsida,Polypodiales,Aspleniaceae,"Asplenium delicatulum"
Equisetopsida,Ericales,Primulaceae,"Ardisia weberbaueri"
Equisetopsida,Polypodiales,Aspleniaceae,"Asplenium juglandifolium"
Equisetopsida,Lamiales,Acanthaceae,"Justicia siraensis"
Equisetopsida,Polypodiales,Polypodiaceae,"Serpocaulon appressum"
Equisetopsida,Ericales,Pentaphylacaceae,"Freziera revoluta"
Equisetopsida,Poales,Bromeliaceae,"Greigia raporum"
Equisetopsida,Poales,Bromeliaceae,"Greigia vilcabambae"
Equisetopsida,Polypodiales,Polypodiaceae,"Alansmia variabilis"
Equisetopsida,Myrtales,Myrtaceae,"Eugenia patens"
Equisetopsida,Caryophyllales,Nyctaginaceae,"Neea amplifolia"
Equisetopsida,Myrtales,Myrtaceae,"Myrteola nummularia"
Equisetopsida,Ericales,Ericaceae,"Demosthenesia vilcabambensis"
Equisetopsida,Piperales,Piperaceae,"Peperomia ellsworthii"
Equisetopsida,Alismatales,Araceae,"Anthurium pentaphyllum"
Equisetopsida,Ericales,Actinidiaceae,"Saurauia biserrata"
Equisetopsida,Myrtales,Onagraceae,"Fuchsia abrupta"
Equisetopsida,Hymenophyllales,Hymenophyllaceae,"Hymenophyllum ruizianum"
Equisetopsida,Ericales,Primulaceae,"Clavija hookeri"
Equisetopsida,Polypodiales,Polypodiaceae,"Niphidium crassifolium"
Equisetopsida,Poales,Poaceae,"Agnesia loretensis"
Equisetopsida,Asterales,Asteraceae,"Loricaria lucida"
Equisetopsida,Piperales,Piperaceae,"Peperomia spiculata"
Equisetopsida,Cucurbitales,Cucurbitaceae,"Fevillea pergamentacea"
Equisetopsida,Liliales,Alstroemeriaceae,"Bomarea coccinea"
Equisetopsida,Gentianales,Rubiaceae,"Palicourea huallagana"
Equisetopsida,Malpighiales,Clusiaceae,"Clusia cardonae"
Equisetopsida,Polypodiales,Dryopteridaceae,"Elaphoglossum cuspidatum"
Equisetopsida,Dioscoreales,Dioscoreaceae,"Dioscorea acanthogene"
Equisetopsida,Ericales,Ericaceae,"Demosthenesia dudleyi"
Equisetopsida,Piperales,Aristolochiaceae,"Prosopanche americana"
Equisetopsida,Osmundales,Osmundaceae,"Osmunda cinnamomea"
Equisetopsida,Rosales,Moraceae,"Dorstenia peruviana"
Equisetopsida,Solanales,Solanaceae,"Solanum confine"
Equisetopsida,Polypodiales,Dryopteridaceae,"Elaphoglossum lechlerianum"
Equisetopsida,Podocarpales,Podocarpaceae,"Podocarpus rusbyi"
Equisetopsida,Saxifragales,Grossulariaceae,"Ribes incarnatum"
Equisetopsida,Cucurbitales,Cucurbitaceae,"Gurania macrantha"
Equisetopsida,Polypodiales,Dryopteridaceae,"Elaphoglossum nigrescens"
Equisetopsida,Rosales,Rosaceae,"Hesperomeles obtusifolia"
Equisetopsida,Dipsacales,Caprifoliaceae,"Stangea wandae"
Equisetopsida,Myrtales,Melastomataceae,"Miconia monzoniensis"
Equisetopsida,Lamiales,Gesneriaceae,"Columnea dictyophylla"
Equisetopsida,Ranunculales,Menispermaceae,"Abuta aristeguietae"
Equisetopsida,Polypodiales,Lomariopsidaceae,"Elaphoglossum propinquum"
Equisetopsida,Santalales,Loranthaceae,"Passovia robusta"
Equisetopsida,Rosales,Rosaceae,"Hesperomeles weberbaueri"
Equisetopsida,Solanales,Solanaceae,"Solanum naucinum"
Equisetopsida,Ericales,Lecythidaceae,"Cariniana domestica"
Equisetopsida,Alismatales,Araceae,"Anthurium magdae"
Equisetopsida,Solanales,Solanaceae,"Markea ulei"
Equisetopsida,Santalales,Loranthaceae,"Phthirusa pyrifolia"
Equisetopsida,Gentianales,Rubiaceae,"Galium peruvianum"
Equisetopsida,Fabales,Fabaceae,"Dipteryx odorata"
Equisetopsida,Myrtales,Melastomataceae,"Miconia alternans"
Equisetopsida,Caryophyllales,Caryophyllaceae,"Stellaria serpyllifolia"
Equisetopsida,Polypodiales,Polypodiaceae,"Alansmia lanigera"
Equisetopsida,Gentianales,Gentianaceae,"Halenia weddelliana"
Equisetopsida,Oxalidales,Oxalidaceae,"Oxalis semitruncata"
Equisetopsida,Solanales,Solanaceae,"Solanum pectinatum"
Equisetopsida,Malvales,Malvaceae,"Sterculia pruriens"
Equisetopsida,Asterales,Asteraceae,"Mikania dioscoreoides"
Equisetopsida,Zingiberales,Marantaceae,"Goeppertia mishuyacu"
Equisetopsida,Zingiberales,Marantaceae,"Goeppertia chrysoleuca"
Equisetopsida,Gentianales,Rubiaceae,"Palicourea pachycalyx"
Equisetopsida,Alismatales,Araceae,"Anthurium galactospadix"
Equisetopsida,Gentianales,Rubiaceae,"Hippotis tubiflora"
Equisetopsida,Pandanales,Cyclanthaceae,"Asplundia schizotepala"
Equisetopsida,Laurales,Siparunaceae,"Siparuna cervicornis"
Equisetopsida,Malpighiales,Peraceae,"Chaetocarpus schomburgkianus"
Equisetopsida,Alismatales,Araceae,"Anthurium banderasense"
Equisetopsida,Alismatales,Araceae,"Anthurium ovatifolium"
Equisetopsida,Fabales,Fabaceae,"Senna obliqua"
Equisetopsida,Malpighiales,Araceae,"Stenospermation condorense"
Equisetopsida,Gentianales,Rubiaceae,"Notopleura vargasiana"
Equisetopsida,Asterales,Asteraceae,"Piptocarpha klugii"
Equisetopsida,Myrtales,Melastomataceae,"Miconia minutiflora"
Equisetopsida,Poales,Cyperaceae,"Rhynchospora locuples"
Equisetopsida,Fabales,Polygalaceae,"Securidaca leiocarpa"
Equisetopsida,Alismatales,Araceae,"Anthurium lingua"
Equisetopsida,Piperales,Piperaceae,"Peperomia perglandulosa"
Equisetopsida,Malpighiales,Lacistemataceae,"Lozania klugii"
Equisetopsida,Ericales,Ericaceae,"Cavendishia sirensis"
Equisetopsida,Ericales,Ericaceae,"Psammisia citrina"
Equisetopsida,Pandanales,Cyclanthaceae,"Sphaeradenia oxystigma"
Equisetopsida,Ericales,Lecythidaceae,"Gustavia longifolia"
Equisetopsida,Zingiberales,Marantaceae,"Goeppertia contrafenestra"
Equisetopsida,Alismatales,Araceae,"Dieffenbachia parvifolia"
Equisetopsida,Alismatales,Araceae,"Montrichardia linifera"
Equisetopsida,Rosales,Moraceae,"Sorocea pubivena subsp. oligotricha"
Equisetopsida,Fabales,Fabaceae,"Cojoba arborea"
Equisetopsida,Fabales,Fabaceae,"Calliandra trinervia"
Equisetopsida,Alismatales,Araceae,"Philodendron campii"
Equisetopsida,Magnoliales,Annonaceae,"Oxandra euneura"
Equisetopsida,Commelinales,Pontederiaceae,"Pontederia crassipes"
Equisetopsida,Poales,Bromeliaceae,"Aechmea strobilacea"
Equisetopsida,Santalales,Olacaceae,"Heisteria scandens"
Equisetopsida,Zingiberales,Marantaceae,"Monotagma secundum"
Equisetopsida,Fabales,Fabaceae,"Macrolobium limbatum"
Equisetopsida,Fabales,Fabaceae,"Macrolobium acaciifolium"
Equisetopsida,Gentianales,Gentianaceae,"Potalia coronata"
Equisetopsida,Sapindales,Meliaceae,"Guarea juglandiformis"
Equisetopsida,Malpighiales,Violaceae,"Leonia equatoriensis"
Equisetopsida,Malpighiales,Dichapetalaceae,"Dichapetalum rugosum"
Equisetopsida,Fabales,Fabaceae,"Machaerium macrophyllum"
Equisetopsida,Fabales,Fabaceae,"Machaerium cuspidatum"
Equisetopsida,Rosales,Urticaceae,"Coussapoa herthae"
Equisetopsida,Zingiberales,Heliconiaceae,"Heliconia schumanniana"
Equisetopsida,Malpighiales,Violaceae,"Leonia crassicarpa"
Equisetopsida,Zingiberales,Marantaceae,"Hylaeanthe hexantha"
Equisetopsida,Lamiales,Acanthaceae,"Mendoncia smithii"
Equisetopsida,Malvales,Malvaceae,"Quararibea amazonica"
Equisetopsida,Polypodiales,Dryopteridaceae,"Lomagramma guianensis"
Equisetopsida,Rosales,Moraceae,"Perebea mollis"
Equisetopsida,Fabales,Fabaceae,"Brownea macrophylla"
Equisetopsida,Solanales,Solanaceae,"Solanum pedemontanum"
Equisetopsida,Sapindales,Meliaceae,"Guarea fissicalyx"
Equisetopsida,Alismatales,Araceae,"Pistia stratiotes"
Equisetopsida,Myrtales,Melastomataceae,"Miconia trinervia"
Equisetopsida,Fabales,Fabaceae,"Brownea grandiceps"
Equisetopsida,Ericales,Primulaceae,"Clavija venosa"
Equisetopsida,Brassicales,Capparaceae,"Morisonia detonsa"
Equisetopsida,Polypodiales,Tectariaceae,"Draconopteris draconoptera"
Equisetopsida,Sapindales,Meliaceae,"Guarea fistulosa"
Equisetopsida,Rosales,Rhamnaceae,"Colubrina glandulosa"
Equisetopsida,Magnoliales,Myristicaceae,"Iryanthera macrophylla"
Equisetopsida,Gentianales,Rubiaceae,"Palicourea alba"
Equisetopsida,Sapindales,Meliaceae,"Guarea cristata"
Equisetopsida,Malpighiales,Euphorbiaceae,"Richeria grandis"
Equisetopsida,Malvales,Malvaceae,"Matisia bracteolosa"
Equisetopsida,Ericales,Lecythidaceae,"Grias neuberthii"
Equisetopsida,Lamiales,Bignoniaceae,"Adenocalymma cladotrichum"
Equisetopsida,Ranunculales,Menispermaceae,"Curarea tecunarum"
Equisetopsida,Malvales,Malvaceae,"Herrania nitida"
Equisetopsida,Sapindales,Sapindaceae,"Paullinia pachycarpa"
Equisetopsida,Malvales,Malvaceae,"Matisia oblongifolia"
Equisetopsida,Malvales,Malvaceae,"Sterculia colombiana"
Equisetopsida,Zingiberales,Marantaceae,"Ischnosiphon leucophaeus"
Equisetopsida,Rosales,Moraceae,"Castilla tunu"
Equisetopsida,Magnoliales,Annonaceae,"Annona cuspidata"
Equisetopsida,Sapindales,Burseraceae,"Protium subserratum"
Equisetopsida,Malvales,Malvaceae,"Herrania cuatrecasana"
Equisetopsida,Myrtales,Melastomataceae,"Miconia fosteri"
Equisetopsida,Malpighiales,Dichapetalaceae,"Tapura amazonica"
Equisetopsida,Ericales,Primulaceae,"Stylogyne cauliflora"
Equisetopsida,Caryophyllales,Polygonaceae,"Triplaris weigeltiana"
Equisetopsida,Gentianales,Rubiaceae,"Wittmackanthus stanleyanus"
Equisetopsida,Malvales,Malvaceae,"Theobroma subincana"
Equisetopsida,Malvales,Malvaceae,"Theobroma obovatum"
Equisetopsida,Myrtales,Combretaceae,"Terminalia tetraphylla"
Equisetopsida,Gentianales,Apocynaceae,"Tabernaemontana sanano"
Equisetopsida,Sapindales,Meliaceae,"Trichilia elsae"
Equisetopsida,Magnoliales,Annonaceae,"Xylopia parviflora"
Equisetopsida,Myrtales,Vochysiaceae,"Vochysia braceliniae"
Equisetopsida,Myrtales,Vochysiaceae,"Vochysia ferruginea"
Equisetopsida,Magnoliales,Annonaceae,"Unonopsis veneficiorum"
Equisetopsida,Gentianales,Rubiaceae,"Warszewiczia schwackei"
Equisetopsida,Sapindales,Burseraceae,"Trattinnickia glaziovii"
Equisetopsida,Gentianales,Apocynaceae,"Tabernaemontana coriacea"
Equisetopsida,Gentianales,Apocynaceae,"Tabernaemontana macrocalyx"
Equisetopsida,Zingiberales,Marantaceae,"Stromanthe stromanthoides"
Equisetopsida,Laurales,Lauraceae,"Yasunia quadrata"
Equisetopsida,Malpighiales,Clusiaceae,"Tovomita calophyllophylla"
Equisetopsida,Fabales,Fabaceae,"Zygia basijuga"
Equisetopsida,Gentianales,Apocynaceae,"Tabernaemontana undulata"
Equisetopsida,Malpighiales,Hypericaceae,"Vismia macrophylla"
Equisetopsida,Alismatales,Araceae,"Urospatha sagittifolia"
Equisetopsida,Lamiales,Bignoniaceae,"Stizophyllum inaequilaterum"
Equisetopsida,Hymenophyllales,Hymenophyllaceae,"Trichomanes cristatum"
Equisetopsida,Malpighiales,Clusiaceae,"Tovomita krukovii"
Equisetopsida,Hymenophyllales,Hymenophyllaceae,"Trichomanes botryoides"
Equisetopsida,Hymenophyllales,Hymenophyllaceae,"Trichomanes ankersii"
Equisetopsida,Rosales,Moraceae,"Trymatococcus amazonicus"
Equisetopsida,Myrtales,Melastomataceae,"Votomita pubescens"
Equisetopsida,Polypodiales,Thelypteridaceae,"Thelypteris arborescens"
Equisetopsida,Malpighiales,Ochnaceae,"Ouratea semiserrata"
Equisetopsida,Polypodiales,Athyriaceae,"Desmophlebium lechleri"
Equisetopsida,Gentianales,Rubiaceae,"Calycophyllum multiflorum"
Equisetopsida,Malvales,Malvaceae,"Hibiscus peruvianus"
Equisetopsida,Piperales,Piperaceae,"Piper tridentipilum"
Equisetopsida,Malpighiales,Euphorbiaceae,"Plukenetia polyadenia"
Equisetopsida,Malpighiales,Violaceae,"Rinorea racemosa"
Equisetopsida,Zingiberales,Heliconiaceae,"Heliconia lasiorachis"
Equisetopsida,Piperales,Piperaceae,"Piper subsilvestre"
Equisetopsida,Piperales,Piperaceae,"Piper mituense"
Equisetopsida,Piperales,Piperaceae,"Piper nigropunctatum"
Equisetopsida,Fabales,Fabaceae,"Ormosia nobilis"
Equisetopsida,Fabales,Fabaceae,"Ormosia coarctata"
Equisetopsida,Asterales,Asteraceae,"Mikania mathewsii"
Equisetopsida,Malvales,Malvaceae,"Matisia bicolor"
Equisetopsida,Polypodiales,Polypodiaceae,"Microgramma megalophylla"
Equisetopsida,Polypodiales,Polypodiaceae,"Microgramma thurnii"
Equisetopsida,Myrtales,Melastomataceae,"Miconia pterocaulon"
Equisetopsida,Gentianales,Rubiaceae,"Alibertia verticillata var. stipularis"
Equisetopsida,Magnoliales,Annonaceae,"Cremastosperma pendulum"
Equisetopsida,Magnoliales,Annonaceae,"Cremastosperma cauliflorum"
Equisetopsida,Alismatales,Araceae,"Philodendron tripartitum"
Equisetopsida,Fabales,Fabaceae,"Dioclea virgata"
Equisetopsida,Alismatales,Araceae,"Philodendron panduriforme"
Equisetopsida,Poales,Cyperaceae,"Cyperus sphacelatus"
Equisetopsida,Malpighiales,Chrysobalanaceae,"Couepia bracteosa"
Equisetopsida,Laurales,Lauraceae,"Endlicheria robusta"
Equisetopsida,Metteniusales,Metteniusaceae,"Poraqueiba sericea"
Equisetopsida,Fabales,Fabaceae,"Macrolobium microcalyx"
Equisetopsida,Poales,Cyperaceae,"Cyperus articulatus"
Equisetopsida,Gentianales,Rubiaceae,"Amphidasya colombiana"
Equisetopsida,Poales,Poaceae,"Pharus parvifolius"
Equisetopsida,Dilleniales,Dilleniaceae,"Doliocarpus magnificus"
Equisetopsida,Sapindales,Anacardiaceae,"Anacardium giganteum"
Equisetopsida,Lamiales,Gesneriaceae,"Episcia reptans"
Equisetopsida,Ranunculales,Menispermaceae,"Abuta rufescens"
Equisetopsida,Ranunculales,Menispermaceae,"Abuta sandwithiana"
Equisetopsida,Sapindales,Rutaceae,"Sohnreyia terminalioides"
Equisetopsida,Myrtales,Myrtaceae,"Myrcia gigas"
Equisetopsida,Fabales,Fabaceae,"Piptadenia anolidurus"
Equisetopsida,Alismatales,Araceae,"Monstera adansonii subsp. klotzschiana"
Equisetopsida,Myrtales,Myrtaceae,"Myrcia sessilis"
Equisetopsida,Malpighiales,Calophyllaceae,"Clusiella axillaris"
Equisetopsida,Alismatales,Araceae,"Anthurium interruptum"
Equisetopsida,Malpighiales,Clusiaceae,"Clusia insignis"
Equisetopsida,Piperales,Piperaceae,"Peperomia pilosa"
Equisetopsida,Brassicales,Cleomaceae,"Cleome parviflora"
Equisetopsida,Sapindales,Burseraceae,"Protium calanense"
Equisetopsida,Alismatales,Araceae,"Anthurium uleanum"
Equisetopsida,Sapindales,Burseraceae,"Protium hebetatum"
Equisetopsida,Sapindales,Burseraceae,"Protium heptaphyllum"
Equisetopsida,Poales,Bromeliaceae,"Pitcairnia fimbriatobracteata"
Equisetopsida,Sapindales,Burseraceae,"Protium heptaphyllum subsp. ulei"
Equisetopsida,Sapindales,Burseraceae,"Protium trifoliolatum"
Equisetopsida,Malpighiales,Achariaceae,"Mayna grandifolia"
Equisetopsida,Ericales,Primulaceae,"Cybianthus spicatus"
Equisetopsida,Ericales,Primulaceae,"Cybianthus penduliflorus"
Equisetopsida,Sapindales,Sapindaceae,"Paullinia sphaerocarpa"
Equisetopsida,Sapindales,Sapindaceae,"Paullinia ingifolia"
Equisetopsida,Sapindales,Sapindaceae,"Paullinia hispida"
Equisetopsida,Solanales,Convolvulaceae,"Dicranostyles sericea"
Equisetopsida,Malpighiales,Clusiaceae,"Arawakia weddelliana"
Equisetopsida,Sapindales,Sapindaceae,"Paullinia acutangula"
Equisetopsida,Ericales,Primulaceae,"Cybianthus fulvopulverulentus"
Equisetopsida,Gentianales,Rubiaceae,"Faramea axillaris"
Equisetopsida,Gentianales,Rubiaceae,"Ferdinandusa guainiae"
Equisetopsida,Pandanales,Cyclanthaceae,"Dicranopygium stenophyllum"
Equisetopsida,Rosales,Moraceae,"Ficus acreana"
Equisetopsida,Rosales,Moraceae,"Ficus albert-smithii"
Equisetopsida,Piperales,Piperaceae,"Piper anonifolium"
Equisetopsida,Rosales,Moraceae,"Ficus crassivenosa"
Equisetopsida,Rosales,Moraceae,"Ficus hebetifolia"
Equisetopsida,Gentianales,Rubiaceae,"Psychotria grahamii"
Equisetopsida,Cyatheales,Cyatheaceae,"Cyathea leucolepismata"
Equisetopsida,Polypodiales,Aspleniaceae,"Asplenium hallii"
Equisetopsida,Rosales,Moraceae,"Ficus yoponensis"
Equisetopsida,Pandanales,Cyclanthaceae,"Asplundia xiphophylla"
Equisetopsida,Zingiberales,Marantaceae,"Monotagma flavicomum"
Equisetopsida,Caryophyllales,Nyctaginaceae,"Neea longipedunculata"
Equisetopsida,Lamiales,Acanthaceae,"Justicia viridiflavescens"
Equisetopsida,Lamiales,Acanthaceae,"Justicia soukupii"
Equisetopsida,Lamiales,Acanthaceae,"Justicia chloanantha"
Equisetopsida,Fabales,Fabaceae,"Jupunba adenophora"
Equisetopsida,Poales,Bromeliaceae,"Fosterella schidosperma"
Equisetopsida,Lamiales,Bignoniaceae,"Fridericia patellifera"
Equisetopsida,Malpighiales,Ochnaceae,"Froesia diffusa"
Equisetopsida,Fabales,Fabaceae,"Dicorynia paraensis"
Equisetopsida,Polypodiales,Dryopteridaceae,"Mickelia lindigii"
Equisetopsida,Cyatheales,Cyatheaceae,"Cyathea aterrima"
Equisetopsida,Selaginellales,Selaginellaceae,"Selaginella conduplicata"
Equisetopsida,Zingiberales,Marantaceae,"Ischnosiphon lasiocoleus"
Equisetopsida,Zingiberales,Marantaceae,"Ischnosiphon gracilis"
Equisetopsida,Asterales,Campanulaceae,"Centropogon solanifolius"
Equisetopsida,Fabales,Fabaceae,"Inga vismiifolia"
Equisetopsida,Fabales,Fabaceae,"Inga tarapotensis"
Equisetopsida,Fabales,Fabaceae,"Inga stipulacea"
Equisetopsida,Piperales,Piperaceae,"Piper brasiliense"
Equisetopsida,Poales,Bromeliaceae,"Aechmea streptocalycoides"
Equisetopsida,Gentianales,Rubiaceae,"Palicourea venulosa"
Equisetopsida,Malvales,Malvaceae,"Ceiba crispiflora"
Equisetopsida,Gentianales,Rubiaceae,"Palicourea rhodothamna"
Equisetopsida,Myrtales,Melastomataceae,"Miconia rugosa"
Equisetopsida,Myrtales,Melastomataceae,"Bellucia umbellata"
Equisetopsida,Gentianales,Rubiaceae,"Palicourea longistipulata"
Equisetopsida,Lamiales,Gesneriaceae,"Besleria flavovirens"
Equisetopsida,Lamiales,Gesneriaceae,"Besleria pauciflora"
Equisetopsida,Malpighiales,Ochnaceae,"Quiina paraensis"
Equisetopsida,Gleicheniales,Gleicheniaceae,"Gleichenella pectinata"
Equisetopsida,Oxalidales,Oxalidaceae,"Biophytum columbianum"
Equisetopsida,Myrtales,Melastomataceae,"Blakea bracteata"
Equisetopsida,Gentianales,Apocynaceae,"Blepharodon amazonicum"
Equisetopsida,Zingiberales,Marantaceae,"Goeppertia loeseneri"
Equisetopsida,Zingiberales,Marantaceae,"Goeppertia mansoi"
Equisetopsida,Zingiberales,Marantaceae,"Goeppertia micans"
Equisetopsida,Zingiberales,Marantaceae,"Goeppertia pachystachya"
Equisetopsida,Zingiberales,Marantaceae,"Goeppertia ulotricha"
Equisetopsida,Zingiberales,Marantaceae,"Goeppertia ursina"
Equisetopsida,Zingiberales,Marantaceae,"Goeppertia variegata"
Equisetopsida,Liliales,Alstroemeriaceae,"Bomarea dolichocarpa"
Equisetopsida,Ericales,Ebenaceae,"Diospyros ekodul"
Equisetopsida,Gentianales,Rubiaceae,"Palicourea caerulea"
Equisetopsida,Fabales,Fabaceae,"Cassia spruceana"
Equisetopsida,Rosales,Rhamnaceae,"Gouania lupuloides"
Equisetopsida,Gentianales,Rubiaceae,"Palicourea arenosa"
Equisetopsida,Poales,Bromeliaceae,"Goudaea chrysostachys"
Equisetopsida,Gentianales,Rubiaceae,"Botryarrhena pendula"
Equisetopsida,Gentianales,Rubiaceae,"Randia ferox"
Equisetopsida,Myrtales,Melastomataceae,"Miconia costoides"
Equisetopsida,Laurales,Lauraceae,"Ocotea hirtandra"
Equisetopsida,Sapindales,Rutaceae,"Raputia hirsuta"
Equisetopsida,Lamiales,Acanthaceae,"Pachystachys cordata"
Equisetopsida,Lamiales,Acanthaceae,"Hygrophila guianensis"
Equisetopsida,Gentianales,Rubiaceae,"Carapichea klugii"
Equisetopsida,Gentianales,Rubiaceae,"Carapichea adinantha"
Equisetopsida,Laurales,Lauraceae,"Ocotea whitei"
Equisetopsida,Gentianales,Rubiaceae,"Duroia saccifera"
Equisetopsida,Malpighiales,Malpighiaceae,"Bronwenia mathiasiae"
Equisetopsida,Magnoliales,Annonaceae,"Guatteria citriodora"
Equisetopsida,Piperales,Piperaceae,"Piper divaricatum"
Equisetopsida,Ranunculales,Menispermaceae,"Odontocarya magnifolia"
Equisetopsida,Lamiales,Bignoniaceae,"Pachyptera kerere"
Equisetopsida,Laurales,Lauraceae,"Pleurothyrium insigne"
Equisetopsida,Sapindales,Rutaceae,"Hortia vandelliana"
Equisetopsida,Poales,Bromeliaceae,"Guzmania lingulata"
Equisetopsida,Poales,Bromeliaceae,"Guzmania vittata"
Equisetopsida,Fabales,Fabaceae,"Gwilymia polystachya"
Equisetopsida,Myrtales,Combretaceae,"Combretum llewelynii"
Equisetopsida,Rosales,Urticaceae,"Pourouma phaeotricha"
Equisetopsida,Malvales,Malvaceae,"Scleronema praecox"
Equisetopsida,Gentianales,Rubiaceae,"Genipa spruceana"
Equisetopsida,Malpighiales,Euphorbiaceae,"Rhodothyrsus macrophyllus"
Equisetopsida,Alismatales,Araceae,"Rhodospatha oblongata"
Equisetopsida,Rosales,Urticaceae,"Pourouma melinonii"
Equisetopsida,Malpighiales,Phyllanthaceae,"Phyllanthus fluitans"
Equisetopsida,Rosales,Urticaceae,"Pourouma herrerensis"
Equisetopsida,Santalales,Olacaceae,"Heisteria insculpta"
Equisetopsida,Myrtales,Myrtaceae,"Myrcia adenophylla"
Equisetopsida,Malvales,Malvaceae,"Matisia obliquifolia"
Equisetopsida,Sapindales,Burseraceae,"Protium decandrum"
Equisetopsida,Dioscoreales,Dioscoreaceae,"Dioscorea crotalariifolia"
Equisetopsida,Sapindales,Burseraceae,"Protium ferrugineum"
Equisetopsida,Fabales,Fabaceae,"Inga spectabilis"
Equisetopsida,Oxalidales,Elaeocarpaceae,"Sloanea macrophylla"
Equisetopsida,Zingiberales,Marantaceae,"Goeppertia capitata"
Equisetopsida,Zingiberales,Strelitziaceae,"Phenakospermum guyannense"
Equisetopsida,Gentianales,Rubiaceae,"Remijia pacimonica"
Equisetopsida,Malpighiales,Euphorbiaceae,"Mabea nitida"
Equisetopsida,Rosales,Rhamnaceae,"Sarcomphalus cinnamomum"
Equisetopsida,Commelinales,Commelinaceae,"Geogenanthus ciliatus"
Equisetopsida,Myrtales,Melastomataceae,"Miconia tococoronata"
Equisetopsida,Myrtales,Melastomataceae,"Miconia tococapitata"
Equisetopsida,Polypodiales,Saccolomataceae,"Saccoloma elegans"
Equisetopsida,Zingiberales,Zingiberaceae,"Renealmia alpinia"
Equisetopsida,Zingiberales,Marantaceae,"Calathea micans"
Equisetopsida,Poales,Rapateaceae,"Rapatea ulei"
Equisetopsida,Laurales,Lauraceae,"Caryodaphnopsis tomentosa"
Equisetopsida,Solanales,Solanaceae,"Solanum yanamonense"
Equisetopsida,Fabales,Fabaceae,"Schnella rutilans"
Equisetopsida,Sapindales,Sapindaceae,"Paullinia grandifolia"
Equisetopsida,Sapindales,Sapindaceae,"Paullinia rugosa"
Equisetopsida,Sapindales,Sapindaceae,"Paullinia serjaniifolia"
Equisetopsida,Zingiberales,Marantaceae,"Ischnosiphon hirsutus"
Equisetopsida,Malpighiales,Violaceae,"Paypayrola grandiflora"
Equisetopsida,Celastrales,Lepidobotryaceae,"Ruptiliocarpon caracolito"
Equisetopsida,Malpighiales,Achariaceae,"Carpotroche froesiana"
Equisetopsida,Lamiales,Gesneriaceae,"Drymonia affinis"
Equisetopsida,Alismatales,Araceae,"Philodendron exile"
Equisetopsida,Malpighiales,Ochnaceae,"Lacunaria jenmanii"
Equisetopsida,Magnoliales,Annonaceae,"Guatteria elata"
Equisetopsida,Zingiberales,Heliconiaceae,"Heliconia juruana"
Equisetopsida,Gentianales,Rubiaceae,"Psychotria limitanea"
Equisetopsida,Commelinales,Pontederiaceae,"Pontederia rotundifolia"
Equisetopsida,Gentianales,Rubiaceae,"Psychotria romolerouxiana"
Equisetopsida,Sapindales,Rutaceae,"Raputiarana subsigmoidea"
Equisetopsida,Malpighiales,Clusiaceae,"Garcinia intermedia"
Equisetopsida,Gentianales,Rubiaceae,"Psychotria sacciformis"
Equisetopsida,Sapindales,Burseraceae,"Protium prancei"
Equisetopsida,Alismatales,Araceae,"Epipremnum pinnatum"
Equisetopsida,Myrtales,Melastomataceae,"Miconia glanduliflora"
Equisetopsida,Polypodiales,Lindsaeaceae,"Lindsaea ulei"
Equisetopsida,Myrtales,Melastomataceae,"Miconia candelabrum"
Equisetopsida,Laurales,Lauraceae,"Mezilaurus ita-uba"
Equisetopsida,Gentianales,Apocynaceae,"Odontadenia killipii"
Equisetopsida,Sapindales,Burseraceae,"Protium gallosum"
Equisetopsida,Ericales,Marcgraviaceae,"Souroubea guianensis"
Equisetopsida,Fabales,Fabaceae,"Dalbergia ovalis"
Equisetopsida,Malvales,Malvaceae,"Lueheopsis hoehnei"
Equisetopsida,Fabales,Fabaceae,"Clathrotropis macrocarpa"
Equisetopsida,Ericales,Lecythidaceae,"Couratari oligantha"
Equisetopsida,Lamiales,Lamiaceae,"Scutellaria leucantha"
Equisetopsida,Magnoliales,Annonaceae,"Anaxagorea phaeocarpa"
Equisetopsida,Gentianales,Rubiaceae,"Coussarea brevicaulis"
Equisetopsida,Magnoliales,Annonaceae,"Trigynaea triplinervis"
Equisetopsida,Hymenophyllales,Hymenophyllaceae,"Trichomanes tanaicum"
Equisetopsida,Cycadales,Zamiaceae,"Zamia ulei"
Equisetopsida,Alismatales,Araceae,"Thaumatophyllum spruceanum"
Equisetopsida,Magnoliales,Myristicaceae,"Virola minutiflora"
Equisetopsida,Malpighiales,Passifloraceae,"Turnera acuta"
Equisetopsida,Santalales,Olacaceae,"Tetrastylidium peruvianum"
Equisetopsida,Magnoliales,Annonaceae,"Unonopsis stipitata"
Equisetopsida,Magnoliales,Annonaceae,"Tetrameranthus laomae"
Equisetopsida,Magnoliales,Myristicaceae,"Virola surinamensis"
Equisetopsida,Malpighiales,Hypericaceae,"Vismia bemerguii"
Equisetopsida,Fabales,Fabaceae,"Tachigali vaupesiana"
Equisetopsida,Myrtales,Vochysiaceae,"Vochysia biloba"
Equisetopsida,Fabales,Fabaceae,"Zygia juruana"
Equisetopsida,Myrtales,Vochysiaceae,"Vochysia floribunda"
Equisetopsida,Myrtales,Vochysiaceae,"Vochysia lomatophylla"
Equisetopsida,Myrtales,Vochysiaceae,"Vochysia stafleui"
Equisetopsida,Polypodiales,Thelypteridaceae,"Thelypteris macrophylla"
Equisetopsida,Gentianales,Gentianaceae,"Voyria flavescens"
Equisetopsida,Gentianales,Gentianaceae,"Voyria spruceana"
Equisetopsida,Magnoliales,Annonaceae,"Unonopsis elegantissima"
Equisetopsida,Fabales,Fabaceae,"Tachigali loretensis"
Equisetopsida,Fabales,Fabaceae,"Swartzia klugii"
Equisetopsida,Caryophyllales,Polygonaceae,"Symmeria paniculata"
Equisetopsida,Ericales,Primulaceae,"Stylogyne laxiflora"
Equisetopsida,Poales,Bromeliaceae,"Tillandsia adpressiflora"
Equisetopsida,Magnoliales,Myristicaceae,"Virola obovata"
Equisetopsida,Magnoliales,Myristicaceae,"Virola decorticans"
Equisetopsida,Gentianales,Apocynaceae,"Tabernaemontana markgrafiana"
Equisetopsida,Alismatales,Araceae,"Xanthosoma weeksii"
Equisetopsida,Celastrales,Celastraceae,"Tontelea congestiflora"
Equisetopsida,Alismatales,Araceae,"Ulearum sagittatum"
Equisetopsida,Gentianales,Loganiaceae,"Strychnos mattogrossensis"
Equisetopsida,Polypodiales,Thelypteridaceae,"Thelypteris opulenta"
Equisetopsida,Myrtales,Combretaceae,"Terminalia macrophylla"
Equisetopsida,Fabales,Fabaceae,"Tachigali rodolfo-rocioii"
Equisetopsida,Alismatales,Araceae,"Xanthosoma hannoniae"
Equisetopsida,Sapindales,Sapindaceae,"Talisia hemidasya"
Equisetopsida,Fabales,Fabaceae,"Zygia megistocarpa"
Equisetopsida,Alismatales,Araceae,"Anthurium sizemoreae"
Equisetopsida,Myrtales,Myrtaceae,"Campomanesia sessiliflora"
Equisetopsida,Alismatales,Araceae,"Anthurium patens"
Equisetopsida,Aquifoliales,Stemonuraceae,"Discophora montana"
Equisetopsida,Myrtales,Melastomataceae,"Miconia doniana"
Equisetopsida,Myrtales,Myrtaceae,"Eugenia omissa"
Equisetopsida,Malpighiales,Clusiaceae,"Clusia amazonica"
Equisetopsida,Myrtales,Melastomataceae,"Miconia heteromera"
Equisetopsida,Alismatales,Araceae,"Dracontium peruvianum"
Equisetopsida,Polypodiales,Pteridaceae,"Adiantum macrocladum"
Equisetopsida,Rosales,Moraceae,"Perebea guianensis subsp. hirsuta"
Equisetopsida,Rosales,Moraceae,"Perebea guianensis subsp. pseudopeltata"
Equisetopsida,Malpighiales,Clusiaceae,"Clusia rosea"
Equisetopsida,Alismatales,Araceae,"Anthurium harrisii"
Equisetopsida,Laurales,Lauraceae,"Licaria macrophylla"
Equisetopsida,Santalales,Olacaceae,"Heisteria duckei"
Equisetopsida,Oxalidales,Elaeocarpaceae,"Sloanea meianthera"
Equisetopsida,Alismatales,Araceae,"Dieffenbachia smithii"
Equisetopsida,Myrtales,Myrtaceae,"Myrcia neomacrophylla"
Equisetopsida,Alismatales,Araceae,"Anthurium consimile"
Equisetopsida,Piperales,Piperaceae,"Piper dichotomum"
Equisetopsida,Icacinales,Icacinaceae,"Pleurisanthes flava"
Equisetopsida,Malpighiales,Erythroxylaceae,"Erythroxylum macrophyllum var. macrocnemium"
Equisetopsida,Alismatales,Araceae,"Anthurium acebeyae"
Equisetopsida,Selaginellales,Selaginellaceae,"Selaginella producta"
Equisetopsida,Ericales,Ericaceae,"Anthopterus gentryi"
Equisetopsida,Liliales,Smilacaceae,"Smilax oblongata"
Equisetopsida,Poales,Poaceae,"Pariana aurita"
Equisetopsida,Liliales,Smilacaceae,"Smilax siphilitica"
Equisetopsida,Lamiales,Verbenaceae,"Petrea volubilis"
Equisetopsida,Solanales,Solanaceae,"Cestrum strigilatum"
Equisetopsida,Fabales,Fabaceae,"Lonchocarpus heptaphyllus"
Equisetopsida,Selaginellales,Selaginellaceae,"Selaginella anceps"
Equisetopsida,Santalales,Loranthaceae,"Aetanthus dichotomus"
Equisetopsida,Malvales,Malvaceae,"Herrania nycterodendron"
Equisetopsida,Gentianales,Apocynaceae,"Prestonia rotundifolia"
Equisetopsida,Gentianales,Apocynaceae,"Prestonia quinquangularis"
Equisetopsida,Fabales,Fabaceae,"Platymiscium pinnatum var. pinnatum"
Equisetopsida,Fabales,Fabaceae,"Platymiscium pinnatum"
Equisetopsida,Lamiales,Lamiaceae,"Aegiphila quararibeana"
Equisetopsida,Malpighiales,Calophyllaceae,"Caraipa punctulata"
Equisetopsida,Gentianales,Apocynaceae,"Geissospermum laeve"
Equisetopsida,Myrtales,Melastomataceae,"Miconia lourteigiana"
Equisetopsida,Malpighiales,Calophyllaceae,"Caraipa jaramilloi"
Equisetopsida,Poales,Bromeliaceae,"Guzmania hollinensis"
Equisetopsida,Malpighiales,Calophyllaceae,"Caraipa grandifolia"
Equisetopsida,Laurales,Lauraceae,"Ocotea vasquezii"
Equisetopsida,Fabales,Fabaceae,"Hydrochorea corymbosa"
Equisetopsida,Alismatales,Araceae,"Heteropsis robusta"
Equisetopsida,Solanales,Solanaceae,"Schultesianthus megalandrus"
Equisetopsida,Sapindales,Meliaceae,"Guarea trunciflora"
Equisetopsida,Myrtales,Melastomataceae,"Miconia amazonica"
Equisetopsida,Zingiberales,Zingiberaceae,"Renealmia purpurea"
Equisetopsida,Metteniusales,Metteniusaceae,"Poraqueiba guianensis"
Equisetopsida,Malpighiales,Phyllanthaceae,"Amanoa oblongifolia"
Equisetopsida,Zingiberales,Costaceae,"Costus amazonicus subsp. amazonicus"
Equisetopsida,Zingiberales,Costaceae,"Costus erythrophyllus"
Equisetopsida,Myrtales,Melastomataceae,"Heterotis rotundifolia"
Equisetopsida,Alismatales,Araceae,"Philodendron heterophyllum"
Equisetopsida,Poales,Cyperaceae,"Cyperus papyrus"
Equisetopsida,Alismatales,Araceae,"Philodendron huaynacapacense"
Equisetopsida,Alismatales,Araceae,"Philodendron juninense"
Equisetopsida,Gentianales,Apocynaceae,"Couma guianensis"
Equisetopsida,Aquifoliales,Aquifoliaceae,"Ilex laureola"
Equisetopsida,Laurales,Lauraceae,"Beilschmiedia pendula"
Equisetopsida,Gentianales,Apocynaceae,"Mandevilla pavonii"
Equisetopsida,Poales,Poaceae,"Olyra juruana"
Equisetopsida,Malpighiales,Dichapetalaceae,"Dichapetalum odoratum"
Equisetopsida,Gentianales,Apocynaceae,"Mandevilla trianae"
Equisetopsida,Piperales,Piperaceae,"Manekia incurva"
Equisetopsida,Ericales,Marcgraviaceae,"Marcgravia atropunctata"
Equisetopsida,Ericales,Marcgraviaceae,"Marcgraviastrum subsessile"
Equisetopsida,Magnoliales,Annonaceae,"Cremastosperma peruvianum"
Equisetopsida,Ericales,Ericaceae,"Cavendishia pseudostenophylla"
Equisetopsida,Gentianales,Apocynaceae,"Allomarkgrafia tubiflora"
Equisetopsida,Magnoliales,Annonaceae,"Duguetia macrophylla"
Equisetopsida,Ericales,Ericaceae,"Cavendishia complectens subsp. Striata"
Equisetopsida,Malpighiales,Malpighiaceae,"Mascagnia corymbosa"
Equisetopsida,Malpighiales,Ochnaceae,"Quiina obovata"
Equisetopsida,Polypodiales,Polypodiaceae,"Campyloneurum carinatum"
Equisetopsida,Lamiales,Lamiaceae,"Aegiphila bracteolosa"
Equisetopsida,Myrtales,Melastomataceae,"Miconia cretacea"
Equisetopsida,Rosales,Moraceae,"Brosimum utile subsp. ovatifolium"
Equisetopsida,Lamiales,Lamiaceae,"Aegiphila hoehnei"
Equisetopsida,Malpighiales,Euphorbiaceae,"Micrandra siphonioides"
Equisetopsida,Malpighiales,Euphorbiaceae,"Micrandra elata"
Equisetopsida,Myrtales,Melastomataceae,"Miconia woytkowskii"
Equisetopsida,Ranunculales,Menispermaceae,"Hyperbaena domingensis"
Equisetopsida,Solanales,Convolvulaceae,"Bonamia kuhlmannii"
Equisetopsida,Myrtales,Melastomataceae,"Miconia cazaletii"
Equisetopsida,Rosales,Moraceae,"Helicostylis elegans"
Equisetopsida,Laurales,Lauraceae,"Ocotea argyrophylla"
Equisetopsida,Piperales,Piperaceae,"Piper poporense"
Equisetopsida,Piperales,Piperaceae,"Piper melanocladum"
Equisetopsida,Poales,Bromeliaceae,"Ronnbergia maidifolia"
Equisetopsida,Solanales,Convolvulaceae,"Dicranostyles globostigma"
Equisetopsida,Rosales,Moraceae,"Naucleopsis oblongifolia"
Equisetopsida,Ericales,Sapotaceae,"Chrysophyllum cainito"
Equisetopsida,Poales,Poaceae,"Hymenachne grandis"
Equisetopsida,Asterales,Asteraceae,"Calea montana"
Equisetopsida,Cyatheales,Cyatheaceae,"Cyathea mucilagina"
Equisetopsida,Malpighiales,Passifloraceae,"Passiflora vestita"
Equisetopsida,Gentianales,Rubiaceae,"Agouticarpa velutina"
Equisetopsida,Metteniusales,Metteniusaceae,"Dendrobangia multinervia"
Equisetopsida,Cyatheales,Cyatheaceae,"Cyathea macrosora"
Equisetopsida,Lamiales,Acanthaceae,"Aphelandra latibracteata"
Equisetopsida,Ericales,Ericaceae,"Psammisia pauciflora"
Equisetopsida,Rosales,Moraceae,"Ficus ursina"
Equisetopsida,Lamiales,Gesneriaceae,"Kohleria anisophylla"
Equisetopsida,Vitales,Vitaceae,"Cissus fuliginea"
Equisetopsida,Malpighiales,Violaceae,"Rinorea pubiflora var. pubiflora"
Equisetopsida,Celastrales,Celastraceae,"Cheiloclinium pedunculatum"
Equisetopsida,Alismatales,Araceae,"Stenospermation longispadix"
Equisetopsida,Santalales,Olacaceae,"Chaunochiton kappleri"
Equisetopsida,Sapindales,Burseraceae,"Protium leptostachyum"
Equisetopsida,Alismatales,Araceae,"Stenospermation multiovulatum"
Equisetopsida,Caryophyllales,Nyctaginaceae,"Neea verticillata"
Equisetopsida,Sapindales,Burseraceae,"Protium grandifolium"
Equisetopsida,Myrtales,Melastomataceae,"Miconia polytopica"
Equisetopsida,Rosales,Moraceae,"Distictella magnoliifolia"
Equisetopsida,Picramniales,Picramniaceae,"Picramnia spruceana"
Equisetopsida,Myrtales,Melastomataceae,"Miconia paeminosa"
Equisetopsida,Magnoliales,Annonaceae,"Cymbopetalum schunkei"
Equisetopsida,Celastrales,Celastraceae,"Monteverdia ebenifolia"
Equisetopsida,Polypodiales,Thelypteridaceae,"Cyclosorus macrotis"
Equisetopsida,Caryophyllales,Droseraceae,"Drosera peruensis"
Equisetopsida,Lamiales,Gesneriaceae,"Drymonia alloplectoides"
Equisetopsida,Ericales,Primulaceae,"Cybianthus magnus"
Equisetopsida,Ericales,Primulaceae,"Cybianthus comperuvianus"
Equisetopsida,Polypodiales,Polypodiaceae,"Pleopeltis fraseri"
Equisetopsida,Cyatheales,Cyatheaceae,"Cyathea palaciosii"
Equisetopsida,Cyatheales,Cyatheaceae,"Cyathea latevagans"
Equisetopsida,Cyatheales,Cyatheaceae,"Cyathea fulva"
Equisetopsida,Cyatheales,Cyatheaceae,"Cyathea estevesorum"
Equisetopsida,Cyatheales,Cyatheaceae,"Cyathea chontilla"
Equisetopsida,Cyatheales,Cyatheaceae,"Cyathea alatissima"
Equisetopsida,Myrtales,Melastomataceae,"Miconia myrtiformis"
Equisetopsida,Laurales,Lauraceae,"Pleurothyrium tomentellum"
Equisetopsida,Malpighiales,Phyllanthaceae,"Phyllanthus urinaria"
Equisetopsida,Myrtales,Melastomataceae,"Miconia muricata"
Equisetopsida,Asterales,Asteraceae,"Eirmocephala cainarachensis"
Equisetopsida,Polypodiales,Dryopteridaceae,"Elaphoglossum decoratum"
Equisetopsida,Lamiales,Bignoniaceae,"Crescentia cujete"
Equisetopsida,Lamiales,Gesneriaceae,"Cremosperma peruvianum"
Equisetopsida,Alismatales,Araceae,"Philodendron vasquezii"
Equisetopsida,Gentianales,Rubiaceae,"Coussarea revoluta"
Equisetopsida,Fabales,Fabaceae,"Abarema jupunba"
Equisetopsida,Fabales,Fabaceae,"Abarema floribunda"
Equisetopsida,Alismatales,Araceae,"Philodendron oxapampense"
Equisetopsida,Laurales,Lauraceae,"Endlicheria arunciflora"
Equisetopsida,Laurales,Lauraceae,"Endlicheria tschudyana"
Equisetopsida,Boraginales,Boraginaceae,"Cordia ucayaliensis"
Equisetopsida,Boraginales,Boraginaceae,"Cordia lomatoloba"
Equisetopsida,Boraginales,Boraginaceae,"Cordia hebeclada"
Equisetopsida,Boraginales,Boraginaceae,"Cordia bicolor"
Equisetopsida,Oxalidales,Connaraceae,"Connarus fasciculatus subsp. pachyneurus"
Equisetopsida,Ericales,Sapotaceae,"Pouteria cladantha"
Equisetopsida,Gentianales,Rubiaceae,"Condaminea elegans"
Equisetopsida,Ericales,Sapotaceae,"Pouteria vernicosa"
Equisetopsida,Brassicales,Capparaceae,"Preslianthus pittieri"
Equisetopsida,Laurales,Lauraceae,"Persea weberbaueri"
Equisetopsida,Lamiales,Verbenaceae,"Priva lappulacea"
Equisetopsida,Polypodiales,Polypodiaceae,"Cochlidium pumilum"
Equisetopsida,Malpighiales,Erythroxylaceae,"Erythroxylum coca var. ipadu"
Equisetopsida,Malpighiales,Erythroxylaceae,"Erythroxylum ulei"
Equisetopsida,Ericales,Lecythidaceae,"Eschweilera albiflora"
Equisetopsida,Ericales,Lecythidaceae,"Eschweilera juruensis"
Equisetopsida,Myrtales,Melastomataceae,"Miconia koepckeana"
Equisetopsida,Ericales,Lecythidaceae,"Eschweilera tessmannii"
Equisetopsida,Celastrales,Celastraceae,"Peritassa huanucana"
Equisetopsida,Santalales,Loranthaceae,"Peristethium grahamii"
Equisetopsida,Malpighiales,Ochnaceae,"Perissocarpa ondox"
Equisetopsida,Malpighiales,Peraceae,"Pera bicolor"
Equisetopsida,Myrtales,Melastomataceae,"Miconia hospitalis"
Equisetopsida,Asterales,Asteraceae,"Acmella oleracea"
Equisetopsida,Cyatheales,Cyatheaceae,"Clusia ducuoides"
Equisetopsida,Myrtales,Myrtaceae,"Eugenia feijoi"
Equisetopsida,Sapindales,Burseraceae,"Protium altissimum"
Equisetopsida,Asterales,Asteraceae,"Clibadium peruvianum"
Equisetopsida,Sapindales,Burseraceae,"Protium carnosum"
Equisetopsida,Sapindales,Burseraceae,"Protium divaricatum subsp. divaricatum"
Equisetopsida,Piperales,Piperaceae,"Peperomia macrostachyos"
Equisetopsida,Myrtales,Melastomataceae,"Miconia gonoptera"
Equisetopsida,Ericales,Primulaceae,"Clavija elliptica"
Equisetopsida,Piperales,Piperaceae,"Peperomia huantana"
Equisetopsida,Sapindales,Burseraceae,"Protium robustum"
Equisetopsida,Vitales,Vitaceae,"Cissus ursina"
Equisetopsida,Ericales,Ericaceae,"Psammisia globosa"
Equisetopsida,Malpighiales,Violaceae,"Paypayrola longifolia"
Equisetopsida,Sapindales,Sapindaceae,"Paullinia selenoptera"
Equisetopsida,Sapindales,Sapindaceae,"Paullinia pterophylla"
Equisetopsida,Polypodiales,Thelypteridaceae,"Christella dentata"
Equisetopsida,Myrtales,Melastomataceae,"Aciotis purpurascens"
Equisetopsida,Gentianales,Rubiaceae,"Faramea cuencana"
Equisetopsida,Gentianales,Rubiaceae,"Faramea flavicans"
Equisetopsida,Myrtales,Melastomataceae,"Miconia expansa"
Equisetopsida,Rosales,Moraceae,"Ficus guianensis"
Equisetopsida,Gentianales,Rubiaceae,"Psychotria caerulea"
Equisetopsida,Gentianales,Rubiaceae,"Psychotria dudleyi"
Equisetopsida,Gentianales,Rubiaceae,"Chiococca belizensis"
Equisetopsida,Gentianales,Rubiaceae,"Psychotria levis"
Equisetopsida,Gentianales,Rubiaceae,"Psychotria lupulina"
Equisetopsida,Malpighiales,Passifloraceae,"Passiflora menispermifolia"
Equisetopsida,Ericales,Pentaphylacaceae,"Freziera alata"
Equisetopsida,Ericales,Pentaphylacaceae,"Freziera campanulata"
Equisetopsida,Ericales,Pentaphylacaceae,"Freziera spathulifolia"
Equisetopsida,Myrtales,Melastomataceae,"Miconia elaeagnoides"
Equisetopsida,Poales,Poaceae,"Parodiolyra micrantha"
Equisetopsida,Lamiales,Gesneriaceae,"Monopyle macrocarpa"
Equisetopsida,Santalales,Loranthaceae,"Gaiadendron coronatum"
Equisetopsida,Polypodiales,Pteridaceae,"Pterozonium brevifrons"
Equisetopsida,Poales,Poaceae,"Pariana bicolor"
Equisetopsida,Solanales,Solanaceae,"Cestrum megalophyllum"
Equisetopsida,Polypodiales,Blechnaceae,"Parablechnum lechleri"
Equisetopsida,Gentianales,Gentianaceae,"Gentiana sirensis"
Equisetopsida,Gentianales,Rubiaceae,"Panopsis polystachya"
Equisetopsida,Gentianales,Rubiaceae,"Palicourea ponasae"
Equisetopsida,Gentianales,Rubiaceae,"Palicourea pebasensis"
Equisetopsida,Gentianales,Rubiaceae,"Palicourea ottonis"
Equisetopsida,Gentianales,Rubiaceae,"Palicourea oleandrella"
Equisetopsida,Poales,Bromeliaceae,"Aechmea veitchii"
Equisetopsida,Myrtales,Melastomataceae,"Miconia densifolia"
Equisetopsida,Myrtales,Melastomataceae,"Miconia demissifolia"
Equisetopsida,Malpighiales,Ochnaceae,"Quiina florida"
Equisetopsida,Poales,Bromeliaceae,"Racinaea parviflora"
Equisetopsida,Poales,Bromeliaceae,"Racinaea schumanniana"
Equisetopsida,Polypodiales,Thelypteridaceae,"Goniopteris jamesonii"
Equisetopsida,Gentianales,Apocynaceae,"Gonolobus parviflorus"
Equisetopsida,Gentianales,Rubiaceae,"Palicourea buchtienii"
Equisetopsida,Gentianales,Rubiaceae,"Palicourea bangii"
Equisetopsida,Malvales,Malvaceae,"Gossypium barbadense"
Equisetopsida,Gentianales,Rubiaceae,"Palicourea andina"
Equisetopsida,Myrtales,Melastomataceae,"Graffenrieda harlingii"
Equisetopsida,Lycopodiales,Lycopodiaceae,"Palhinhaea glaucescens"
Equisetopsida,Celastrales,Caryocaraceae,"Caryocar glabrum"
Equisetopsida,Lamiales,Acanthaceae,"Pachystachys badiospica"
Equisetopsida,Myrtales,Melastomataceae,"Miconia clathrantha"
Equisetopsida,Brassicales,Capparaceae,"Capparidastrum sola"
Equisetopsida,Gentianales,Rubiaceae,"Guettarda crispiflora"
Equisetopsida,Malvales,Malvaceae,"Pachira aquatica"
Equisetopsida,Zingiberales,Cannaceae,"Canna indica"
Equisetopsida,Poales,Bromeliaceae,"Guzmania brevispatha"
Equisetopsida,Poales,Bromeliaceae,"Guzmania garciaensis"
Equisetopsida,Myrtales,Melastomataceae,"Miconia choriophylla"
Equisetopsida,Malpighiales,Ochnaceae,"Ouratea wallnoeferiana"
Equisetopsida,Myrtales,Melastomataceae,"Miconia carpishana"
Equisetopsida,Poales,Cyperaceae,"Rhynchospora marisculus"
Equisetopsida,Fabales,Fabaceae,"Ormosia schunkei"
Equisetopsida,Fabales,Fabaceae,"Ormosia larecajana"
Equisetopsida,Malpighiales,Linaceae,"Roucheria laxiflora"
Equisetopsida,Gentianales,Rubiaceae,"Rudgea canephorantha"
Equisetopsida,Gentianales,Rubiaceae,"Rudgea tomentosa"
Equisetopsida,Dioscoreales,Burmanniaceae,"Burmannia kalbreyeri"
Equisetopsida,Malpighiales,Malpighiaceae,"Bunchosia armeniaca"
Equisetopsida,Malpighiales,Phyllanthaceae,"Hieronyma duquei"
Equisetopsida,Gentianales,Rubiaceae,"Hillia pumila"
Equisetopsida,Alismatales,Araceae,"Stenospermation wallisii"
Equisetopsida,Malpighiales,Chrysobalanaceae,"Hirtella bicornis"
Equisetopsida,Malpighiales,Chrysobalanaceae,"Hirtella elongata"
Equisetopsida,Oxalidales,Brunelliaceae,"Brunellia stenoptera"
Equisetopsida,Solanales,Solanaceae,"Brugmansia suaveolens"
Equisetopsida,Myrtales,Melastomataceae,"Salpinga peruviana"
Equisetopsida,Laurales,Lauraceae,"Ocotea costulata"
Equisetopsida,Laurales,Lauraceae,"Ocotea cernua"
Equisetopsida,Laurales,Lauraceae,"Ocotea bofo"
Equisetopsida,Fabales,Fabaceae,"Hymenolobium excelsum"
Equisetopsida,Laurales,Lauraceae,"Ocotea balanocarpa"
Equisetopsida,Hymenophyllales,Hymenophyllaceae,"Hymenophyllum hirsutum"
Equisetopsida,Malpighiales,Chrysobalanaceae,"Hymenopus laevigatus"
Equisetopsida,Lamiales,Acanthaceae,"Sanchezia rubriflora"
Equisetopsida,Malpighiales,Hypericaceae,"Hypericum recurvum"
Equisetopsida,Malpighiales,Euphorbiaceae,"Sapium stylare"
Equisetopsida,Polypodiales,Dryopteridaceae,"Bolbitis oligarchica"
Equisetopsida,Ericales,Actinidiaceae,"Saurauia yasicae"
Equisetopsida,Lamiales,Lamiaceae,"Hyptidendron arboreum"
Equisetopsida,Asterales,Asteraceae,"Ichthyothere peruviana"
Equisetopsida,Gentianales,Rubiaceae,"Bertiera viburnoides"
Equisetopsida,Laurales,Lauraceae,"Beilschmiedia sulcata"
Equisetopsida,Aquifoliales,Aquifoliaceae,"Ilex tarapotina"
Equisetopsida,Fabales,Fabaceae,"Bauhinia guianensis"
Equisetopsida,Schizaeales,Schizaeaceae,"Schizaea pusilla"
Equisetopsida,Fabales,Fabaceae,"Inga cecropietorum"
Equisetopsida,Ericales,Marcgraviaceae,"Schwartzia magnifica"
Equisetopsida,Ericales,Marcgraviaceae,"Schwartzia weddelliana"
Equisetopsida,Fabales,Fabaceae,"Inga leiocalycina"
Equisetopsida,Gentianales,Rubiaceae,"Notopleura polyphlebia"
Equisetopsida,Gentianales,Rubiaceae,"Notopleura pithecobia"
Equisetopsida,Apiales,Araliaceae,"Sciodaphyllum minutiflorum"
Equisetopsida,Fabales,Fabaceae,"Inga tomentosa"
Equisetopsida,Poales,Cyperaceae,"Scleria cyperinoides"
Equisetopsida,Poales,Cyperaceae,"Scleria macrogyne"
Equisetopsida,Asterales,Asteraceae,"Ayapana elata"
Equisetopsida,Polypodiales,Polypodiaceae,"Niphidium carinatum"
Equisetopsida,Fabales,Polygalaceae,"Securidaca dolod"
Equisetopsida,Selaginellales,Selaginellaceae,"Selaginella kunzeana"
Equisetopsida,Laurales,Lauraceae,"Mezilaurus itauba"
Equisetopsida,Malpighiales,Euphorbiaceae,"Acalypha stenoloba"
Equisetopsida,Lamiales,Acanthaceae,"Justicia appendiculata"
Equisetopsida,Lamiales,Acanthaceae,"Justicia calycina"
Equisetopsida,Lamiales,Acanthaceae,"Justicia pyrrhostachya"
Equisetopsida,Lamiales,Acanthaceae,"Justicia tenuistachys"
Equisetopsida,Asterales,Asteraceae,"Kaunea uber"
Equisetopsida,Asterales,Asteraceae,"Koanophyllon jugipaniculatum"
Equisetopsida,Malpighiales,Euphorbiaceae,"Acalypha stachyura"
Equisetopsida,Malpighiales,Euphorbiaceae,"Acalypha salicifolia"
Equisetopsida,Polypodiales,Aspleniaceae,"Asplenium pseudoangustum"
Equisetopsida,Gentianales,Rubiaceae,"Ladenbergia macrocarpa"
Equisetopsida,Gentianales,Rubiaceae,"Ladenbergia siranensis"
Equisetopsida,Malpighiales,Euphorbiaceae,"Acalypha mapirensis"
Equisetopsida,Ericales,Lecythidaceae,"Lecythis pisonis"
Equisetopsida,Gentianales,Gentianaceae,"Lehmanniella huanucensis"
Equisetopsida,Polypodiales,Polypodiaceae,"Lellingeria apiculata"
Equisetopsida,Polypodiales,Polypodiaceae,"Melpomene xiphopteroides"
Equisetopsida,Ericales,Primulaceae,"Myrsine umbellata"
Equisetopsida,Laurales,Siparunaceae,"Siparuna obstipa"
Equisetopsida,Asterales,Asteraceae,"Lepidaploa sordidopapposa"
Equisetopsida,Laurales,Siparunaceae,"Siparuna sessiliflora"
Equisetopsida,Santalales,Olacaceae,"Aptandra tubicina"
Equisetopsida,Asterales,Campanulaceae,"Siphocampylus chloroleucus"
Equisetopsida,Lamiales,Acanthaceae,"Aphelandra encarnacionii"
Equisetopsida,Myrtales,Myrtaceae,"Siphoneugena dussii"
Equisetopsida,Malpighiales,Chrysobalanaceae,"Leptobalanus bullatus"
Equisetopsida,Alismatales,Araceae,"Anthurium sect. Digitinervium"
Equisetopsida,Alismatales,Araceae,"Anthurium sect. Cardiolonchium"
Equisetopsida,Alismatales,Araceae,"Anthurium sect. Calomystrium"
Equisetopsida,Oxalidales,Elaeocarpaceae,"Sloanea garckeana"
Equisetopsida,Alismatales,Araceae,"Anthurium nymphaeifolium"
Equisetopsida,Alismatales,Araceae,"Anthurium macleanii"
Equisetopsida,Alismatales,Araceae,"Anthurium lechlerianum"
Equisetopsida,Alismatales,Araceae,"Anthurium ipariaense"
Equisetopsida,Malpighiales,Chrysobalanaceae,"Licania micrantha"
Equisetopsida,Malpighiales,Chrysobalanaceae,"Licania pallida"
Equisetopsida,Oxalidales,Elaeocarpaceae,"Sloanea laxiflora"
Equisetopsida,Laurales,Lauraceae,"Licaria cannella"
Equisetopsida,Laurales,Lauraceae,"Licaria crassifolia"
Equisetopsida,Myrtales,Myrtaceae,"Myrcia poeppigiana"
Equisetopsida,Alismatales,Araceae,"Anthurium chinchihuanense"
Equisetopsida,Alismatales,Araceae,"Anthurium asplundii"
Equisetopsida,Lamiales,Acanthaceae,"Mendoncia robusta"
Equisetopsida,Malpighiales,Caryocaraceae,"Anthodiscus pilosus"
Equisetopsida,Polypodiales,Blechnaceae,"Lomaridium ensiforme"
Equisetopsida,Polypodiales,Blechnaceae,"Lomariocycas werckleana"
Equisetopsida,Fabales,Fabaceae,"Lonchocarpus seorsus"
Equisetopsida,Laurales,Lauraceae,"Aniba rosiodora"
Equisetopsida,Laurales,Lauraceae,"Aniba robusta"
Equisetopsida,Laurales,Lauraceae,"Aniba kappleri"
Equisetopsida,Laurales,Lauraceae,"Aniba coto"
Equisetopsida,Solanales,Solanaceae,"Solanum clandestinum"
Equisetopsida,Magnoliales,Annonaceae,"Anaxagorea acuminata"
Equisetopsida,Solanales,Solanaceae,"Solanum riparium"
Equisetopsida,Solanales,Solanaceae,"Solanum sect. geminata"
Equisetopsida,Gentianales,Gentianaceae,"Macrocarpaea ostentans"
Equisetopsida,Gentianales,Gentianaceae,"Macrocarpaea tabula-fluctivagifolia"
Equisetopsida,Polypodiales,Thelypteridaceae,"Amauropelta balbisii"
Equisetopsida,Rosales,Moraceae,"Sorocea pileata"
Equisetopsida,Gentianales,Rubiaceae,"Amaioua corymbosa"
Equisetopsida,Myrtales,Melastomataceae,"Meriania hexamera"
Equisetopsida,Ericales,Marcgraviaceae,"Souroubea pachyphylla"
Equisetopsida,Ericales,Sapotaceae,"Manilkara bidentata subsp. surinamensis"
Equisetopsida,Ericales,Marcgraviaceae,"Marcgravia oblongifolia"
Equisetopsida,Ericales,Marcgraviaceae,"Marcgravia pedunculosa"
Equisetopsida,Asterales,Asteraceae,"Munnozia subviridis"
Equisetopsida,Sapindales,Sapindaceae,"Allophylus excelsus"
Equisetopsida,Pandanales,Cyclanthaceae,"Sphaeradenia rhodocephala"
Equisetopsida,Pandanales,Cyclanthaceae,"Sphaeradenia stylosa"
Equisetopsida,Ericales,Lecythidaceae,"Allantoma pluriflora"
Equisetopsida,Myrtales,Melastomataceae,"Mouriri myrtifolia"
Equisetopsida,Myrtales,Melastomataceae,"Miconia wolfei"
Equisetopsida,Myrtales,Melastomataceae,"Miconia thaminantha"
Equisetopsida,Asterales,Asteraceae,"Mikania lasiopoda"
Equisetopsida,Asterales,Asteraceae,"Mikania nemorosa"
Equisetopsida,Fabales,Fabaceae,"Desmodium purpusii"
Equisetopsida,Piperales,Piperaceae,"Piper monzonense"
Equisetopsida,Piperales,Piperaceae,"Piper maranyonense"
Equisetopsida,Piperales,Piperaceae,"Piper udisilvestre"
Equisetopsida,Myrtales,Melastomataceae,"Miconia sanguinea"
Equisetopsida,Myrtales,Melastomataceae,"Miconia saltuensis"
Equisetopsida,Piperales,Piperaceae,"Piper indecorum"
Equisetopsida,Polypodiales,Polypodiaceae,"Moranopteris caucana"
Equisetopsida,Santalales,Santalaceae,"Dendrophthora lueri"
Equisetopsida,Piperales,Piperaceae,"Piper crocatum"
Equisetopsida,Malpighiales,Chrysobalanaceae,"Moquilea magnifruta"
Equisetopsida,Myrtales,Melastomataceae,"Miconia reversa"
Equisetopsida,Polypodiales,Dryopteridaceae,"Didymochlaena truncatula"
Equisetopsida,Asterales,Asteraceae,"Piptocarpha geraldsmithii"
Equisetopsida,Asterales,Asteraceae,"Piptocarpha poeppigiana"
Equisetopsida,Ericales,Ebenaceae,"Diospyros panguana"
Equisetopsida,Poales,Bromeliaceae,"Pitcairnia bifaria"
Equisetopsida,Poales,Bromeliaceae,"Pitcairnia wolfei"
Equisetopsida,Gleicheniales,Gleicheniaceae,"Sticherus nervatus"
Equisetopsida,Fabales,Fabaceae,"Swartzia polyphylla"
Equisetopsida,Polypodiales,Thelypteridaceae,"Thelypteris opposita"
Equisetopsida,Fabales,Fabaceae,"Vatairea fusca"
Equisetopsida,Cycadales,Zamiaceae,"Zamia urep"
Equisetopsida,Fabales,Fabaceae,"Swartzia cuspidata"
Equisetopsida,Lamiales,Bignoniaceae,"Tynanthus panurensis"
Equisetopsida,Magnoliales,Annonaceae,"Tetrameranthus umbellatus"
Equisetopsida,Malpighiales,Hypericaceae,"Vismia amazonica"
Equisetopsida,Malpighiales,Hypericaceae,"Vismia glabra"
Equisetopsida,Malpighiales,Hypericaceae,"Vismia sandwithii"
Equisetopsida,Ericales,Pentaphylacaceae,"Ternstroemia brachypoda"
Equisetopsida,Myrtales,Combretaceae,"Terminalia duckei"
Equisetopsida,Myrtales,Combretaceae,"Terminalia dichotoma"
Equisetopsida,Gentianales,Gentianaceae,"Symbolanthus pascoensis"
Equisetopsida,Polypodiales,Tectariaceae,"Tectaria plantaginea"
Equisetopsida,Sapindales,Anacardiaceae,"Thyrsodium herrerense"
Equisetopsida,Alismatales,Araceae,"Xanthosoma trichophyllum"
Equisetopsida,Hymenophyllales,Hymenophyllaceae,"Trichomanes polypodioides"
Equisetopsida,Myrtales,Melastomataceae,"Topobea multiflora"
Equisetopsida,Sapindales,Meliaceae,"Trichilia schomburgkii"
Equisetopsida,Ericales,Symplocaceae,"Symplocos globulifera"
Equisetopsida,Sapindales,Meliaceae,"Trichilia laxipaniculata"
Equisetopsida,Myrtales,Melastomataceae,"Tococa guianensis"
Equisetopsida,Gentianales,Rubiaceae,"Tocoyena williamsii"
Equisetopsida,Asterales,Asteraceae,"Trepadonia oppositifolia"
Equisetopsida,Ericales,Styracaceae,"Styrax omuk"
Equisetopsida,Poales,Bromeliaceae,"Tillandsia brevilingua"
Equisetopsida,Fabales,Fabaceae,"Zygia coccinea var. macrophylla"
Equisetopsida,Asterales,Asteraceae,"Wedelia tambilloana"
Equisetopsida,Ericales,Primulaceae,"Stylogyne nigricans"
Equisetopsida,Polypodiales,Thelypteridaceae,"Thelypteris lancea"
Equisetopsida,Lamiales,Acanthaceae,"Herpetacanthus rotundatus"
Equisetopsida,Gentianales,Gentianaceae,"Helia acutangula"
Equisetopsida,Asterales,Asteraceae,"Adenostemma vargasii"
Equisetopsida,Asterales,Asteraceae,"Adenostemma platyphyllum"
Equisetopsida,Asterales,Asteraceae,"Gynoxys longifolia"
Equisetopsida,Zingiberales,Costaceae,"Costus vargasii"
Equisetopsida,Malpighiales,Violaceae,"Rinorea apiculata"
Equisetopsida,Picramniales,Picramniaceae,"Picramnia antidesma"
Equisetopsida,Piperales,Piperaceae,"Peperomia quaesita"
Equisetopsida,Poales,Poaceae,"Rugoloa pilosa"
Equisetopsida,Fabales,Fabaceae,"Cologania broussonetii"
Equisetopsida,Fabales,Polygalaceae,"Caamembeca spectabilis"
Equisetopsida,Fabales,Polygalaceae,"Polygala amatymbica"
Equisetopsida,Rosales,Urticaceae,"Pilea centradenioides"
Equisetopsida,Lamiales,Acanthaceae,"Ruellia rauhii"
Equisetopsida,Gentianales,Rubiaceae,"Joosia sericea"
Equisetopsida,Magnoliales,Annonaceae,"Oxandra polyantha"
Equisetopsida,Malpighiales,Phyllanthaceae,"Phyllanthus stipitatus"
Equisetopsida,Lamiales,Acanthaceae,"Aphelandra castanifolia"
Equisetopsida,Malpighiales,Malpighiaceae,"Banisteropsis caapi"
Equisetopsida,Lamiales,Acanthaceae,"Aphelandra peruviana"
Equisetopsida,Poales,Poaceae,"Pariana trichosticha"
Equisetopsida,Poales,Poaceae,"Pariana pallida"
Equisetopsida,Solanales,Solanaceae,"Cestrum mariquitense"
Equisetopsida,Fabales,Fabaceae,"Mucuna urens"
Equisetopsida,Gentianales,Rubiaceae,"Notopleura plagiantha"
Equisetopsida,Myrtales,Melastomataceae,"Miconia purpureoviolacea"
Equisetopsida,Laurales,Monimiaceae,"Mollinedia uleana"
Equisetopsida,Polypodiales,Dryopteridaceae,"Megalastrum biseriale"
Equisetopsida,Fabales,Fabaceae,"Inga yacoana"
Equisetopsida,Solanales,Convolvulaceae,"Ipomoea regnellii"
Equisetopsida,Asterales,Campanulaceae,"Centropogon capitatus"
Equisetopsida,Gentianales,Rubiaceae,"Elaeagia myriantha"
Equisetopsida,Solanales,Convolvulaceae,"Ipomoea dumetorum"
Equisetopsida,Gentianales,Rubiaceae,"Oldenlandia corymbosa"
Equisetopsida,Polypodiales,Oleandraceae,"Oleandra lehmannii"
Equisetopsida,Fagales,Myricaceae,"Myrica pubescens"
Equisetopsida,Piperales,Piperaceae,"Peperomia distachyos"
Equisetopsida,Gentianales,Rubiaceae,"Palicourea adderleyi"
Equisetopsida,Magnoliales,Annonaceae,"Annona mucosa"
Equisetopsida,Myrtales,Melastomataceae,"Miconia leptopus"
Equisetopsida,Rosales,Rhamnaceae,"Gouania polygama"
Equisetopsida,Zingiberales,Marantaceae,"Hylaeanthe unilateralis"
Equisetopsida,Malpighiales,Clusiaceae,"Hypericum andinum"
Equisetopsida,Polypodiales,Pteridaceae,"Pityrogramma calomelanos var. Calomelanos"
Equisetopsida,Poales,Poaceae,"Olyra buchtienii"
Equisetopsida,Gentianales,Rubiaceae,"Faramea tamberlikiana"
Equisetopsida,Polypodiales,Dryopteridaceae,"Bolbitis lindigii"
Equisetopsida,Zingiberales,Marantaceae,"Goeppertia peruviana"
Equisetopsida,Zingiberales,Marantaceae,"Goeppertia pearcei"
Equisetopsida,Fabales,Fabaceae,"Adesmia miraflorensis"
Equisetopsida,Zingiberales,Marantaceae,"Goeppertia insignis"
Equisetopsida,Laurales,Polygalaceae,"Monnina salicifolia"
Equisetopsida,Commelinales,Commelinaceae,"Callisia repens"
Equisetopsida,Santalales,Loranthaceae,"Peristethium archeri"
Equisetopsida,Poales,Cyperaceae,"Cyperus chalaranthus"
Equisetopsida,Zingiberales,Zingiberaceae,"Hedychium coronarium"
Equisetopsida,Poales,Cyperaceae,"Rhynchospora puber subsp. Puber"
Equisetopsida,Lamiales,Gesneriaceae,"Besleria sprucei"
Equisetopsida,Malpighiales,Euphorbiaceae,"Acalypha benensis"
Equisetopsida,Polypodiales,Aspleniaceae,"Asplenium davisii"
Equisetopsida,Nymphaeales,Nymphaeaceae,"Nymphaea amazonum"
Equisetopsida,Polypodiales,Pteridaceae,"Adiantum fuliginosum"
Equisetopsida,Pandanales,Cyclanthaceae,"Asplundia nonoensis"
Equisetopsida,Myrtales,Melastomataceae,"Miconia dentata"
Equisetopsida,Fabales,Fabaceae,"Senna reticulata"
Equisetopsida,Caryophyllales,Nyctaginaceae,"Neea boliviana"
Equisetopsida,Gentianales,Apocynaceae,"Aspidosperma vargasii"
Equisetopsida,Malvales,Malvaceae,"Pavonia castaneifolia"
Equisetopsida,Sapindales,Rutaceae,"Zanthoxylum rhoifolium"
Equisetopsida,Malvales,Malvaceae,"Theobroma glaucum"
Equisetopsida,Asparagales,Amaryllidaceae,"Urceolina cyaneosperma"
Equisetopsida,Fabales,Fabaceae,"Tachigali cavipes"
Equisetopsida,Oxalidales,Elaeocarpaceae,"Sloanea latifolia"
Equisetopsida,Poales,Poaceae,"Guadua sarcocarpa"
Equisetopsida,Caryophyllales,Polygonaceae,"Coccoloba paraensis"
Equisetopsida,Alismatales,Araceae,"Anthurium atropurpureum"
Equisetopsida,Polypodiales,Athyriaceae,"Diplazium celtidifolium"
Equisetopsida,Sapindales,Rutaceae,"Erythrochiton brasiliensis"
Equisetopsida,Alismatales,Araceae,"Stenospermation weberbaueri"
Equisetopsida,Malpighiales,Ochnaceae,"Ouratea superba"
Equisetopsida,Malvales,Malvaceae,"Gossypium barbadense var. Barbadense"
Equisetopsida,Gentianales,Rubiaceae,"Palicourea brachiata"
Equisetopsida,Zingiberales,Marantaceae,"Goeppertia pseudoveitchiana"
Equisetopsida,Zingiberales,Cannaceae,"Canna iridiflora"
Equisetopsida,Malvales,Bixaceae,"Bixa arborea"
Equisetopsida,Poales,Cyperaceae,"Rhynchospora corymbosa"
Equisetopsida,Malvales,Malvaceae,"Acaulimalva engleriana"
Equisetopsida,Lamiales,Gesneriaceae,"Besleria emendata"
Equisetopsida,Lamiales,Gesneriaceae,"Besleria compta"
Equisetopsida,Lycopodiales,Lycopodiaceae,"Huperzia arcuata"
Equisetopsida,Fabales,Fabaceae,"Inga aliena"
Equisetopsida,Piperales,Piperaceae,"Piper itayanum"
Equisetopsida,Magnoliales,Annonaceae,"Guatteria schomburgkiana"
Equisetopsida,Piperales,Piperaceae,"Piper gratum"
Equisetopsida,Fabales,Fabaceae,"Inga multinervis"
Equisetopsida,Poales,Bromeliaceae,"Aechmea nidularioides"
Equisetopsida,Poales,Poaceae,"Cryptochloa unispiculata"
Equisetopsida,Myrtales,Melastomataceae,"Mouriri huberi"
Equisetopsida,Selaginellales,Selaginellaceae,"Selaginella articulata"
Equisetopsida,Malpighiales,Euphorbiaceae,"Ditaxis dioica"
Equisetopsida,Polypodiales,Dryopteridaceae,"Mickelia guianensis"
Equisetopsida,Magnoliales,Annonaceae,"Cremastosperma leiophyllum"
Equisetopsida,Fabales,Fabaceae,"Dimorphandra loretensis"
Equisetopsida,Rosales,Urticaceae,"Coussapoa manuensis"
Equisetopsida,Piperales,Piperaceae,"Piper chanchamayanum"
Equisetopsida,Zingiberales,Costaceae,"Costus beckii"
Equisetopsida,Piperales,Piperaceae,"Piper calvibaccum"
Equisetopsida,Alismatales,Araceae,"Filarum manserichense"
Equisetopsida,Polypodiales,Aspleniaceae,"Asplenium cuneatum"
Equisetopsida,Gentianales,Rubiaceae,"Psychotria cauligera"
Equisetopsida,Poales,Cyperaceae,"Cyperus digitatus"
Equisetopsida,Rosales,Moraceae,"Ficus anthelmintica"
Equisetopsida,Gentianales,Apocynaceae,"Laxoplumeria tessmannii"
Equisetopsida,Fabales,Fabaceae,"Amphiodon effusus"
Equisetopsida,Magnoliales,Annonaceae,"Anaxagorea crassipetala"
Equisetopsida,Fabales,Fabaceae,"Andira multistipula"
Equisetopsida,Commelinales,Commelinaceae,"Aneilema umbrosum"
Equisetopsida,Gentianales,Apocynaceae,"Prestonia plumeriifolia"
Equisetopsida,Gentianales,Rubiaceae,"Hippotis brevipes"
Equisetopsida,Fabales,Fabaceae,"Deguelia utilis"
Equisetopsida,Gentianales,Rubiaceae,"Pentagonia macrophylla"
Equisetopsida,Magnoliales,Annonaceae,"Annona cordifolia"
Equisetopsida,Piperales,Piperaceae,"Peperomia huallagana"
Equisetopsida,Malpighiales,Euphorbiaceae,"Acalypha aronioides"
Equisetopsida,Rosales,Cannabaceae,"Trema domingense"
Equisetopsida,Malpighiales,Malpighiaceae,"Tetrapterys goudotiana"
Equisetopsida,Lamiales,Achariaceae,"Tessmanniacanthus chlamydocardioides"
Equisetopsida,Sphagnales,Sphagnaceae,"Sphagnum sancto-josephense"
Equisetopsida,Fabales,Fabaceae,"Macropsychanthus huberi"
Equisetopsida,Solanales,Solanaceae,"Solanum rubicaule"
Equisetopsida,Myrtales,Melastomataceae,"Miconia riparia"
Equisetopsida,Myrtales,Melastomataceae,"Miconia conoattenuata"
Equisetopsida,Asterales,Asteraceae,"Piptocoma discolor"
Equisetopsida,Fabales,Fabaceae,"Piptadenia peruviana"
Equisetopsida,Asterales,Asteraceae,"Gynoxys azuayensis"
Equisetopsida,Asterales,Asteraceae,"Clibadium eggersii"
Equisetopsida,Rosales,Moraceae,"Ficus opposita"
Equisetopsida,Bartramiales,Bartramiaceae,"Philonotis sphaericarpa"
Equisetopsida,Bartramiales,Bartramiaceae,"Philonotis rufiflora"
Equisetopsida,Bartramiales,Bartramiaceae,"Philonotis angulata"
Equisetopsida,Lophocoleineae,Lepidoziaceae,"Bazzania falcata"
Equisetopsida,Bryales,Bryaceae,"Anomobryum julaceum"
Equisetopsida,Hypnodendrales,Racopilaceae,"Racopilum intermedium"
Equisetopsida,Bryales,Bryaceae,"Bryum procerum"
Equisetopsida,Splachnales,Splachnaceae,"Splachnum weberbaueri"
Equisetopsida,Bartramiales,Bartramiaceae,"Breutelia tomentosa"
Equisetopsida,Hypnales,Prionodontaceae,"Prionodon densus"
Equisetopsida,Hypnales,Sematophyllaceae,"Aptychella proligera"
Equisetopsida,Hookeriales,Pilotrichaceae,"Lepidopilidium nitens"
Equisetopsida,Pleuroziales,Pleuroziaceae,"Pleurozia paradoxa"
Equisetopsida,Bryales,Bryaceae,"Pohlia papillosa"
Equisetopsida,Malpighiales,Dichapetalaceae,"Tapura amazónica"
Equisetopsida,Zingiberales,Marantaceae,"Goeppertia gandersii"
Equisetopsida,Zingiberales,Marantaceae,"Goeppertia fucata"
Equisetopsida,Salviniales,Salviniaceae,"Salvinia auriculata"
Equisetopsida,Gentianales,Rubiaceae,"Palicourea glabra"
Equisetopsida,Rosales,Moraceae,"Naucleopsis humilis"
Equisetopsida,Pandanales,Cyclanthaceae,"Ludovia lancifolia"
Equisetopsida,Sapindales,Sapindaceae,"Paullinia yoco"
Equisetopsida,Malvales,Malvaceae,"Luehea grandiflora"
Equisetopsida,Myrtales,Myrtaceae,"Myrcia nervata"
Equisetopsida,Gentianales,Rubiaceae,"Geophila herbacea"
Equisetopsida,Fabales,Fabaceae,"Parkia balslevii"
Equisetopsida,Gentianales,Rubiaceae,"Psychotria marcgraviella"
Equisetopsida,Fabales,Fabaceae,"Macrolobium multijugum"
Equisetopsida,Poales,Bromeliaceae,"Aechmea abbreviata"
Equisetopsida,Gentianales,Rubiaceae,"Geophila cordata"
Equisetopsida,Fabales,Fabaceae,"Senegalia polyphylla"
Equisetopsida,Proteales,Proteaceae,"Panopsis rubescens"
Equisetopsida,Myrtales,Melastomataceae,"Miconia zubenetana"
Equisetopsida,Commelinales,Commelinaceae,"Geogenanthus rhizanthus"
Equisetopsida,Gentianales,Apocynaceae,"Malouetia flavescens"
Equisetopsida,Magnoliales,Annonaceae,"Duguetia odorata"
Equisetopsida,Fabales,Fabaceae,"Bauhinia arborea"
Equisetopsida,Fabales,Fabaceae,"Pterocarpus santalinoides"
Equisetopsida,Myrtales,Onagraceae,"Ludwigia decurrens"
Equisetopsida,Oxalidales,Connaraceae,"Connarus ruber"
Equisetopsida,Rosales,Urticaceae,"Pourouma napoensis"
Equisetopsida,Malpighiales,Euphorbiaceae,"Conceveiba martiana"
Equisetopsida,Magnoliales,Annonaceae,"Guatteria grandipes"
Equisetopsida,Sapindales,Rutaceae,"Raputia simulans"
Equisetopsida,Poales,Bromeliaceae,"Aechmea woronowii"
Equisetopsida,Malvales,Malvaceae,"Quararibea amazónica"
Equisetopsida,Malpighiales,Euphorbiaceae,"Sebastiania obtusifolia"
Equisetopsida,Fabales,Polygalaceae,"Securidaca divaricata"
Equisetopsida,Myrtales,Melastomataceae,"Miconia acutipetala"
Equisetopsida,Zingiberales,Marantaceae,"Monotagma aurantiacum"
Equisetopsida,Malpighiales,Violaceae,"Paypayrola guianensis"
Equisetopsida,Polypodiales,Lindsaeaceae,"Lindsaea lancea var. falcata"
Equisetopsida,Fabales,Fabaceae,"Piptadenia uaupensis"
Equisetopsida,Malpighiales,Euphorbiaceae,"Adenophaedra grandifolia"
Equisetopsida,Malvales,Malvaceae,"Matisia intricata"
Equisetopsida,Sapindales,Meliaceae,"Trichilia stipitata"
Equisetopsida,Malvales,Malvaceae,"Tarasa urbaniana"
Equisetopsida,Rosales,Rosaceae,"Tetraglochin alata"
Equisetopsida,Poales,Poaceae,"Vulpia myuros var. hirsuta"
Equisetopsida,Brassicales,Brassicaceae,"Weberbauera peruviana"
Equisetopsida,Asterales,Asteraceae,"Werneria apiculata"
Equisetopsida,Dipsacales,Caprifoliaceae,"Valeriana asplenifolia"
Equisetopsida,Fabales,Fabaceae,"Lupinus ananeanus"
Equisetopsida,Caryophyllales,Caryophyllaceae,"Arenaria tetragyna"
Equisetopsida,Lamiales,Orobanchaceae,"Castilleja fissifolia"
Equisetopsida,Poales,Poaceae,"Anatherostipa rigidiseta"
Equisetopsida,Fabales,Fabaceae,"Lupinus pinguis"
Equisetopsida,Asterales,Asteraceae,"Erigeron ecuadoriensis"
Equisetopsida,Asterales,Asteraceae,"Hypochaeris echegarayi"
Equisetopsida,Malvales,Malvaceae,"Acaulimalva purdiei"
Equisetopsida,Poales,Cyperaceae,"Carex hypsipedos"
Equisetopsida,Malvales,Malvaceae,"Nototriche sulcata"
Equisetopsida,Poales,Poaceae,"Stenotaphrum secundatum"
Equisetopsida,Asterales,Asteraceae,"Proustia berberidifolia"
Equisetopsida,Gentianales,Gentianaceae,"Gentianella potamophila"
Equisetopsida,Asterales,Asteraceae,"Loricaria graveolens"
Equisetopsida,Poales,Poaceae,"Cinnagrostis minima"
Equisetopsida,Poales,Poaceae,"Calamagrostis amoena"
Equisetopsida,Gentianales,Gentianaceae,"Gentiana prolata"
Equisetopsida,Santalales,Loranthaceae,"Ligaria cuneifolia"
Equisetopsida,Poales,Poaceae,"Calamagrostis spiciformis"
Equisetopsida,Poales,Poaceae,"Calamagrostis trichophylla"
Equisetopsida,Poales,Poaceae,"Poa chamaeclinos"
Equisetopsida,Poales,Poaceae,"Poa gilgiana"
Equisetopsida,Boraginales,Boraginaceae,"Plagiobothrys congestus"
Equisetopsida,Apiales,Apiaceae,"Azorella diapensioides"
Equisetopsida,Caryophyllales,Caryophyllaceae,"Pycnophyllum bryoides"
Equisetopsida,Poales,Bromeliaceae,"Puya ponderosa"
Equisetopsida,Poales,Bromeliaceae,"Puya hamata"
Equisetopsida,Poales,Poaceae,"Poa pearsonii"
Equisetopsida,Asterales,Asteraceae,"Gamochaeta purpurea"
Equisetopsida,Poales,Poaceae,"Poa pseudoaequigluma"
Equisetopsida,Gentianales,Rubiaceae,"Gallium canescens"
Equisetopsida,Asterales,Asteraceae,"Parastrephia lepidophylla"
Equisetopsida,Poales,Poaceae,"Poa spicigera"
Equisetopsida,Poales,Poaceae,"Poa trollii"
Equisetopsida,Lamiales,Plantaginaceae,"Plantago nubicola"
Equisetopsida,Isoetales,Isoetaceae,"Isoetes hieronymi"
Equisetopsida,Asterales,Asteraceae,"Luciliocline subspicata"
Equisetopsida,Solanales,Solanaceae,"Jaltomata diversa"
Equisetopsida,Malvales,Malvaceae,"Fuertesimalva echinata"
Equisetopsida,Asterales,Asteraceae,"Senecio hohenackeri"
Equisetopsida,Rosales,Rosaceae,"Polylepis triacontandra"
Equisetopsida,Apiales,Apiaceae,"Bowlesia flabili"
Equisetopsida,Asterales,Asteraceae,"Senecio nutans"
Equisetopsida,Asterales,Asteraceae,"Mutisia hastata"
Equisetopsida,Polypodiales,Pteridaceae,"Cheilanthes fraseri"
Equisetopsida,Fabales,Fabaceae,"Astragalus minimus"
Equisetopsida,Solanales,Solanaceae,"Solanum acaule"
Equisetopsida,Brassicales,Brassicaceae,"Lepidium chichicara"
Equisetopsida,Fabales,Fabaceae,"Astragalus micranthellus"
Equisetopsida,Brassicales,Brassicaceae,"Descurainia depressa"
Equisetopsida,Poales,Poaceae,"Dactilis glomerata"
Equisetopsida,Fabales,Fabaceae,"Medicago sativa"
Equisetopsida,Poales,Poaceae,"Festuca rigescens"
Equisetopsida,Poales,Poaceae,"Festuca peruviana"
Equisetopsida,Poales,Poaceae,"Festuca parvipaniculata"
Equisetopsida,Poales,Poaceae,"Festuca lasiorrhachis"
Equisetopsida,Poales,Poaceae,"Festuca divergens"
Equisetopsida,Asterales,Asteraceae,"Conyza deserticola"
Equisetopsida,Poales,Poaceae,"Nassella rupestris"
Equisetopsida,Asterales,Asteraceae,"Pseudognaphalium lacteum"
Equisetopsida,Poales,Poaceae,"Piptochaetium featherstonei"
Equisetopsida,Poales,Poaceae,"Festuca tenuiculmis"
Equisetopsida,Solanales,Solanaceae,"Solanum tuberosum"
Equisetopsida,Fabales,Fabaceae,"Astragalus bryogenes"
Equisetopsida,Apiales,Araliaceae,"Hydrocotyle bonariensis"
Equisetopsida,Oxalidales,Oxalidaceae,"Oxalis tuberosa"
Equisetopsida,Apiales,Apiaceae,"Azorella compacta"
Equisetopsida,Gentianales,Gentianaceae,"Gentiana caspaltensis"
Equisetopsida,Poales,Cyperaceae,"Scirpus polyphyllus fo. Macrostachys"
Equisetopsida,Gentianales,Gentianaceae,"Gentianella luridoviolacea"
Equisetopsida,Gentianales,Gentianaceae,"Gentianella persquarrosa"
Equisetopsida,Gentianales,Gentianaceae,"Gentianella saxicola"
Equisetopsida,Gentianales,Gentianaceae,"Gentianella vaginalis"
Equisetopsida,Brassicales,Brassicaceae,"Rorippa nasturtium-aquaticum"
Equisetopsida,Caryophyllales,Polygonaceae,"Rumex peruanus"
Equisetopsida,Liliales,Alstroemeriaceae,"Bomarea linifolia"
Equisetopsida,Poales,Poaceae,"Hordeum vulgare"
Equisetopsida,Polypodiales,Pteridaceae,"Adiantum capillus-veneris"
Equisetopsida,Dipsacales,Caprifoliaceae,"Stangea rhizantha"
Equisetopsida,Fabales,Fabaceae,"Vicia faba"
Equisetopsida,Asterales,Asteraceae,"Taraxacum officinale"
Equisetopsida,Caryophyllales,Aizoaceae,"Tetragonia vestita"
Equisetopsida,Poales,Bromeliaceae,"Tillandsia landbeckii"
Equisetopsida,Caryophyllales,Amaranthaceae,"Suaeda foliosa"
Equisetopsida,Poales,Bromeliaceae,"Tillandsia paleacea"
Equisetopsida,Caryophyllales,Aizoaceae,"Tetragonia macrocarpa"
Equisetopsida,Caryophyllales,Aizoaceae,"Tetragonia crystallina"
Equisetopsida,Poales,Bromeliaceae,"Tillandsia latifolia"
Equisetopsida,Caryophyllales,Aizoaceae,"Tetragonia microcarpa"
Equisetopsida,Poales,Poaceae,"Stipa pachypus"
Equisetopsida,Rosales,Urticaceae,"Parietaria debilis"
Equisetopsida,Poales,Poaceae,"Rostraria trachyantha"
Equisetopsida,Solanales,Convolvulaceae,"Cressa truxillensis"
Equisetopsida,Asterales,Asteraceae,"Polyachyrus annuus"
Equisetopsida,Asterales,Asteraceae,"Polyachyrus fuscus"
Equisetopsida,Fabales,Fabaceae,"Geoffroea decorticans"
Equisetopsida,Solanales,Solanaceae,"Nicotiana paniculata"
Equisetopsida,Malpighiales,Linaceae,"Linum prostratum"
Equisetopsida,Caryophyllales,Amaranthaceae,"Sarcocornia fruticosa"
Equisetopsida,Apiales,Apiaceae,"Cyclospermum laciniatum"
Equisetopsida,Oxalidales,Oxalidaceae,"Oxalis xerophyton"
Equisetopsida,Oxalidales,Oxalidaceae,"Oxalis megalorrhiza"
Equisetopsida,Geraniales,Geraniaceae,"Geranium limae"
Equisetopsida,Apiales,Apiaceae,"Domeykoa saniculifolia"
Equisetopsida,Solanales,Solanaceae,"Solanum edmondstonii"
Equisetopsida,Caryophyllales,Aizoaceae,"Sesuvium portulacastrum"
Equisetopsida,Solanales,Solanaceae,"Nolana insularis"
Equisetopsida,Caryophyllales,Amaranthaceae,"Chenopodium petiolare"
Equisetopsida,Solanales,Solanaceae,"Nolana plicata"
Equisetopsida,Solanales,Solanaceae,"Nolana willeana"
Equisetopsida,Caryophyllales,Caryophyllaceae,"Spergularia fasiculata"
Equisetopsida,Caryophyllales,Caryophyllaceae,"Spergularia congestifolia"
Equisetopsida,Asterales,Asteraceae,"Erigeron leptorhizon"
Equisetopsida,Malvales,Malvaceae,"Palaua trisepala"
Equisetopsida,Asterales,Asteraceae,"Ambrosia dentata"
Equisetopsida,Malvales,Malvaceae,"Palaua dissecta"
Equisetopsida,Lamiales,Plantaginaceae,"Plantago limensis"
Equisetopsida,Solanales,Solanaceae,"Solanum murphyi"
Equisetopsida,Ericales,Actinidiaceae,"Saurauia tomentosa"
Equisetopsida,Malvales,Malvaceae,"Palaua moschata"
Equisetopsida,Solanales,Solanaceae,"Solanum nigrum"
Equisetopsida,Caryophyllales,Amaranthaceae,"Amaranthus celosioides"
Equisetopsida,Solanales,Solanaceae,"Solanum pennellii"
Equisetopsida,Boraginales,Boraginaceae,"Cryptantha granulosa"
Equisetopsida,Malpighiales,Euphorbiaceae,"Euphorbia heterophylla"
Equisetopsida,Boraginales,Boraginaceae,"Cryptantha limensis"
Equisetopsida,Lamiales,Lamiaceae,"Hyptis sidifolia"
Equisetopsida,Oxalidales,Oxalidaceae,"Oxalis lomana"
Equisetopsida,Solanales,Solanaceae,"Solanum mochiquense"
Equisetopsida,Apiales,Apiaceae,"Bowlesia palmata"
Equisetopsida,Caryophyllales,Caryophyllaceae,"Drymaria apetala"
Equisetopsida,Lamiales,Lamiaceae,"Scutellaria ocymoides"
Equisetopsida,Solanales,Solanaceae,"Nolana gayana"
Equisetopsida,Solanales,Solanaceae,"Nolana humifusa"
Equisetopsida,Poales,Poaceae,"Avena sterilis"
Equisetopsida,Poales,Poaceae,"Bromus striatus"
Equisetopsida,Brassicales,Brassicaceae,"Sisymbrium officinale"
Equisetopsida,Caryophyllales,Caryophyllaceae,"Drymaria paposana var. weberbaueri"
Equisetopsida,Lamiales,Lamiaceae,"Salvia rhombifolia"
Equisetopsida,Cornales,Loasaceae,"Nasa urens"
Equisetopsida,Poales,Poaceae,"Eragrostis cilianensis"
Equisetopsida,Malvales,Malvaceae,"Palaua rhombifolia"
Equisetopsida,Lamiales,Verbenaceae,"Phyla nodiflora"
Equisetopsida,Poales,Poaceae,"Eragrostis mexicana"
Equisetopsida,Polypodiales,Pteridaceae,"Adiantum digitatum"
Equisetopsida,Solanales,Convolvulaceae,"Ipomoea acanthocarpa"
Equisetopsida,Sapindales,Anacardiaceae,"Schinus molle"
Equisetopsida,Caryophyllales,Montiaceae,"Calandrinia alba"
Equisetopsida,Solanales,Solanaceae,"Solanum medians"
Equisetopsida,Cucurbitales,Begoniaceae,"Begonia octopetala"
Equisetopsida,Apiales,Apiaceae,"Spananthe paniculata"
Equisetopsida,Poales,Poaceae,"Arundo donax"
Equisetopsida,Caryophyllales,Amaranthaceae,"Alternanthera dominii"
Equisetopsida,Asterales,Asteraceae,"Ophryosporus pubescens"
Equisetopsida,Poales,Poaceae,"Cenchrus echinatus"
Equisetopsida,Piperales,Piperaceae,"Peperomia inaequalifolia"
Equisetopsida,Geraniales,Geraniaceae,"Erodium moschatum"
Equisetopsida,Boraginales,Heliotropiaceae,"Heliotropium adenogynum"
Equisetopsida,Cucurbitales,Cucurbitaceae,"Cyclanthera mathewsii"
Equisetopsida,Asterales,Asteraceae,"Erigeron variifolius"
Equisetopsida,Liliales,Alstroemeriaceae,"Alstroemeria pelegrina"
Equisetopsida,Oxalidales,Oxalidaceae,"Oxalis bulbigera"
Equisetopsida,Asterales,Asteraceae,"Baccharis spartea"
Equisetopsida,Liliales,Alstroemeriaceae,"Alstroemeria chorillensis"
Equisetopsida,Poales,Poaceae,"Cenchrus ciliaris"
Equisetopsida,Brassicales,Brassicaceae,"Lepidium cyclocarpum"
Equisetopsida,Poales,Poaceae,"Paspalum flavum"
Equisetopsida,Boraginales,Heliotropiaceae,"Heliotropium lanceolatum"
Equisetopsida,Lamiales,Calceolariaceae,"Calceolaria dichotoma"
Equisetopsida,Lamiales,Acanthaceae,"Ruellia spectabilis"
Equisetopsida,Caryophyllales,Nyctaginaceae,"Mirabilis expansa"
Equisetopsida,Lamiales,Acanthaceae,"Dicliptera tomentosa"
Equisetopsida,Boraginales,Namaceae,"Nama dichotoma"
Equisetopsida,Malpighiales,Euphorbiaceae,"Euphorbia peplus"
Equisetopsida,Asterales,Campanulaceae,"Lobelia decurrens"
Equisetopsida,Boraginales,Heliotropiaceae,"Euploca pilosa"
Equisetopsida,Myrtales,Onagraceae,"Oenothera arequipensis"
Equisetopsida,Asparagales,Amaryllidaceae,"Stenomesson flavum"
Equisetopsida,Asterales,Asteraceae,"Ageratina vallincola"
Equisetopsida,Lamiales,Verbenaceae,"Lantana scabiosiflora"
Equisetopsida,Lamiales,Plantaginaceae,"Nuttallanthus canadensis"
Equisetopsida,Asterales,Asteraceae,"Pseudognaphalium gaudichaudianum"
Equisetopsida,Malpighiales,Passifloraceae,"Passiflora suberosa subsp. litoralis"
Equisetopsida,Fabales,Fabaceae,"Dalea exilis"
Equisetopsida,Solanales,Solanaceae,"Solanum immite"
Equisetopsida,Rosales,Urticaceae,"Pilea lamioides"
Equisetopsida,Asterales,Asteraceae,"Sigesbeckia flosculosa"
Equisetopsida,Saxifragales,Crassulaceae,"Crassula closiana"
Equisetopsida,Cornales,Loasaceae,"Mentzelia scabra subsp. grandiflora"
Equisetopsida,Apiales,Apiaceae,"Cyclospermum leptophyllum"
Equisetopsida,Gentianales,Apocynaceae,"Philibertia solanoides"
Equisetopsida,Lamiales,Orobanchaceae,"Castilleja arvensis"
Equisetopsida,Boraginales,Boraginaceae,"Pectocarya anomala"
Equisetopsida,Asterales,Asteraceae,"Senecio gracilipes"
Equisetopsida,Myrtales,Onagraceae,"Oenothera laciniata"
Equisetopsida,Asparagales,Amaryllidaceae,"Clinanthus coccineus"
Equisetopsida,Lamiales,Lamiaceae,"Mesosphaerum sidifolium"
Equisetopsida,Asparagales,Asparagaceae,"Oziroe biflora"
Equisetopsida,Solanales,Convolvulaceae,"Evolvulus villosus"
Equisetopsida,Ericales,Primulaceae,"Lysimachia arvensis"
Equisetopsida,Piperales,Piperaceae,"Peperomia crystallina"
Equisetopsida,Malvales,Malvaceae,"Fuertesimalva peruviana"
Equisetopsida,Solanales,Solanaceae,"Jaltomata umbellata"
Equisetopsida,Poales,Poaceae,"Digitaria ciliaris"
Equisetopsida,Fabales,Fabaceae,"Dalea cylindrica"
Equisetopsida,Caryophyllales,Amaranthaceae,"Chenopodium murale"
Equisetopsida,Ranunculales,Papaveraceae,"Fumaria capreolata"
Equisetopsida,Asparagales,Asparagaceae,"Furcraea andina"
Equisetopsida,Malvales,Malvaceae,"Cristaria multifida"
Equisetopsida,Poales,Poaceae,"Setaria verticillata"
Equisetopsida,Ericales,Primulaceae,"Lysimachia minima"
Equisetopsida,Asterales,Asteraceae,"Galinsoga caligensis"
Equisetopsida,Ericales,Polemoniaceae,"Cantua buxifolia"
Equisetopsida,Malpighiales,Euphorbiaceae,"Croton alnifolius"
Equisetopsida,Asterales,Asteraceae,"Galinsoga parviflora"
Equisetopsida,Asparagales,Asparagaceae,"Echeandia eccrfemorrhiza"
Equisetopsida,Asterales,Asteraceae,"Lomanthus abadianus"
Equisetopsida,Piperales,Piperaceae,"Peperomia umbilicata"
Equisetopsida,Asterales,Asteraceae,"Lomanthus cantensis"
Equisetopsida,Asterales,Asteraceae,"Lomanthus lomincola"
Equisetopsida,Asterales,Asteraceae,"Lomanthus subcandidus"
Equisetopsida,Caryophyllales,Plumbaginaceae,"Plumbago coerulea"
Equisetopsida,Lamiales,Plantaginaceae,"Callitriche terrestris"
Equisetopsida,Caryophyllales,Caryophyllaceae,"Drymaria divaricata"
Equisetopsida,Asparagales,Amaryllidaceae,"Ismene amancaes"
Equisetopsida,Solanales,Solanaceae,"Solanum multifidum"
Equisetopsida,Asterales,Asteraceae,"Lomanthus tovarii"
Equisetopsida,Malvales,Malvaceae,"Palaua malvifolia"
Equisetopsida,Caryophyllales,Caryophyllaceae,"Sagina apetala"
Equisetopsida,Fabales,Fabaceae,"Senna aurantia"
Equisetopsida,Solanales,Solanaceae,"Solanum montanum"
Equisetopsida,Asparagales,Iridaceae,"Tigridia pavonia"
Equisetopsida,Malvales,Malvaceae,"Waltheria indica"
Equisetopsida,Asterales,Asteraceae,"Trixis cacalioides"
Equisetopsida,Asterales,Asteraceae,"Tanacetum parthenium"
Equisetopsida,Dipsacales,Caprifoliaceae,"Valeriana pinnatifida"
Equisetopsida,Caryophyllales,Tamaricaceae,"Tamarix aphylla"
Equisetopsida,Caryophyllales,Aizoaceae,"Trianthema portulacastrum"
Equisetopsida,Brassicales,Caricaceae,"Vasconcellea candicans"
Equisetopsida,Asterales,Asteraceae,"Stevia melissifolia"
Equisetopsida,Asterales,Asteraceae,"Verbesina hastifolia"
Equisetopsida,Rosales,Urticaceae,"Urtica urens"
Equisetopsida,Asterales,Asteraceae,"Verbesina saubinetioides"
Equisetopsida,Fabales,Fabaceae,"Vicia lomensis"
Equisetopsida,Fabales,Fabaceae,"Vicia modesta"
Equisetopsida,Brassicales,Tropaeolaceae,"Tropaeolum minus"
Equisetopsida,Asterales,Campanulaceae,"Triodanis perfoliata"
Equisetopsida,Alismatales,Potamogetonaceae,"Zannichellia palustris"
Equisetopsida,Alismatales,Potamogetonaceae,"Stuckenia filiformis"
Equisetopsida,Alismatales,Ruppiaceae,"Ruppia filifolia"
Equisetopsida,Alismatales,Araceae,"Lemna gibba"
Equisetopsida,Poales,Poaceae,"Nassella nardoides"
Equisetopsida,Oxalidales,Oxalidaceae,"Oxalis petrophila"
Equisetopsida,Poales,Poaceae,"Nassella smithii"
Equisetopsida,Solanales,Solanaceae,"Brugmansia arborea"
Equisetopsida,Fabales,Fabaceae,"Adesmia melanthes"
Equisetopsida,Asterales,Asteraceae,"Facelis plumosa"
Equisetopsida,Poales,Poaceae,"Festuca meyenii"
Equisetopsida,Solanales,Solanaceae,"Fabiana densa"
Equisetopsida,Poales,Poaceae,"Festuca orthophylla"
Equisetopsida,Fabales,Fabaceae,"Medicago lupulina"
Equisetopsida,Fabales,Fabaceae,"Medicago polymorpha"
Equisetopsida,Brassicales,Brassicaceae,"Aschersoniodoxa pilosa"
Equisetopsida,Solanales,Solanaceae,"Solanum weberbaueri"
Equisetopsida,Caryophyllales,Caryophyllaceae,"Drymaria divaricata var. stricta"
Equisetopsida,Fabales,Fabaceae,"Dalea pennellii var. pennellii"
Equisetopsida,Asterales,Asteraceae,"Chersodoma juanisernii"
Equisetopsida,Caryophyllales,Amaranthaceae,"Chenopodium quinoa"
Equisetopsida,Caryophyllales,Amaranthaceae,"Chenopodium pallidicaule"
Equisetopsida,Caryophyllales,Amaranthaceae,"Chenopodium ambrosioides var. ambrosioides"
Equisetopsida,Caryophyllales,Amaranthaceae,"Chenopodium album"
Equisetopsida,Caryophyllales,Amaranthaceae,"Chenopodiastrum murale"
Equisetopsida,Zygophyllales,Krameriaceae,"Krameria lappacea"
Equisetopsida,Apiales,Apiaceae,"Bowlesia tropaeolifolia"
Equisetopsida,Brassicales,Brassicaceae,"Brayopsis monimocalyx"
Equisetopsida,Fabales,Fabaceae,"Senna birostris var. arequipensis"
Equisetopsida,Fabales,Fabaceae,"Astragalus arequipensis"
Equisetopsida,Fabales,Fabaceae,"Astragalus dielsii"
Equisetopsida,Fabales,Fabaceae,"Astragalus dillinghamii"
Equisetopsida,Fabales,Fabaceae,"Astragalus pusillus"
Equisetopsida,Fabales,Fabaceae,"Astragalus richii"
Equisetopsida,Fabales,Fabaceae,"Astragalus triflorus"
Equisetopsida,Asterales,Asteraceae,"Senecio yurensis"
Equisetopsida,Fabales,Fabaceae,"Astragalus weddellianus"
Equisetopsida,Asterales,Asteraceae,"Senecio vegetus"
Equisetopsida,Asterales,Asteraceae,"Senecio trifurcifolius"
Equisetopsida,Asterales,Asteraceae,"Senecio subcandidus"
Equisetopsida,Asterales,Asteraceae,"Encelia canescens var. canescens"
Equisetopsida,Asterales,Asteraceae,"Mutisia orbignyana"
Equisetopsida,Malvales,Malvaceae,"Malva parviflora"
Equisetopsida,Asterales,Asteraceae,"Mutisia lanigera"
Equisetopsida,Fabales,Fabaceae,"Adesmia verrucosa"
Equisetopsida,Lamiales,Orobanchaceae,"Neobartsia crenoloba"
Equisetopsida,Asterales,Asteraceae,"Mutisia comptoniifolia"
Equisetopsida,Asterales,Asteraceae,"Mutisia arequipensis"
Equisetopsida,Asterales,Asteraceae,"Mutisia acuminata var. hirsuta"
Equisetopsida,Asterales,Asteraceae,"Mutisia acuminata var. bicolor"
Equisetopsida,Asterales,Asteraceae,"Senecio pinnatilobatus"
Equisetopsida,Asterales,Asteraceae,"Senecio phylloleptus"
Equisetopsida,Lamiales,Verbenaceae,"Junellia minima"
Equisetopsida,Lamiales,Verbenaceae,"Junellia juniperina"
Equisetopsida,Asterales,Asteraceae,"Chuquiraga rotundifolia"
Equisetopsida,Piperales,Piperaceae,"Peperomia galioides var. galioides"
Equisetopsida,Solanales,Hydrocharitaceae,"Elodea potamogeton"
Equisetopsida,Lamiales,Verbenaceae,"Junellia aspera"
Equisetopsida,Lamiales,Orobanchaceae,"Neobartsia peruviana"
Equisetopsida,Lamiales,Plantaginaceae,"Plantago sericea var. lanuginosa"
Equisetopsida,Rosales,Rosaceae,"Polylepis rugulosa"
Equisetopsida,Lamiales,Orobanchaceae,"Neobartsia serrata"
Equisetopsida,Caryophyllales,Caryophyllaceae,"Paronychia microphylla var. arequipensis"
Equisetopsida,Asterales,Asteraceae,"Diplostephium tacorense"
Equisetopsida,Asterales,Asteraceae,"Senecio humillimus"
Equisetopsida,Caryophyllales,Polygonaceae,"Polygonum aviculare"
Equisetopsida,Asterales,Asteraceae,"Erigeron pazensis"
Equisetopsida,Lamiales,Scrophulariaceae,"Alonsoa meridionalis var. meridionalis"
Equisetopsida,Boraginales,Boraginaceae,"Johnstonella parviflora"
Equisetopsida,Myrtales,Onagraceae,"Oenothera punae"
Equisetopsida,Poales,Cyperaceae,"Eleocharis montevidensis"
Equisetopsida,Asterales,Asteraceae,"Senecio erosus"
Equisetopsida,Caryophyllales,Caryophyllaceae,"Spergularia fasciculata"
Equisetopsida,Asterales,Asteraceae,"Pectocarya lateriflora"
Equisetopsida,Asterales,Asteraceae,"Senecio crassilodix"
Equisetopsida,Asterales,Asteraceae,"Senecio chachaniensis"
Equisetopsida,Asterales,Asteraceae,"Senecio candollei"
Equisetopsida,Escalloniales,Escalloniaceae,"Escallonia myrtilloides var. myrtilloides"
Equisetopsida,Brassicales,Brassicaceae,"Draba matthioloides"
Equisetopsida,Asterales,Asteraceae,"Senecio attenuatus"
Equisetopsida,Malvales,Malvaceae,"Fuertesimalva limensis"
Equisetopsida,Caryophyllales,Amaranthaceae,"Atriplex imbricata"
Equisetopsida,Asterales,Asteraceae,"Polyachyrus sphaerocephalus"
Equisetopsida,Asterales,Asteraceae,"Luciliocline piptolepis"
Equisetopsida,Solanales,Solanaceae,"Jaborosa squarrosa"
Equisetopsida,Asparagales,Amaryllidaceae,"Crocopsis fulgens"
Equisetopsida,Asterales,Asteraceae,"Chaetanthera peruviana"
Equisetopsida,Caryophyllales,Caryophyllaceae,"Stellaria prostrata"
Equisetopsida,Caryophyllales,Polygonaceae,"Muehlenbeckia hastulata"
Equisetopsida,Poales,Cyperaceae,"Isolepis cernua"
Equisetopsida,Poales,Poaceae,"Distichlis humilis"
Equisetopsida,Lamiales,Lamiaceae,"Marrubium vulgare"
Equisetopsida,Poales,Poaceae,"Bromus catharticus var. catharticus"
Equisetopsida,Asterales,Asteraceae,"Lucilia conoidea"
Equisetopsida,Gentianales,Rubiaceae,"Galium hypocarpium subsp. hypocarpium"
Equisetopsida,Brassicales,Brassicaceae,"Neuontobotrys lanatus"
Equisetopsida,Fabales,Fabaceae,"Dalea boliviana"
Equisetopsida,Solanales,Solanaceae,"Capsicum pubescens"
Equisetopsida,Asterales,Asteraceae,"Parastrephia quadrangularis"
Equisetopsida,Asterales,Asteraceae,"Parastrephia phyliciformis"
Equisetopsida,Caryophyllales,Molluginaceae,"Mollugo verticillata"
Equisetopsida,Asparagales,Iridaceae,"Mastigostyla cyrtophylla"
Equisetopsida,Poales,Bromeliaceae,"Bromus pitensis"
Equisetopsida,Asterales,Asteraceae,"Parastrephia lucida"
Equisetopsida,Brassicales,Brassicaceae,"Mostacillastrum gracile"
Equisetopsida,Brassicales,Brassicaceae,"Mostacillastrum dianthoides"
Equisetopsida,Boraginales,Boraginaceae,"Cryptantha filaginea"
Equisetopsida,Boraginales,Boraginaceae,"Cryptantha peruviana"
Equisetopsida,Asterales,Asteraceae,"Diplostephium meyenii"
Equisetopsida,Solanales,Hydrophyllaceae,"Phacelia pinnatifida"
Equisetopsida,Solanales,Solanaceae,"Dunalia spinosa"
Equisetopsida,Poales,Poaceae,"Avena sativa"
Equisetopsida,Solanales,Solanaceae,"Salpichroa tristis var. lehmannii"
Equisetopsida,Rosales,Rosaceae,"Colletia spinosissima"
Equisetopsida,Poales,Bromeliaceae,"Puya densiflora"
Equisetopsida,Asterales,Asteraceae,"Paquirea lanceolata"
Equisetopsida,Caryophyllales,Caryophyllaceae,"Pycnophyllopsis weberbaueri"
Equisetopsida,Caryophyllales,Caryophyllaceae,"Pycnophyllum filiforme"
Equisetopsida,Caryophyllales,Caryophyllaceae,"Pycnophyllum glomeratum"
Equisetopsida,Poales,Poaceae,"Poa humillima"
Equisetopsida,Asterales,Asteraceae,"Baccharis buxifolia"
Equisetopsida,Asterales,Asteraceae,"Baccharis caespitosa var. caespitosa"
Equisetopsida,Poales,Poaceae,"Cinnagrostis breviaristata"
Equisetopsida,Fabales,Fabaceae,"Mniodes coarctata"
Equisetopsida,Caryophyllales,Montiaceae,"Calandrinia acaulis var. acaulis"
Equisetopsida,Poales,Poaceae,"Calamagrostis coronalis"
Equisetopsida,Poales,Poaceae,"Cinnagrostis lagurus"
Equisetopsida,Asterales,Asteraceae,"Baccharis petiolata"
Equisetopsida,Asterales,Asteraceae,"Grindelia boliviana"
Equisetopsida,Asparagales,Amaryllidaceae,"Nothoscordum andicola"
Equisetopsida,Poales,Poaceae,"Eragrostis weberbaueri"
Equisetopsida,Asterales,Asteraceae,"Baccharis scandens"
Equisetopsida,Cornales,Loasaceae,"Caiophora rosulata"
Equisetopsida,Cornales,Loasaceae,"Caiophora andina"
Equisetopsida,Boraginales,Boraginaceae,"Heliotropium arborescens"
Equisetopsida,Asterales,Asteraceae,"Baccharis tola"
Equisetopsida,Solanales,Solanaceae,"Salpichroa ramosissima"
Equisetopsida,Fabales,Fabaceae,"Melilotus indicus"
Equisetopsida,Gentianales,Gentianaceae,"Gentianella sandiensis"
Equisetopsida,Asterales,Asteraceae,"Achyrocline saturejoides"
Equisetopsida,Lamiales,Calceolariaceae,"Calceolaria engleriana subsp. engleriana"
Equisetopsida,Lamiales,Calceolariaceae,"Calceolaria inamoena"
Equisetopsida,Fabales,Fabaceae,"Plagiobothrys myosotoides"
Equisetopsida,Malvales,Malvaceae,"Nototriche anthemidifolia"
Equisetopsida,Malvales,Malvaceae,"Nototriche argyllioides"
Equisetopsida,Malvales,Malvaceae,"Nototriche azorella"
Equisetopsida,Malvales,Malvaceae,"Nototriche borussica"
Equisetopsida,Lamiales,Calceolariaceae,"Calceolaria plectranthifolia"
Equisetopsida,Malvales,Malvaceae,"Nototriche digitulifolia"
Equisetopsida,Malvales,Malvaceae,"Nototriche longirostris"
Equisetopsida,Malvales,Malvaceae,"Nototriche mandoniana"
Equisetopsida,Malvales,Malvaceae,"Nototriche meyenii"
Equisetopsida,Malvales,Malvaceae,"Nototriche obcuneata"
Equisetopsida,Malvales,Malvaceae,"Nototriche pedatiloba"
Equisetopsida,Malvales,Malvaceae,"Nototriche pediculariifolia"
Equisetopsida,Geraniales,Francoaceae,"Balbisia weberbaueri"
Equisetopsida,Malvales,Malvaceae,"Nototriche pellicea"
Equisetopsida,Malvales,Malvaceae,"Nototriche salina"
Equisetopsida,Malvales,Malvaceae,"Nototriche sepaliloba"
Equisetopsida,Malvales,Malvaceae,"Nototriche turritella"
Equisetopsida,Poales,Juncaceae,"Oxychloe andina"
Equisetopsida,Ranunculales,Ranunculaceae,"Clematis millefoliata"
Equisetopsida,Gentianales,Apocynaceae,"Pentacyphus andinus"
Equisetopsida,Asterales,Asteraceae,"Mniodes schultzii"
Equisetopsida,Poales,Poaceae,"Poa brevis"
Equisetopsida,Asterales,Asteraceae,"Achyrocline ramosissima"
Equisetopsida,Poales,Poaceae,"Deyeuxia minima"
Equisetopsida,Asterales,Asteraceae,"Ophryosporus heptanthus"
Equisetopsida,Geraniales,Geraniaceae,"Erodium geoides"
Equisetopsida,Asterales,Asteraceae,"Perezia ciliosa"
Equisetopsida,Caryophyllales,Polygonaceae,"Rumex crispus"
Equisetopsida,Caryophyllales,Polygonaceae,"Rumex cuneifolius"
Equisetopsida,Saxifragales,Grossulariaceae,"Ribes brachybotrys"
Equisetopsida,Ericales,Polemoniaceae,"Gilia laciniata var. laciniata"
Equisetopsida,Lamiales,Verbenaceae,"Glandularia laciniata"
Equisetopsida,Malpighiales,Euphorbiaceae,"Euphorbia hinkleyorum"
Equisetopsida,Poales,Bromeliaceae,"Bidens andicola"
Equisetopsida,Malpighiales,Euphorbiaceae,"Euphorbia glyptosperma"
Equisetopsida,Santalales,Schoepfiaceae,"Quinchamalium procumbens"
Equisetopsida,Geraniales,Geraniaceae,"Hypseocharis pedicularifolia"
Equisetopsida,Ericales,Polemoniaceae,"Cantua candelilla"
Equisetopsida,Fabales,Polygalaceae,"Monnina ramosa"
Equisetopsida,Lamiales,Lamiaceae,"Clinopodium bolivianum"
Equisetopsida,Asterales,Asteraceae,"Heterosperma diversifolium"
Equisetopsida,Ericales,Polemoniaceae,"Bryantiella glutinosa"
Equisetopsida,Caryophyllales,Amaranthaceae,"Gomphrena meyeniana var. meyeniana"
Equisetopsida,Asparagales,Amaryllidaceae,"Clinanthus humilis"
Equisetopsida,Asterales,Calyceraceae,"Calycera pulvinata"
Equisetopsida,Caryophyllales,Amaranthaceae,"Gomphrena umbellata"
Equisetopsida,Liliales,Alstroemeriaceae,"Bomarea involucrosa"
Equisetopsida,Fabales,Fabaceae,"Hoffmannseggia prostrata"
Equisetopsida,Liliales,Alstroemeriaceae,"Bomarea praeusta"
Equisetopsida,Liliales,Alstroemeriaceae,"Bomarea uniflora"
Equisetopsida,Poales,Cyperaceae,"Bulbostylis juncoides var. lorentzii"
Equisetopsida,Boraginales,Boraginaceae,"Borago officinalis"
Equisetopsida,Fabales,Fabaceae,"Lupinus saxatilis"
Equisetopsida,Fabales,Fabaceae,"Lupinus mutabilis var. mutabilis"
Equisetopsida,Asterales,Asteraceae,"Erigeron incaicus"
Equisetopsida,Fabales,Fabaceae,"Lupinus misticola"
Equisetopsida,Fabales,Fabaceae,"Dalea coerulea var. coerulea"
Equisetopsida,Myrtales,Onagraceae,"Oenothera nana"
Equisetopsida,Fabales,Fabaceae,"Dalea cylindrica var. cylindrica"
Equisetopsida,Fabales,Fabaceae,"Lupinus ballianus"
Equisetopsida,Fabales,Fabaceae,"Adesmia spinosissima"
Equisetopsida,Boraginales,Boraginaceae,"Amsinckia hispida"
Equisetopsida,Solanales,Solanaceae,"Solanum radicans"
Equisetopsida,Polypodiales,Pteridaceae,"Argyrochosma nivea var. nivea"
Equisetopsida,Asterales,Asteraceae,"Aristeguietia ballii"
Equisetopsida,Lamiales,Verbenaceae,"Verbena hispida"
Equisetopsida,Dipsacales,Caprifoliaceae,"Valeriana interrupta var. interrupta"
Equisetopsida,Poales,Poaceae,"Zea mays subsp. mays"
Equisetopsida,Malvales,Malvaceae,"Tarasa operculata"
Equisetopsida,Asterales,Asteraceae,"Tanacetum vulgare"
Equisetopsida,Asterales,Asteraceae,"Xenophyllum poposum"
Equisetopsida,Malvales,Malvaceae,"Tarasa tenuis"
Equisetopsida,Asterales,Asteraceae,"Xenophyllum digitatum"
Equisetopsida,Poales,Bromeliaceae,"Tillandsia virescens"
Equisetopsida,Lamiales,Verbenaceae,"Verbena litoralis fo. litoralis"
Equisetopsida,Lamiales,Verbenaceae,"Verbena bonariensis"
Equisetopsida,Asterales,Asteraceae,"Stevia mandonii"
Equisetopsida,Asterales,Asteraceae,"Xanthium spinosum var. pseudinerme"
Equisetopsida,Malpighiales,Violaceae,"Viola weberbaueri"
Equisetopsida,Asterales,Asteraceae,"Tagetes laxa"
Equisetopsida,Asterales,Asteraceae,"Stevia ovata"
Equisetopsida,Caryophyllales,Basellaceae,"Ullucus tuberosus subsp. tuberosus"
Equisetopsida,Malvales,Malvaceae,"Urocarpidium peruvianum"
Equisetopsida,Rosales,Rosaceae,"Tetraglochin cristata"
Equisetopsida,Poales,Poaceae,"Stipa plumosa"
Equisetopsida,Asterales,Asteraceae,"Werneria obtusiloba"
Equisetopsida,Asterales,Asteraceae,"Werneria heteroloba"
Equisetopsida,Poales,Poaceae,"Vulpia myuros"
Equisetopsida,Brassicales,Brassicaceae,"Weberbauera minutipila"
Equisetopsida,Fabales,Fabaceae,"Trifolium amabile var. amabile"
Equisetopsida,Fabales,Fabaceae,"Vicia graminea"
Equisetopsida,Fabales,Fabaceae,"Vigna luteola"
Equisetopsida,Asterales,Asteraceae,"Zinnia peruviana"
Equisetopsida,Malvales,Malvaceae,"Tarasa cerratei"
Equisetopsida,Poales,Typhaceae,"Typha angustifolia"
Equisetopsida,Poales,Poaceae,"Tripogon spicatus"
Equisetopsida,Caryophyllales,Talinaceae,"Talinum triangulare"
Equisetopsida,Lamiales,Ehretiaceae,"Tiquilia paronychioides"
Equisetopsida,Asterales,Asteraceae,"Xanthium spinosum"
Equisetopsida,Poales,Poaceae,"Tragus berteronianus"
Equisetopsida,Poales,Bromeliaceae,"Tillandsia cauligera"
Equisetopsida,Asterales,Asteraceae,"Syncretocarpus sericeus"
Equisetopsida,Asterales,Asteraceae,"Tagetes filifolia"
Equisetopsida,Asterales,Asteraceae,"Syncretocarpus ancashino"
Equisetopsida,Santalales,Loranthaceae,"Tristerix peruvianus"
Equisetopsida,Solanales,Namaceae,"Wigandia urens"
Equisetopsida,Zygophyllales,Zygophyllaceae,"Tribulus terrestris"
Equisetopsida,Asterales,Asteraceae,"Onoseris odorata"
Equisetopsida,Asterales,Asteraceae,"Onoseris albicans"
Equisetopsida,Malpighiales,Linaceae,"Linum usitatissimum"
Equisetopsida,Asterales,Asteraceae,"Bidens exigua"
Equisetopsida,Poales,Poaceae,"Melinis repens"
Equisetopsida,Oxalidales,Oxalidaceae,"Oxalis laxa"
Equisetopsida,Solanales,Solanaceae,"Nicotiana glutinosa"
Equisetopsida,Asterales,Asteraceae,"Dasyphyllum ferox"
Equisetopsida,Asterales,Asteraceae,"Lomanthus yauyensis"
Equisetopsida,Poales,Poaceae,"Ocellochloa pulchella"
Equisetopsida,Asterales,Asteraceae,"Lomanthus truxillense"
Equisetopsida,Solanales,Solanaceae,"Solanum arcanum"
Equisetopsida,Asterales,Asteraceae,"Lomanthus albaniae"
Equisetopsida,Solanales,Convolvulaceae,"Distimake grandiflorus"
Equisetopsida,Rosales,Moraceae,"Ficus rimacana"
Equisetopsida,Poales,Poaceae,"Gymnopogon spicatus"
Equisetopsida,Solanales,Solanaceae,"Exodeconus maritimus"
Equisetopsida,Asterales,Asteraceae,"Aldama helianthoides"
Equisetopsida,Asterales,Asteraceae,"Aldama lanceolata"
Equisetopsida,Fabales,Fabaceae,"Hoffmannseggia viscosa"
Equisetopsida,Fabales,Fabaceae,"Crotalaria incana"
Equisetopsida,Saxifragales,Crassulaceae,"Echeveria peruviana"
Equisetopsida,Selaginellales,Selaginellaceae,"Selaginella peruviana"
Equisetopsida,Asterales,Asteraceae,"Chionopappus benthamii"
Equisetopsida,Apiales,Apiaceae,"Ammi visnaga"
Equisetopsida,Gentianales,Apocynaceae,"Funastrum clausum"
Equisetopsida,Lamiales,Lamiaceae,"Salvia pseudorosmarinus"
Equisetopsida,Caryophyllales,Nyctaginaceae,"Allionia incarnata"
Equisetopsida,Lamiales,Lamiaceae,"Clinopodium clivorum"
Equisetopsida,Malpighiales,Passifloraceae,"Passiflora peduncularis"
Equisetopsida,Solanales,Convolvulaceae,"Jacquemontia unilateralis"
Equisetopsida,Asterales,Asteraceae,"Heterosperma ovatifolium"
Equisetopsida,Solanales,Solanaceae,"Jaltomata sanchez-vegae"
Equisetopsida,Caryophyllales,Nyctaginaceae,"Boerhavia coccinea"
Equisetopsida,Malvales,Malvaceae,"Fuertesimalva leptocalyx"
Equisetopsida,Gentianales,Apocynaceae,"Cynanchum formosum"
Equisetopsida,Cucurbitales,Cucurbitaceae,"Cyclanthera tenuisepala"
Equisetopsida,Asterales,Asteraceae,"Conyza canadensis"
Equisetopsida,Lamiales,Verbenaceae,"Lantana haughtii"
Equisetopsida,Boraginales,Boraginaceae,"Pectocarya lateriflora"
Equisetopsida,Lamiales,Lamiaceae,"Salvia grisea"
Equisetopsida,Malpighiales,Euphorbiaceae,"Jatropha macrantha"
Equisetopsida,Asterales,Asteraceae,"Senecio emmae"
Equisetopsida,Asterales,Asteraceae,"Hieracium erianthum"
Equisetopsida,Lamiales,Scrophulariaceae,"Alonsoa caulialata"
Equisetopsida,Malvales,Malvaceae,"Sidastrum paniculatum"
Equisetopsida,Caryophyllales,Amaranthaceae,"Guilleminea densa"
Equisetopsida,Cornales,Loasaceae,"Nasa chenopodifolia"
Equisetopsida,Solanales,Convolvulaceae,"Dichondra argentea"
Equisetopsida,Malpighiales,Passifloraceae,"Passiflora tripartita var. mollissima"
Equisetopsida,Asterales,Asteraceae,"Pectis sessiliflora"
Equisetopsida,Gentianales,Apocynaceae,"Asclepias curassavica"
Equisetopsida,Solanales,Solanaceae,"Lycium boerhaviifolium"
Equisetopsida,Fabales,Fabaceae,"Desmodium neomexicanum"
Equisetopsida,Malvales,Malvaceae,"Sida oligandra"
Equisetopsida,Asterales,Asteraceae,"Smallanthus glabratus"
Equisetopsida,Ranunculales,Ranunculaceae,"Clematis seemannii"
Equisetopsida,Caryophyllales,Basellaceae,"Anredera diffusa"
Equisetopsida,Solanales,Convolvulaceae,"Convolvulus crenatifolius"
Equisetopsida,Lamiales,Verbenaceae,"Junellia clavata"
Equisetopsida,Malvales,Malvaceae,"Sida jatrophoides"
Equisetopsida,Malvales,Malvaceae,"Sida decandra"
Equisetopsida,Lamiales,Verbenaceae,"Junellia fasciculata"
Equisetopsida,Lamiales,Verbenaceae,"Aloysia peruviana"
Equisetopsida,Solanales,Namaceae,"Nama dichotoma"
Equisetopsida,Brassicales,Brassicaceae,"Lepidium virginicum"
Equisetopsida,Lamiales,Verbenaceae,"Lantana scabiosaeflora"
Equisetopsida,Apiales,Apiaceae,"Conium maculatum"
Equisetopsida,Cornales,Loasaceae,"Mentzelia angurate"
Equisetopsida,Cornales,Loasaceae,"Presliophytum heucheraefolium"
Equisetopsida,Liliales,Alstroemeriaceae,"Alstroemeria lineatiflora"
Equisetopsida,Polypodiales,Dryopteridaceae,"Polystichum montevidense"
Equisetopsida,Asterales,Asteraceae,"Mutisia acuminata"
Equisetopsida,Caryophyllales,Amaranthaceae,"Alternanthera elongata"
Equisetopsida,Asterales,Asteraceae,"Encelia canescens"
Equisetopsida,Fabales,Fabaceae,"Lupinus lindleyanus"
Equisetopsida,Poales,Poaceae,"Cottea pappophoroides"
Equisetopsida,Asparagales,Amaryllidaceae,"Stenomesson aurantiacum"
Equisetopsida,Boraginales,Boraginaceae,"Euploca ferreyrae"
Equisetopsida,Brassicales,Capparaceae,"Capparis avicennifolia"
Equisetopsida,Asterales,Asteraceae,"Ageratina scopulorum"
Equisetopsida,Lamiales,Calceolariaceae,"Calceolaria micans"
Equisetopsida,Solanales,Solanaceae,"Solanum corymbosum"
Equisetopsida,Apiales,Apiaceae,"Arracacia incisa"
Equisetopsida,Asterales,Asteraceae,"Helogyne virgat"
Equisetopsida,Myrtales,Onagraceae,"Oenothera nocturna"
Equisetopsida,Asparagales,Amaryllidaceae,"Deuterocohnia longipetala"
Equisetopsida,Asterales,Asteraceae,"Helogyne ferreyrae"
Equisetopsida,Solanales,Solanaceae,"Salpichroa dependens"
Equisetopsida,Asterales,Asteraceae,"Helogyne calocephala"
Equisetopsida,Fabales,Fabaceae,"Melilotus albus"
Equisetopsida,Asparagales,Amaryllidaceae,"Rauhia multiflora"
Equisetopsida,Fabales,Fabaceae,"Caesalpinia decapetala"
Equisetopsida,Asterales,Asteraceae,"Oyedaea buphtalmoides"
Equisetopsida,Polypodiales,Pteridaceae,"Argyrochosma nivea"
Equisetopsida,Boraginales,Boraginaceae,"Heliotropium microstachyum"
Equisetopsida,Lamiales,Calceolariaceae,"Calceolaria concava"
Equisetopsida,Asterales,Asteraceae,"Pluchea chingoyo"
Equisetopsida,Geraniales,Geraniaceae,"Erodium malacoides"
Equisetopsida,Poales,Poaceae,"Cenchrus myosuroides"
Equisetopsida,Malvales,Malvaceae,"Byttneria cordata"
Equisetopsida,Fabales,Fabaceae,"Cajanus cajan"
Equisetopsida,Asterales,Asteraceae,"Ophryosporus galioides"
Equisetopsida,Malpighiales,Euphorbiaceae,"Cnidoscolus basiacanthus"
Equisetopsida,Brassicales,Capparaceae,"Capparicordis crotonoides"
Equisetopsida,Solanales,Solanaceae,"Iochroma salpoanum"
Equisetopsida,Brassicales,Caricaceae,"Colicodendron scabridum"
Equisetopsida,Ophioglossales,Ophioglossaceae,"Ophioglossum lusitanicum"
Equisetopsida,Asterales,Asteraceae,"Achyrocline celosioides"
Equisetopsida,Asterales,Asteraceae,"Lophopappus tarapacanus"
Equisetopsida,Poales,Poaceae,"Eragrostis lurida"
Equisetopsida,Asterales,Asteraceae,"Flourensia macrophylla"
Equisetopsida,Lamiales,Lamiaceae,"Salvia perlucida"
Equisetopsida,Malvales,Malvaceae,"Ayenia jussieui"
Equisetopsida,Solanales,Solanaceae,"Leptoglossis schwenkioides"
Equisetopsida,Asterales,Asteraceae,"Pappobolus microphyllus"
Equisetopsida,Lamiales,Lamiaceae,"Salvia striata"
Equisetopsida,Malpighiales,Euphorbiaceae,"Euphorbia huanchahana"
Equisetopsida,Malpighiales,Euphorbiaceae,"Acalypha arvensis"
Equisetopsida,Poales,Poaceae,"Pappophorum pappiferum"
Equisetopsida,Caryophyllales,Nyctaginaceae,"Commicarpus tuberosus"
Equisetopsida,Lamiales,Bignoniaceae,"Delostoma lobbii"
Equisetopsida,Asterales,Asteraceae,"Paracalia jungioides"
Equisetopsida,Caryophyllales,Nyctaginaceae,"Mirabilis jalapa"
Equisetopsida,Fabales,Fabaceae,"Abarema auriculata"
Equisetopsida,Ranunculales,Menispermaceae,"Abuta solimoesensis"
Equisetopsida,Myrtales,Melastomataceae,"Aciotis viscida"
Equisetopsida,Polypodiales,Pteridaceae,"Acrostichum aureum"
Equisetopsida,Myrtales,Melastomataceae,"Adelobotrys macrophylla"
Equisetopsida,Myrtales,Melastomataceae,"Adelobotrys marginatus"
Equisetopsida,Lamiales,Bignoniaceae,"Adenocalymma apurense"
Equisetopsida,Lamiales,Bignoniaceae,"Adenocalymma flaviflorum"
Equisetopsida,Sapindales,Rutaceae,"Adiscanthus fusciflorus"
Equisetopsida,Poales,Bromeliaceae,"Aechmea chantinii"
Equisetopsida,Poales,Bromeliaceae,"Aechmea corymbosa"
Equisetopsida,Poales,Bromeliaceae,"Aechmea tillandsioides"
Equisetopsida,Poales,Bromeliaceae,"Aechmea vallerandii"
Equisetopsida,Lamiales,Lamiaceae,"Aegiphila chrysantha"
Equisetopsida,Lamiales,Lamiaceae,"Aegiphila herzogii"
Equisetopsida,Lamiales,Lamiaceae,"Aegiphila sufflava"
Equisetopsida,Fabales,Fabaceae,"Aeschynomene sensitiva var. amazonica"
Equisetopsida,Malpighiales,Euphorbiaceae,"Alchornea castaneifolia"
Equisetopsida,Gentianales,Rubiaceae,"Alibertia latifolia"
Equisetopsida,Gentianales,Rubiaceae,"Alibertia stenantha"
Equisetopsida,Gentianales,Rubiaceae,"Alseis reticulata"
Equisetopsida,Malpighiales,Phyllanthaceae,"Amanoa guianensis"
Equisetopsida,Sapindales,Anacardiaceae,"Anacardium occidentale"
Equisetopsida,Magnoliales,Annonaceae,"Anaxagorea brachycarpa"
Equisetopsida,Lamiales,Bignoniaceae,"Anemopaegma chrysoleucum"
Equisetopsida,Laurales,Lauraceae,"Aniba rosaeodora"
Equisetopsida,Magnoliales,Annonaceae,"Annona asplundiana"
Equisetopsida,Magnoliales,Annonaceae,"Annona deminuta"
Equisetopsida,Magnoliales,Annonaceae,"Annona nitida"
Equisetopsida,Alismatales,Araceae,"Anthurium atropurpureum var. arenicola"
Equisetopsida,Alismatales,Araceae,"Anthurium sinuatum"
Equisetopsida,Malvales,Malvaceae,"Apeiba aspera"
Equisetopsida,Piperales,Aristolochiaceae,"Aristolochia mishuyacensis"
Equisetopsida,Pandanales,Cyclanthaceae,"Asplundia cabrerae"
Equisetopsida,Pandanales,Cyclanthaceae,"Asplundia gamotepala"
Equisetopsida,Pandanales,Cyclanthaceae,"Asplundia glandulosa"
Equisetopsida,Fabales,Fabaceae,"Balizia pedicellaris"
Equisetopsida,Malpighiales,Malpighiaceae,"Banisteriopsis martiniana var. subenervia"
Equisetopsida,Fabales,Fabaceae,"Batesia floribunda"
Equisetopsida,Poales,Cyperaceae,"Becquerelia cymosa subsp. cymosa"
Equisetopsida,Myrtales,Melastomataceae,"Bellucia arborescens"
Equisetopsida,Poales,Bromeliaceae,"Billbergia tessmannii"
Equisetopsida,Magnoliales,Annonaceae,"Bocageopsis canescens"
Equisetopsida,Fabales,Polygalaceae,"Bredemeyera myrtifolia"
Equisetopsida,Malpighiales,Malpighiaceae,"Bunchosia prismatocarpa"
Equisetopsida,Malpighiales,Malpighiaceae,"Byrsonima japurensis"
Equisetopsida,Malpighiales,Malpighiaceae,"Byrsonima stipulina"
Equisetopsida,Malvales,Malvaceae,"Byttneria coriacea"
Equisetopsida,Malvales,Malvaceae,"Byttneria fulva"
Equisetopsida,Zingiberales,Marantaceae,"Calathea majestica"
Equisetopsida,Fabales,Fabaceae,"Calliandra surinamensis"
Equisetopsida,Malpighiales,Violaceae,"Calyptrion arboreum"
Equisetopsida,Fabales,Fabaceae,"Campsiandra angustifolia"
Equisetopsida,Polypodiales,Polypodiaceae,"Campyloneurum occultum"
Equisetopsida,Malpighiales,Euphorbiaceae,"Caperonia palustris"
Equisetopsida,Malpighiales,Caryocaraceae,"Caryocar harlingii"
Equisetopsida,Malpighiales,Caryocaraceae,"Caryocar microcarpum"
Equisetopsida,Malpighiales,Salicaceae,"Casearia resinifera"
Equisetopsida,Asterales,Asteraceae,"Cassipourea peruviana"
Equisetopsida,Cucurbitales,Cucurbitaceae,"Cayaponia amazonica"
Equisetopsida,Cucurbitales,Cucurbitaceae,"Cayaponia glandulosa"
Equisetopsida,Cucurbitales,Cucurbitaceae,"Cayaponia granatensis"
Equisetopsida,Rosales,Urticaceae,"Cecropia litoralis"
Equisetopsida,Solanales,Solanaceae,"Cestrum loretense"
Equisetopsida,Ericales,Sapotaceae,"Chrysophyllum sanguinolentum subsp. spurium"
Equisetopsida,Vitales,Vitaceae,"Cissus verticillata subsp. verticillata"
Equisetopsida,Lamiales,Verbenaceae,"Citharexylum poeppigii"
Equisetopsida,Rosales,Moraceae,"Clarisia ilicifolia"
Equisetopsida,Brassicales,Cleomaceae,"Cleome longipes"
Equisetopsida,Fabales,Fabaceae,"Clitoria arborea var. arborea"
Equisetopsida,Fabales,Fabaceae,"Clitoria javitensis var. grandifolia"
Equisetopsida,Malpighiales,Clusiaceae,"Clusia martiana"
Equisetopsida,Malpighiales,Clusiaceae,"Clusia penduliflora"
Equisetopsida,Malpighiales,Clusiaceae,"Clusia sipapoana"
Equisetopsida,Caryophyllales,Polygonaceae,"Coccoloba acuminata"
Equisetopsida,Caryophyllales,Polygonaceae,"Coccoloba ascendens"
Equisetopsida,Caryophyllales,Polygonaceae,"Coccoloba nutans"
Equisetopsida,Commelinales,Commelinaceae,"Commelina rufipes var. rufipes"
Equisetopsida,Sapindales,Rutaceae,"Conchocarpus acuminatus"
Equisetopsida,Oxalidales,Connaraceae,"Connarus wurdackii"
Equisetopsida,Lamiales,Cordiaceae,"Cordia collococca"
Equisetopsida,Lamiales,Cordiaceae,"Cordia kingstoniana"
Equisetopsida,Gentianales,Rubiaceae,"Cordiera killipii"
Equisetopsida,Zingiberales,Costaceae,"Costus guanaiensis var. macrostrobilus"
Equisetopsida,Zingiberales,Costaceae,"Costus varzearum"
Equisetopsida,Malpighiales,Chrysobalanaceae,"Couepia bernardii"
Equisetopsida,Malpighiales,Chrysobalanaceae,"Couepia paraensis subsp. glaucescens"
Equisetopsida,Malpighiales,Chrysobalanaceae,"Couepia subcordata"
Equisetopsida,Malpighiales,Chrysobalanaceae,"Couepia ulei"
Equisetopsida,Ericales,Lecythidaceae,"Couroupita subsessilis"
Equisetopsida,Rosales,Urticaceae,"Coussapoa asperifolia"
Equisetopsida,Gentianales,Rubiaceae,"Coussarea longiflora"
Equisetopsida,Magnoliales,Annonaceae,"Cremastosperma gracilipes"
Equisetopsida,Magnoliales,Annonaceae,"Cremastosperma megalophyllum"
Equisetopsida,Magnoliales,Annonaceae,"Cremastosperma microcarpum"
Equisetopsida,Fabales,Fabaceae,"Crotalaria retusa"
Equisetopsida,Myrtales,Lythraceae,"Cuphea melvilla"
Equisetopsida,Cyatheales,Cyatheaceae,"Cyathea microdonta"
Equisetopsida,Caryophyllales,Amaranthaceae,"Cyathula prostrata"
Equisetopsida,Ericales,Primulaceae,"Cybianthus occigranatensis"
Equisetopsida,Ericales,Primulaceae,"Cybianthus reticulatus"
Equisetopsida,Ericales,Myrsinaceae,"Cybianthus spichigeri"
Equisetopsida,Ericales,Primulaceae,"Cyclanthus bipartitus"
Equisetopsida,Fabales,Fabaceae,"Cymbosema roseum"
Equisetopsida,Fabales,Fabaceae,"Cynometra bauhiniifolia"
Equisetopsida,Poales,Cyperaceae,"Cyperus involucratus"
Equisetopsida,Fabales,Fabaceae,"Dalbergia frutescens"
Equisetopsida,Fabales,Fabaceae,"Dalbergia monetaria"
Equisetopsida,Fabales,Fabaceae,"Dalbergia riedelii"
Equisetopsida,Malpighiales,Euphorbiaceae,"Dalechampia gentryi"
Equisetopsida,Malpighiales,Euphorbiaceae,"Dalechampia micrantha"
Equisetopsida,Fabales,Fabaceae,"Deguelia densiflora"
Equisetopsida,Apiales,Araliaceae,"Dendrobangia boliviana"
Equisetopsida,Fabales,Polygalaceae,"Diclidanthera penduliflora"
Equisetopsida,Magnoliales,Annonaceae,"Diclinanona tessmannii"
Equisetopsida,Malpighiales,Phyllanthaceae,"Didymocistus chrysadenius"
Equisetopsida,Fabales,Fabaceae,"Dimorphandra caudata"
Equisetopsida,Dioscoreales,Dioscoreaceae,"Dioscorea altissima"
Equisetopsida,Dioscoreales,Dioscoreaceae,"Dioscorea meridensis"
Equisetopsida,Ericales,Ebenaceae,"Diospyros artanthifolia"
Equisetopsida,Ericales,Ebenaceae,"Diospyros nanay"
Equisetopsida,Ericales,Ebenaceae,"Diospyros poeppigiana"
Equisetopsida,Malpighiales,Malpighiaceae,"Diplopterys lucida"
Equisetopsida,Ranunculales,Menispermaceae,"Disciphania dioscoreoides"
Equisetopsida,Ranunculales,Menispermaceae,"Disciphania tessmannii"
Equisetopsida,Malpighiales,Euphorbiaceae,"Dodecastigma amazonicum"
Equisetopsida,Dilleniales,Dilleniaceae,"Doliocarpus brevipedicellatus"
Equisetopsida,Dilleniales,Dilleniaceae,"Doliocarpus olivaceus"
Equisetopsida,Rosales,Cannabaceae,"Drypetes amazonica"
Equisetopsida,Gentianales,Rubiaceae,"Duroia duckei"
Equisetopsida,Gentianales,Rubiaceae,"Duroia fusifera"
Equisetopsida,Gentianales,Rubiaceae,"Duroia micrantha"
Equisetopsida,Ericales,Sapotaceae,"Ecclinusa ramiflora"
Equisetopsida,Alismatales,Alismataceae,"Echinodorus longipetalus"
Equisetopsida,Commelinales,Pontederiaceae,"Eichhornia crassipes"
Equisetopsida,Polypodiales,Dryopteridaceae,"Elaphoglossum obovatum"
Equisetopsida,Metteniusales,Metteniusaceae,"Emmotum floribundum"
Equisetopsida,Laurales,Lauraceae,"Endlicheria acuminata"
Equisetopsida,Laurales,Lauraceae,"Endlicheria anomala"
Equisetopsida,Laurales,Lauraceae,"Endlicheria arachnocome"
Equisetopsida,Laurales,Lauraceae,"Endlicheria citriodora"
Equisetopsida,Laurales,Lauraceae,"Endlicheria verticillata"
Equisetopsida,Fabales,Fabaceae,"Erythrina amazonica"
Equisetopsida,Fabales,Fabaceae,"Erythrina fusca"
Equisetopsida,Malpighiales,Erythroxylaceae,"Erythroxylum spruceanum"
Equisetopsida,Malpighiales,Erythroxylaceae,"Erythroxylum vasquezii"
Equisetopsida,Ericales,Lecythidaceae,"Eschweilera ovalifolia"
Equisetopsida,Ericales,Lecythidaceae,"Eschweilera parviflora"
Equisetopsida,Ericales,Lecythidaceae,"Eschweilera tenuifolia"
Equisetopsida,Cornales,Myrtaceae,"Eugenia biflora"
Equisetopsida,Cornales,Myrtaceae,"Eugenia dibrachiata"
Equisetopsida,Cornales,Myrtaceae,"Eugenia discreta"
Equisetopsida,Cornales,Myrtaceae,"Eugenia dittocrepis"
Equisetopsida,Cornales,Myrtaceae,"Eugenia florida"
Equisetopsida,Cornales,Myrtaceae,"Eugenia heterochroma"
Equisetopsida,Cornales,Myrtaceae,"Eugenia inundata"
Equisetopsida,Cornales,Myrtaceae,"Eugenia lambertiana"
Equisetopsida,Cornales,Myrtaceae,"Eugenia marowynensis"
Equisetopsida,Cornales,Myrtaceae,"Eugenia multirimosa"
Equisetopsida,Cornales,Myrtaceae,"Eugenia muricata"
Equisetopsida,Cornales,Myrtaceae,"Eugenia patrisii"
Equisetopsida,Cornales,Myrtaceae,"Eugenia scalariformis"
Equisetopsida,Myrtales,Myrtaceae,"Eugenia schunkei"
Equisetopsida,Gentianales,Rubiaceae,"Eumachia podocephala"
Equisetopsida,Rosales,Moraceae,"Ficus pallida"
Equisetopsida,Rosales,Moraceae,"Ficus piresiana"
Equisetopsida,Commelinales,Commelinaceae,"Floscopa robusta var. robusta"
Equisetopsida,Gentianales,Apocynaceae,"Forsteronia brevifolia"
Equisetopsida,Lamiales,Bignoniaceae,"Fridericia bracteolata"
Equisetopsida,Ericales,Sapotaceae,"Gambeya boiviniana"
Equisetopsida,Gentianales,Rubiaceae,"Geophila cordifolia var. peruviana"
Equisetopsida,Malpighiales,Violaceae,"Gloeospermum equatoriense"
Equisetopsida,Malpighiales,Violaceae,"Gloeospermum sphaerocarpum"
Equisetopsida,Gnetales,Gnetaceae,"Gnetum leyboldii"
Equisetopsida,Zingiberales,Marantaceae,"Goeppertia straminea"
Equisetopsida,Rosales,Rhamnaceae,"Gouania trichodonta"
Equisetopsida,Rosales,Rhamnaceae,"Goupia glabra"
Equisetopsida,Poales,Poaceae,"Guadua superba"
Equisetopsida,Sapindales,Meliaceae,"Guarea vasquezii"
Equisetopsida,Magnoliales,Annonaceae,"Guatteria inundata"
Equisetopsida,Magnoliales,Annonaceae,"Guatteria meliodora"
Equisetopsida,Magnoliales,Annonaceae,"Guatteria spectabilis"
Equisetopsida,Ericales,Lecythidaceae,"Gustavia augusta"
Equisetopsida,Malpighiales,Calophyllaceae,"Haploclathra cordata"
Equisetopsida,Solanales,Solanaceae,"Hawkesiophyton ochraceum"
Equisetopsida,Myrtales,Melastomataceae,"Henriettea stellaris"
Equisetopsida,Alismatales,Araceae,"Heteropsis vasquezii"
Equisetopsida,Malpighiales,Malpighiaceae,"Heteropterys cristata"
Equisetopsida,Malpighiales,Euphorbiaceae,"Hevea nitida"
Equisetopsida,Malvales,Malvaceae,"Hibiscus sororius"
Equisetopsida,Gentianales,Rubiaceae,"Hillia illustris"
Equisetopsida,Asparagales,Amaryllidaceae,"Hippeastrum aulicum"
Equisetopsida,Malpighiales,Malpighiaceae,"Hiraea affinis"
Equisetopsida,Malpighiales,Chrysobalanaceae,"Hirtella guainiae"
Equisetopsida,Malpighiales,Chrysobalanaceae,"Hirtella magnifolia"
Equisetopsida,Malpighiales,Salicaceae,"Homalium guianense"
Equisetopsida,Malpighiales,Salicaceae,"Homalium racemosum"
Equisetopsida,Poales,Poaceae,"Homolepis aturensis"
Equisetopsida,Malpighiales,Humiriaceae,"Humiriastrum excelsum"
Equisetopsida,Fabales,Fabaceae,"Hymenaea reticulata"
Equisetopsida,Malpighiales,Chrysobalanaceae,"Hymenopus macrophyllus"
Equisetopsida,Lamiales,Lamiaceae,"Hyptis obtusiflora"
Equisetopsida,Poales,Poaceae,"Ichnanthus pallens var. major"
Equisetopsida,Poales,Poaceae,"Ichnanthus tenuis"
Equisetopsida,Aquifoliales,Aquifoliaceae,"Ilex vismiifolia"
Equisetopsida,Fabales,Fabaceae,"Inga duckei"
Equisetopsida,Fabales,Fabaceae,"Inga gereauana"
Equisetopsida,Fabales,Fabaceae,"Inga gracilior"
Equisetopsida,Fabales,Fabaceae,"Inga megaphylla"
Equisetopsida,Fabales,Fabaceae,"Inga microcoma"
Equisetopsida,Fabales,Fabaceae,"Inga psittacorum"
Equisetopsida,Fabales,Fabaceae,"Inga vera"
Equisetopsida,Solanales,Convolvulaceae,"Ipomoea clavata"
Equisetopsida,Solanales,Convolvulaceae,"Ipomoea rubens"
Equisetopsida,Magnoliales,Myristicaceae,"Iryanthera paradoxa"
Equisetopsida,Zingiberales,Marantaceae,"Ischnosiphon leucophaeus subsp. leucophaeus"
Equisetopsida,Gentianales,Rubiaceae,"Isertia haenkeana"
Equisetopsida,Magnoliales,Annonaceae,"Klarobelia inundata"
Equisetopsida,Malpighiales,Chrysobalanaceae,"Leptobalanus latus"
Equisetopsida,Malpighiales,Chrysobalanaceae,"Leptobalanus longistylus"
Equisetopsida,Sapindales,Rutaceae,"Leptothyrsa sprucei"
Equisetopsida,Lamiales,Gesneriaceae,"Lesia savannarum"
Equisetopsida,Laurales,Lauraceae,"Licaria guianensis"
Equisetopsida,Alismatales,Alismataceae,"Limnocharis flava"
Equisetopsida,Cucurbitales,Cucurbitaceae,"Luffa sepium"
Equisetopsida,Malpighiales,Euphorbiaceae,"Mabea angularis"
Equisetopsida,Malpighiales,Euphorbiaceae,"Mabea speciosa  subsp. speciosa"
Equisetopsida,Fabales,Fabaceae,"Machaerium inundatum"
Equisetopsida,Fabales,Fabaceae,"Macropsychanthus macrocarpus"
Equisetopsida,Fabales,Fabaceae,"Macrosamanea spruceana"
Equisetopsida,Malvales,Malvaceae,"Malachra radiata"
Equisetopsida,Gentianales,Apocynaceae,"Malouetia tamaquarina"
Equisetopsida,Gentianales,Apocynaceae,"Malouetia tamaquarina var. tamaquarina"
Equisetopsida,Ericales,Sapotaceae,"Manilkara zapota"
Equisetopsida,Ericales,Marcgraviaceae,"Marcgravia longifolia"
Equisetopsida,Solanales,Convolvulaceae,"Maripa axilliflora"
Equisetopsida,Solanales,Solanaceae,"Markea formicarum"
Equisetopsida,Gentianales,Apocynaceae,"Marsdenia rubrofusca"
Equisetopsida,Malpighiales,Malpighiaceae,"Mascagnia conformis"
Equisetopsida,Sapindales,Sapindaceae,"Matayba adenanthera"
Equisetopsida,Malvales,Malvaceae,"Matisia lecythicarpa"
Equisetopsida,Lamiales,Acanthaceae,"Mendoncia gigas"
Equisetopsida,Laurales,Lauraceae,"Mezilaurus sprucei"
Equisetopsida,Myrtales,Melastomataceae,"Miconia araneifera"
Equisetopsida,Myrtales,Melastomataceae,"Miconia aristigera"
Equisetopsida,Myrtales,Melastomataceae,"Miconia asperiuscula"
Equisetopsida,Myrtales,Melastomataceae,"Miconia carassana"
Equisetopsida,Myrtales,Melastomataceae,"Miconia cucullata"
Equisetopsida,Myrtales,Melastomataceae,"Miconia duckei"
Equisetopsida,Myrtales,Melastomataceae,"Miconia juruensis"
Equisetopsida,Myrtales,Melastomataceae,"Miconia phaeophylla"
Equisetopsida,Myrtales,Melastomataceae,"Miconia phanerostila"
Equisetopsida,Myrtales,Melastomataceae,"Miconia rimachii"
Equisetopsida,Myrtales,Melastomataceae,"Miconia rimbachii"
Equisetopsida,Myrtales,Melastomataceae,"Miconia rubra"
Equisetopsida,Myrtales,Melastomataceae,"Miconia solenifera"
Equisetopsida,Myrtales,Melastomataceae,"Miconia symplectocaulos"
Equisetopsida,Myrtales,Melastomataceae,"Miconia tetragona"
Equisetopsida,Myrtales,Melastomataceae,"Miconia tetrasperma"
Equisetopsida,Myrtales,Melastomataceae,"Miconia tococaudata"
Equisetopsida,Ericales,Sapotaceae,"Micropholis cylindrocarpa"
Equisetopsida,Ericales,Sapotaceae,"Micropholis madeirensis"
Equisetopsida,Ericales,Sapotaceae,"Micropholis porphyrocarpa"
Equisetopsida,Asterales,Asteraceae,"Mikania congesta"
Equisetopsida,Fabales,Fabaceae,"Mimosa rufescens"
Equisetopsida,Malvales,Malvaceae,"Mollia lepidota subsp. lepidota"
Equisetopsida,Zingiberales,Marantaceae,"Monotagma tomentosum"
Equisetopsida,Alismatales,Araceae,"Montrichardia arborescens"
Equisetopsida,Malpighiales,Chrysobalanaceae,"Moquilea guianensis"
Equisetopsida,Malpighiales,Chrysobalanaceae,"Moquilea longipetala"
Equisetopsida,Myrtales,Melastomataceae,"Mouriri sideroxylon"
Equisetopsida,Fabales,Fabaceae,"Mucuna rostrata"
Equisetopsida,Fabales,Fabaceae,"Muellera amazonica"
Equisetopsida,Cornales,Myrtaceae,"Myrcia aliena"
Equisetopsida,Cornales,Myrtaceae,"Myrcia bracteata"
Equisetopsida,Myrtales,Myrtaceae,"Myrcia crassimarginata"
Equisetopsida,Myrtales,Myrtaceae,"Myrcia dichasialis"
Equisetopsida,Cornales,Myrtaceae,"Myrcia hylobates"
Equisetopsida,Cornales,Myrtaceae,"Myrcia maxima"
Equisetopsida,Cornales,Myrtaceae,"Myrcia telephylla"
Equisetopsida,Cornales,Myrtaceae,"Myrcia tessmannii"
Equisetopsida,Rosales,Moraceae,"Naucleopsis imitans"
Equisetopsida,Rosales,Moraceae,"Naucleopsis velutina"
Equisetopsida,Poales,Bromeliaceae,"Neoregelia stolonifera"
Equisetopsida,Gentianales,Rubiaceae,"Notopleura parasiggersiana"
Equisetopsida,Laurales,Lauraceae,"Ocotea alaris"
Equisetopsida,Laurales,Lauraceae,"Ocotea immersa"
Equisetopsida,Laurales,Lauraceae,"Ocotea rhodophylla"
Equisetopsida,Gentianales,Apocynaceae,"Odontadenia geminata"
Equisetopsida,Gentianales,Apocynaceae,"Odontadenia stemmadeniifolia"
Equisetopsida,Ranunculales,Menispermaceae,"Odontocarya diplobotrya"
Equisetopsida,Ranunculales,Menispermaceae,"Odontocarya klugii"
Equisetopsida,Proteales,Sabiaceae,"Ophiocaryon klugii"
Equisetopsida,Fabales,Fabaceae,"Ormosia discolor"
Equisetopsida,Santalales,Loranthaceae,"Oryctanthus florulentus"
Equisetopsida,Poales,Poaceae,"Oryza grandiglumis"
Equisetopsida,Malpighiales,Ochnaceae,"Ouratea aromatica"
Equisetopsida,Malpighiales,Ochnaceae,"Ouratea oleosa"
Equisetopsida,Magnoliales,Annonaceae,"Oxandra sphaerocarpa"
Equisetopsida,Magnoliales,Annonaceae,"Oxycaryum cubense"
Equisetopsida,Gentianales,Rubiaceae,"Palicourea crocea"
Equisetopsida,Gentianales,Rubiaceae,"Palicourea fastigiata"
Equisetopsida,Gentianales,Rubiaceae,"Palicourea hypochlorina"
Equisetopsida,Gentianales,Rubiaceae,"Palicourea iquitoensis"
Equisetopsida,Gentianales,Rubiaceae,"Palicourea jenaro-herrerana"
Equisetopsida,Gentianales,Rubiaceae,"Palicourea nautensis"
Equisetopsida,Gentianales,Rubiaceae,"Palicourea paraensis"
Equisetopsida,Gentianales,Apocynaceae,"Parahancornia peruviana"
Equisetopsida,Poales,Poaceae,"Pariana obtusa"
Equisetopsida,Poales,Poaceae,"Pariana sociata"
Equisetopsida,Poales,Poaceae,"Parinari excelsa"
Equisetopsida,Malpighiales,Chrysobalanaceae,"Parinariopsis licaniiflora"
Equisetopsida,Malpighiales,Passifloraceae,"Passiflora foetida"
Equisetopsida,Malpighiales,Passifloraceae,"Passiflora involucrata"
Equisetopsida,Malpighiales,Passifloraceae,"Passiflora quadrangularis"
Equisetopsida,Malpighiales,Passifloraceae,"Passiflora spinosa"
Equisetopsida,Malvales,Malvaceae,"Patinoa paraensis"
Equisetopsida,Sapindales,Sapindaceae,"Paullinia capreolata"
Equisetopsida,Sapindales,Sapindaceae,"Paullinia clavigera var. clavigera"
Equisetopsida,Sapindales,Sapindaceae,"Paullinia exalata"
Equisetopsida,Sapindales,Sapindaceae,"Paullinia gigantea"
Equisetopsida,Sapindales,Sapindaceae,"Paullinia glomerulosa"
Equisetopsida,Sapindales,Sapindaceae,"Paullinia josecuatrii"
Equisetopsida,Sapindales,Sapindaceae,"Paullinia spicata"
Equisetopsida,Malvales,Malvaceae,"Pavonia fruticosa"
Equisetopsida,Rosales,Moraceae,"Perebea longipedunculata"
Equisetopsida,Celastrales,Celastraceae,"Peritassa dulcis"
Equisetopsida,Caryophyllales,Polygonaceae,"Persicaria ferruginea"
Equisetopsida,Caryophyllales,Polygonaceae,"Persicaria glabra"
Equisetopsida,Lamiales,Verbenaceae,"Petrea bracteata"
Equisetopsida,Alismatales,Araceae,"Philodendron muricatum"
Equisetopsida,Santalales,Loranthaceae,"Phoradendron crassifolium"
Equisetopsida,Santalales,Loranthaceae,"Phoradendron piperoides"
Equisetopsida,Santalales,Santalaceae,"Phoradendron semivenosum"
Equisetopsida,Malvales,Malvaceae,"Phragmotheca amazonica"
Equisetopsida,Malpighiales,Phyllanthaceae,"Phyllanthus ventricosus"
Equisetopsida,Malpighiales,Phyllanthaceae,"Phyllanthus vincentae"
Equisetopsida,Malpighiales,Phytolaccaceae,"Phytolacca rivinoides"
Equisetopsida,Rosales,Urticaceae,"Pilea imparifolia"
Equisetopsida,Piperales,Piperaceae,"Piper asterotrichum"
Equisetopsida,Piperales,Piperaceae,"Piper bartlingianum"
Equisetopsida,Piperales,Piperaceae,"Piper cumbotianum"
Equisetopsida,Piperales,Piperaceae,"Piper cyrtopodon"
Equisetopsida,Piperales,Piperaceae,"Piper nematanthera"
Equisetopsida,Piperales,Piperaceae,"Piper obtusilimbum"
Equisetopsida,Piperales,Piperaceae,"Piper poiteanum"
Equisetopsida,Piperales,Piperaceae,"Piper soledadense"
Equisetopsida,Piperales,Piperaceae,"Piper vitaceum"
Equisetopsida,Fabales,Fabaceae,"Piptadenia pteroclada"
Equisetopsida,Poales,Poaceae,"Piresia macrophylla"
Equisetopsida,Caryophyllales,Portulacaceae,"Portulaca pilosa"
Equisetopsida,Gentianales,Rubiaceae,"Posoqueria longiflora"
Equisetopsida,Gentianales,Gentianaceae,"Potalia yanamonoensis"
Equisetopsida,Rosales,Urticaceae,"Pourouma guianensis subsp. guianensis"
Equisetopsida,Rosales,Urticaceae,"Pourouma myrmecophila"
Equisetopsida,Ericales,Sapotaceae,"Pouteria gomphiifolia"
Equisetopsida,Ericales,Sapotaceae,"Pouteria longifolia"
Equisetopsida,Rosales,Urticaceae,"Pouzolzia formicaria"
Equisetopsida,Sapindales,Burseraceae,"Protium calendulinum"
Equisetopsida,Sapindales,Burseraceae,"Protium nitidifolium"
Equisetopsida,Sapindales,Burseraceae,"Protium paniculatum var. paniculatum"
Equisetopsida,Magnoliales,Annonaceae,"Pseudoconnarus macrophyllus"
Equisetopsida,Magnoliales,Annonaceae,"Pseudoxandra lucida"
Equisetopsida,Magnoliales,Annonaceae,"Pseudoxandra polyphleba"
Equisetopsida,Santalales,Loranthaceae,"Psittacanthus baguensis"
Equisetopsida,Gentianales,Rubiaceae,"Psychotria acreana"
Equisetopsida,Gentianales,Rubiaceae,"Psychotria maynasana"
Equisetopsida,Myrtales,Vochysiaceae,"Qualea amoena"
Equisetopsida,Sapindales,Rutaceae,"Rauia prancei"
Equisetopsida,Gentianales,Apocynaceae,"Rauvolfia andina"
Equisetopsida,Gentianales,Apocynaceae,"Rauvolfia leptophylla"
Equisetopsida,Gentianales,Apocynaceae,"Rauvolfia macrantha"
Equisetopsida,Gentianales,Apocynaceae,"Rhabdadenia madida"
Equisetopsida,Laurales,Lauraceae,"Rhodostemonodaphne crenaticupula"
Equisetopsida,Poales,Cyperaceae,"Rhynchospora amazonica"
Equisetopsida,Malpighiales,Violaceae,"Rinorea falcata"
Equisetopsida,Gentianales,Rubiaceae,"Rothmannia hispida"
Equisetopsida,Oxalidales,Connaraceae,"Rourea amazonica"
Equisetopsida,Oxalidales,Connaraceae,"Rourea puberula"
Equisetopsida,Gentianales,Rubiaceae,"Rudgea panurensis"
Equisetopsida,Caryophyllales,Polygonaceae,"Ruprechtia maracensis"
Equisetopsida,Malpighiales,Salicaceae,"Ryania spruceana"
Equisetopsida,Gentianales,Rubiaceae,"Sabicea panamensis var. panamensis"
Equisetopsida,Gentianales,Rubiaceae,"Sabicea villosa var. villosa"
Equisetopsida,Alismatales,Alismataceae,"Sagittaria sprucei"
Equisetopsida,Malpighiales,Euphorbiaceae,"Sagotia brachysepala"
Equisetopsida,Celastrales,Celastraceae,"Salacia impressifolia"
Equisetopsida,Celastrales,Celastraceae,"Salacia ulei"
Equisetopsida,Lamiales,Acanthaceae,"Sanchezia stenantha"
Equisetopsida,Lamiales,Schlegeliaceae,"Schlegelia scandens"
Equisetopsida,Pandanales,Triuridaceae,"Sciaphila purpurea"
Equisetopsida,Fabales,Polygalaceae,"Securidaca inappendiculata subsp. inappendiculata"
Equisetopsida,Fabales,Polygalaceae,"Securidaca paniculata"
Equisetopsida,Selaginellales,Selaginellaceae,"Selaginella parkeri"
Equisetopsida,Fabales,Fabaceae,"Senegalia amazonica"
Equisetopsida,Fabales,Fabaceae,"Senna latifolia"
Equisetopsida,Fabales,Fabaceae,"Senna pendula"
Equisetopsida,Cucurbitales,Cucurbitaceae,"Sicydium tamnifolium"
Equisetopsida,Sapindales,Simaroubaceae,"Simaba orinocensis"
Equisetopsida,Cucurbitales,Cucurbitaceae,"Siolmatra brasiliensis"
Equisetopsida,Laurales,Monimiaceae,"Siparuna decipiens"
Equisetopsida,Laurales,Siparunaceae,"Siparuna reginae"
Equisetopsida,Oxalidales,Elaeocarpaceae,"Sloanea brachytepala"
Equisetopsida,Oxalidales,Elaeocarpaceae,"Sloanea grandezii"
Equisetopsida,Oxalidales,Elaeocarpaceae,"Sloanea rojasiae"
Equisetopsida,Solanales,Solanaceae,"Solanum asarifolium"
Equisetopsida,Solanales,Solanaceae,"Solanum kioniotrichum"
Equisetopsida,Solanales,Solanaceae,"Solanum mammosum"
Equisetopsida,Solanales,Solanaceae,"Solanum nemorosum"
Equisetopsida,Solanales,Solanaceae,"Solanum quaesitum"
Equisetopsida,Solanales,Solanaceae,"Solanum stramoniifolium"
Equisetopsida,Gentianales,Rubiaceae,"Sommera sabiceoides"
Equisetopsida,Rosales,Moraceae,"Sorocea duckei"
Equisetopsida,Rosales,Moraceae,"Sorocea muriculata subsp. muriculata"
Equisetopsida,Rosales,Moraceae,"Sorocea pubivena subsp. Hirtella"
Equisetopsida,Solanales,Sphenocleaceae,"Sphenoclea zeylanica"
Equisetopsida,Sapindales,Anacardiaceae,"Spondias globosa"
Equisetopsida,Poales,Poaceae,"Stephostachys mertensii"
Equisetopsida,Malvales,Malvaceae,"Urera capitata"
Equisetopsida,Malvales,Malvaceae,"Urera baccifera"
Equisetopsida,Fabales,Fabaceae,"Zygia macbridei"
Equisetopsida,Polypodiales,Thelypteridaceae,"Thelypteris longifolia"
Equisetopsida,Fabales,Fabaceae,"Swartzia obscura"
Equisetopsida,Fabales,Fabaceae,"Swartzia schunkei"
Equisetopsida,Dioscoreales,Taccaceae,"Tacca parkeri"
Equisetopsida,Malpighiales,Clusiaceae,"Tovomita longicuneata"
Equisetopsida,Gentianales,Rubiaceae,"Tocoyena megistantha"
Equisetopsida,Sapindales,Meliaceae,"Trichilia inaequilatera"
Equisetopsida,Lamiales,Bignoniaceae,"Tabebuia obscura"
Equisetopsida,Sapindales,Meliaceae,"Trichilia mazanensis"
Equisetopsida,Sapindales,Meliaceae,"Trichilia singularis"
Equisetopsida,Fabales,Fabaceae,"Zygia cataractae"
Equisetopsida,Gentianales,Gentianaceae,"Syngonanthus trichophyllus"
Equisetopsida,Hymenophyllales,Hymenophyllaceae,"Trichomanes humboldtii"
Equisetopsida,Hymenophyllales,Hymenophyllaceae,"Trichomanes martiusii"
Equisetopsida,Malpighiales,Malpighiaceae,"Stigmaphyllon adenodon"
Equisetopsida,Malpighiales,Dichapetalaceae,"Tapura acreana"
Equisetopsida,Caryophyllales,Phytolaccaceae,"Trichostigma octandrum"
Equisetopsida,Poales,Bromeliaceae,"Tillandsia paraensis"
Equisetopsida,Malpighiales,Trigoniaceae,"Trigonia prancei"
Equisetopsida,Malpighiales,Trigoniaceae,"Trigonia rugosa"
Equisetopsida,Gentianales,Apocynaceae,"Tassadia milanezii"
Equisetopsida,Gentianales,Apocynaceae,"Tassadia ovalifolia"
Equisetopsida,Fabales,Fabaceae,"Zygia latifolia"
Equisetopsida,Sapindales,Sapindaceae,"Talisia pinnata"
Equisetopsida,Polypodiales,Blechnaceae,"Telmatoblechnum serrulatum"
Equisetopsida,Commelinales,Commelinaceae,"Tripogandra serrulata"
Equisetopsida,Pandanales,Triuridaceae,"Triuris hexophthalma"
Equisetopsida,Myrtales,Vochysiaceae,"Vochysia vismiifolia"
Equisetopsida,Myrtales,Vochysiaceae,"Vochysia diversa"
Equisetopsida,Sapindales,Rutaceae,"Zanthoxylum riedelianum"
Equisetopsida,Malpighiales,Hypericaceae,"Vismia minutiflora"
Equisetopsida,Dilleniales,Dilleniaceae,"Tetracera volubilis subsp. volubilis"
Equisetopsida,Malpighiales,Malpighiaceae,"Tetrapterys styloptera"
Equisetopsida,Magnoliales,Myristicaceae,"Virola marleneae"
Equisetopsida,Magnoliales,Myristicaceae,"Virola divergens"
Equisetopsida,Magnoliales,Myristicaceae,"Virola calophylloidea"
Equisetopsida,Fabales,Fabaceae,"Vatairea guianensis"
Equisetopsida,Malvales,Malvaceae,"Vasivaea podocarpa"
Equisetopsida,Lamiales,Cordiaceae,"Varronia dichotoma"
Equisetopsida,Fabales,Fabaceae,"Zygia inaequalis"
Equisetopsida,Malpighiales,Humiriaceae,"Vantanea spichigeri"
Equisetopsida,Malpighiales,Humiriaceae,"Vantanea parviflora"
Equisetopsida,Sapindales,Rutaceae,"Zanthoxylum compactum"
Equisetopsida,Fabales,Fabaceae,"Swartzia auriculata"
Equisetopsida,Dioscoreales,Thismiaceae,"Thismia hyalina"
Equisetopsida,Alismatales,Araceae,"Thaumatophyllum solimoesense"
Equisetopsida,Fabales,Fabaceae,"Swartzia calophylla"
Equisetopsida,Fabales,Fabaceae,"Swartzia cardiosperma"
Equisetopsida,Magnoliales,Annonaceae,"Xylopia micans"
Equisetopsida,Magnoliales,Annonaceae,"Xylopia neglecta"
Equisetopsida,Gentianales,Loganiaceae,"Strychnos poeppigii"
Equisetopsida,Lamiales,Lentibulariaceae,"Utricularia gibba"
Equisetopsida,Lamiales,Lentibulariaceae,"Utricularia foliosa"
Equisetopsida,Malpighiales,Salicaceae,"Xylosma benthamii"
Equisetopsida,Fabales,Fabaceae,"Swartzia gracilis"
Equisetopsida,Gentianales,Loganiaceae,"Strychnos panamensis"
Equisetopsida,Malpighiales,Salicaceae,"Xylosma tessmannii"
Equisetopsida,Sapindales,Sapindaceae,"Talisia cupularis"
Equisetopsida,Fabales,Fabaceae,"Swartzia leptopetala"
Equisetopsida,Sapindales,Sapindaceae,"Talisia mollis"
Equisetopsida,Sapindales,Sapindaceae,"Talisia croatii"
Equisetopsida,Fabales,Fabaceae,"Swartzia amplifolia"
Equisetopsida,Malpighiales,Malpighiaceae,"Stigmaphyllon florosum"
Equisetopsida,Rosales,Moraceae,"Trophis scandens"
Equisetopsida,Fabales,Fabaceae,"Stryphnodendron pulcherrimum"
Equisetopsida,Fabales,Fabaceae,"Stryphnodendron guianense"
Equisetopsida,Magnoliales,Annonaceae,"Xylopia trichostemon"
Equisetopsida,Hymenophyllales,Hymenophyllaceae,"Trichomanes collariatum"
Equisetopsida,Alismatales,Araceae,"Syngonium hastifolium"
Equisetopsida,Lamiales,Bignoniaceae,"Tanaecium truncatum"
Equisetopsida,Lamiales,Linderniaceae,"Torenia thouarsii"
Equisetopsida,Fabales,Fabaceae,"Tachigali alba"
Equisetopsida,Lamiales,Bignoniaceae,"Tanaecium xanthophyllum"
Equisetopsida,Asterales,Asteraceae,"Tagetes erecta"
Equisetopsida,Fabales,Fabaceae,"Tachigali rugosa"
Equisetopsida,Fabales,Fabaceae,"Tachigali tinctoria"
Equisetopsida,Rosales,Urticaceae,"Urera capitata"
Equisetopsida,Fabales,Fabaceae,"Tamarindus indica"
Equisetopsida,Magnoliales,Annonaceae,"Xylopia frutescens"
Equisetopsida,Magnoliales,Annonaceae,"Unonopsis peruviana"
Equisetopsida,Polypodiales,Thelypteridaceae,"Thelypteris juruensis"
Equisetopsida,Gentianales,Loganiaceae,"Strychnos ramentifera"
Equisetopsida,Malpighiales,Hypericaceae,"Vismia plicatifolia"
Equisetopsida,Sapindales,Anacardiaceae,"Thyrsodium spruceanum"
Equisetopsida,Malpighiales,Malpighiaceae,"Tetrapterys maranhamensis"
Equisetopsida,Poales,Bromeliaceae,"Vriesea heliconioides"
Equisetopsida,Myrtales,Combretaceae,"Terminalia fanshawei"
Equisetopsida,Magnoliales,Myristicaceae,"Virola multiflora"
Equisetopsida,Lamiales,Bignoniaceae,"Tanaecium jaroba"
Equisetopsida,Fabales,Fabaceae,"Tephrosia nitens"
Equisetopsida,Caryophyllales,Polygonaceae,"Triplaris setosa"
Equisetopsida,Fabales,Fabaceae,"Swartzia macrostachya"
Equisetopsida,Fabales,Fabaceae,"Swartzia dipetala"
Equisetopsida,Fabales,Fabaceae,"Parkia pendula"
Equisetopsida,Poales,Poaceae,"Pariana ecuadorensis"
Equisetopsida,Gentianales,Apocynaceae,"Geissospermum reticulatum"
Equisetopsida,Sapindales,Anacardiaceae,"Spondias venulosa"
Equisetopsida,Fabales,Fabaceae,"Hymenaea parvifolia"
Equisetopsida,Zingiberales,Marantaceae,"Goeppertia enclitica"
Equisetopsida,Gentianales,Rubiaceae,"Palicourea casiquiaria"
Equisetopsida,Magnoliales,Annonaceae,"Guatteria campestris"
Equisetopsida,Laurales,Lauraceae,"Ocotea oblonga subsp. cuprea"
Equisetopsida,Poales,Bromeliaceae,"Hylaeaicum eleutheropetalum"
Equisetopsida,Gentianales,Rubiaceae,"Appunia odontocalyx"
Equisetopsida,Laurales,Lauraceae,"Ocotea rubrinervis"
Equisetopsida,Gentianales,Apocynaceae,"Odontadenia anomala"
Equisetopsida,Gentianales,Apocynaceae,"Odontadenia laxiflora"
Equisetopsida,Malpighiales,Ochnaceae,"Ouratea castaneifolia"
Equisetopsida,Fabales,Fabaceae,"Harleyodendron unifoliolatum"
Equisetopsida,Sapindales,Simaroubaceae,"Homalolepis paraensis"
Equisetopsida,Zingiberales,Heliconiaceae,"Heliconia acuminata subsp. Immaculata"
Equisetopsida,Fabales,Fabaceae,"Ormosia panamensis"
Equisetopsida,Asparagales,Amaryllidaceae,"Hippeastrum puniceum"
Equisetopsida,Ericales,Sapotaceae,"Manilkara bidentata subsp. Surinamensis"
Equisetopsida,Sapindales,Sapindaceae,"Serjania paucidentata"
Equisetopsida,Pandanales,Cyclanthaceae,"Asplundia peruviana"
Equisetopsida,Fabales,Fabaceae,"Senna spinescens"
Equisetopsida,Fabales,Fabaceae,"Senegalia paniculata"
Equisetopsida,Fabales,Fabaceae,"Senegalia huberi"
Equisetopsida,Fabales,Fabaceae,"Senegalia hayesii"
Equisetopsida,Fabales,Fabaceae,"Senegalia altiscandens"
Equisetopsida,Malpighiales,Malpighiaceae,"Mezia includens"
Equisetopsida,Laurales,Lauraceae,"Mezilaurus subcordata"
Equisetopsida,Malvales,Malvaceae,"Malachra alceifolia"
Equisetopsida,Fabales,Fabaceae,"Sclerolobium vasquezii"
Equisetopsida,Poales,Cyperaceae,"Scleria ramosa"
Equisetopsida,Lamiales,Plantaginaceae,"Bacopa scoparioides"
Equisetopsida,Ranunculales,Menispermaceae,"Sciadotenia eichleriana"
Equisetopsida,Fabales,Fabaceae,"Schnella uleana"
Equisetopsida,Fabales,Fabaceae,"Bauhinia acreana"
Equisetopsida,Lamiales,Bignoniaceae,"Bignonia hyacinthina"
Equisetopsida,Poales,Bromeliaceae,"Billbergia robert-readii"
Equisetopsida,Rosales,Moraceae,"Brosimum acutifolium subsp. acutifolium"
Equisetopsida,Solanales,Solanaceae,"Lycianthes coffeifolia"
Equisetopsida,Myrtales,Melastomataceae,"Miconia impetiolaris"
Equisetopsida,Celastrales,Celastraceae,"Salacia caloneura"
Equisetopsida,Malpighiales,Humiriaceae,"Sacoglottis mattogrossensis"
Equisetopsida,Malpighiales,Humiriaceae,"Sacoglottis amazonica"
Equisetopsida,Gentianales,Rubiaceae,"Sabicea subinvolucrata"
Equisetopsida,Gentianales,Rubiaceae,"Sabicea mattogrossensis"
Equisetopsida,Malpighiales,Malpighiaceae,"Bunchosia glandulifera"
Equisetopsida,Caryophyllales,Polygonaceae,"Ruprechtia tangarana"
Equisetopsida,Malpighiales,Malpighiaceae,"Byrsonima putumayensis"
Equisetopsida,Lamiales,Acanthaceae,"Ruellia inflata"
Equisetopsida,Malpighiales,Calophyllaceae,"Calophyllum angulare"
Equisetopsida,Gentianales,Rubiaceae,"Calycophyllum obovatum"
Equisetopsida,Laurales,Lauraceae,"Rhodostemonodaphne grandis"
Equisetopsida,Malpighiales,Achariaceae,"Carpotroche amazonica"
Equisetopsida,Gentianales,Rubiaceae,"Randia aculeata var. aculeata"
Equisetopsida,Malpighiales,Salicaceae,"Casearia singularis"
Equisetopsida,Cucurbitales,Cucurbitaceae,"Cayaponia crugeri"
Equisetopsida,Rosales,Urticaceae,"Cecropia obtusifolia"
Equisetopsida,Asterales,Asteraceae,"Mikania lindleyana"
Equisetopsida,Asterales,Asteraceae,"Mikania aquaria"
Equisetopsida,Rosales,Urticaceae,"Myriocarpa longipes"
Equisetopsida,Celastrales,Celastraceae,"Cheiloclinium klugii"
Equisetopsida,Myrtales,Myrtaceae,"Psidium friedrichsthalianum"
Equisetopsida,Cucurbitales,Cucurbitaceae,"Pseudosicydium acaranthum"
Equisetopsida,Rosales,Moraceae,"Pseudolmedia murure"
Equisetopsida,Asterales,Asteraceae,"Chromolaena laevigata"
Equisetopsida,Asparagales,Iridaceae,"Cipura paludosa"
Equisetopsida,Vitales,Vitaceae,"Cissus pseudoverticillata"
Equisetopsida,Vitales,Vitaceae,"Cissus rubropilosa"
Equisetopsida,Vitales,Vitaceae,"Cissus trigona"
Equisetopsida,Sapindales,Burseraceae,"Protium pallidum"
Equisetopsida,Ericales,Primulaceae,"Clavija cardenasii"
Equisetopsida,Brassicales,Cleomaceae,"Cleome virens"
Equisetopsida,Gentianales,Apocynaceae,"Allamanda cathartica"
Equisetopsida,Caryophyllales,Polygonaceae,"Coccoloba excelsa"
Equisetopsida,Asterales,Asteraceae,"Lepidaploa salzmannii"
Equisetopsida,Gentianales,Apocynaceae,"Prestonia ornata"
Equisetopsida,Myrtales,Combretaceae,"Combretum gracile"
Equisetopsida,Myrtales,Combretaceae,"Combretum vernicosum"
Equisetopsida,Ericales,Sapotaceae,"Pouteria elegans"
Equisetopsida,Rosales,Urticaceae,"Pourouma bicolor subsp. tessmannii"
Equisetopsida,Lamiales,Cordiaceae,"Cordia mexiana"
Equisetopsida,Lamiales,Cordiaceae,"Cordia ripicola"
Equisetopsida,Lamiales,Cordiaceae,"Cordia scabrifolia"
Equisetopsida,Lamiales,Cordiaceae,"Cordia tetrandra"
Equisetopsida,Lamiales,Cordiaceae,"Cordia toqueve"
Equisetopsida,Sapindales,Sapindaceae,"Allophylus incanus"
Equisetopsida,Gentianales,Rubiaceae,"Cordiera macrophylla"
Equisetopsida,Zingiberales,Costaceae,"Costus acreanus"
Equisetopsida,Malpighiales,Chrysobalanaceae,"Couepia latifolia"
Equisetopsida,Malpighiales,Chrysobalanaceae,"Moquilea tambopatensis"
Equisetopsida,Malpighiales,Chrysobalanaceae,"Moquilea unguiculata"
Equisetopsida,Polypodiales,Dryopteridaceae,"Ctenitis refulgens"
Equisetopsida,Laurales,Lauraceae,"Pleurothyrium williamsii"
Equisetopsida,Lamiales,Bignoniaceae,"Cuspidaria emmonsii"
Equisetopsida,Brassicales,Capparaceae,"Morisonia amplissima"
Equisetopsida,Cyatheales,Cyatheaceae,"Cyathea lindigii"
Equisetopsida,Ericales,Myrsinaceae,"Cybianthus candamoensis"
Equisetopsida,Ericales,Primulaceae,"Cybianthus cuyabensis"
Equisetopsida,Ericales,Primulaceae,"Cybianthus cyclopetalus"
Equisetopsida,Ericales,Primulaceae,"Cybianthus nanayensis"
Equisetopsida,Ericales,Primulaceae,"Cybianthus resinosus"
Equisetopsida,Poales,Poaceae,"Cymbopogon citratus"
Equisetopsida,Malpighiales,Malpighiaceae,"Amorimia amazonica"
Equisetopsida,Malpighiales,Salicaceae,"Laetia suaveolens"
Equisetopsida,Rosales,Ulmaceae,"Ampelocera verrucosa"
Equisetopsida,Fabales,Fabaceae,"Piptadenia killipii"
Equisetopsida,Lamiales,Bignoniaceae,"Amphilophium racemosum"
Equisetopsida,Piperales,Piperaceae,"Piper silvivagum"
Equisetopsida,Piperales,Piperaceae,"Piper puberulescens"
Equisetopsida,Solanales,Solanaceae,"Solanum oxyphyllum"
Equisetopsida,Piperales,Piperaceae,"Piper multiplinervium"
Equisetopsida,Piperales,Piperaceae,"Piper lehmannianum"
Equisetopsida,Gentianales,Rubiaceae,"Dialypetalanthus fuscescens"
Equisetopsida,Piperales,Piperaceae,"Piper darienense"
Equisetopsida,Caryophyllales,Nyctaginaceae,"Neea altissima"
Equisetopsida,Malpighiales,Malpighiaceae,"Dicella julianii"
Equisetopsida,Magnoliales,Annonaceae,"Klarobelia anomala"
Equisetopsida,Piperales,Piperaceae,"Piper anonifolium var. anonifolium"
Equisetopsida,Piperales,Piperaceae,"Piper aleyreanum"
Equisetopsida,Piperales,Piperaceae,"Piper acutilimbum"
Equisetopsida,Malpighiales,Clusiaceae,"Moronobea coccinea"
Equisetopsida,Alismatales,Araceae,"Dieffenbachia alexiadesii"
Equisetopsida,Alismatales,Araceae,"Dieffenbachia weberbaueri"
Equisetopsida,Sapindales,Sapindaceae,"Dilodendron elegans"
Equisetopsida,Fabales,Fabaceae,"Jupunba floribunda"
Equisetopsida,Polypodiales,Woodsiaceae,"Diplazium striatum"
Equisetopsida,Lamiales,Bignoniaceae,"Dolichandra unguis-cati"
Equisetopsida,Dilleniales,Dilleniaceae,"Doliocarpus amazonicus"
Equisetopsida,Solanales,Solanaceae,"Solanum goodspeedii"
Equisetopsida,Magnoliales,Annonaceae,"Duguetia flagellaris"
Equisetopsida,Magnoliales,Annonaceae,"Duguetia lucida"
Equisetopsida,Lamiales,Bignoniaceae,"Jacaranda copaia subsp. spectabilis"
Equisetopsida,Santalales,Santalaceae,"Phoradendron perrottetii"
Equisetopsida,Santalales,Santalaceae,"Phoradendron bathyoryctum"
Equisetopsida,Asparagales,Iridaceae,"Eleutherine bulbosa"
Equisetopsida,Polypodiales,Pteridaceae,"Adiantum tetraphyllum"
Equisetopsida,Lamiales,Bignoniaceae,"Anemopaegma flavum"
Equisetopsida,Laurales,Lauraceae,"Endlicheria rubiflora"
Equisetopsida,Fabales,Fabaceae,"Nissolia brasiliensis"
Equisetopsida,Poales,Bromeliaceae,"Aechmea bromeliifolia"
Equisetopsida,Malvales,Malvaceae,"Matisia glandifera"
Equisetopsida,Magnoliales,Annonaceae,"Annona amazonica"
Equisetopsida,Magnoliales,Annonaceae,"Annona centrantha"
Equisetopsida,Sapindales,Sapindaceae,"Matayba scrobiculata"
Equisetopsida,Solanales,Convolvulaceae,"Ipomoea alba"
Equisetopsida,Fabales,Fabaceae,"Erythrina mulungu"
Equisetopsida,Celastrales,Celastraceae,"Peritassa pruinosa"
Equisetopsida,Magnoliales,Annonaceae,"Annona edulis"
Equisetopsida,Magnoliales,Annonaceae,"Annona foetida"
Equisetopsida,Fabales,Fabaceae,"Inga tessmannii"
Equisetopsida,Poales,Bromeliaceae,"Aechmea magdalenae"
Equisetopsida,Fabales,Fabaceae,"Inga splendens"
Equisetopsida,Fabales,Fabaceae,"Inga sertulifera subsp. Sertulifera"
Equisetopsida,Magnoliales,Annonaceae,"Annona neochrysocarpa"
Equisetopsida,Malpighiales,Peraceae,"Pera glabrata"
Equisetopsida,Malpighiales,Peraceae,"Pera benensis"
Equisetopsida,Myrtales,Myrtaceae,"Eugenia heterochroma"
Equisetopsida,Myrtales,Myrtaceae,"Eugenia ochrophloea"
Equisetopsida,Piperales,Piperaceae,"Peperomia pubinervosa"
Equisetopsida,Malpighiales,Malpighiaceae,"Mascagnia glabrata"
Equisetopsida,Gentianales,Rubiaceae,"Eumachia inconspicua"
Equisetopsida,Gentianales,Rubiaceae,"Eumachia nana"
Equisetopsida,Fabales,Fabaceae,"Inga buorgoni"
Equisetopsida,Myrtales,Memecylaceae,"Mouriri peruviana"
Equisetopsida,Malpighiales,Euphorbiaceae,"Euphorbia hirta"
Equisetopsida,Fabales,Fabaceae,"Peltogyne floribunda"
Equisetopsida,Sapindales,Sapindaceae,"Paullinia granatensis"
Equisetopsida,Sapindales,Sapindaceae,"Paullinia clavigera"
Equisetopsida,Sapindales,Sapindaceae,"Paullinia bidentata"
Equisetopsida,Gentianales,Rubiaceae,"Ferdinandusa goudotiana"
Equisetopsida,Rosales,Moraceae,"Ficus lauretana"
Equisetopsida,Rosales,Moraceae,"Ficus panurensis"
Equisetopsida,Malpighiales,Passifloraceae,"Passiflora misera"
Equisetopsida,Malpighiales,Passifloraceae,"Passiflora ferruginea"
Equisetopsida,Poales,Poaceae,"Paspalum fasciculatum"
Equisetopsida,Lamiales,Bignoniaceae,"Fridericia chica"
Equisetopsida,Lamiales,Bignoniaceae,"Fridericia trailii"
Equisetopsida,Zingiberales,Marantaceae,"Monotagma parvulum"
Equisetopsida,Zingiberales,Marantaceae,"Monotagma tuberosum"
Equisetopsida,Zingiberales,Marantaceae,"Monotagma vaginatum"
Equisetopsida,Alismatales,Araceae,"Monstera aureopinnata"
Equisetopsida,Alismatales,Araceae,"Monstera gracilis"
Equisetopsida,Celastrales,Celastraceae,"Monteverdia amazonica"
Equisetopsida,Malpighiales,Chrysobalanaceae,"Moquilea celiae"
Equisetopsida,Malvales,Malvaceae,"Matisia soegengii"
Equisetopsida,Malvales,Malvaceae,"Matisia idroboi"
Equisetopsida,Malvales,Malvaceae,"Matisia hirta"
Equisetopsida,Sapindales,Sapindaceae,"Matayba macrocarpa"
Equisetopsida,Myrtales,Melastomataceae,"Mouriri guianensis"
Equisetopsida,Myrtales,Melastomataceae,"Mouriri retentipetala"
Equisetopsida,Myrtales,Melastomataceae,"Mouriri vernicosa"
Equisetopsida,Gentianales,Apocynaceae,"Mucoa duckei"
Equisetopsida,Fabales,Fabaceae,"Marmaroxylon basijugum"
Equisetopsida,Myrtales,Myrtaceae,"Marlierea imperfecta"
Equisetopsida,Myrtales,Myrtaceae,"Marlierea caudata"
Equisetopsida,Ericales,Marcgraviaceae,"Marcgravia nervosa"
Equisetopsida,Gentianales,Rubiaceae,"Manettia asclepiadacea"
Equisetopsida,Gentianales,Apocynaceae,"Malouetia peruviana"
Equisetopsida,Gentianales,Apocynaceae,"Malouetia naias"
Equisetopsida,Gentianales,Apocynaceae,"Malouetia killipii"
Equisetopsida,Magnoliales,Magnoliaceae,"Magnolia equatorialis"
Equisetopsida,Fabales,Fabaceae,"Macrolobium suaveolens"
Equisetopsida,Fabales,Fabaceae,"Macrolobium brevense"
Equisetopsida,Fabales,Fabaceae,"Macrolobium arenarium"
Equisetopsida,Gentianales,Apocynaceae,"Macoubea sprucei"
Equisetopsida,Fabales,Fabaceae,"Machaerium madeirense"
Equisetopsida,Fabales,Fabaceae,"Machaerium floribundum var. parviflorum"
Equisetopsida,Malpighiales,Euphorbiaceae,"Mabea maynensis"
Equisetopsida,Malvales,Malvaceae,"Lueheopsis althaeiflora"
Equisetopsida,Ericales,Ebenaceae,"Lissocarpa stenocarpa"
Equisetopsida,Ericales,Ebenaceae,"Lissocarpa kating"
Equisetopsida,Ericales,Ebenaceae,"Lissocarpa jensonii"
Equisetopsida,Polypodiales,Lindsaeaceae,"Lindsaea hemiglossa"
Equisetopsida,Lamiales,Linderniaceae,"Lindernia crustacea"
Equisetopsida,Myrtales,Myrtaceae,"Myrcianthes prodigiosa"
Equisetopsida,Myrtales,Myrtaceae,"Myrcia obumbrans"
Equisetopsida,Laurales,Lauraceae,"Licaria rodriguesii"
Equisetopsida,Laurales,Lauraceae,"Licaria dolichantha"
Equisetopsida,Laurales,Lauraceae,"Licaria brasiliensis"
Equisetopsida,Malpighiales,Chrysobalanaceae,"Licania urceolaris"
Equisetopsida,Malpighiales,Chrysobalanaceae,"Licania mollis"
Equisetopsida,Myrtales,Myrtaceae,"Myrcia umbraticola"
Equisetopsida,Malpighiales,Chrysobalanaceae,"Licania bracteata"
Equisetopsida,Malpighiales,Chrysobalanaceae,"Licania blackii"
Equisetopsida,Malpighiales,Chrysobalanaceae,"Licania apetala var. apetala"
Equisetopsida,Dicranales,Dicranaceae,"Leucobryum martianum"
Equisetopsida,Ericales,Lecythidaceae,"Lecythis chartacea"
Equisetopsida,Myrtales,Melastomataceae,"Leandra macdanielii"
Equisetopsida,Myrtales,Melastomataceae,"Leandra longicoma"
Equisetopsida,Fabales,Fabaceae,"Abarema laeta"
Equisetopsida,Rosales,Moraceae,"Naucleopsis herrerensis"
Equisetopsida,Rosales,Moraceae,"Naucleopsis mello-barretoi"
Equisetopsida,Lamiales,Gesneriaceae,"Nautilocalyx erytranthus"
Equisetopsida,Laurales,Lauraceae,"Nectandra acuminata"
Equisetopsida,Myrtales,Lythraceae,"Lafoensia punicifolia"
Equisetopsida,Malpighiales,Salicaceae,"Laetia ovalifolia"
Equisetopsida,Laurales,Lauraceae,"Nectandra gracilis"
Equisetopsida,Gentianales,Apocynaceae,"Lacmellea klugii"
Equisetopsida,Gentianales,Apocynaceae,"Lacmellea floribunda"
Equisetopsida,Poales,Cyperaceae,"Kyllinga pumila"
Equisetopsida,Gentianales,Rubiaceae,"Kutchubaea sericantha"
Equisetopsida,Gentianales,Rubiaceae,"Kutchubaea semisericea"
Equisetopsida,Gentianales,Rubiaceae,"Kutchubaea oocarpa"
Equisetopsida,Gentianales,Rubiaceae,"Kutchubaea insignis"
Equisetopsida,Magnoliales,Annonaceae,"Klarobelia cauliflora"
Equisetopsida,Solanales,Solanaceae,"Juanulloa ochracea"
Equisetopsida,Fabales,Fabaceae,"Jacqueshuberia loretensis"
Equisetopsida,Lamiales,Bignoniaceae,"Jacaranda macrocarpa"
Equisetopsida,Gentianales,Rubiaceae,"Ixora ulei"
Equisetopsida,Gentianales,Rubiaceae,"Ixora sparsifolia"
Equisetopsida,Gentianales,Rubiaceae,"Ixora rufa"
Equisetopsida,Gentianales,Rubiaceae,"Ixora panurensis"
Equisetopsida,Gentianales,Rubiaceae,"Isertia hypoleuca"
Equisetopsida,Poales,Poaceae,"Ischaemum latifolium"
Equisetopsida,Magnoliales,Myristicaceae,"Iryanthera ulei"
Equisetopsida,Magnoliales,Myristicaceae,"Iryanthera polyneura"
Equisetopsida,Ericales,Marcgraviaceae,"Norantea guianensis"
Equisetopsida,Malpighiales,Samydaceae,"Irenodendron cupulatum"
Equisetopsida,Fabales,Fabaceae,"Inga yasuniana"
Equisetopsida,Fabales,Fabaceae,"Inga semialata"
Equisetopsida,Fabales,Fabaceae,"Inga multijuga"
Equisetopsida,Fabales,Fabaceae,"Inga acicularis"
Equisetopsida,Aquifoliales,Aquifoliaceae,"Ilex andarensis"
Equisetopsida,Laurales,Lauraceae,"Ocotea acutangula"
Equisetopsida,Laurales,Lauraceae,"Ocotea alata"
Equisetopsida,Malpighiales,Chrysobalanaceae,"Hymenopus intrapetiolaris"
Equisetopsida,Malpighiales,Chrysobalanaceae,"Hymenopus arachnoideus"
Equisetopsida,Fabales,Fabaceae,"Hymenolobium nitidum"
Equisetopsida,Laurales,Lauraceae,"Ocotea bracteosa"
Equisetopsida,Laurales,Lauraceae,"Ocotea humblotii"
Equisetopsida,Laurales,Lauraceae,"Ocotea leucoxylon"
Equisetopsida,Laurales,Lauraceae,"Ocotea licanioides"
Equisetopsida,Laurales,Lauraceae,"Ocotea myriantha"
Equisetopsida,Laurales,Lauraceae,"Ocotea ottoschmidtii"
Equisetopsida,Laurales,Lauraceae,"Ocotea tabacifolia"
Equisetopsida,Fabales,Fabaceae,"Hydrochorea marginata"
Equisetopsida,Gentianales,Apocynaceae,"Odontadenia funigera"
Equisetopsida,Ranunculales,Menispermaceae,"Odontocarya ulei"
Equisetopsida,Malpighiales,Chrysobalanaceae,"Hirtella revillae"
Equisetopsida,Malpighiales,Chrysobalanaceae,"Hirtella bicornis var. pubescens"
Equisetopsida,Poales,Poaceae,"Hildaea pallens"
Equisetopsida,Malpighiales,Euphorbiaceae,"Hevea pauciflora"
Equisetopsida,Malpighiales,Malpighiaceae,"Heteropterys riparia"
Equisetopsida,Malpighiales,Malpighiaceae,"Heteropterys orinocensis"
Equisetopsida,Malpighiales,Malpighiaceae,"Heteropterys macradena"
Equisetopsida,Alismatales,Araceae,"Heteropsis steyermarkii"
Equisetopsida,Alismatales,Araceae,"Heteropsis linearis"
Equisetopsida,Fabales,Fabaceae,"Ormosia arborea"
Equisetopsida,Zingiberales,Heliconiaceae,"Heliconia timothei"
Equisetopsida,Zingiberales,Heliconiaceae,"Heliconia tenebrosa"
Equisetopsida,Zingiberales,Heliconiaceae,"Heliconia lourteigiae"
Equisetopsida,Ranunculales,Menispermaceae,"Orthomene hirsuta"
Equisetopsida,Malpighiales,Clusiaceae,"Havetiopsis flexilis"
Equisetopsida,Malpighiales,Calophyllaceae,"Haploclathra paniculata"
Equisetopsida,Lamiales,Bignoniaceae,"Handroanthus obscurus"
Equisetopsida,Malpighiales,Ochnaceae,"Ouratea orbignyana"
Equisetopsida,Magnoliales,Annonaceae,"Oxandra leucodermis"
Equisetopsida,Dioscoreales,Burmanniaceae,"Gymnosiphon minutus"
Equisetopsida,Dioscoreales,Burmanniaceae,"Gymnosiphon divaricatus"
Equisetopsida,Dioscoreales,Burmanniaceae,"Gymnosiphon cymosus"
Equisetopsida,Cucurbitales,Cucurbitaceae,"Gurania spinulosa"
Equisetopsida,Cucurbitales,Cucurbitaceae,"Gurania rufipila"
Equisetopsida,Malvales,Malvaceae,"Pachira brevipes"
Equisetopsida,Magnoliales,Annonaceae,"Guatteria ruboides"
Equisetopsida,Magnoliales,Annonaceae,"Guatteria peruviana"
Equisetopsida,Magnoliales,Annonaceae,"Guatteria flabellata"
Equisetopsida,Sapindales,Meliaceae,"Guarea macrobotrys"
Equisetopsida,Sapindales,Meliaceae,"Guarea convergens"
Equisetopsida,Poales,Poaceae,"Guadua glomerata"
Equisetopsida,Gentianales,Rubiaceae,"Pagamea coriacea"
Equisetopsida,Gentianales,Rubiaceae,"Palicourea affinis"
Equisetopsida,Gentianales,Rubiaceae,"Palicourea charianthema"
Equisetopsida,Zingiberales,Marantaceae,"Goeppertia laetevirens"
Equisetopsida,Zingiberales,Marantaceae,"Goeppertia caquetensis"
Equisetopsida,Gentianales,Rubiaceae,"Palicourea huampamiensis"
Equisetopsida,Malpighiales,Violaceae,"Gloeospermum longifolium"
Equisetopsida,Gentianales,Rubiaceae,"Palicourea lachnantha"
Equisetopsida,Fabales,Fabaceae,"Affonsea gereauana"
Equisetopsida,Gentianales,Rubiaceae,"Palicourea ownbeyi"
Equisetopsida,Fabales,Fabaceae,"Abarema adenophora"
Equisetopsida,Gentianales,Rubiaceae,"Palicourea spicata"
Equisetopsida,Gentianales,Rubiaceae,"Geophila orbicularis var. orbicularis"
Equisetopsida,Poales,Poaceae,"Panicum pilosum"
Equisetopsida,Malpighiales,Euphorbiaceae,"Gavarretia terminalis"
Equisetopsida,Lamiales,Bignoniaceae,"Paragonia pyramidata"
Equisetopsida,Poales,Poaceae,"Pariana radiciflora"
Equisetopsida,Poales,Poaceae,"Pariana velutina"
Equisetopsida,Lamiales,Bignoniaceae,"Fridericia japurensis"
Equisetopsida,Poales,Poaceae,"Paspalum decumbens"
Equisetopsida,Rosales,Moraceae,"Ficus krukovii"
Equisetopsida,Gentianales,Rubiaceae,"Ferdinandusa uaupensis"
Equisetopsida,Gentianales,Rubiaceae,"Faramea rectinervia"
Equisetopsida,Gentianales,Rubiaceae,"Faramea juruana"
Equisetopsida,Sapindales,Sapindaceae,"Paullinia curvicuspis"
Equisetopsida,Sapindales,Sapindaceae,"Paullinia enneaphylla"
Equisetopsida,Sapindales,Sapindaceae,"Paullinia faginea"
Equisetopsida,Sapindales,Sapindaceae,"Paullinia latifolia"
Equisetopsida,Sapindales,Sapindaceae,"Paullinia trilatera"
Equisetopsida,Malpighiales,Euphorbiaceae,"Pausandra martinii"
Equisetopsida,Fabales,Fabaceae,"Pentaclethra macroloba"
Equisetopsida,Piperales,Piperaceae,"Peperomia hispidula"
Equisetopsida,Piperales,Piperaceae,"Peperomia mishuyacana"
Equisetopsida,Gentianales,Rubiaceae,"Eumachia astrellantha"
Equisetopsida,Piperales,Piperaceae,"Peperomia pilicaulis"
Equisetopsida,Myrtales,Myrtaceae,"Eugenia multirimosa"
Equisetopsida,Myrtales,Myrtaceae,"Eugenia macrocalyx"
Equisetopsida,Myrtales,Myrtaceae,"Eugenia gomesiana"
Equisetopsida,Myrtales,Myrtaceae,"Eugenia chrysophyllum"
Equisetopsida,Poales,Bromeliaceae,"Pepinia sprucei"
Equisetopsida,Malpighiales,Peraceae,"Pera citriodora"
Equisetopsida,Rosales,Moraceae,"Perebea glabrifolia"
Equisetopsida,Rosales,Moraceae,"Perebea rubra"
Equisetopsida,Celastrales,Celastraceae,"Peritassa laevigata"
Equisetopsida,Ericales,Lecythidaceae,"Eschweilera rufifolia"
Equisetopsida,Ericales,Lecythidaceae,"Eschweilera micrantha"
Equisetopsida,Ericales,Lecythidaceae,"Eschweilera chartaceifolia"
Equisetopsida,Lamiales,Verbenaceae,"Petrea blanchetiana"
Equisetopsida,Myrtales,Vochysiaceae,"Erisma laurifolium"
Equisetopsida,Myrtales,Vochysiaceae,"Erisma calcaratum"
Equisetopsida,Fabales,Fabaceae,"Entada polyphylla"
Equisetopsida,Alismatales,Araceae,"Philodendron elaphoglossoides"
Equisetopsida,Laurales,Lauraceae,"Endlicheria mishuyacensis"
Equisetopsida,Laurales,Lauraceae,"Endlicheria griseo-sericea"
Equisetopsida,Alismatales,Araceae,"Philodendron insigne"
Equisetopsida,Metteniusales,Metteniusaceae,"Emmotum acuminatum"
Equisetopsida,Alismatales,Araceae,"Philodendron panduriforme var. panduriforme"
Equisetopsida,Alismatales,Araceae,"Philodendron rimachii"
Equisetopsida,Alismatales,Araceae,"Philodendron venustum"
Equisetopsida,Gentianales,Rubiaceae,"Stachyarrhena spicata"
Equisetopsida,Santalales,Viscaceae,"Phoradendron loretoi"
Equisetopsida,Santalales,Santalaceae,"Phoradendron obtusissimum"
Equisetopsida,Malvales,Malvaceae,"Phragmotheca mammosa"
Equisetopsida,Alismatales,Alismataceae,"Echinodorus horizontalis"
Equisetopsida,Ericales,Sapotaceae,"Ecclinusa bullata"
Equisetopsida,Santalales,Loranthaceae,"Phthirusa stelis"
Equisetopsida,Malpighiales,Phyllanthaceae,"Phyllanthus attenuatus subsp. incarum"
Equisetopsida,Malpighiales,Phyllanthaceae,"Phyllanthus niruri"
Equisetopsida,Gentianales,Rubiaceae,"Duroia hispida"
Equisetopsida,Santalales,Olacaceae,"Dulacia inopiflora"
Equisetopsida,Santalales,Olacaceae,"Dulacia candida"
Equisetopsida,Magnoliales,Annonaceae,"Duguetia trunciflora"
Equisetopsida,Magnoliales,Annonaceae,"Duguetia cauliflora"
Equisetopsida,Lamiales,Gesneriaceae,"Drymonia anisophylla"
Equisetopsida,Dilleniales,Dilleniaceae,"Doliocarpus novogranatensis"
Equisetopsida,Sapindales,Simaroubaceae,"Picrolemma sprucei"
Equisetopsida,Lamiales,Bignoniaceae,"Distictella racemosa var. translucida"
Equisetopsida,Lamiales,Bignoniaceae,"Distictella racemosa var. racemosa"
Equisetopsida,Lamiales,Bignoniaceae,"Distictella magnoliifolia"
Equisetopsida,Ranunculales,Menispermaceae,"Disciphania lobata"
Equisetopsida,Ranunculales,Menispermaceae,"Disciphania killipii"
Equisetopsida,Malpighiales,Malpighiaceae,"Diplopterys cabrerana"
Equisetopsida,Ericales,Ebenaceae,"Diospyros tessmannii"
Equisetopsida,Ericales,Ebenaceae,"Diospyros pseudoxylopia"
Equisetopsida,Ericales,Ebenaceae,"Diospyros myrmecocarpa"
Equisetopsida,Ericales,Ebenaceae,"Diospyros egleri"
Equisetopsida,Dioscoreales,Dioscoreaceae,"Dioscorea riparia"
Equisetopsida,Dioscoreales,Dioscoreaceae,"Dioscorea nicolasensis"
Equisetopsida,Dioscoreales,Dioscoreaceae,"Dioscorea macbridean"
Equisetopsida,Dioscoreales,Dioscoreaceae,"Dioscorea amaranthoides"
Equisetopsida,Fabales,Fabaceae,"Dimorphandra macrostachya"
Equisetopsida,Malpighiales,Passifloraceae,"Dilkea tillettii"
Equisetopsida,Malpighiales,Passifloraceae,"Dilkea parviflora"
Equisetopsida,Malpighiales,Passifloraceae,"Dilkea ovalis"
Equisetopsida,Fabales,Fabaceae,"Dicymbe uaiparuensis"
Equisetopsida,Fabales,Fabaceae,"Dicymbe stipitata"
Equisetopsida,Solanales,Convolvulaceae,"Dicranostyles scandens"
Equisetopsida,Magnoliales,Annonaceae,"Diclinanona calycina"
Equisetopsida,Piperales,Piperaceae,"Piper lagenaebaccum"
Equisetopsida,Piperales,Piperaceae,"Piper pseudoarboreum"
Equisetopsida,Piperales,Piperaceae,"Piper stellipilum"
Equisetopsida,Lamiales,Bignoniaceae,"Adenocalymma schomburgkii"
Equisetopsida,Fabales,Fabaceae,"Deguelia scandens"
Equisetopsida,Poales,Poaceae,"Piresia sympodica"
Equisetopsida,Fabales,Fabaceae,"Dalbergia riparia"
Equisetopsida,Fabales,Fabaceae,"Dalbergia inundata"
Equisetopsida,Sapindales,Burseraceae,"Dacryodes chimantensis"
Equisetopsida,Fabales,Fabaceae,"Cynometra spruceana"
Equisetopsida,Fabales,Fabaceae,"Cynometra martiana"
Equisetopsida,Magnoliales,Annonaceae,"Cymbopetalum alkekengi"
Equisetopsida,Ericales,Primulaceae,"Cybianthus spichigeri"
Equisetopsida,Ericales,Primulaceae,"Cybianthus nestorii"
Equisetopsida,Cyatheales,Cyatheaceae,"Cyathea bradei"
Equisetopsida,Laurales,Lauraceae,"Pleurothyrium brochidodromum"
Equisetopsida,Santalales,Olacaceae,"Curupira tefeensis"
Equisetopsida,Laurales,Lauraceae,"Pleurothyrium panurense"
Equisetopsida,Sapindales,Sapindaceae,"Cupania hispida"
Equisetopsida,Sapindales,Sapindaceae,"Cupania hirsuta"
Equisetopsida,Sapindales,Sapindaceae,"Cupania diphylla"
Equisetopsida,Malpighiales,Picrodendraceae,"Podocalyx loranthoides"
Equisetopsida,Malpighiales,Euphorbiaceae,"Croton smithianus"
Equisetopsida,Gentianales,Rubiaceae,"Coussarea spiciformis"
Equisetopsida,Gentianales,Rubiaceae,"Coussarea klugii"
Equisetopsida,Rosales,Urticaceae,"Coussapoa orthoneura"
Equisetopsida,Malpighiales,Chrysobalanaceae,"Couepia racemosa"
Equisetopsida,Malpighiales,Chrysobalanaceae,"Couepia parillo"
Equisetopsida,Malpighiales,Chrysobalanaceae,"Couepia macrophylla"
Equisetopsida,Malpighiales,Chrysobalanaceae,"Couepia guianensis"
Equisetopsida,Malpighiales,Chrysobalanaceae,"Couepia dolichopoda"
Equisetopsida,Gentianales,Rubiaceae,"Cordiera myrciifolia"
Equisetopsida,Malvales,Malvaceae,"Corchorus orinocensis"
Equisetopsida,Rosales,Urticaceae,"Pourouma ferruginea"
Equisetopsida,Rosales,Urticaceae,"Pourouma mollis subsp. triloba"
Equisetopsida,Oxalidales,Connaraceae,"Connarus fasciculatus"
Equisetopsida,Ericales,Sapotaceae,"Pouteria filipes"
Equisetopsida,Ericales,Sapotaceae,"Pouteria krukovii"
Equisetopsida,Ericales,Sapotaceae,"Pouteria lucumifolia"
Equisetopsida,Malpighiales,Euphorbiaceae,"Conceveiba maynasensis"
Equisetopsida,Ericales,Sapotaceae,"Pouteria putamen-ovi"
Equisetopsida,Ericales,Sapotaceae,"Pouteria rostrata"
Equisetopsida,Ericales,Sapotaceae,"Pouteria subrotata"
Equisetopsida,Myrtales,Combretaceae,"Combretum laurifolium"
Equisetopsida,Ericales,Sapotaceae,"Pouteria venosa"
Equisetopsida,Ericales,Sapotaceae,"Pradosia cochlearia"
Equisetopsida,Gentianales,Apocynaceae,"Prestonia vana"
Equisetopsida,Caryophyllales,Polygonaceae,"Coccoloba marginata"
Equisetopsida,Malpighiales,Clusiaceae,"Clusia rubrifructa"
Equisetopsida,Malpighiales,Clusiaceae,"Clusia microstemon"
Equisetopsida,Malpighiales,Clusiaceae,"Clusia leprantha"
Equisetopsida,Malpighiales,Clusiaceae,"Clusia laxiflora"
Equisetopsida,Myrtales,Melastomataceae,"Clidemia pustulata"
Equisetopsida,Myrtales,Melastomataceae,"Clidemia hirta"
Equisetopsida,Myrtales,Melastomataceae,"Clidemia capitellata"
Equisetopsida,Sapindales,Burseraceae,"Protium fimbriatum"
Equisetopsida,Myrtales,Melastomataceae,"Adelobotrys intonsus"
Equisetopsida,Sapindales,Burseraceae,"Protium macrophyllum"
Equisetopsida,Vitales,Vitaceae,"Cissus descoingsii"
Equisetopsida,Vitales,Vitaceae,"Cissus acreensis"
Equisetopsida,Ranunculales,Menispermaceae,"Cissampelos tropaeolifolia"
Equisetopsida,Rosales,Rosaceae,"Prunus rotunda"
Equisetopsida,Asterales,Asteraceae,"Pseudelephantopus spiralis"
Equisetopsida,Oxalidales,Connaraceae,"Pseudoconnarus agelaeoides"
Equisetopsida,Ericales,Sapotaceae,"Chrysophyllum peruvianum"
Equisetopsida,Ericales,Sapotaceae,"Chrysophyllum bombycinum"
Equisetopsida,Myrtales,Myrtaceae,"Psidium densicomum"
Equisetopsida,Santalales,Loranthaceae,"Psittacanthus clusiifolius"
Equisetopsida,Santalales,Loranthaceae,"Psittacanthus corynocephalus"
Equisetopsida,Santalales,Loranthaceae,"Psittacanthus lamprophyllus"
Equisetopsida,Santalales,Loranthaceae,"Psittacanthus peculiaris"
Equisetopsida,Gentianales,Rubiaceae,"Psychotria capitata"
Equisetopsida,Gentianales,Rubiaceae,"Psychotria cincta"
Equisetopsida,Gentianales,Rubiaceae,"Psychotria deflexa"
Equisetopsida,Gentianales,Rubiaceae,"Psychotria erecta"
Equisetopsida,Gentianales,Rubiaceae,"Psychotria humboldtiana"
Equisetopsida,Gentianales,Rubiaceae,"Psychotria iodotricha"
Equisetopsida,Gentianales,Rubiaceae,"Chimarrhis gentryana"
Equisetopsida,Gentianales,Rubiaceae,"Psychotria longicuspis"
Equisetopsida,Gentianales,Rubiaceae,"Psychotria medusula"
Equisetopsida,Gentianales,Rubiaceae,"Psychotria peruviana"
Equisetopsida,Gentianales,Rubiaceae,"Psychotria racemosa"
Equisetopsida,Gentianales,Rubiaceae,"Psychotria rosea"
Equisetopsida,Gentianales,Rubiaceae,"Psychotria stipulosa"
Equisetopsida,Celastrales,Celastraceae,"Cheiloclinium obtusum"
Equisetopsida,Gentianales,Rubiaceae,"Psychotria trichocephala"
Equisetopsida,Gentianales,Rubiaceae,"Psychotria williamsii"
Equisetopsida,Fabales,Fabaceae,"Pueraria phaseoloides"
Equisetopsida,Solanales,Solanaceae,"Cestrum laevifolium"
Equisetopsida,Rosales,Urticaceae,"Cecropia gabrielis"
Equisetopsida,Myrtales,Melastomataceae,"Aciotis polystachya"
Equisetopsida,Malpighiales,Chrysobalanaceae,"Acioa dolichopoda"
Equisetopsida,Malpighiales,Ochnaceae,"Quiina macrophylla"
Equisetopsida,Malpighiales,Salicaceae,"Casearia javitensis"
Equisetopsida,Malpighiales,Salicaceae,"Casearia combaymensis"
Equisetopsida,Sapindales,Rutaceae,"Raputia heptaphylla"
Equisetopsida,Sapindales,Rutaceae,"Raputia megalantha"
Equisetopsida,Sapindales,Meliaceae,"Carapa procera"
Equisetopsida,Sapindales,Meliaceae,"Carapa guianensis"
Equisetopsida,Malpighiales,Calophyllaceae,"Caraipa utilis"
Equisetopsida,Malpighiales,Calophyllaceae,"Caraipa tereticaulis"
Equisetopsida,Malpighiales,Calophyllaceae,"Caraipa davilae"
Equisetopsida,Gentianales,Rubiaceae,"Remijia ulei"
Equisetopsida,Zingiberales,Zingiberaceae,"Renealmia floribunda"
Equisetopsida,Gentianales,Rubiaceae,"Retiniphyllum martianum"
Equisetopsida,Rosales,Rhamnaceae,"Rhamnidium elaeocarpum"
Equisetopsida,Dioscoreales,Burmanniaceae,"Campylosiphon purpurascens"
Equisetopsida,Myrtales,Myrtaceae,"Calyptranthes pulchella"
Equisetopsida,Myrtales,Myrtaceae,"Calyptranthes macrophylla"
Equisetopsida,Myrtales,Myrtaceae,"Calyptranthes glandulosa"
Equisetopsida,Myrtales,Myrtaceae,"Calyptranthes cuspidata"
Equisetopsida,Malpighiales,Violaceae,"Rinorea sprucei"
Equisetopsida,Magnoliales,Annonaceae,"Rollinia pittieri"
Equisetopsida,Malpighiales,Linaceae,"Roucheria punctata"
Equisetopsida,Malpighiales,Linaceae,"Roucheria schomburgkii"
Equisetopsida,Zingiberales,Marantaceae,"Calathea gentryi"
Equisetopsida,Zingiberales,Marantaceae,"Calathea altissima"
Equisetopsida,Gentianales,Rubiaceae,"Rudgea cryptantha"
Equisetopsida,Lamiales,Acanthaceae,"Ruellia terminalis"
Equisetopsida,Malpighiales,Malpighiaceae,"Byrsonima stipulacea"
Equisetopsida,Malpighiales,Malpighiaceae,"Byrsonima cowanii"
Equisetopsida,Alismatales,Araceae,"Stenospermation steyermarkii"
Equisetopsida,Malpighiales,Malpighiaceae,"Burdachia prismatocarpa var. loretoensis"
Equisetopsida,Myrtales,Combretaceae,"Buchenavia grandis"
Equisetopsida,Malpighiales,Humiriaceae,"Sacoglottis ceratocarpa"
Equisetopsida,Malpighiales,Humiriaceae,"Sacoglottis guianensis"
Equisetopsida,Celastrales,Celastraceae,"Salacia cauliflora"
Equisetopsida,Polypodiales,Blechnaceae,"Salpichlaena hookeriana"
Equisetopsida,Gentianales,Rubiaceae,"Bothriospora corymbosa"
Equisetopsida,Magnoliales,Annonaceae,"Bocageopsis mattogrossensis"
Equisetopsida,Poales,Cyperaceae,"Bisboeckelera irrigua"
Equisetopsida,Oxalidales,Oxalidaceae,"Biophytum somnians"
Equisetopsida,Poales,Bromeliaceae,"Billbergia formosa"
Equisetopsida,Poales,Cyperaceae,"Becquerelia cymosa"
Equisetopsida,Lamiales,Schlegeliaceae,"Schlegelia cauliflora"
Equisetopsida,Lamiales,Schlegeliaceae,"Schlegelia roseiflora"
Equisetopsida,Malpighiales,Malpighiaceae,"Banisteriopsis woytkowskii"
Equisetopsida,Malpighiales,Malpighiaceae,"Banisteriopsis elegans"
Equisetopsida,Ranunculales,Menispermaceae,"Sciadotenia mathiasiana"
Equisetopsida,Poales,Cyperaceae,"Scleria flagellum-nigrorum"
Equisetopsida,Poales,Cyperaceae,"Scleria foliosa"
Equisetopsida,Poales,Poaceae,"Axonopus compressus"
Equisetopsida,Fabales,Polygalaceae,"Securidaca longifolia"
Equisetopsida,Fabales,Polygalaceae,"Securidaca rivinifolia"
Equisetopsida,Malpighiales,Euphorbiaceae,"Senefeldera inclinata"
Equisetopsida,Pandanales,Cyclanthaceae,"Asplundia vaupesiana"
Equisetopsida,Sapindales,Sapindaceae,"Serjania deltoidea"
Equisetopsida,Sapindales,Sapindaceae,"Serjania grandifolia"
Equisetopsida,Gentianales,Apocynaceae,"Aspidosperma pichonianum"
Equisetopsida,Gentianales,Apocynaceae,"Aspidosperma cruentum"
Equisetopsida,Laurales,Lauraceae,"Sextonia pubescens"
Equisetopsida,Piperales,Aristolochiaceae,"Aristolochia silvatica"
Equisetopsida,Piperales,Aristolochiaceae,"Aristolochia iquitensis"
Equisetopsida,Malvales,Malvaceae,"Sida glomerata"
Equisetopsida,Asparagales,Orchidaceae,"Sigmatostalix amazonica"
Equisetopsida,Sapindales,Simaroubaceae,"Simaba multiflora"
Equisetopsida,Laurales,Siparunaceae,"Siparuna micrantha"
Equisetopsida,Ranunculales,Menispermaceae,"Abuta panurensis"
Equisetopsida,Malvales,Malvaceae,"Sterculia killipiana"
Equisetopsida,Alismatales,Araceae,"Anthurium loretense"
Equisetopsida,Ranunculales,Menispermaceae,"Abuta obovata"
Equisetopsida,Oxalidales,Elaeocarpaceae,"Sloanea longiaristata"
Equisetopsida,Oxalidales,Elaeocarpaceae,"Sloanea parvifructa"
Equisetopsida,Oxalidales,Elaeocarpaceae,"Sloanea spathulata"
Equisetopsida,Ranunculales,Menispermaceae,"Anomospermum solimoesanum"
Equisetopsida,Malpighiales,Euphorbiaceae,"Anomalocalyx uleanus"
Equisetopsida,Magnoliales,Annonaceae,"Annona poeppigii"
Equisetopsida,Magnoliales,Annonaceae,"Annona jucunda"
Equisetopsida,Magnoliales,Annonaceae,"Annona impressivenia"
Equisetopsida,Cucurbitales,Anisophylleaceae,"Anisophyllea guianensis"
Equisetopsida,Laurales,Lauraceae,"Aniba riparia"
Equisetopsida,Laurales,Lauraceae,"Aniba cylindriflora"
Equisetopsida,Magnoliales,Annonaceae,"Anaxagorea manausensis"
Equisetopsida,Laurales,Lauraceae,"Anaueria brasiliensis"
Equisetopsida,Lamiales,Bignoniaceae,"Amphilophium pulverulentum"
Equisetopsida,Solanales,Solanaceae,"Solanum sessiliflorum"
Equisetopsida,Rosales,Moraceae,"Sorocea hirtella subsp. hirtella"
Equisetopsida,Fabales,Fabaceae,"Abarema microcalyx"
Equisetopsida,Ericales,Marcgraviaceae,"Souroubea dasystachya"
Equisetopsida,Sapindales,Rutaceae,"Spathelia terminalioides"
Equisetopsida,Cyatheales,Cyatheaceae,"Sphaeropteris bradei"
Equisetopsida,Asterales,Asteraceae,"Sphagneticola trilobata"
Equisetopsida,Gentianales,Rubiaceae,"Alibertia hispida"
Equisetopsida,Malpighiales,Euphorbiaceae,"Alchornea schomburgkii"
Equisetopsida,Ericales,Sapotaceae,"Micropholis acutangula"
Equisetopsida,Ericales,Sapotaceae,"Micropholis brochidodroma"
Equisetopsida,Ericales,Sapotaceae,"Micropholis casiquiarensis"
Equisetopsida,Ericales,Sapotaceae,"Micropholis obscura"
Equisetopsida,Ericales,Sapotaceae,"Micropholis trunciflora"
Equisetopsida,Myrtales,Melastomataceae,"Miconia traillii"
Equisetopsida,Asterales,Asteraceae,"Mikania shushunensis"
Equisetopsida,Myrtales,Melastomataceae,"Miconia radulifolia"
Equisetopsida,Fabales,Fabaceae,"Mimosa annularis var. xinguensis"
Equisetopsida,Myrtales,Melastomataceae,"Miconia heteroclita"
Equisetopsida,Myrtales,Melastomataceae,"Miconia filamentosa"
Equisetopsida,Myrtales,Melastomataceae,"Miconia epibaterium"
Equisetopsida,Myrtales,Melastomataceae,"Miconia amnicola"
Equisetopsida,Laurales,Lauraceae,"Mezilaurus triunca"
Equisetopsida,Laurales,Lauraceae,"Mezilaurus opaca"
Equisetopsida,Metteniusales,Metteniusaceae,"Metteniusa tessmanniana"
Equisetopsida,Cyatheales,Metaxyaceae,"Metaxya parkeri"
Equisetopsida,Gentianales,Apocynaceae,"Metalepis albiflora"
Equisetopsida,Lamiales,Acanthaceae,"Mendoncia tarapotana"
Equisetopsida,Cucurbitales,Cucurbitaceae,"Melothria sphaerocarpa"
Equisetopsida,Ericales,Styracaceae,"Styrax pohlii"
Equisetopsida,Ericales,Styracaceae,"Styrax tessmannii"
Equisetopsida,Malpighiales,Clusiaceae,"Trattinnickia peruviana"
Equisetopsida,Sapindales,Meliaceae,"Trichilia euneura"
Equisetopsida,Sapindales,Meliaceae,"Trichilia hispida"
Equisetopsida,Hymenophyllales,Hymenophyllaceae,"Trichomanes bicorne"
Equisetopsida,Hymenophyllales,Hymenophyllaceae,"Trichomanes hostmannianum"
Equisetopsida,Hymenophyllales,Hymenophyllaceae,"Trichomanes pilosum"
Equisetopsida,Sapindales,Rutaceae,"Zanthoxylum weberbaueri"
Equisetopsida,Malpighiales,Trigoniaceae,"Trigonia sericea"
Equisetopsida,Magnoliales,Annonaceae,"Trigynaea lanceipetala"
Equisetopsida,Fabales,Fabaceae,"Stryphnodendron polystachyum"
Equisetopsida,Fabales,Fabaceae,"Swartzia benthamiana"
Equisetopsida,Fabales,Fabaceae,"Swartzia brachyrachis"
Equisetopsida,Fabales,Fabaceae,"Zygia guinetii"
Equisetopsida,Gentianales,Loganiaceae,"Strychnos rondeletioides"
Equisetopsida,Gentianales,Loganiaceae,"Strychnos panurensis"
Equisetopsida,Gentianales,Loganiaceae,"Strychnos guianensis"
Equisetopsida,Gentianales,Loganiaceae,"Strychnos froesii"
Equisetopsida,Fabales,Fabaceae,"Swartzia laevicarpa"
Equisetopsida,Fabales,Fabaceae,"Swartzia oraria"
Equisetopsida,Fabales,Fabaceae,"Swartzia pendula"
Equisetopsida,Fabales,Fabaceae,"Swartzia racemosa"
Equisetopsida,Fabales,Fabaceae,"Swartzia recurva"
Equisetopsida,Fabales,Fabaceae,"Swartzia rosea"
Equisetopsida,Fabales,Fabaceae,"Zygia divaricata"
Equisetopsida,Sapindales,Sapindaceae,"Talisia acutifolia"
Equisetopsida,Gentianales,Loganiaceae,"Strychnos darienensis"
Equisetopsida,Rosales,Urticaceae,"Urena lobata"
Equisetopsida,Gentianales,Loganiaceae,"Strychnos amazonica"
Equisetopsida,Magnoliales,Annonaceae,"Xylopia sericea"
Equisetopsida,Magnoliales,Annonaceae,"Xylopia nitida"
Equisetopsida,Magnoliales,Annonaceae,"Xylopia nervosa"
Equisetopsida,Magnoliales,Annonaceae,"Xylopia excellens"
Equisetopsida,Fabales,Fabaceae,"Swartzia tessmannii"
Equisetopsida,Lamiales,Linderniaceae,"Vandellia diffusa"
Equisetopsida,Sapindales,Sapindaceae,"Talisia clathrata"
Equisetopsida,Fabales,Fabaceae,"Vigna caracalla"
Equisetopsida,Malpighiales,Violaceae,"Viola stipularis"
Equisetopsida,Magnoliales,Myristicaceae,"Virola multicostata"
Equisetopsida,Malpighiales,Malpighiaceae,"Tetrapterys mucronata"
Equisetopsida,Magnoliales,Annonaceae,"Tetrameranthus pachycarpus"
Equisetopsida,Sapindales,Sapindaceae,"Talisia japurensis"
Equisetopsida,Magnoliales,Myristicaceae,"Virola theiodora"
Equisetopsida,Malpighiales,Hypericaceae,"Vismia confertiflora"
Equisetopsida,Malpighiales,Hypericaceae,"Vismia guianensis"
Equisetopsida,Malpighiales,Hypericaceae,"Vismia schultesii"
Equisetopsida,Myrtales,Vochysiaceae,"Vochysia densiflora"
Equisetopsida,Ericales,Theaceae,"Ternstroemia penduliflora"
Equisetopsida,Ericales,Pentaphylacaceae,"Ternstroemia klugiana"
Equisetopsida,Myrtales,Combretaceae,"Terminalia pulcherrima"
Equisetopsida,Magnoliales,Annonaceae,"Xylopia barbata"
Equisetopsida,Gentianales,Rubiaceae,"Warszewiczia elata"
Equisetopsida,Ranunculales,Menispermaceae,"Telitoxicum minutiflorum"
Equisetopsida,Ranunculales,Menispermaceae,"Telitoxicum krukovii"
Equisetopsida,Sapindales,Sapindaceae,"Talisia nervosa"
Equisetopsida,Sapindales,Sapindaceae,"Talisia obovata"
Equisetopsida,Fabales,Fabaceae,"Taralea oppositifolia"
Equisetopsida,Malpighiales,Dichapetalaceae,"Tapura julianii"
Equisetopsida,Sapindales,Anacardiaceae,"Tapirira peckoltiana"
Equisetopsida,Gentianales,Gentianaceae,"Tachia loretensis"
Equisetopsida,Fabales,Fabaceae,"Tachigali goeldiana"
Equisetopsida,Fabales,Fabaceae,"Tachigali melinonii"
Equisetopsida,Fabales,Fabaceae,"Tachigali ptychophysca"
Equisetopsida,Fabales,Fabaceae,"Tachigali rusbyi"
Equisetopsida,Fabales,Fabaceae,"Tachigali schultesiana"
Equisetopsida,Fabales,Fabaceae,"Tachigali tessmannii"
Equisetopsida,Fabales,Fabaceae,"Tachigali vasquezii"
Equisetopsida,Boraginales,Heliotropiaceae,"Tournefortia maculata"
Equisetopsida,Ericales,Styracaceae,"Styrax macrophyllus"
Equisetopsida,Malpighiales,Clusiaceae,"Tovomita carinata"
Equisetopsida,Malpighiales,Clusiaceae,"Tovomita speciosa"
Equisetopsida,Malpighiales,Clusiaceae,"Tovomita spruceana"
Equisetopsida,Malpighiales,Clusiaceae,"Tovomita stigmatosa"
Equisetopsida,Malpighiales,Clusiaceae,"Tovomita umbellata"
Equisetopsida,Lamiales,Verbenaceae,"Aegiphila trifida"
Equisetopsida,Sapindales,Burseraceae,"Dacryodes cuspidata"
Equisetopsida,Apiales,Araliaceae,"Dendropanax palustris"
Equisetopsida,Gentianales,Apocynaceae,"Lacmellea oblongata"
Equisetopsida,Gentianales,Rubiaceae,"Ladenbergia franciscana"
Equisetopsida,Lamiales,Gesneriaceae,"Codonanthopsis ulei"
Equisetopsida,Myrtales,Myrtaceae,"Myrcia caudata"
Equisetopsida,Malpighiales,Humiriaceae,"Humiriastrum cuspidatum"
Equisetopsida,Polypodiales,Lindsaeaceae,"Lindsaea schomburgkii"
Equisetopsida,Sapindales,Burseraceae,"Protium krukoffii"
Equisetopsida,Sapindales,Burseraceae,"Protium laxiflorum"
Equisetopsida,Malpighiales,Peraceae,"Pera decipiens"
Equisetopsida,Sapindales,Burseraceae,"Protium rubrum"
Equisetopsida,Sapindales,Burseraceae,"Protium strumosum"
Equisetopsida,Myrtales,Myrtaceae,"Myrcia plicata"
Equisetopsida,Myrtales,Myrtaceae,"Myrcia pulchella"
Equisetopsida,Malpighiales,Chrysobalanaceae,"Hymenopus latifolius"
Equisetopsida,Rosales,Moraceae,"Helicostylis turbinata"
Equisetopsida,Malpighiales,Chrysobalanaceae,"Hirtella duckei"
Equisetopsida,Malpighiales,Malpighiaceae,"Hiraea grandifolia"
Equisetopsida,Myrtales,Melastomataceae,"Miconia stenoptera"
Equisetopsida,Zingiberales,Marantaceae,"Calathea roseopicta"
Equisetopsida,Malpighiales,Euphorbiaceae,"Hieronyma alchorneoides"
Equisetopsida,Alismatales,Araceae,"Caladium smaragdinum"
Equisetopsida,Malpighiales,Euphorbiaceae,"Margaritaria nobilis"
Equisetopsida,Malpighiales,Clusiaceae,"Garcinia nervosa"
Equisetopsida,Polypodiales,Pteridaceae,"Antrophyum guayanense"
Equisetopsida,Malpighiales,Euphorbiaceae,"Drypetes gentryi"
Equisetopsida,Magnoliales,Annonaceae,"Mosannona raimondii"
Equisetopsida,Zingiberales,Marantaceae,"Goeppertia silvosa"
Equisetopsida,Dilleniales,Dilleniaceae,"Doliocarpus dentatus subsp. undulatus"
Equisetopsida,Picramniales,Picramniaceae,"Picramnia bullata"
Equisetopsida,Malvales,Malvaceae,"Ayenia fulva"
Equisetopsida,Magnoliales,Annonaceae,"Cymbopetalum abacophyllum"
Equisetopsida,Malvales,Malvaceae,"Patinoa sphaerocarpa"
Equisetopsida,Gentianales,Rubiaceae,"Platycarpum orinocense"
Equisetopsida,Sapindales,Meliaceae,"Trichilia obovata"
Equisetopsida,Sapindales,Sapindaceae,"Paullinia caloptera"
Equisetopsida,Fabales,Fabaceae,"Macrolobium ischnocalyx"
Equisetopsida,Sapindales,Sapindaceae,"Melicoccus novogranatensis"
Equisetopsida,Malpighiales,Ochnaceae,"Quiina tessmannii"
Equisetopsida,Lamiales,Bignoniaceae,"Cuspidaria bracteolata"
Equisetopsida,Alismatales,Araceae,"Philodendron rudgeanum"
Equisetopsida,Gentianales,Rubiaceae,"Coussarea albescens"
Equisetopsida,Boraginales,Boraginaceae,"Tiquilia ferreyrae"
Equisetopsida,Poales,Bromeliaceae,"Tillandsia latifolia var. Major"
Equisetopsida,Fabales,Fabaceae,"Weberbauerella brongniartioides"
Equisetopsida,Poales,Bromeliaceae,"Tillandsia landbeckii subsp. andina"
Equisetopsida,Fabales,Fabaceae,"Weberbauerella raimondiana"
Equisetopsida,Poales,Bromeliaceae,"Tillandsia marconae"
Equisetopsida,Poales,Bromeliaceae,"Tillandsia purpurea"
Equisetopsida,Asterales,Asteraceae,"Senecio calcicola"
Equisetopsida,Caryophyllales,Amaranthaceae,"Atriplex rotundifolia"
Equisetopsida,Fabales,Fabaceae,"Poissonia weberbaueri"
Equisetopsida,Boraginales,Heliotropiaceae,"Heliotropium krauseanum"
Equisetopsida,Fabales,Fabaceae,"Dalea leporina"
Equisetopsida,Poales,Poaceae,"Sporobolus virginicus"
Equisetopsida,Asterales,Asteraceae,"Onoseris humboldtiana"
Equisetopsida,Boraginales,Boraginaceae,"Cryptantha parviflora"
Equisetopsida,Brassicales,Brassicaceae,"Dictyophragmus englerianus"
Equisetopsida,Solanales,Solanaceae,"Nolana tovariana"
Equisetopsida,Solanales,Solanaceae,"Nolana thinophila"
Equisetopsida,Solanales,Solanaceae,"Nolana spathulata"
Equisetopsida,Solanales,Solanaceae,"Nolana pallida"
Equisetopsida,Lamiales,Bignoniaceae,"Argylia radiata"
Equisetopsida,Fabales,Fabaceae,"Adesmia muricata"
Equisetopsida,Poales,Cyperaceae,"Schoenoplectus americanus"
Equisetopsida,Poales,Poaceae,"Diplachne fusca subsp. Uninervia"
Equisetopsida,Malvales,Malvaceae,"Palaua tomentosa"
Equisetopsida,Malvales,Malvaceae,"Palaua sandemanii"
Equisetopsida,Caryophyllales,Portulacaceae,"Portulaca pilosissima"
Equisetopsida,Solanales,Solanaceae,"Leptoglossis lomana"
Equisetopsida,Lamiales,Ehretiaceae,"Tiquilia dichotoma"
Equisetopsida,Caryophyllales,Nyctaginaceae,"Boerhavia diffusa"
Equisetopsida,Brassicales,Bataceae,"Batis maritima"
Equisetopsida,Caryophyllales,Caryophyllaceae,"Drymaria paposana"
Equisetopsida,Caryophyllales,Aizoaceae,"Atriplex peruviana"
Equisetopsida,Solanales,Convolvulaceae,"Cuscuta foetida"
Equisetopsida,Myrtales,Combretaceae,"Conocarpus erectus"
Equisetopsida,Oxalidales,Oxalidaceae,"Oxalis latifolia"
Equisetopsida,Brassicales,Capparaceae,"Beautempsia avicenniifolia"
Equisetopsida,Cornales,Loasaceae,"Presliophytum incanum"
Equisetopsida,Asterales,Asteraceae,"Chromolaena odorata"
Equisetopsida,Dipsacales,Caprifoliaceae,"Valeriana variabilis"
Equisetopsida,Asterales,Asteraceae,"Taraxacum fernandezianum"
Equisetopsida,Dipsacales,Caprifoliaceae,"Valeriana micropterina"
Equisetopsida,Dipsacales,Caprifoliaceae,"Valeriana nigricans"
Equisetopsida,Dipsacales,Caprifoliaceae,"Valeriana radicata"
Equisetopsida,Dipsacales,Caprifoliaceae,"Valeriana renifolia"
Equisetopsida,Asterales,Asteraceae,"Tarasa urbaniana"
Equisetopsida,Asterales,Asteraceae,"Xenophyllum decorum"
Equisetopsida,Asparagales,Asparagaceae,"Trihesperus glaucus"
Equisetopsida,Asterales,Asteraceae,"Werneria pumila"
Equisetopsida,Asterales,Asteraceae,"Werneria pectinata"
Equisetopsida,Poales,Bromeliaceae,"Tillandsia capillaris"
Equisetopsida,Poales,Cyperaceae,"Uncinia macrolepis"
Equisetopsida,Lamiales,Plantaginaceae,"Veronica arvensis"
Equisetopsida,Brassicales,Brassicaceae,"Weberbauera trichocarpa"
Equisetopsida,Alismatales,Potamogetonaceae,"Stuckenia pectinata"
Equisetopsida,Saxifragales,Crassulaceae,"Villadia dielsii"
Equisetopsida,Malpighiales,Violaceae,"Viola kermesina"
Equisetopsida,Pertusariales,Icmadophilaceae,"Thamnolia vermicularis"
Equisetopsida,Ranunculales,Ranunculaceae,"Thalictrum peruvianum"
Equisetopsida,Ranunculales,Ranunculaceae,"Thalictrum decipiens"
Equisetopsida,Ranunculales,Ranunculaceae,"Clematis peruviana"
Equisetopsida,Piperales,Piperaceae,"Peperomia verruculosa"
Equisetopsida,Rosales,Rosaceae,"Lachemilla barbata"
Equisetopsida,Asparagales,Iridaceae,"Olsynium trinerve"
Equisetopsida,Asterales,Asteraceae,"Hieracium leptocephalium"
Equisetopsida,Brassicales,Capparaceae,"Andinocleome chilensis"
Equisetopsida,Fabales,Fabaceae,"Astragalus pickeringii"
Equisetopsida,Asterales,Asteraceae,"Rhysolepis lanceolata"
Equisetopsida,Polypodiales,Polypodiaceae,"Campyloneurum densifolium"
Equisetopsida,Caryophyllales,Caryophyllaceae,"Pycnophyllum mattfeldii"
Equisetopsida,Poales,Poaceae,"Calandrinia ciliata"
Equisetopsida,Asterales,Asteraceae,"Senecio yauyensis"
Equisetopsida,Asterales,Asteraceae,"Senecio violifolius"
Equisetopsida,Malvales,Malvaceae,"Nototriche aretioides"
Equisetopsida,Fabales,Fabaceae,"Lupinus pickeringii"
Equisetopsida,Lamiales,Calceolariaceae,"Calceolaria angustiflora"
Equisetopsida,Lamiales,Lamiaceae,"Salvia cuspidata"
Equisetopsida,Caryophyllales,Amaranthaceae,"Alternanthera eupatorioides"
Equisetopsida,Asterales,Asteraceae,"Senecio tovarii"
Equisetopsida,Lamiales,Orobanchaceae,"Neobartsia camporum"
Equisetopsida,Malpighiales,Euphorbiaceae,"Euphorbia laurifolia"
Equisetopsida,Caryophyllales,Caryophyllaceae,"Cerastium soratense"
Equisetopsida,Asterales,Asteraceae,"Baccharis sternbergiana"
Equisetopsida,Cornales,Loasaceae,"Nasa magnifica"
Equisetopsida,Poales,Poaceae,"Festuca compressifolia"
Equisetopsida,Lamiales,Calceolariaceae,"Calceolaria cuneiformis"
Equisetopsida,Saxifragales,Grossulariaceae,"Ribes peruvianum"
Equisetopsida,Asterales,Asteraceae,"Senecio soukupii"
Equisetopsida,Escalloniales,Escalloniaceae,"Euphorbia melanocarpa"
Equisetopsida,Lamiales,Verbenaceae,"Duranta dombeyana"
Equisetopsida,Caryophyllales,Caryophyllaceae,"Paronychia limaei"
Equisetopsida,Fabales,Fabaceae,"Lupinus breviscapus"
Equisetopsida,Solanales,Solanaceae,"Dunalia obovata"
Equisetopsida,Fabales,Fabaceae,"Lupinus mutabilis"
Equisetopsida,Asterales,Asteraceae,"Laennecia gnaphalioides"
Equisetopsida,Caryophyllales,Amaranthaceae,"Alternanthera calcicola"
Equisetopsida,Ranunculales,Ranunculaceae,"Krapfia haemantha"
Equisetopsida,Fabales,Fabaceae,"Lupinus chrysanthus"
Equisetopsida,Lamiales,Orobanchaceae,"Neobartsia aprica"
Equisetopsida,Lamiales,Calceolariaceae,"Calceolaria hispida"
Equisetopsida,Oxalidales,Oxalidaceae,"Oxalis nubigena"
Equisetopsida,Asterales,Asteraceae,"Senecio casapaltensis"
Equisetopsida,Piperales,Piperaceae,"Peperomia parvifolia"
Equisetopsida,Asterales,Asteraceae,"Oriastrum cochlearifolim"
Equisetopsida,Solanales,Solanaceae,"Cestrum peruvianum"
Equisetopsida,Escalloniales,Escalloniaceae,"Euphorbia peplus"
Equisetopsida,Lamiales,Lamiaceae,"Lamium amplexicaule"
Equisetopsida,Asterales,Asteraceae,"Chaetanthera cochlearifolia"
Equisetopsida,Brassicales,Brassicaceae,"Exhalimolobos arabioides"
Equisetopsida,Ophioglossales,Ophioglossaceae,"Ophioglossum nudicaule var. robustum"
Equisetopsida,Rosales,Rosaceae,"Aphanes andicola"
Equisetopsida,Boraginales,Boraginaceae,"Hackelia revoluta"
Equisetopsida,Asterales,Asteraceae,"Senecio calachaquensis"
Equisetopsida,Asterales,Asteraceae,"Senecio pyrenophilus"
Equisetopsida,Fabales,Polygalaceae,"Pteromonnina macrostachya"
Equisetopsida,Asterales,Asteraceae,"Senecio pflanzii"
Equisetopsida,Caryophyllales,Polygonaceae,"Pteromonnina herbacea"
Equisetopsida,Apiales,Apiaceae,"Bowlesia sodiroana"
Equisetopsida,Asterales,Asteraceae,"Senecio pensilis"
Equisetopsida,Brassicales,Brassicaceae,"Draba argentifolia"
Equisetopsida,Asterales,Asteraceae,"Jalcophila ecuadorensis"
Equisetopsida,Solanales,Solanaceae,"Jaltomata bicolor"
Equisetopsida,Brassicales,Brassicaceae,"Draba canoensis"
Equisetopsida,Lamiales,Calceolariaceae,"Calceolaria neglecta"
Equisetopsida,Brassicales,Brassicaceae,"Draba lapaziana"
Equisetopsida,Liliales,Alstroemeriaceae,"Bomarea longistyla"
Equisetopsida,Fabales,Fabaceae,"Lupinus cymboides"
Equisetopsida,Solanales,Solanaceae,"Solanum bukasovii"
Equisetopsida,Solanales,Solanaceae,"Fabiana fiebrigii"
Equisetopsida,Brassicales,Brassicaceae,"Draba soratensis"
Equisetopsida,Asterales,Asteraceae,"Senecio larahuinensis"
Equisetopsida,Asterales,Asteraceae,"Chaptalia rotundifolia"
Equisetopsida,Asterales,Asteraceae,"Cronquistianthus volkensii"
Equisetopsida,Lamiales,Calceolariaceae,"Calceolaria rupestris"
Equisetopsida,Lamiales,Calceolariaceae,"Calceolaria scabra"
Equisetopsida,Asterales,Asteraceae,"Oriastrum stuebelii"
Equisetopsida,Asterales,Asteraceae,"Senecio genisianus"
Equisetopsida,Asterales,Asteraceae,"Senecio gamolepis"
Equisetopsida,Poales,Poaceae,"Bromus flexuosus"
Equisetopsida,Asterales,Asteraceae,"Senecio flaccidifolius"
Equisetopsida,Polypodiales,Pteridaceae,"Cheilanthes scariosa"
Equisetopsida,Brassicales,Brassicaceae,"Polypsecadium effusum"
Equisetopsida,Oxalidales,Oxalidaceae,"Oxalis calachaccensis"
Equisetopsida,Caryophyllales,Amaranthaceae,"Chenopodium incisum"
Equisetopsida,Asterales,Asteraceae,"Loricaria thyrsoidea"
Equisetopsida,Saxifragales,Crassulaceae,"Crassula venezuelensis"
Equisetopsida,Asterales,Asteraceae,"Baccharis heterophylla"
Equisetopsida,Asterales,Asteraceae,"Senecio danai"
Equisetopsida,Asterales,Asteraceae,"Perezia pygmaea"
Equisetopsida,Lamiales,Orobanchaceae,"Neobartsia rigida"
Equisetopsida,Malpighiales,Clusiaceae,"Hypericum selenoides"
Equisetopsida,Asterales,Asteraceae,"Soliva sessilis"
Equisetopsida,Asparagales,Asparagaceae,"Agave americana"
Equisetopsida,Brassicales,Brassicaceae,"Aschersoniodoxa peruviana"
Equisetopsida,Poales,Poaceae,"Disakisperma dubium"
Equisetopsida,Lamiales,Plantaginaceae,"Plantago orbignyana"
Equisetopsida,Solanales,Solanaceae,"Solanum multiinterruptum"
Equisetopsida,Santalales,Schoepfiaceae,"Arjona pusilla"
Equisetopsida,Rosales,Rosaceae,"Polylepis flavipila"
Equisetopsida,Asterales,Asteraceae,"Aristiguietia discolor"
Equisetopsida,Lamiales,Plantaginaceae,"Plantago orbignyana subsp. pseudomollior"
Equisetopsida,Asterales,Asteraceae,"Aristeguietia gayana"
Equisetopsida,Caryophyllales,Caryophyllaceae,"Drymaria rotundifolia var. nitida"
Equisetopsida,Polypodiales,Aspleniaceae,"Asplenium gilliesii"
Equisetopsida,Lamiales,Orobanchaceae,"Bartsia inaequalis subsp. brachyantha"
Equisetopsida,Caryophyllales,Caryophyllaceae,"Paronychia chilensis"
Equisetopsida,Solanales,Solanaceae,"Nicotiana undulata"
Equisetopsida,Polypodiales,Aspleniaceae,"Asplenium stoloniferum"
Equisetopsida,Ranunculales,Ranunculaceae,"Ranunculus breviscapus"
Equisetopsida,Brassicales,Brassicaceae,"Englerocharis peruviana"
Equisetopsida,Asterales,Asteraceae,"Conyza sumatrensis"
Equisetopsida,Asterales,Asteraceae,"Conyza coronopifolia"
Equisetopsida,Ranunculales,Papaveraceae,"Argemone mexicana"
Equisetopsida,Solanales,Schoepfiaceae,"Quinchamalium procumbens"
Equisetopsida,Caryophyllales,Caryophyllaceae,"Arenaria digyna"
Equisetopsida,Caryophyllales,Caryophyllaceae,"Arenaria alpamarcae"
Equisetopsida,Poales,Poaceae,"Nassella meyeniana"
Equisetopsida,Asterales,Campanulaceae,"Lysipomia pumila"
Equisetopsida,Asterales,Asteraceae,"Conyza artemisioides"
Equisetopsida,Fabales,Fabaceae,"Lupinus tarapacensis"
Equisetopsida,Ranunculales,Berberidaceae,"Berberis flexuosa"
Equisetopsida,Gentianales,Gentianaceae,"Gentianella carneorubra"
Equisetopsida,Caryophyllales,Caryophyllaceae,"Stellaria weddellii"
Equisetopsida,Alismatales,Ruppiaceae,"Ruppia maritima"
Equisetopsida,Gentianales,Gentianaceae,"Halenia spatulata"
Equisetopsida,Poales,Poaceae,"Koeleria permollis"
Equisetopsida,Asterales,Asteraceae,"Gynoxys nitida"
Equisetopsida,Gentianales,Gentianaceae,"Gentianella eurysepala"
Equisetopsida,Cornales,Loasaceae,"Caiphora carduifolia"
Equisetopsida,Geraniales,Geraniaceae,"Geranium weddellii"
Equisetopsida,Malvales,Malvaceae,"Nototriche tovarii"
Equisetopsida,Geraniales,Geraniaceae,"Geranium ruizii"
Equisetopsida,Poales,Poaceae,"Poa kurtzii"
Equisetopsida,Poales,Poaceae,"Festuca hieronymi"
Equisetopsida,Geraniales,Geraniaceae,"Geranium diffusum"
Equisetopsida,Geraniales,Geraniaceae,"Geranium core-core"
Equisetopsida,Saxifragales,Crassulaceae,"Echeveria chiclensis"
Equisetopsida,Malpighiales,Linaceae,"Linum polygaloides"
Equisetopsida,Lamiales,Orobanchaceae,"Neobartsia integrifolia"
Equisetopsida,Asterales,Asteraceae,"Paranephelium ovatum"
Equisetopsida,Poales,Poaceae,"Poa linearifolia"
Equisetopsida,Lamiales,Lamiaceae,"Clinopodium revolutum"
Equisetopsida,Poales,Poaceae,"Calamagrostis preslii"
Equisetopsida,Liliales,Liliaceae,"Clinanthus humilis"
Equisetopsida,Poales,Poaceae,"Poa marshallii"
Equisetopsida,Lamiales,Scrophulariaceae,"Alonsoa acutifolia"
Equisetopsida,Asterales,Asteraceae,"Mniodes coarctata"
Equisetopsida,Asterales,Asteraceae,"Mniodes pickeringii"
Equisetopsida,Poales,Poaceae,"Muhlenbergia rigida"
Equisetopsida,Malvales,Malvaceae,"Nototriche condensata"
Equisetopsida,Caryophyllales,Amaranthaceae,"Alternanthera caracasana"
Equisetopsida,Caryophyllales,Amaranthaceae,"Alternanthera arequipensis"
Equisetopsida,Ericales,Polemoniaceae,"Microsteris gracilis"
Equisetopsida,Brassicales,Caricaceae,"Carica augusti"
Equisetopsida,Ranunculales,Ranunculaceae,"Ranunculus repens"
Equisetopsida,Lamiales,Verbenaceae,"Aloysia spathulata"
Equisetopsida,Lamiales,Verbenaceae,"Aloysia citrodora"
Equisetopsida,Asterales,Asteraceae,"Lomanthus velardei"
Equisetopsida,Cornales,Loasaceae,"Mentzelia scabra subsp. Chilensis"
Equisetopsida,Caryophyllales,Caryophyllaceae,"Paronychia microphylla"
Equisetopsida,Lamiales,Lamiaceae,"Clinopodium brevicalyx"
Equisetopsida,Asparagales,Asphodelaceae,"Aloe vera"
Equisetopsida,Poales,Poaceae,"Cenchrus rupestris"
Equisetopsida,Fabales,Fabaceae,"Hoffmannseggia miranda"
Equisetopsida,Malvales,Malvaceae,"Hoffmannseggia arequipensis"
Equisetopsida,Lamiales,Calceolariaceae,"Claceolaria plectranthifolia"
Equisetopsida,Caryophyllales,Caryophyllaceae,"Cerastium fontanum subsp. Vulgare"
Equisetopsida,Poales,Bromeliaceae,"Puya cylindrica"
Equisetopsida,Myrtales,Lythraceae,"Punica granatum"
Equisetopsida,Brassicales,Brassicaceae,"Sisymbrium altissimum"
Equisetopsida,Asterales,Asteraceae,"Proustia cuneifolia"
Equisetopsida,Poales,Poaceae,"Cinnagrostis rigescens"
Equisetopsida,Asterales,Asteraceae,"Chuquiraga spinosa subsp. rotundifolia"
Equisetopsida,Asterales,Asteraceae,"Chersodoma arequipensis"
Equisetopsida,Asterales,Asteraceae,"Matricaria recutita"
Equisetopsida,Escalloniales,Escalloniaceae,"Escallonia salicifolia"
Equisetopsida,Lamiales,Phrymaceae,"Erythranthe geyeri"
Equisetopsida,Myrtales,Onagraceae,"Oenothera sandiana"
Equisetopsida,Solanales,Convolvulaceae,"Ipomoea nationis"
Equisetopsida,Asterales,Asteraceae,"Erigeron primulifolius"
Equisetopsida,Apiales,Apiaceae,"Eremocharis hutchisonii"
Equisetopsida,Apiales,Apiaceae,"Eremocharis confinis"
Equisetopsida,Lamiales,Verbenaceae,"Mulguraea arequipensis"
Equisetopsida,Cucurbitales,Cucurbitaceae,"Apodanthera mandonii"
Equisetopsida,Malvales,Malvaceae,"Abutilon arequipense"
Equisetopsida,Malvales,Malvaceae,"Sida jatrophioides"
Equisetopsida,Ranunculales,Papaveraceae,"Argemone subfusiformis"
Equisetopsida,Poales,Poaceae,"Enneapogon desvauxii"
Equisetopsida,Ericales,Polemoniaceae,"Gilia lomensis"
Equisetopsida,Solanales,Solanaceae,"Solanum grandidentatum"
Equisetopsida,Apiales,Apiaceae,"Arracacia xanthorrhiza"
Equisetopsida,Asterales,Asteraceae,"Artemisia absinthium"
Equisetopsida,Poales,Poaceae,"Setaria cordobensis var. Limense"
Equisetopsida,Fabales,Fabaceae,"Senna versicolor"
Equisetopsida,Poales,Poaceae,"Festuca tectoria"
Equisetopsida,Poales,Poaceae,"Festuca floribunda"
Equisetopsida,Fabales,Fabaceae,"Astragalus ricchii"
Equisetopsida,Fabales,Fabaceae,"Astragalus weberbaueri"
Equisetopsida,Asterales,Asteraceae,"Senecio tovari"
Equisetopsida,Asterales,Asteraceae,"Senecio richii"
Equisetopsida,Asterales,Asteraceae,"Gochnatia arequipensis"
Equisetopsida,Asterales,Asteraceae,"Senecio melanolepis"
Equisetopsida,Asterales,Asteraceae,"Senecio geniculipes"
Equisetopsida,Asterales,Asteraceae,"Senecio chiquianensis"
Equisetopsida,Malpighiales,Passifloraceae,"Malesherbia tenuifolia"
Equisetopsida,Malpighiales,Passifloraceae,"Malesherbia arequipensis"
Equisetopsida,Malpighiales,Passifloraceae,"Malesherbia angustisecta"
Equisetopsida,Lamiales,Lamiaceae,"Melissa officinalis"
Equisetopsida,Malvales,Malvaceae,"Gaya weberbaueri"
Equisetopsida,Asterales,Asteraceae,"Jungia axillaris"
Equisetopsida,Fabales,Fabaceae,"Anadenanthera colubrina"
Equisetopsida,Asterales,Asteraceae,"Baccharis gnidiifolia"
Equisetopsida,Asterales,Asteraceae,"Baccharis kingii"
Equisetopsida,Asterales,Asteraceae,"Baccharis serrulata"
Equisetopsida,Solanales,Solanaceae,"Solanum acroscopicum"
Equisetopsida,Zygophyllales,Zygophyllaceae,"Kallstroemia maxima"
Equisetopsida,Geraniales,Francoaceae,"Balbisia meyeniana"
Equisetopsida,Lamiales,Orobanchaceae,"Bartsia crenoloba"
Equisetopsida,Solanales,Solanaceae,"Solanum pentlandii"
Equisetopsida,Solanales,Solanaceae,"Solanum phyllantum"
Equisetopsida,Poales,Poaceae,"Bothriochloa saccharoides"
Equisetopsida,Poales,Poaceae,"Bouteloua simplex"
Equisetopsida,Apiales,Apiaceae,"Bowlesia fiabilis"
Equisetopsida,Lamiales,Lamiaceae,"Salvia hapalophylla"
Equisetopsida,Lamiales,Lamiaceae,"Salvia haenkei"
Equisetopsida,Solanales,Solanaceae,"Datura stramonium"
Equisetopsida,Solanales,Solanaceae,"Salpichroa weberbaueri"
Equisetopsida,Solanales,Solanaceae,"Lycium distichum"
Equisetopsida,Asterales,Asteraceae,"Ambrosia tenuifolia"
Equisetopsida,Asterales,Asteraceae,"Ambrosia polystachya"
Equisetopsida,Poales,Cyperaceae,"Cyperus rigens"
Equisetopsida,Geraniales,Geraniaceae,"Pelargonium hibridum"
Equisetopsida,Caryophyllales,Polygonaceae,"Rumex frutescens"
Equisetopsida,Asterales,Asteraceae,"Culcitium serratifolium"
Equisetopsida,Asterales,Asteraceae,"Culcitium pflanzii"
Equisetopsida,Asterales,Asteraceae,"Culcitium herrerae"
Equisetopsida,Zygophyllales,Zygophyllaceae,"Larrea divaricata"
Equisetopsida,Lamiales,Calceolariaceae,"Calceoaria tripartita"
Equisetopsida,Lamiales,Calceolariaceae,"Calceolaria ajugoides"
Equisetopsida,Fabales,Fabaceae,"Lupinus paruroensis"
Equisetopsida,Lamiales,Calceolariaceae,"Calceolaria bicolor"
Equisetopsida,Lamiales,Calceolariaceae,"Calceolaria cuneiformes"
Equisetopsida,Lamiales,Calceolariaceae,"Calceolaria engleriana"
Equisetopsida,Lamiales,Lamiaceae,"Rosmarinus officinalis"
Equisetopsida,Lamiales,Calceolariaceae,"Calceolaria rhacodes"
Equisetopsida,Fabales,Fabaceae,"Lupinus munzianus"
Equisetopsida,Malvales,Malvaceae,"Fuertesimalva chilensis"
Equisetopsida,Caryophyllales,Amaranthaceae,"Amaranthus hybridus"
Equisetopsida,Fabales,Fabaceae,"Lupinus cuzcensis"
Equisetopsida,Cornales,Loasaceae,"Nasa chenopodiifolia"
Equisetopsida,Myrtales,Myrtaceae,"Luma chequen"
Equisetopsida,Lamiales,Lamiaceae,"Mentha × piperita"
Equisetopsida,Caryophyllales,Amaranthaceae,"Alternathera pungens"
Equisetopsida,Brassicales,Tropaeolaceae,"Tropaeolum majus"
Equisetopsida,Asterales,Asteraceae,"Viguiera pazensis"
Equisetopsida,Lamiales,Verbenaceae,"Verbena laciniata"
Equisetopsida,Caryophyllales,Talinaceae,"Talinum paniculatum"
Equisetopsida,Malvales,Malvaceae,"Tarasa marinii"
Equisetopsida,Lamiales,Ehretiaceae,"Tiquilia elongata"
Equisetopsida,Asterales,Asteraceae,"Stevia puberula"
Equisetopsida,Poales,Poaceae,"Stipa obtusa"
Equisetopsida,Rosales,Rosaceae,"Tetraglochin cristatum"
Equisetopsida,Asterales,Asteraceae,"Xanthium catharticum"
Equisetopsida,Boraginales,Namaceae,"Wigandia urens"
Equisetopsida,Asterales,Asteraceae,"Verbesina ampliatifolia"
Equisetopsida,Rosales,Urticaceae,"Urera acuminata"
Equisetopsida,Poales,Bromeliaceae,"Tillandsia cacticola"
Equisetopsida,Lamiales,Bignoniaceae,"Tecoma stans"
Equisetopsida,Fabales,Fabaceae,"Parkinsonia praecox"
Equisetopsida,Escalloniales,Escalloniaceae,"Escallonia micrantha"
Equisetopsida,Brassicales,Moringaceae,"Moringa oleifera"
Equisetopsida,Fabales,Fabaceae,"Chamaecrista repens"
Equisetopsida,Brassicales,Capparaceae,"Morisonia crotonoides"
Equisetopsida,Lamiales,Lamiaceae,"Mentha spicata"
Equisetopsida,Asterales,Asteraceae,"Ferreyranthus rugosus"
Equisetopsida,Caryophyllales,Nyctaginaceae,"Bougainvillea glabra"
Equisetopsida,Caryophyllales,Nyctaginaceae,"Bougainvillea pachyphylla"
Equisetopsida,Lamiales,Lamiaceae,"Salvia rosmarinus"
Equisetopsida,Apiales,Apiaceae,"Bupleurum salicifolium"
Equisetopsida,Malvales,Thymelaeaceae,"Daphnopsis weberbaueri"
Equisetopsida,Fabales,Fabaceae,"Senna bicapsularis"
Equisetopsida,Asterales,Asteraceae,"Ambrosia cumanensis"
Equisetopsida,Apiales,Apiaceae,"Pimpinella anisum"
Equisetopsida,Sapindales,Anacardiaceae,"Mangifera indica"
Equisetopsida,Cornales,Loasaceae,"Mentzelia scabra"
Equisetopsida,Gentianales,Apocynaceae,"Nerium oleander"
Equisetopsida,Piperales,Piperaceae,"Piper angustifolium"
Equisetopsida,Asterales,Asteraceae,"Arnica montana"
Equisetopsida,Solanales,Solanaceae,"Browallia acutiloba"
Equisetopsida,Asterales,Asteraceae,"Schizotrichia jelskii"
Equisetopsida,Rosales,Rosaceae,"Rubus pensilvanicus"
Equisetopsida,Asterales,Asteraceae,"Picrosia longifolia"
Equisetopsida,Lamiales,Lamiaceae,"Ocimum basilicum"
Equisetopsida,Asterales,Asteraceae,"Centaurea benedicta"
Equisetopsida,Lamiales,Lamiaceae,"Minthostachys spicata"
Equisetopsida,Brassicales,Caricaceae,"Carica papaya"
Equisetopsida,Cornales,Loasaceae,"Nasa angeldiazioides"
Equisetopsida,Ranunculales,Berberidaceae,"Berberis multiflora"
Equisetopsida,Fabales,Fabaceae,"Ceratonia siliqua"
Equisetopsida,Lamiales,Scrophulariaceae,"Buddleja americana"
Equisetopsida,Piperales,Piperaceae,"Peperomia dolabriformis"
Equisetopsida,Lamiales,Calceolariaceae,"Calceolaria rugulosa"
Equisetopsida,Ericales,Primulaceae,"Myrsine sessiliflora"
Equisetopsida,Poales,Poaceae,"Luziola peruviana"
Equisetopsida,Fagales,Casuarinaceae,"Casuarina equisetifolia"
Equisetopsida,Poales,Cyperaceae,"Cyperus laevigatus"
Equisetopsida,Poales,Cyperaceae,"Cladium mariscus subsp. Jamaicense"
Equisetopsida,Ceratophyllales,Ceratophyllaceae,"Ceratophyllum demersum"
Equisetopsida,Caryophyllales,Amaranthaceae,"Sarcocornia neei"
Equisetopsida,Alismatales,Hydrocharitaceae,"Hydrocharis laevigata"
Equisetopsida,Gentianales,Rubiaceae,"Colocasia esculenta"
Equisetopsida,Apiales,Araliaceae,"Hydrocotyle ranunculoides"
Equisetopsida,Apiales,Apiaceae,"Apium graveolens"
Equisetopsida,Poales,Cyperaceae,"Scirpus polyphyllus"
Equisetopsida,Commelinales,Pontederiaceae,"Pontederia azurea"
Equisetopsida,Poales,Cyperaceae,"Cyperus alternifolius"
Equisetopsida,Alismatales,Araceae,"Spirodela punctata"
Equisetopsida,Solanales,Convolvulaceae,"Calystegia sepium"
Equisetopsida,Asterales,Asteraceae,"Platanthera elegans"
Equisetopsida,Myrtales,Lythraceae,"Lythrum maritimum"
Equisetopsida,Lamiales,Lamiaceae,"Mentha aquatica"
Equisetopsida,Saxifragales,Haloragaceae,"Myriophyllum aquaticum"
Equisetopsida,Alismatales,Hydrocharitaceae,"Najas guadalupensis"
Equisetopsida,Alismatales,Potamogetonaceae,"Potamogeton pusillus"
Equisetopsida,Poales,Poaceae,"Polypogon viridis"
Equisetopsida,Asterales,Asteraceae,"Enydra sessilifolia"
Equisetopsida,Ericales,Primulaceae,"Myrsine manglillo"
Equisetopsida,Caryophyllales,Amaranthaceae,"Chenopodium macrospermum"
Equisetopsida,Ericales,Primulaceae,"Samolus valerandi"
Equisetopsida,Alismatales,Alismataceae,"Sagittaria montevidensis"
Equisetopsida,Alismatales,Juncaginaceae,"Triglochin striata"
Equisetopsida,Poales,Typhaceae,"Typha domingensis"
Equisetopsida,Alismatales,Araceae,"Wolffia columbiana"
Equisetopsida,Poales,Poaceae,"Urochloa mutica"
Equisetopsida,Alismatales,Potamogetonaceae,"Stuckenia striata"
Equisetopsida,Poales,Bromeliaceae,"Tillandsia sagasteguii"
Equisetopsida,Brassicales,Caricaceae,"Vasconcellea stipulata"
Equisetopsida,Polypodiales,Thelypteridaceae,"Thelypteris patens var. smithiana"
Equisetopsida,Polypodiales,Polypodiaceae,"Thelypteris laevigata"
Equisetopsida,Dipsacales,Viburnaceae,"Viburnum triphyllum"
Equisetopsida,Brassicales,Tropaeolaceae,"Tropaeolum fintelmannii var. Olmosense"
Equisetopsida,Malpighiales,Violaceae,"Viola scandens"
Equisetopsida,Lamiales,Bignoniaceae,"Tabebuia chrysantha subsp. Meridionalis"
Equisetopsida,Malpighiales,Malpighiaceae,"Tetrapterys dillonii"
Equisetopsida,Boraginales,Heliotropiaceae,"Tournefortia longifolia"
Equisetopsida,Poales,Bromeliaceae,"Tillandsia wurdackii"
Equisetopsida,Asterales,Asteraceae,"Trixis proustioides"
Equisetopsida,Poales,Bromeliaceae,"Vriesea cylindrica"
Equisetopsida,Malvales,Malvaceae,"Triumfetta bogotensis"
Equisetopsida,Malvales,Malvaceae,"Triumfetta althaeoides"
Equisetopsida,Dipsacales,Caprifoliaceae,"Valeriana agrimonifolia"
Equisetopsida,Poales,Bromeliaceae,"Tillandsia rauhii"
Equisetopsida,Poales,Bromeliaceae,"Tillandsia adpressa var. adpressa"
Equisetopsida,Poales,Bromeliaceae,"Tillandsia caerulea"
Equisetopsida,Polypodiales,Dryopteridaceae,"Tectaria lizarzaburui"
Equisetopsida,Commelinales,Commelinaceae,"Tradescantia cymbispatha"
Equisetopsida,Polypodiales,Pteridaceae,"Pityrogramma tartarea var. tartarea"
Equisetopsida,Lamiales,Bignoniaceae,"Amphilophium paniculatum var. molle"
Equisetopsida,Malpighiales,Malpighiaceae,"Banisteriopsis nutans"
Equisetopsida,Solanales,Solanaceae,"Browallia americana subsp. americana"
Equisetopsida,Lamiales,Acanthaceae,"Stenostephanus lasiostachys"
Equisetopsida,Caryophyllales,Amaranthaceae,"Hebanthe paniculata"
Equisetopsida,Lamiales,Acanthaceae,"Justicia racemosa"
Equisetopsida,Poales,Bromeliaceae,"Guzmania variegata"
Equisetopsida,Lamiales,Acanthaceae,"Justicia filibracteolata var. pubescens"
Equisetopsida,Boraginales,Boraginaceae,"Cynoglossum amabile"
Equisetopsida,Dioscoreales,Dioscoreaceae,"Dioscorea polygonoides"
Equisetopsida,Dioscoreales,Dioscoreaceae,"Dioscorea syringaefolia"
Equisetopsida,Rosales,Urticaceae,"Pilea microphylla"
Equisetopsida,Asterales,Asteraceae,"Jungia discolor"
Equisetopsida,Myrtales,Melastomataceae,"Axinaea wurdackii"
Equisetopsida,Polypodiales,Pteridaceae,"Adiantum orbignyanum"
Equisetopsida,Proteales,Sabiaceae,"Meliosma arenosa"
Equisetopsida,Malpighiales,Euphorbiaceae,"Jatropha weberbaueri"
Equisetopsida,Polypodiales,Pteridaceae,"Doryopteris pedata var. palmata"
Equisetopsida,Gentianales,Rubiaceae,"Randia boliviana"
Equisetopsida,Caryophyllales,Caryophyllaceae,"Drymaria villosa subsp. palustris"
Equisetopsida,Solanales,Solanaceae,"Solanum megaspermum"
Equisetopsida,Fabales,Polygalaceae,"Monnina paniculata var. glabrescens"
Equisetopsida,Fabales,Polygalaceae,"Monnina pilosa"
Equisetopsida,Lamiales,Gesneriaceae,"Neomortonia nummularia"
Equisetopsida,Cucurbitales,Cucurbitaceae,"Rytidostylis trianae"
Equisetopsida,Fabales,Fabaceae,"Cyathostegia weberbaueri"
Equisetopsida,Solanales,Convolvulaceae,"Jacquemontia prominens"
Equisetopsida,Gentianales,Apocynaceae,"Mandevilla brachyloba"
Equisetopsida,Malpighiales,Phyllanthaceae,"Phyllanthus salviifolius"
Equisetopsida,Poales,Bromeliaceae,"Mezobromelia capituligera"
Equisetopsida,Sapindales,Sapindaceae,"Serjania sufferruginea"
Equisetopsida,Caryophyllales,Nyctaginaceae,"Colignonia parviflora"
Equisetopsida,Polypodiales,Aspleniaceae,"Asplenium praemorsum"
Equisetopsida,Polypodiales,Aspleniaceae,"Asplenium myriophyllum"
Equisetopsida,Polypodiales,Aspleniaceae,"Asplenium cuspidatum var. cuspidatum"
Equisetopsida,Polypodiales,Aspleniaceae,"Asplenium abscissum var. abscissum"
Equisetopsida,Asterales,Asteraceae,"Lepidaploa canescens"
Equisetopsida,Sapindales,Sapindaceae,"Cupania rufescens"
Equisetopsida,Fabales,Polygalaceae,"Monnina denticulata"
Equisetopsida,Cornales,Hydrangeaceae,"Hydrangea jelskii"
Equisetopsida,Malvales,Malvaceae,"Byttneria lopez-mirandae"
Equisetopsida,Apiales,Apiaceae,"Arracacia elata"
Equisetopsida,Poales,Poaceae,"Poa aequatoriensis"
Equisetopsida,Cucurbitales,Cucurbitaceae,"Sicyos macrocarpus"
Equisetopsida,Malvales,Malvaceae,"Sida repens"
Equisetopsida,Solanales,Solanaceae,"Solanum cutervanum"
Equisetopsida,Polypodiales,Dryopteridaceae,"Parapolystichum effusum"
Equisetopsida,Lamiales,Gesneriaceae,"Sinningia warmingii"
Equisetopsida,Fabales,Fabaceae,"Phaseolus polyanthus"
Equisetopsida,Fabales,Fabaceae,"Phaseolus augusti"
Equisetopsida,Malpighiales,Passifloraceae,"Passiflora dorisiae"
Equisetopsida,Malpighiales,Passifloraceae,"Passiflora cumbalensis var. peruana"
Equisetopsida,Liliales,Smilacaceae,"Smilax kunthii"
Equisetopsida,Asterales,Asteraceae,"Munnozia annua"
Equisetopsida,Asterales,Campanulaceae,"Siphocampylus albus"
Equisetopsida,Asterales,Campanulaceae,"Siphocampylus cutervensis"
Equisetopsida,Malpighiales,Passifloraceae,"Ipomoea tiliacea"
Equisetopsida,Malpighiales,Passifloraceae,"Ipomoea quamoclit"
Equisetopsida,Asterales,Asteraceae,"Ericentrodea decomposita"
Equisetopsida,Malpighiales,Passifloraceae,"Ipomoea purpurea"
Equisetopsida,Lamiales,Calceolariaceae,"Calceolaria nivalis subesp. cerasifolia"
Equisetopsida,Poales,Poaceae,"Oplismenus burmannii"
Equisetopsida,Poales,Cyperaceae,"Carex fecunda"
Equisetopsida,Malpighiales,Passifloraceae,"Ipomoea cairica"
Equisetopsida,Malpighiales,Passifloraceae,"Ipomoea amnicola"
Equisetopsida,Boraginales,Heliotropiaceae,"Heliotropium rufipilum var. Rufipilum"
Equisetopsida,Poales,Poaceae,"Lasiacis nigra"
Equisetopsida,Lamiales,Calceolariaceae,"Calceolaria variifolia"
Equisetopsida,Fabales,Polygalaceae,"Monnina hirta"
Equisetopsida,Solanales,Solanaceae,"Iochroma cornifolium var. cornifolium"
Equisetopsida,Caryophyllales,Polygonaceae,"Polygonum punctatum"
Equisetopsida,Cyatheales,Cyatheaceae,"Alsophila incana"
Equisetopsida,Solanales,Solanaceae,"Iochroma cornifolium"
Equisetopsida,Asterales,Asteraceae,"Mikania leiostachya"
Equisetopsida,Gentianales,Rubiaceae,"Galium obovatum"
Equisetopsida,Lamiales,Oleaceae,"Chionanthus pubescens"
Equisetopsida,Caryophyllales,Basellaceae,"Anredera cordifolia"
Equisetopsida,Polypodiales,Polypodiaceae,"Polypodium remotum"
Equisetopsida,Solanales,Solanaceae,"Acnistus arborescens"
Equisetopsida,Solanales,Solanaceae,"Capsicum scolnikianum"
Equisetopsida,Asterales,Asteraceae,"Acmella oppositifolia"
Equisetopsida,Solanales,Solanaceae,"Capsicum geminifolium"
Equisetopsida,Polypodiales,Pteridaceae,"Pteris muricata"
Equisetopsida,Asterales,Asteraceae,"Liabum eggersii"
Equisetopsida,Asterales,Asteraceae,"Ageratina articulata"
Equisetopsida,Asterales,Asteraceae,"Liabum igniarium"
Equisetopsida,Malpighiales,Euphorbiaceae,"Euphorbia weberbaueri"
Equisetopsida,Solanales,Solanaceae,"Cestrum tomentosum"
Equisetopsida,Cornales,Loasaceae,"Nasa picta"
Equisetopsida,Gentianales,Rubiaceae,"Hoffmannia hutchinsonii"
Equisetopsida,Cornales,Loasaceae,"Nasa peltata"
Equisetopsida,Asparagales,Amaryllidaceae,"Eucrosia eucrosioides"
Equisetopsida,Ericales,Ericaceae,"Ceratostema rauhii"
Equisetopsida,Ericales,Ericaceae,"Ceratostema callistum"
Equisetopsida,Cornales,Loasaceae,"Nasa insignis"
Equisetopsida,Malpighiales,Malpighiaceae,"Callaeum reticulatum"
Equisetopsida,Polypodiales,Polypodiaceae,"Campyloneurum coarctatum"
Equisetopsida,Aquifoliales,Cardiopteridaceae,"Citronella paniculata"
Equisetopsida,Asterales,Asteraceae,"Mikania featherstonei"
Equisetopsida,Gentianales,Rubiaceae,"Spermacoce tenuior"
Equisetopsida,Asterales,Campanulaceae,"Centropogon vernicosus"
Equisetopsida,Myrtales,Melastomataceae,"Centradeniastrum roseum"
Equisetopsida,Malpighiales,Euphorbiaceae,"Euphorbia elliptica"
Equisetopsida,Polypodiales,Polypodiaceae,"Campyloneurum sphenodes"
Equisetopsida,Myrtales,Myrtaceae,"Myrcia fallax"
Equisetopsida,Ericales,Polemoniaceae,"Cobaea penduliflora"
Equisetopsida,Piperales,Piperaceae,"Peperomia rotundatavar. rotundata"
Equisetopsida,Lamiales,Cordiaceae,"Cordia peruviana"
Equisetopsida,Cornales,Loasaceae,"Loasa triphylla"
Equisetopsida,Asterales,Asteraceae,"Mikania cordifolia"
Equisetopsida,Myrtales,Myrtaceae,"Myrteola phylicoides var. glabrata"
Equisetopsida,Lamiales,Lamiaceae,"Salvia misella"
Equisetopsida,Apiales,Apiaceae,"Hydrocotyle sagasteguii"
Equisetopsida,Myrtales,Melastomataceae,"Miconia laciniata"
Equisetopsida,Apiales,Apiaceae,"Hydrocotyle palmata"
Equisetopsida,Apiales,Apiaceae,"Hydrocotyle globiflora"
Equisetopsida,Liliales,Alstroemeriaceae,"Bomarea latifolia"
Equisetopsida,Fabales,Fabaceae,"Dalea coerulea var. longispicata"
Equisetopsida,Poales,Bromeliaceae,"Pitcairnia heterophylla"
Equisetopsida,Fabales,Fabaceae,"Dalea carthagenensis var. brevis"
Equisetopsida,Ericales,Actinidiaceae,"Saurauia bullosa"
Equisetopsida,Fabales,Fabaceae,"Amicia glandulosa"
Equisetopsida,Piperales,Piperaceae,"Piper sodiroi"
Equisetopsida,Solanales,Solanaceae,"Solanum plowmanii"
Equisetopsida,Ericales,Ericaceae,"Macleania salapa"
Equisetopsida,Cucurbitales,Begoniaceae,"Begonia pululahuana"
Equisetopsida,Lamiales,Gesneriaceae,"Diastema affine"
Equisetopsida,Asterales,Asteraceae,"Soliva mexicana"
Equisetopsida,Rosales,Rosaceae,"Alchemilla diplophylla"
Equisetopsida,Asterales,Asteraceae,"Rockhausenia caespitosa"
Equisetopsida,Asterales,Asteraceae,"Paranephelius bullatus"
Equisetopsida,Oxalidales,Oxalidaceae,"Oxalis corniculata"
Equisetopsida,Poales,Cyperaceae,"Carex humahuacaensis"
Equisetopsida,Caryophyllales,Caryophyllaceae,"Cerastium crassipes"
Equisetopsida,Polypodiales,Dryopteridaceae,"Polystichum nudicaule"
Equisetopsida,Fabales,Fabaceae,"Senna multiglandulosa"
Equisetopsida,Liliales,Alstroemeriaceae,"Bomarea formosissima"
Equisetopsida,Solanales,Solanaceae,"Solanum cochabambense"
Equisetopsida,Asterales,Asteraceae,"Hypochaeris sessiliflora"
Equisetopsida,Asterales,Asteraceae,"Senecio rudbeckiifolius"
Equisetopsida,Celastrales,Celastraceae,"Maytenus apurimacensis"
Equisetopsida,Lamiales,Lamiaceae,"Salvia rhodostephana"
Equisetopsida,Asterales,Asteraceae,"Ageratina cuzcoensis"
Equisetopsida,Asterales,Asteraceae,"Gnaphalium americanum"
Equisetopsida,Asterales,Asteraceae,"Hypochaeris andina"
Equisetopsida,Asterales,Asteraceae,"Hypochaeris glabrata"
Equisetopsida,Gentianales,Rubiaceae,"Galium canescens"
Equisetopsida,Asterales,Asteraceae,"Galinsoga mandonii"
Equisetopsida,Gentianales,Rubiaceae,"Galianthe peruviana"
Equisetopsida,Proteales,Sabiaceae,"Meliosma caldasii"
Equisetopsida,Funariales,Funariaceae,"Funaria hygrometrica"
Equisetopsida,Funariales,Funariaceae,"Funaria calvescens"
Equisetopsida,Myrtales,Onagraceae,"Fuchsia sanctae-rosae"
Equisetopsida,Porellales,Frullaniaceae,"Frullania laxiflora"
Equisetopsida,Asparagales,Iridaceae,"Freesia refracta"
Equisetopsida,Polypodiales,Pteridaceae,"Anogramma leptophylla"
Equisetopsida,Poales,Poaceae,"Paspalum distichum"
Equisetopsida,Rosales,Rhamnaceae,"Frangula sphaerosperma"
Equisetopsida,Rosales,Rosaceae,"Fragaria vesca"
Equisetopsida,Poales,Poaceae,"Paspalum humboldtianum"
Equisetopsida,Poales,Poaceae,"Paspalum prostratum"
Equisetopsida,Apiales,Apiaceae,"Foeniculum vulgare"
Equisetopsida,Asterales,Asteraceae,"Fleischmannia vargasii"
Equisetopsida,Asterales,Asteraceae,"Fleischmannia rhodotephra"
Equisetopsida,Dicranales,Fissidentaceae,"Fissidens asplenioides"
Equisetopsida,Brassicales,Cleomaceae,"Melidiscus giganteus"
Equisetopsida,Malpighiales,Passifloraceae,"Passiflora kermesina"
Equisetopsida,Malpighiales,Passifloraceae,"Passiflora ligularis"
Equisetopsida,Rosales,Moraceae,"Ficus subandina"
Equisetopsida,Rosales,Moraceae,"Ficus sodiroi"
Equisetopsida,Malpighiales,Passifloraceae,"Passiflora quadriflora"
Equisetopsida,Rosales,Moraceae,"Ficus machupicchuensis"
Equisetopsida,Malpighiales,Passifloraceae,"Passiflora trisecta"
Equisetopsida,Rosales,Moraceae,"Ficus crassiuscula"
Equisetopsida,Lamiales,Lamiaceae,"Hyptis mutabilis"
Equisetopsida,Rosales,Moraceae,"Ficus carica"
Equisetopsida,Lamiales,Lamiaceae,"Hyptis pectinata"
Equisetopsida,Poales,Poaceae,"Festuca ulochaeta"
Equisetopsida,Lamiales,Lamiaceae,"Hyptis tafallae"
Equisetopsida,Rosales,Rosaceae,"Mespilus germanica"
Equisetopsida,Magnoliales,Annonaceae,"Annona cherimola"
Equisetopsida,Lamiales,Lamiaceae,"Hyptis uncinata"
Equisetopsida,Solanales,Solanaceae,"Solanum acerifolium"
Equisetopsida,Brassicales,Brassicaceae,"Exhalimolobos hispidulus"
Equisetopsida,Lamiales,Lamiaceae,"Aegiphila mortoni"
Equisetopsida,Polypodiales,Polypodiaceae,"Pecluma camptophyllaria"
Equisetopsida,Polypodiales,Polypodiaceae,"Pecluma filicula"
Equisetopsida,Asparagales,Amaryllidaceae,"Eustephia darwinii"
Equisetopsida,Aquifoliales,Aquifoliaceae,"Ilex andicola"
Equisetopsida,Aquifoliales,Aquifoliaceae,"Ilex boliviana"
Equisetopsida,Aquifoliales,Aquifoliaceae,"Ilex cuzcoana"
Equisetopsida,Aquifoliales,Aquifoliaceae,"Ilex elliptica"
Equisetopsida,Geraniales,Geraniaceae,"Pelargonium peltatum"
Equisetopsida,Geraniales,Geraniaceae,"Pelargonium zonale"
Equisetopsida,Polypodiales,Pteridaceae,"Pellaea ovata"
Equisetopsida,Polypodiales,Pteridaceae,"Pellaea sagittata"
Equisetopsida,Aquifoliales,Aquifoliaceae,"Ilex uniflora"
Equisetopsida,Poales,Poaceae,"Pennisetum clandestinum"
Equisetopsida,Poales,Poaceae,"Pennisetum latifolium"
Equisetopsida,Poales,Poaceae,"Pennisetum sagittatum"
Equisetopsida,Poales,Poaceae,"Pennisetum tristachyum"
Equisetopsida,Asterales,Asteraceae,"Pentacalia epiphytica"
Equisetopsida,Asterales,Asteraceae,"Pentacalia jelskii"
Equisetopsida,Asterales,Asteraceae,"Pentacalia nunezii"
Equisetopsida,Malpighiales,Euphorbiaceae,"Euphorbia pulcherrima"
Equisetopsida,Asterales,Asteraceae,"Pentacalia urubambensis"
Equisetopsida,Ericales,Balsaminaceae,"Impatiens balsamina"
Equisetopsida,Malpighiales,Euphorbiaceae,"Euphorbia milii"
Equisetopsida,Malpighiales,Euphorbiaceae,"Euphorbia hyssopifolia"
Equisetopsida,Piperales,Piperaceae,"Peperomia chalhuapuquiana"
Equisetopsida,Piperales,Piperaceae,"Peperomia giliberti"
Equisetopsida,Asterales,Asteraceae,"Eupatorium pintobambense"
Equisetopsida,Piperales,Piperaceae,"Peperomia herrerae"
Equisetopsida,Piperales,Piperaceae,"Peperomia heterophylla"
Equisetopsida,Piperales,Piperaceae,"Peperomia maransara"
Equisetopsida,Piperales,Piperaceae,"Peperomia ollantaitambona"
Equisetopsida,Piperales,Piperaceae,"Peperomia peruviana"
Equisetopsida,Fabales,Fabaceae,"Inga coerulescens"
Equisetopsida,Fabales,Fabaceae,"Inga hirsutissima"
Equisetopsida,Asterales,Asteraceae,"Matricaria chamomilla"
Equisetopsida,Ranunculales,Ranunculaceae,"Anemone helleborifolia"
Equisetopsida,Schizaeales,Anemiaceae,"Anemia pastinacaria"
Equisetopsida,Poales,Poaceae,"Andropogon glaucescens"
Equisetopsida,Ranunculales,Papaveraceae,"Eschscholzia californica"
Equisetopsida,Escalloniales,Escalloniaceae,"Escallonia herrerae"
Equisetopsida,Brassicales,Brassicaceae,"Matthiola incana"
Equisetopsida,Apiales,Apiaceae,"Petroselinum crispum"
Equisetopsida,Fabales,Fabaceae,"Erythrina falcata"
Equisetopsida,Apiales,Apiaceae,"Eryngium weberbaueri"
Equisetopsida,Apiales,Apiaceae,"Eryngium paniculatum"
Equisetopsida,Myrtales,Melastomataceae,"Ernestia quadriseta"
Equisetopsida,Sapindales,Anacardiaceae,"Mauria ferruginea"
Equisetopsida,Solanales,Convolvulaceae,"Ipomoea rubriflora"
Equisetopsida,Poales,Poaceae,"Eragrostis virescens"
Equisetopsida,Poales,Poaceae,"Eragrostis pectinacea"
Equisetopsida,Poales,Poaceae,"Eragrostis lugens"
Equisetopsida,Sapindales,Anacardiaceae,"Mauria subserrata"
Equisetopsida,Asterales,Asteraceae,"Nordenstamia repanda"
Equisetopsida,Solanales,Solanaceae,"Solanum coelestispetalum"
Equisetopsida,Caryophyllales,Amaranthaceae,"Iresine diffusa fo. herbstii"
Equisetopsida,Rosales,Urticaceae,"Phenax angustifolius"
Equisetopsida,Rosales,Urticaceae,"Phenax bullatus"
Equisetopsida,Solanales,Solanaceae,"Solanum daphnophyllum"
Equisetopsida,Gentianales,Apocynaceae,"Philibertia campanulata"
Equisetopsida,Hypnales,Entodontaceae,"Entodon platygyrioides"
Equisetopsida,Hypnales,Entodontaceae,"Entodon jamesonii"
Equisetopsida,Malvales,Malvaceae,"Andeimalva mandonii"
Equisetopsida,Malvales,Malvaceae,"Andeimalva machupicchensis"
Equisetopsida,Poales,Poaceae,"Isachne ligulata"
Equisetopsida,Solanales,Solanaceae,"Nicotiana wigandioides"
Equisetopsida,Solanales,Solanaceae,"Nicotiana tomentosiformis"
Equisetopsida,Solanales,Solanaceae,"Nicotiana tomentosa"
Equisetopsida,Solanales,Solanaceae,"Nicotiana raimondii"
Equisetopsida,Solanales,Solanaceae,"Nicotiana glauca"
Equisetopsida,Solanales,Solanaceae,"Nicandra tomentosa"
Equisetopsida,Asterales,Asteraceae,"Ellenbergia glandulata"
Equisetopsida,Polypodiales,Dryopteridaceae,"Elaphoglossum scolopendrifolium"
Equisetopsida,Polypodiales,Dryopteridaceae,"Elaphoglossum paultonii"
Equisetopsida,Polypodiales,Dryopteridaceae,"Elaphoglossum nastukiae"
Equisetopsida,Polypodiales,Dryopteridaceae,"Elaphoglossum gayanum"
Equisetopsida,Polypodiales,Dryopteridaceae,"Elaphoglossum fonki"
Equisetopsida,Polypodiales,Dryopteridaceae,"Elaphoglossum denticulatum"
Equisetopsida,Polypodiales,Dryopteridaceae,"Elaphoglossum crassipes"
Equisetopsida,Lycopodiales,Lycopodiaceae,"Phlegmariurus saururus"
Equisetopsida,Solanales,Solanaceae,"Solanum incarceratum"
Equisetopsida,Solanales,Solanaceae,"Solanum incasicum"
Equisetopsida,Polypodiales,Pteridaceae,"Adiantum polyphyllum"
Equisetopsida,Poales,Poaceae,"Echinochloa crus-galli"
Equisetopsida,Lamiales,Bignoniaceae,"Eccremocarpus viridis"
Equisetopsida,Lamiales,Bignoniaceae,"Jacaranda acutifolia"
Equisetopsida,Malpighiales,Phyllanthaceae,"Phyllanthus acuminatus"
Equisetopsida,Lamiales,Lamiaceae,"Stachys herrerae"
Equisetopsida,Lamiales,Verbenaceae,"Duranta serratifolia"
Equisetopsida,Lamiales,Verbenaceae,"Duranta armata"
Equisetopsida,Aquifoliales,Phyllonomaceae,"Phyllonoma weberbaueri"
Equisetopsida,Solanales,Solanaceae,"Solanum lignicaule"
Equisetopsida,Solanales,Solanaceae,"Jaltomata biflora"
Equisetopsida,Polypodiales,Dryopteridaceae,"Dryopteris macrotis"
Equisetopsida,Apiales,Apiaceae,"Neonelsonia acuminata"
Equisetopsida,Solanales,Solanaceae,"Jaltomata sinuosa"
Equisetopsida,Polypodiales,Polypodiaceae,"Phymatosorus membranifolium"
Equisetopsida,Polypodiales,Pteridaceae,"Jamesonia elongata"
Equisetopsida,Caryophyllales,Caryophyllaceae,"Drymaria glandulosa"
Equisetopsida,Polypodiales,Pteridaceae,"Jamesonia imbricata"
Equisetopsida,Polypodiales,Pteridaceae,"Jamesonia rufescens"
Equisetopsida,Polypodiales,Pteridaceae,"Doryopteris pedata"
Equisetopsida,Polypodiales,Pteridaceae,"Doryopteris concolor"
Equisetopsida,Polypodiales,Pteridaceae,"Adiantum peruvianum"
Equisetopsida,Fagales,Juglandaceae,"Juglans boliviana"
Equisetopsida,Polypodiales,Pteridaceae,"Adiantum pectinatum"
Equisetopsida,Polypodiales,Pteridaceae,"Adiantum patens"
Equisetopsida,Lamiales,Orobanchaceae,"Neobartsia thiantha"
Equisetopsida,Poales,Juncaceae,"Juncus effusus"
Equisetopsida,Poales,Juncaceae,"Juncus rigidus"
Equisetopsida,Asterales,Asteraceae,"Diplostephium lechleri"
Equisetopsida,Malpighiales,Malpighiaceae,"Diplopterys cristata"
Equisetopsida,Asterales,Asteraceae,"Jungia amplistipula"
Equisetopsida,Rosales,Urticaceae,"Pilea costata"
Equisetopsida,Rosales,Urticaceae,"Pilea minutiflora"
Equisetopsida,Rosales,Urticaceae,"Pilea multiflora"
Equisetopsida,Rosales,Urticaceae,"Pilea nutans"
Equisetopsida,Lamiales,Orobanchaceae,"Neobartsia inaequalis"
Equisetopsida,Lamiales,Orobanchaceae,"Neobartsia fiebrigii"
Equisetopsida,Dioscoreales,Dioscoreaceae,"Dioscorea incayensis"
Equisetopsida,Dioscoreales,Dioscoreaceae,"Dioscorea coriacea"
Equisetopsida,Lamiales,Acanthaceae,"Justicia cuzcoensis"
Equisetopsida,Solanales,Solanaceae,"Solanum ochrophyllum"
Equisetopsida,Poales,Poaceae,"Digitaria lanuginosa"
Equisetopsida,Saxifragales,Crassulaceae,"Kalanchoe blossfeldiana"
Equisetopsida,Saxifragales,Crassulaceae,"Kalanchoe delagoensis"
Equisetopsida,Polypodiales,Pteridaceae,"Adiantopsis radiata"
Equisetopsida,Asterales,Asteraceae,"Kaunia longipetiolata"
Equisetopsida,Asterales,Asteraceae,"Kaunia uber"
Equisetopsida,Porellales,Lejeuneaceae,"Dicranolejeunea axillaris"
Equisetopsida,Lamiales,Acanthaceae,"Dicliptera squarrosa"
Equisetopsida,Lamiales,Acanthaceae,"Dicliptera rauhii"
Equisetopsida,Piperales,Piperaceae,"Piper bangii"
Equisetopsida,Asparagales,Asphodelaceae,"Kniphofia uvaria"
Equisetopsida,Caryophyllales,Caryophyllaceae,"Dianthus plumarius"
Equisetopsida,Piperales,Piperaceae,"Piper elongatum"
Equisetopsida,Poales,Poaceae,"Koeleria pyramidata"
Equisetopsida,Fabales,Fabaceae,"Lablab purpureus"
Equisetopsida,Piperales,Piperaceae,"Piper machupicchuense"
Equisetopsida,Piperales,Piperaceae,"Piper marequitense"
Equisetopsida,Piperales,Piperaceae,"Piper mercens"
Equisetopsida,Piperales,Piperaceae,"Piper moccomocco"
Equisetopsida,Fabales,Fabaceae,"Desmodium weberbaueri"
Equisetopsida,Fabales,Fabaceae,"Desmodium vargasianum"
Equisetopsida,Fabales,Fabaceae,"Desmodium intortum"
Equisetopsida,Piperales,Piperaceae,"Piper ollantaitambanum"
Equisetopsida,Piperales,Piperaceae,"Piper santaritanum"
Equisetopsida,Piperales,Piperaceae,"Piper sinuclausum"
Equisetopsida,Solanales,Solanaceae,"Solanum raphanifolium"
Equisetopsida,Piperales,Piperaceae,"Piper sumpi"
Equisetopsida,Piperales,Piperaceae,"Piper urubambanum"
Equisetopsida,Santalales,Santalaceae,"Dendrophthora mesembrianthemifolia"
Equisetopsida,Santalales,Santalaceae,"Dendrophthora hexasticha"
Equisetopsida,Santalales,Santalaceae,"Dendrophthora clavata"
Equisetopsida,Asterales,Asteraceae,"Dendrophorbium vargasii"
Equisetopsida,Asterales,Asteraceae,"Dendrophorbium multinerve"
Equisetopsida,Solanales,Solanaceae,"Solanum sandianum"
Equisetopsida,Asterales,Asteraceae,"Lactuca sativa"
Equisetopsida,Ericales,Ericaceae,"Demosthenesia weberbaueri"
Equisetopsida,Ericales,Ericaceae,"Demosthenesia pearcei"
Equisetopsida,Ericales,Ericaceae,"Demosthenesia microphylla"
Equisetopsida,Laurales,Lauraceae,"Nectandra herrerae"
Equisetopsida,Solanales,Solanaceae,"Solanum scuticum"
Equisetopsida,Laurales,Lauraceae,"Nectandra furcata"
Equisetopsida,Apiales,Apiaceae,"Daucus carota"
Equisetopsida,Fabales,Fabaceae,"Pisum sativum"
Equisetopsida,Cucurbitales,Cucurbitaceae,"Lagenaria siceraria"
Equisetopsida,Poales,Bromeliaceae,"Pitcairnia ellenbergi"
Equisetopsida,Poales,Bromeliaceae,"Pitcairnia pulverulenta"
Equisetopsida,Fabales,Fabaceae,"Dalea ayavacensis"
Equisetopsida,Poales,Bromeliaceae,"Pitcairnia rigida"
Equisetopsida,Asterales,Asteraceae,"Dahlia pinnata"
Equisetopsida,Malpighiales,Salicaceae,"Abatia spicata"
Equisetopsida,Solanales,Solanaceae,"Solanum sumacaspi"
Equisetopsida,Polypodiales,Pteridaceae,"Pityrogramma chrysoconia"
Equisetopsida,Polypodiales,Pteridaceae,"Pityrogramma ochracea"
Equisetopsida,Jungermanniales,Plagiochilaceae,"Plagiochila alternans"
Equisetopsida,Jungermanniales,Plagiochilaceae,"Plagiochila andina"
Equisetopsida,Jungermanniales,Plagiochilaceae,"Plagiochila binghamiae"
Equisetopsida,Jungermanniales,Plagiochilaceae,"Plagiochila chinantlana"
Equisetopsida,Jungermanniales,Plagiochilaceae,"Plagiochila flavescens"
Equisetopsida,Jungermanniales,Plagiochilaceae,"Plagiochila footei"
Equisetopsida,Boraginales,Boraginaceae,"Cynoglossum microglochin var. Nervosum"
Equisetopsida,Poales,Poaceae,"Lamprothyrsus peruvianus"
Equisetopsida,Rosales,Rosaceae,"Cydonia oblonga"
Equisetopsida,Cucurbitales,Cucurbitaceae,"Cyclanthera brachybotrys"
Equisetopsida,Lamiales,Lamiaceae,"Plectranthus scutellarioides"
Equisetopsida,Cyatheales,Cyatheaceae,"Cyathea xenoxyla"
Equisetopsida,Solanales,Solanaceae,"Solanum umbellatum"
Equisetopsida,Lamiales,Verbenaceae,"Lantana canescens"
Equisetopsida,Lamiales,Verbenaceae,"Lantana horrida"
Equisetopsida,Lamiales,Verbenaceae,"Lantana rugulosa"
Equisetopsida,Solanales,Solanaceae,"Solanum velutinum"
Equisetopsida,Cupressales,Cupressaceae,"Cupressus macrocarpa"
Equisetopsida,Myrtales,Lythraceae,"Cuphea spruceana"
Equisetopsida,Myrtales,Lythraceae,"Cuphea cordata"
Equisetopsida,Sapindales,Sapindaceae,"Cupania americana"
Equisetopsida,Asterales,Asteraceae,"Culcitium canescens"
Equisetopsida,Cucurbitales,Cucurbitaceae,"Cucumis sativus"
Equisetopsida,Poales,Poaceae,"Poa pratensi"
Equisetopsida,Brassicales,Cleomaceae,"Podandrogyne mathewsii"
Equisetopsida,Podocarpales,Podocarpaceae,"Podocarpus glomeratus"
Equisetopsida,Podocarpales,Podocarpaceae,"Podocarpus ingensis"
Equisetopsida,Poales,Poaceae,"Sorghum bicolor"
Equisetopsida,Malpighiales,Euphorbiaceae,"Croton rehderianus"
Equisetopsida,Malpighiales,Euphorbiaceae,"Croton quadrisetosus"
Equisetopsida,Malpighiales,Euphorbiaceae,"Croton perspeciosus"
Equisetopsida,Malpighiales,Euphorbiaceae,"Croton nitidulifolius"
Equisetopsida,Malpighiales,Euphorbiaceae,"Croton glabellus"
Equisetopsida,Malpighiales,Euphorbiaceae,"Croton fragrantulus"
Equisetopsida,Malpighiales,Euphorbiaceae,"Croton baillonianus"
Equisetopsida,Fabales,Fabaceae,"Crotalaria pilosa"
Equisetopsida,Asparagales,Iridaceae,"Crocosmia x crocosmiiflora"
Equisetopsida,Asterales,Asteraceae,"Critoniopsis jelskii"
Equisetopsida,Poales,Poaceae,"Poidium monandrum"
Equisetopsida,Fabales,Polygalaceae,"Polygala pearcei"
Equisetopsida,Rosales,Rosaceae,"Polylepis lanata"
Equisetopsida,Rosales,Rosaceae,"Polylepis subsericans"
Equisetopsida,Polypodiales,Polypodiaceae,"Polypodium buchtienii"
Equisetopsida,Polypodiales,Polypodiaceae,"Polypodium ecuadorense"
Equisetopsida,Polypodiales,Polypodiaceae,"Polypodium fraxinifolium"
Equisetopsida,Polypodiales,Polypodiaceae,"Polypodium polypodioides"
Equisetopsida,Poales,Poaceae,"Polypogon elongatus"
Equisetopsida,Poales,Poaceae,"Polypogon monspeliensis"
Equisetopsida,Myrtales,Melastomataceae,"Leandra crenata"
Equisetopsida,Polytrichales,Polytrichaceae,"Polytrichella viridis"
Equisetopsida,Polytrichales,Polytrichaceae,"Polytrichum antillarum"
Equisetopsida,Cornales,Loasaceae,"Nasa raimondii"
Equisetopsida,Cornales,Loasaceae,"Nasa poissoniana"
Equisetopsida,Porellales,Porellaceae,"Porella arborea"
Equisetopsida,Hypnales,Neckeraceae,"Porotrichum longirostre"
Equisetopsida,Hypnales,Neckeraceae,"Porotrichum neckeraeforme"
Equisetopsida,Apiales,Apiaceae,"Coriandrum sativum"
Equisetopsida,Lamiales,Cordiaceae,"Cordia vargasii"
Equisetopsida,Lamiales,Cordiaceae,"Cordia scaberrima"
Equisetopsida,Lamiales,Cordiaceae,"Cordia rusbyi"
Equisetopsida,Malvales,Malvaceae,"Althaea officinalis"
Equisetopsida,Ericales,Sapotaceae,"Pouteria cinnamomea"
Equisetopsida,Fagales,Myricaceae,"Morella pavonis"
Equisetopsida,Ericales,Primulaceae,"Myrsine sprucei"
Equisetopsida,Alismatales,Araceae,"Spathantheum orbignyanum"
Equisetopsida,Ericales,Primulaceae,"Myrsine pseudocrenata"
Equisetopsida,Ericales,Primulaceae,"Myrsine pearcei"
Equisetopsida,Commelinales,Commelinaceae,"Commelina erecta"
Equisetopsida,Lamiales,Gesneriaceae,"Columnea oblongifolia"
Equisetopsida,Lamiales,Gesneriaceae,"Columnea lophophora"
Equisetopsida,Asterales,Asteraceae,"Praxelis clematidea"
Equisetopsida,Bruniales,Columelliaceae,"Columellia oblonga"
Equisetopsida,Lamiales,Lamiaceae,"Lepechinia bullata"
Equisetopsida,Lamiales,Lamiaceae,"Lepechinia codon"
Equisetopsida,Lamiales,Lamiaceae,"Lepechinia lancifolia"
Equisetopsida,Caryophyllales,Nyctaginaceae,"Colignonia ovalifolia"
Equisetopsida,Asterales,Asteraceae,"Lepidaploa mapirensis"
Equisetopsida,Hypnales,Prionodontaceae,"Prionodon luteovirens"
Equisetopsida,Lamiales,Verbenaceae,"Aloysia virgata"
Equisetopsida,Myrtales,Myrtaceae,"Myrrhinium atropurpureum"
Equisetopsida,Malpighiales,Clusiaceae,"Clusia pavonii"
Equisetopsida,Ranunculales,Ranunculaceae,"Clematis dioica"
Equisetopsida,Ranunculales,Ranunculaceae,"Clematis alborosea"
Equisetopsida,Gentianales,Rubiaceae,"Spermacoce verticillata"
Equisetopsida,Lamiales,Lamiaceae,"Sphacele codon"
Equisetopsida,Sapindales,Rutaceae,"Citrus reticulata"
Equisetopsida,Sapindales,Rutaceae,"Citrus paradisi"
Equisetopsida,Sapindales,Rutaceae,"Citrus medica"
Equisetopsida,Sapindales,Rutaceae,"Citrus maxima"
Equisetopsida,Sapindales,Rutaceae,"Citrus limon"
Equisetopsida,Sapindales,Rutaceae,"Citrus aurantium var. sinensis"
Equisetopsida,Sapindales,Rutaceae,"Citrus aurantiifolia"
Equisetopsida,Lamiales,Verbenaceae,"Citharexylum quercifolium"
Equisetopsida,Lamiales,Verbenaceae,"Citharexylum punctatum"
Equisetopsida,Lamiales,Verbenaceae,"Citharexylum pachyphyllum"
Equisetopsida,Lamiales,Verbenaceae,"Citharexylum laurifolium"
Equisetopsida,Lamiales,Verbenaceae,"Citharexylum herrerae"
Equisetopsida,Lamiales,Verbenaceae,"Citharexylum argutedentatum"
Equisetopsida,Myrtales,Melastomataceae,"Meriania weberbaueri"
Equisetopsida,Myrtales,Melastomataceae,"Meriania vargasii"
Equisetopsida,Asparagales,Amaryllidaceae,"Allium sativum"
Equisetopsida,Asparagales,Amaryllidaceae,"Allium fistulosum"
Equisetopsida,Asparagales,Amaryllidaceae,"Allium cepa"
Equisetopsida,Asparagales,Amaryllidaceae,"Allium ampeloprasum"
Equisetopsida,Myrtales,Melastomataceae,"Meriania sumatika"
Equisetopsida,Sphagnales,Sphagnaceae,"Sphagnum magellanicum"
Equisetopsida,Sphagnales,Sphagnaceae,"Sphagnum meridense"
Equisetopsida,Podocarpales,Podocarpaceae,"Prumnopitys harmsiana"
Equisetopsida,Ranunculales,Menispermaceae,"Cissampelos pareira"
Equisetopsida,Asterales,Asteraceae,"Cirsium vulgare"
Equisetopsida,Rosales,Rosaceae,"Prunus avium"
Equisetopsida,Rosales,Rosaceae,"Prunus domestica"
Equisetopsida,Rosales,Rosaceae,"Prunus persica"
Equisetopsida,Rosales,Rosaceae,"Prunus rigida"
Equisetopsida,Rosales,Rosaceae,"Prunus serotina"
Equisetopsida,Asterales,Asteraceae,"Cichorium endivia"
Equisetopsida,Asterales,Asteraceae,"Pseudelephantopus spicatus"
Equisetopsida,Poales,Poaceae,"Chusquea peruviana"
Equisetopsida,Poales,Poaceae,"Chusquea huantensis"
Equisetopsida,Poales,Poaceae,"Chusquea dombeyana"
Equisetopsida,Poales,Poaceae,"Chusquea depauperata"
Equisetopsida,Poales,Poaceae,"Chusquea delicatula"
Equisetopsida,Myrtales,Melastomataceae,"Meriania hernandoi"
Equisetopsida,Polypodiales,Pteridaceae,"Aleuritopteris farinosa"
Equisetopsida,Asterales,Asteraceae,"Leucanthemum vulgare"
Equisetopsida,Ericales,Ericaceae,"Sphyrospermum cordifolium"
Equisetopsida,Myrtales,Melastomataceae,"Meriania almedae"
Equisetopsida,Caryophyllales,Amaranthaceae,"Spinacia oleracea"
Equisetopsida,Poales,Poaceae,"Chloris radiata"
Equisetopsida,Poales,Poaceae,"Chloris gayana"
Equisetopsida,Malpighiales,Euphorbiaceae,"Chiropetalum ruizianum"
Equisetopsida,Gentianales,Rubiaceae,"Psychotria officinalis"
Equisetopsida,Gentianales,Gentianaceae,"Chelonanthus alatus"
Equisetopsida,Gentianales,Rubiaceae,"Psychotria reticulata"
Equisetopsida,Gentianales,Rubiaceae,"Psychotria tristis"
Equisetopsida,Polypodiales,Pteridaceae,"Pteris coriacea"
Equisetopsida,Rosales,Urticaceae,"Myriocarpa tatei"
Equisetopsida,Rosales,Rosaceae,"Alchemilla lechleriana"
Equisetopsida,Malvales,Malvaceae,"Alcea rosea"
Equisetopsida,Asterales,Asteraceae,"Liabum vargasii"
Equisetopsida,Malpighiales,Clusiaceae,"Myriandra glauca"
Equisetopsida,Poales,Poaceae,"Agrostis mertensii"
Equisetopsida,Laurales,Lauraceae,"Licaria pucheri"
Equisetopsida,Solanales,Solanaceae,"Cestrum humboldtii"
Equisetopsida,Solanales,Solanaceae,"Cestrum falcatum"
Equisetopsida,Santalales,Santalaceae,"Cervantesia tomentosa"
Equisetopsida,Myrtales,Myrtaceae,"Myrcianthes indifferens"
Equisetopsida,Myrtales,Myrtaceae,"Myrcianthes hallii"
Equisetopsida,Liliales,Liliaceae,"Lilium candidum"
Equisetopsida,Caryophyllales,Caryophyllaceae,"Cerastium mollissimum"
Equisetopsida,Poales,Bromeliaceae,"Puya herrerae"
Equisetopsida,Liliales,Liliaceae,"Lilium longiflorum"
Equisetopsida,Poales,Bromeliaceae,"Puya weberbaueri"
Equisetopsida,Fabales,Fabaceae,"Centrosema virginianum"
Equisetopsida,Asterales,Campanulaceae,"Centropogon scabiosus"
Equisetopsida,Asterales,Campanulaceae,"Centropogon nervosus"
Equisetopsida,Asterales,Campanulaceae,"Centropogon brittonianus"
Equisetopsida,Celastrales,Celastraceae,"Maytenus alaternoides"
Equisetopsida,Malvales,Malvaceae,"Ceiba salmonea"
Equisetopsida,Malvales,Malvaceae,"Ceiba pubiflora"
Equisetopsida,Sapindales,Meliaceae,"Cedrela saltensis"
Equisetopsida,Rosales,Rosaceae,"Pyrus bourgaeana"
Equisetopsida,Cucurbitales,Cucurbitaceae,"Cayaponia citrullifolia"
Equisetopsida,Asterales,Asteraceae,"Quechualia fulta"
Equisetopsida,Gentianales,Rubiaceae,"Catunaregam spinosa"
Equisetopsida,Poales,Poaceae,"Lolium perenne"
Equisetopsida,Poales,Bromeliaceae,"Racinaea penduliflora"
Equisetopsida,Porellales,Radulaceae,"Radula andicola"
Equisetopsida,Porellales,Radulaceae,"Radula ramulina"
Equisetopsida,Gentianales,Apocynaceae,"Catharanthus roseus"
Equisetopsida,Dipsacales,Caprifoliaceae,"Lonicera japonica"
Equisetopsida,Celastrales,Celastraceae,"Maytenus conferta"
Equisetopsida,Celastrales,Celastraceae,"Maytenus cuzcoina"
Equisetopsida,Lamiales,Orobanchaceae,"Castilleja scorzonerifolia"
Equisetopsida,Boraginales,Boraginaceae,"Myosotis arvensis"
Equisetopsida,Jungermanniales,Lophocoleaceae,"Lophocolea diaphana"
Equisetopsida,Brassicales,Brassicaceae,"Raphanus raphanistrum"
Equisetopsida,Celastrales,Celastraceae,"Maytenus peruana"
Equisetopsida,Asterales,Asteraceae,"Raulinoreitzia crenulata"
Equisetopsida,Celastrales,Celastraceae,"Maytenus theoides"
Equisetopsida,Asterales,Asteraceae,"Achyrocline tomentosa"
Equisetopsida,Lamiales,Acanthaceae,"Stenandrium dulce"
Equisetopsida,Hedwigiales,Hedwigiaceae,"Rhacocarpus purpurascens"
Equisetopsida,Rosales,Rosaceae,"Rhaphiolepis bibas"
Equisetopsida,Zingiberales,Cannaceae,"Canna bangii"
Equisetopsida,Caryophyllales,Polygonaceae,"Rheum rhaponticum"
Equisetopsida,Bryales,Bryaceae,"Mielichhoferia minutissima"
Equisetopsida,Ericales,Theaceae,"Camellia sinensis"
Equisetopsida,Myrtales,Melastomataceae,"Miconia vargasii"
Equisetopsida,Cyatheales,Cyatheaceae,"Losophoria quadripinnata"
Equisetopsida,Cucurbitales,Cucurbitaceae,"Luffa acutangula"
Equisetopsida,Poales,Cyperaceae,"Rhynchospora aristata"
Equisetopsida,Malvales,Malvaceae,"Callianthe picta"
Equisetopsida,Malvales,Malvaceae,"Callianthe peruviana"
Equisetopsida,Saxifragales,Grossulariaceae,"Ribes albifolium"
Equisetopsida,Asterales,Asteraceae,"Mikania filicifolia"
Equisetopsida,Fabales,Fabaceae,"Melilotus officinalis"
Equisetopsida,Fabales,Fabaceae,"Lupinus cookianus"
Equisetopsida,Fabales,Fabaceae,"Lupinus dorae"
Equisetopsida,Asparagales,Amaryllidaceae,"Stenomesson pearcei"
Equisetopsida,Asterales,Asteraceae,"Calendula officinalis"
Equisetopsida,Lamiales,Calceolariaceae,"Calceolaria pulverulenta"
Equisetopsida,Lamiales,Calceolariaceae,"Calceolaria procera"
Equisetopsida,Rosales,Rosaceae,"Rosa canina"
Equisetopsida,Rosales,Rosaceae,"Rosa centifolia"
Equisetopsida,Lamiales,Calceolariaceae,"Calceolaria myriophylla"
Equisetopsida,Bryales,Bryaceae,"Rosulabryum billarderi"
Equisetopsida,Lamiales,Calceolariaceae,"Calceolaria flexuosa"
Equisetopsida,Lamiales,Calceolariaceae,"Calceolaria cypripediiflora"
Equisetopsida,Proteales,Proteaceae,"Roupala meisneri"
Equisetopsida,Lamiales,Calceolariaceae,"Calceolaria conocarpa"
Equisetopsida,Lamiales,Calceolariaceae,"Calceolaria chrysosphaera"
Equisetopsida,Lamiales,Calceolariaceae,"Calceolaria chelidonioides"
Equisetopsida,Lamiales,Calceolariaceae,"Calceolaria boliviana"
Equisetopsida,Lamiales,Calceolariaceae,"Calceolaria aurea"
Equisetopsida,Lamiales,Calceolariaceae,"Calceolaria atahualpae"
Equisetopsida,Asterales,Asteraceae,"Mikania speciosa"
Equisetopsida,Myrtales,Melastomataceae,"Miconia sclerophylla"
Equisetopsida,Poales,Poaceae,"Calamagrostis viridiflavescens"
Equisetopsida,Rosales,Rosaceae,"Rubus robustus"
Equisetopsida,Fabales,Fabaceae,"Lupinus platyptenus"
Equisetopsida,Fabales,Fabaceae,"Lupinus puyupatensis"
Equisetopsida,Cornales,Loasaceae,"Caiophora chuquitensis"
Equisetopsida,Gentianales,Rubiaceae,"Rudgea hospes"
Equisetopsida,Cornales,Loasaceae,"Caiophora canarinoides"
Equisetopsida,Myrtales,Melastomataceae,"Miconia rugifolia"
Equisetopsida,Fabales,Fabaceae,"Lupinus ramosissimus"
Equisetopsida,Fabales,Fabaceae,"Lupinus urubambensis"
Equisetopsida,Fabales,Fabaceae,"Lupinus vargasianus"
Equisetopsida,Fabales,Fabaceae,"Lupinus ynesiae"
Equisetopsida,Myrtales,Melastomataceae,"Miconia pusilliflora"
Equisetopsida,Myrtales,Melastomataceae,"Miconia pulverulenta"
Equisetopsida,Lamiales,Acanthaceae,"Ruellia macrophylla"
Equisetopsida,Myrtales,Melastomataceae,"Miconia peruviana"
Equisetopsida,Myrtales,Melastomataceae,"Miconia pavoniana"
Equisetopsida,Sapindales,Rutaceae,"Ruta chalepensis"
Equisetopsida,Malpighiales,Malpighiaceae,"Bunchosia berlinii"
Equisetopsida,Poales,Poaceae,"Saccharum officinarum"
Equisetopsida,Lamiales,Scrophulariaceae,"Buddleja longifolia"
Equisetopsida,Fabales,Fabaceae,"Mimosa cuzcoana"
Equisetopsida,Fabales,Fabaceae,"Mimosa insidiosa"
Equisetopsida,Bryales,Bryaceae,"Bryum leptotorquescens"
Equisetopsida,Fabales,Fabaceae,"Mimosa revoluta"
Equisetopsida,Oxalidales,Brunelliaceae,"Brunellia cutervensis"
Equisetopsida,Solanales,Solanaceae,"Lycianthes chrysothrix"
Equisetopsida,Solanales,Solanaceae,"Lycianthes poeppigii"
Equisetopsida,Malpighiales,Salicaceae,"Salix babylonica"
Equisetopsida,Brassicales,Brassicaceae,"Brassica oleracea"
Equisetopsida,Brassicales,Brassicaceae,"Brassica nigra"
Equisetopsida,Hypnales,Brachytheciaceae,"Brachythecium ruderale"
Equisetopsida,Myrtales,Melastomataceae,"Brachyotum sanguinolentum"
Equisetopsida,Lycopodiales,Lycopodiaceae,"Lycopodium complanatum"
Equisetopsida,Myrtales,Melastomataceae,"Brachyotum grisebachii"
Equisetopsida,Lamiales,Lamiaceae,"Salvia herrerae"
Equisetopsida,Lamiales,Lamiaceae,"Salvia leucantha"
Equisetopsida,Lamiales,Lamiaceae,"Salvia loxensis"
Equisetopsida,Lamiales,Lamiaceae,"Salvia penduliflora"
Equisetopsida,Myrtales,Melastomataceae,"Miconia herrerae"
Equisetopsida,Caryophyllales,Nyctaginaceae,"Bougainvillea spectabilis"
Equisetopsida,Lamiales,Lamiaceae,"Salvia splendens"
Equisetopsida,Ophioglossales,Ophioglossaceae,"Botrychium virginianum"
Equisetopsida,Lamiales,Lamiaceae,"Salvia verbenaca"
Equisetopsida,Lamiales,Lamiaceae,"Salvia viridis"
Equisetopsida,Dipsacales,Viburnaceae,"Sambucus nigra subsp. peruviana"
Equisetopsida,Liliales,Alstroemeriaceae,"Bomarea pumila"
Equisetopsida,Liliales,Alstroemeriaceae,"Bomarea macrocephala"
Equisetopsida,Liliales,Alstroemeriaceae,"Bomarea brevis"
Equisetopsida,Liliales,Alstroemeriaceae,"Bomarea aurantiaca"
Equisetopsida,Liliales,Alstroemeriaceae,"Bomarea andimarcana"
Equisetopsida,Rosales,Urticaceae,"Boehmeria celtidifolia"
Equisetopsida,Rosales,Urticaceae,"Boehmeria brevirostris"
Equisetopsida,Rosales,Urticaceae,"Boehmeria anomala"
Equisetopsida,Myrtales,Melastomataceae,"Miconia ferruginea"
Equisetopsida,Myrtales,Myrtaceae,"Blepharocalyx salicifolius"
Equisetopsida,Polypodiales,Blechnaceae,"Blechnum meridense"
Equisetopsida,Polypodiales,Blechnaceae,"Blechnum glandulosum"
Equisetopsida,Ericales,Ericaceae,"Satyria boliviana"
Equisetopsida,Ericales,Ericaceae,"Satyria polyantha"
Equisetopsida,Ericales,Ericaceae,"Satyria vargasii"
Equisetopsida,Myrtales,Melastomataceae,"Miconia dumetosa"
Equisetopsida,Ericales,Actinidiaceae,"Saurauia natalicia"
Equisetopsida,Asterales,Asteraceae,"Bidens rubifolia"
Equisetopsida,Asterales,Asteraceae,"Bidens andicola var. andicola"
Equisetopsida,Caryophyllales,Amaranthaceae,"Beta vulgaris"
Equisetopsida,Ranunculales,Berberidaceae,"Berberis humbertiana"
Equisetopsida,Ranunculales,Berberidaceae,"Berberis dryandriphylla"
Equisetopsida,Ranunculales,Berberidaceae,"Berberis commutata"
Equisetopsida,Ranunculales,Berberidaceae,"Berberis boliviana"
Equisetopsida,Celastrales,Celastraceae,"Schaefferia argentinensis"
Equisetopsida,Celastrales,Celastraceae,"Schaefferia dietheri"
Equisetopsida,Asterales,Asteraceae,"Bellis perennis"
Equisetopsida,Lamiales,Lamiaceae,"Minthostachys verticillata"
Equisetopsida,Cucurbitales,Begoniaceae,"Begonia veitchii"
Equisetopsida,Caryophyllales,Petiveriaceae,"Schindleria densiflora"
Equisetopsida,Caryophyllales,Petiveriaceae,"Schindleria tomentosa"
Equisetopsida,Sapindales,Anacardiaceae,"Schinus microphyllus"
Equisetopsida,Sapindales,Anacardiaceae,"Schinus pearcei"
Equisetopsida,Cucurbitales,Begoniaceae,"Begonia prionophylla"
Equisetopsida,Cucurbitales,Begoniaceae,"Begonia erythrocarpa"
Equisetopsida,Poales,Poaceae,"Schizachyrium condensatum"
Equisetopsida,Cucurbitales,Begoniaceae,"Begonia cyathophora"
Equisetopsida,Cucurbitales,Begoniaceae,"Begonia cucullata"
Equisetopsida,Poales,Poaceae,"Schizachyrium tenerum"
Equisetopsida,Gentianales,Gentianaceae,"Macrocarpaea corymbosa"
Equisetopsida,Caryophyllales,Basellaceae,"Basella alba"
Equisetopsida,Myrtales,Melastomataceae,"Miconia cyanocarpa"
Equisetopsida,Asterales,Asteraceae,"Barnadesia horrida"
Equisetopsida,Asterales,Asteraceae,"Barnadesia corymbosa"
Equisetopsida,Santalales,Schoepfiaceae,"Schoepfia flexuosa"
Equisetopsida,Orthotrichales,Orthotrichaceae,"Macromitrium longifolium"
Equisetopsida,Malvales,Malvaceae,"Melochia pilosa"
Equisetopsida,Fabales,Fabaceae,"Macroptilium erythroloma"
Equisetopsida,Apiales,Araliaceae,"Sciodaphyllum herzogii"
Equisetopsida,Asterales,Asteraceae,"Baccharis rufidula"
Equisetopsida,Asterales,Asteraceae,"Baccharis rhexioides"
Equisetopsida,Asterales,Asteraceae,"Baccharis quitensis"
Equisetopsida,Asterales,Asteraceae,"Baccharis papillosa"
Equisetopsida,Asterales,Asteraceae,"Baccharis cinerea"
Equisetopsida,Asterales,Asteraceae,"Baccharis boliviensis"
Equisetopsida,Asterales,Asteraceae,"Ayapanopsis andina"
Equisetopsida,Poales,Poaceae,"Axonopus mathewsii"
Equisetopsida,Poales,Poaceae,"Axonopus elegantulus"
Equisetopsida,Myrtales,Melastomataceae,"Axinaea weberbaueri"
Equisetopsida,Myrtales,Melastomataceae,"Axinaea lanceolata"
Equisetopsida,Polypodiales,Blechnaceae,"Austroblechnum andinum"
Equisetopsida,Poales,Poaceae,"Aulonemia humillima"
Equisetopsida,Selaginellales,Selaginellaceae,"Selaginella hartwegiana"
Equisetopsida,Selaginellales,Selaginellaceae,"Selaginella poeppigiana"
Equisetopsida,Selaginellales,Selaginellaceae,"Selaginella radiata"
Equisetopsida,Myrtales,Melastomataceae,"Miconia acantifolia"
Equisetopsida,Hypnales,Sematophyllaceae,"Sematophyllum cuspidiferum"
Equisetopsida,Hypnales,Sematophyllaceae,"Sematophyllum subpinnatum"
Equisetopsida,Rosales,Rosaceae,"Malus domestica"
Equisetopsida,Asterales,Asteraceae,"Mutisia venusta"
Equisetopsida,Asterales,Asteraceae,"Senecio castanaefolius"
Equisetopsida,Asterales,Asteraceae,"Senecio sailapatensis"
Equisetopsida,Gentianales,Apocynaceae,"Mandevilla cuspidata"
Equisetopsida,Asterales,Asteraceae,"Senecio yalusay"
Equisetopsida,Malpighiales,Euphorbiaceae,"Acalypha peruviana"
Equisetopsida,Gentianales,Apocynaceae,"Mandevilla sandemanii"
Equisetopsida,Fabales,Fabaceae,"Senna mandonii"
Equisetopsida,Fabales,Fabaceae,"Senna vargasii"
Equisetopsida,Gentianales,Rubiaceae,"Manettia poliodes"
Equisetopsida,Polypodiales,Aspleniaceae,"Asplenium laetum"
Equisetopsida,Polypodiales,Aspleniaceae,"Asplenium dimidiatum"
Equisetopsida,Malpighiales,Euphorbiaceae,"Manihot esculenta"
Equisetopsida,Hypnales,Hypnaceae,"Mittenothamnium reptans"
Equisetopsida,Malpighiales,Euphorbiaceae,"Acalypha bullata"
Equisetopsida,Solanales,Solanaceae,"Sessea dependens"
Equisetopsida,Solanales,Solanaceae,"Sessea weberbaueri"
Equisetopsida,Piperales,Aristolochiaceae,"Aristolochia killipiana"
Equisetopsida,Ericales,Primulaceae,"Ardisia ambigua"
Equisetopsida,Porellales,Lejeuneaceae,"Marchesinia brachiata"
Equisetopsida,Asterales,Asteraceae,"Sigesbeckia serrata"
Equisetopsida,Rosales,Rosaceae,"Acaena elongata"
Equisetopsida,Zingiberales,Musaceae,"Musa paradisiaca"
Equisetopsida,Zingiberales,Musaceae,"Musa acuminata"
Equisetopsida,Asterales,Asteraceae,"Munnozia venosissima"
Equisetopsida,Asterales,Asteraceae,"Munnozia trinervis"
Equisetopsida,Laurales,Siparunaceae,"Siparuna echinata"
Equisetopsida,Fabales,Fabaceae,"Arachis prostrata"
Equisetopsida,Fabales,Fabaceae,"Arachis hypogaea"
Equisetopsida,Malvales,Malvaceae,"Abutilon grandifolium"
Equisetopsida,Laurales,Siparunaceae,"Siparuna lepidota"
Equisetopsida,Laurales,Siparunaceae,"Siparuna petiolaris"
Equisetopsida,Asterales,Asteraceae,"Munnozia herrerae"
Equisetopsida,Asterales,Asteraceae,"Munnozia foliosa"
Equisetopsida,Asterales,Asteraceae,"Munnozia angusta"
Equisetopsida,Poales,Poaceae,"Muhlenbergia tenuissima"
Equisetopsida,Hypnales,Meteoriaceae,"Meteoriopsis remotifolia"
Equisetopsida,Asterales,Campanulaceae,"Siphocampylus actinothrix"
Equisetopsida,Asterales,Campanulaceae,"Siphocampylus boliviensis"
Equisetopsida,Malpighiales,Phyllanthaceae,"Hieronyma andina"
Equisetopsida,Asterales,Asteraceae,"Hieracium neoherrerae"
Equisetopsida,Malvales,Malvaceae,"Hibiscus rosa-sinensis"
Equisetopsida,Porellales,Lejeuneaceae,"Omphalanthus filiformis"
Equisetopsida,Malpighiales,Phyllanthaceae,"Hieronyma scabrida"
Equisetopsida,Lamiales,Acanthaceae,"Aphelandra eurystoma"
Equisetopsida,Asterales,Campanulaceae,"Siphocampylus krauseanus"
Equisetopsida,Poales,Poaceae,"Heteropogon melanocarpus"
Equisetopsida,Poales,Poaceae,"Heteropogon contortus"
Equisetopsida,Asparagales,Iridaceae,"Hesperoxiphion peruvianum"
Equisetopsida,Rosales,Rosaceae,"Hesperomeles pernettyoides"
Equisetopsida,Rosales,Rosaceae,"Hesperomeles palcensis"
Equisetopsida,Rosales,Rosaceae,"Hesperomeles latifolia"
Equisetopsida,Rosales,Rosaceae,"Hesperomeles heterophylla"
Equisetopsida,Rosales,Rosaceae,"Hesperomeles gayana"
Equisetopsida,Rosales,Rosaceae,"Hesperomeles escalloniifolia"
Equisetopsida,Asterales,Campanulaceae,"Siphocampylus tupaeformis var. tupaeformis"
Equisetopsida,Ophioglossales,Ophioglossaceae,"Ophioglossum reticulatum"
Equisetopsida,Asterales,Asteraceae,"Ophryosporus macrodon"
Equisetopsida,Asparagales,Amaryllidaceae,"Hippeastrum cuzcoense"
Equisetopsida,Asparagales,Amaryllidaceae,"Hippeastrum forgetii"
Equisetopsida,Asparagales,Amaryllidaceae,"Hippeastrum machupijchense"
Equisetopsida,Asterales,Asteraceae,"Ageratina gloeoclada"
Equisetopsida,Polypodiales,Pteridaceae,"Hemionitis poeppigiana"
Equisetopsida,Polypodiales,Pteridaceae,"Hemionitis chlorophylla"
Equisetopsida,Boraginales,Boraginaceae,"Heliotropium pilosum"
Equisetopsida,Boraginales,Heliotropiaceae,"Heliotropium mandonii"
Equisetopsida,Apiales,Araliaceae,"Oreopanax artocarpoides"
Equisetopsida,Apiales,Araliaceae,"Oreopanax cuspidatus"
Equisetopsida,Apiales,Araliaceae,"Oreopanax incisus"
Equisetopsida,Apiales,Araliaceae,"Oreopanax ischnolobus"
Equisetopsida,Apiales,Araliaceae,"Oreopanax stenophyllus"
Equisetopsida,Apiales,Araliaceae,"Oreopanax urubambanus"
Equisetopsida,Apiales,Araliaceae,"Oreopanax weberbaueri"
Equisetopsida,Lamiales,Lamiaceae,"Origanum vulgare"
Equisetopsida,Brassicales,Brassicaceae,"Sisymbrium orientale"
Equisetopsida,Asterales,Asteraceae,"Helianthus annuus"
Equisetopsida,Ericales,Ericaceae,"Orthaea ignea"
Equisetopsida,Ericales,Ericaceae,"Orthaea weberbauerii"
Equisetopsida,Chloranthales,Chloranthaceae,"Hedyosmum tepuiense"
Equisetopsida,Asterales,Asteraceae,"Orthopappus angustifolius"
Equisetopsida,Apiales,Araliaceae,"Hedera helix"
Equisetopsida,Asparagales,Iridaceae,"Sisyrinchium convolutum"
Equisetopsida,Asterales,Asteraceae,"Ageratina gilbertii"
Equisetopsida,Asparagales,Iridaceae,"Sisyrinchium palmifolium"
Equisetopsida,Poales,Poaceae,"Muhlenbergia diversiglumis"
Equisetopsida,Poales,Poaceae,"Muhlenbergia bryophilus"
Equisetopsida,Lamiales,Plantaginaceae,"Antirrhinum majus"
Equisetopsida,Fabales,Fabaceae,"Otholobium glandulosum"
Equisetopsida,Ranunculales,Menispermaceae,"Odontocarya rusbyi"
Equisetopsida,Oxalidales,Oxalidaceae,"Oxalis boliviana"
Equisetopsida,Oxalidales,Oxalidaceae,"Oxalis ptychoclada"
Equisetopsida,Oxalidales,Oxalidaceae,"Oxalis sanmiguelii subsp. san-miguelii"
Equisetopsida,Oxalidales,Oxalidaceae,"Oxalis sanmiguelii subsp. urubambensis"
Equisetopsida,Oxalidales,Oxalidaceae,"Oxalis teneriensis"
Equisetopsida,Asterales,Asteraceae,"Gynoxys rugulosa"
Equisetopsida,Asterales,Asteraceae,"Gynoxys poggeana"
Equisetopsida,Oxalidales,Oxalidaceae,"Oxalis urubambensis"
Equisetopsida,Asterales,Asteraceae,"Gynoxys marcapatana"
Equisetopsida,Asterales,Asteraceae,"Gynoxys infralanata"
Equisetopsida,Asterales,Asteraceae,"Gynoxys baccharoides"
Equisetopsida,Cornales,Hydrangeaceae,"Hydrangea macrophylla"
Equisetopsida,Gentianales,Apocynaceae,"Oxypetalum appendiculatum"
Equisetopsida,Poales,Bromeliaceae,"Guzmania inkaterrae"
Equisetopsida,Apiales,Araliaceae,"Hydrocotyle alchemilloides"
Equisetopsida,Gentianales,Rubiaceae,"Guettarda ochreata"
Equisetopsida,Gentianales,Rubiaceae,"Guettarda boliviana"
Equisetopsida,Apiales,Araliaceae,"Hydrocotyle filipes"
Equisetopsida,Apiales,Araliaceae,"Hydrocotyle palmata"
Equisetopsida,Apiales,Araliaceae,"Hydrocotyle pusilla"
Equisetopsida,Asparagales,Amaryllidaceae,"Agapanthus africanus"
Equisetopsida,Laurales,Lauraceae,"Ocotea munacensis"
Equisetopsida,Laurales,Lauraceae,"Ocotea minarum"
Equisetopsida,Caryophyllales,Polygonaceae,"Muehlenbeckia fruticulosa"
Equisetopsida,Poales,Poaceae,"Greeneochloa coarctata"
Equisetopsida,Gentianales,Rubiaceae,"Palicourea attenuata"
Equisetopsida,Gentianales,Rubiaceae,"Gonzalagunia dependens"
Equisetopsida,Asterales,Asteraceae,"Gnaphalium pulchrum"
Equisetopsida,Hymenophyllales,Hymenophyllaceae,"Hymenophyllum amabile"
Equisetopsida,Hymenophyllales,Hymenophyllaceae,"Hymenophyllum antillense"
Equisetopsida,Hymenophyllales,Hymenophyllaceae,"Hymenophyllum apiculatum"
Equisetopsida,Asparagales,Iridaceae,"Gladiolus communis"
Equisetopsida,Hymenophyllales,Hymenophyllaceae,"Hymenophyllum myriocarpum"
Equisetopsida,Lamiales,Orobanchaceae,"Agalinis fiebrigii"
Equisetopsida,Lamiales,Lamiaceae,"Marsypianthes chamaedrys"
Equisetopsida,Geraniales,Geraniaceae,"Geranium filipes"
Equisetopsida,Hymenophyllales,Hymenophyllaceae,"Hymenophyllum speciosum"
Equisetopsida,Hymenophyllales,Hymenophyllaceae,"Hymenophyllum trichophyllum"
Equisetopsida,Laurales,Lauraceae,"Ocotea andina"
Equisetopsida,Poales,Poaceae,"Panicum maximum"
Equisetopsida,Gentianales,Gentianaceae,"Gentianella umbellata"
Equisetopsida,Gentianales,Gentianaceae,"Gentianella scarlatiflora"
Equisetopsida,Gentianales,Gentianaceae,"Gentianella luteomarginata"
Equisetopsida,Gentianales,Gentianaceae,"Gentianella ericoides"
Equisetopsida,Fabales,Fabaceae,"Genista monspessulana"
Equisetopsida,Ericales,Primulaceae,"Geissanthus boliviana"
Equisetopsida,Ericales,Ericaceae,"Gaultheria foliolosa"
Equisetopsida,Ericales,Ericaceae,"Gaultheria eriophylla"
Equisetopsida,Ericales,Ericaceae,"Thibaudia regularis"
Equisetopsida,Ericales,Symplocaceae,"Symplocos venulosa"
Equisetopsida,Sapindales,Rutaceae,"Zanthoxylum mantaro"
Equisetopsida,Ericales,Ericaceae,"Thibaudia biflora"
Equisetopsida,Ericales,Styracaceae,"Styrax argenteus"
Equisetopsida,Ericales,Symplocaceae,"Symplocos weberbaueri"
Equisetopsida,Porellales,Lejeuneaceae,"Trocholejeunea densifolia"
Equisetopsida,Ericales,Symplocaceae,"Symplocos melanochroa"
Equisetopsida,Myrtales,Melastomataceae,"Tibouchina calycina"
Equisetopsida,Ericales,Symplocaceae,"Symplocos nuda"
Equisetopsida,Poales,Bromeliaceae,"Vriesea rubra"
Equisetopsida,Myrtales,Melastomataceae,"Tibouchina gayana"
Equisetopsida,Myrtales,Melastomataceae,"Tibouchina incarum"
Equisetopsida,Myrtales,Melastomataceae,"Tibouchina longifolia"
Equisetopsida,Ericales,Styracaceae,"Styrax pavonii"
Equisetopsida,Commelinales,Commelinaceae,"Tradescantia fluminensis"
Equisetopsida,Malpighiales,Violaceae,"Viola thymifolia"
Equisetopsida,Boraginales,Boraginaceae,"Symphytum officinale"
Equisetopsida,Malvales,Malvaceae,"Triumfetta acuminata"
Equisetopsida,Malpighiales,Violaceae,"Viola steinbachii"
Equisetopsida,Brassicales,Tropaeolaceae,"Tropaeolum crenatiflorum"
Equisetopsida,Brassicales,Tropaeolaceae,"Tropaeolum dipetalum"
Equisetopsida,Malvales,Malvaceae,"Triumfetta abutiloides"
Equisetopsida,Poales,Poaceae,"Triticum aestivum"
Equisetopsida,Poales,Bromeliaceae,"Tillandsia streptocarpa"
Equisetopsida,Malpighiales,Violaceae,"Viola hillii"
Equisetopsida,Myrtales,Melastomataceae,"Tibouchina mollis"
Equisetopsida,Malpighiales,Violaceae,"Viola boliviana"
Equisetopsida,Malpighiales,Violaceae,"Viola bangiana"
Equisetopsida,Gentianales,Apocynaceae,"Vinca major"
Equisetopsida,Santalales,Loranthaceae,"Tristerix peytonii"
Equisetopsida,Myrtales,Melastomataceae,"Tibouchina pleromoides"
Equisetopsida,Porellales,Lejeuneaceae,"Taxilejeunea pterigonia"
Equisetopsida,Brassicales,Tropaeolaceae,"Tropaeolum peregrinum"
Equisetopsida,Asterales,Asteraceae,"Viguiera lanceolata"
Equisetopsida,Asterales,Asteraceae,"Viguiera ellenbergii"
Equisetopsida,Fabales,Fabaceae,"Stylosanthes leiocarpa"
Equisetopsida,Hypnales,Thuidiaceae,"Thuidium delicatulum"
Equisetopsida,Polypodiales,Grammitidaceae,"Terpsichore immixta"
Equisetopsida,Asterales,Asteraceae,"Tagetes terniflora"
Equisetopsida,Asterales,Asteraceae,"Tagetes mandonii"
Equisetopsida,Malpighiales,Malpighiaceae,"Tetrapterys calophylla"
Equisetopsida,Commelinales,Commelinaceae,"Tinantia standleyi"
Equisetopsida,Myrtales,Myrtaceae,"Syzygium jambos"
Equisetopsida,Ericales,Ericaceae,"Vaccinium dependens"
Equisetopsida,Alismatales,Araceae,"Zantedeschia aethiopica"
Equisetopsida,Oxalidales,Elaeocarpaceae,"Vallea ecuadorensis"
Equisetopsida,Fabales,Fabaceae,"Zornia diphylla"
Equisetopsida,Ericales,Ericaceae,"Thibaudia herrerae"
Equisetopsida,Dipsacales,Caprifoliaceae,"Valeriana urticifolia"
Equisetopsida,Asterales,Asteraceae,"Taraxacum campylodes"
Equisetopsida,Malpighiales,Malpighiaceae,"Stigmaphyllon puberum"
Equisetopsida,Ericales,Symplocaceae,"Symplocos cuscoensis"
Equisetopsida,Ericales,Symplocaceae,"Symplocos dolichopoda"
Equisetopsida,Asterales,Asteraceae,"Stevia cuzcoensis"
Equisetopsida,Myrtales,Melastomataceae,"Tibouchina saxosa"
Equisetopsida,Dipsacales,Viburnaceae,"Viburnum witteanum"
Equisetopsida,Myrtales,Melastomataceae,"Tibouchina solmsii"
Equisetopsida,Santalales,Loranthaceae,"Tristerix corymbosus"
Equisetopsida,Dipsacales,Viburnaceae,"Viburnum seemannii"
Equisetopsida,Myrtales,Melastomataceae,"Tibouchina weberbaueri"
Equisetopsida,Dipsacales,Viburnaceae,"Viburnum incarum"
Equisetopsida,Sapindales,Rutaceae,"Zanthoxylum lepidopteriphilum"
Equisetopsida,Ericales,Styracaceae,"Styrax obovatus"
Equisetopsida,Lamiales,Plantaginaceae,"Veronica peregrina"
Equisetopsida,Asterales,Asteraceae,"Vernonia argyropappa"
Equisetopsida,Asterales,Asteraceae,"Vernonia arborescens"
Equisetopsida,Asterales,Asteraceae,"Vernonanthura yurimaguasensis"
Equisetopsida,Oxalidales,Cunoniaceae,"Weinmannia brachystachya"
Equisetopsida,Asterales,Asteraceae,"Vernonanthura phosphorica"
Equisetopsida,Gentianales,Gentianaceae,"Symbolanthus pauciflorus"
Equisetopsida,Polypodiales,Pteridaceae,"Trachypteris pinnata"
Equisetopsida,Asterales,Asteraceae,"Verbesina semidecurrens"
Equisetopsida,Poales,Poaceae,"Zeugites americanus"
Equisetopsida,Asterales,Asteraceae,"Verbesina minuticeps"
Equisetopsida,Asterales,Asteraceae,"Verbesina leucactinota"
Equisetopsida,Asterales,Asteraceae,"Stevia andina"
Equisetopsida,Oxalidales,Cunoniaceae,"Weinmannia heterophylla"
Equisetopsida,Malpighiales,Malpighiaceae,"Stigmaphyllon cuzcanum"
Equisetopsida,Asterales,Asteraceae,"Verbesina cabrerae"
Equisetopsida,Poales,Bromeliaceae,"Tillandsia pallidoflavens"
Equisetopsida,Asterales,Asteraceae,"Verbesina auriculigera"
Equisetopsida,Oxalidales,Cunoniaceae,"Weinmannia machupicchuensis"
Equisetopsida,Polypodiales,Thelypteridaceae,"Thelypteris peruviana"
Equisetopsida,Polypodiales,Thelypteridaceae,"Thelypteris rusbyi"
Equisetopsida,Solanales,Solanaceae,"Vassobia dichotoma"
Equisetopsida,Oxalidales,Cunoniaceae,"Weinmannia trichosperma"
Equisetopsida,Brassicales,Caricaceae,"Vasconcellea pubescens"
Equisetopsida,Brassicales,Caricaceae,"Vasconcellea glandulosa"
Equisetopsida,Poales,Bromeliaceae,"Tillandsia nana"
Equisetopsida,Lamiales,Cordiaceae,"Varronia cylindrostachya"
Equisetopsida,Asparagales,Asparagaceae,"Yucca gloriosa"
Equisetopsida,Asparagales,Amaryllidaceae,"Zephyranthes carinata"
Equisetopsida,Malvales,Malvaceae,"Tarasa machupicchensis"
Equisetopsida,Porellales,Lejeuneaceae,"Taxilejeunea debilis"
Equisetopsida,Poales,Bromeliaceae,"Tillandsia machupicchuensis"
Equisetopsida,Poales,Bromeliaceae,"Tillandsia deppeana"
Equisetopsida,Ericales,Styracaceae,"Styrax acuminatus"
Equisetopsida,Asterales,Asteraceae,"Stevia herrerae"
Equisetopsida,Santalales,Loranthaceae,"Struthanthus sarmentosus"
Equisetopsida,Brassicales,Capparaceae,"Capparis angulata"
Equisetopsida,Malpighiales,Passifloraceae,"Ipomoea carnea"
Equisetopsida,Rosales,Rhamnaceae,"Scutia spicata var. spicata"
Equisetopsida,Fabales,Fabaceae,"Prosopis limensis"
Equisetopsida,Fabales,Fabaceae,"Senna pendula var. tenuifolia"
Equisetopsida,Solanales,Convolvulaceae,"Ipomoea heptaphylla"
Equisetopsida,Solanales,Convolvulaceae,"Camonea umbellata"
Equisetopsida,Fabales,Fabaceae,"Pseudalbizzia inundata"
Equisetopsida,Solanales,Convolvulaceae,"Distimake quinquefolius"
Equisetopsida,Boraginales,Boraginaceae,"Heliotropium angiospermum"
Equisetopsida,Fabales,Fabaceae,"Neltuma affinis"
Equisetopsida,Poales,Poaceae,"Poa calycina var. calycina"
Equisetopsida,Dicranales,Dicranaceae,"Campylopus fragilis"
Equisetopsida,Bartramiales,Bartramiaceae,"Philonotis scabrifolia"
Equisetopsida,Polypodiales,Polypodiaceae,"Grammitis gracilis"
Equisetopsida,Poales,Poaceae,"Poa serpana"
Equisetopsida,Hypnales,Lepyrodontaceae,"Lepyrodon tomentosus"
Equisetopsida,Dicranales,Dicranaceae,"Cynodontium erosum"
Equisetopsida,Hypnales,Fabroniaceae,"Fabronia jamesonii"
Equisetopsida,Dicranales,Ditrichaceae,"Flexitrichum flexicaule"
Equisetopsida,Gentianales,Gentianaceae,"Gentianella incurva"
Equisetopsida,Asterales,Asteraceae,"Cronquistianthus lavandulifolius"
Equisetopsida,Caryophyllales,Caryophyllaceae,"Plettkea cryptantha"
Equisetopsida,Lamiales,Lamiaceae,"Clinopodium sericifolium"
Equisetopsida,Cornales,Loasaceae,"Nasa ranunculifolia"
Equisetopsida,Poales,Cyperaceae,"Bolboschoenus maritimus subsp. paludosus"
Equisetopsida,Salviniales,Marsileaceae,"Lemma minuta"
Equisetopsida,Lamiales,Verbenaceae,"Pitraea cuneato-ovata"
Equisetopsida,Malpighiales,Salicaceae,"Salix chilensis"
Equisetopsida,Asterales,Asteraceae,"Ambrosia peruviana"
Equisetopsida,Asterales,Asteraceae,"Spilanthes urens"
Equisetopsida,Lamiales,Plantaginaceae,"Veronica anagallis"
Equisetopsida,Oxalidales,Cunoniaceae,"Weinmannia producta"
Equisetopsida,Boraginales,Heliotropiaceae,"Tournefortia virgata"
Equisetopsida,Myrtales,Melastomataceae,"Tibouchina brevisepala"
Equisetopsida,Boraginales,Heliotropiaceae,"Tournefortia undulata"
Equisetopsida,Boraginales,Heliotropiaceae,"Tournefortia polystachya"
Equisetopsida,Asterales,Asteraceae,"Tagetes dianthiflora"
Equisetopsida,Lamiales,Lamiaceae,"Salvia cyanicalyx"
Equisetopsida,Caryophyllales,Amaranthaceae,"Gomphrena elegans"
Equisetopsida,Fabales,Polygalaceae,"Monnina vargasii"
Equisetopsida,Asterales,Campanulaceae,"Siphocampylus veteranus"
Equisetopsida,Gentianales,Gentianaceae,"Rhynchotheca spinosa"
Equisetopsida,Fabales,Fabaceae,"Lupinus ampaiensis"
Equisetopsida,Piperales,Piperaceae,"Piper paraisense"
Equisetopsida,Lamiales,Verbenaceae,"Lantana glutinosa var. glutinosa"
Equisetopsida,Malpighiales,Clusiaceae,"Clusia multiflora"
Equisetopsida,Cornales,Loasaceae,"Nasa limata"
Equisetopsida,Ericales,Primulaceae,"Myrsine weberbaueri"
Equisetopsida,Polypodiales,Aspleniaceae,"Asplenium squamosum"
Equisetopsida,Asterales,Campanulaceae,"Siphocampylus obovatus"
Equisetopsida,Cornales,Loasaceae,"Nasa vargasii"
Equisetopsida,Solanales,Solanaceae,"Salpichroa diffusa"
Equisetopsida,Ranunculales,Ranunculaceae,"Ranunculus pilosus"
Equisetopsida,Solanales,Solanaceae,"Solanum tomentosum"
Equisetopsida,Lamiales,Lamiaceae,"Minthostachys setosa"
Equisetopsida,Sapindales,Meliaceae,"Cedrela lilloi"
Equisetopsida,Piperales,Piperaceae,"Peperomia pellucida"
Equisetopsida,Fabales,Fabaceae,"Senna versicolor var. versicolor"
Equisetopsida,Lamiales,Verbenaceae,"Duranta rupestris"
Equisetopsida,Oxalidales,Oxalidaceae,"Oxalis picchensis"
Equisetopsida,Oxalidales,Oxalidaceae,"Oxalis apurimacensis"
Equisetopsida,Fabales,Fabaceae,"Lupinus tetracercophorus"
Equisetopsida,Caryophyllales,Nyctaginaceae,"Boerhavia prostrata"
Equisetopsida,Liliales,Alstroemeriaceae,"Bomarea ampayesana"
Equisetopsida,Asterales,Asteraceae,"Barnadesia pycnophylla"
Equisetopsida,Malpighiales,Hypericaceae,"Hypericum caespitosum"
Equisetopsida,Rosales,Rosaceae,"Prunus brittoniana"
Equisetopsida,Piperales,Piperaceae,"Piper acutifolium var. acutifolium"
Equisetopsida,Liliales,Alstroemeriaceae,"Bomarea sanguinea"
Equisetopsida,Solanales,Solanaceae,"Solanum hispidum var. cerrateae"
Equisetopsida,Myrtales,Melastomataceae,"Chaetogastra pleromoides"
Equisetopsida,Gentianales,Rubiaceae,"Randia rotundifolia"
Equisetopsida,Asterales,Asteraceae,"Dendrophorbium fortunatum"
Equisetopsida,Fabales,Fabaceae,"Neltuma chilensis"
Equisetopsida,Lamiales,Acanthaceae,"Avicennia germinans"
Equisetopsida,Lamiales,Martyniaceae,"Proboscidea althaeifolia"
Equisetopsida,Malpighiales,Rhizophoraceae,"Rhizophora harrisonii"
Equisetopsida,Malpighiales,Rhizophoraceae,"Rhizophora mangle"
Equisetopsida,Poales,Poaceae,"Leptochloa mucronata"
Equisetopsida,Poales,Poaceae,"Panicum molle"
Equisetopsida,Asterales,Asteraceae,"Cosmos caudatus"
Equisetopsida,Solanales,Convolvulaceae,"Cressa nudicaulis"
Equisetopsida,Fabales,Fabaceae,"Leucaena leucocephala"
Equisetopsida,Lamiales,Verbenaceae,"Lantana sprucei"
Equisetopsida,Solanales,Convolvulaceae,"Ipomoea pes-caprae"
Equisetopsida,Poales,Cyperaceae,"Cyperus elegans"
Equisetopsida,Poales,Poaceae,"Eragrostis amabilis"
Equisetopsida,Myrtales,Combretaceae,"Laguncularia racemosa"
Equisetopsida,Poales,Poaceae,"Sporobolus pyramidatus"
Equisetopsida,Poales,Poaceae,"Brachiaria fasciculata"
Equisetopsida,Poales,Poaceae,"Bouteloua disticha"
Equisetopsida,Poales,Cyperaceae,"Bolboschoenus maritimus"
Equisetopsida,Caryophyllales,Cactaceae,"Armatocereus cartwrightianus"
Equisetopsida,Caryophyllales,Cactaceae,"Armatocereus lateus"
Equisetopsida,Caryophyllales,Talinaceae,"Talinum fruticosum"
Equisetopsida,Poales,Poaceae,"Urochloa mollis"
Equisetopsida,Poales,Poaceae,"Urochloa fusca"
Equisetopsida,Malvales,Malvaceae,"Wercklea ferox"
Equisetopsida,Poales,Bromeliaceae,"Tillandsia polystachia"
Equisetopsida,Myrtales,Vochysiaceae,"Vochysia megalantha"
Equisetopsida,Sapindales,Burseraceae,"Tetragastris panamensis"
Equisetopsida,Brassicales,Tropaeolaceae,"Tropaeolum cuspidatum"
Equisetopsida,Lamiales,Bignoniaceae,"Fridericia oligantha"
Equisetopsida,Asterales,Asteraceae,"Bartlettina ehrenbergii"
Equisetopsida,Lamiales,Bignoniaceae,"Fridericia samydoides"
Equisetopsida,Cyatheales,Cyclanthaceae,"Cyclanthus bipartitus"
Equisetopsida,Lamiales,Bignoniaceae,"Fridericia triplinervia"
Equisetopsida,Gentianales,Rubiaceae,"Exostema corymbosum"
Equisetopsida,Polypodiales,Athyriaceae,"Diplazium lechleri"
Equisetopsida,Caryophyllales,Cactaceae,"Pseudorhipsalis amazonica"
Equisetopsida,Fabales,Fabaceae,"Mimosa pudica"
Equisetopsida,Fabales,Fabaceae,"Crotalaria micans"
Equisetopsida,Myrtales,Melastomataceae,"Maieta guianensis"
Equisetopsida,Solanales,Solanaceae,"Solanum lycopersicum"
Equisetopsida,Gentianales,Rubiaceae,"Psychotria brachiata"
Equisetopsida,Gentianales,Rubiaceae,"Psychotria ceronii"
Equisetopsida,Polypodiales,Dryopteridaceae,"Lastreopsis amplissima"
Equisetopsida,Gentianales,Rubiaceae,"Psychotria flaviflora"
Equisetopsida,Malpighiales,Caryocaraceae,"Caryocar amygdaliferum"
Equisetopsida,Sapindales,Rutaceae,"Dictyoloma peruvianum"
Equisetopsida,Gentianales,Rubiaceae,"Psychotria pilosa"
Equisetopsida,Polypodiales,Pteridaceae,"Cheilanthes poeppigiana"
Equisetopsida,Gentianales,Rubiaceae,"Palicourea ramiflora"
Equisetopsida,Poales,Bromeliaceae,"Pitcairnia paniculata"
Equisetopsida,Sapindales,Anacardiaceae,"Ochoterenaea colombiana"
Equisetopsida,Asterales,Asteraceae,"Chaptalia nutans"
Equisetopsida,Asterales,Asteraceae,"Liabum acuminatum"
Equisetopsida,Myrtales,Myrtaceae,"Myrcia tomentosa"
Equisetopsida,Boraginales,Boraginaceae,"Cordia nodosa"
Equisetopsida,Fabales,Fabaceae,"Acacia velutina"
Equisetopsida,Malpighiales,Malpighiaceae,"Mascagnia cordifolia"
Equisetopsida,Ericales,Ericaceae,"Psammisia guianensis"
Equisetopsida,Lycopodiales,Lycopodiaceae,"Lygodium venustum"
Equisetopsida,Fabales,Fabaceae,"Enterolobium cyclocarpum"
Equisetopsida,Rosales,Moraceae,"Ficus matiziana"
Equisetopsida,Lamiales,Gesneriaceae,"Gloxinia erinoides"
Equisetopsida,Lamiales,Gesneriaceae,"Gloxinia perennis"
Equisetopsida,Polypodiales,Thelypteridaceae,"Steiropteris decussata"
Equisetopsida,Aquifoliales,Aquifoliaceae,"Incarum pavonii"
Equisetopsida,Myrtales,Melastomataceae,"Clidemia dentata"
Equisetopsida,Myrtales,Melastomataceae,"Clidemia dimorphica"
Equisetopsida,Myrtales,Melastomataceae,"Clidemia heterophylla"
Equisetopsida,Malpighiales,Euphorbiaceae,"Manihot leptophylla"
Equisetopsida,Polypodiales,Aspleniaceae,"Asplenium formosum"
Equisetopsida,Brassicales,Capparaceae,"Capparidastrum petiolare"
Equisetopsida,Brassicales,Capparaceae,"Capparidastrum quinum"
Equisetopsida,Apiales,Araliaceae,"Schefflera morototoni"
Equisetopsida,Caryophyllales,Nyctaginaceae,"Reichenbachia paraguayensis"
Equisetopsida,Gentianales,Rubiaceae,"Joosia umbellifera"
Equisetopsida,Ericales,Ericaceae,"Macleania floribunda"
Equisetopsida,Fabales,Fabaceae,"Mucuna pruriens"
Equisetopsida,Rosales,Urticaceae,"Cecropia concolor"
Equisetopsida,Lamiales,Gesneriaceae,"Columellia oblonga subsp. oblonga"
Equisetopsida,Cucurbitales,Begoniaceae,"Begonia lophoptera"
Equisetopsida,Magnoliales,Annonaceae,"Cardiopetalum calophyllum"
Equisetopsida,Lamiales,Gesneriaceae,"Diastema maculatum"
Equisetopsida,Gentianales,Apocynaceae,"Mandevilla hirsuta"
Equisetopsida,Malvales,Malvaceae,"Melochia thymifolia"
Equisetopsida,Gentianales,Apocynaceae,"Peltastes peruvianus"
Equisetopsida,Gentianales,Apocynaceae,"Mandevilla callista"
Equisetopsida,Polypodiales,Pteridaceae,"Cuphea carthagenensis"
Equisetopsida,Malpighiales,Malpighiaceae,"Byrsonima spicata"
Equisetopsida,Gentianales,Rubiaceae,"Notopleura congesta"
Equisetopsida,Lamiales,Acanthaceae,"Ruellia angustiflora"
Equisetopsida,Zingiberales,Heliconiaceae,"Heliconia robusta"
Equisetopsida,Gentianales,Apocynaceae,"Forsteronia pubescens"
Equisetopsida,Lamiales,Verbenaceae,"Lantana chamissonis"
Equisetopsida,Malvales,Malvaceae,"Malvaviscus elegans"
Equisetopsida,Cyatheales,Cyatheaceae,"Cyathea uleana"
Equisetopsida,Polypodiales,Pteridaceae,"Adiantopsis chlorophylla"
Equisetopsida,Malvales,Malvaceae,"Nototriche pearcei"
Equisetopsida,Rosales,Rosaceae,"Polylepis pampabella"
Equisetopsida,Liliales,Alstroemeriaceae,"Bomarea cornigera"
Equisetopsida,Solanales,Solanaceae,"Solanum abutilifolium"
Equisetopsida,Solanales,Solanaceae,"Solandra boliviana"
Equisetopsida,Malpighiales,Passifloraceae,"Passiflora weigendii"
Equisetopsida,Solanales,Solanaceae,"Cestrum longiflorum"
Equisetopsida,Oxalidales,Oxalidaceae,"Oxalis mollissima"
Equisetopsida,Caryophyllales,Polygonaceae,"Triplaris gardneriana"
Equisetopsida,Myrtales,Vochysiaceae,"Vochysia mapirensis"
Equisetopsida,Asterales,Asteraceae,"Vernonanthura cordata"
Equisetopsida,Malvales,Malvaceae,"Triumfetta calycina"
Equisetopsida,Ericales,Pentaphylacaceae,"Ternstroemia killipiana"
Equisetopsida,Sapindales,Rutaceae,"Zanthoxylum culantrillo"
Equisetopsida,Gentianales,Rubiaceae,"Stilpnophyllum oellgaardii"
Equisetopsida,Polypodiales,Polypodiaceae,"Grammitis flabelliformis"
Equisetopsida,Malpighiales,Clusiaceae,"Clusia poeppigiana"
Equisetopsida,Myrtales,Melastomataceae,"Miconia caelata"
Equisetopsida,Ericales,Sapotaceae,"Sideroxylon obtusifolium"
Equisetopsida,Boraginales,Boraginaceae,"Moritzia lindenii"
Equisetopsida,Gentianales,Rubiaceae,"Ladenbergia heterophylla"
Equisetopsida,Myrtales,Myrtaceae,"Myrcia neooreophila"
Equisetopsida,Proteales,Sabiaceae,"Meliosma simiarum"
Equisetopsida,Selaginellales,Selaginellaceae,"Selaginella chrysoleuca"
Equisetopsida,Lycopodiales,Lycopodiaceae,"Huperzia rosenstockiana"
Equisetopsida,Lycopodiales,Lycopodiaceae,"Huperzia macbridei"
Equisetopsida,Selaginellales,Selaginellaceae,"Selaginella martensii"
Equisetopsida,Aquifoliales,Aquifoliaceae,"Ilex trachyphylla"
Equisetopsida,Lycopodiales,Lycopodiaceae,"Huperzia kuesteri"
Equisetopsida,Myrtales,Myrtaceae,"Myrcianthes fimbriata"
Equisetopsida,Laurales,Lauraceae,"Aiouea floccosa"
Equisetopsida,Malpighiales,Euphorbiaceae,"Hieronyma asperifolia"
Equisetopsida,Myrtales,Melastomataceae,"Axinaea oblongifolia"
Equisetopsida,Gentianales,Gentianaceae,"Macrocarpaea xerantifulva"
Equisetopsida,Asterales,Asteraceae,"Nordenstamia stellatopilosa"
Equisetopsida,Rosales,Rosaceae,"Eriobotrya japonica"
Equisetopsida,Solanales,Solanaceae,"Cestrum weberbaueri"
Equisetopsida,Aquifoliales,Aquifoliaceae,"Ilex jelskii"
Equisetopsida,Laurales,Lauraceae,"Nectandra sordida"
Equisetopsida,Piperales,Piperaceae,"Piper indiciflexum"
Equisetopsida,Lycopodiales,Lycopodiaceae,"Huperzia capellae"
Equisetopsida,Malvales,Malvaceae,"Luehea paniculata"
Equisetopsida,Myrtales,Melastomataceae,"Miconia dissimulans"
Equisetopsida,Asterales,Asteraceae,"Gymnanthemum amygdalinum"
Equisetopsida,Piperales,Piperaceae,"Piper pilosissimum"
Equisetopsida,Laurales,Lauraceae,"Nectandra olida"
Equisetopsida,Ericales,Actinidiaceae,"Saurauia pubescens"
Equisetopsida,Chloranthales,Chloranthaceae,"Hedyosmum huascari"
Equisetopsida,Piperales,Piperaceae,"Piper velutinum"
Equisetopsida,Fabales,Polygalaceae,"Monnina confusa"
Equisetopsida,Ericales,Ericaceae,"Sphyrospermum buesii"
Equisetopsida,Podocarpales,Podocarpaceae,"Podocarpus sprucei"
Equisetopsida,Myrtales,Melastomataceae,"Meriania acida"
Equisetopsida,Rosales,Rosaceae,"Rubus glabratus"
Equisetopsida,Gentianales,Rubiaceae,"Palicourea hospitalis"
Equisetopsida,Lamiales,Lentibulariaceae,"Pinguicula involuta"
Equisetopsida,Gentianales,Gentianaceae,"Gentianella chlorantha"
Equisetopsida,Piperales,Piperaceae,"Peperomia boekei"
Equisetopsida,Rosales,Urticaceae,"Pilea hydrocotyliflora"
Equisetopsida,Alismatales,Araceae,"Anthurium dillonii"
Equisetopsida,Ericales,Myrsinaceae,"Cybianthus incognitus"
Equisetopsida,Asterales,Campanulaceae,"Siphocampylus jelskii"
Equisetopsida,Lycopodiales,Lycopodiaceae,"Lycopodiella alopecuroides"
Equisetopsida,Lamiales,Cordiaceae,"Cordia saccellia"
Equisetopsida,Poales,Bromeliaceae,"Puya cajasensis"
Equisetopsida,Malvales,Malvaceae,"Ayenia peregrina"
Equisetopsida,Piperales,Piperaceae,"Peperomia connixa"
Equisetopsida,Poales,Bromeliaceae,"Deuterocohnia longipetala"
Equisetopsida,Asterales,Campanulaceae,"Lysipomia gracilis"
Equisetopsida,Podocarpales,Podocarpaceae,"Podocarpus oleifolius var. oleifolius"
Equisetopsida,Polypodiales,Dryopteridaceae,"Elaphoglossum mickeliorum"
Equisetopsida,Polypodiales,Pteridaceae,"Jamesonia imbricata var. glutinosa"
Equisetopsida,Alismatales,Araceae,"Anthurium barbourii"
Equisetopsida,Ericales,Primulaceae,"Myrsine dilloniana"
Equisetopsida,Polypodiales,Blechnaceae,"Blechnum auratum subsp. auratum"
Equisetopsida,Polypodiales,Dryopteridaceae,"Elaphoglossum pachyrrhizum"
Equisetopsida,Polypodiales,Blechnaceae,"Blechnum auratum subsp. columbiense"
Equisetopsida,Asterales,Asteraceae,"Mikania brachyphylla"
Equisetopsida,Malpighiales,Euphorbiaceae,"Croton adipatus"
Equisetopsida,Lamiales,Orobanchaceae,"Neobartsia trichophylla"
Equisetopsida,Asterales,Asteraceae,"Gynoxys colanensis"
Equisetopsida,Myrtales,Onagraceae,"Fuchsia llewelynii"
Equisetopsida,Oxalidales,Oxalidaceae,"Oxalis scandens"
Equisetopsida,Solanales,Solanaceae,"Solanum hutchisonii"
Equisetopsida,Ericales,Primulaceae,"Lysimachia andina"
Equisetopsida,Polypodiales,Pteridaceae,"Jamesonia aureonitens"
Equisetopsida,Solanales,Solanaceae,"Capsicum rhomboideum"
Equisetopsida,Asterales,Campanulaceae,"Centropogon granulosus subsp. lateriflorus"
Equisetopsida,Polypodiales,Blechnaceae,"Blechnum stipitellatum"
Equisetopsida,Malvales,Malvaceae,"Byttneria mollis"
Equisetopsida,Asterales,Asteraceae,"Chaptalia oblonga"
Equisetopsida,Polypodiales,Pteridaceae,"Hemionitis microphylla"
Equisetopsida,Oxalidales,Oxalidaceae,"Oxalis wurdackii"
Equisetopsida,Cornales,Loasaceae,"Nasa colanii"
Equisetopsida,Rosales,Rosaceae,"Alchemilla nivalis"
Equisetopsida,Lycopodiales,Lycopodiaceae,"Lycopodiella pendulina"
Equisetopsida,Gentianales,Apocynaceae,"Rauvolfia tetraphylla"
Equisetopsida,Lycopodiales,Lycopodiaceae,"Huperzia colanensis"
Equisetopsida,Alismatales,Araceae,"Anthurium oneillii"
Equisetopsida,Ranunculales,Ranunculaceae,"Ranunculus haemanthus"
Equisetopsida,Gentianales,Gentianaceae,"Halenia mathewsii"
Equisetopsida,Fabales,Fabaceae,"Caesalpinia cassioides"
Equisetopsida,Malvales,Malvaceae,"Hibiscus phoeniceus"
Equisetopsida,Poales,Poaceae,"Chusquea aristata"
Equisetopsida,Asterales,Asteraceae,"Monticalia barbourii"
Equisetopsida,Piperales,Piperaceae,"Peperomia talinifolia"
Equisetopsida,Caryophyllales,Achatocarpaceae,"Achatocarpus praecox"
Equisetopsida,Alismatales,Araceae,"Anthurium aronsonii"
Equisetopsida,Asterales,Asteraceae,"Paranephelius wurdackii"
Equisetopsida,Lamiales,Verbenaceae,"Aloysia virgata var. virgata"
Equisetopsida,Apiales,Araliaceae,"Hydrocotyle bonplandii"
Equisetopsida,Alismatales,Araceae,"Philodendron dillonii"
Equisetopsida,Alismatales,Araceae,"Anthurium grahamii"
Equisetopsida,Magnoliales,Magnoliaceae,"Magnolia elfina"
Equisetopsida,Lamiales,Verbenaceae,"Stachytarpheta mutabilis"
Equisetopsida,Asterales,Asteraceae,"Munnozia olearioides"
Equisetopsida,Rosales,Rosaceae,"Rubus rusbyi"
Equisetopsida,Poales,Bromeliaceae,"Pitcairnia peruana"
Equisetopsida,Myrtales,Melastomataceae,"Brachyotum maximowiczii"
Equisetopsida,Brassicales,Tropaeolaceae,"Tropaeolum bicolor"
Equisetopsida,Dipsacales,Caprifoliaceae,"Valeriana ledoides"
Equisetopsida,Ericales,Styracaceae,"Styrax nui"
Equisetopsida,Poales,Xyridaceae,"Xyris subulata var. subulata"
Equisetopsida,Gentianales,Gentianaceae,"Symbolanthus nebulosus"
Equisetopsida,Poales,Bromeliaceae,"Tillandsia stenoura"
Equisetopsida,Rosales,Moraceae,"Morus alba"
Equisetopsida,Asterales,Asteraceae,"Artemisia vulgaris"
Equisetopsida,Gentianales,Rubiaceae,"Dolichodelphys chlorocrater"
Equisetopsida,Lamiales,Acanthaceae,"Justicia manserichensis"
Equisetopsida,Gentianales,Rubiaceae,"Palicourea cenepensis"
Equisetopsida,Gentianales,Rubiaceae,"Palicourea jatun-sachensis"
Equisetopsida,Fabales,Fabaceae,"Senna macrophylla"
Equisetopsida,Piperales,Piperaceae,"Piper scutilimbum"
Equisetopsida,Malpighiales,Euphorbiaceae,"Mabea macbridei"
Equisetopsida,Oxalidales,Oxalidaceae,"Biophytum globuliferum"
Equisetopsida,Poales,Bromeliaceae,"Racinaea ropalocarpa"
Equisetopsida,Apiales,Araliaceae,"Dendropanax querceti"
Equisetopsida,Apiales,Araliaceae,"Dendropanax caucanus"
Equisetopsida,Polypodiales,Dryopteridaceae,"Bolbitis serrata"
Equisetopsida,Lamiales,Acanthaceae,"Sanchezia putumayensis"
Equisetopsida,Schizaeales,Lygodiaceae,"Lygodium radiatum"
Equisetopsida,Laurales,Siparunaceae,"Siparuna macrotepala"
Equisetopsida,Lamiales,Gesneriaceae,"Nomopyle dodsonii"
Equisetopsida,Marattiales,Marattiaceae,"Danaea trichomanoides"
Equisetopsida,Poales,Bromeliaceae,"Pitcairnia aphelandriflora"
Equisetopsida,Poales,Bromeliaceae,"Pitcairnia bakeri"
Equisetopsida,Gentianales,Rubiaceae,"Palicourea sphaerocephala"
Equisetopsida,Fabales,Fabaceae,"Browneopsis ucayalina"
Equisetopsida,Polypodiales,Dryopteridaceae,"Cyclodium trianae"
Equisetopsida,Lamiales,Gesneriaceae,"Nautilocalyx lynchii"
Equisetopsida,Lamiales,Gesneriaceae,"Nautilocalyx forgetii"
Equisetopsida,Fabales,Fabaceae,"Erythrina schimpffii"
Equisetopsida,Gentianales,Rubiaceae,"Rustia viridiflora"
Equisetopsida,Fabales,Fabaceae,"Cassia swartzioides"
Equisetopsida,Gentianales,Rubiaceae,"Palicourea wurdackii"
Equisetopsida,Gentianales,Rubiaceae,"Palicourea zevallosii"
Equisetopsida,Lamiales,Gesneriaceae,"Cremosperma ecuadoranum"
Equisetopsida,Gentianales,Rubiaceae,"Coussarea dulcifolia"
Equisetopsida,Poales,Bromeliaceae,"Guzmania jaramilloi"
Equisetopsida,Malvales,Malvaceae,"Gyranthera amphibiolepis"
Equisetopsida,Ericales,Ericaceae,"Psammisia sodiroi"
Equisetopsida,Vitales,Vitaceae,"Cissus flavifolia"
Equisetopsida,Ericales,Ericaceae,"Ceratostema lanigerum"
Equisetopsida,Asterales,Campanulaceae,"Centropogon tessmannii"
Equisetopsida,Poales,Bromeliaceae,"Aechmea poitaei"
Equisetopsida,Fabales,Fabaceae,"Clitoria pozuzoensis"
Equisetopsida,Poales,Bromeliaceae,"Aechmea rubiginosa"
Equisetopsida,Myrtales,Myrtaceae,"Myrcia graciliflora"
Equisetopsida,Lamiales,Gesneriaceae,"Columnea villosissima"
Equisetopsida,Lamiales,Acanthaceae,"Razisea ericae"
Equisetopsida,Rosales,Urticaceae,"Cecropia herthae"
Equisetopsida,Myrtales,Melastomataceae,"Monolaena primulaeflora"
Equisetopsida,Myrtales,Melastomataceae,"Tessmannianthus heterostemon"
Equisetopsida,Solanales,Solanaceae,"Trianaea naeka"
Equisetopsida,Fabales,Fabaceae,"Stryphnodendron porcatum"
Equisetopsida,Poales,Bromeliaceae,"Vriesea pleiosticha"
Equisetopsida,Hymenophyllales,Hymenophyllaceae,"Trichomanes trigonum"
Equisetopsida,Asterales,Asteraceae,Xenophyllum
Equisetopsida,Pottiales,Pottiaceae,Syntrichia
Equisetopsida,Pottiales,Pottiaceae,Rhexophyllum
Equisetopsida,Andreaeales,Andreaeaceae,Andreaea
Equisetopsida,Pottiales,Pottiaceae,Leptodontium
Equisetopsida,Pottiales,Pottiaceae,Gertrudiella
Equisetopsida,Malvales,Malvaceae,"Pavonia corymbosa"
Equisetopsida,Poales,Poaceae,"Imperata contracta"
Equisetopsida,Dipsacales,Viburnaceae,"Viburnum obtectum"
Equisetopsida,Fabales,Fabaceae,"Inga extra-nodis"
Equisetopsida,Fabales,Fabaceae,"Lupinus hornemannii"
Equisetopsida,Myrtales,Melastomataceae,"Huberia weberbaueriana"
Equisetopsida,Fabales,Fabaceae,"Senna pistaciifolia var. glabra"
Equisetopsida,Fabales,Fabaceae,"Senna lasseigniana"
Equisetopsida,Cucurbitales,Begoniaceae,"Begonia hitchcockii"
Equisetopsida,Gentianales,Rubiaceae,"Cinchona villosa"
Equisetopsida,Myrtales,Melastomataceae,"Brachyotum quinquenerve var. Pusillum"
Equisetopsida,Gentianales,Rubiaceae,"Hillia macrophylla"
Equisetopsida,Rosales,Moraceae,"Ficus trapezicola"
Equisetopsida,Solanales,Solanaceae,"Deprea auccana"
Equisetopsida,Rosales,Urticaceae,"Pourouma montana"
Equisetopsida,Solanales,Solanaceae,"Deprea bongaraensis"
Equisetopsida,Myrtales,Melastomataceae,"Miconia bipatrialis"
Equisetopsida,Solanales,Solanaceae,"Solanum dulcamara"
Equisetopsida,Solanales,Solanaceae,"Solanum filiforme"
Equisetopsida,Magnoliales,Magnoliaceae,"Magnolia manguillo"
Equisetopsida,Gentianales,Rubiaceae,"Manettia discolor"
Equisetopsida,Solanales,Solanaceae,"Solanum habrocaulon"
Equisetopsida,Solanales,Solanaceae,"Capsicum annuum"
Equisetopsida,Magnoliales,Magnoliaceae,"Magnolia sanchez-vegae"
Equisetopsida,Malpighiales,Euphorbiaceae,"Plukenetia huayllabambana"
Equisetopsida,Solanales,Solanaceae,"Solanum angustialatum"
Equisetopsida,Gentianales,Rubiaceae,"Cinchona glandulifera"
Equisetopsida,Laurales,Lauraceae,"Aiouea subsessilis"
Equisetopsida,Gentianales,Rubiaceae,"Psychotria fortuita"
Equisetopsida,Myrtales,Melastomataceae,"Huberia cogniauxii"
Equisetopsida,Fabales,Fabaceae,"Leptospron adenanthum"
Equisetopsida,Myrtales,Melastomataceae,"Huberia peruviana"
Equisetopsida,Asterales,Asteraceae,"Baccharis sagittalis"
Equisetopsida,Sapindales,Meliaceae,"Ruagea microphylla"
Equisetopsida,Myrtales,Myrtaceae,"Myrcianthes quinqueloba"
Equisetopsida,Lamiales,Verbenaceae,"Duranta penlandii"
Equisetopsida,Jungermanniineae,Stephaniellaceae,"Stephaniella paraphyllina"
Equisetopsida,Solanales,Solanaceae,"Solanum leptophyes"
,,,
